split_id,split_mode,repetition,config_id,policy,scheme,train_rows,train_circuit_configs,train_k_values,train_median_tvd,train_q75_tvd,train_q95_tvd,train_max_tvd,train_valid_rate_tvd_le_0p01,train_valid_rate_tvd_le_0p05,train_valid_rate_tvd_le_0p10,train_median_ssr,train_q25_ssr,train_median_parallel_ssr,train_median_total_shots,train_median_max_backend_shots,train_selection_risk_q95,train_selection_risk_max
stratified_size_rep000,stratified_size,0,b50_lb5_k10_eps0p001,aggregate_only_sync,confidence,300,60,5,0.0,0.0018617070329474106,0.004044077283642464,0.005389999999999976,1.0,1.0,1.0,0.0,0.0,0.0,44100.0,20000.0,0.004044077283642464,0.005389999999999976
stratified_size_rep000,stratified_size,0,b50_lb5_k10_eps0p001,aggregate_only_sync,shot_proportional,300,60,5,0.0,0.0018617070329474106,0.004044077283642464,0.005389999999999976,1.0,1.0,1.0,0.0,0.0,0.0,44100.0,20000.0,0.004044077283642464,0.005389999999999976
stratified_size_rep000,stratified_size,0,b50_lb5_k10_eps0p001,aggregate_only_sync,uniform,300,60,5,0.0,0.0018617070329474106,0.004044077283642464,0.005389999999999976,1.0,1.0,1.0,0.0,0.0,0.0,44100.0,20000.0,0.004044077283642464,0.005389999999999976
stratified_size_rep000,stratified_size,0,b50_lb5_k10_eps0p001,hierarchical_local_aggregate,confidence,300,60,5,0.0,0.001823905554315134,0.003955612818052376,0.005403331604294519,1.0,1.0,1.0,0.0,0.0,0.0,44100.0,20000.0,0.003955612818052376,0.005403331604294519
stratified_size_rep000,stratified_size,0,b50_lb5_k10_eps0p001,hierarchical_local_aggregate,shot_proportional,300,60,5,0.0,0.001874808436680582,0.004044077283642464,0.005389999999999976,1.0,1.0,1.0,0.0,0.0,0.0,44100.0,20000.0,0.004044077283642464,0.005389999999999976
stratified_size_rep000,stratified_size,0,b50_lb5_k10_eps0p001,hierarchical_local_aggregate,uniform,300,60,5,0.0,0.001874808436680582,0.004044077283642464,0.005389999999999976,1.0,1.0,1.0,0.0,0.0,0.0,44100.0,20000.0,0.004044077283642464,0.005389999999999976
stratified_size_rep000,stratified_size,0,b50_lb5_k10_eps0p001,local_only_offline_aggregate,confidence,300,60,5,0.0,0.0,0.002305586076975793,0.00422875816993464,1.0,1.0,1.0,0.0,0.0,0.0,60000.0,20000.0,0.002305586076975793,0.00422875816993464
stratified_size_rep000,stratified_size,0,b50_lb5_k10_eps0p001,local_only_offline_aggregate,shot_proportional,300,60,5,0.0,0.0,0.002190647986837017,0.00422875816993464,1.0,1.0,1.0,0.0,0.0,0.0,60000.0,20000.0,0.002190647986837017,0.00422875816993464
stratified_size_rep000,stratified_size,0,b50_lb5_k10_eps0p001,local_only_offline_aggregate,uniform,300,60,5,0.0,0.0,0.0021639743585318448,0.00422875816993464,1.0,1.0,1.0,0.0,0.0,0.0,60000.0,20000.0,0.0021639743585318448,0.00422875816993464
stratified_size_rep001,stratified_size,1,b50_lb5_k10_eps0p001,aggregate_only_sync,confidence,300,60,5,0.0,0.001574657639371116,0.0037928013954727953,0.005389999999999976,1.0,1.0,1.0,0.0,0.0,0.0,47212.5,20000.0,0.0037928013954727953,0.005389999999999976
stratified_size_rep001,stratified_size,1,b50_lb5_k10_eps0p001,aggregate_only_sync,shot_proportional,300,60,5,0.0,0.001574657639371116,0.0037928013954727953,0.005389999999999976,1.0,1.0,1.0,0.0,0.0,0.0,47212.5,20000.0,0.0037928013954727953,0.005389999999999976
stratified_size_rep001,stratified_size,1,b50_lb5_k10_eps0p001,aggregate_only_sync,uniform,300,60,5,0.0,0.001574657639371116,0.0037928013954727953,0.005389999999999976,1.0,1.0,1.0,0.0,0.0,0.0,47212.5,20000.0,0.0037928013954727953,0.005389999999999976
stratified_size_rep001,stratified_size,1,b50_lb5_k10_eps0p001,hierarchical_local_aggregate,confidence,300,60,5,0.0,0.0012819792839448886,0.0037434835510253926,0.005403331604294519,1.0,1.0,1.0,0.0,0.0,0.0,47212.5,20000.0,0.0037434835510253926,0.005403331604294519
stratified_size_rep001,stratified_size,1,b50_lb5_k10_eps0p001,hierarchical_local_aggregate,shot_proportional,300,60,5,0.0,0.001574657639371116,0.0037928013954727953,0.005389999999999976,1.0,1.0,1.0,0.0,0.0,0.0,47212.5,20000.0,0.0037928013954727953,0.005389999999999976
stratified_size_rep001,stratified_size,1,b50_lb5_k10_eps0p001,hierarchical_local_aggregate,uniform,300,60,5,0.0,0.001574657639371116,0.0037928013954727953,0.005389999999999976,1.0,1.0,1.0,0.0,0.0,0.0,47212.5,20000.0,0.0037928013954727953,0.005389999999999976
stratified_size_rep001,stratified_size,1,b50_lb5_k10_eps0p001,local_only_offline_aggregate,confidence,300,60,5,0.0,0.0,0.0023205883088885156,0.00422875816993464,1.0,1.0,1.0,0.0,0.0,0.0,60000.0,20000.0,0.0023205883088885156,0.00422875816993464
stratified_size_rep001,stratified_size,1,b50_lb5_k10_eps0p001,local_only_offline_aggregate,shot_proportional,300,60,5,0.0,0.0,0.0022514386747703556,0.00422875816993464,1.0,1.0,1.0,0.0,0.0,0.0,60000.0,20000.0,0.0022514386747703556,0.00422875816993464
stratified_size_rep001,stratified_size,1,b50_lb5_k10_eps0p001,local_only_offline_aggregate,uniform,300,60,5,0.0,0.0,0.0024354572612638975,0.00422875816993464,1.0,1.0,1.0,0.0,0.0,0.0,60000.0,20000.0,0.0024354572612638975,0.00422875816993464
stratified_size_rep002,stratified_size,2,b50_lb5_k10_eps0p001,aggregate_only_sync,confidence,300,60,5,0.0,0.002129708161082546,0.00405278679454678,0.005389999999999976,1.0,1.0,1.0,0.0,0.0,0.0,47025.0,20000.0,0.00405278679454678,0.005389999999999976
stratified_size_rep002,stratified_size,2,b50_lb5_k10_eps0p001,aggregate_only_sync,shot_proportional,300,60,5,0.0,0.002129708161082546,0.00405278679454678,0.005389999999999976,1.0,1.0,1.0,0.0,0.0,0.0,47025.0,20000.0,0.00405278679454678,0.005389999999999976
stratified_size_rep002,stratified_size,2,b50_lb5_k10_eps0p001,aggregate_only_sync,uniform,300,60,5,0.0,0.002129708161082546,0.00405278679454678,0.005389999999999976,1.0,1.0,1.0,0.0,0.0,0.0,47025.0,20000.0,0.00405278679454678,0.005389999999999976
stratified_size_rep002,stratified_size,2,b50_lb5_k10_eps0p001,hierarchical_local_aggregate,confidence,300,60,5,0.0,0.0020980773733247308,0.004006972464794505,0.005403331604294519,1.0,1.0,1.0,0.0,0.0,0.0,47025.0,20000.0,0.004006972464794505,0.005403331604294519
stratified_size_rep002,stratified_size,2,b50_lb5_k10_eps0p001,hierarchical_local_aggregate,shot_proportional,300,60,5,0.0,0.002143544386953499,0.00405278679454678,0.005389999999999976,1.0,1.0,1.0,0.0,0.0,0.0,47025.0,20000.0,0.00405278679454678,0.005389999999999976
stratified_size_rep002,stratified_size,2,b50_lb5_k10_eps0p001,hierarchical_local_aggregate,uniform,300,60,5,0.0,0.002139433342293678,0.00405278679454678,0.005389999999999976,1.0,1.0,1.0,0.0,0.0,0.0,47025.0,20000.0,0.00405278679454678,0.005389999999999976
stratified_size_rep002,stratified_size,2,b50_lb5_k10_eps0p001,local_only_offline_aggregate,confidence,300,60,5,0.0,0.0,0.002183742691779764,0.00422875816993464,1.0,1.0,1.0,0.0,0.0,0.0,60000.0,20000.0,0.002183742691779764,0.00422875816993464
stratified_size_rep002,stratified_size,2,b50_lb5_k10_eps0p001,local_only_offline_aggregate,shot_proportional,300,60,5,0.0,0.0,0.0018774240464346737,0.00422875816993464,1.0,1.0,1.0,0.0,0.0,0.0,60000.0,20000.0,0.0018774240464346737,0.00422875816993464
stratified_size_rep002,stratified_size,2,b50_lb5_k10_eps0p001,local_only_offline_aggregate,uniform,300,60,5,0.0,0.0,0.00206876227876418,0.00422875816993464,1.0,1.0,1.0,0.0,0.0,0.0,60000.0,20000.0,0.00206876227876418,0.00422875816993464
stratified_size_rep003,stratified_size,3,b50_lb5_k10_eps0p001,aggregate_only_sync,confidence,300,60,5,0.0,0.0022369806095637094,0.00405278679454678,0.005389999999999976,1.0,1.0,1.0,0.0,0.0,0.0,47025.0,20000.0,0.00405278679454678,0.005389999999999976
stratified_size_rep003,stratified_size,3,b50_lb5_k10_eps0p001,aggregate_only_sync,shot_proportional,300,60,5,0.0,0.0022369806095637094,0.00405278679454678,0.005389999999999976,1.0,1.0,1.0,0.0,0.0,0.0,47025.0,20000.0,0.00405278679454678,0.005389999999999976
stratified_size_rep003,stratified_size,3,b50_lb5_k10_eps0p001,aggregate_only_sync,uniform,300,60,5,0.0,0.0022369806095637094,0.00405278679454678,0.005389999999999976,1.0,1.0,1.0,0.0,0.0,0.0,47025.0,20000.0,0.00405278679454678,0.005389999999999976
stratified_size_rep003,stratified_size,3,b50_lb5_k10_eps0p001,hierarchical_local_aggregate,confidence,300,60,5,0.0,0.002182872856721907,0.004006972464794505,0.005403331604294519,1.0,1.0,1.0,0.0,0.0,0.0,47025.0,20000.0,0.004006972464794505,0.005403331604294519
stratified_size_rep003,stratified_size,3,b50_lb5_k10_eps0p001,hierarchical_local_aggregate,shot_proportional,300,60,5,0.0,0.002238180321639399,0.00405278679454678,0.005389999999999976,1.0,1.0,1.0,0.0,0.0,0.0,47025.0,20000.0,0.00405278679454678,0.005389999999999976
stratified_size_rep003,stratified_size,3,b50_lb5_k10_eps0p001,hierarchical_local_aggregate,uniform,300,60,5,0.0,0.0022362512605597824,0.00405278679454678,0.005389999999999976,1.0,1.0,1.0,0.0,0.0,0.0,47025.0,20000.0,0.00405278679454678,0.005389999999999976
stratified_size_rep003,stratified_size,3,b50_lb5_k10_eps0p001,local_only_offline_aggregate,confidence,300,60,5,0.0,0.0,0.0023205883088885156,0.00422875816993464,1.0,1.0,1.0,0.0,0.0,0.0,60000.0,20000.0,0.0023205883088885156,0.00422875816993464
stratified_size_rep003,stratified_size,3,b50_lb5_k10_eps0p001,local_only_offline_aggregate,shot_proportional,300,60,5,0.0,0.0,0.002190647986837017,0.00422875816993464,1.0,1.0,1.0,0.0,0.0,0.0,60000.0,20000.0,0.002190647986837017,0.00422875816993464
stratified_size_rep003,stratified_size,3,b50_lb5_k10_eps0p001,local_only_offline_aggregate,uniform,300,60,5,0.0,0.0,0.0022117463194730813,0.00422875816993464,1.0,1.0,1.0,0.0,0.0,0.0,60000.0,20000.0,0.0022117463194730813,0.00422875816993464
stratified_size_rep004,stratified_size,4,b50_lb5_k10_eps0p001,aggregate_only_sync,confidence,300,60,5,0.0,0.0,0.00401727137529408,0.005389999999999976,1.0,1.0,1.0,0.0,0.0,0.0,51875.0,20000.0,0.00401727137529408,0.005389999999999976
stratified_size_rep004,stratified_size,4,b50_lb5_k10_eps0p001,aggregate_only_sync,shot_proportional,300,60,5,0.0,0.0,0.00401727137529408,0.005389999999999976,1.0,1.0,1.0,0.0,0.0,0.0,51875.0,20000.0,0.00401727137529408,0.005389999999999976
stratified_size_rep004,stratified_size,4,b50_lb5_k10_eps0p001,aggregate_only_sync,uniform,300,60,5,0.0,0.0,0.00401727137529408,0.005389999999999976,1.0,1.0,1.0,0.0,0.0,0.0,51875.0,20000.0,0.00401727137529408,0.005389999999999976
stratified_size_rep004,stratified_size,4,b50_lb5_k10_eps0p001,hierarchical_local_aggregate,confidence,300,60,5,0.0,0.0,0.003880629257878555,0.005403331604294519,1.0,1.0,1.0,0.0,0.0,0.0,51875.0,20000.0,0.003880629257878555,0.005403331604294519
stratified_size_rep004,stratified_size,4,b50_lb5_k10_eps0p001,hierarchical_local_aggregate,shot_proportional,300,60,5,0.0,0.0,0.00401727137529408,0.005389999999999976,1.0,1.0,1.0,0.0,0.0,0.0,51875.0,20000.0,0.00401727137529408,0.005389999999999976
stratified_size_rep004,stratified_size,4,b50_lb5_k10_eps0p001,hierarchical_local_aggregate,uniform,300,60,5,0.0,0.0,0.00401727137529408,0.005389999999999976,1.0,1.0,1.0,0.0,0.0,0.0,51875.0,20000.0,0.00401727137529408,0.005389999999999976
stratified_size_rep004,stratified_size,4,b50_lb5_k10_eps0p001,local_only_offline_aggregate,confidence,300,60,5,0.0,0.0,0.001988501939490156,0.0038766839378238586,1.0,1.0,1.0,0.0,0.0,0.0,60000.0,20000.0,0.001988501939490156,0.0038766839378238586
stratified_size_rep004,stratified_size,4,b50_lb5_k10_eps0p001,local_only_offline_aggregate,shot_proportional,300,60,5,0.0,0.0,0.001821394601850539,0.0038766839378238586,1.0,1.0,1.0,0.0,0.0,0.0,60000.0,20000.0,0.001821394601850539,0.0038766839378238586
stratified_size_rep004,stratified_size,4,b50_lb5_k10_eps0p001,local_only_offline_aggregate,uniform,300,60,5,0.0,0.0,0.001969743438567363,0.0038766839378238586,1.0,1.0,1.0,0.0,0.0,0.0,60000.0,20000.0,0.001969743438567363,0.0038766839378238586
stratified_size_rep005,stratified_size,5,b50_lb5_k10_eps0p001,aggregate_only_sync,confidence,300,60,5,0.0,0.00218541797684487,0.004134325276405565,0.005389999999999976,1.0,1.0,1.0,0.0,0.0,0.0,47025.0,20000.0,0.004134325276405565,0.005389999999999976
stratified_size_rep005,stratified_size,5,b50_lb5_k10_eps0p001,aggregate_only_sync,shot_proportional,300,60,5,0.0,0.00218541797684487,0.004134325276405565,0.005389999999999976,1.0,1.0,1.0,0.0,0.0,0.0,47025.0,20000.0,0.004134325276405565,0.005389999999999976
stratified_size_rep005,stratified_size,5,b50_lb5_k10_eps0p001,aggregate_only_sync,uniform,300,60,5,0.0,0.00218541797684487,0.004134325276405565,0.005389999999999976,1.0,1.0,1.0,0.0,0.0,0.0,47025.0,20000.0,0.004134325276405565,0.005389999999999976
stratified_size_rep005,stratified_size,5,b50_lb5_k10_eps0p001,hierarchical_local_aggregate,confidence,300,60,5,0.0,0.0020980773733247308,0.004090841117113425,0.005403331604294519,1.0,1.0,1.0,0.0,0.0,0.0,47025.0,20000.0,0.004090841117113425,0.005403331604294519
stratified_size_rep005,stratified_size,5,b50_lb5_k10_eps0p001,hierarchical_local_aggregate,shot_proportional,300,60,5,0.0,0.00218541797684487,0.004134325276405565,0.005389999999999976,1.0,1.0,1.0,0.0,0.0,0.0,47025.0,20000.0,0.004134325276405565,0.005389999999999976
stratified_size_rep005,stratified_size,5,b50_lb5_k10_eps0p001,hierarchical_local_aggregate,uniform,300,60,5,0.0,0.002185164712057493,0.004134325276405565,0.005389999999999976,1.0,1.0,1.0,0.0,0.0,0.0,47025.0,20000.0,0.004134325276405565,0.005389999999999976
stratified_size_rep005,stratified_size,5,b50_lb5_k10_eps0p001,local_only_offline_aggregate,confidence,300,60,5,0.0,0.0,0.002305586076975793,0.00422875816993464,1.0,1.0,1.0,0.0,0.0,0.0,60000.0,20000.0,0.002305586076975793,0.00422875816993464
stratified_size_rep005,stratified_size,5,b50_lb5_k10_eps0p001,local_only_offline_aggregate,shot_proportional,300,60,5,0.0,0.0,0.0019801996553321143,0.00422875816993464,1.0,1.0,1.0,0.0,0.0,0.0,60000.0,20000.0,0.0019801996553321143,0.00422875816993464
stratified_size_rep005,stratified_size,5,b50_lb5_k10_eps0p001,local_only_offline_aggregate,uniform,300,60,5,0.0,0.0,0.0021522280390587315,0.00422875816993464,1.0,1.0,1.0,0.0,0.0,0.0,60000.0,20000.0,0.0021522280390587315,0.00422875816993464
stratified_size_rep006,stratified_size,6,b50_lb5_k10_eps0p001,aggregate_only_sync,confidence,300,60,5,0.0,0.002300042289346193,0.00401727137529408,0.005389999999999976,1.0,1.0,1.0,0.0,0.0,0.0,42587.5,20000.0,0.00401727137529408,0.005389999999999976
stratified_size_rep006,stratified_size,6,b50_lb5_k10_eps0p001,aggregate_only_sync,shot_proportional,300,60,5,0.0,0.002300042289346193,0.00401727137529408,0.005389999999999976,1.0,1.0,1.0,0.0,0.0,0.0,42587.5,20000.0,0.00401727137529408,0.005389999999999976
stratified_size_rep006,stratified_size,6,b50_lb5_k10_eps0p001,aggregate_only_sync,uniform,300,60,5,0.0,0.002300042289346193,0.00401727137529408,0.005389999999999976,1.0,1.0,1.0,0.0,0.0,0.0,42587.5,20000.0,0.00401727137529408,0.005389999999999976
stratified_size_rep006,stratified_size,6,b50_lb5_k10_eps0p001,hierarchical_local_aggregate,confidence,300,60,5,0.0,0.0022126484490996422,0.003880629257878555,0.005403331604294519,1.0,1.0,1.0,0.0,0.0,0.0,42475.0,20000.0,0.003880629257878555,0.005403331604294519
stratified_size_rep006,stratified_size,6,b50_lb5_k10_eps0p001,hierarchical_local_aggregate,shot_proportional,300,60,5,0.0,0.0023257554945055052,0.00401727137529408,0.005389999999999976,1.0,1.0,1.0,0.0,0.0,0.0,42475.0,20000.0,0.00401727137529408,0.005389999999999976
stratified_size_rep006,stratified_size,6,b50_lb5_k10_eps0p001,hierarchical_local_aggregate,uniform,300,60,5,0.0,0.0022978542423344114,0.00401727137529408,0.005389999999999976,1.0,1.0,1.0,0.0,0.0,0.0,42475.0,20000.0,0.00401727137529408,0.005389999999999976
stratified_size_rep006,stratified_size,6,b50_lb5_k10_eps0p001,local_only_offline_aggregate,confidence,300,60,5,0.0,0.0,0.00234247673442788,0.00422875816993464,1.0,1.0,1.0,0.0,0.0,0.0,60000.0,20000.0,0.00234247673442788,0.00422875816993464
stratified_size_rep006,stratified_size,6,b50_lb5_k10_eps0p001,local_only_offline_aggregate,shot_proportional,300,60,5,0.0,0.0,0.0022514386747703556,0.00422875816993464,1.0,1.0,1.0,0.0,0.0,0.0,60000.0,20000.0,0.0022514386747703556,0.00422875816993464
stratified_size_rep006,stratified_size,6,b50_lb5_k10_eps0p001,local_only_offline_aggregate,uniform,300,60,5,0.0,0.0,0.0024354572612638975,0.00422875816993464,1.0,1.0,1.0,0.0,0.0,0.0,60000.0,20000.0,0.0024354572612638975,0.00422875816993464
stratified_size_rep007,stratified_size,7,b50_lb5_k10_eps0p001,aggregate_only_sync,confidence,300,60,5,0.0,0.0022003983309894976,0.004044077283642464,0.005389999999999976,1.0,1.0,1.0,0.0,0.0,0.0,45712.5,20000.0,0.004044077283642464,0.005389999999999976
stratified_size_rep007,stratified_size,7,b50_lb5_k10_eps0p001,aggregate_only_sync,shot_proportional,300,60,5,0.0,0.0022003983309894976,0.004044077283642464,0.005389999999999976,1.0,1.0,1.0,0.0,0.0,0.0,45712.5,20000.0,0.004044077283642464,0.005389999999999976
stratified_size_rep007,stratified_size,7,b50_lb5_k10_eps0p001,aggregate_only_sync,uniform,300,60,5,0.0,0.0022003983309894976,0.004044077283642464,0.005389999999999976,1.0,1.0,1.0,0.0,0.0,0.0,45712.5,20000.0,0.004044077283642464,0.005389999999999976
stratified_size_rep007,stratified_size,7,b50_lb5_k10_eps0p001,hierarchical_local_aggregate,confidence,300,60,5,0.0,0.0021823293699766762,0.003955612818052376,0.005403331604294519,1.0,1.0,1.0,0.0,0.0,0.0,45712.5,20000.0,0.003955612818052376,0.005403331604294519
stratified_size_rep007,stratified_size,7,b50_lb5_k10_eps0p001,hierarchical_local_aggregate,shot_proportional,300,60,5,0.0,0.0022003983309894976,0.004044077283642464,0.005389999999999976,1.0,1.0,1.0,0.0,0.0,0.0,45712.5,20000.0,0.004044077283642464,0.005389999999999976
stratified_size_rep007,stratified_size,7,b50_lb5_k10_eps0p001,hierarchical_local_aggregate,uniform,300,60,5,0.0,0.002190311634209312,0.004044077283642464,0.005389999999999976,1.0,1.0,1.0,0.0,0.0,0.0,45712.5,20000.0,0.004044077283642464,0.005389999999999976
stratified_size_rep007,stratified_size,7,b50_lb5_k10_eps0p001,local_only_offline_aggregate,confidence,300,60,5,0.0,0.0,0.0023205883088885156,0.00422875816993464,1.0,1.0,1.0,0.0,0.0,0.0,60000.0,20000.0,0.0023205883088885156,0.00422875816993464
stratified_size_rep007,stratified_size,7,b50_lb5_k10_eps0p001,local_only_offline_aggregate,shot_proportional,300,60,5,0.0,0.0,0.002190647986837017,0.00422875816993464,1.0,1.0,1.0,0.0,0.0,0.0,60000.0,20000.0,0.002190647986837017,0.00422875816993464
stratified_size_rep007,stratified_size,7,b50_lb5_k10_eps0p001,local_only_offline_aggregate,uniform,300,60,5,0.0,0.0,0.0022117463194730813,0.00422875816993464,1.0,1.0,1.0,0.0,0.0,0.0,60000.0,20000.0,0.0022117463194730813,0.00422875816993464
stratified_size_rep008,stratified_size,8,b50_lb5_k10_eps0p001,aggregate_only_sync,confidence,300,60,5,0.0,0.0022053671172845,0.004044077283642464,0.005389999999999976,1.0,1.0,1.0,0.0,0.0,0.0,45712.5,20000.0,0.004044077283642464,0.005389999999999976
stratified_size_rep008,stratified_size,8,b50_lb5_k10_eps0p001,aggregate_only_sync,shot_proportional,300,60,5,0.0,0.0022053671172845,0.004044077283642464,0.005389999999999976,1.0,1.0,1.0,0.0,0.0,0.0,45712.5,20000.0,0.004044077283642464,0.005389999999999976
stratified_size_rep008,stratified_size,8,b50_lb5_k10_eps0p001,aggregate_only_sync,uniform,300,60,5,0.0,0.0022053671172845,0.004044077283642464,0.005389999999999976,1.0,1.0,1.0,0.0,0.0,0.0,45712.5,20000.0,0.004044077283642464,0.005389999999999976
stratified_size_rep008,stratified_size,8,b50_lb5_k10_eps0p001,hierarchical_local_aggregate,confidence,300,60,5,0.0,0.002180943052102926,0.003958370119365367,0.005403331604294519,1.0,1.0,1.0,0.0,0.0,0.0,45712.5,20000.0,0.003958370119365367,0.005403331604294519
stratified_size_rep008,stratified_size,8,b50_lb5_k10_eps0p001,hierarchical_local_aggregate,shot_proportional,300,60,5,0.0,0.0022053671172845,0.004044077283642464,0.005389999999999976,1.0,1.0,1.0,0.0,0.0,0.0,45712.5,20000.0,0.004044077283642464,0.005389999999999976
stratified_size_rep008,stratified_size,8,b50_lb5_k10_eps0p001,hierarchical_local_aggregate,uniform,300,60,5,0.0,0.0021927276906697772,0.004044077283642464,0.005389999999999976,1.0,1.0,1.0,0.0,0.0,0.0,45712.5,20000.0,0.004044077283642464,0.005389999999999976
stratified_size_rep008,stratified_size,8,b50_lb5_k10_eps0p001,local_only_offline_aggregate,confidence,300,60,5,0.0,0.0,0.00234247673442788,0.00422875816993464,1.0,1.0,1.0,0.0,0.0,0.0,60000.0,20000.0,0.00234247673442788,0.00422875816993464
stratified_size_rep008,stratified_size,8,b50_lb5_k10_eps0p001,local_only_offline_aggregate,shot_proportional,300,60,5,0.0,0.0,0.0022514386747703556,0.00422875816993464,1.0,1.0,1.0,0.0,0.0,0.0,60000.0,20000.0,0.0022514386747703556,0.00422875816993464
stratified_size_rep008,stratified_size,8,b50_lb5_k10_eps0p001,local_only_offline_aggregate,uniform,300,60,5,0.0,0.0,0.0024354572612638975,0.00422875816993464,1.0,1.0,1.0,0.0,0.0,0.0,60000.0,20000.0,0.0024354572612638975,0.00422875816993464
stratified_size_rep009,stratified_size,9,b50_lb5_k10_eps0p001,aggregate_only_sync,confidence,300,60,5,0.0,0.0017145962302781831,0.0039546961925454845,0.005389999999999976,1.0,1.0,1.0,0.0,0.0,0.0,50250.0,20000.0,0.0039546961925454845,0.005389999999999976
stratified_size_rep009,stratified_size,9,b50_lb5_k10_eps0p001,aggregate_only_sync,shot_proportional,300,60,5,0.0,0.0017145962302781831,0.0039546961925454845,0.005389999999999976,1.0,1.0,1.0,0.0,0.0,0.0,50250.0,20000.0,0.0039546961925454845,0.005389999999999976
stratified_size_rep009,stratified_size,9,b50_lb5_k10_eps0p001,aggregate_only_sync,uniform,300,60,5,0.0,0.0017145962302781831,0.0039546961925454845,0.005389999999999976,1.0,1.0,1.0,0.0,0.0,0.0,50250.0,20000.0,0.0039546961925454845,0.005389999999999976
stratified_size_rep009,stratified_size,9,b50_lb5_k10_eps0p001,hierarchical_local_aggregate,confidence,300,60,5,0.0,0.001642544024911597,0.003842741846885208,0.005403331604294519,1.0,1.0,1.0,0.0,0.0,0.0,50250.0,20000.0,0.003842741846885208,0.005403331604294519
stratified_size_rep009,stratified_size,9,b50_lb5_k10_eps0p001,hierarchical_local_aggregate,shot_proportional,300,60,5,0.0,0.0017145962302781831,0.0039546961925454845,0.005389999999999976,1.0,1.0,1.0,0.0,0.0,0.0,50250.0,20000.0,0.0039546961925454845,0.005389999999999976
stratified_size_rep009,stratified_size,9,b50_lb5_k10_eps0p001,hierarchical_local_aggregate,uniform,300,60,5,0.0,0.0017145962302781831,0.0039546961925454845,0.005389999999999976,1.0,1.0,1.0,0.0,0.0,0.0,50250.0,20000.0,0.0039546961925454845,0.005389999999999976
stratified_size_rep009,stratified_size,9,b50_lb5_k10_eps0p001,local_only_offline_aggregate,confidence,300,60,5,0.0,0.0,0.001988501939490156,0.0038766839378238586,1.0,1.0,1.0,0.0,0.0,0.0,60000.0,20000.0,0.001988501939490156,0.0038766839378238586
stratified_size_rep009,stratified_size,9,b50_lb5_k10_eps0p001,local_only_offline_aggregate,shot_proportional,300,60,5,0.0,0.0,0.001821394601850539,0.0038766839378238586,1.0,1.0,1.0,0.0,0.0,0.0,60000.0,20000.0,0.001821394601850539,0.0038766839378238586
stratified_size_rep009,stratified_size,9,b50_lb5_k10_eps0p001,local_only_offline_aggregate,uniform,300,60,5,0.0,0.0,0.001969743438567363,0.0038766839378238586,1.0,1.0,1.0,0.0,0.0,0.0,60000.0,20000.0,0.001969743438567363,0.0038766839378238586
stratified_size_rep010,stratified_size,10,b50_lb5_k10_eps0p001,aggregate_only_sync,confidence,300,60,5,0.0,0.0021927276906697772,0.004134325276405565,0.005389999999999976,1.0,1.0,1.0,0.0,0.0,0.0,47025.0,20000.0,0.004134325276405565,0.005389999999999976
stratified_size_rep010,stratified_size,10,b50_lb5_k10_eps0p001,aggregate_only_sync,shot_proportional,300,60,5,0.0,0.0021927276906697772,0.004134325276405565,0.005389999999999976,1.0,1.0,1.0,0.0,0.0,0.0,47025.0,20000.0,0.004134325276405565,0.005389999999999976
stratified_size_rep010,stratified_size,10,b50_lb5_k10_eps0p001,aggregate_only_sync,uniform,300,60,5,0.0,0.0021927276906697772,0.004134325276405565,0.005389999999999976,1.0,1.0,1.0,0.0,0.0,0.0,47025.0,20000.0,0.004134325276405565,0.005389999999999976
stratified_size_rep010,stratified_size,10,b50_lb5_k10_eps0p001,hierarchical_local_aggregate,confidence,300,60,5,0.0,0.0021322193931506903,0.004090841117113425,0.005403331604294519,1.0,1.0,1.0,0.0,0.0,0.0,47025.0,20000.0,0.004090841117113425,0.005403331604294519
stratified_size_rep010,stratified_size,10,b50_lb5_k10_eps0p001,hierarchical_local_aggregate,shot_proportional,300,60,5,0.0,0.0021927276906697772,0.004134325276405565,0.005389999999999976,1.0,1.0,1.0,0.0,0.0,0.0,47025.0,20000.0,0.004134325276405565,0.005389999999999976
stratified_size_rep010,stratified_size,10,b50_lb5_k10_eps0p001,hierarchical_local_aggregate,uniform,300,60,5,0.0,0.002190311634209312,0.004134325276405565,0.005389999999999976,1.0,1.0,1.0,0.0,0.0,0.0,47025.0,20000.0,0.004134325276405565,0.005389999999999976
stratified_size_rep010,stratified_size,10,b50_lb5_k10_eps0p001,local_only_offline_aggregate,confidence,300,60,5,0.0,0.0,0.002183742691779764,0.00422875816993464,1.0,1.0,1.0,0.0,0.0,0.0,60000.0,20000.0,0.002183742691779764,0.00422875816993464
stratified_size_rep010,stratified_size,10,b50_lb5_k10_eps0p001,local_only_offline_aggregate,shot_proportional,300,60,5,0.0,0.0,0.0020324489052615117,0.00422875816993464,1.0,1.0,1.0,0.0,0.0,0.0,60000.0,20000.0,0.0020324489052615117,0.00422875816993464
stratified_size_rep010,stratified_size,10,b50_lb5_k10_eps0p001,local_only_offline_aggregate,uniform,300,60,5,0.0,0.0,0.0021349974312251264,0.00422875816993464,1.0,1.0,1.0,0.0,0.0,0.0,60000.0,20000.0,0.0021349974312251264,0.00422875816993464
stratified_size_rep011,stratified_size,11,b50_lb5_k10_eps0p001,aggregate_only_sync,confidence,300,60,5,0.0,0.002213968688604548,0.004134325276405565,0.005389999999999976,1.0,1.0,1.0,0.0,0.0,0.0,47025.0,20000.0,0.004134325276405565,0.005389999999999976
stratified_size_rep011,stratified_size,11,b50_lb5_k10_eps0p001,aggregate_only_sync,shot_proportional,300,60,5,0.0,0.002213968688604548,0.004134325276405565,0.005389999999999976,1.0,1.0,1.0,0.0,0.0,0.0,47025.0,20000.0,0.004134325276405565,0.005389999999999976
stratified_size_rep011,stratified_size,11,b50_lb5_k10_eps0p001,aggregate_only_sync,uniform,300,60,5,0.0,0.002213968688604548,0.004134325276405565,0.005389999999999976,1.0,1.0,1.0,0.0,0.0,0.0,47025.0,20000.0,0.004134325276405565,0.005389999999999976
stratified_size_rep011,stratified_size,11,b50_lb5_k10_eps0p001,hierarchical_local_aggregate,confidence,300,60,5,0.0,0.0021324005553991004,0.004090841117113425,0.005403331604294519,1.0,1.0,1.0,0.0,0.0,0.0,47025.0,20000.0,0.004090841117113425,0.005403331604294519
stratified_size_rep011,stratified_size,11,b50_lb5_k10_eps0p001,hierarchical_local_aggregate,shot_proportional,300,60,5,0.0,0.0022151684006802377,0.004134325276405565,0.005389999999999976,1.0,1.0,1.0,0.0,0.0,0.0,47025.0,20000.0,0.004134325276405565,0.005389999999999976
stratified_size_rep011,stratified_size,11,b50_lb5_k10_eps0p001,hierarchical_local_aggregate,uniform,300,60,5,0.0,0.002213239339600621,0.004134325276405565,0.005389999999999976,1.0,1.0,1.0,0.0,0.0,0.0,47025.0,20000.0,0.004134325276405565,0.005389999999999976
stratified_size_rep011,stratified_size,11,b50_lb5_k10_eps0p001,local_only_offline_aggregate,confidence,300,60,5,0.0,0.0,0.001988501939490156,0.00422875816993464,1.0,1.0,1.0,0.0,0.0,0.0,60000.0,20000.0,0.001988501939490156,0.00422875816993464
stratified_size_rep011,stratified_size,11,b50_lb5_k10_eps0p001,local_only_offline_aggregate,shot_proportional,300,60,5,0.0,0.0,0.0018738051561196056,0.00422875816993464,1.0,1.0,1.0,0.0,0.0,0.0,60000.0,20000.0,0.0018738051561196056,0.00422875816993464
stratified_size_rep011,stratified_size,11,b50_lb5_k10_eps0p001,local_only_offline_aggregate,uniform,300,60,5,0.0,0.0,0.001979602759443544,0.00422875816993464,1.0,1.0,1.0,0.0,0.0,0.0,60000.0,20000.0,0.001979602759443544,0.00422875816993464
stratified_size_rep012,stratified_size,12,b50_lb5_k10_eps0p001,aggregate_only_sync,confidence,300,60,5,0.0,0.001574657639371116,0.003733251867573889,0.005389999999999976,1.0,1.0,1.0,0.0,0.0,0.0,50000.0,20000.0,0.003733251867573889,0.005389999999999976
stratified_size_rep012,stratified_size,12,b50_lb5_k10_eps0p001,aggregate_only_sync,shot_proportional,300,60,5,0.0,0.001574657639371116,0.003733251867573889,0.005389999999999976,1.0,1.0,1.0,0.0,0.0,0.0,50000.0,20000.0,0.003733251867573889,0.005389999999999976
stratified_size_rep012,stratified_size,12,b50_lb5_k10_eps0p001,aggregate_only_sync,uniform,300,60,5,0.0,0.001574657639371116,0.003733251867573889,0.005389999999999976,1.0,1.0,1.0,0.0,0.0,0.0,50000.0,20000.0,0.003733251867573889,0.005389999999999976
stratified_size_rep012,stratified_size,12,b50_lb5_k10_eps0p001,hierarchical_local_aggregate,confidence,300,60,5,0.0,0.0014195489312723874,0.003629140829538933,0.005403331604294519,1.0,1.0,1.0,0.0,0.0,0.0,50000.0,20000.0,0.003629140829538933,0.005403331604294519
stratified_size_rep012,stratified_size,12,b50_lb5_k10_eps0p001,hierarchical_local_aggregate,shot_proportional,300,60,5,0.0,0.0016729605222067304,0.0037423910497938807,0.005389999999999976,1.0,1.0,1.0,0.0,0.0,0.0,50000.0,20000.0,0.0037423910497938807,0.005389999999999976
stratified_size_rep012,stratified_size,12,b50_lb5_k10_eps0p001,hierarchical_local_aggregate,uniform,300,60,5,0.0,0.0016732726441229318,0.0037423910497938807,0.005389999999999976,1.0,1.0,1.0,0.0,0.0,0.0,50000.0,20000.0,0.0037423910497938807,0.005389999999999976
stratified_size_rep012,stratified_size,12,b50_lb5_k10_eps0p001,local_only_offline_aggregate,confidence,300,60,5,0.0,0.0,0.002183742691779764,0.0038766839378238586,1.0,1.0,1.0,0.0,0.0,0.0,60000.0,20000.0,0.002183742691779764,0.0038766839378238586
stratified_size_rep012,stratified_size,12,b50_lb5_k10_eps0p001,local_only_offline_aggregate,shot_proportional,300,60,5,0.0,0.0,0.0019795623532002536,0.0038766839378238586,1.0,1.0,1.0,0.0,0.0,0.0,60000.0,20000.0,0.0019795623532002536,0.0038766839378238586
stratified_size_rep012,stratified_size,12,b50_lb5_k10_eps0p001,local_only_offline_aggregate,uniform,300,60,5,0.0,0.0,0.002067987736969451,0.0038766839378238586,1.0,1.0,1.0,0.0,0.0,0.0,60000.0,20000.0,0.002067987736969451,0.0038766839378238586
stratified_size_rep013,stratified_size,13,b50_lb5_k10_eps0p001,aggregate_only_sync,confidence,300,60,5,0.0,0.0012789615384615363,0.003984184819329531,0.005389999999999976,1.0,1.0,1.0,0.0,0.0,0.0,52200.0,20000.0,0.003984184819329531,0.005389999999999976
stratified_size_rep013,stratified_size,13,b50_lb5_k10_eps0p001,aggregate_only_sync,shot_proportional,300,60,5,0.0,0.0012789615384615363,0.003984184819329531,0.005389999999999976,1.0,1.0,1.0,0.0,0.0,0.0,52200.0,20000.0,0.003984184819329531,0.005389999999999976
stratified_size_rep013,stratified_size,13,b50_lb5_k10_eps0p001,aggregate_only_sync,uniform,300,60,5,0.0,0.0012789615384615363,0.003984184819329531,0.005389999999999976,1.0,1.0,1.0,0.0,0.0,0.0,52200.0,20000.0,0.003984184819329531,0.005389999999999976
stratified_size_rep013,stratified_size,13,b50_lb5_k10_eps0p001,hierarchical_local_aggregate,confidence,300,60,5,0.0,0.001569656888943757,0.003880629257878555,0.005403331604294519,1.0,1.0,1.0,0.0,0.0,0.0,52200.0,20000.0,0.003880629257878555,0.005403331604294519
stratified_size_rep013,stratified_size,13,b50_lb5_k10_eps0p001,hierarchical_local_aggregate,shot_proportional,300,60,5,0.0,0.0015749876040933608,0.003984184819329531,0.005389999999999976,1.0,1.0,1.0,0.0,0.0,0.0,52200.0,20000.0,0.003984184819329531,0.005389999999999976
stratified_size_rep013,stratified_size,13,b50_lb5_k10_eps0p001,hierarchical_local_aggregate,uniform,300,60,5,0.0,0.0015752997260095624,0.003984184819329531,0.005389999999999976,1.0,1.0,1.0,0.0,0.0,0.0,52200.0,20000.0,0.003984184819329531,0.005389999999999976
stratified_size_rep013,stratified_size,13,b50_lb5_k10_eps0p001,local_only_offline_aggregate,confidence,300,60,5,0.0,0.0,0.002062582845010665,0.00422875816993464,1.0,1.0,1.0,0.0,0.0,0.0,60000.0,20000.0,0.002062582845010665,0.00422875816993464
stratified_size_rep013,stratified_size,13,b50_lb5_k10_eps0p001,local_only_offline_aggregate,shot_proportional,300,60,5,0.0,0.0,0.0019673914547557684,0.00422875816993464,1.0,1.0,1.0,0.0,0.0,0.0,60000.0,20000.0,0.0019673914547557684,0.00422875816993464
stratified_size_rep013,stratified_size,13,b50_lb5_k10_eps0p001,local_only_offline_aggregate,uniform,300,60,5,0.0,0.0,0.002067987736969451,0.00422875816993464,1.0,1.0,1.0,0.0,0.0,0.0,60000.0,20000.0,0.002067987736969451,0.00422875816993464
stratified_size_rep014,stratified_size,14,b50_lb5_k10_eps0p001,aggregate_only_sync,confidence,300,60,5,0.0,0.002129708161082546,0.004017513042498243,0.005389999999999976,1.0,1.0,1.0,0.0,0.0,0.0,47025.0,20000.0,0.004017513042498243,0.005389999999999976
stratified_size_rep014,stratified_size,14,b50_lb5_k10_eps0p001,aggregate_only_sync,shot_proportional,300,60,5,0.0,0.002129708161082546,0.004017513042498243,0.005389999999999976,1.0,1.0,1.0,0.0,0.0,0.0,47025.0,20000.0,0.004017513042498243,0.005389999999999976
stratified_size_rep014,stratified_size,14,b50_lb5_k10_eps0p001,aggregate_only_sync,uniform,300,60,5,0.0,0.002129708161082546,0.004017513042498243,0.005389999999999976,1.0,1.0,1.0,0.0,0.0,0.0,47025.0,20000.0,0.004017513042498243,0.005389999999999976
stratified_size_rep014,stratified_size,14,b50_lb5_k10_eps0p001,hierarchical_local_aggregate,confidence,300,60,5,0.0,0.0020370105510252464,0.003958370119365367,0.005403331604294519,1.0,1.0,1.0,0.0,0.0,0.0,47025.0,20000.0,0.003958370119365367,0.005403331604294519
stratified_size_rep014,stratified_size,14,b50_lb5_k10_eps0p001,hierarchical_local_aggregate,shot_proportional,300,60,5,0.0,0.002143544386953499,0.004017513042498243,0.005389999999999976,1.0,1.0,1.0,0.0,0.0,0.0,47025.0,20000.0,0.004017513042498243,0.005389999999999976
stratified_size_rep014,stratified_size,14,b50_lb5_k10_eps0p001,hierarchical_local_aggregate,uniform,300,60,5,0.0,0.002139433342293678,0.004017513042498243,0.005389999999999976,1.0,1.0,1.0,0.0,0.0,0.0,47025.0,20000.0,0.004017513042498243,0.005389999999999976
stratified_size_rep014,stratified_size,14,b50_lb5_k10_eps0p001,local_only_offline_aggregate,confidence,300,60,5,0.0,0.0,0.0020602070958613177,0.00422875816993464,1.0,1.0,1.0,0.0,0.0,0.0,60000.0,20000.0,0.0020602070958613177,0.00422875816993464
stratified_size_rep014,stratified_size,14,b50_lb5_k10_eps0p001,local_only_offline_aggregate,shot_proportional,300,60,5,0.0,0.0,0.0019650391052922493,0.00422875816993464,1.0,1.0,1.0,0.0,0.0,0.0,60000.0,20000.0,0.0019650391052922493,0.00422875816993464
stratified_size_rep014,stratified_size,14,b50_lb5_k10_eps0p001,local_only_offline_aggregate,uniform,300,60,5,0.0,0.0,0.002036590016944104,0.00422875816993464,1.0,1.0,1.0,0.0,0.0,0.0,60000.0,20000.0,0.002036590016944104,0.00422875816993464
stratified_size_rep015,stratified_size,15,b50_lb5_k10_eps0p001,aggregate_only_sync,confidence,300,60,5,0.0,0.0024163097387362264,0.004134325276405565,0.005389999999999976,1.0,1.0,1.0,0.0,0.0,0.0,43775.0,20000.0,0.004134325276405565,0.005389999999999976
stratified_size_rep015,stratified_size,15,b50_lb5_k10_eps0p001,aggregate_only_sync,shot_proportional,300,60,5,0.0,0.0024163097387362264,0.004134325276405565,0.005389999999999976,1.0,1.0,1.0,0.0,0.0,0.0,43775.0,20000.0,0.004134325276405565,0.005389999999999976
stratified_size_rep015,stratified_size,15,b50_lb5_k10_eps0p001,aggregate_only_sync,uniform,300,60,5,0.0,0.0024163097387362264,0.004134325276405565,0.005389999999999976,1.0,1.0,1.0,0.0,0.0,0.0,43775.0,20000.0,0.004134325276405565,0.005389999999999976
stratified_size_rep015,stratified_size,15,b50_lb5_k10_eps0p001,hierarchical_local_aggregate,confidence,300,60,5,0.0,0.0022899411963305588,0.004090841117113425,0.005403331604294519,1.0,1.0,1.0,0.0,0.0,0.0,43775.0,20000.0,0.004090841117113425,0.005403331604294519
stratified_size_rep015,stratified_size,15,b50_lb5_k10_eps0p001,hierarchical_local_aggregate,shot_proportional,300,60,5,0.0,0.0024425808203424556,0.004134325276405565,0.005389999999999976,1.0,1.0,1.0,0.0,0.0,0.0,43775.0,20000.0,0.004134325276405565,0.005389999999999976
stratified_size_rep015,stratified_size,15,b50_lb5_k10_eps0p001,hierarchical_local_aggregate,uniform,300,60,5,0.0,0.0024425808203424556,0.004134325276405565,0.005389999999999976,1.0,1.0,1.0,0.0,0.0,0.0,43775.0,20000.0,0.004134325276405565,0.005389999999999976
stratified_size_rep015,stratified_size,15,b50_lb5_k10_eps0p001,local_only_offline_aggregate,confidence,300,60,5,0.0,0.0,0.0023205883088885156,0.00422875816993464,1.0,1.0,1.0,0.0,0.0,0.0,60000.0,20000.0,0.0023205883088885156,0.00422875816993464
stratified_size_rep015,stratified_size,15,b50_lb5_k10_eps0p001,local_only_offline_aggregate,shot_proportional,300,60,5,0.0,0.0,0.002190647986837017,0.00422875816993464,1.0,1.0,1.0,0.0,0.0,0.0,60000.0,20000.0,0.002190647986837017,0.00422875816993464
stratified_size_rep015,stratified_size,15,b50_lb5_k10_eps0p001,local_only_offline_aggregate,uniform,300,60,5,0.0,0.0,0.0022117463194730813,0.00422875816993464,1.0,1.0,1.0,0.0,0.0,0.0,60000.0,20000.0,0.0022117463194730813,0.00422875816993464
stratified_size_rep016,stratified_size,16,b50_lb5_k10_eps0p001,aggregate_only_sync,confidence,300,60,5,0.0,0.0022336736592137112,0.003962639912777369,0.005389999999999976,1.0,1.0,1.0,0.0,0.0,0.0,43625.0,20000.0,0.003962639912777369,0.005389999999999976
stratified_size_rep016,stratified_size,16,b50_lb5_k10_eps0p001,aggregate_only_sync,shot_proportional,300,60,5,0.0,0.0022336736592137112,0.003962639912777369,0.005389999999999976,1.0,1.0,1.0,0.0,0.0,0.0,43625.0,20000.0,0.003962639912777369,0.005389999999999976
stratified_size_rep016,stratified_size,16,b50_lb5_k10_eps0p001,aggregate_only_sync,uniform,300,60,5,0.0,0.0022336736592137112,0.003962639912777369,0.005389999999999976,1.0,1.0,1.0,0.0,0.0,0.0,43625.0,20000.0,0.003962639912777369,0.005389999999999976
stratified_size_rep016,stratified_size,16,b50_lb5_k10_eps0p001,hierarchical_local_aggregate,confidence,300,60,5,0.0,0.0021823293699766762,0.003880629257878555,0.005403331604294519,1.0,1.0,1.0,0.0,0.0,0.0,43625.0,20000.0,0.003880629257878555,0.005403331604294519
stratified_size_rep016,stratified_size,16,b50_lb5_k10_eps0p001,hierarchical_local_aggregate,shot_proportional,300,60,5,0.0,0.002238180321639399,0.003962639912777369,0.005389999999999976,1.0,1.0,1.0,0.0,0.0,0.0,43625.0,20000.0,0.003962639912777369,0.005389999999999976
stratified_size_rep016,stratified_size,16,b50_lb5_k10_eps0p001,hierarchical_local_aggregate,uniform,300,60,5,0.0,0.0022003983309894976,0.003962639912777369,0.005389999999999976,1.0,1.0,1.0,0.0,0.0,0.0,43625.0,20000.0,0.003962639912777369,0.005389999999999976
stratified_size_rep016,stratified_size,16,b50_lb5_k10_eps0p001,local_only_offline_aggregate,confidence,300,60,5,0.0,0.0,0.0023205883088885156,0.00422875816993464,1.0,1.0,1.0,0.0,0.0,0.0,60000.0,20000.0,0.0023205883088885156,0.00422875816993464
stratified_size_rep016,stratified_size,16,b50_lb5_k10_eps0p001,local_only_offline_aggregate,shot_proportional,300,60,5,0.0,0.0,0.0022514386747703556,0.00422875816993464,1.0,1.0,1.0,0.0,0.0,0.0,60000.0,20000.0,0.0022514386747703556,0.00422875816993464
stratified_size_rep016,stratified_size,16,b50_lb5_k10_eps0p001,local_only_offline_aggregate,uniform,300,60,5,0.0,0.0,0.0024354572612638975,0.00422875816993464,1.0,1.0,1.0,0.0,0.0,0.0,60000.0,20000.0,0.0024354572612638975,0.00422875816993464
stratified_size_rep017,stratified_size,17,b50_lb5_k10_eps0p001,aggregate_only_sync,confidence,300,60,5,0.0,0.0016811758166640775,0.004134325276405565,0.005389999999999976,1.0,1.0,1.0,0.0,0.0,0.0,52200.0,20000.0,0.004134325276405565,0.005389999999999976
stratified_size_rep017,stratified_size,17,b50_lb5_k10_eps0p001,aggregate_only_sync,shot_proportional,300,60,5,0.0,0.0016811758166640775,0.004134325276405565,0.005389999999999976,1.0,1.0,1.0,0.0,0.0,0.0,52200.0,20000.0,0.004134325276405565,0.005389999999999976
stratified_size_rep017,stratified_size,17,b50_lb5_k10_eps0p001,aggregate_only_sync,uniform,300,60,5,0.0,0.0016811758166640775,0.004134325276405565,0.005389999999999976,1.0,1.0,1.0,0.0,0.0,0.0,52200.0,20000.0,0.004134325276405565,0.005389999999999976
stratified_size_rep017,stratified_size,17,b50_lb5_k10_eps0p001,hierarchical_local_aggregate,confidence,300,60,5,0.0,0.0015673105674335617,0.004090841117113425,0.005403331604294519,1.0,1.0,1.0,0.0,0.0,0.0,52200.0,20000.0,0.004090841117113425,0.005403331604294519
stratified_size_rep017,stratified_size,17,b50_lb5_k10_eps0p001,hierarchical_local_aggregate,shot_proportional,300,60,5,0.0,0.0016821657108308115,0.004134325276405565,0.005389999999999976,1.0,1.0,1.0,0.0,0.0,0.0,52200.0,20000.0,0.004134325276405565,0.005389999999999976
stratified_size_rep017,stratified_size,17,b50_lb5_k10_eps0p001,hierarchical_local_aggregate,uniform,300,60,5,0.0,0.0016831020765794159,0.004134325276405565,0.005389999999999976,1.0,1.0,1.0,0.0,0.0,0.0,52200.0,20000.0,0.004134325276405565,0.005389999999999976
stratified_size_rep017,stratified_size,17,b50_lb5_k10_eps0p001,local_only_offline_aggregate,confidence,300,60,5,0.0,0.0,0.001989172611489586,0.00422875816993464,1.0,1.0,1.0,0.0,0.0,0.0,60000.0,20000.0,0.001989172611489586,0.00422875816993464
stratified_size_rep017,stratified_size,17,b50_lb5_k10_eps0p001,local_only_offline_aggregate,shot_proportional,300,60,5,0.0,0.0,0.0017408437542943695,0.00422875816993464,1.0,1.0,1.0,0.0,0.0,0.0,60000.0,20000.0,0.0017408437542943695,0.00422875816993464
stratified_size_rep017,stratified_size,17,b50_lb5_k10_eps0p001,local_only_offline_aggregate,uniform,300,60,5,0.0,0.0,0.0019319668712077089,0.00422875816993464,1.0,1.0,1.0,0.0,0.0,0.0,60000.0,20000.0,0.0019319668712077089,0.00422875816993464
stratified_size_rep018,stratified_size,18,b50_lb5_k10_eps0p001,aggregate_only_sync,confidence,300,60,5,0.0,0.0021927276906697772,0.00405278679454678,0.005389999999999976,1.0,1.0,1.0,0.0,0.0,0.0,43775.0,20000.0,0.00405278679454678,0.005389999999999976
stratified_size_rep018,stratified_size,18,b50_lb5_k10_eps0p001,aggregate_only_sync,shot_proportional,300,60,5,0.0,0.0021927276906697772,0.00405278679454678,0.005389999999999976,1.0,1.0,1.0,0.0,0.0,0.0,43775.0,20000.0,0.00405278679454678,0.005389999999999976
stratified_size_rep018,stratified_size,18,b50_lb5_k10_eps0p001,aggregate_only_sync,uniform,300,60,5,0.0,0.0021927276906697772,0.00405278679454678,0.005389999999999976,1.0,1.0,1.0,0.0,0.0,0.0,43775.0,20000.0,0.00405278679454678,0.005389999999999976
stratified_size_rep018,stratified_size,18,b50_lb5_k10_eps0p001,hierarchical_local_aggregate,confidence,300,60,5,0.0,0.002180943052102926,0.004006972464794505,0.005403331604294519,1.0,1.0,1.0,0.0,0.0,0.0,43775.0,20000.0,0.004006972464794505,0.005403331604294519
stratified_size_rep018,stratified_size,18,b50_lb5_k10_eps0p001,hierarchical_local_aggregate,shot_proportional,300,60,5,0.0,0.0021927276906697772,0.00405278679454678,0.005389999999999976,1.0,1.0,1.0,0.0,0.0,0.0,43775.0,20000.0,0.00405278679454678,0.005389999999999976
stratified_size_rep018,stratified_size,18,b50_lb5_k10_eps0p001,hierarchical_local_aggregate,uniform,300,60,5,0.0,0.002190311634209312,0.00405278679454678,0.005389999999999976,1.0,1.0,1.0,0.0,0.0,0.0,43775.0,20000.0,0.00405278679454678,0.005389999999999976
stratified_size_rep018,stratified_size,18,b50_lb5_k10_eps0p001,local_only_offline_aggregate,confidence,300,60,5,0.0,0.0,0.0023205883088885156,0.00422875816993464,1.0,1.0,1.0,0.0,0.0,0.0,60000.0,20000.0,0.0023205883088885156,0.00422875816993464
stratified_size_rep018,stratified_size,18,b50_lb5_k10_eps0p001,local_only_offline_aggregate,shot_proportional,300,60,5,0.0,0.0,0.002190647986837017,0.00422875816993464,1.0,1.0,1.0,0.0,0.0,0.0,60000.0,20000.0,0.002190647986837017,0.00422875816993464
stratified_size_rep018,stratified_size,18,b50_lb5_k10_eps0p001,local_only_offline_aggregate,uniform,300,60,5,0.0,0.0,0.0022117463194730813,0.00422875816993464,1.0,1.0,1.0,0.0,0.0,0.0,60000.0,20000.0,0.0022117463194730813,0.00422875816993464
stratified_size_rep019,stratified_size,19,b50_lb5_k10_eps0p001,aggregate_only_sync,confidence,300,60,5,0.0,0.002129708161082546,0.003959573982295589,0.005389999999999976,1.0,1.0,1.0,0.0,0.0,0.0,43775.0,20000.0,0.003959573982295589,0.005389999999999976
stratified_size_rep019,stratified_size,19,b50_lb5_k10_eps0p001,aggregate_only_sync,shot_proportional,300,60,5,0.0,0.002129708161082546,0.003959573982295589,0.005389999999999976,1.0,1.0,1.0,0.0,0.0,0.0,43775.0,20000.0,0.003959573982295589,0.005389999999999976
stratified_size_rep019,stratified_size,19,b50_lb5_k10_eps0p001,aggregate_only_sync,uniform,300,60,5,0.0,0.002129708161082546,0.003959573982295589,0.005389999999999976,1.0,1.0,1.0,0.0,0.0,0.0,43775.0,20000.0,0.003959573982295589,0.005389999999999976
stratified_size_rep019,stratified_size,19,b50_lb5_k10_eps0p001,hierarchical_local_aggregate,confidence,300,60,5,0.0,0.0020370105510252464,0.003809789731919532,0.005403331604294519,1.0,1.0,1.0,0.0,0.0,0.0,43775.0,20000.0,0.003809789731919532,0.005403331604294519
stratified_size_rep019,stratified_size,19,b50_lb5_k10_eps0p001,hierarchical_local_aggregate,shot_proportional,300,60,5,0.0,0.002143544386953499,0.003959573982295589,0.005389999999999976,1.0,1.0,1.0,0.0,0.0,0.0,43775.0,20000.0,0.003959573982295589,0.005389999999999976
stratified_size_rep019,stratified_size,19,b50_lb5_k10_eps0p001,hierarchical_local_aggregate,uniform,300,60,5,0.0,0.002139433342293678,0.003959573982295589,0.005389999999999976,1.0,1.0,1.0,0.0,0.0,0.0,43775.0,20000.0,0.003959573982295589,0.005389999999999976
stratified_size_rep019,stratified_size,19,b50_lb5_k10_eps0p001,local_only_offline_aggregate,confidence,300,60,5,0.0,0.0,0.00234247673442788,0.00422875816993464,1.0,1.0,1.0,0.0,0.0,0.0,60000.0,20000.0,0.00234247673442788,0.00422875816993464
stratified_size_rep019,stratified_size,19,b50_lb5_k10_eps0p001,local_only_offline_aggregate,shot_proportional,300,60,5,0.0,0.0,0.0022514386747703556,0.00422875816993464,1.0,1.0,1.0,0.0,0.0,0.0,60000.0,20000.0,0.0022514386747703556,0.00422875816993464
stratified_size_rep019,stratified_size,19,b50_lb5_k10_eps0p001,local_only_offline_aggregate,uniform,300,60,5,0.0,0.0,0.0024354572612638975,0.00422875816993464,1.0,1.0,1.0,0.0,0.0,0.0,60000.0,20000.0,0.0024354572612638975,0.00422875816993464
stratified_size_rep020,stratified_size,20,b50_lb5_k10_eps0p001,aggregate_only_sync,confidence,300,60,5,0.0,0.002129708161082546,0.004044077283642464,0.005389999999999976,1.0,1.0,1.0,0.0,0.0,0.0,45412.5,20000.0,0.004044077283642464,0.005389999999999976
stratified_size_rep020,stratified_size,20,b50_lb5_k10_eps0p001,aggregate_only_sync,shot_proportional,300,60,5,0.0,0.002129708161082546,0.004044077283642464,0.005389999999999976,1.0,1.0,1.0,0.0,0.0,0.0,45412.5,20000.0,0.004044077283642464,0.005389999999999976
stratified_size_rep020,stratified_size,20,b50_lb5_k10_eps0p001,aggregate_only_sync,uniform,300,60,5,0.0,0.002129708161082546,0.004044077283642464,0.005389999999999976,1.0,1.0,1.0,0.0,0.0,0.0,45412.5,20000.0,0.004044077283642464,0.005389999999999976
stratified_size_rep020,stratified_size,20,b50_lb5_k10_eps0p001,hierarchical_local_aggregate,confidence,300,60,5,0.0,0.0020980773733247308,0.003958370119365367,0.005403331604294519,1.0,1.0,1.0,0.0,0.0,0.0,45412.5,20000.0,0.003958370119365367,0.005403331604294519
stratified_size_rep020,stratified_size,20,b50_lb5_k10_eps0p001,hierarchical_local_aggregate,shot_proportional,300,60,5,0.0,0.002143544386953499,0.004044077283642464,0.005389999999999976,1.0,1.0,1.0,0.0,0.0,0.0,45412.5,20000.0,0.004044077283642464,0.005389999999999976
stratified_size_rep020,stratified_size,20,b50_lb5_k10_eps0p001,hierarchical_local_aggregate,uniform,300,60,5,0.0,0.002139433342293678,0.004044077283642464,0.005389999999999976,1.0,1.0,1.0,0.0,0.0,0.0,45412.5,20000.0,0.004044077283642464,0.005389999999999976
stratified_size_rep020,stratified_size,20,b50_lb5_k10_eps0p001,local_only_offline_aggregate,confidence,300,60,5,0.0,0.0,0.002305586076975793,0.00422875816993464,1.0,1.0,1.0,0.0,0.0,0.0,60000.0,20000.0,0.002305586076975793,0.00422875816993464
stratified_size_rep020,stratified_size,20,b50_lb5_k10_eps0p001,local_only_offline_aggregate,shot_proportional,300,60,5,0.0,0.0,0.002190647986837017,0.00422875816993464,1.0,1.0,1.0,0.0,0.0,0.0,60000.0,20000.0,0.002190647986837017,0.00422875816993464
stratified_size_rep020,stratified_size,20,b50_lb5_k10_eps0p001,local_only_offline_aggregate,uniform,300,60,5,0.0,0.0,0.0021639743585318448,0.00422875816993464,1.0,1.0,1.0,0.0,0.0,0.0,60000.0,20000.0,0.0021639743585318448,0.00422875816993464
stratified_size_rep021,stratified_size,21,b50_lb5_k10_eps0p001,aggregate_only_sync,confidence,300,60,5,0.0,0.002252864472473859,0.00401727137529408,0.005057272727272713,1.0,1.0,1.0,0.0,0.0,0.0,43775.0,20000.0,0.00401727137529408,0.005057272727272713
stratified_size_rep021,stratified_size,21,b50_lb5_k10_eps0p001,aggregate_only_sync,shot_proportional,300,60,5,0.0,0.002252864472473859,0.00401727137529408,0.005057272727272713,1.0,1.0,1.0,0.0,0.0,0.0,43775.0,20000.0,0.00401727137529408,0.005057272727272713
stratified_size_rep021,stratified_size,21,b50_lb5_k10_eps0p001,aggregate_only_sync,uniform,300,60,5,0.0,0.002252864472473859,0.00401727137529408,0.005057272727272713,1.0,1.0,1.0,0.0,0.0,0.0,43775.0,20000.0,0.00401727137529408,0.005057272727272713
stratified_size_rep021,stratified_size,21,b50_lb5_k10_eps0p001,hierarchical_local_aggregate,confidence,300,60,5,0.0,0.0021869945243010607,0.003958370119365367,0.005177761830320271,1.0,1.0,1.0,0.0,0.0,0.0,43775.0,20000.0,0.003958370119365367,0.005177761830320271
stratified_size_rep021,stratified_size,21,b50_lb5_k10_eps0p001,hierarchical_local_aggregate,shot_proportional,300,60,5,0.0,0.00227495552813736,0.00401727137529408,0.005057272727272713,1.0,1.0,1.0,0.0,0.0,0.0,43775.0,20000.0,0.00401727137529408,0.005057272727272713
stratified_size_rep021,stratified_size,21,b50_lb5_k10_eps0p001,hierarchical_local_aggregate,uniform,300,60,5,0.0,0.002213239339600621,0.00401727137529408,0.005057272727272713,1.0,1.0,1.0,0.0,0.0,0.0,43775.0,20000.0,0.00401727137529408,0.005057272727272713
stratified_size_rep021,stratified_size,21,b50_lb5_k10_eps0p001,local_only_offline_aggregate,confidence,300,60,5,0.0,0.0,0.00234247673442788,0.00422875816993464,1.0,1.0,1.0,0.0,0.0,0.0,60000.0,20000.0,0.00234247673442788,0.00422875816993464
stratified_size_rep021,stratified_size,21,b50_lb5_k10_eps0p001,local_only_offline_aggregate,shot_proportional,300,60,5,0.0,0.0,0.0022514386747703556,0.00422875816993464,1.0,1.0,1.0,0.0,0.0,0.0,60000.0,20000.0,0.0022514386747703556,0.00422875816993464
stratified_size_rep021,stratified_size,21,b50_lb5_k10_eps0p001,local_only_offline_aggregate,uniform,300,60,5,0.0,0.0,0.0024354572612638975,0.00422875816993464,1.0,1.0,1.0,0.0,0.0,0.0,60000.0,20000.0,0.0024354572612638975,0.00422875816993464
stratified_size_rep022,stratified_size,22,b50_lb5_k10_eps0p001,aggregate_only_sync,confidence,300,60,5,0.0,0.002129708161082546,0.00405278679454678,0.005389999999999976,1.0,1.0,1.0,0.0,0.0,0.0,45412.5,20000.0,0.00405278679454678,0.005389999999999976
stratified_size_rep022,stratified_size,22,b50_lb5_k10_eps0p001,aggregate_only_sync,shot_proportional,300,60,5,0.0,0.002129708161082546,0.00405278679454678,0.005389999999999976,1.0,1.0,1.0,0.0,0.0,0.0,45412.5,20000.0,0.00405278679454678,0.005389999999999976
stratified_size_rep022,stratified_size,22,b50_lb5_k10_eps0p001,aggregate_only_sync,uniform,300,60,5,0.0,0.002129708161082546,0.00405278679454678,0.005389999999999976,1.0,1.0,1.0,0.0,0.0,0.0,45412.5,20000.0,0.00405278679454678,0.005389999999999976
stratified_size_rep022,stratified_size,22,b50_lb5_k10_eps0p001,hierarchical_local_aggregate,confidence,300,60,5,0.0,0.0020370105510252464,0.004006972464794505,0.005403331604294519,1.0,1.0,1.0,0.0,0.0,0.0,45412.5,20000.0,0.004006972464794505,0.005403331604294519
stratified_size_rep022,stratified_size,22,b50_lb5_k10_eps0p001,hierarchical_local_aggregate,shot_proportional,300,60,5,0.0,0.002143544386953499,0.00405278679454678,0.005389999999999976,1.0,1.0,1.0,0.0,0.0,0.0,45412.5,20000.0,0.00405278679454678,0.005389999999999976
stratified_size_rep022,stratified_size,22,b50_lb5_k10_eps0p001,hierarchical_local_aggregate,uniform,300,60,5,0.0,0.002139433342293678,0.00405278679454678,0.005389999999999976,1.0,1.0,1.0,0.0,0.0,0.0,45412.5,20000.0,0.00405278679454678,0.005389999999999976
stratified_size_rep022,stratified_size,22,b50_lb5_k10_eps0p001,local_only_offline_aggregate,confidence,300,60,5,0.0,0.0,0.0023205883088885156,0.00422875816993464,1.0,1.0,1.0,0.0,0.0,0.0,60000.0,20000.0,0.0023205883088885156,0.00422875816993464
stratified_size_rep022,stratified_size,22,b50_lb5_k10_eps0p001,local_only_offline_aggregate,shot_proportional,300,60,5,0.0,0.0,0.0022514386747703556,0.00422875816993464,1.0,1.0,1.0,0.0,0.0,0.0,60000.0,20000.0,0.0022514386747703556,0.00422875816993464
stratified_size_rep022,stratified_size,22,b50_lb5_k10_eps0p001,local_only_offline_aggregate,uniform,300,60,5,0.0,0.0,0.0024354572612638975,0.00422875816993464,1.0,1.0,1.0,0.0,0.0,0.0,60000.0,20000.0,0.0024354572612638975,0.00422875816993464
stratified_size_rep023,stratified_size,23,b50_lb5_k10_eps0p001,aggregate_only_sync,confidence,300,60,5,0.0,0.0019568660542852922,0.004134325276405565,0.005389999999999976,1.0,1.0,1.0,0.0,0.0,0.0,44100.0,20000.0,0.004134325276405565,0.005389999999999976
stratified_size_rep023,stratified_size,23,b50_lb5_k10_eps0p001,aggregate_only_sync,shot_proportional,300,60,5,0.0,0.0019568660542852922,0.004134325276405565,0.005389999999999976,1.0,1.0,1.0,0.0,0.0,0.0,44100.0,20000.0,0.004134325276405565,0.005389999999999976
stratified_size_rep023,stratified_size,23,b50_lb5_k10_eps0p001,aggregate_only_sync,uniform,300,60,5,0.0,0.0019568660542852922,0.004134325276405565,0.005389999999999976,1.0,1.0,1.0,0.0,0.0,0.0,44100.0,20000.0,0.004134325276405565,0.005389999999999976
stratified_size_rep023,stratified_size,23,b50_lb5_k10_eps0p001,hierarchical_local_aggregate,confidence,300,60,5,0.0,0.001823905554315134,0.004090841117113425,0.005403331604294519,1.0,1.0,1.0,0.0,0.0,0.0,44100.0,20000.0,0.004090841117113425,0.005403331604294519
stratified_size_rep023,stratified_size,23,b50_lb5_k10_eps0p001,hierarchical_local_aggregate,shot_proportional,300,60,5,0.0,0.001972595210407356,0.004134325276405565,0.005389999999999976,1.0,1.0,1.0,0.0,0.0,0.0,44100.0,20000.0,0.004134325276405565,0.005389999999999976
stratified_size_rep023,stratified_size,23,b50_lb5_k10_eps0p001,hierarchical_local_aggregate,uniform,300,60,5,0.0,0.001972595210407356,0.004134325276405565,0.005389999999999976,1.0,1.0,1.0,0.0,0.0,0.0,44100.0,20000.0,0.004134325276405565,0.005389999999999976
stratified_size_rep023,stratified_size,23,b50_lb5_k10_eps0p001,local_only_offline_aggregate,confidence,300,60,5,0.0,0.0,0.001988501939490156,0.00422875816993464,1.0,1.0,1.0,0.0,0.0,0.0,60000.0,20000.0,0.001988501939490156,0.00422875816993464
stratified_size_rep023,stratified_size,23,b50_lb5_k10_eps0p001,local_only_offline_aggregate,shot_proportional,300,60,5,0.0,0.0,0.0019650391052922493,0.00422875816993464,1.0,1.0,1.0,0.0,0.0,0.0,60000.0,20000.0,0.0019650391052922493,0.00422875816993464
stratified_size_rep023,stratified_size,23,b50_lb5_k10_eps0p001,local_only_offline_aggregate,uniform,300,60,5,0.0,0.0,0.001979602759443544,0.00422875816993464,1.0,1.0,1.0,0.0,0.0,0.0,60000.0,20000.0,0.001979602759443544,0.00422875816993464
stratified_size_rep024,stratified_size,24,b50_lb5_k10_eps0p001,aggregate_only_sync,confidence,300,60,5,0.0,0.0022336736592137112,0.003959573982295589,0.005389999999999976,1.0,1.0,1.0,0.0,0.0,0.0,42587.5,20000.0,0.003959573982295589,0.005389999999999976
stratified_size_rep024,stratified_size,24,b50_lb5_k10_eps0p001,aggregate_only_sync,shot_proportional,300,60,5,0.0,0.0022336736592137112,0.003959573982295589,0.005389999999999976,1.0,1.0,1.0,0.0,0.0,0.0,42587.5,20000.0,0.003959573982295589,0.005389999999999976
stratified_size_rep024,stratified_size,24,b50_lb5_k10_eps0p001,aggregate_only_sync,uniform,300,60,5,0.0,0.0022336736592137112,0.003959573982295589,0.005389999999999976,1.0,1.0,1.0,0.0,0.0,0.0,42587.5,20000.0,0.003959573982295589,0.005389999999999976
stratified_size_rep024,stratified_size,24,b50_lb5_k10_eps0p001,hierarchical_local_aggregate,confidence,300,60,5,0.0,0.002182872856721907,0.003842741846885208,0.005403331604294519,1.0,1.0,1.0,0.0,0.0,0.0,42475.0,20000.0,0.003842741846885208,0.005403331604294519
stratified_size_rep024,stratified_size,24,b50_lb5_k10_eps0p001,hierarchical_local_aggregate,shot_proportional,300,60,5,0.0,0.002238180321639399,0.003959573982295589,0.005389999999999976,1.0,1.0,1.0,0.0,0.0,0.0,42475.0,20000.0,0.003959573982295589,0.005389999999999976
stratified_size_rep024,stratified_size,24,b50_lb5_k10_eps0p001,hierarchical_local_aggregate,uniform,300,60,5,0.0,0.0022053671172845,0.003959573982295589,0.005389999999999976,1.0,1.0,1.0,0.0,0.0,0.0,42475.0,20000.0,0.003959573982295589,0.005389999999999976
stratified_size_rep024,stratified_size,24,b50_lb5_k10_eps0p001,local_only_offline_aggregate,confidence,300,60,5,0.0,0.0,0.00234247673442788,0.00422875816993464,1.0,1.0,1.0,0.0,0.0,0.0,60000.0,20000.0,0.00234247673442788,0.00422875816993464
stratified_size_rep024,stratified_size,24,b50_lb5_k10_eps0p001,local_only_offline_aggregate,shot_proportional,300,60,5,0.0,0.0,0.0022514386747703556,0.00422875816993464,1.0,1.0,1.0,0.0,0.0,0.0,60000.0,20000.0,0.0022514386747703556,0.00422875816993464
stratified_size_rep024,stratified_size,24,b50_lb5_k10_eps0p001,local_only_offline_aggregate,uniform,300,60,5,0.0,0.0,0.0024354572612638975,0.00422875816993464,1.0,1.0,1.0,0.0,0.0,0.0,60000.0,20000.0,0.0024354572612638975,0.00422875816993464
stratified_size_rep025,stratified_size,25,b50_lb5_k10_eps0p001,aggregate_only_sync,confidence,300,60,5,0.0,0.0016811758166640775,0.003984184819329531,0.005389999999999976,1.0,1.0,1.0,0.0,0.0,0.0,50250.0,20000.0,0.003984184819329531,0.005389999999999976
stratified_size_rep025,stratified_size,25,b50_lb5_k10_eps0p001,aggregate_only_sync,shot_proportional,300,60,5,0.0,0.0016811758166640775,0.003984184819329531,0.005389999999999976,1.0,1.0,1.0,0.0,0.0,0.0,50250.0,20000.0,0.003984184819329531,0.005389999999999976
stratified_size_rep025,stratified_size,25,b50_lb5_k10_eps0p001,aggregate_only_sync,uniform,300,60,5,0.0,0.0016811758166640775,0.003984184819329531,0.005389999999999976,1.0,1.0,1.0,0.0,0.0,0.0,50250.0,20000.0,0.003984184819329531,0.005389999999999976
stratified_size_rep025,stratified_size,25,b50_lb5_k10_eps0p001,hierarchical_local_aggregate,confidence,300,60,5,0.0,0.0015673105674335617,0.003880629257878555,0.005403331604294519,1.0,1.0,1.0,0.0,0.0,0.0,50250.0,20000.0,0.003880629257878555,0.005403331604294519
stratified_size_rep025,stratified_size,25,b50_lb5_k10_eps0p001,hierarchical_local_aggregate,shot_proportional,300,60,5,0.0,0.0016821657108308115,0.003984184819329531,0.005389999999999976,1.0,1.0,1.0,0.0,0.0,0.0,50250.0,20000.0,0.003984184819329531,0.005389999999999976
stratified_size_rep025,stratified_size,25,b50_lb5_k10_eps0p001,hierarchical_local_aggregate,uniform,300,60,5,0.0,0.0016831020765794159,0.003984184819329531,0.005389999999999976,1.0,1.0,1.0,0.0,0.0,0.0,50250.0,20000.0,0.003984184819329531,0.005389999999999976
stratified_size_rep025,stratified_size,25,b50_lb5_k10_eps0p001,local_only_offline_aggregate,confidence,300,60,5,0.0,0.0,0.001988501939490156,0.0038766839378238586,1.0,1.0,1.0,0.0,0.0,0.0,60000.0,20000.0,0.001988501939490156,0.0038766839378238586
stratified_size_rep025,stratified_size,25,b50_lb5_k10_eps0p001,local_only_offline_aggregate,shot_proportional,300,60,5,0.0,0.0,0.0018006323678621153,0.0038766839378238586,1.0,1.0,1.0,0.0,0.0,0.0,60000.0,20000.0,0.0018006323678621153,0.0038766839378238586
stratified_size_rep025,stratified_size,25,b50_lb5_k10_eps0p001,local_only_offline_aggregate,uniform,300,60,5,0.0,0.0,0.001979602759443544,0.0038766839378238586,1.0,1.0,1.0,0.0,0.0,0.0,60000.0,20000.0,0.001979602759443544,0.0038766839378238586
stratified_size_rep026,stratified_size,26,b50_lb5_k10_eps0p001,aggregate_only_sync,confidence,300,60,5,0.0,0.0024140069489334308,0.004134325276405565,0.005389999999999976,1.0,1.0,1.0,0.0,0.0,0.0,44100.0,20000.0,0.004134325276405565,0.005389999999999976
stratified_size_rep026,stratified_size,26,b50_lb5_k10_eps0p001,aggregate_only_sync,shot_proportional,300,60,5,0.0,0.0024140069489334308,0.004134325276405565,0.005389999999999976,1.0,1.0,1.0,0.0,0.0,0.0,44100.0,20000.0,0.004134325276405565,0.005389999999999976
stratified_size_rep026,stratified_size,26,b50_lb5_k10_eps0p001,aggregate_only_sync,uniform,300,60,5,0.0,0.0024140069489334308,0.004134325276405565,0.005389999999999976,1.0,1.0,1.0,0.0,0.0,0.0,44100.0,20000.0,0.004134325276405565,0.005389999999999976
stratified_size_rep026,stratified_size,26,b50_lb5_k10_eps0p001,hierarchical_local_aggregate,confidence,300,60,5,0.0,0.0022899411963305588,0.004090841117113425,0.005403331604294519,1.0,1.0,1.0,0.0,0.0,0.0,44100.0,20000.0,0.004090841117113425,0.005403331604294519
stratified_size_rep026,stratified_size,26,b50_lb5_k10_eps0p001,hierarchical_local_aggregate,shot_proportional,300,60,5,0.0,0.0024140069489334308,0.004134325276405565,0.005389999999999976,1.0,1.0,1.0,0.0,0.0,0.0,44100.0,20000.0,0.004134325276405565,0.005389999999999976
stratified_size_rep026,stratified_size,26,b50_lb5_k10_eps0p001,hierarchical_local_aggregate,uniform,300,60,5,0.0,0.0024140069489334308,0.004134325276405565,0.005389999999999976,1.0,1.0,1.0,0.0,0.0,0.0,44100.0,20000.0,0.004134325276405565,0.005389999999999976
stratified_size_rep026,stratified_size,26,b50_lb5_k10_eps0p001,local_only_offline_aggregate,confidence,300,60,5,0.0,0.0,0.002305586076975793,0.00422875816993464,1.0,1.0,1.0,0.0,0.0,0.0,60000.0,20000.0,0.002305586076975793,0.00422875816993464
stratified_size_rep026,stratified_size,26,b50_lb5_k10_eps0p001,local_only_offline_aggregate,shot_proportional,300,60,5,0.0,0.0,0.002190647986837017,0.00422875816993464,1.0,1.0,1.0,0.0,0.0,0.0,60000.0,20000.0,0.002190647986837017,0.00422875816993464
stratified_size_rep026,stratified_size,26,b50_lb5_k10_eps0p001,local_only_offline_aggregate,uniform,300,60,5,0.0,0.0,0.0021639743585318448,0.00422875816993464,1.0,1.0,1.0,0.0,0.0,0.0,60000.0,20000.0,0.0021639743585318448,0.00422875816993464
stratified_size_rep027,stratified_size,27,b50_lb5_k10_eps0p001,aggregate_only_sync,confidence,300,60,5,0.0,0.0019568660542852922,0.00405278679454678,0.005389999999999976,1.0,1.0,1.0,0.0,0.0,0.0,45412.5,20000.0,0.00405278679454678,0.005389999999999976
stratified_size_rep027,stratified_size,27,b50_lb5_k10_eps0p001,aggregate_only_sync,shot_proportional,300,60,5,0.0,0.0019568660542852922,0.00405278679454678,0.005389999999999976,1.0,1.0,1.0,0.0,0.0,0.0,45412.5,20000.0,0.00405278679454678,0.005389999999999976
stratified_size_rep027,stratified_size,27,b50_lb5_k10_eps0p001,aggregate_only_sync,uniform,300,60,5,0.0,0.0019568660542852922,0.00405278679454678,0.005389999999999976,1.0,1.0,1.0,0.0,0.0,0.0,45412.5,20000.0,0.00405278679454678,0.005389999999999976
stratified_size_rep027,stratified_size,27,b50_lb5_k10_eps0p001,hierarchical_local_aggregate,confidence,300,60,5,0.0,0.001823905554315134,0.004006972464794505,0.005403331604294519,1.0,1.0,1.0,0.0,0.0,0.0,45412.5,20000.0,0.004006972464794505,0.005403331604294519
stratified_size_rep027,stratified_size,27,b50_lb5_k10_eps0p001,hierarchical_local_aggregate,shot_proportional,300,60,5,0.0,0.001972595210407356,0.00405278679454678,0.005389999999999976,1.0,1.0,1.0,0.0,0.0,0.0,45412.5,20000.0,0.00405278679454678,0.005389999999999976
stratified_size_rep027,stratified_size,27,b50_lb5_k10_eps0p001,hierarchical_local_aggregate,uniform,300,60,5,0.0,0.001972595210407356,0.00405278679454678,0.005389999999999976,1.0,1.0,1.0,0.0,0.0,0.0,45412.5,20000.0,0.00405278679454678,0.005389999999999976
stratified_size_rep027,stratified_size,27,b50_lb5_k10_eps0p001,local_only_offline_aggregate,confidence,300,60,5,0.0,0.0,0.001988501939490156,0.00422875816993464,1.0,1.0,1.0,0.0,0.0,0.0,60000.0,20000.0,0.001988501939490156,0.00422875816993464
stratified_size_rep027,stratified_size,27,b50_lb5_k10_eps0p001,local_only_offline_aggregate,shot_proportional,300,60,5,0.0,0.0,0.0019650391052922493,0.00422875816993464,1.0,1.0,1.0,0.0,0.0,0.0,60000.0,20000.0,0.0019650391052922493,0.00422875816993464
stratified_size_rep027,stratified_size,27,b50_lb5_k10_eps0p001,local_only_offline_aggregate,uniform,300,60,5,0.0,0.0,0.001979602759443544,0.00422875816993464,1.0,1.0,1.0,0.0,0.0,0.0,60000.0,20000.0,0.001979602759443544,0.00422875816993464
stratified_size_rep028,stratified_size,28,b50_lb5_k10_eps0p001,aggregate_only_sync,confidence,300,60,5,0.0,0.0018275421280873842,0.003984184819329531,0.005389999999999976,1.0,1.0,1.0,0.0,0.0,0.0,47025.0,20000.0,0.003984184819329531,0.005389999999999976
stratified_size_rep028,stratified_size,28,b50_lb5_k10_eps0p001,aggregate_only_sync,shot_proportional,300,60,5,0.0,0.0018275421280873842,0.003984184819329531,0.005389999999999976,1.0,1.0,1.0,0.0,0.0,0.0,47025.0,20000.0,0.003984184819329531,0.005389999999999976
stratified_size_rep028,stratified_size,28,b50_lb5_k10_eps0p001,aggregate_only_sync,uniform,300,60,5,0.0,0.0018275421280873842,0.003984184819329531,0.005389999999999976,1.0,1.0,1.0,0.0,0.0,0.0,47025.0,20000.0,0.003984184819329531,0.005389999999999976
stratified_size_rep028,stratified_size,28,b50_lb5_k10_eps0p001,hierarchical_local_aggregate,confidence,300,60,5,0.0,0.0017524182174551524,0.003809789731919532,0.005403331604294519,1.0,1.0,1.0,0.0,0.0,0.0,47025.0,20000.0,0.003809789731919532,0.005403331604294519
stratified_size_rep028,stratified_size,28,b50_lb5_k10_eps0p001,hierarchical_local_aggregate,shot_proportional,300,60,5,0.0,0.0018284180455503485,0.003984184819329531,0.005389999999999976,1.0,1.0,1.0,0.0,0.0,0.0,47025.0,20000.0,0.003984184819329531,0.005389999999999976
stratified_size_rep028,stratified_size,28,b50_lb5_k10_eps0p001,hierarchical_local_aggregate,uniform,300,60,5,0.0,0.0018284180455503485,0.003984184819329531,0.005389999999999976,1.0,1.0,1.0,0.0,0.0,0.0,47025.0,20000.0,0.003984184819329531,0.005389999999999976
stratified_size_rep028,stratified_size,28,b50_lb5_k10_eps0p001,local_only_offline_aggregate,confidence,300,60,5,0.0,0.0,0.002183742691779764,0.00422875816993464,1.0,1.0,1.0,0.0,0.0,0.0,60000.0,20000.0,0.002183742691779764,0.00422875816993464
stratified_size_rep028,stratified_size,28,b50_lb5_k10_eps0p001,local_only_offline_aggregate,shot_proportional,300,60,5,0.0,0.0,0.0020324489052615117,0.00422875816993464,1.0,1.0,1.0,0.0,0.0,0.0,60000.0,20000.0,0.0020324489052615117,0.00422875816993464
stratified_size_rep028,stratified_size,28,b50_lb5_k10_eps0p001,local_only_offline_aggregate,uniform,300,60,5,0.0,0.0,0.0021349974312251264,0.00422875816993464,1.0,1.0,1.0,0.0,0.0,0.0,60000.0,20000.0,0.0021349974312251264,0.00422875816993464
stratified_size_rep029,stratified_size,29,b50_lb5_k10_eps0p001,aggregate_only_sync,confidence,300,60,5,0.0,0.0024705719939657122,0.004134325276405565,0.005389999999999976,1.0,1.0,1.0,0.0,0.0,0.0,47025.0,20000.0,0.004134325276405565,0.005389999999999976
stratified_size_rep029,stratified_size,29,b50_lb5_k10_eps0p001,aggregate_only_sync,shot_proportional,300,60,5,0.0,0.0024705719939657122,0.004134325276405565,0.005389999999999976,1.0,1.0,1.0,0.0,0.0,0.0,47025.0,20000.0,0.004134325276405565,0.005389999999999976
stratified_size_rep029,stratified_size,29,b50_lb5_k10_eps0p001,aggregate_only_sync,uniform,300,60,5,0.0,0.0024705719939657122,0.004134325276405565,0.005389999999999976,1.0,1.0,1.0,0.0,0.0,0.0,47025.0,20000.0,0.004134325276405565,0.005389999999999976
stratified_size_rep029,stratified_size,29,b50_lb5_k10_eps0p001,hierarchical_local_aggregate,confidence,300,60,5,0.0,0.002596446185997543,0.004090841117113425,0.005403331604294519,1.0,1.0,1.0,0.0,0.0,0.0,47025.0,20000.0,0.004090841117113425,0.005403331604294519
stratified_size_rep029,stratified_size,29,b50_lb5_k10_eps0p001,hierarchical_local_aggregate,shot_proportional,300,60,5,0.0,0.0026611678954423313,0.004134325276405565,0.005389999999999976,1.0,1.0,1.0,0.0,0.0,0.0,47025.0,20000.0,0.004134325276405565,0.005389999999999976
stratified_size_rep029,stratified_size,29,b50_lb5_k10_eps0p001,hierarchical_local_aggregate,uniform,300,60,5,0.0,0.0026611678954423313,0.004134325276405565,0.005389999999999976,1.0,1.0,1.0,0.0,0.0,0.0,47025.0,20000.0,0.004134325276405565,0.005389999999999976
stratified_size_rep029,stratified_size,29,b50_lb5_k10_eps0p001,local_only_offline_aggregate,confidence,300,60,5,0.0,0.0,0.002184472671445745,0.00422875816993464,1.0,1.0,1.0,0.0,0.0,0.0,60000.0,20000.0,0.002184472671445745,0.00422875816993464
stratified_size_rep029,stratified_size,29,b50_lb5_k10_eps0p001,local_only_offline_aggregate,shot_proportional,300,60,5,0.0,0.0,0.0020445576457668604,0.00422875816993464,1.0,1.0,1.0,0.0,0.0,0.0,60000.0,20000.0,0.0020445576457668604,0.00422875816993464
stratified_size_rep029,stratified_size,29,b50_lb5_k10_eps0p001,local_only_offline_aggregate,uniform,300,60,5,0.0,0.0,0.0021522280390587315,0.00422875816993464,1.0,1.0,1.0,0.0,0.0,0.0,60000.0,20000.0,0.0021522280390587315,0.00422875816993464
stratified_size_rep030,stratified_size,30,b50_lb5_k10_eps0p001,aggregate_only_sync,confidence,300,60,5,0.0,0.0021927276906697772,0.00405278679454678,0.005389999999999976,1.0,1.0,1.0,0.0,0.0,0.0,44100.0,20000.0,0.00405278679454678,0.005389999999999976
stratified_size_rep030,stratified_size,30,b50_lb5_k10_eps0p001,aggregate_only_sync,shot_proportional,300,60,5,0.0,0.0021927276906697772,0.00405278679454678,0.005389999999999976,1.0,1.0,1.0,0.0,0.0,0.0,44100.0,20000.0,0.00405278679454678,0.005389999999999976
stratified_size_rep030,stratified_size,30,b50_lb5_k10_eps0p001,aggregate_only_sync,uniform,300,60,5,0.0,0.0021927276906697772,0.00405278679454678,0.005389999999999976,1.0,1.0,1.0,0.0,0.0,0.0,44100.0,20000.0,0.00405278679454678,0.005389999999999976
stratified_size_rep030,stratified_size,30,b50_lb5_k10_eps0p001,hierarchical_local_aggregate,confidence,300,60,5,0.0,0.0021322193931506903,0.004006972464794505,0.005403331604294519,1.0,1.0,1.0,0.0,0.0,0.0,44100.0,20000.0,0.004006972464794505,0.005403331604294519
stratified_size_rep030,stratified_size,30,b50_lb5_k10_eps0p001,hierarchical_local_aggregate,shot_proportional,300,60,5,0.0,0.0021927276906697772,0.00405278679454678,0.005389999999999976,1.0,1.0,1.0,0.0,0.0,0.0,44100.0,20000.0,0.00405278679454678,0.005389999999999976
stratified_size_rep030,stratified_size,30,b50_lb5_k10_eps0p001,hierarchical_local_aggregate,uniform,300,60,5,0.0,0.002190311634209312,0.00405278679454678,0.005389999999999976,1.0,1.0,1.0,0.0,0.0,0.0,44100.0,20000.0,0.00405278679454678,0.005389999999999976
stratified_size_rep030,stratified_size,30,b50_lb5_k10_eps0p001,local_only_offline_aggregate,confidence,300,60,5,0.0,0.0,0.001988501939490156,0.00422875816993464,1.0,1.0,1.0,0.0,0.0,0.0,60000.0,20000.0,0.001988501939490156,0.00422875816993464
stratified_size_rep030,stratified_size,30,b50_lb5_k10_eps0p001,local_only_offline_aggregate,shot_proportional,300,60,5,0.0,0.0,0.0019650391052922493,0.00422875816993464,1.0,1.0,1.0,0.0,0.0,0.0,60000.0,20000.0,0.0019650391052922493,0.00422875816993464
stratified_size_rep030,stratified_size,30,b50_lb5_k10_eps0p001,local_only_offline_aggregate,uniform,300,60,5,0.0,0.0,0.001979602759443544,0.00422875816993464,1.0,1.0,1.0,0.0,0.0,0.0,60000.0,20000.0,0.001979602759443544,0.00422875816993464
stratified_size_rep031,stratified_size,31,b50_lb5_k10_eps0p001,aggregate_only_sync,confidence,300,60,5,0.0,0.0017524182174551524,0.003959573982295589,0.005389999999999976,1.0,1.0,1.0,0.0,0.0,0.0,47700.0,20000.0,0.003959573982295589,0.005389999999999976
stratified_size_rep031,stratified_size,31,b50_lb5_k10_eps0p001,aggregate_only_sync,shot_proportional,300,60,5,0.0,0.0017524182174551524,0.003959573982295589,0.005389999999999976,1.0,1.0,1.0,0.0,0.0,0.0,47700.0,20000.0,0.003959573982295589,0.005389999999999976
stratified_size_rep031,stratified_size,31,b50_lb5_k10_eps0p001,aggregate_only_sync,uniform,300,60,5,0.0,0.0017524182174551524,0.003959573982295589,0.005389999999999976,1.0,1.0,1.0,0.0,0.0,0.0,47700.0,20000.0,0.003959573982295589,0.005389999999999976
stratified_size_rep031,stratified_size,31,b50_lb5_k10_eps0p001,hierarchical_local_aggregate,confidence,300,60,5,0.0,0.00167167477670768,0.003808003306080655,0.005403331604294519,1.0,1.0,1.0,0.0,0.0,0.0,47700.0,20000.0,0.003808003306080655,0.005403331604294519
stratified_size_rep031,stratified_size,31,b50_lb5_k10_eps0p001,hierarchical_local_aggregate,shot_proportional,300,60,5,0.0,0.0017524182174551524,0.003959573982295589,0.005389999999999976,1.0,1.0,1.0,0.0,0.0,0.0,47700.0,20000.0,0.003959573982295589,0.005389999999999976
stratified_size_rep031,stratified_size,31,b50_lb5_k10_eps0p001,hierarchical_local_aggregate,uniform,300,60,5,0.0,0.0017524182174551524,0.003959573982295589,0.005389999999999976,1.0,1.0,1.0,0.0,0.0,0.0,47700.0,20000.0,0.003959573982295589,0.005389999999999976
stratified_size_rep031,stratified_size,31,b50_lb5_k10_eps0p001,local_only_offline_aggregate,confidence,300,60,5,0.0,0.0,0.0021322290681774327,0.00422875816993464,1.0,1.0,1.0,0.0,0.0,0.0,60000.0,20000.0,0.0021322290681774327,0.00422875816993464
stratified_size_rep031,stratified_size,31,b50_lb5_k10_eps0p001,local_only_offline_aggregate,shot_proportional,300,60,5,0.0,0.0,0.0019795623532002536,0.00422875816993464,1.0,1.0,1.0,0.0,0.0,0.0,60000.0,20000.0,0.0019795623532002536,0.00422875816993464
stratified_size_rep031,stratified_size,31,b50_lb5_k10_eps0p001,local_only_offline_aggregate,uniform,300,60,5,0.0,0.0,0.002067987736969451,0.00422875816993464,1.0,1.0,1.0,0.0,0.0,0.0,60000.0,20000.0,0.002067987736969451,0.00422875816993464
stratified_size_rep032,stratified_size,32,b50_lb5_k10_eps0p001,aggregate_only_sync,confidence,300,60,5,0.0,0.0022053671172845,0.00405278679454678,0.005389999999999976,1.0,1.0,1.0,0.0,0.0,0.0,48375.0,20000.0,0.00405278679454678,0.005389999999999976
stratified_size_rep032,stratified_size,32,b50_lb5_k10_eps0p001,aggregate_only_sync,shot_proportional,300,60,5,0.0,0.0022053671172845,0.00405278679454678,0.005389999999999976,1.0,1.0,1.0,0.0,0.0,0.0,48375.0,20000.0,0.00405278679454678,0.005389999999999976
stratified_size_rep032,stratified_size,32,b50_lb5_k10_eps0p001,aggregate_only_sync,uniform,300,60,5,0.0,0.0022053671172845,0.00405278679454678,0.005389999999999976,1.0,1.0,1.0,0.0,0.0,0.0,48375.0,20000.0,0.00405278679454678,0.005389999999999976
stratified_size_rep032,stratified_size,32,b50_lb5_k10_eps0p001,hierarchical_local_aggregate,confidence,300,60,5,0.0,0.002182872856721907,0.004006972464794505,0.005403331604294519,1.0,1.0,1.0,0.0,0.0,0.0,48375.0,20000.0,0.004006972464794505,0.005403331604294519
stratified_size_rep032,stratified_size,32,b50_lb5_k10_eps0p001,hierarchical_local_aggregate,shot_proportional,300,60,5,0.0,0.0022053671172845,0.00405278679454678,0.005389999999999976,1.0,1.0,1.0,0.0,0.0,0.0,48375.0,20000.0,0.00405278679454678,0.005389999999999976
stratified_size_rep032,stratified_size,32,b50_lb5_k10_eps0p001,hierarchical_local_aggregate,uniform,300,60,5,0.0,0.0022053671172845,0.00405278679454678,0.005389999999999976,1.0,1.0,1.0,0.0,0.0,0.0,48375.0,20000.0,0.00405278679454678,0.005389999999999976
stratified_size_rep032,stratified_size,32,b50_lb5_k10_eps0p001,local_only_offline_aggregate,confidence,300,60,5,0.0,0.0,0.0019497385802401792,0.0038766839378238586,1.0,1.0,1.0,0.0,0.0,0.0,60000.0,20000.0,0.0019497385802401792,0.0038766839378238586
stratified_size_rep032,stratified_size,32,b50_lb5_k10_eps0p001,local_only_offline_aggregate,shot_proportional,300,60,5,0.0,0.0,0.0017969152034653761,0.0038766839378238586,1.0,1.0,1.0,0.0,0.0,0.0,60000.0,20000.0,0.0017969152034653761,0.0038766839378238586
stratified_size_rep032,stratified_size,32,b50_lb5_k10_eps0p001,local_only_offline_aggregate,uniform,300,60,5,0.0,0.0,0.001969743438567363,0.0038766839378238586,1.0,1.0,1.0,0.0,0.0,0.0,60000.0,20000.0,0.001969743438567363,0.0038766839378238586
stratified_size_rep033,stratified_size,33,b50_lb5_k10_eps0p001,aggregate_only_sync,confidence,300,60,5,0.0,0.002422891025096894,0.004134325276405565,0.005389999999999976,1.0,1.0,1.0,0.0,0.0,0.0,43775.0,20000.0,0.004134325276405565,0.005389999999999976
stratified_size_rep033,stratified_size,33,b50_lb5_k10_eps0p001,aggregate_only_sync,shot_proportional,300,60,5,0.0,0.002422891025096894,0.004134325276405565,0.005389999999999976,1.0,1.0,1.0,0.0,0.0,0.0,43775.0,20000.0,0.004134325276405565,0.005389999999999976
stratified_size_rep033,stratified_size,33,b50_lb5_k10_eps0p001,aggregate_only_sync,uniform,300,60,5,0.0,0.002422891025096894,0.004134325276405565,0.005389999999999976,1.0,1.0,1.0,0.0,0.0,0.0,43775.0,20000.0,0.004134325276405565,0.005389999999999976
stratified_size_rep033,stratified_size,33,b50_lb5_k10_eps0p001,hierarchical_local_aggregate,confidence,300,60,5,0.0,0.0024634582217809074,0.004090841117113425,0.005403331604294519,1.0,1.0,1.0,0.0,0.0,0.0,43775.0,20000.0,0.004090841117113425,0.005403331604294519
stratified_size_rep033,stratified_size,33,b50_lb5_k10_eps0p001,hierarchical_local_aggregate,shot_proportional,300,60,5,0.0,0.0024491621067031237,0.004134325276405565,0.005389999999999976,1.0,1.0,1.0,0.0,0.0,0.0,43775.0,20000.0,0.004134325276405565,0.005389999999999976
stratified_size_rep033,stratified_size,33,b50_lb5_k10_eps0p001,hierarchical_local_aggregate,uniform,300,60,5,0.0,0.0024491621067031237,0.004134325276405565,0.005389999999999976,1.0,1.0,1.0,0.0,0.0,0.0,43775.0,20000.0,0.004134325276405565,0.005389999999999976
stratified_size_rep033,stratified_size,33,b50_lb5_k10_eps0p001,local_only_offline_aggregate,confidence,300,60,5,0.0,0.0,0.0023205883088885156,0.00422875816993464,1.0,1.0,1.0,0.0,0.0,0.0,60000.0,20000.0,0.0023205883088885156,0.00422875816993464
stratified_size_rep033,stratified_size,33,b50_lb5_k10_eps0p001,local_only_offline_aggregate,shot_proportional,300,60,5,0.0,0.0,0.002190647986837017,0.00422875816993464,1.0,1.0,1.0,0.0,0.0,0.0,60000.0,20000.0,0.002190647986837017,0.00422875816993464
stratified_size_rep033,stratified_size,33,b50_lb5_k10_eps0p001,local_only_offline_aggregate,uniform,300,60,5,0.0,0.0,0.0022117463194730813,0.00422875816993464,1.0,1.0,1.0,0.0,0.0,0.0,60000.0,20000.0,0.0022117463194730813,0.00422875816993464
stratified_size_rep034,stratified_size,34,b50_lb5_k10_eps0p001,aggregate_only_sync,confidence,300,60,5,0.0,0.0,0.003959573982295589,0.005389999999999976,1.0,1.0,1.0,0.0,0.0,0.0,55212.5,20000.0,0.003959573982295589,0.005389999999999976
stratified_size_rep034,stratified_size,34,b50_lb5_k10_eps0p001,aggregate_only_sync,shot_proportional,300,60,5,0.0,0.0,0.003959573982295589,0.005389999999999976,1.0,1.0,1.0,0.0,0.0,0.0,55212.5,20000.0,0.003959573982295589,0.005389999999999976
stratified_size_rep034,stratified_size,34,b50_lb5_k10_eps0p001,aggregate_only_sync,uniform,300,60,5,0.0,0.0,0.003959573982295589,0.005389999999999976,1.0,1.0,1.0,0.0,0.0,0.0,55212.5,20000.0,0.003959573982295589,0.005389999999999976
stratified_size_rep034,stratified_size,34,b50_lb5_k10_eps0p001,hierarchical_local_aggregate,confidence,300,60,5,0.0,0.0,0.0038137350519742283,0.005403331604294519,1.0,1.0,1.0,0.0,0.0,0.0,55212.5,20000.0,0.0038137350519742283,0.005403331604294519
stratified_size_rep034,stratified_size,34,b50_lb5_k10_eps0p001,hierarchical_local_aggregate,shot_proportional,300,60,5,0.0,0.0,0.003959573982295589,0.005389999999999976,1.0,1.0,1.0,0.0,0.0,0.0,55212.5,20000.0,0.003959573982295589,0.005389999999999976
stratified_size_rep034,stratified_size,34,b50_lb5_k10_eps0p001,hierarchical_local_aggregate,uniform,300,60,5,0.0,0.0,0.003959573982295589,0.005389999999999976,1.0,1.0,1.0,0.0,0.0,0.0,55212.5,20000.0,0.003959573982295589,0.005389999999999976
stratified_size_rep034,stratified_size,34,b50_lb5_k10_eps0p001,local_only_offline_aggregate,confidence,300,60,5,0.0,0.0,0.00181200548068325,0.00422875816993464,1.0,1.0,1.0,0.0,0.0,0.0,60000.0,20000.0,0.00181200548068325,0.00422875816993464
stratified_size_rep034,stratified_size,34,b50_lb5_k10_eps0p001,local_only_offline_aggregate,shot_proportional,300,60,5,0.0,0.0,0.0016553548016205524,0.00422875816993464,1.0,1.0,1.0,0.0,0.0,0.0,60000.0,20000.0,0.0016553548016205524,0.00422875816993464
stratified_size_rep034,stratified_size,34,b50_lb5_k10_eps0p001,local_only_offline_aggregate,uniform,300,60,5,0.0,0.0,0.0017980575004396214,0.00422875816993464,1.0,1.0,1.0,0.0,0.0,0.0,60000.0,20000.0,0.0017980575004396214,0.00422875816993464
stratified_size_rep035,stratified_size,35,b50_lb5_k10_eps0p001,aggregate_only_sync,confidence,300,60,5,0.0,0.0018275421280873842,0.004044077283642464,0.005389999999999976,1.0,1.0,1.0,0.0,0.0,0.0,43775.0,20000.0,0.004044077283642464,0.005389999999999976
stratified_size_rep035,stratified_size,35,b50_lb5_k10_eps0p001,aggregate_only_sync,shot_proportional,300,60,5,0.0,0.0018275421280873842,0.004044077283642464,0.005389999999999976,1.0,1.0,1.0,0.0,0.0,0.0,43775.0,20000.0,0.004044077283642464,0.005389999999999976
stratified_size_rep035,stratified_size,35,b50_lb5_k10_eps0p001,aggregate_only_sync,uniform,300,60,5,0.0,0.0018275421280873842,0.004044077283642464,0.005389999999999976,1.0,1.0,1.0,0.0,0.0,0.0,43775.0,20000.0,0.004044077283642464,0.005389999999999976
stratified_size_rep035,stratified_size,35,b50_lb5_k10_eps0p001,hierarchical_local_aggregate,confidence,300,60,5,0.0,0.0017524182174551524,0.003958370119365367,0.005403331604294519,1.0,1.0,1.0,0.0,0.0,0.0,43775.0,20000.0,0.003958370119365367,0.005403331604294519
stratified_size_rep035,stratified_size,35,b50_lb5_k10_eps0p001,hierarchical_local_aggregate,shot_proportional,300,60,5,0.0,0.0018284180455503485,0.004044077283642464,0.005389999999999976,1.0,1.0,1.0,0.0,0.0,0.0,43775.0,20000.0,0.004044077283642464,0.005389999999999976
stratified_size_rep035,stratified_size,35,b50_lb5_k10_eps0p001,hierarchical_local_aggregate,uniform,300,60,5,0.0,0.0018284180455503485,0.004044077283642464,0.005389999999999976,1.0,1.0,1.0,0.0,0.0,0.0,43775.0,20000.0,0.004044077283642464,0.005389999999999976
stratified_size_rep035,stratified_size,35,b50_lb5_k10_eps0p001,local_only_offline_aggregate,confidence,300,60,5,0.0,0.0,0.0020602070958613177,0.00422875816993464,1.0,1.0,1.0,0.0,0.0,0.0,60000.0,20000.0,0.0020602070958613177,0.00422875816993464
stratified_size_rep035,stratified_size,35,b50_lb5_k10_eps0p001,local_only_offline_aggregate,shot_proportional,300,60,5,0.0,0.0,0.0019650391052922493,0.00422875816993464,1.0,1.0,1.0,0.0,0.0,0.0,60000.0,20000.0,0.0019650391052922493,0.00422875816993464
stratified_size_rep035,stratified_size,35,b50_lb5_k10_eps0p001,local_only_offline_aggregate,uniform,300,60,5,0.0,0.0,0.002036590016944104,0.00422875816993464,1.0,1.0,1.0,0.0,0.0,0.0,60000.0,20000.0,0.002036590016944104,0.00422875816993464
stratified_size_rep036,stratified_size,36,b50_lb5_k10_eps0p001,aggregate_only_sync,confidence,300,60,5,0.0,0.0021927276906697772,0.003984184819329531,0.005389999999999976,1.0,1.0,1.0,0.0,0.0,0.0,42587.5,20000.0,0.003984184819329531,0.005389999999999976
stratified_size_rep036,stratified_size,36,b50_lb5_k10_eps0p001,aggregate_only_sync,shot_proportional,300,60,5,0.0,0.0021927276906697772,0.003984184819329531,0.005389999999999976,1.0,1.0,1.0,0.0,0.0,0.0,42587.5,20000.0,0.003984184819329531,0.005389999999999976
stratified_size_rep036,stratified_size,36,b50_lb5_k10_eps0p001,aggregate_only_sync,uniform,300,60,5,0.0,0.0021927276906697772,0.003984184819329531,0.005389999999999976,1.0,1.0,1.0,0.0,0.0,0.0,42587.5,20000.0,0.003984184819329531,0.005389999999999976
stratified_size_rep036,stratified_size,36,b50_lb5_k10_eps0p001,hierarchical_local_aggregate,confidence,300,60,5,0.0,0.0021142582055593395,0.003880629257878555,0.005403331604294519,1.0,1.0,1.0,0.0,0.0,0.0,42475.0,20000.0,0.003880629257878555,0.005403331604294519
stratified_size_rep036,stratified_size,36,b50_lb5_k10_eps0p001,hierarchical_local_aggregate,shot_proportional,300,60,5,0.0,0.0021927276906697772,0.003984184819329531,0.005389999999999976,1.0,1.0,1.0,0.0,0.0,0.0,42475.0,20000.0,0.003984184819329531,0.005389999999999976
stratified_size_rep036,stratified_size,36,b50_lb5_k10_eps0p001,hierarchical_local_aggregate,uniform,300,60,5,0.0,0.002190311634209312,0.003984184819329531,0.005389999999999976,1.0,1.0,1.0,0.0,0.0,0.0,42475.0,20000.0,0.003984184819329531,0.005389999999999976
stratified_size_rep036,stratified_size,36,b50_lb5_k10_eps0p001,local_only_offline_aggregate,confidence,300,60,5,0.0,0.0,0.00234247673442788,0.00422875816993464,1.0,1.0,1.0,0.0,0.0,0.0,60000.0,20000.0,0.00234247673442788,0.00422875816993464
stratified_size_rep036,stratified_size,36,b50_lb5_k10_eps0p001,local_only_offline_aggregate,shot_proportional,300,60,5,0.0,0.0,0.0022514386747703556,0.00422875816993464,1.0,1.0,1.0,0.0,0.0,0.0,60000.0,20000.0,0.0022514386747703556,0.00422875816993464
stratified_size_rep036,stratified_size,36,b50_lb5_k10_eps0p001,local_only_offline_aggregate,uniform,300,60,5,0.0,0.0,0.0024354572612638975,0.00422875816993464,1.0,1.0,1.0,0.0,0.0,0.0,60000.0,20000.0,0.0024354572612638975,0.00422875816993464
stratified_size_rep037,stratified_size,37,b50_lb5_k10_eps0p001,aggregate_only_sync,confidence,300,60,5,0.0,0.002129708161082546,0.00405278679454678,0.005389999999999976,1.0,1.0,1.0,0.0,0.0,0.0,44100.0,20000.0,0.00405278679454678,0.005389999999999976
stratified_size_rep037,stratified_size,37,b50_lb5_k10_eps0p001,aggregate_only_sync,shot_proportional,300,60,5,0.0,0.002129708161082546,0.00405278679454678,0.005389999999999976,1.0,1.0,1.0,0.0,0.0,0.0,44100.0,20000.0,0.00405278679454678,0.005389999999999976
stratified_size_rep037,stratified_size,37,b50_lb5_k10_eps0p001,aggregate_only_sync,uniform,300,60,5,0.0,0.002129708161082546,0.00405278679454678,0.005389999999999976,1.0,1.0,1.0,0.0,0.0,0.0,44100.0,20000.0,0.00405278679454678,0.005389999999999976
stratified_size_rep037,stratified_size,37,b50_lb5_k10_eps0p001,hierarchical_local_aggregate,confidence,300,60,5,0.0,0.0020370105510252464,0.004006972464794505,0.005403331604294519,1.0,1.0,1.0,0.0,0.0,0.0,44100.0,20000.0,0.004006972464794505,0.005403331604294519
stratified_size_rep037,stratified_size,37,b50_lb5_k10_eps0p001,hierarchical_local_aggregate,shot_proportional,300,60,5,0.0,0.002143544386953499,0.00405278679454678,0.005389999999999976,1.0,1.0,1.0,0.0,0.0,0.0,44100.0,20000.0,0.00405278679454678,0.005389999999999976
stratified_size_rep037,stratified_size,37,b50_lb5_k10_eps0p001,hierarchical_local_aggregate,uniform,300,60,5,0.0,0.002139433342293678,0.00405278679454678,0.005389999999999976,1.0,1.0,1.0,0.0,0.0,0.0,44100.0,20000.0,0.00405278679454678,0.005389999999999976
stratified_size_rep037,stratified_size,37,b50_lb5_k10_eps0p001,local_only_offline_aggregate,confidence,300,60,5,0.0,0.0,0.001988501939490156,0.00422875816993464,1.0,1.0,1.0,0.0,0.0,0.0,60000.0,20000.0,0.001988501939490156,0.00422875816993464
stratified_size_rep037,stratified_size,37,b50_lb5_k10_eps0p001,local_only_offline_aggregate,shot_proportional,300,60,5,0.0,0.0,0.0019650391052922493,0.00422875816993464,1.0,1.0,1.0,0.0,0.0,0.0,60000.0,20000.0,0.0019650391052922493,0.00422875816993464
stratified_size_rep037,stratified_size,37,b50_lb5_k10_eps0p001,local_only_offline_aggregate,uniform,300,60,5,0.0,0.0,0.001979602759443544,0.00422875816993464,1.0,1.0,1.0,0.0,0.0,0.0,60000.0,20000.0,0.001979602759443544,0.00422875816993464
stratified_size_rep038,stratified_size,38,b50_lb5_k10_eps0p001,aggregate_only_sync,confidence,300,60,5,0.0,0.002422891025096894,0.00401727137529408,0.005057272727272713,1.0,1.0,1.0,0.0,0.0,0.0,43775.0,20000.0,0.00401727137529408,0.005057272727272713
stratified_size_rep038,stratified_size,38,b50_lb5_k10_eps0p001,aggregate_only_sync,shot_proportional,300,60,5,0.0,0.002422891025096894,0.00401727137529408,0.005057272727272713,1.0,1.0,1.0,0.0,0.0,0.0,43775.0,20000.0,0.00401727137529408,0.005057272727272713
stratified_size_rep038,stratified_size,38,b50_lb5_k10_eps0p001,aggregate_only_sync,uniform,300,60,5,0.0,0.002422891025096894,0.00401727137529408,0.005057272727272713,1.0,1.0,1.0,0.0,0.0,0.0,43775.0,20000.0,0.00401727137529408,0.005057272727272713
stratified_size_rep038,stratified_size,38,b50_lb5_k10_eps0p001,hierarchical_local_aggregate,confidence,300,60,5,0.0,0.0024634582217809074,0.003958370119365367,0.005177761830320271,1.0,1.0,1.0,0.0,0.0,0.0,43775.0,20000.0,0.003958370119365367,0.005177761830320271
stratified_size_rep038,stratified_size,38,b50_lb5_k10_eps0p001,hierarchical_local_aggregate,shot_proportional,300,60,5,0.0,0.0024491621067031237,0.00401727137529408,0.005057272727272713,1.0,1.0,1.0,0.0,0.0,0.0,43775.0,20000.0,0.00401727137529408,0.005057272727272713
stratified_size_rep038,stratified_size,38,b50_lb5_k10_eps0p001,hierarchical_local_aggregate,uniform,300,60,5,0.0,0.0024491621067031237,0.00401727137529408,0.005057272727272713,1.0,1.0,1.0,0.0,0.0,0.0,43775.0,20000.0,0.00401727137529408,0.005057272727272713
stratified_size_rep038,stratified_size,38,b50_lb5_k10_eps0p001,local_only_offline_aggregate,confidence,300,60,5,0.0,0.0,0.00234247673442788,0.00422875816993464,1.0,1.0,1.0,0.0,0.0,0.0,60000.0,20000.0,0.00234247673442788,0.00422875816993464
stratified_size_rep038,stratified_size,38,b50_lb5_k10_eps0p001,local_only_offline_aggregate,shot_proportional,300,60,5,0.0,0.0,0.0022514386747703556,0.00422875816993464,1.0,1.0,1.0,0.0,0.0,0.0,60000.0,20000.0,0.0022514386747703556,0.00422875816993464
stratified_size_rep038,stratified_size,38,b50_lb5_k10_eps0p001,local_only_offline_aggregate,uniform,300,60,5,0.0,0.0,0.0024354572612638975,0.00422875816993464,1.0,1.0,1.0,0.0,0.0,0.0,60000.0,20000.0,0.0024354572612638975,0.00422875816993464
stratified_size_rep039,stratified_size,39,b50_lb5_k10_eps0p001,aggregate_only_sync,confidence,300,60,5,0.0,0.0024140069489334308,0.004134325276405565,0.005389999999999976,1.0,1.0,1.0,0.0,0.0,0.0,44100.0,20000.0,0.004134325276405565,0.005389999999999976
stratified_size_rep039,stratified_size,39,b50_lb5_k10_eps0p001,aggregate_only_sync,shot_proportional,300,60,5,0.0,0.0024140069489334308,0.004134325276405565,0.005389999999999976,1.0,1.0,1.0,0.0,0.0,0.0,44100.0,20000.0,0.004134325276405565,0.005389999999999976
stratified_size_rep039,stratified_size,39,b50_lb5_k10_eps0p001,aggregate_only_sync,uniform,300,60,5,0.0,0.0024140069489334308,0.004134325276405565,0.005389999999999976,1.0,1.0,1.0,0.0,0.0,0.0,44100.0,20000.0,0.004134325276405565,0.005389999999999976
stratified_size_rep039,stratified_size,39,b50_lb5_k10_eps0p001,hierarchical_local_aggregate,confidence,300,60,5,0.0,0.0022899411963305588,0.004008597943662781,0.005403331604294519,1.0,1.0,1.0,0.0,0.0,0.0,44100.0,20000.0,0.004008597943662781,0.005403331604294519
stratified_size_rep039,stratified_size,39,b50_lb5_k10_eps0p001,hierarchical_local_aggregate,shot_proportional,300,60,5,0.0,0.0024140069489334308,0.004134325276405565,0.005389999999999976,1.0,1.0,1.0,0.0,0.0,0.0,44100.0,20000.0,0.004134325276405565,0.005389999999999976
stratified_size_rep039,stratified_size,39,b50_lb5_k10_eps0p001,hierarchical_local_aggregate,uniform,300,60,5,0.0,0.0024140069489334308,0.004134325276405565,0.005389999999999976,1.0,1.0,1.0,0.0,0.0,0.0,44100.0,20000.0,0.004134325276405565,0.005389999999999976
stratified_size_rep039,stratified_size,39,b50_lb5_k10_eps0p001,local_only_offline_aggregate,confidence,300,60,5,0.0,0.0,0.002305586076975793,0.00422875816993464,1.0,1.0,1.0,0.0,0.0,0.0,60000.0,20000.0,0.002305586076975793,0.00422875816993464
stratified_size_rep039,stratified_size,39,b50_lb5_k10_eps0p001,local_only_offline_aggregate,shot_proportional,300,60,5,0.0,0.0,0.002190647986837017,0.00422875816993464,1.0,1.0,1.0,0.0,0.0,0.0,60000.0,20000.0,0.002190647986837017,0.00422875816993464
stratified_size_rep039,stratified_size,39,b50_lb5_k10_eps0p001,local_only_offline_aggregate,uniform,300,60,5,0.0,0.0,0.0021639743585318448,0.00422875816993464,1.0,1.0,1.0,0.0,0.0,0.0,60000.0,20000.0,0.0021639743585318448,0.00422875816993464
stratified_size_rep040,stratified_size,40,b50_lb5_k10_eps0p001,aggregate_only_sync,confidence,300,60,5,0.0,0.0011615224358974428,0.003959573982295589,0.005389999999999976,1.0,1.0,1.0,0.0,0.0,0.0,44100.0,20000.0,0.003959573982295589,0.005389999999999976
stratified_size_rep040,stratified_size,40,b50_lb5_k10_eps0p001,aggregate_only_sync,shot_proportional,300,60,5,0.0,0.0011615224358974428,0.003959573982295589,0.005389999999999976,1.0,1.0,1.0,0.0,0.0,0.0,44100.0,20000.0,0.003959573982295589,0.005389999999999976
stratified_size_rep040,stratified_size,40,b50_lb5_k10_eps0p001,aggregate_only_sync,uniform,300,60,5,0.0,0.0011615224358974428,0.003959573982295589,0.005389999999999976,1.0,1.0,1.0,0.0,0.0,0.0,44100.0,20000.0,0.003959573982295589,0.005389999999999976
stratified_size_rep040,stratified_size,40,b50_lb5_k10_eps0p001,hierarchical_local_aggregate,confidence,300,60,5,0.0,0.0012010685577542644,0.003808003306080655,0.005403331604294519,1.0,1.0,1.0,0.0,0.0,0.0,44100.0,20000.0,0.003808003306080655,0.005403331604294519
stratified_size_rep040,stratified_size,40,b50_lb5_k10_eps0p001,hierarchical_local_aggregate,shot_proportional,300,60,5,0.0,0.0012789615384615363,0.003959573982295589,0.005389999999999976,1.0,1.0,1.0,0.0,0.0,0.0,44100.0,20000.0,0.003959573982295589,0.005389999999999976
stratified_size_rep040,stratified_size,40,b50_lb5_k10_eps0p001,hierarchical_local_aggregate,uniform,300,60,5,0.0,0.0012789615384615363,0.003959573982295589,0.005389999999999976,1.0,1.0,1.0,0.0,0.0,0.0,44100.0,20000.0,0.003959573982295589,0.005389999999999976
stratified_size_rep040,stratified_size,40,b50_lb5_k10_eps0p001,local_only_offline_aggregate,confidence,300,60,5,0.0,0.0,0.002305586076975793,0.00422875816993464,1.0,1.0,1.0,0.0,0.0,0.0,60000.0,20000.0,0.002305586076975793,0.00422875816993464
stratified_size_rep040,stratified_size,40,b50_lb5_k10_eps0p001,local_only_offline_aggregate,shot_proportional,300,60,5,0.0,0.0,0.0019801996553321143,0.00422875816993464,1.0,1.0,1.0,0.0,0.0,0.0,60000.0,20000.0,0.0019801996553321143,0.00422875816993464
stratified_size_rep040,stratified_size,40,b50_lb5_k10_eps0p001,local_only_offline_aggregate,uniform,300,60,5,0.0,0.0,0.0021522280390587315,0.00422875816993464,1.0,1.0,1.0,0.0,0.0,0.0,60000.0,20000.0,0.0021522280390587315,0.00422875816993464
stratified_size_rep041,stratified_size,41,b50_lb5_k10_eps0p001,aggregate_only_sync,confidence,300,60,5,0.0,0.00218541797684487,0.003985582937284491,0.005389999999999976,1.0,1.0,1.0,0.0,0.0,0.0,45712.5,20000.0,0.003985582937284491,0.005389999999999976
stratified_size_rep041,stratified_size,41,b50_lb5_k10_eps0p001,aggregate_only_sync,shot_proportional,300,60,5,0.0,0.00218541797684487,0.003985582937284491,0.005389999999999976,1.0,1.0,1.0,0.0,0.0,0.0,45712.5,20000.0,0.003985582937284491,0.005389999999999976
stratified_size_rep041,stratified_size,41,b50_lb5_k10_eps0p001,aggregate_only_sync,uniform,300,60,5,0.0,0.00218541797684487,0.003985582937284491,0.005389999999999976,1.0,1.0,1.0,0.0,0.0,0.0,45712.5,20000.0,0.003985582937284491,0.005389999999999976
stratified_size_rep041,stratified_size,41,b50_lb5_k10_eps0p001,hierarchical_local_aggregate,confidence,300,60,5,0.0,0.0020980773733247308,0.003880629257878555,0.005403331604294519,1.0,1.0,1.0,0.0,0.0,0.0,45712.5,20000.0,0.003880629257878555,0.005403331604294519
stratified_size_rep041,stratified_size,41,b50_lb5_k10_eps0p001,hierarchical_local_aggregate,shot_proportional,300,60,5,0.0,0.00218541797684487,0.003985582937284491,0.005389999999999976,1.0,1.0,1.0,0.0,0.0,0.0,45712.5,20000.0,0.003985582937284491,0.005389999999999976
stratified_size_rep041,stratified_size,41,b50_lb5_k10_eps0p001,hierarchical_local_aggregate,uniform,300,60,5,0.0,0.002185164712057493,0.003985582937284491,0.005389999999999976,1.0,1.0,1.0,0.0,0.0,0.0,45712.5,20000.0,0.003985582937284491,0.005389999999999976
stratified_size_rep041,stratified_size,41,b50_lb5_k10_eps0p001,local_only_offline_aggregate,confidence,300,60,5,0.0,0.0,0.0020602070958613177,0.00422875816993464,1.0,1.0,1.0,0.0,0.0,0.0,60000.0,20000.0,0.0020602070958613177,0.00422875816993464
stratified_size_rep041,stratified_size,41,b50_lb5_k10_eps0p001,local_only_offline_aggregate,shot_proportional,300,60,5,0.0,0.0,0.0020324489052615117,0.00422875816993464,1.0,1.0,1.0,0.0,0.0,0.0,60000.0,20000.0,0.0020324489052615117,0.00422875816993464
stratified_size_rep041,stratified_size,41,b50_lb5_k10_eps0p001,local_only_offline_aggregate,uniform,300,60,5,0.0,0.0,0.002067987736969451,0.00422875816993464,1.0,1.0,1.0,0.0,0.0,0.0,60000.0,20000.0,0.002067987736969451,0.00422875816993464
stratified_size_rep042,stratified_size,42,b50_lb5_k10_eps0p001,aggregate_only_sync,confidence,300,60,5,0.0,0.0019568660542852922,0.004044077283642464,0.005389999999999976,1.0,1.0,1.0,0.0,0.0,0.0,43775.0,20000.0,0.004044077283642464,0.005389999999999976
stratified_size_rep042,stratified_size,42,b50_lb5_k10_eps0p001,aggregate_only_sync,shot_proportional,300,60,5,0.0,0.0019568660542852922,0.004044077283642464,0.005389999999999976,1.0,1.0,1.0,0.0,0.0,0.0,43775.0,20000.0,0.004044077283642464,0.005389999999999976
stratified_size_rep042,stratified_size,42,b50_lb5_k10_eps0p001,aggregate_only_sync,uniform,300,60,5,0.0,0.0019568660542852922,0.004044077283642464,0.005389999999999976,1.0,1.0,1.0,0.0,0.0,0.0,43775.0,20000.0,0.004044077283642464,0.005389999999999976
stratified_size_rep042,stratified_size,42,b50_lb5_k10_eps0p001,hierarchical_local_aggregate,confidence,300,60,5,0.0,0.0018515294985066266,0.003962698707441718,0.005403331604294519,1.0,1.0,1.0,0.0,0.0,0.0,43775.0,20000.0,0.003962698707441718,0.005403331604294519
stratified_size_rep042,stratified_size,42,b50_lb5_k10_eps0p001,hierarchical_local_aggregate,shot_proportional,300,60,5,0.0,0.001972595210407356,0.004044077283642464,0.005389999999999976,1.0,1.0,1.0,0.0,0.0,0.0,43775.0,20000.0,0.004044077283642464,0.005389999999999976
stratified_size_rep042,stratified_size,42,b50_lb5_k10_eps0p001,hierarchical_local_aggregate,uniform,300,60,5,0.0,0.001972595210407356,0.004044077283642464,0.005389999999999976,1.0,1.0,1.0,0.0,0.0,0.0,43775.0,20000.0,0.004044077283642464,0.005389999999999976
stratified_size_rep042,stratified_size,42,b50_lb5_k10_eps0p001,local_only_offline_aggregate,confidence,300,60,5,0.0,0.0,0.0020602070958613177,0.00422875816993464,1.0,1.0,1.0,0.0,0.0,0.0,60000.0,20000.0,0.0020602070958613177,0.00422875816993464
stratified_size_rep042,stratified_size,42,b50_lb5_k10_eps0p001,local_only_offline_aggregate,shot_proportional,300,60,5,0.0,0.0,0.0019650391052922493,0.00422875816993464,1.0,1.0,1.0,0.0,0.0,0.0,60000.0,20000.0,0.0019650391052922493,0.00422875816993464
stratified_size_rep042,stratified_size,42,b50_lb5_k10_eps0p001,local_only_offline_aggregate,uniform,300,60,5,0.0,0.0,0.002036590016944104,0.00422875816993464,1.0,1.0,1.0,0.0,0.0,0.0,60000.0,20000.0,0.002036590016944104,0.00422875816993464
stratified_size_rep043,stratified_size,43,b50_lb5_k10_eps0p001,aggregate_only_sync,confidence,300,60,5,0.0,0.0018275421280873842,0.003953488664939846,0.005389999999999976,1.0,1.0,1.0,0.0,0.0,0.0,45712.5,20000.0,0.003953488664939846,0.005389999999999976
stratified_size_rep043,stratified_size,43,b50_lb5_k10_eps0p001,aggregate_only_sync,shot_proportional,300,60,5,0.0,0.0018275421280873842,0.003953488664939846,0.005389999999999976,1.0,1.0,1.0,0.0,0.0,0.0,45712.5,20000.0,0.003953488664939846,0.005389999999999976
stratified_size_rep043,stratified_size,43,b50_lb5_k10_eps0p001,aggregate_only_sync,uniform,300,60,5,0.0,0.0018275421280873842,0.003953488664939846,0.005389999999999976,1.0,1.0,1.0,0.0,0.0,0.0,45712.5,20000.0,0.003953488664939846,0.005389999999999976
stratified_size_rep043,stratified_size,43,b50_lb5_k10_eps0p001,hierarchical_local_aggregate,confidence,300,60,5,0.0,0.0017524182174551524,0.003842741846885208,0.005403331604294519,1.0,1.0,1.0,0.0,0.0,0.0,45712.5,20000.0,0.003842741846885208,0.005403331604294519
stratified_size_rep043,stratified_size,43,b50_lb5_k10_eps0p001,hierarchical_local_aggregate,shot_proportional,300,60,5,0.0,0.0018284180455503485,0.003953488664939846,0.005389999999999976,1.0,1.0,1.0,0.0,0.0,0.0,45712.5,20000.0,0.003953488664939846,0.005389999999999976
stratified_size_rep043,stratified_size,43,b50_lb5_k10_eps0p001,hierarchical_local_aggregate,uniform,300,60,5,0.0,0.0018284180455503485,0.003953488664939846,0.005389999999999976,1.0,1.0,1.0,0.0,0.0,0.0,45712.5,20000.0,0.003953488664939846,0.005389999999999976
stratified_size_rep043,stratified_size,43,b50_lb5_k10_eps0p001,local_only_offline_aggregate,confidence,300,60,5,0.0,0.0,0.002305586076975793,0.00422875816993464,1.0,1.0,1.0,0.0,0.0,0.0,60000.0,20000.0,0.002305586076975793,0.00422875816993464
stratified_size_rep043,stratified_size,43,b50_lb5_k10_eps0p001,local_only_offline_aggregate,shot_proportional,300,60,5,0.0,0.0,0.002190647986837017,0.00422875816993464,1.0,1.0,1.0,0.0,0.0,0.0,60000.0,20000.0,0.002190647986837017,0.00422875816993464
stratified_size_rep043,stratified_size,43,b50_lb5_k10_eps0p001,local_only_offline_aggregate,uniform,300,60,5,0.0,0.0,0.0021639743585318448,0.00422875816993464,1.0,1.0,1.0,0.0,0.0,0.0,60000.0,20000.0,0.0021639743585318448,0.00422875816993464
stratified_size_rep044,stratified_size,44,b50_lb5_k10_eps0p001,aggregate_only_sync,confidence,300,60,5,0.0,0.002129708161082546,0.00401727137529408,0.005389999999999976,1.0,1.0,1.0,0.0,0.0,0.0,47212.5,20000.0,0.00401727137529408,0.005389999999999976
stratified_size_rep044,stratified_size,44,b50_lb5_k10_eps0p001,aggregate_only_sync,shot_proportional,300,60,5,0.0,0.002129708161082546,0.00401727137529408,0.005389999999999976,1.0,1.0,1.0,0.0,0.0,0.0,47212.5,20000.0,0.00401727137529408,0.005389999999999976
stratified_size_rep044,stratified_size,44,b50_lb5_k10_eps0p001,aggregate_only_sync,uniform,300,60,5,0.0,0.002129708161082546,0.00401727137529408,0.005389999999999976,1.0,1.0,1.0,0.0,0.0,0.0,47212.5,20000.0,0.00401727137529408,0.005389999999999976
stratified_size_rep044,stratified_size,44,b50_lb5_k10_eps0p001,hierarchical_local_aggregate,confidence,300,60,5,0.0,0.0019357787985277574,0.003955612818052376,0.005403331604294519,1.0,1.0,1.0,0.0,0.0,0.0,47212.5,20000.0,0.003955612818052376,0.005403331604294519
stratified_size_rep044,stratified_size,44,b50_lb5_k10_eps0p001,hierarchical_local_aggregate,shot_proportional,300,60,5,0.0,0.002129708161082546,0.00401727137529408,0.005389999999999976,1.0,1.0,1.0,0.0,0.0,0.0,47212.5,20000.0,0.00401727137529408,0.005389999999999976
stratified_size_rep044,stratified_size,44,b50_lb5_k10_eps0p001,hierarchical_local_aggregate,uniform,300,60,5,0.0,0.002129708161082546,0.00401727137529408,0.005389999999999976,1.0,1.0,1.0,0.0,0.0,0.0,47212.5,20000.0,0.00401727137529408,0.005389999999999976
stratified_size_rep044,stratified_size,44,b50_lb5_k10_eps0p001,local_only_offline_aggregate,confidence,300,60,5,0.0,0.0,0.0023205883088885156,0.00422875816993464,1.0,1.0,1.0,0.0,0.0,0.0,60000.0,20000.0,0.0023205883088885156,0.00422875816993464
stratified_size_rep044,stratified_size,44,b50_lb5_k10_eps0p001,local_only_offline_aggregate,shot_proportional,300,60,5,0.0,0.0,0.002190647986837017,0.00422875816993464,1.0,1.0,1.0,0.0,0.0,0.0,60000.0,20000.0,0.002190647986837017,0.00422875816993464
stratified_size_rep044,stratified_size,44,b50_lb5_k10_eps0p001,local_only_offline_aggregate,uniform,300,60,5,0.0,0.0,0.0022117463194730813,0.00422875816993464,1.0,1.0,1.0,0.0,0.0,0.0,60000.0,20000.0,0.0022117463194730813,0.00422875816993464
stratified_size_rep045,stratified_size,45,b50_lb5_k10_eps0p001,aggregate_only_sync,confidence,300,60,5,0.0,0.002579287790697643,0.004134325276405565,0.005389999999999976,1.0,1.0,1.0,0.0,0.0,0.0,43775.0,20000.0,0.004134325276405565,0.005389999999999976
stratified_size_rep045,stratified_size,45,b50_lb5_k10_eps0p001,aggregate_only_sync,shot_proportional,300,60,5,0.0,0.002579287790697643,0.004134325276405565,0.005389999999999976,1.0,1.0,1.0,0.0,0.0,0.0,43775.0,20000.0,0.004134325276405565,0.005389999999999976
stratified_size_rep045,stratified_size,45,b50_lb5_k10_eps0p001,aggregate_only_sync,uniform,300,60,5,0.0,0.002579287790697643,0.004134325276405565,0.005389999999999976,1.0,1.0,1.0,0.0,0.0,0.0,43775.0,20000.0,0.004134325276405565,0.005389999999999976
stratified_size_rep045,stratified_size,45,b50_lb5_k10_eps0p001,hierarchical_local_aggregate,confidence,300,60,5,0.0,0.0026576903672057197,0.004008597943662781,0.005403331604294519,1.0,1.0,1.0,0.0,0.0,0.0,43775.0,20000.0,0.004008597943662781,0.005403331604294519
stratified_size_rep045,stratified_size,45,b50_lb5_k10_eps0p001,hierarchical_local_aggregate,shot_proportional,300,60,5,0.0,0.0027218314565082306,0.004134325276405565,0.005389999999999976,1.0,1.0,1.0,0.0,0.0,0.0,43775.0,20000.0,0.004134325276405565,0.005389999999999976
stratified_size_rep045,stratified_size,45,b50_lb5_k10_eps0p001,hierarchical_local_aggregate,uniform,300,60,5,0.0,0.0027218314565082306,0.004134325276405565,0.005389999999999976,1.0,1.0,1.0,0.0,0.0,0.0,43775.0,20000.0,0.004134325276405565,0.005389999999999976
stratified_size_rep045,stratified_size,45,b50_lb5_k10_eps0p001,local_only_offline_aggregate,confidence,300,60,5,0.0,0.0,0.0023205883088885156,0.00422875816993464,1.0,1.0,1.0,0.0,0.0,0.0,60000.0,20000.0,0.0023205883088885156,0.00422875816993464
stratified_size_rep045,stratified_size,45,b50_lb5_k10_eps0p001,local_only_offline_aggregate,shot_proportional,300,60,5,0.0,0.0,0.002190647986837017,0.00422875816993464,1.0,1.0,1.0,0.0,0.0,0.0,60000.0,20000.0,0.002190647986837017,0.00422875816993464
stratified_size_rep045,stratified_size,45,b50_lb5_k10_eps0p001,local_only_offline_aggregate,uniform,300,60,5,0.0,0.0,0.0022117463194730813,0.00422875816993464,1.0,1.0,1.0,0.0,0.0,0.0,60000.0,20000.0,0.0022117463194730813,0.00422875816993464
stratified_size_rep046,stratified_size,46,b50_lb5_k10_eps0p001,aggregate_only_sync,confidence,300,60,5,0.0,0.002072462172598543,0.00401727137529408,0.005389999999999976,1.0,1.0,1.0,0.0,0.0,0.0,47212.5,20000.0,0.00401727137529408,0.005389999999999976
stratified_size_rep046,stratified_size,46,b50_lb5_k10_eps0p001,aggregate_only_sync,shot_proportional,300,60,5,0.0,0.002072462172598543,0.00401727137529408,0.005389999999999976,1.0,1.0,1.0,0.0,0.0,0.0,47212.5,20000.0,0.00401727137529408,0.005389999999999976
stratified_size_rep046,stratified_size,46,b50_lb5_k10_eps0p001,aggregate_only_sync,uniform,300,60,5,0.0,0.002072462172598543,0.00401727137529408,0.005389999999999976,1.0,1.0,1.0,0.0,0.0,0.0,47212.5,20000.0,0.00401727137529408,0.005389999999999976
stratified_size_rep046,stratified_size,46,b50_lb5_k10_eps0p001,hierarchical_local_aggregate,confidence,300,60,5,0.0,0.0019357787985277574,0.003880629257878555,0.005403331604294519,1.0,1.0,1.0,0.0,0.0,0.0,47212.5,20000.0,0.003880629257878555,0.005403331604294519
stratified_size_rep046,stratified_size,46,b50_lb5_k10_eps0p001,hierarchical_local_aggregate,shot_proportional,300,60,5,0.0,0.0021163784590883744,0.00401727137529408,0.005389999999999976,1.0,1.0,1.0,0.0,0.0,0.0,47212.5,20000.0,0.00401727137529408,0.005389999999999976
stratified_size_rep046,stratified_size,46,b50_lb5_k10_eps0p001,hierarchical_local_aggregate,uniform,300,60,5,0.0,0.002115008110868434,0.00401727137529408,0.005389999999999976,1.0,1.0,1.0,0.0,0.0,0.0,47212.5,20000.0,0.00401727137529408,0.005389999999999976
stratified_size_rep046,stratified_size,46,b50_lb5_k10_eps0p001,local_only_offline_aggregate,confidence,300,60,5,0.0,0.0,0.0021322290681774327,0.00422875816993464,1.0,1.0,1.0,0.0,0.0,0.0,60000.0,20000.0,0.0021322290681774327,0.00422875816993464
stratified_size_rep046,stratified_size,46,b50_lb5_k10_eps0p001,local_only_offline_aggregate,shot_proportional,300,60,5,0.0,0.0,0.0019795623532002536,0.00422875816993464,1.0,1.0,1.0,0.0,0.0,0.0,60000.0,20000.0,0.0019795623532002536,0.00422875816993464
stratified_size_rep046,stratified_size,46,b50_lb5_k10_eps0p001,local_only_offline_aggregate,uniform,300,60,5,0.0,0.0,0.002067987736969451,0.00422875816993464,1.0,1.0,1.0,0.0,0.0,0.0,60000.0,20000.0,0.002067987736969451,0.00422875816993464
stratified_size_rep047,stratified_size,47,b50_lb5_k10_eps0p001,aggregate_only_sync,confidence,300,60,5,0.0,0.0019568660542852922,0.004044077283642464,0.005389999999999976,1.0,1.0,1.0,0.0,0.0,0.0,43775.0,20000.0,0.004044077283642464,0.005389999999999976
stratified_size_rep047,stratified_size,47,b50_lb5_k10_eps0p001,aggregate_only_sync,shot_proportional,300,60,5,0.0,0.0019568660542852922,0.004044077283642464,0.005389999999999976,1.0,1.0,1.0,0.0,0.0,0.0,43775.0,20000.0,0.004044077283642464,0.005389999999999976
stratified_size_rep047,stratified_size,47,b50_lb5_k10_eps0p001,aggregate_only_sync,uniform,300,60,5,0.0,0.0019568660542852922,0.004044077283642464,0.005389999999999976,1.0,1.0,1.0,0.0,0.0,0.0,43775.0,20000.0,0.004044077283642464,0.005389999999999976
stratified_size_rep047,stratified_size,47,b50_lb5_k10_eps0p001,hierarchical_local_aggregate,confidence,300,60,5,0.0,0.001823905554315134,0.003962698707441718,0.005403331604294519,1.0,1.0,1.0,0.0,0.0,0.0,43775.0,20000.0,0.003962698707441718,0.005403331604294519
stratified_size_rep047,stratified_size,47,b50_lb5_k10_eps0p001,hierarchical_local_aggregate,shot_proportional,300,60,5,0.0,0.001972595210407356,0.004044077283642464,0.005389999999999976,1.0,1.0,1.0,0.0,0.0,0.0,43775.0,20000.0,0.004044077283642464,0.005389999999999976
stratified_size_rep047,stratified_size,47,b50_lb5_k10_eps0p001,hierarchical_local_aggregate,uniform,300,60,5,0.0,0.001972595210407356,0.004044077283642464,0.005389999999999976,1.0,1.0,1.0,0.0,0.0,0.0,43775.0,20000.0,0.004044077283642464,0.005389999999999976
stratified_size_rep047,stratified_size,47,b50_lb5_k10_eps0p001,local_only_offline_aggregate,confidence,300,60,5,0.0,0.0,0.0020602070958613177,0.00422875816993464,1.0,1.0,1.0,0.0,0.0,0.0,60000.0,20000.0,0.0020602070958613177,0.00422875816993464
stratified_size_rep047,stratified_size,47,b50_lb5_k10_eps0p001,local_only_offline_aggregate,shot_proportional,300,60,5,0.0,0.0,0.0019650391052922493,0.00422875816993464,1.0,1.0,1.0,0.0,0.0,0.0,60000.0,20000.0,0.0019650391052922493,0.00422875816993464
stratified_size_rep047,stratified_size,47,b50_lb5_k10_eps0p001,local_only_offline_aggregate,uniform,300,60,5,0.0,0.0,0.002036590016944104,0.00422875816993464,1.0,1.0,1.0,0.0,0.0,0.0,60000.0,20000.0,0.002036590016944104,0.00422875816993464
stratified_size_rep048,stratified_size,48,b50_lb5_k10_eps0p001,aggregate_only_sync,confidence,300,60,5,0.0,0.0022053671172845,0.004044077283642464,0.005389999999999976,1.0,1.0,1.0,0.0,0.0,0.0,43775.0,20000.0,0.004044077283642464,0.005389999999999976
stratified_size_rep048,stratified_size,48,b50_lb5_k10_eps0p001,aggregate_only_sync,shot_proportional,300,60,5,0.0,0.0022053671172845,0.004044077283642464,0.005389999999999976,1.0,1.0,1.0,0.0,0.0,0.0,43775.0,20000.0,0.004044077283642464,0.005389999999999976
stratified_size_rep048,stratified_size,48,b50_lb5_k10_eps0p001,aggregate_only_sync,uniform,300,60,5,0.0,0.0022053671172845,0.004044077283642464,0.005389999999999976,1.0,1.0,1.0,0.0,0.0,0.0,43775.0,20000.0,0.004044077283642464,0.005389999999999976
stratified_size_rep048,stratified_size,48,b50_lb5_k10_eps0p001,hierarchical_local_aggregate,confidence,300,60,5,0.0,0.002180943052102926,0.003962698707441718,0.005403331604294519,1.0,1.0,1.0,0.0,0.0,0.0,43775.0,20000.0,0.003962698707441718,0.005403331604294519
stratified_size_rep048,stratified_size,48,b50_lb5_k10_eps0p001,hierarchical_local_aggregate,shot_proportional,300,60,5,0.0,0.0022053671172845,0.004044077283642464,0.005389999999999976,1.0,1.0,1.0,0.0,0.0,0.0,43775.0,20000.0,0.004044077283642464,0.005389999999999976
stratified_size_rep048,stratified_size,48,b50_lb5_k10_eps0p001,hierarchical_local_aggregate,uniform,300,60,5,0.0,0.0021927276906697772,0.004044077283642464,0.005389999999999976,1.0,1.0,1.0,0.0,0.0,0.0,43775.0,20000.0,0.004044077283642464,0.005389999999999976
stratified_size_rep048,stratified_size,48,b50_lb5_k10_eps0p001,local_only_offline_aggregate,confidence,300,60,5,0.0,0.0,0.0020602070958613177,0.00422875816993464,1.0,1.0,1.0,0.0,0.0,0.0,60000.0,20000.0,0.0020602070958613177,0.00422875816993464
stratified_size_rep048,stratified_size,48,b50_lb5_k10_eps0p001,local_only_offline_aggregate,shot_proportional,300,60,5,0.0,0.0,0.0019650391052922493,0.00422875816993464,1.0,1.0,1.0,0.0,0.0,0.0,60000.0,20000.0,0.0019650391052922493,0.00422875816993464
stratified_size_rep048,stratified_size,48,b50_lb5_k10_eps0p001,local_only_offline_aggregate,uniform,300,60,5,0.0,0.0,0.002036590016944104,0.00422875816993464,1.0,1.0,1.0,0.0,0.0,0.0,60000.0,20000.0,0.002036590016944104,0.00422875816993464
stratified_size_rep049,stratified_size,49,b50_lb5_k10_eps0p001,aggregate_only_sync,confidence,300,60,5,0.0,0.0019568660542852922,0.004017513042498243,0.005389999999999976,1.0,1.0,1.0,0.0,0.0,0.0,48375.0,20000.0,0.004017513042498243,0.005389999999999976
stratified_size_rep049,stratified_size,49,b50_lb5_k10_eps0p001,aggregate_only_sync,shot_proportional,300,60,5,0.0,0.0019568660542852922,0.004017513042498243,0.005389999999999976,1.0,1.0,1.0,0.0,0.0,0.0,48375.0,20000.0,0.004017513042498243,0.005389999999999976
stratified_size_rep049,stratified_size,49,b50_lb5_k10_eps0p001,aggregate_only_sync,uniform,300,60,5,0.0,0.0019568660542852922,0.004017513042498243,0.005389999999999976,1.0,1.0,1.0,0.0,0.0,0.0,48375.0,20000.0,0.004017513042498243,0.005389999999999976
stratified_size_rep049,stratified_size,49,b50_lb5_k10_eps0p001,hierarchical_local_aggregate,confidence,300,60,5,0.0,0.001780501317462196,0.003958370119365367,0.005403331604294519,1.0,1.0,1.0,0.0,0.0,0.0,48375.0,20000.0,0.003958370119365367,0.005403331604294519
stratified_size_rep049,stratified_size,49,b50_lb5_k10_eps0p001,hierarchical_local_aggregate,shot_proportional,300,60,5,0.0,0.001972595210407356,0.004017513042498243,0.005389999999999976,1.0,1.0,1.0,0.0,0.0,0.0,48375.0,20000.0,0.004017513042498243,0.005389999999999976
stratified_size_rep049,stratified_size,49,b50_lb5_k10_eps0p001,hierarchical_local_aggregate,uniform,300,60,5,0.0,0.001972595210407356,0.004017513042498243,0.005389999999999976,1.0,1.0,1.0,0.0,0.0,0.0,48375.0,20000.0,0.004017513042498243,0.005389999999999976
stratified_size_rep049,stratified_size,49,b50_lb5_k10_eps0p001,local_only_offline_aggregate,confidence,300,60,5,0.0,0.0,0.0019490427008506304,0.0038766839378238586,1.0,1.0,1.0,0.0,0.0,0.0,60000.0,20000.0,0.0019490427008506304,0.0038766839378238586
stratified_size_rep049,stratified_size,49,b50_lb5_k10_eps0p001,local_only_offline_aggregate,shot_proportional,300,60,5,0.0,0.0,0.0016908509952973075,0.0038766839378238586,1.0,1.0,1.0,0.0,0.0,0.0,60000.0,20000.0,0.0016908509952973075,0.0038766839378238586
stratified_size_rep049,stratified_size,49,b50_lb5_k10_eps0p001,local_only_offline_aggregate,uniform,300,60,5,0.0,0.0,0.0019318897114295498,0.0038766839378238586,1.0,1.0,1.0,0.0,0.0,0.0,60000.0,20000.0,0.0019318897114295498,0.0038766839378238586
stratified_size_rep050,stratified_size,50,b50_lb5_k10_eps0p001,aggregate_only_sync,confidence,300,60,5,0.0,0.00218541797684487,0.004044077283642464,0.005389999999999976,1.0,1.0,1.0,0.0,0.0,0.0,45712.5,20000.0,0.004044077283642464,0.005389999999999976
stratified_size_rep050,stratified_size,50,b50_lb5_k10_eps0p001,aggregate_only_sync,shot_proportional,300,60,5,0.0,0.00218541797684487,0.004044077283642464,0.005389999999999976,1.0,1.0,1.0,0.0,0.0,0.0,45712.5,20000.0,0.004044077283642464,0.005389999999999976
stratified_size_rep050,stratified_size,50,b50_lb5_k10_eps0p001,aggregate_only_sync,uniform,300,60,5,0.0,0.00218541797684487,0.004044077283642464,0.005389999999999976,1.0,1.0,1.0,0.0,0.0,0.0,45712.5,20000.0,0.004044077283642464,0.005389999999999976
stratified_size_rep050,stratified_size,50,b50_lb5_k10_eps0p001,hierarchical_local_aggregate,confidence,300,60,5,0.0,0.0020980773733247308,0.003958370119365367,0.005403331604294519,1.0,1.0,1.0,0.0,0.0,0.0,45712.5,20000.0,0.003958370119365367,0.005403331604294519
stratified_size_rep050,stratified_size,50,b50_lb5_k10_eps0p001,hierarchical_local_aggregate,shot_proportional,300,60,5,0.0,0.00218541797684487,0.004044077283642464,0.005389999999999976,1.0,1.0,1.0,0.0,0.0,0.0,45712.5,20000.0,0.004044077283642464,0.005389999999999976
stratified_size_rep050,stratified_size,50,b50_lb5_k10_eps0p001,hierarchical_local_aggregate,uniform,300,60,5,0.0,0.002185164712057493,0.004044077283642464,0.005389999999999976,1.0,1.0,1.0,0.0,0.0,0.0,45712.5,20000.0,0.004044077283642464,0.005389999999999976
stratified_size_rep050,stratified_size,50,b50_lb5_k10_eps0p001,local_only_offline_aggregate,confidence,300,60,5,0.0,0.0,0.00234247673442788,0.00422875816993464,1.0,1.0,1.0,0.0,0.0,0.0,60000.0,20000.0,0.00234247673442788,0.00422875816993464
stratified_size_rep050,stratified_size,50,b50_lb5_k10_eps0p001,local_only_offline_aggregate,shot_proportional,300,60,5,0.0,0.0,0.0022514386747703556,0.00422875816993464,1.0,1.0,1.0,0.0,0.0,0.0,60000.0,20000.0,0.0022514386747703556,0.00422875816993464
stratified_size_rep050,stratified_size,50,b50_lb5_k10_eps0p001,local_only_offline_aggregate,uniform,300,60,5,0.0,0.0,0.0024354572612638975,0.00422875816993464,1.0,1.0,1.0,0.0,0.0,0.0,60000.0,20000.0,0.0024354572612638975,0.00422875816993464
stratified_size_rep051,stratified_size,51,b50_lb5_k10_eps0p001,aggregate_only_sync,confidence,300,60,5,0.0,0.00218541797684487,0.00401727137529408,0.005389999999999976,1.0,1.0,1.0,0.0,0.0,0.0,47212.5,20000.0,0.00401727137529408,0.005389999999999976
stratified_size_rep051,stratified_size,51,b50_lb5_k10_eps0p001,aggregate_only_sync,shot_proportional,300,60,5,0.0,0.00218541797684487,0.00401727137529408,0.005389999999999976,1.0,1.0,1.0,0.0,0.0,0.0,47212.5,20000.0,0.00401727137529408,0.005389999999999976
stratified_size_rep051,stratified_size,51,b50_lb5_k10_eps0p001,aggregate_only_sync,uniform,300,60,5,0.0,0.00218541797684487,0.00401727137529408,0.005389999999999976,1.0,1.0,1.0,0.0,0.0,0.0,47212.5,20000.0,0.00401727137529408,0.005389999999999976
stratified_size_rep051,stratified_size,51,b50_lb5_k10_eps0p001,hierarchical_local_aggregate,confidence,300,60,5,0.0,0.0020370105510252464,0.003880629257878555,0.005403331604294519,1.0,1.0,1.0,0.0,0.0,0.0,47212.5,20000.0,0.003880629257878555,0.005403331604294519
stratified_size_rep051,stratified_size,51,b50_lb5_k10_eps0p001,hierarchical_local_aggregate,shot_proportional,300,60,5,0.0,0.00218541797684487,0.00401727137529408,0.005389999999999976,1.0,1.0,1.0,0.0,0.0,0.0,47212.5,20000.0,0.00401727137529408,0.005389999999999976
stratified_size_rep051,stratified_size,51,b50_lb5_k10_eps0p001,hierarchical_local_aggregate,uniform,300,60,5,0.0,0.002185164712057493,0.00401727137529408,0.005389999999999976,1.0,1.0,1.0,0.0,0.0,0.0,47212.5,20000.0,0.00401727137529408,0.005389999999999976
stratified_size_rep051,stratified_size,51,b50_lb5_k10_eps0p001,local_only_offline_aggregate,confidence,300,60,5,0.0,0.0,0.001988501939490156,0.0038766839378238586,1.0,1.0,1.0,0.0,0.0,0.0,60000.0,20000.0,0.001988501939490156,0.0038766839378238586
stratified_size_rep051,stratified_size,51,b50_lb5_k10_eps0p001,local_only_offline_aggregate,shot_proportional,300,60,5,0.0,0.0,0.001821394601850539,0.0038766839378238586,1.0,1.0,1.0,0.0,0.0,0.0,60000.0,20000.0,0.001821394601850539,0.0038766839378238586
stratified_size_rep051,stratified_size,51,b50_lb5_k10_eps0p001,local_only_offline_aggregate,uniform,300,60,5,0.0,0.0,0.001969743438567363,0.0038766839378238586,1.0,1.0,1.0,0.0,0.0,0.0,60000.0,20000.0,0.001969743438567363,0.0038766839378238586
stratified_size_rep052,stratified_size,52,b50_lb5_k10_eps0p001,aggregate_only_sync,confidence,300,60,5,0.0,0.0024346332337900145,0.004134325276405565,0.005389999999999976,1.0,1.0,1.0,0.0,0.0,0.0,43775.0,20000.0,0.004134325276405565,0.005389999999999976
stratified_size_rep052,stratified_size,52,b50_lb5_k10_eps0p001,aggregate_only_sync,shot_proportional,300,60,5,0.0,0.0024346332337900145,0.004134325276405565,0.005389999999999976,1.0,1.0,1.0,0.0,0.0,0.0,43775.0,20000.0,0.004134325276405565,0.005389999999999976
stratified_size_rep052,stratified_size,52,b50_lb5_k10_eps0p001,aggregate_only_sync,uniform,300,60,5,0.0,0.0024346332337900145,0.004134325276405565,0.005389999999999976,1.0,1.0,1.0,0.0,0.0,0.0,43775.0,20000.0,0.004134325276405565,0.005389999999999976
stratified_size_rep052,stratified_size,52,b50_lb5_k10_eps0p001,hierarchical_local_aggregate,confidence,300,60,5,0.0,0.002545563096429804,0.004008597943662781,0.005403331604294519,1.0,1.0,1.0,0.0,0.0,0.0,43775.0,20000.0,0.004008597943662781,0.005403331604294519
stratified_size_rep052,stratified_size,52,b50_lb5_k10_eps0p001,hierarchical_local_aggregate,shot_proportional,300,60,5,0.0,0.0025621770891784278,0.004134325276405565,0.005389999999999976,1.0,1.0,1.0,0.0,0.0,0.0,43775.0,20000.0,0.004134325276405565,0.005389999999999976
stratified_size_rep052,stratified_size,52,b50_lb5_k10_eps0p001,hierarchical_local_aggregate,uniform,300,60,5,0.0,0.0025621770891784278,0.004134325276405565,0.005389999999999976,1.0,1.0,1.0,0.0,0.0,0.0,43775.0,20000.0,0.004134325276405565,0.005389999999999976
stratified_size_rep052,stratified_size,52,b50_lb5_k10_eps0p001,local_only_offline_aggregate,confidence,300,60,5,0.0,0.0,0.0023205883088885156,0.00422875816993464,1.0,1.0,1.0,0.0,0.0,0.0,60000.0,20000.0,0.0023205883088885156,0.00422875816993464
stratified_size_rep052,stratified_size,52,b50_lb5_k10_eps0p001,local_only_offline_aggregate,shot_proportional,300,60,5,0.0,0.0,0.002190647986837017,0.00422875816993464,1.0,1.0,1.0,0.0,0.0,0.0,60000.0,20000.0,0.002190647986837017,0.00422875816993464
stratified_size_rep052,stratified_size,52,b50_lb5_k10_eps0p001,local_only_offline_aggregate,uniform,300,60,5,0.0,0.0,0.0022117463194730813,0.00422875816993464,1.0,1.0,1.0,0.0,0.0,0.0,60000.0,20000.0,0.0022117463194730813,0.00422875816993464
stratified_size_rep053,stratified_size,53,b50_lb5_k10_eps0p001,aggregate_only_sync,confidence,300,60,5,0.0,0.002300042289346193,0.00405278679454678,0.005389999999999976,1.0,1.0,1.0,0.0,0.0,0.0,47025.0,20000.0,0.00405278679454678,0.005389999999999976
stratified_size_rep053,stratified_size,53,b50_lb5_k10_eps0p001,aggregate_only_sync,shot_proportional,300,60,5,0.0,0.002300042289346193,0.00405278679454678,0.005389999999999976,1.0,1.0,1.0,0.0,0.0,0.0,47025.0,20000.0,0.00405278679454678,0.005389999999999976
stratified_size_rep053,stratified_size,53,b50_lb5_k10_eps0p001,aggregate_only_sync,uniform,300,60,5,0.0,0.002300042289346193,0.00405278679454678,0.005389999999999976,1.0,1.0,1.0,0.0,0.0,0.0,47025.0,20000.0,0.00405278679454678,0.005389999999999976
stratified_size_rep053,stratified_size,53,b50_lb5_k10_eps0p001,hierarchical_local_aggregate,confidence,300,60,5,0.0,0.0022002834463621815,0.004006972464794505,0.005403331604294519,1.0,1.0,1.0,0.0,0.0,0.0,47025.0,20000.0,0.004006972464794505,0.005403331604294519
stratified_size_rep053,stratified_size,53,b50_lb5_k10_eps0p001,hierarchical_local_aggregate,shot_proportional,300,60,5,0.0,0.002303641425573261,0.00405278679454678,0.005389999999999976,1.0,1.0,1.0,0.0,0.0,0.0,47025.0,20000.0,0.00405278679454678,0.005389999999999976
stratified_size_rep053,stratified_size,53,b50_lb5_k10_eps0p001,hierarchical_local_aggregate,uniform,300,60,5,0.0,0.0022978542423344114,0.00405278679454678,0.005389999999999976,1.0,1.0,1.0,0.0,0.0,0.0,47025.0,20000.0,0.00405278679454678,0.005389999999999976
stratified_size_rep053,stratified_size,53,b50_lb5_k10_eps0p001,local_only_offline_aggregate,confidence,300,60,5,0.0,0.0,0.0023205883088885156,0.00422875816993464,1.0,1.0,1.0,0.0,0.0,0.0,60000.0,20000.0,0.0023205883088885156,0.00422875816993464
stratified_size_rep053,stratified_size,53,b50_lb5_k10_eps0p001,local_only_offline_aggregate,shot_proportional,300,60,5,0.0,0.0,0.002190647986837017,0.00422875816993464,1.0,1.0,1.0,0.0,0.0,0.0,60000.0,20000.0,0.002190647986837017,0.00422875816993464
stratified_size_rep053,stratified_size,53,b50_lb5_k10_eps0p001,local_only_offline_aggregate,uniform,300,60,5,0.0,0.0,0.0022117463194730813,0.00422875816993464,1.0,1.0,1.0,0.0,0.0,0.0,60000.0,20000.0,0.0022117463194730813,0.00422875816993464
stratified_size_rep054,stratified_size,54,b50_lb5_k10_eps0p001,aggregate_only_sync,confidence,300,60,5,0.0,0.00218541797684487,0.003953488664939846,0.005057272727272713,1.0,1.0,1.0,0.0,0.0,0.0,44100.0,20000.0,0.003953488664939846,0.005057272727272713
stratified_size_rep054,stratified_size,54,b50_lb5_k10_eps0p001,aggregate_only_sync,shot_proportional,300,60,5,0.0,0.00218541797684487,0.003953488664939846,0.005057272727272713,1.0,1.0,1.0,0.0,0.0,0.0,44100.0,20000.0,0.003953488664939846,0.005057272727272713
stratified_size_rep054,stratified_size,54,b50_lb5_k10_eps0p001,aggregate_only_sync,uniform,300,60,5,0.0,0.00218541797684487,0.003953488664939846,0.005057272727272713,1.0,1.0,1.0,0.0,0.0,0.0,44100.0,20000.0,0.003953488664939846,0.005057272727272713
stratified_size_rep054,stratified_size,54,b50_lb5_k10_eps0p001,hierarchical_local_aggregate,confidence,300,60,5,0.0,0.0020980773733247308,0.003842741846885208,0.005177761830320271,1.0,1.0,1.0,0.0,0.0,0.0,44100.0,20000.0,0.003842741846885208,0.005177761830320271
stratified_size_rep054,stratified_size,54,b50_lb5_k10_eps0p001,hierarchical_local_aggregate,shot_proportional,300,60,5,0.0,0.00218541797684487,0.003953488664939846,0.005057272727272713,1.0,1.0,1.0,0.0,0.0,0.0,44100.0,20000.0,0.003953488664939846,0.005057272727272713
stratified_size_rep054,stratified_size,54,b50_lb5_k10_eps0p001,hierarchical_local_aggregate,uniform,300,60,5,0.0,0.002185164712057493,0.003953488664939846,0.005057272727272713,1.0,1.0,1.0,0.0,0.0,0.0,44100.0,20000.0,0.003953488664939846,0.005057272727272713
stratified_size_rep054,stratified_size,54,b50_lb5_k10_eps0p001,local_only_offline_aggregate,confidence,300,60,5,0.0,0.0,0.0023205883088885156,0.00422875816993464,1.0,1.0,1.0,0.0,0.0,0.0,60000.0,20000.0,0.0023205883088885156,0.00422875816993464
stratified_size_rep054,stratified_size,54,b50_lb5_k10_eps0p001,local_only_offline_aggregate,shot_proportional,300,60,5,0.0,0.0,0.0022514386747703556,0.00422875816993464,1.0,1.0,1.0,0.0,0.0,0.0,60000.0,20000.0,0.0022514386747703556,0.00422875816993464
stratified_size_rep054,stratified_size,54,b50_lb5_k10_eps0p001,local_only_offline_aggregate,uniform,300,60,5,0.0,0.0,0.0024354572612638975,0.00422875816993464,1.0,1.0,1.0,0.0,0.0,0.0,60000.0,20000.0,0.0024354572612638975,0.00422875816993464
stratified_size_rep055,stratified_size,55,b50_lb5_k10_eps0p001,aggregate_only_sync,confidence,300,60,5,0.0,0.0022336736592137112,0.004056086429926692,0.005389999999999976,1.0,1.0,1.0,0.0,0.0,0.0,45712.5,20000.0,0.004056086429926692,0.005389999999999976
stratified_size_rep055,stratified_size,55,b50_lb5_k10_eps0p001,aggregate_only_sync,shot_proportional,300,60,5,0.0,0.0022336736592137112,0.004056086429926692,0.005389999999999976,1.0,1.0,1.0,0.0,0.0,0.0,45712.5,20000.0,0.004056086429926692,0.005389999999999976
stratified_size_rep055,stratified_size,55,b50_lb5_k10_eps0p001,aggregate_only_sync,uniform,300,60,5,0.0,0.0022336736592137112,0.004056086429926692,0.005389999999999976,1.0,1.0,1.0,0.0,0.0,0.0,45712.5,20000.0,0.004056086429926692,0.005389999999999976
stratified_size_rep055,stratified_size,55,b50_lb5_k10_eps0p001,hierarchical_local_aggregate,confidence,300,60,5,0.0,0.0021911534779223115,0.004006972464794505,0.005403331604294519,1.0,1.0,1.0,0.0,0.0,0.0,45712.5,20000.0,0.004006972464794505,0.005403331604294519
stratified_size_rep055,stratified_size,55,b50_lb5_k10_eps0p001,hierarchical_local_aggregate,shot_proportional,300,60,5,0.0,0.002245551677950147,0.004056086429926692,0.005389999999999976,1.0,1.0,1.0,0.0,0.0,0.0,45712.5,20000.0,0.004056086429926692,0.005389999999999976
stratified_size_rep055,stratified_size,55,b50_lb5_k10_eps0p001,hierarchical_local_aggregate,uniform,300,60,5,0.0,0.0022053671172845,0.004056086429926692,0.005389999999999976,1.0,1.0,1.0,0.0,0.0,0.0,45712.5,20000.0,0.004056086429926692,0.005389999999999976
stratified_size_rep055,stratified_size,55,b50_lb5_k10_eps0p001,local_only_offline_aggregate,confidence,300,60,5,0.0,0.0,0.0023205883088885156,0.00422875816993464,1.0,1.0,1.0,0.0,0.0,0.0,60000.0,20000.0,0.0023205883088885156,0.00422875816993464
stratified_size_rep055,stratified_size,55,b50_lb5_k10_eps0p001,local_only_offline_aggregate,shot_proportional,300,60,5,0.0,0.0,0.002190647986837017,0.00422875816993464,1.0,1.0,1.0,0.0,0.0,0.0,60000.0,20000.0,0.002190647986837017,0.00422875816993464
stratified_size_rep055,stratified_size,55,b50_lb5_k10_eps0p001,local_only_offline_aggregate,uniform,300,60,5,0.0,0.0,0.0022117463194730813,0.00422875816993464,1.0,1.0,1.0,0.0,0.0,0.0,60000.0,20000.0,0.0022117463194730813,0.00422875816993464
stratified_size_rep056,stratified_size,56,b50_lb5_k10_eps0p001,aggregate_only_sync,confidence,300,60,5,0.0,0.001574657639371116,0.00401727137529408,0.005389999999999976,1.0,1.0,1.0,0.0,0.0,0.0,43775.0,20000.0,0.00401727137529408,0.005389999999999976
stratified_size_rep056,stratified_size,56,b50_lb5_k10_eps0p001,aggregate_only_sync,shot_proportional,300,60,5,0.0,0.001574657639371116,0.00401727137529408,0.005389999999999976,1.0,1.0,1.0,0.0,0.0,0.0,43775.0,20000.0,0.00401727137529408,0.005389999999999976
stratified_size_rep056,stratified_size,56,b50_lb5_k10_eps0p001,aggregate_only_sync,uniform,300,60,5,0.0,0.001574657639371116,0.00401727137529408,0.005389999999999976,1.0,1.0,1.0,0.0,0.0,0.0,43775.0,20000.0,0.00401727137529408,0.005389999999999976
stratified_size_rep056,stratified_size,56,b50_lb5_k10_eps0p001,hierarchical_local_aggregate,confidence,300,60,5,0.0,0.0014195489312723874,0.003955612818052376,0.005403331604294519,1.0,1.0,1.0,0.0,0.0,0.0,43775.0,20000.0,0.003955612818052376,0.005403331604294519
stratified_size_rep056,stratified_size,56,b50_lb5_k10_eps0p001,hierarchical_local_aggregate,shot_proportional,300,60,5,0.0,0.0016729605222067304,0.00401727137529408,0.005389999999999976,1.0,1.0,1.0,0.0,0.0,0.0,43775.0,20000.0,0.00401727137529408,0.005389999999999976
stratified_size_rep056,stratified_size,56,b50_lb5_k10_eps0p001,hierarchical_local_aggregate,uniform,300,60,5,0.0,0.0016732726441229318,0.00401727137529408,0.005389999999999976,1.0,1.0,1.0,0.0,0.0,0.0,43775.0,20000.0,0.00401727137529408,0.005389999999999976
stratified_size_rep056,stratified_size,56,b50_lb5_k10_eps0p001,local_only_offline_aggregate,confidence,300,60,5,0.0,0.0,0.0023205883088885156,0.00422875816993464,1.0,1.0,1.0,0.0,0.0,0.0,60000.0,20000.0,0.0023205883088885156,0.00422875816993464
stratified_size_rep056,stratified_size,56,b50_lb5_k10_eps0p001,local_only_offline_aggregate,shot_proportional,300,60,5,0.0,0.0,0.002190647986837017,0.00422875816993464,1.0,1.0,1.0,0.0,0.0,0.0,60000.0,20000.0,0.002190647986837017,0.00422875816993464
stratified_size_rep056,stratified_size,56,b50_lb5_k10_eps0p001,local_only_offline_aggregate,uniform,300,60,5,0.0,0.0,0.0022117463194730813,0.00422875816993464,1.0,1.0,1.0,0.0,0.0,0.0,60000.0,20000.0,0.0022117463194730813,0.00422875816993464
stratified_size_rep057,stratified_size,57,b50_lb5_k10_eps0p001,aggregate_only_sync,confidence,300,60,5,0.0,0.0017524182174551524,0.004044077283642464,0.005389999999999976,1.0,1.0,1.0,0.0,0.0,0.0,43775.0,20000.0,0.004044077283642464,0.005389999999999976
stratified_size_rep057,stratified_size,57,b50_lb5_k10_eps0p001,aggregate_only_sync,shot_proportional,300,60,5,0.0,0.0017524182174551524,0.004044077283642464,0.005389999999999976,1.0,1.0,1.0,0.0,0.0,0.0,43775.0,20000.0,0.004044077283642464,0.005389999999999976
stratified_size_rep057,stratified_size,57,b50_lb5_k10_eps0p001,aggregate_only_sync,uniform,300,60,5,0.0,0.0017524182174551524,0.004044077283642464,0.005389999999999976,1.0,1.0,1.0,0.0,0.0,0.0,43775.0,20000.0,0.004044077283642464,0.005389999999999976
stratified_size_rep057,stratified_size,57,b50_lb5_k10_eps0p001,hierarchical_local_aggregate,confidence,300,60,5,0.0,0.00167167477670768,0.003958370119365367,0.005403331604294519,1.0,1.0,1.0,0.0,0.0,0.0,43775.0,20000.0,0.003958370119365367,0.005403331604294519
stratified_size_rep057,stratified_size,57,b50_lb5_k10_eps0p001,hierarchical_local_aggregate,shot_proportional,300,60,5,0.0,0.0017524182174551524,0.004044077283642464,0.005389999999999976,1.0,1.0,1.0,0.0,0.0,0.0,43775.0,20000.0,0.004044077283642464,0.005389999999999976
stratified_size_rep057,stratified_size,57,b50_lb5_k10_eps0p001,hierarchical_local_aggregate,uniform,300,60,5,0.0,0.0017524182174551524,0.004044077283642464,0.005389999999999976,1.0,1.0,1.0,0.0,0.0,0.0,43775.0,20000.0,0.004044077283642464,0.005389999999999976
stratified_size_rep057,stratified_size,57,b50_lb5_k10_eps0p001,local_only_offline_aggregate,confidence,300,60,5,0.0,0.0,0.0020602070958613177,0.00422875816993464,1.0,1.0,1.0,0.0,0.0,0.0,60000.0,20000.0,0.0020602070958613177,0.00422875816993464
stratified_size_rep057,stratified_size,57,b50_lb5_k10_eps0p001,local_only_offline_aggregate,shot_proportional,300,60,5,0.0,0.0,0.0019650391052922493,0.00422875816993464,1.0,1.0,1.0,0.0,0.0,0.0,60000.0,20000.0,0.0019650391052922493,0.00422875816993464
stratified_size_rep057,stratified_size,57,b50_lb5_k10_eps0p001,local_only_offline_aggregate,uniform,300,60,5,0.0,0.0,0.002036590016944104,0.00422875816993464,1.0,1.0,1.0,0.0,0.0,0.0,60000.0,20000.0,0.002036590016944104,0.00422875816993464
stratified_size_rep058,stratified_size,58,b50_lb5_k10_eps0p001,aggregate_only_sync,confidence,300,60,5,0.0,0.002072462172598543,0.003953488664939846,0.005389999999999976,1.0,1.0,1.0,0.0,0.0,0.0,43775.0,20000.0,0.003953488664939846,0.005389999999999976
stratified_size_rep058,stratified_size,58,b50_lb5_k10_eps0p001,aggregate_only_sync,shot_proportional,300,60,5,0.0,0.002072462172598543,0.003953488664939846,0.005389999999999976,1.0,1.0,1.0,0.0,0.0,0.0,43775.0,20000.0,0.003953488664939846,0.005389999999999976
stratified_size_rep058,stratified_size,58,b50_lb5_k10_eps0p001,aggregate_only_sync,uniform,300,60,5,0.0,0.002072462172598543,0.003953488664939846,0.005389999999999976,1.0,1.0,1.0,0.0,0.0,0.0,43775.0,20000.0,0.003953488664939846,0.005389999999999976
stratified_size_rep058,stratified_size,58,b50_lb5_k10_eps0p001,hierarchical_local_aggregate,confidence,300,60,5,0.0,0.0019357787985277574,0.003771306730268064,0.005403331604294519,1.0,1.0,1.0,0.0,0.0,0.0,43775.0,20000.0,0.003771306730268064,0.005403331604294519
stratified_size_rep058,stratified_size,58,b50_lb5_k10_eps0p001,hierarchical_local_aggregate,shot_proportional,300,60,5,0.0,0.0021163784590883744,0.003953488664939846,0.005389999999999976,1.0,1.0,1.0,0.0,0.0,0.0,43775.0,20000.0,0.003953488664939846,0.005389999999999976
stratified_size_rep058,stratified_size,58,b50_lb5_k10_eps0p001,hierarchical_local_aggregate,uniform,300,60,5,0.0,0.002115008110868434,0.003953488664939846,0.005389999999999976,1.0,1.0,1.0,0.0,0.0,0.0,43775.0,20000.0,0.003953488664939846,0.005389999999999976
stratified_size_rep058,stratified_size,58,b50_lb5_k10_eps0p001,local_only_offline_aggregate,confidence,300,60,5,0.0,0.0,0.00234247673442788,0.00422875816993464,1.0,1.0,1.0,0.0,0.0,0.0,60000.0,20000.0,0.00234247673442788,0.00422875816993464
stratified_size_rep058,stratified_size,58,b50_lb5_k10_eps0p001,local_only_offline_aggregate,shot_proportional,300,60,5,0.0,0.0,0.0022514386747703556,0.00422875816993464,1.0,1.0,1.0,0.0,0.0,0.0,60000.0,20000.0,0.0022514386747703556,0.00422875816993464
stratified_size_rep058,stratified_size,58,b50_lb5_k10_eps0p001,local_only_offline_aggregate,uniform,300,60,5,0.0,0.0,0.0024354572612638975,0.00422875816993464,1.0,1.0,1.0,0.0,0.0,0.0,60000.0,20000.0,0.0024354572612638975,0.00422875816993464
stratified_size_rep059,stratified_size,59,b50_lb5_k10_eps0p001,aggregate_only_sync,confidence,300,60,5,0.0,0.002252864472473859,0.004134325276405565,0.005389999999999976,1.0,1.0,1.0,0.0,0.0,0.0,44100.0,20000.0,0.004134325276405565,0.005389999999999976
stratified_size_rep059,stratified_size,59,b50_lb5_k10_eps0p001,aggregate_only_sync,shot_proportional,300,60,5,0.0,0.002252864472473859,0.004134325276405565,0.005389999999999976,1.0,1.0,1.0,0.0,0.0,0.0,44100.0,20000.0,0.004134325276405565,0.005389999999999976
stratified_size_rep059,stratified_size,59,b50_lb5_k10_eps0p001,aggregate_only_sync,uniform,300,60,5,0.0,0.002252864472473859,0.004134325276405565,0.005389999999999976,1.0,1.0,1.0,0.0,0.0,0.0,44100.0,20000.0,0.004134325276405565,0.005389999999999976
stratified_size_rep059,stratified_size,59,b50_lb5_k10_eps0p001,hierarchical_local_aggregate,confidence,300,60,5,0.0,0.0021911534779223115,0.004008597943662781,0.005403331604294519,1.0,1.0,1.0,0.0,0.0,0.0,44100.0,20000.0,0.004008597943662781,0.005403331604294519
stratified_size_rep059,stratified_size,59,b50_lb5_k10_eps0p001,hierarchical_local_aggregate,shot_proportional,300,60,5,0.0,0.00227495552813736,0.004134325276405565,0.005389999999999976,1.0,1.0,1.0,0.0,0.0,0.0,44100.0,20000.0,0.004134325276405565,0.005389999999999976
stratified_size_rep059,stratified_size,59,b50_lb5_k10_eps0p001,hierarchical_local_aggregate,uniform,300,60,5,0.0,0.0022362512605597824,0.004134325276405565,0.005389999999999976,1.0,1.0,1.0,0.0,0.0,0.0,44100.0,20000.0,0.004134325276405565,0.005389999999999976
stratified_size_rep059,stratified_size,59,b50_lb5_k10_eps0p001,local_only_offline_aggregate,confidence,300,60,5,0.0,0.0,0.0023205883088885156,0.00422875816993464,1.0,1.0,1.0,0.0,0.0,0.0,60000.0,20000.0,0.0023205883088885156,0.00422875816993464
stratified_size_rep059,stratified_size,59,b50_lb5_k10_eps0p001,local_only_offline_aggregate,shot_proportional,300,60,5,0.0,0.0,0.0022514386747703556,0.00422875816993464,1.0,1.0,1.0,0.0,0.0,0.0,60000.0,20000.0,0.0022514386747703556,0.00422875816993464
stratified_size_rep059,stratified_size,59,b50_lb5_k10_eps0p001,local_only_offline_aggregate,uniform,300,60,5,0.0,0.0,0.0024354572612638975,0.00422875816993464,1.0,1.0,1.0,0.0,0.0,0.0,60000.0,20000.0,0.0024354572612638975,0.00422875816993464
stratified_size_rep060,stratified_size,60,b50_lb5_k10_eps0p001,aggregate_only_sync,confidence,300,60,5,0.0,0.0,0.003877566730217147,0.005057272727272713,1.0,1.0,1.0,0.0,0.0,0.0,47700.0,20000.0,0.003877566730217147,0.005057272727272713
stratified_size_rep060,stratified_size,60,b50_lb5_k10_eps0p001,aggregate_only_sync,shot_proportional,300,60,5,0.0,0.0,0.003877566730217147,0.005057272727272713,1.0,1.0,1.0,0.0,0.0,0.0,47700.0,20000.0,0.003877566730217147,0.005057272727272713
stratified_size_rep060,stratified_size,60,b50_lb5_k10_eps0p001,aggregate_only_sync,uniform,300,60,5,0.0,0.0,0.003877566730217147,0.005057272727272713,1.0,1.0,1.0,0.0,0.0,0.0,47700.0,20000.0,0.003877566730217147,0.005057272727272713
stratified_size_rep060,stratified_size,60,b50_lb5_k10_eps0p001,hierarchical_local_aggregate,confidence,300,60,5,0.0,0.00010816834912007719,0.003771306730268064,0.005177761830320271,1.0,1.0,1.0,0.0,0.0,0.0,47700.0,20000.0,0.003771306730268064,0.005177761830320271
stratified_size_rep060,stratified_size,60,b50_lb5_k10_eps0p001,hierarchical_local_aggregate,shot_proportional,300,60,5,0.0,7.661596958174506e-05,0.003877566730217147,0.005057272727272713,1.0,1.0,1.0,0.0,0.0,0.0,47700.0,20000.0,0.003877566730217147,0.005057272727272713
stratified_size_rep060,stratified_size,60,b50_lb5_k10_eps0p001,hierarchical_local_aggregate,uniform,300,60,5,0.0,7.769922879177837e-05,0.003877566730217147,0.005057272727272713,1.0,1.0,1.0,0.0,0.0,0.0,47700.0,20000.0,0.003877566730217147,0.005057272727272713
stratified_size_rep060,stratified_size,60,b50_lb5_k10_eps0p001,local_only_offline_aggregate,confidence,300,60,5,0.0,0.0,0.002305586076975793,0.00422875816993464,1.0,1.0,1.0,0.0,0.0,0.0,60000.0,20000.0,0.002305586076975793,0.00422875816993464
stratified_size_rep060,stratified_size,60,b50_lb5_k10_eps0p001,local_only_offline_aggregate,shot_proportional,300,60,5,0.0,0.0,0.002190647986837017,0.00422875816993464,1.0,1.0,1.0,0.0,0.0,0.0,60000.0,20000.0,0.002190647986837017,0.00422875816993464
stratified_size_rep060,stratified_size,60,b50_lb5_k10_eps0p001,local_only_offline_aggregate,uniform,300,60,5,0.0,0.0,0.0021639743585318448,0.00422875816993464,1.0,1.0,1.0,0.0,0.0,0.0,60000.0,20000.0,0.0021639743585318448,0.00422875816993464
stratified_size_rep061,stratified_size,61,b50_lb5_k10_eps0p001,aggregate_only_sync,confidence,300,60,5,0.0,0.0024705719939657122,0.004044077283642464,0.005389999999999976,1.0,1.0,1.0,0.0,0.0,0.0,42587.5,20000.0,0.004044077283642464,0.005389999999999976
stratified_size_rep061,stratified_size,61,b50_lb5_k10_eps0p001,aggregate_only_sync,shot_proportional,300,60,5,0.0,0.0024705719939657122,0.004044077283642464,0.005389999999999976,1.0,1.0,1.0,0.0,0.0,0.0,42587.5,20000.0,0.004044077283642464,0.005389999999999976
stratified_size_rep061,stratified_size,61,b50_lb5_k10_eps0p001,aggregate_only_sync,uniform,300,60,5,0.0,0.0024705719939657122,0.004044077283642464,0.005389999999999976,1.0,1.0,1.0,0.0,0.0,0.0,42587.5,20000.0,0.004044077283642464,0.005389999999999976
stratified_size_rep061,stratified_size,61,b50_lb5_k10_eps0p001,hierarchical_local_aggregate,confidence,300,60,5,0.0,0.002596446185997543,0.003958370119365367,0.005403331604294519,1.0,1.0,1.0,0.0,0.0,0.0,42475.0,20000.0,0.003958370119365367,0.005403331604294519
stratified_size_rep061,stratified_size,61,b50_lb5_k10_eps0p001,hierarchical_local_aggregate,shot_proportional,300,60,5,0.0,0.002647614541071138,0.004044077283642464,0.005389999999999976,1.0,1.0,1.0,0.0,0.0,0.0,42475.0,20000.0,0.004044077283642464,0.005389999999999976
stratified_size_rep061,stratified_size,61,b50_lb5_k10_eps0p001,hierarchical_local_aggregate,uniform,300,60,5,0.0,0.002647614541071138,0.004044077283642464,0.005389999999999976,1.0,1.0,1.0,0.0,0.0,0.0,42475.0,20000.0,0.004044077283642464,0.005389999999999976
stratified_size_rep061,stratified_size,61,b50_lb5_k10_eps0p001,local_only_offline_aggregate,confidence,300,60,5,0.0,0.0004565397590846947,0.00234247673442788,0.00422875816993464,1.0,1.0,1.0,0.0,0.0,0.0,60000.0,20000.0,0.00234247673442788,0.00422875816993464
stratified_size_rep061,stratified_size,61,b50_lb5_k10_eps0p001,local_only_offline_aggregate,shot_proportional,300,60,5,0.0,0.00028470172718359925,0.0022514386747703556,0.00422875816993464,1.0,1.0,1.0,0.0,0.0,0.0,60000.0,20000.0,0.0022514386747703556,0.00422875816993464
stratified_size_rep061,stratified_size,61,b50_lb5_k10_eps0p001,local_only_offline_aggregate,uniform,300,60,5,0.0,0.00029103470437018936,0.0024354572612638975,0.00422875816993464,1.0,1.0,1.0,0.0,0.0,0.0,60000.0,20000.0,0.0024354572612638975,0.00422875816993464
stratified_size_rep062,stratified_size,62,b50_lb5_k10_eps0p001,aggregate_only_sync,confidence,300,60,5,0.0,0.0024346332337900145,0.004044077283642464,0.005389999999999976,1.0,1.0,1.0,0.0,0.0,0.0,42587.5,20000.0,0.004044077283642464,0.005389999999999976
stratified_size_rep062,stratified_size,62,b50_lb5_k10_eps0p001,aggregate_only_sync,shot_proportional,300,60,5,0.0,0.0024346332337900145,0.004044077283642464,0.005389999999999976,1.0,1.0,1.0,0.0,0.0,0.0,42587.5,20000.0,0.004044077283642464,0.005389999999999976
stratified_size_rep062,stratified_size,62,b50_lb5_k10_eps0p001,aggregate_only_sync,uniform,300,60,5,0.0,0.0024346332337900145,0.004044077283642464,0.005389999999999976,1.0,1.0,1.0,0.0,0.0,0.0,42587.5,20000.0,0.004044077283642464,0.005389999999999976
stratified_size_rep062,stratified_size,62,b50_lb5_k10_eps0p001,hierarchical_local_aggregate,confidence,300,60,5,0.0,0.002545563096429804,0.003955612818052376,0.005403331604294519,1.0,1.0,1.0,0.0,0.0,0.0,42475.0,20000.0,0.003955612818052376,0.005403331604294519
stratified_size_rep062,stratified_size,62,b50_lb5_k10_eps0p001,hierarchical_local_aggregate,shot_proportional,300,60,5,0.0,0.0025621770891784278,0.004044077283642464,0.005389999999999976,1.0,1.0,1.0,0.0,0.0,0.0,42475.0,20000.0,0.004044077283642464,0.005389999999999976
stratified_size_rep062,stratified_size,62,b50_lb5_k10_eps0p001,hierarchical_local_aggregate,uniform,300,60,5,0.0,0.0025621770891784278,0.004044077283642464,0.005389999999999976,1.0,1.0,1.0,0.0,0.0,0.0,42475.0,20000.0,0.004044077283642464,0.005389999999999976
stratified_size_rep062,stratified_size,62,b50_lb5_k10_eps0p001,local_only_offline_aggregate,confidence,300,60,5,0.0,0.0004565397590846947,0.00234247673442788,0.00422875816993464,1.0,1.0,1.0,0.0,0.0,0.0,60000.0,20000.0,0.00234247673442788,0.00422875816993464
stratified_size_rep062,stratified_size,62,b50_lb5_k10_eps0p001,local_only_offline_aggregate,shot_proportional,300,60,5,0.0,0.00028470172718359925,0.0022514386747703556,0.00422875816993464,1.0,1.0,1.0,0.0,0.0,0.0,60000.0,20000.0,0.0022514386747703556,0.00422875816993464
stratified_size_rep062,stratified_size,62,b50_lb5_k10_eps0p001,local_only_offline_aggregate,uniform,300,60,5,0.0,0.00029103470437018936,0.0024354572612638975,0.00422875816993464,1.0,1.0,1.0,0.0,0.0,0.0,60000.0,20000.0,0.0024354572612638975,0.00422875816993464
stratified_size_rep063,stratified_size,63,b50_lb5_k10_eps0p001,aggregate_only_sync,confidence,300,60,5,0.0,0.0017145962302781831,0.0038957018899985403,0.005389999999999976,1.0,1.0,1.0,0.0,0.0,0.0,47212.5,20000.0,0.0038957018899985403,0.005389999999999976
stratified_size_rep063,stratified_size,63,b50_lb5_k10_eps0p001,aggregate_only_sync,shot_proportional,300,60,5,0.0,0.0017145962302781831,0.0038957018899985403,0.005389999999999976,1.0,1.0,1.0,0.0,0.0,0.0,47212.5,20000.0,0.0038957018899985403,0.005389999999999976
stratified_size_rep063,stratified_size,63,b50_lb5_k10_eps0p001,aggregate_only_sync,uniform,300,60,5,0.0,0.0017145962302781831,0.0038957018899985403,0.005389999999999976,1.0,1.0,1.0,0.0,0.0,0.0,47212.5,20000.0,0.0038957018899985403,0.005389999999999976
stratified_size_rep063,stratified_size,63,b50_lb5_k10_eps0p001,hierarchical_local_aggregate,confidence,300,60,5,0.0,0.001642544024911597,0.0037416434323952713,0.005403331604294519,1.0,1.0,1.0,0.0,0.0,0.0,47212.5,20000.0,0.0037416434323952713,0.005403331604294519
stratified_size_rep063,stratified_size,63,b50_lb5_k10_eps0p001,hierarchical_local_aggregate,shot_proportional,300,60,5,0.0,0.0017145962302781831,0.0038957018899985403,0.005389999999999976,1.0,1.0,1.0,0.0,0.0,0.0,47212.5,20000.0,0.0038957018899985403,0.005389999999999976
stratified_size_rep063,stratified_size,63,b50_lb5_k10_eps0p001,hierarchical_local_aggregate,uniform,300,60,5,0.0,0.0017145962302781831,0.0038957018899985403,0.005389999999999976,1.0,1.0,1.0,0.0,0.0,0.0,47212.5,20000.0,0.0038957018899985403,0.005389999999999976
stratified_size_rep063,stratified_size,63,b50_lb5_k10_eps0p001,local_only_offline_aggregate,confidence,300,60,5,0.0,0.0,0.002183742691779764,0.0038766839378238586,1.0,1.0,1.0,0.0,0.0,0.0,60000.0,20000.0,0.002183742691779764,0.0038766839378238586
stratified_size_rep063,stratified_size,63,b50_lb5_k10_eps0p001,local_only_offline_aggregate,shot_proportional,300,60,5,0.0,0.0,0.0019795623532002536,0.0038766839378238586,1.0,1.0,1.0,0.0,0.0,0.0,60000.0,20000.0,0.0019795623532002536,0.0038766839378238586
stratified_size_rep063,stratified_size,63,b50_lb5_k10_eps0p001,local_only_offline_aggregate,uniform,300,60,5,0.0,0.0,0.002067987736969451,0.0038766839378238586,1.0,1.0,1.0,0.0,0.0,0.0,60000.0,20000.0,0.002067987736969451,0.0038766839378238586
stratified_size_rep064,stratified_size,64,b50_lb5_k10_eps0p001,aggregate_only_sync,confidence,300,60,5,0.0,0.0012789615384615363,0.003877566730217147,0.005389999999999976,1.0,1.0,1.0,0.0,0.0,0.0,48375.0,20000.0,0.003877566730217147,0.005389999999999976
stratified_size_rep064,stratified_size,64,b50_lb5_k10_eps0p001,aggregate_only_sync,shot_proportional,300,60,5,0.0,0.0012789615384615363,0.003877566730217147,0.005389999999999976,1.0,1.0,1.0,0.0,0.0,0.0,48375.0,20000.0,0.003877566730217147,0.005389999999999976
stratified_size_rep064,stratified_size,64,b50_lb5_k10_eps0p001,aggregate_only_sync,uniform,300,60,5,0.0,0.0012789615384615363,0.003877566730217147,0.005389999999999976,1.0,1.0,1.0,0.0,0.0,0.0,48375.0,20000.0,0.003877566730217147,0.005389999999999976
stratified_size_rep064,stratified_size,64,b50_lb5_k10_eps0p001,hierarchical_local_aggregate,confidence,300,60,5,0.0,0.0012819792839448886,0.0037416434323952713,0.005403331604294519,1.0,1.0,1.0,0.0,0.0,0.0,48375.0,20000.0,0.0037416434323952713,0.005403331604294519
stratified_size_rep064,stratified_size,64,b50_lb5_k10_eps0p001,hierarchical_local_aggregate,shot_proportional,300,60,5,0.0,0.001574657639371116,0.003877566730217147,0.005389999999999976,1.0,1.0,1.0,0.0,0.0,0.0,48375.0,20000.0,0.003877566730217147,0.005389999999999976
stratified_size_rep064,stratified_size,64,b50_lb5_k10_eps0p001,hierarchical_local_aggregate,uniform,300,60,5,0.0,0.001574657639371116,0.003877566730217147,0.005389999999999976,1.0,1.0,1.0,0.0,0.0,0.0,48375.0,20000.0,0.003877566730217147,0.005389999999999976
stratified_size_rep064,stratified_size,64,b50_lb5_k10_eps0p001,local_only_offline_aggregate,confidence,300,60,5,0.0,0.0,0.0018367353287788587,0.0038766839378238586,1.0,1.0,1.0,0.0,0.0,0.0,60000.0,20000.0,0.0018367353287788587,0.0038766839378238586
stratified_size_rep064,stratified_size,64,b50_lb5_k10_eps0p001,local_only_offline_aggregate,shot_proportional,300,60,5,0.0,0.0,0.001821394601850539,0.0038766839378238586,1.0,1.0,1.0,0.0,0.0,0.0,60000.0,20000.0,0.001821394601850539,0.0038766839378238586
stratified_size_rep064,stratified_size,64,b50_lb5_k10_eps0p001,local_only_offline_aggregate,uniform,300,60,5,0.0,0.0,0.0019319668712077089,0.0038766839378238586,1.0,1.0,1.0,0.0,0.0,0.0,60000.0,20000.0,0.0019319668712077089,0.0038766839378238586
stratified_size_rep065,stratified_size,65,b50_lb5_k10_eps0p001,aggregate_only_sync,confidence,300,60,5,0.0,0.0022369806095637094,0.003984184819329531,0.005057272727272713,1.0,1.0,1.0,0.0,0.0,0.0,47025.0,20000.0,0.003984184819329531,0.005057272727272713
stratified_size_rep065,stratified_size,65,b50_lb5_k10_eps0p001,aggregate_only_sync,shot_proportional,300,60,5,0.0,0.0022369806095637094,0.003984184819329531,0.005057272727272713,1.0,1.0,1.0,0.0,0.0,0.0,47025.0,20000.0,0.003984184819329531,0.005057272727272713
stratified_size_rep065,stratified_size,65,b50_lb5_k10_eps0p001,aggregate_only_sync,uniform,300,60,5,0.0,0.0022369806095637094,0.003984184819329531,0.005057272727272713,1.0,1.0,1.0,0.0,0.0,0.0,47025.0,20000.0,0.003984184819329531,0.005057272727272713
stratified_size_rep065,stratified_size,65,b50_lb5_k10_eps0p001,hierarchical_local_aggregate,confidence,300,60,5,0.0,0.002182872856721907,0.0038806517370131646,0.005177761830320271,1.0,1.0,1.0,0.0,0.0,0.0,47025.0,20000.0,0.0038806517370131646,0.005177761830320271
stratified_size_rep065,stratified_size,65,b50_lb5_k10_eps0p001,hierarchical_local_aggregate,shot_proportional,300,60,5,0.0,0.002238180321639399,0.003984184819329531,0.005057272727272713,1.0,1.0,1.0,0.0,0.0,0.0,47025.0,20000.0,0.003984184819329531,0.005057272727272713
stratified_size_rep065,stratified_size,65,b50_lb5_k10_eps0p001,hierarchical_local_aggregate,uniform,300,60,5,0.0,0.0022362512605597824,0.003984184819329531,0.005057272727272713,1.0,1.0,1.0,0.0,0.0,0.0,47025.0,20000.0,0.003984184819329531,0.005057272727272713
stratified_size_rep065,stratified_size,65,b50_lb5_k10_eps0p001,local_only_offline_aggregate,confidence,300,60,5,0.0,0.0,0.0023205883088885156,0.00422875816993464,1.0,1.0,1.0,0.0,0.0,0.0,60000.0,20000.0,0.0023205883088885156,0.00422875816993464
stratified_size_rep065,stratified_size,65,b50_lb5_k10_eps0p001,local_only_offline_aggregate,shot_proportional,300,60,5,0.0,0.0,0.002190647986837017,0.00422875816993464,1.0,1.0,1.0,0.0,0.0,0.0,60000.0,20000.0,0.002190647986837017,0.00422875816993464
stratified_size_rep065,stratified_size,65,b50_lb5_k10_eps0p001,local_only_offline_aggregate,uniform,300,60,5,0.0,0.0,0.0022117463194730813,0.00422875816993464,1.0,1.0,1.0,0.0,0.0,0.0,60000.0,20000.0,0.0022117463194730813,0.00422875816993464
stratified_size_rep066,stratified_size,66,b50_lb5_k10_eps0p001,aggregate_only_sync,confidence,300,60,5,0.0,0.0021927276906697772,0.004134325276405565,0.005389999999999976,1.0,1.0,1.0,0.0,0.0,0.0,47212.5,20000.0,0.004134325276405565,0.005389999999999976
stratified_size_rep066,stratified_size,66,b50_lb5_k10_eps0p001,aggregate_only_sync,shot_proportional,300,60,5,0.0,0.0021927276906697772,0.004134325276405565,0.005389999999999976,1.0,1.0,1.0,0.0,0.0,0.0,47212.5,20000.0,0.004134325276405565,0.005389999999999976
stratified_size_rep066,stratified_size,66,b50_lb5_k10_eps0p001,aggregate_only_sync,uniform,300,60,5,0.0,0.0021927276906697772,0.004134325276405565,0.005389999999999976,1.0,1.0,1.0,0.0,0.0,0.0,47212.5,20000.0,0.004134325276405565,0.005389999999999976
stratified_size_rep066,stratified_size,66,b50_lb5_k10_eps0p001,hierarchical_local_aggregate,confidence,300,60,5,0.0,0.002180943052102926,0.004090841117113425,0.005403331604294519,1.0,1.0,1.0,0.0,0.0,0.0,47212.5,20000.0,0.004090841117113425,0.005403331604294519
stratified_size_rep066,stratified_size,66,b50_lb5_k10_eps0p001,hierarchical_local_aggregate,shot_proportional,300,60,5,0.0,0.0021927276906697772,0.004134325276405565,0.005389999999999976,1.0,1.0,1.0,0.0,0.0,0.0,47212.5,20000.0,0.004134325276405565,0.005389999999999976
stratified_size_rep066,stratified_size,66,b50_lb5_k10_eps0p001,hierarchical_local_aggregate,uniform,300,60,5,0.0,0.002190311634209312,0.004134325276405565,0.005389999999999976,1.0,1.0,1.0,0.0,0.0,0.0,47212.5,20000.0,0.004134325276405565,0.005389999999999976
stratified_size_rep066,stratified_size,66,b50_lb5_k10_eps0p001,local_only_offline_aggregate,confidence,300,60,5,0.0,0.0,0.001988501939490156,0.00422875816993464,1.0,1.0,1.0,0.0,0.0,0.0,60000.0,20000.0,0.001988501939490156,0.00422875816993464
stratified_size_rep066,stratified_size,66,b50_lb5_k10_eps0p001,local_only_offline_aggregate,shot_proportional,300,60,5,0.0,0.0,0.0019673914547557684,0.00422875816993464,1.0,1.0,1.0,0.0,0.0,0.0,60000.0,20000.0,0.0019673914547557684,0.00422875816993464
stratified_size_rep066,stratified_size,66,b50_lb5_k10_eps0p001,local_only_offline_aggregate,uniform,300,60,5,0.0,0.0,0.001981071794147203,0.00422875816993464,1.0,1.0,1.0,0.0,0.0,0.0,60000.0,20000.0,0.001981071794147203,0.00422875816993464
stratified_size_rep067,stratified_size,67,b50_lb5_k10_eps0p001,aggregate_only_sync,confidence,300,60,5,0.0,0.0022336736592137112,0.004134325276405565,0.005389999999999976,1.0,1.0,1.0,0.0,0.0,0.0,47025.0,20000.0,0.004134325276405565,0.005389999999999976
stratified_size_rep067,stratified_size,67,b50_lb5_k10_eps0p001,aggregate_only_sync,shot_proportional,300,60,5,0.0,0.0022336736592137112,0.004134325276405565,0.005389999999999976,1.0,1.0,1.0,0.0,0.0,0.0,47025.0,20000.0,0.004134325276405565,0.005389999999999976
stratified_size_rep067,stratified_size,67,b50_lb5_k10_eps0p001,aggregate_only_sync,uniform,300,60,5,0.0,0.0022336736592137112,0.004134325276405565,0.005389999999999976,1.0,1.0,1.0,0.0,0.0,0.0,47025.0,20000.0,0.004134325276405565,0.005389999999999976
stratified_size_rep067,stratified_size,67,b50_lb5_k10_eps0p001,hierarchical_local_aggregate,confidence,300,60,5,0.0,0.002182872856721907,0.004090841117113425,0.005403331604294519,1.0,1.0,1.0,0.0,0.0,0.0,47025.0,20000.0,0.004090841117113425,0.005403331604294519
stratified_size_rep067,stratified_size,67,b50_lb5_k10_eps0p001,hierarchical_local_aggregate,shot_proportional,300,60,5,0.0,0.002238180321639399,0.004134325276405565,0.005389999999999976,1.0,1.0,1.0,0.0,0.0,0.0,47025.0,20000.0,0.004134325276405565,0.005389999999999976
stratified_size_rep067,stratified_size,67,b50_lb5_k10_eps0p001,hierarchical_local_aggregate,uniform,300,60,5,0.0,0.0022053671172845,0.004134325276405565,0.005389999999999976,1.0,1.0,1.0,0.0,0.0,0.0,47025.0,20000.0,0.004134325276405565,0.005389999999999976
stratified_size_rep067,stratified_size,67,b50_lb5_k10_eps0p001,local_only_offline_aggregate,confidence,300,60,5,0.0,0.0,0.0023205883088885156,0.00422875816993464,1.0,1.0,1.0,0.0,0.0,0.0,60000.0,20000.0,0.0023205883088885156,0.00422875816993464
stratified_size_rep067,stratified_size,67,b50_lb5_k10_eps0p001,local_only_offline_aggregate,shot_proportional,300,60,5,0.0,0.0,0.002190647986837017,0.00422875816993464,1.0,1.0,1.0,0.0,0.0,0.0,60000.0,20000.0,0.002190647986837017,0.00422875816993464
stratified_size_rep067,stratified_size,67,b50_lb5_k10_eps0p001,local_only_offline_aggregate,uniform,300,60,5,0.0,0.0,0.0022117463194730813,0.00422875816993464,1.0,1.0,1.0,0.0,0.0,0.0,60000.0,20000.0,0.0022117463194730813,0.00422875816993464
stratified_size_rep068,stratified_size,68,b50_lb5_k10_eps0p001,aggregate_only_sync,confidence,300,60,5,0.0,0.0022053671172845,0.003984184819329531,0.005389999999999976,1.0,1.0,1.0,0.0,0.0,0.0,43625.0,20000.0,0.003984184819329531,0.005389999999999976
stratified_size_rep068,stratified_size,68,b50_lb5_k10_eps0p001,aggregate_only_sync,shot_proportional,300,60,5,0.0,0.0022053671172845,0.003984184819329531,0.005389999999999976,1.0,1.0,1.0,0.0,0.0,0.0,43625.0,20000.0,0.003984184819329531,0.005389999999999976
stratified_size_rep068,stratified_size,68,b50_lb5_k10_eps0p001,aggregate_only_sync,uniform,300,60,5,0.0,0.0022053671172845,0.003984184819329531,0.005389999999999976,1.0,1.0,1.0,0.0,0.0,0.0,43625.0,20000.0,0.003984184819329531,0.005389999999999976
stratified_size_rep068,stratified_size,68,b50_lb5_k10_eps0p001,hierarchical_local_aggregate,confidence,300,60,5,0.0,0.002180943052102926,0.003880629257878555,0.005403331604294519,1.0,1.0,1.0,0.0,0.0,0.0,43625.0,20000.0,0.003880629257878555,0.005403331604294519
stratified_size_rep068,stratified_size,68,b50_lb5_k10_eps0p001,hierarchical_local_aggregate,shot_proportional,300,60,5,0.0,0.0022053671172845,0.003984184819329531,0.005389999999999976,1.0,1.0,1.0,0.0,0.0,0.0,43625.0,20000.0,0.003984184819329531,0.005389999999999976
stratified_size_rep068,stratified_size,68,b50_lb5_k10_eps0p001,hierarchical_local_aggregate,uniform,300,60,5,0.0,0.0021927276906697772,0.003984184819329531,0.005389999999999976,1.0,1.0,1.0,0.0,0.0,0.0,43625.0,20000.0,0.003984184819329531,0.005389999999999976
stratified_size_rep068,stratified_size,68,b50_lb5_k10_eps0p001,local_only_offline_aggregate,confidence,300,60,5,0.0,0.0,0.00234247673442788,0.00422875816993464,1.0,1.0,1.0,0.0,0.0,0.0,60000.0,20000.0,0.00234247673442788,0.00422875816993464
stratified_size_rep068,stratified_size,68,b50_lb5_k10_eps0p001,local_only_offline_aggregate,shot_proportional,300,60,5,0.0,0.0,0.0022514386747703556,0.00422875816993464,1.0,1.0,1.0,0.0,0.0,0.0,60000.0,20000.0,0.0022514386747703556,0.00422875816993464
stratified_size_rep068,stratified_size,68,b50_lb5_k10_eps0p001,local_only_offline_aggregate,uniform,300,60,5,0.0,0.0,0.0024354572612638975,0.00422875816993464,1.0,1.0,1.0,0.0,0.0,0.0,60000.0,20000.0,0.0024354572612638975,0.00422875816993464
stratified_size_rep069,stratified_size,69,b50_lb5_k10_eps0p001,aggregate_only_sync,confidence,300,60,5,0.0,0.0022336736592137112,0.004134325276405565,0.005389999999999976,1.0,1.0,1.0,0.0,0.0,0.0,43775.0,20000.0,0.004134325276405565,0.005389999999999976
stratified_size_rep069,stratified_size,69,b50_lb5_k10_eps0p001,aggregate_only_sync,shot_proportional,300,60,5,0.0,0.0022336736592137112,0.004134325276405565,0.005389999999999976,1.0,1.0,1.0,0.0,0.0,0.0,43775.0,20000.0,0.004134325276405565,0.005389999999999976
stratified_size_rep069,stratified_size,69,b50_lb5_k10_eps0p001,aggregate_only_sync,uniform,300,60,5,0.0,0.0022336736592137112,0.004134325276405565,0.005389999999999976,1.0,1.0,1.0,0.0,0.0,0.0,43775.0,20000.0,0.004134325276405565,0.005389999999999976
stratified_size_rep069,stratified_size,69,b50_lb5_k10_eps0p001,hierarchical_local_aggregate,confidence,300,60,5,0.0,0.0021823293699766762,0.004008597943662781,0.005403331604294519,1.0,1.0,1.0,0.0,0.0,0.0,43775.0,20000.0,0.004008597943662781,0.005403331604294519
stratified_size_rep069,stratified_size,69,b50_lb5_k10_eps0p001,hierarchical_local_aggregate,shot_proportional,300,60,5,0.0,0.002238180321639399,0.004134325276405565,0.005389999999999976,1.0,1.0,1.0,0.0,0.0,0.0,43775.0,20000.0,0.004134325276405565,0.005389999999999976
stratified_size_rep069,stratified_size,69,b50_lb5_k10_eps0p001,hierarchical_local_aggregate,uniform,300,60,5,0.0,0.0022003983309894976,0.004134325276405565,0.005389999999999976,1.0,1.0,1.0,0.0,0.0,0.0,43775.0,20000.0,0.004134325276405565,0.005389999999999976
stratified_size_rep069,stratified_size,69,b50_lb5_k10_eps0p001,local_only_offline_aggregate,confidence,300,60,5,0.0,0.0,0.0020602070958613177,0.00422875816993464,1.0,1.0,1.0,0.0,0.0,0.0,60000.0,20000.0,0.0020602070958613177,0.00422875816993464
stratified_size_rep069,stratified_size,69,b50_lb5_k10_eps0p001,local_only_offline_aggregate,shot_proportional,300,60,5,0.0,0.0,0.0019650391052922493,0.00422875816993464,1.0,1.0,1.0,0.0,0.0,0.0,60000.0,20000.0,0.0019650391052922493,0.00422875816993464
stratified_size_rep069,stratified_size,69,b50_lb5_k10_eps0p001,local_only_offline_aggregate,uniform,300,60,5,0.0,0.0,0.002036590016944104,0.00422875816993464,1.0,1.0,1.0,0.0,0.0,0.0,60000.0,20000.0,0.002036590016944104,0.00422875816993464
stratified_size_rep070,stratified_size,70,b50_lb5_k10_eps0p001,aggregate_only_sync,confidence,300,60,5,0.0,0.0021927276906697772,0.003953488664939846,0.005389999999999976,1.0,1.0,1.0,0.0,0.0,0.0,43375.0,20000.0,0.003953488664939846,0.005389999999999976
stratified_size_rep070,stratified_size,70,b50_lb5_k10_eps0p001,aggregate_only_sync,shot_proportional,300,60,5,0.0,0.0021927276906697772,0.003953488664939846,0.005389999999999976,1.0,1.0,1.0,0.0,0.0,0.0,43375.0,20000.0,0.003953488664939846,0.005389999999999976
stratified_size_rep070,stratified_size,70,b50_lb5_k10_eps0p001,aggregate_only_sync,uniform,300,60,5,0.0,0.0021927276906697772,0.003953488664939846,0.005389999999999976,1.0,1.0,1.0,0.0,0.0,0.0,43375.0,20000.0,0.003953488664939846,0.005389999999999976
stratified_size_rep070,stratified_size,70,b50_lb5_k10_eps0p001,hierarchical_local_aggregate,confidence,300,60,5,0.0,0.0021322193931506903,0.003808003306080655,0.005403331604294519,1.0,1.0,1.0,0.0,0.0,0.0,43375.0,20000.0,0.003808003306080655,0.005403331604294519
stratified_size_rep070,stratified_size,70,b50_lb5_k10_eps0p001,hierarchical_local_aggregate,shot_proportional,300,60,5,0.0,0.0021927276906697772,0.003953488664939846,0.005389999999999976,1.0,1.0,1.0,0.0,0.0,0.0,43375.0,20000.0,0.003953488664939846,0.005389999999999976
stratified_size_rep070,stratified_size,70,b50_lb5_k10_eps0p001,hierarchical_local_aggregate,uniform,300,60,5,0.0,0.002190311634209312,0.003953488664939846,0.005389999999999976,1.0,1.0,1.0,0.0,0.0,0.0,43375.0,20000.0,0.003953488664939846,0.005389999999999976
stratified_size_rep070,stratified_size,70,b50_lb5_k10_eps0p001,local_only_offline_aggregate,confidence,300,60,5,0.0,0.0,0.00234247673442788,0.00422875816993464,1.0,1.0,1.0,0.0,0.0,0.0,60000.0,20000.0,0.00234247673442788,0.00422875816993464
stratified_size_rep070,stratified_size,70,b50_lb5_k10_eps0p001,local_only_offline_aggregate,shot_proportional,300,60,5,0.0,0.0,0.0022514386747703556,0.00422875816993464,1.0,1.0,1.0,0.0,0.0,0.0,60000.0,20000.0,0.0022514386747703556,0.00422875816993464
stratified_size_rep070,stratified_size,70,b50_lb5_k10_eps0p001,local_only_offline_aggregate,uniform,300,60,5,0.0,0.0,0.0024354572612638975,0.00422875816993464,1.0,1.0,1.0,0.0,0.0,0.0,60000.0,20000.0,0.0024354572612638975,0.00422875816993464
stratified_size_rep071,stratified_size,71,b50_lb5_k10_eps0p001,aggregate_only_sync,confidence,300,60,5,0.0,0.0024346332337900145,0.00405278679454678,0.005389999999999976,1.0,1.0,1.0,0.0,0.0,0.0,43775.0,20000.0,0.00405278679454678,0.005389999999999976
stratified_size_rep071,stratified_size,71,b50_lb5_k10_eps0p001,aggregate_only_sync,shot_proportional,300,60,5,0.0,0.0024346332337900145,0.00405278679454678,0.005389999999999976,1.0,1.0,1.0,0.0,0.0,0.0,43775.0,20000.0,0.00405278679454678,0.005389999999999976
stratified_size_rep071,stratified_size,71,b50_lb5_k10_eps0p001,aggregate_only_sync,uniform,300,60,5,0.0,0.0024346332337900145,0.00405278679454678,0.005389999999999976,1.0,1.0,1.0,0.0,0.0,0.0,43775.0,20000.0,0.00405278679454678,0.005389999999999976
stratified_size_rep071,stratified_size,71,b50_lb5_k10_eps0p001,hierarchical_local_aggregate,confidence,300,60,5,0.0,0.002545563096429804,0.004006972464794505,0.005403331604294519,1.0,1.0,1.0,0.0,0.0,0.0,43775.0,20000.0,0.004006972464794505,0.005403331604294519
stratified_size_rep071,stratified_size,71,b50_lb5_k10_eps0p001,hierarchical_local_aggregate,shot_proportional,300,60,5,0.0,0.0025621770891784278,0.00405278679454678,0.005389999999999976,1.0,1.0,1.0,0.0,0.0,0.0,43775.0,20000.0,0.00405278679454678,0.005389999999999976
stratified_size_rep071,stratified_size,71,b50_lb5_k10_eps0p001,hierarchical_local_aggregate,uniform,300,60,5,0.0,0.0025621770891784278,0.00405278679454678,0.005389999999999976,1.0,1.0,1.0,0.0,0.0,0.0,43775.0,20000.0,0.00405278679454678,0.005389999999999976
stratified_size_rep071,stratified_size,71,b50_lb5_k10_eps0p001,local_only_offline_aggregate,confidence,300,60,5,0.0,0.0,0.0023205883088885156,0.00422875816993464,1.0,1.0,1.0,0.0,0.0,0.0,60000.0,20000.0,0.0023205883088885156,0.00422875816993464
stratified_size_rep071,stratified_size,71,b50_lb5_k10_eps0p001,local_only_offline_aggregate,shot_proportional,300,60,5,0.0,0.0,0.002190647986837017,0.00422875816993464,1.0,1.0,1.0,0.0,0.0,0.0,60000.0,20000.0,0.002190647986837017,0.00422875816993464
stratified_size_rep071,stratified_size,71,b50_lb5_k10_eps0p001,local_only_offline_aggregate,uniform,300,60,5,0.0,0.0,0.0022117463194730813,0.00422875816993464,1.0,1.0,1.0,0.0,0.0,0.0,60000.0,20000.0,0.0022117463194730813,0.00422875816993464
stratified_size_rep072,stratified_size,72,b50_lb5_k10_eps0p001,aggregate_only_sync,confidence,300,60,5,0.0,0.0012492019230769284,0.004044077283642464,0.005389999999999976,1.0,1.0,1.0,0.0,0.0,0.0,50250.0,20000.0,0.004044077283642464,0.005389999999999976
stratified_size_rep072,stratified_size,72,b50_lb5_k10_eps0p001,aggregate_only_sync,shot_proportional,300,60,5,0.0,0.0012492019230769284,0.004044077283642464,0.005389999999999976,1.0,1.0,1.0,0.0,0.0,0.0,50250.0,20000.0,0.004044077283642464,0.005389999999999976
stratified_size_rep072,stratified_size,72,b50_lb5_k10_eps0p001,aggregate_only_sync,uniform,300,60,5,0.0,0.0012492019230769284,0.004044077283642464,0.005389999999999976,1.0,1.0,1.0,0.0,0.0,0.0,50250.0,20000.0,0.004044077283642464,0.005389999999999976
stratified_size_rep072,stratified_size,72,b50_lb5_k10_eps0p001,hierarchical_local_aggregate,confidence,300,60,5,0.0,0.0014195489312723874,0.003962271603884137,0.005403331604294519,1.0,1.0,1.0,0.0,0.0,0.0,50250.0,20000.0,0.003962271603884137,0.005403331604294519
stratified_size_rep072,stratified_size,72,b50_lb5_k10_eps0p001,hierarchical_local_aggregate,shot_proportional,300,60,5,0.0,0.001574657639371116,0.004044077283642464,0.005389999999999976,1.0,1.0,1.0,0.0,0.0,0.0,50250.0,20000.0,0.004044077283642464,0.005389999999999976
stratified_size_rep072,stratified_size,72,b50_lb5_k10_eps0p001,hierarchical_local_aggregate,uniform,300,60,5,0.0,0.001574657639371116,0.004044077283642464,0.005389999999999976,1.0,1.0,1.0,0.0,0.0,0.0,50250.0,20000.0,0.004044077283642464,0.005389999999999976
stratified_size_rep072,stratified_size,72,b50_lb5_k10_eps0p001,local_only_offline_aggregate,confidence,300,60,5,0.0,0.0,0.0020437987371791635,0.00422875816993464,1.0,1.0,1.0,0.0,0.0,0.0,60000.0,20000.0,0.0020437987371791635,0.00422875816993464
stratified_size_rep072,stratified_size,72,b50_lb5_k10_eps0p001,local_only_offline_aggregate,shot_proportional,300,60,5,0.0,0.0,0.0018956396157036328,0.00422875816993464,1.0,1.0,1.0,0.0,0.0,0.0,60000.0,20000.0,0.0018956396157036328,0.00422875816993464
stratified_size_rep072,stratified_size,72,b50_lb5_k10_eps0p001,local_only_offline_aggregate,uniform,300,60,5,0.0,0.0,0.001981071794147203,0.00422875816993464,1.0,1.0,1.0,0.0,0.0,0.0,60000.0,20000.0,0.001981071794147203,0.00422875816993464
stratified_size_rep073,stratified_size,73,b50_lb5_k10_eps0p001,aggregate_only_sync,confidence,300,60,5,0.0,0.00218541797684487,0.003984184819329531,0.005389999999999976,1.0,1.0,1.0,0.0,0.0,0.0,47025.0,20000.0,0.003984184819329531,0.005389999999999976
stratified_size_rep073,stratified_size,73,b50_lb5_k10_eps0p001,aggregate_only_sync,shot_proportional,300,60,5,0.0,0.00218541797684487,0.003984184819329531,0.005389999999999976,1.0,1.0,1.0,0.0,0.0,0.0,47025.0,20000.0,0.003984184819329531,0.005389999999999976
stratified_size_rep073,stratified_size,73,b50_lb5_k10_eps0p001,aggregate_only_sync,uniform,300,60,5,0.0,0.00218541797684487,0.003984184819329531,0.005389999999999976,1.0,1.0,1.0,0.0,0.0,0.0,47025.0,20000.0,0.003984184819329531,0.005389999999999976
stratified_size_rep073,stratified_size,73,b50_lb5_k10_eps0p001,hierarchical_local_aggregate,confidence,300,60,5,0.0,0.0020980773733247308,0.003955612818052376,0.005403331604294519,1.0,1.0,1.0,0.0,0.0,0.0,47025.0,20000.0,0.003955612818052376,0.005403331604294519
stratified_size_rep073,stratified_size,73,b50_lb5_k10_eps0p001,hierarchical_local_aggregate,shot_proportional,300,60,5,0.0,0.00218541797684487,0.003984184819329531,0.005389999999999976,1.0,1.0,1.0,0.0,0.0,0.0,47025.0,20000.0,0.003984184819329531,0.005389999999999976
stratified_size_rep073,stratified_size,73,b50_lb5_k10_eps0p001,hierarchical_local_aggregate,uniform,300,60,5,0.0,0.002185164712057493,0.003984184819329531,0.005389999999999976,1.0,1.0,1.0,0.0,0.0,0.0,47025.0,20000.0,0.003984184819329531,0.005389999999999976
stratified_size_rep073,stratified_size,73,b50_lb5_k10_eps0p001,local_only_offline_aggregate,confidence,300,60,5,0.0,0.0,0.00234247673442788,0.00422875816993464,1.0,1.0,1.0,0.0,0.0,0.0,60000.0,20000.0,0.00234247673442788,0.00422875816993464
stratified_size_rep073,stratified_size,73,b50_lb5_k10_eps0p001,local_only_offline_aggregate,shot_proportional,300,60,5,0.0,0.0,0.0022514386747703556,0.00422875816993464,1.0,1.0,1.0,0.0,0.0,0.0,60000.0,20000.0,0.0022514386747703556,0.00422875816993464
stratified_size_rep073,stratified_size,73,b50_lb5_k10_eps0p001,local_only_offline_aggregate,uniform,300,60,5,0.0,0.0,0.0024354572612638975,0.00422875816993464,1.0,1.0,1.0,0.0,0.0,0.0,60000.0,20000.0,0.0024354572612638975,0.00422875816993464
stratified_size_rep074,stratified_size,74,b50_lb5_k10_eps0p001,aggregate_only_sync,confidence,300,60,5,0.0,0.002129708161082546,0.003984184819329531,0.005057272727272713,1.0,1.0,1.0,0.0,0.0,0.0,47212.5,20000.0,0.003984184819329531,0.005057272727272713
stratified_size_rep074,stratified_size,74,b50_lb5_k10_eps0p001,aggregate_only_sync,shot_proportional,300,60,5,0.0,0.002129708161082546,0.003984184819329531,0.005057272727272713,1.0,1.0,1.0,0.0,0.0,0.0,47212.5,20000.0,0.003984184819329531,0.005057272727272713
stratified_size_rep074,stratified_size,74,b50_lb5_k10_eps0p001,aggregate_only_sync,uniform,300,60,5,0.0,0.002129708161082546,0.003984184819329531,0.005057272727272713,1.0,1.0,1.0,0.0,0.0,0.0,47212.5,20000.0,0.003984184819329531,0.005057272727272713
stratified_size_rep074,stratified_size,74,b50_lb5_k10_eps0p001,hierarchical_local_aggregate,confidence,300,60,5,0.0,0.0020370105510252464,0.003842741846885208,0.005177761830320271,1.0,1.0,1.0,0.0,0.0,0.0,47212.5,20000.0,0.003842741846885208,0.005177761830320271
stratified_size_rep074,stratified_size,74,b50_lb5_k10_eps0p001,hierarchical_local_aggregate,shot_proportional,300,60,5,0.0,0.002143544386953499,0.003984184819329531,0.005057272727272713,1.0,1.0,1.0,0.0,0.0,0.0,47212.5,20000.0,0.003984184819329531,0.005057272727272713
stratified_size_rep074,stratified_size,74,b50_lb5_k10_eps0p001,hierarchical_local_aggregate,uniform,300,60,5,0.0,0.002139433342293678,0.003984184819329531,0.005057272727272713,1.0,1.0,1.0,0.0,0.0,0.0,47212.5,20000.0,0.003984184819329531,0.005057272727272713
stratified_size_rep074,stratified_size,74,b50_lb5_k10_eps0p001,local_only_offline_aggregate,confidence,300,60,5,0.0,0.0,0.002183742691779764,0.00422875816993464,1.0,1.0,1.0,0.0,0.0,0.0,60000.0,20000.0,0.002183742691779764,0.00422875816993464
stratified_size_rep074,stratified_size,74,b50_lb5_k10_eps0p001,local_only_offline_aggregate,shot_proportional,300,60,5,0.0,0.0,0.0020324489052615117,0.00422875816993464,1.0,1.0,1.0,0.0,0.0,0.0,60000.0,20000.0,0.0020324489052615117,0.00422875816993464
stratified_size_rep074,stratified_size,74,b50_lb5_k10_eps0p001,local_only_offline_aggregate,uniform,300,60,5,0.0,0.0,0.0021349974312251264,0.00422875816993464,1.0,1.0,1.0,0.0,0.0,0.0,60000.0,20000.0,0.0021349974312251264,0.00422875816993464
stratified_size_rep075,stratified_size,75,b50_lb5_k10_eps0p001,aggregate_only_sync,confidence,300,60,5,0.0,0.0019568660542852922,0.003959573982295589,0.005389999999999976,1.0,1.0,1.0,0.0,0.0,0.0,45412.5,20000.0,0.003959573982295589,0.005389999999999976
stratified_size_rep075,stratified_size,75,b50_lb5_k10_eps0p001,aggregate_only_sync,shot_proportional,300,60,5,0.0,0.0019568660542852922,0.003959573982295589,0.005389999999999976,1.0,1.0,1.0,0.0,0.0,0.0,45412.5,20000.0,0.003959573982295589,0.005389999999999976
stratified_size_rep075,stratified_size,75,b50_lb5_k10_eps0p001,aggregate_only_sync,uniform,300,60,5,0.0,0.0019568660542852922,0.003959573982295589,0.005389999999999976,1.0,1.0,1.0,0.0,0.0,0.0,45412.5,20000.0,0.003959573982295589,0.005389999999999976
stratified_size_rep075,stratified_size,75,b50_lb5_k10_eps0p001,hierarchical_local_aggregate,confidence,300,60,5,0.0,0.001823905554315134,0.003842741846885208,0.005403331604294519,1.0,1.0,1.0,0.0,0.0,0.0,45412.5,20000.0,0.003842741846885208,0.005403331604294519
stratified_size_rep075,stratified_size,75,b50_lb5_k10_eps0p001,hierarchical_local_aggregate,shot_proportional,300,60,5,0.0,0.001972595210407356,0.003959573982295589,0.005389999999999976,1.0,1.0,1.0,0.0,0.0,0.0,45412.5,20000.0,0.003959573982295589,0.005389999999999976
stratified_size_rep075,stratified_size,75,b50_lb5_k10_eps0p001,hierarchical_local_aggregate,uniform,300,60,5,0.0,0.001972595210407356,0.003959573982295589,0.005389999999999976,1.0,1.0,1.0,0.0,0.0,0.0,45412.5,20000.0,0.003959573982295589,0.005389999999999976
stratified_size_rep075,stratified_size,75,b50_lb5_k10_eps0p001,local_only_offline_aggregate,confidence,300,60,5,0.0,0.0,0.0023205883088885156,0.00422875816993464,1.0,1.0,1.0,0.0,0.0,0.0,60000.0,20000.0,0.0023205883088885156,0.00422875816993464
stratified_size_rep075,stratified_size,75,b50_lb5_k10_eps0p001,local_only_offline_aggregate,shot_proportional,300,60,5,0.0,0.0,0.002190647986837017,0.00422875816993464,1.0,1.0,1.0,0.0,0.0,0.0,60000.0,20000.0,0.002190647986837017,0.00422875816993464
stratified_size_rep075,stratified_size,75,b50_lb5_k10_eps0p001,local_only_offline_aggregate,uniform,300,60,5,0.0,0.0,0.0022117463194730813,0.00422875816993464,1.0,1.0,1.0,0.0,0.0,0.0,60000.0,20000.0,0.0022117463194730813,0.00422875816993464
stratified_size_rep076,stratified_size,76,b50_lb5_k10_eps0p001,aggregate_only_sync,confidence,300,60,5,0.0,0.002129708161082546,0.003959573982295589,0.005389999999999976,1.0,1.0,1.0,0.0,0.0,0.0,43775.0,20000.0,0.003959573982295589,0.005389999999999976
stratified_size_rep076,stratified_size,76,b50_lb5_k10_eps0p001,aggregate_only_sync,shot_proportional,300,60,5,0.0,0.002129708161082546,0.003959573982295589,0.005389999999999976,1.0,1.0,1.0,0.0,0.0,0.0,43775.0,20000.0,0.003959573982295589,0.005389999999999976
stratified_size_rep076,stratified_size,76,b50_lb5_k10_eps0p001,aggregate_only_sync,uniform,300,60,5,0.0,0.002129708161082546,0.003959573982295589,0.005389999999999976,1.0,1.0,1.0,0.0,0.0,0.0,43775.0,20000.0,0.003959573982295589,0.005389999999999976
stratified_size_rep076,stratified_size,76,b50_lb5_k10_eps0p001,hierarchical_local_aggregate,confidence,300,60,5,0.0,0.0020370105510252464,0.003809789731919532,0.005403331604294519,1.0,1.0,1.0,0.0,0.0,0.0,43775.0,20000.0,0.003809789731919532,0.005403331604294519
stratified_size_rep076,stratified_size,76,b50_lb5_k10_eps0p001,hierarchical_local_aggregate,shot_proportional,300,60,5,0.0,0.002143544386953499,0.003959573982295589,0.005389999999999976,1.0,1.0,1.0,0.0,0.0,0.0,43775.0,20000.0,0.003959573982295589,0.005389999999999976
stratified_size_rep076,stratified_size,76,b50_lb5_k10_eps0p001,hierarchical_local_aggregate,uniform,300,60,5,0.0,0.002139433342293678,0.003959573982295589,0.005389999999999976,1.0,1.0,1.0,0.0,0.0,0.0,43775.0,20000.0,0.003959573982295589,0.005389999999999976
stratified_size_rep076,stratified_size,76,b50_lb5_k10_eps0p001,local_only_offline_aggregate,confidence,300,60,5,0.0,0.0,0.00234247673442788,0.00422875816993464,1.0,1.0,1.0,0.0,0.0,0.0,60000.0,20000.0,0.00234247673442788,0.00422875816993464
stratified_size_rep076,stratified_size,76,b50_lb5_k10_eps0p001,local_only_offline_aggregate,shot_proportional,300,60,5,0.0,0.0,0.0022514386747703556,0.00422875816993464,1.0,1.0,1.0,0.0,0.0,0.0,60000.0,20000.0,0.0022514386747703556,0.00422875816993464
stratified_size_rep076,stratified_size,76,b50_lb5_k10_eps0p001,local_only_offline_aggregate,uniform,300,60,5,0.0,0.0,0.0024354572612638975,0.00422875816993464,1.0,1.0,1.0,0.0,0.0,0.0,60000.0,20000.0,0.0024354572612638975,0.00422875816993464
stratified_size_rep077,stratified_size,77,b50_lb5_k10_eps0p001,aggregate_only_sync,confidence,300,60,5,0.0,0.0022053671172845,0.00405278679454678,0.005389999999999976,1.0,1.0,1.0,0.0,0.0,0.0,43775.0,20000.0,0.00405278679454678,0.005389999999999976
stratified_size_rep077,stratified_size,77,b50_lb5_k10_eps0p001,aggregate_only_sync,shot_proportional,300,60,5,0.0,0.0022053671172845,0.00405278679454678,0.005389999999999976,1.0,1.0,1.0,0.0,0.0,0.0,43775.0,20000.0,0.00405278679454678,0.005389999999999976
stratified_size_rep077,stratified_size,77,b50_lb5_k10_eps0p001,aggregate_only_sync,uniform,300,60,5,0.0,0.0022053671172845,0.00405278679454678,0.005389999999999976,1.0,1.0,1.0,0.0,0.0,0.0,43775.0,20000.0,0.00405278679454678,0.005389999999999976
stratified_size_rep077,stratified_size,77,b50_lb5_k10_eps0p001,hierarchical_local_aggregate,confidence,300,60,5,0.0,0.002180943052102926,0.004006972464794505,0.005403331604294519,1.0,1.0,1.0,0.0,0.0,0.0,43775.0,20000.0,0.004006972464794505,0.005403331604294519
stratified_size_rep077,stratified_size,77,b50_lb5_k10_eps0p001,hierarchical_local_aggregate,shot_proportional,300,60,5,0.0,0.0022053671172845,0.00405278679454678,0.005389999999999976,1.0,1.0,1.0,0.0,0.0,0.0,43775.0,20000.0,0.00405278679454678,0.005389999999999976
stratified_size_rep077,stratified_size,77,b50_lb5_k10_eps0p001,hierarchical_local_aggregate,uniform,300,60,5,0.0,0.0021927276906697772,0.00405278679454678,0.005389999999999976,1.0,1.0,1.0,0.0,0.0,0.0,43775.0,20000.0,0.00405278679454678,0.005389999999999976
stratified_size_rep077,stratified_size,77,b50_lb5_k10_eps0p001,local_only_offline_aggregate,confidence,300,60,5,0.0,0.0,0.0020602070958613177,0.00422875816993464,1.0,1.0,1.0,0.0,0.0,0.0,60000.0,20000.0,0.0020602070958613177,0.00422875816993464
stratified_size_rep077,stratified_size,77,b50_lb5_k10_eps0p001,local_only_offline_aggregate,shot_proportional,300,60,5,0.0,0.0,0.0019650391052922493,0.00422875816993464,1.0,1.0,1.0,0.0,0.0,0.0,60000.0,20000.0,0.0019650391052922493,0.00422875816993464
stratified_size_rep077,stratified_size,77,b50_lb5_k10_eps0p001,local_only_offline_aggregate,uniform,300,60,5,0.0,0.0,0.002036590016944104,0.00422875816993464,1.0,1.0,1.0,0.0,0.0,0.0,60000.0,20000.0,0.002036590016944104,0.00422875816993464
stratified_size_rep078,stratified_size,78,b50_lb5_k10_eps0p001,aggregate_only_sync,confidence,300,60,5,0.0,0.0019568660542852922,0.003984184819329531,0.005389999999999976,1.0,1.0,1.0,0.0,0.0,0.0,47700.0,20000.0,0.003984184819329531,0.005389999999999976
stratified_size_rep078,stratified_size,78,b50_lb5_k10_eps0p001,aggregate_only_sync,shot_proportional,300,60,5,0.0,0.0019568660542852922,0.003984184819329531,0.005389999999999976,1.0,1.0,1.0,0.0,0.0,0.0,47700.0,20000.0,0.003984184819329531,0.005389999999999976
stratified_size_rep078,stratified_size,78,b50_lb5_k10_eps0p001,aggregate_only_sync,uniform,300,60,5,0.0,0.0019568660542852922,0.003984184819329531,0.005389999999999976,1.0,1.0,1.0,0.0,0.0,0.0,47700.0,20000.0,0.003984184819329531,0.005389999999999976
stratified_size_rep078,stratified_size,78,b50_lb5_k10_eps0p001,hierarchical_local_aggregate,confidence,300,60,5,0.0,0.001780501317462196,0.003955612818052376,0.005403331604294519,1.0,1.0,1.0,0.0,0.0,0.0,47700.0,20000.0,0.003955612818052376,0.005403331604294519
stratified_size_rep078,stratified_size,78,b50_lb5_k10_eps0p001,hierarchical_local_aggregate,shot_proportional,300,60,5,0.0,0.001972595210407356,0.003984184819329531,0.005389999999999976,1.0,1.0,1.0,0.0,0.0,0.0,47700.0,20000.0,0.003984184819329531,0.005389999999999976
stratified_size_rep078,stratified_size,78,b50_lb5_k10_eps0p001,hierarchical_local_aggregate,uniform,300,60,5,0.0,0.001972595210407356,0.003984184819329531,0.005389999999999976,1.0,1.0,1.0,0.0,0.0,0.0,47700.0,20000.0,0.003984184819329531,0.005389999999999976
stratified_size_rep078,stratified_size,78,b50_lb5_k10_eps0p001,local_only_offline_aggregate,confidence,300,60,5,0.0,0.0,0.00234247673442788,0.00422875816993464,1.0,1.0,1.0,0.0,0.0,0.0,60000.0,20000.0,0.00234247673442788,0.00422875816993464
stratified_size_rep078,stratified_size,78,b50_lb5_k10_eps0p001,local_only_offline_aggregate,shot_proportional,300,60,5,0.0,0.0,0.0022514386747703556,0.00422875816993464,1.0,1.0,1.0,0.0,0.0,0.0,60000.0,20000.0,0.0022514386747703556,0.00422875816993464
stratified_size_rep078,stratified_size,78,b50_lb5_k10_eps0p001,local_only_offline_aggregate,uniform,300,60,5,0.0,0.0,0.0024354572612638975,0.00422875816993464,1.0,1.0,1.0,0.0,0.0,0.0,60000.0,20000.0,0.0024354572612638975,0.00422875816993464
stratified_size_rep079,stratified_size,79,b50_lb5_k10_eps0p001,aggregate_only_sync,confidence,300,60,5,0.0,0.0,0.004044077283642464,0.005389999999999976,1.0,1.0,1.0,0.0,0.0,0.0,54000.0,20000.0,0.004044077283642464,0.005389999999999976
stratified_size_rep079,stratified_size,79,b50_lb5_k10_eps0p001,aggregate_only_sync,shot_proportional,300,60,5,0.0,0.0,0.004044077283642464,0.005389999999999976,1.0,1.0,1.0,0.0,0.0,0.0,54000.0,20000.0,0.004044077283642464,0.005389999999999976
stratified_size_rep079,stratified_size,79,b50_lb5_k10_eps0p001,aggregate_only_sync,uniform,300,60,5,0.0,0.0,0.004044077283642464,0.005389999999999976,1.0,1.0,1.0,0.0,0.0,0.0,54000.0,20000.0,0.004044077283642464,0.005389999999999976
stratified_size_rep079,stratified_size,79,b50_lb5_k10_eps0p001,hierarchical_local_aggregate,confidence,300,60,5,0.0,0.0,0.003957943015807787,0.005403331604294519,1.0,1.0,1.0,0.0,0.0,0.0,54000.0,20000.0,0.003957943015807787,0.005403331604294519
stratified_size_rep079,stratified_size,79,b50_lb5_k10_eps0p001,hierarchical_local_aggregate,shot_proportional,300,60,5,0.0,0.0,0.004044077283642464,0.005389999999999976,1.0,1.0,1.0,0.0,0.0,0.0,54000.0,20000.0,0.004044077283642464,0.005389999999999976
stratified_size_rep079,stratified_size,79,b50_lb5_k10_eps0p001,hierarchical_local_aggregate,uniform,300,60,5,0.0,0.0,0.004044077283642464,0.005389999999999976,1.0,1.0,1.0,0.0,0.0,0.0,54000.0,20000.0,0.004044077283642464,0.005389999999999976
stratified_size_rep079,stratified_size,79,b50_lb5_k10_eps0p001,local_only_offline_aggregate,confidence,300,60,5,0.0,0.0,0.0017629308222808276,0.0038766839378238586,1.0,1.0,1.0,0.0,0.0,0.0,60000.0,20000.0,0.0017629308222808276,0.0038766839378238586
stratified_size_rep079,stratified_size,79,b50_lb5_k10_eps0p001,local_only_offline_aggregate,shot_proportional,300,60,5,0.0,0.0,0.0015559400733890696,0.0038766839378238586,1.0,1.0,1.0,0.0,0.0,0.0,60000.0,20000.0,0.0015559400733890696,0.0038766839378238586
stratified_size_rep079,stratified_size,79,b50_lb5_k10_eps0p001,local_only_offline_aggregate,uniform,300,60,5,0.0,0.0,0.0017145821660161584,0.0038766839378238586,1.0,1.0,1.0,0.0,0.0,0.0,60000.0,20000.0,0.0017145821660161584,0.0038766839378238586
stratified_size_rep080,stratified_size,80,b50_lb5_k10_eps0p001,aggregate_only_sync,confidence,300,60,5,0.0,0.0012789615384615363,0.004134325276405565,0.005389999999999976,1.0,1.0,1.0,0.0,0.0,0.0,52075.0,20000.0,0.004134325276405565,0.005389999999999976
stratified_size_rep080,stratified_size,80,b50_lb5_k10_eps0p001,aggregate_only_sync,shot_proportional,300,60,5,0.0,0.0012789615384615363,0.004134325276405565,0.005389999999999976,1.0,1.0,1.0,0.0,0.0,0.0,52075.0,20000.0,0.004134325276405565,0.005389999999999976
stratified_size_rep080,stratified_size,80,b50_lb5_k10_eps0p001,aggregate_only_sync,uniform,300,60,5,0.0,0.0012789615384615363,0.004134325276405565,0.005389999999999976,1.0,1.0,1.0,0.0,0.0,0.0,52075.0,20000.0,0.004134325276405565,0.005389999999999976
stratified_size_rep080,stratified_size,80,b50_lb5_k10_eps0p001,hierarchical_local_aggregate,confidence,300,60,5,0.0,0.0014195489312723874,0.004090841117113425,0.005403331604294519,1.0,1.0,1.0,0.0,0.0,0.0,52075.0,20000.0,0.004090841117113425,0.005403331604294519
stratified_size_rep080,stratified_size,80,b50_lb5_k10_eps0p001,hierarchical_local_aggregate,shot_proportional,300,60,5,0.0,0.001574657639371116,0.004134325276405565,0.005389999999999976,1.0,1.0,1.0,0.0,0.0,0.0,52075.0,20000.0,0.004134325276405565,0.005389999999999976
stratified_size_rep080,stratified_size,80,b50_lb5_k10_eps0p001,hierarchical_local_aggregate,uniform,300,60,5,0.0,0.001574657639371116,0.004134325276405565,0.005389999999999976,1.0,1.0,1.0,0.0,0.0,0.0,52075.0,20000.0,0.004134325276405565,0.005389999999999976
stratified_size_rep080,stratified_size,80,b50_lb5_k10_eps0p001,local_only_offline_aggregate,confidence,300,60,5,0.0,0.0,0.0019724051718419105,0.00422875816993464,1.0,1.0,1.0,0.0,0.0,0.0,60000.0,20000.0,0.0019724051718419105,0.00422875816993464
stratified_size_rep080,stratified_size,80,b50_lb5_k10_eps0p001,local_only_offline_aggregate,shot_proportional,300,60,5,0.0,0.0,0.0017996736536900644,0.00422875816993464,1.0,1.0,1.0,0.0,0.0,0.0,60000.0,20000.0,0.0017996736536900644,0.00422875816993464
stratified_size_rep080,stratified_size,80,b50_lb5_k10_eps0p001,local_only_offline_aggregate,uniform,300,60,5,0.0,0.0,0.00196791228124813,0.00422875816993464,1.0,1.0,1.0,0.0,0.0,0.0,60000.0,20000.0,0.00196791228124813,0.00422875816993464
stratified_size_rep081,stratified_size,81,b50_lb5_k10_eps0p001,aggregate_only_sync,confidence,300,60,5,0.0,0.002072462172598543,0.004134325276405565,0.005389999999999976,1.0,1.0,1.0,0.0,0.0,0.0,47025.0,20000.0,0.004134325276405565,0.005389999999999976
stratified_size_rep081,stratified_size,81,b50_lb5_k10_eps0p001,aggregate_only_sync,shot_proportional,300,60,5,0.0,0.002072462172598543,0.004134325276405565,0.005389999999999976,1.0,1.0,1.0,0.0,0.0,0.0,47025.0,20000.0,0.004134325276405565,0.005389999999999976
stratified_size_rep081,stratified_size,81,b50_lb5_k10_eps0p001,aggregate_only_sync,uniform,300,60,5,0.0,0.002072462172598543,0.004134325276405565,0.005389999999999976,1.0,1.0,1.0,0.0,0.0,0.0,47025.0,20000.0,0.004134325276405565,0.005389999999999976
stratified_size_rep081,stratified_size,81,b50_lb5_k10_eps0p001,hierarchical_local_aggregate,confidence,300,60,5,0.0,0.0020370105510252464,0.004090841117113425,0.005403331604294519,1.0,1.0,1.0,0.0,0.0,0.0,47025.0,20000.0,0.004090841117113425,0.005403331604294519
stratified_size_rep081,stratified_size,81,b50_lb5_k10_eps0p001,hierarchical_local_aggregate,shot_proportional,300,60,5,0.0,0.0021163784590883744,0.004134325276405565,0.005389999999999976,1.0,1.0,1.0,0.0,0.0,0.0,47025.0,20000.0,0.004134325276405565,0.005389999999999976
stratified_size_rep081,stratified_size,81,b50_lb5_k10_eps0p001,hierarchical_local_aggregate,uniform,300,60,5,0.0,0.002115008110868434,0.004134325276405565,0.005389999999999976,1.0,1.0,1.0,0.0,0.0,0.0,47025.0,20000.0,0.004134325276405565,0.005389999999999976
stratified_size_rep081,stratified_size,81,b50_lb5_k10_eps0p001,local_only_offline_aggregate,confidence,300,60,5,0.0,0.0,0.0019724051718419105,0.00422875816993464,1.0,1.0,1.0,0.0,0.0,0.0,60000.0,20000.0,0.0019724051718419105,0.00422875816993464
stratified_size_rep081,stratified_size,81,b50_lb5_k10_eps0p001,local_only_offline_aggregate,shot_proportional,300,60,5,0.0,0.0,0.0017408437542943695,0.00422875816993464,1.0,1.0,1.0,0.0,0.0,0.0,60000.0,20000.0,0.0017408437542943695,0.00422875816993464
stratified_size_rep081,stratified_size,81,b50_lb5_k10_eps0p001,local_only_offline_aggregate,uniform,300,60,5,0.0,0.0,0.0019318897114295498,0.00422875816993464,1.0,1.0,1.0,0.0,0.0,0.0,60000.0,20000.0,0.0019318897114295498,0.00422875816993464
stratified_size_rep082,stratified_size,82,b50_lb5_k10_eps0p001,aggregate_only_sync,confidence,300,60,5,0.0,0.0012492019230769284,0.003984184819329531,0.005389999999999976,1.0,1.0,1.0,0.0,0.0,0.0,49875.0,20000.0,0.003984184819329531,0.005389999999999976
stratified_size_rep082,stratified_size,82,b50_lb5_k10_eps0p001,aggregate_only_sync,shot_proportional,300,60,5,0.0,0.0012492019230769284,0.003984184819329531,0.005389999999999976,1.0,1.0,1.0,0.0,0.0,0.0,49875.0,20000.0,0.003984184819329531,0.005389999999999976
stratified_size_rep082,stratified_size,82,b50_lb5_k10_eps0p001,aggregate_only_sync,uniform,300,60,5,0.0,0.0012492019230769284,0.003984184819329531,0.005389999999999976,1.0,1.0,1.0,0.0,0.0,0.0,49875.0,20000.0,0.003984184819329531,0.005389999999999976
stratified_size_rep082,stratified_size,82,b50_lb5_k10_eps0p001,hierarchical_local_aggregate,confidence,300,60,5,0.0,0.0011791612909293194,0.003809789731919532,0.005403331604294519,1.0,1.0,1.0,0.0,0.0,0.0,49875.0,20000.0,0.003809789731919532,0.005403331604294519
stratified_size_rep082,stratified_size,82,b50_lb5_k10_eps0p001,hierarchical_local_aggregate,shot_proportional,300,60,5,0.0,0.0012492019230769284,0.003984184819329531,0.005389999999999976,1.0,1.0,1.0,0.0,0.0,0.0,49875.0,20000.0,0.003984184819329531,0.005389999999999976
stratified_size_rep082,stratified_size,82,b50_lb5_k10_eps0p001,hierarchical_local_aggregate,uniform,300,60,5,0.0,0.0012492019230769284,0.003984184819329531,0.005389999999999976,1.0,1.0,1.0,0.0,0.0,0.0,49875.0,20000.0,0.003984184819329531,0.005389999999999976
stratified_size_rep082,stratified_size,82,b50_lb5_k10_eps0p001,local_only_offline_aggregate,confidence,300,60,5,0.0,0.0,0.002183742691779764,0.00422875816993464,1.0,1.0,1.0,0.0,0.0,0.0,60000.0,20000.0,0.002183742691779764,0.00422875816993464
stratified_size_rep082,stratified_size,82,b50_lb5_k10_eps0p001,local_only_offline_aggregate,shot_proportional,300,60,5,0.0,0.0,0.0020324489052615117,0.00422875816993464,1.0,1.0,1.0,0.0,0.0,0.0,60000.0,20000.0,0.0020324489052615117,0.00422875816993464
stratified_size_rep082,stratified_size,82,b50_lb5_k10_eps0p001,local_only_offline_aggregate,uniform,300,60,5,0.0,0.0,0.0021349974312251264,0.00422875816993464,1.0,1.0,1.0,0.0,0.0,0.0,60000.0,20000.0,0.0021349974312251264,0.00422875816993464
stratified_size_rep083,stratified_size,83,b50_lb5_k10_eps0p001,aggregate_only_sync,confidence,300,60,5,0.0,0.0021927276906697772,0.00405278679454678,0.005389999999999976,1.0,1.0,1.0,0.0,0.0,0.0,47025.0,20000.0,0.00405278679454678,0.005389999999999976
stratified_size_rep083,stratified_size,83,b50_lb5_k10_eps0p001,aggregate_only_sync,shot_proportional,300,60,5,0.0,0.0021927276906697772,0.00405278679454678,0.005389999999999976,1.0,1.0,1.0,0.0,0.0,0.0,47025.0,20000.0,0.00405278679454678,0.005389999999999976
stratified_size_rep083,stratified_size,83,b50_lb5_k10_eps0p001,aggregate_only_sync,uniform,300,60,5,0.0,0.0021927276906697772,0.00405278679454678,0.005389999999999976,1.0,1.0,1.0,0.0,0.0,0.0,47025.0,20000.0,0.00405278679454678,0.005389999999999976
stratified_size_rep083,stratified_size,83,b50_lb5_k10_eps0p001,hierarchical_local_aggregate,confidence,300,60,5,0.0,0.0021322193931506903,0.004006972464794505,0.005403331604294519,1.0,1.0,1.0,0.0,0.0,0.0,47025.0,20000.0,0.004006972464794505,0.005403331604294519
stratified_size_rep083,stratified_size,83,b50_lb5_k10_eps0p001,hierarchical_local_aggregate,shot_proportional,300,60,5,0.0,0.0021927276906697772,0.00405278679454678,0.005389999999999976,1.0,1.0,1.0,0.0,0.0,0.0,47025.0,20000.0,0.00405278679454678,0.005389999999999976
stratified_size_rep083,stratified_size,83,b50_lb5_k10_eps0p001,hierarchical_local_aggregate,uniform,300,60,5,0.0,0.002190311634209312,0.00405278679454678,0.005389999999999976,1.0,1.0,1.0,0.0,0.0,0.0,47025.0,20000.0,0.00405278679454678,0.005389999999999976
stratified_size_rep083,stratified_size,83,b50_lb5_k10_eps0p001,local_only_offline_aggregate,confidence,300,60,5,0.0,0.0,0.0023205883088885156,0.00422875816993464,1.0,1.0,1.0,0.0,0.0,0.0,60000.0,20000.0,0.0023205883088885156,0.00422875816993464
stratified_size_rep083,stratified_size,83,b50_lb5_k10_eps0p001,local_only_offline_aggregate,shot_proportional,300,60,5,0.0,0.0,0.002190647986837017,0.00422875816993464,1.0,1.0,1.0,0.0,0.0,0.0,60000.0,20000.0,0.002190647986837017,0.00422875816993464
stratified_size_rep083,stratified_size,83,b50_lb5_k10_eps0p001,local_only_offline_aggregate,uniform,300,60,5,0.0,0.0,0.0022117463194730813,0.00422875816993464,1.0,1.0,1.0,0.0,0.0,0.0,60000.0,20000.0,0.0022117463194730813,0.00422875816993464
stratified_size_rep084,stratified_size,84,b50_lb5_k10_eps0p001,aggregate_only_sync,confidence,300,60,5,0.0,0.00218541797684487,0.003959573982295589,0.005389999999999976,1.0,1.0,1.0,0.0,0.0,0.0,43775.0,20000.0,0.003959573982295589,0.005389999999999976
stratified_size_rep084,stratified_size,84,b50_lb5_k10_eps0p001,aggregate_only_sync,shot_proportional,300,60,5,0.0,0.00218541797684487,0.003959573982295589,0.005389999999999976,1.0,1.0,1.0,0.0,0.0,0.0,43775.0,20000.0,0.003959573982295589,0.005389999999999976
stratified_size_rep084,stratified_size,84,b50_lb5_k10_eps0p001,aggregate_only_sync,uniform,300,60,5,0.0,0.00218541797684487,0.003959573982295589,0.005389999999999976,1.0,1.0,1.0,0.0,0.0,0.0,43775.0,20000.0,0.003959573982295589,0.005389999999999976
stratified_size_rep084,stratified_size,84,b50_lb5_k10_eps0p001,hierarchical_local_aggregate,confidence,300,60,5,0.0,0.0020980773733247308,0.003809789731919532,0.005403331604294519,1.0,1.0,1.0,0.0,0.0,0.0,43775.0,20000.0,0.003809789731919532,0.005403331604294519
stratified_size_rep084,stratified_size,84,b50_lb5_k10_eps0p001,hierarchical_local_aggregate,shot_proportional,300,60,5,0.0,0.00218541797684487,0.003959573982295589,0.005389999999999976,1.0,1.0,1.0,0.0,0.0,0.0,43775.0,20000.0,0.003959573982295589,0.005389999999999976
stratified_size_rep084,stratified_size,84,b50_lb5_k10_eps0p001,hierarchical_local_aggregate,uniform,300,60,5,0.0,0.002185164712057493,0.003959573982295589,0.005389999999999976,1.0,1.0,1.0,0.0,0.0,0.0,43775.0,20000.0,0.003959573982295589,0.005389999999999976
stratified_size_rep084,stratified_size,84,b50_lb5_k10_eps0p001,local_only_offline_aggregate,confidence,300,60,5,0.0,0.0,0.00234247673442788,0.00422875816993464,1.0,1.0,1.0,0.0,0.0,0.0,60000.0,20000.0,0.00234247673442788,0.00422875816993464
stratified_size_rep084,stratified_size,84,b50_lb5_k10_eps0p001,local_only_offline_aggregate,shot_proportional,300,60,5,0.0,0.0,0.0022514386747703556,0.00422875816993464,1.0,1.0,1.0,0.0,0.0,0.0,60000.0,20000.0,0.0022514386747703556,0.00422875816993464
stratified_size_rep084,stratified_size,84,b50_lb5_k10_eps0p001,local_only_offline_aggregate,uniform,300,60,5,0.0,0.0,0.0024354572612638975,0.00422875816993464,1.0,1.0,1.0,0.0,0.0,0.0,60000.0,20000.0,0.0024354572612638975,0.00422875816993464
stratified_size_rep085,stratified_size,85,b50_lb5_k10_eps0p001,aggregate_only_sync,confidence,300,60,5,0.0,0.002129708161082546,0.00405278679454678,0.005389999999999976,1.0,1.0,1.0,0.0,0.0,0.0,48375.0,20000.0,0.00405278679454678,0.005389999999999976
stratified_size_rep085,stratified_size,85,b50_lb5_k10_eps0p001,aggregate_only_sync,shot_proportional,300,60,5,0.0,0.002129708161082546,0.00405278679454678,0.005389999999999976,1.0,1.0,1.0,0.0,0.0,0.0,48375.0,20000.0,0.00405278679454678,0.005389999999999976
stratified_size_rep085,stratified_size,85,b50_lb5_k10_eps0p001,aggregate_only_sync,uniform,300,60,5,0.0,0.002129708161082546,0.00405278679454678,0.005389999999999976,1.0,1.0,1.0,0.0,0.0,0.0,48375.0,20000.0,0.00405278679454678,0.005389999999999976
stratified_size_rep085,stratified_size,85,b50_lb5_k10_eps0p001,hierarchical_local_aggregate,confidence,300,60,5,0.0,0.0019357787985277574,0.004006972464794505,0.005403331604294519,1.0,1.0,1.0,0.0,0.0,0.0,48375.0,20000.0,0.004006972464794505,0.005403331604294519
stratified_size_rep085,stratified_size,85,b50_lb5_k10_eps0p001,hierarchical_local_aggregate,shot_proportional,300,60,5,0.0,0.002129708161082546,0.00405278679454678,0.005389999999999976,1.0,1.0,1.0,0.0,0.0,0.0,48375.0,20000.0,0.00405278679454678,0.005389999999999976
stratified_size_rep085,stratified_size,85,b50_lb5_k10_eps0p001,hierarchical_local_aggregate,uniform,300,60,5,0.0,0.002129708161082546,0.00405278679454678,0.005389999999999976,1.0,1.0,1.0,0.0,0.0,0.0,48375.0,20000.0,0.00405278679454678,0.005389999999999976
stratified_size_rep085,stratified_size,85,b50_lb5_k10_eps0p001,local_only_offline_aggregate,confidence,300,60,5,0.0,0.0,0.0020474643278721523,0.0038766839378238586,1.0,1.0,1.0,0.0,0.0,0.0,60000.0,20000.0,0.0020474643278721523,0.0038766839378238586
stratified_size_rep085,stratified_size,85,b50_lb5_k10_eps0p001,local_only_offline_aggregate,shot_proportional,300,60,5,0.0,0.0,0.0018962801893059743,0.0038766839378238586,1.0,1.0,1.0,0.0,0.0,0.0,60000.0,20000.0,0.0018962801893059743,0.0038766839378238586
stratified_size_rep085,stratified_size,85,b50_lb5_k10_eps0p001,local_only_offline_aggregate,uniform,300,60,5,0.0,0.0,0.002036590016944104,0.0038766839378238586,1.0,1.0,1.0,0.0,0.0,0.0,60000.0,20000.0,0.002036590016944104,0.0038766839378238586
stratified_size_rep086,stratified_size,86,b50_lb5_k10_eps0p001,aggregate_only_sync,confidence,300,60,5,0.0,0.002129708161082546,0.003961241794822409,0.005389999999999976,1.0,1.0,1.0,0.0,0.0,0.0,47212.5,20000.0,0.003961241794822409,0.005389999999999976
stratified_size_rep086,stratified_size,86,b50_lb5_k10_eps0p001,aggregate_only_sync,shot_proportional,300,60,5,0.0,0.002129708161082546,0.003961241794822409,0.005389999999999976,1.0,1.0,1.0,0.0,0.0,0.0,47212.5,20000.0,0.003961241794822409,0.005389999999999976
stratified_size_rep086,stratified_size,86,b50_lb5_k10_eps0p001,aggregate_only_sync,uniform,300,60,5,0.0,0.002129708161082546,0.003961241794822409,0.005389999999999976,1.0,1.0,1.0,0.0,0.0,0.0,47212.5,20000.0,0.003961241794822409,0.005389999999999976
stratified_size_rep086,stratified_size,86,b50_lb5_k10_eps0p001,hierarchical_local_aggregate,confidence,300,60,5,0.0,0.0020980773733247308,0.003880629257878555,0.005403331604294519,1.0,1.0,1.0,0.0,0.0,0.0,47212.5,20000.0,0.003880629257878555,0.005403331604294519
stratified_size_rep086,stratified_size,86,b50_lb5_k10_eps0p001,hierarchical_local_aggregate,shot_proportional,300,60,5,0.0,0.002143544386953499,0.003961241794822409,0.005389999999999976,1.0,1.0,1.0,0.0,0.0,0.0,47212.5,20000.0,0.003961241794822409,0.005389999999999976
stratified_size_rep086,stratified_size,86,b50_lb5_k10_eps0p001,hierarchical_local_aggregate,uniform,300,60,5,0.0,0.002139433342293678,0.003961241794822409,0.005389999999999976,1.0,1.0,1.0,0.0,0.0,0.0,47212.5,20000.0,0.003961241794822409,0.005389999999999976
stratified_size_rep086,stratified_size,86,b50_lb5_k10_eps0p001,local_only_offline_aggregate,confidence,300,60,5,0.0,0.0,0.0023205883088885156,0.00422875816993464,1.0,1.0,1.0,0.0,0.0,0.0,60000.0,20000.0,0.0023205883088885156,0.00422875816993464
stratified_size_rep086,stratified_size,86,b50_lb5_k10_eps0p001,local_only_offline_aggregate,shot_proportional,300,60,5,0.0,0.0,0.002190647986837017,0.00422875816993464,1.0,1.0,1.0,0.0,0.0,0.0,60000.0,20000.0,0.002190647986837017,0.00422875816993464
stratified_size_rep086,stratified_size,86,b50_lb5_k10_eps0p001,local_only_offline_aggregate,uniform,300,60,5,0.0,0.0,0.0022117463194730813,0.00422875816993464,1.0,1.0,1.0,0.0,0.0,0.0,60000.0,20000.0,0.0022117463194730813,0.00422875816993464
stratified_size_rep087,stratified_size,87,b50_lb5_k10_eps0p001,aggregate_only_sync,confidence,300,60,5,0.0,0.0022336736592137112,0.00401727137529408,0.005389999999999976,1.0,1.0,1.0,0.0,0.0,0.0,44100.0,20000.0,0.00401727137529408,0.005389999999999976
stratified_size_rep087,stratified_size,87,b50_lb5_k10_eps0p001,aggregate_only_sync,shot_proportional,300,60,5,0.0,0.0022336736592137112,0.00401727137529408,0.005389999999999976,1.0,1.0,1.0,0.0,0.0,0.0,44100.0,20000.0,0.00401727137529408,0.005389999999999976
stratified_size_rep087,stratified_size,87,b50_lb5_k10_eps0p001,aggregate_only_sync,uniform,300,60,5,0.0,0.0022336736592137112,0.00401727137529408,0.005389999999999976,1.0,1.0,1.0,0.0,0.0,0.0,44100.0,20000.0,0.00401727137529408,0.005389999999999976
stratified_size_rep087,stratified_size,87,b50_lb5_k10_eps0p001,hierarchical_local_aggregate,confidence,300,60,5,0.0,0.0021823293699766762,0.0038466871669399043,0.005403331604294519,1.0,1.0,1.0,0.0,0.0,0.0,44100.0,20000.0,0.0038466871669399043,0.005403331604294519
stratified_size_rep087,stratified_size,87,b50_lb5_k10_eps0p001,hierarchical_local_aggregate,shot_proportional,300,60,5,0.0,0.002238180321639399,0.00401727137529408,0.005389999999999976,1.0,1.0,1.0,0.0,0.0,0.0,44100.0,20000.0,0.00401727137529408,0.005389999999999976
stratified_size_rep087,stratified_size,87,b50_lb5_k10_eps0p001,hierarchical_local_aggregate,uniform,300,60,5,0.0,0.0022003983309894976,0.00401727137529408,0.005389999999999976,1.0,1.0,1.0,0.0,0.0,0.0,44100.0,20000.0,0.00401727137529408,0.005389999999999976
stratified_size_rep087,stratified_size,87,b50_lb5_k10_eps0p001,local_only_offline_aggregate,confidence,300,60,5,0.0,0.0,0.002305586076975793,0.00422875816993464,1.0,1.0,1.0,0.0,0.0,0.0,60000.0,20000.0,0.002305586076975793,0.00422875816993464
stratified_size_rep087,stratified_size,87,b50_lb5_k10_eps0p001,local_only_offline_aggregate,shot_proportional,300,60,5,0.0,0.0,0.0019801996553321143,0.00422875816993464,1.0,1.0,1.0,0.0,0.0,0.0,60000.0,20000.0,0.0019801996553321143,0.00422875816993464
stratified_size_rep087,stratified_size,87,b50_lb5_k10_eps0p001,local_only_offline_aggregate,uniform,300,60,5,0.0,0.0,0.0021522280390587315,0.00422875816993464,1.0,1.0,1.0,0.0,0.0,0.0,60000.0,20000.0,0.0021522280390587315,0.00422875816993464
stratified_size_rep088,stratified_size,88,b50_lb5_k10_eps0p001,aggregate_only_sync,confidence,300,60,5,0.0,0.002129708161082546,0.0038972843933633185,0.005389999999999976,1.0,1.0,1.0,0.0,0.0,0.0,44100.0,20000.0,0.0038972843933633185,0.005389999999999976
stratified_size_rep088,stratified_size,88,b50_lb5_k10_eps0p001,aggregate_only_sync,shot_proportional,300,60,5,0.0,0.002129708161082546,0.0038972843933633185,0.005389999999999976,1.0,1.0,1.0,0.0,0.0,0.0,44100.0,20000.0,0.0038972843933633185,0.005389999999999976
stratified_size_rep088,stratified_size,88,b50_lb5_k10_eps0p001,aggregate_only_sync,uniform,300,60,5,0.0,0.002129708161082546,0.0038972843933633185,0.005389999999999976,1.0,1.0,1.0,0.0,0.0,0.0,44100.0,20000.0,0.0038972843933633185,0.005389999999999976
stratified_size_rep088,stratified_size,88,b50_lb5_k10_eps0p001,hierarchical_local_aggregate,confidence,300,60,5,0.0,0.0020370105510252464,0.003773041052108363,0.005403331604294519,1.0,1.0,1.0,0.0,0.0,0.0,44100.0,20000.0,0.003773041052108363,0.005403331604294519
stratified_size_rep088,stratified_size,88,b50_lb5_k10_eps0p001,hierarchical_local_aggregate,shot_proportional,300,60,5,0.0,0.002143544386953499,0.0038972843933633185,0.005389999999999976,1.0,1.0,1.0,0.0,0.0,0.0,44100.0,20000.0,0.0038972843933633185,0.005389999999999976
stratified_size_rep088,stratified_size,88,b50_lb5_k10_eps0p001,hierarchical_local_aggregate,uniform,300,60,5,0.0,0.002139433342293678,0.0038972843933633185,0.005389999999999976,1.0,1.0,1.0,0.0,0.0,0.0,44100.0,20000.0,0.0038972843933633185,0.005389999999999976
stratified_size_rep088,stratified_size,88,b50_lb5_k10_eps0p001,local_only_offline_aggregate,confidence,300,60,5,0.0,0.0,0.002183742691779764,0.0038766839378238586,1.0,1.0,1.0,0.0,0.0,0.0,60000.0,20000.0,0.002183742691779764,0.0038766839378238586
stratified_size_rep088,stratified_size,88,b50_lb5_k10_eps0p001,local_only_offline_aggregate,shot_proportional,300,60,5,0.0,0.0,0.0019795623532002536,0.0038766839378238586,1.0,1.0,1.0,0.0,0.0,0.0,60000.0,20000.0,0.0019795623532002536,0.0038766839378238586
stratified_size_rep088,stratified_size,88,b50_lb5_k10_eps0p001,local_only_offline_aggregate,uniform,300,60,5,0.0,0.0,0.002067987736969451,0.0038766839378238586,1.0,1.0,1.0,0.0,0.0,0.0,60000.0,20000.0,0.002067987736969451,0.0038766839378238586
stratified_size_rep089,stratified_size,89,b50_lb5_k10_eps0p001,aggregate_only_sync,confidence,300,60,5,0.0,0.0018183027960944726,0.003961241794822409,0.005389999999999976,1.0,1.0,1.0,0.0,0.0,0.0,47212.5,20000.0,0.003961241794822409,0.005389999999999976
stratified_size_rep089,stratified_size,89,b50_lb5_k10_eps0p001,aggregate_only_sync,shot_proportional,300,60,5,0.0,0.0018183027960944726,0.003961241794822409,0.005389999999999976,1.0,1.0,1.0,0.0,0.0,0.0,47212.5,20000.0,0.003961241794822409,0.005389999999999976
stratified_size_rep089,stratified_size,89,b50_lb5_k10_eps0p001,aggregate_only_sync,uniform,300,60,5,0.0,0.0018183027960944726,0.003961241794822409,0.005389999999999976,1.0,1.0,1.0,0.0,0.0,0.0,47212.5,20000.0,0.003961241794822409,0.005389999999999976
stratified_size_rep089,stratified_size,89,b50_lb5_k10_eps0p001,hierarchical_local_aggregate,confidence,300,60,5,0.0,0.001780501317462196,0.003880629257878555,0.005403331604294519,1.0,1.0,1.0,0.0,0.0,0.0,47212.5,20000.0,0.003880629257878555,0.005403331604294519
stratified_size_rep089,stratified_size,89,b50_lb5_k10_eps0p001,hierarchical_local_aggregate,shot_proportional,300,60,5,0.0,0.001831404199827644,0.003961241794822409,0.005389999999999976,1.0,1.0,1.0,0.0,0.0,0.0,47212.5,20000.0,0.003961241794822409,0.005389999999999976
stratified_size_rep089,stratified_size,89,b50_lb5_k10_eps0p001,hierarchical_local_aggregate,uniform,300,60,5,0.0,0.001831404199827644,0.003961241794822409,0.005389999999999976,1.0,1.0,1.0,0.0,0.0,0.0,47212.5,20000.0,0.003961241794822409,0.005389999999999976
stratified_size_rep089,stratified_size,89,b50_lb5_k10_eps0p001,local_only_offline_aggregate,confidence,300,60,5,0.0,0.0,0.0023205883088885156,0.00422875816993464,1.0,1.0,1.0,0.0,0.0,0.0,60000.0,20000.0,0.0023205883088885156,0.00422875816993464
stratified_size_rep089,stratified_size,89,b50_lb5_k10_eps0p001,local_only_offline_aggregate,shot_proportional,300,60,5,0.0,0.0,0.002190647986837017,0.00422875816993464,1.0,1.0,1.0,0.0,0.0,0.0,60000.0,20000.0,0.002190647986837017,0.00422875816993464
stratified_size_rep089,stratified_size,89,b50_lb5_k10_eps0p001,local_only_offline_aggregate,uniform,300,60,5,0.0,0.0,0.0022117463194730813,0.00422875816993464,1.0,1.0,1.0,0.0,0.0,0.0,60000.0,20000.0,0.0022117463194730813,0.00422875816993464
stratified_size_rep090,stratified_size,90,b50_lb5_k10_eps0p001,aggregate_only_sync,confidence,300,60,5,0.0,0.0022336736592137112,0.00401727137529408,0.005389999999999976,1.0,1.0,1.0,0.0,0.0,0.0,44100.0,20000.0,0.00401727137529408,0.005389999999999976
stratified_size_rep090,stratified_size,90,b50_lb5_k10_eps0p001,aggregate_only_sync,shot_proportional,300,60,5,0.0,0.0022336736592137112,0.00401727137529408,0.005389999999999976,1.0,1.0,1.0,0.0,0.0,0.0,44100.0,20000.0,0.00401727137529408,0.005389999999999976
stratified_size_rep090,stratified_size,90,b50_lb5_k10_eps0p001,aggregate_only_sync,uniform,300,60,5,0.0,0.0022336736592137112,0.00401727137529408,0.005389999999999976,1.0,1.0,1.0,0.0,0.0,0.0,44100.0,20000.0,0.00401727137529408,0.005389999999999976
stratified_size_rep090,stratified_size,90,b50_lb5_k10_eps0p001,hierarchical_local_aggregate,confidence,300,60,5,0.0,0.002182872856721907,0.003955612818052376,0.005403331604294519,1.0,1.0,1.0,0.0,0.0,0.0,44100.0,20000.0,0.003955612818052376,0.005403331604294519
stratified_size_rep090,stratified_size,90,b50_lb5_k10_eps0p001,hierarchical_local_aggregate,shot_proportional,300,60,5,0.0,0.002238180321639399,0.00401727137529408,0.005389999999999976,1.0,1.0,1.0,0.0,0.0,0.0,44100.0,20000.0,0.00401727137529408,0.005389999999999976
stratified_size_rep090,stratified_size,90,b50_lb5_k10_eps0p001,hierarchical_local_aggregate,uniform,300,60,5,0.0,0.0022053671172845,0.00401727137529408,0.005389999999999976,1.0,1.0,1.0,0.0,0.0,0.0,44100.0,20000.0,0.00401727137529408,0.005389999999999976
stratified_size_rep090,stratified_size,90,b50_lb5_k10_eps0p001,local_only_offline_aggregate,confidence,300,60,5,0.0,0.0,0.002305586076975793,0.00422875816993464,1.0,1.0,1.0,0.0,0.0,0.0,60000.0,20000.0,0.002305586076975793,0.00422875816993464
stratified_size_rep090,stratified_size,90,b50_lb5_k10_eps0p001,local_only_offline_aggregate,shot_proportional,300,60,5,0.0,0.0,0.0019801996553321143,0.00422875816993464,1.0,1.0,1.0,0.0,0.0,0.0,60000.0,20000.0,0.0019801996553321143,0.00422875816993464
stratified_size_rep090,stratified_size,90,b50_lb5_k10_eps0p001,local_only_offline_aggregate,uniform,300,60,5,0.0,0.0,0.0021522280390587315,0.00422875816993464,1.0,1.0,1.0,0.0,0.0,0.0,60000.0,20000.0,0.0021522280390587315,0.00422875816993464
stratified_size_rep091,stratified_size,91,b50_lb5_k10_eps0p001,aggregate_only_sync,confidence,300,60,5,0.0,0.002072462172598543,0.003984184819329531,0.005389999999999976,1.0,1.0,1.0,0.0,0.0,0.0,47700.0,20000.0,0.003984184819329531,0.005389999999999976
stratified_size_rep091,stratified_size,91,b50_lb5_k10_eps0p001,aggregate_only_sync,shot_proportional,300,60,5,0.0,0.002072462172598543,0.003984184819329531,0.005389999999999976,1.0,1.0,1.0,0.0,0.0,0.0,47700.0,20000.0,0.003984184819329531,0.005389999999999976
stratified_size_rep091,stratified_size,91,b50_lb5_k10_eps0p001,aggregate_only_sync,uniform,300,60,5,0.0,0.002072462172598543,0.003984184819329531,0.005389999999999976,1.0,1.0,1.0,0.0,0.0,0.0,47700.0,20000.0,0.003984184819329531,0.005389999999999976
stratified_size_rep091,stratified_size,91,b50_lb5_k10_eps0p001,hierarchical_local_aggregate,confidence,300,60,5,0.0,0.0019357787985277574,0.003955612818052376,0.005403331604294519,1.0,1.0,1.0,0.0,0.0,0.0,47700.0,20000.0,0.003955612818052376,0.005403331604294519
stratified_size_rep091,stratified_size,91,b50_lb5_k10_eps0p001,hierarchical_local_aggregate,shot_proportional,300,60,5,0.0,0.0021163784590883744,0.003984184819329531,0.005389999999999976,1.0,1.0,1.0,0.0,0.0,0.0,47700.0,20000.0,0.003984184819329531,0.005389999999999976
stratified_size_rep091,stratified_size,91,b50_lb5_k10_eps0p001,hierarchical_local_aggregate,uniform,300,60,5,0.0,0.002115008110868434,0.003984184819329531,0.005389999999999976,1.0,1.0,1.0,0.0,0.0,0.0,47700.0,20000.0,0.003984184819329531,0.005389999999999976
stratified_size_rep091,stratified_size,91,b50_lb5_k10_eps0p001,local_only_offline_aggregate,confidence,300,60,5,0.0,0.0,0.00234247673442788,0.00422875816993464,1.0,1.0,1.0,0.0,0.0,0.0,60000.0,20000.0,0.00234247673442788,0.00422875816993464
stratified_size_rep091,stratified_size,91,b50_lb5_k10_eps0p001,local_only_offline_aggregate,shot_proportional,300,60,5,0.0,0.0,0.0022514386747703556,0.00422875816993464,1.0,1.0,1.0,0.0,0.0,0.0,60000.0,20000.0,0.0022514386747703556,0.00422875816993464
stratified_size_rep091,stratified_size,91,b50_lb5_k10_eps0p001,local_only_offline_aggregate,uniform,300,60,5,0.0,0.0,0.0024354572612638975,0.00422875816993464,1.0,1.0,1.0,0.0,0.0,0.0,60000.0,20000.0,0.0024354572612638975,0.00422875816993464
stratified_size_rep092,stratified_size,92,b50_lb5_k10_eps0p001,aggregate_only_sync,confidence,300,60,5,0.0,0.0019568660542852922,0.00401727137529408,0.005389999999999976,1.0,1.0,1.0,0.0,0.0,0.0,47212.5,20000.0,0.00401727137529408,0.005389999999999976
stratified_size_rep092,stratified_size,92,b50_lb5_k10_eps0p001,aggregate_only_sync,shot_proportional,300,60,5,0.0,0.0019568660542852922,0.00401727137529408,0.005389999999999976,1.0,1.0,1.0,0.0,0.0,0.0,47212.5,20000.0,0.00401727137529408,0.005389999999999976
stratified_size_rep092,stratified_size,92,b50_lb5_k10_eps0p001,aggregate_only_sync,uniform,300,60,5,0.0,0.0019568660542852922,0.00401727137529408,0.005389999999999976,1.0,1.0,1.0,0.0,0.0,0.0,47212.5,20000.0,0.00401727137529408,0.005389999999999976
stratified_size_rep092,stratified_size,92,b50_lb5_k10_eps0p001,hierarchical_local_aggregate,confidence,300,60,5,0.0,0.001823905554315134,0.003880629257878555,0.005403331604294519,1.0,1.0,1.0,0.0,0.0,0.0,47212.5,20000.0,0.003880629257878555,0.005403331604294519
stratified_size_rep092,stratified_size,92,b50_lb5_k10_eps0p001,hierarchical_local_aggregate,shot_proportional,300,60,5,0.0,0.001977207285697674,0.00401727137529408,0.005389999999999976,1.0,1.0,1.0,0.0,0.0,0.0,47212.5,20000.0,0.00401727137529408,0.005389999999999976
stratified_size_rep092,stratified_size,92,b50_lb5_k10_eps0p001,hierarchical_local_aggregate,uniform,300,60,5,0.0,0.001975836937477734,0.00401727137529408,0.005389999999999976,1.0,1.0,1.0,0.0,0.0,0.0,47212.5,20000.0,0.00401727137529408,0.005389999999999976
stratified_size_rep092,stratified_size,92,b50_lb5_k10_eps0p001,local_only_offline_aggregate,confidence,300,60,5,0.0,0.0,0.0021322290681774327,0.0038766839378238586,1.0,1.0,1.0,0.0,0.0,0.0,60000.0,20000.0,0.0021322290681774327,0.0038766839378238586
stratified_size_rep092,stratified_size,92,b50_lb5_k10_eps0p001,local_only_offline_aggregate,shot_proportional,300,60,5,0.0,0.0,0.0019650391052922493,0.0038766839378238586,1.0,1.0,1.0,0.0,0.0,0.0,60000.0,20000.0,0.0019650391052922493,0.0038766839378238586
stratified_size_rep092,stratified_size,92,b50_lb5_k10_eps0p001,local_only_offline_aggregate,uniform,300,60,5,0.0,0.0,0.002036590016944104,0.0038766839378238586,1.0,1.0,1.0,0.0,0.0,0.0,60000.0,20000.0,0.002036590016944104,0.0038766839378238586
stratified_size_rep093,stratified_size,93,b50_lb5_k10_eps0p001,aggregate_only_sync,confidence,300,60,5,0.0,0.0022901214382961975,0.004134325276405565,0.005389999999999976,1.0,1.0,1.0,0.0,0.0,0.0,47025.0,20000.0,0.004134325276405565,0.005389999999999976
stratified_size_rep093,stratified_size,93,b50_lb5_k10_eps0p001,aggregate_only_sync,shot_proportional,300,60,5,0.0,0.0022901214382961975,0.004134325276405565,0.005389999999999976,1.0,1.0,1.0,0.0,0.0,0.0,47025.0,20000.0,0.004134325276405565,0.005389999999999976
stratified_size_rep093,stratified_size,93,b50_lb5_k10_eps0p001,aggregate_only_sync,uniform,300,60,5,0.0,0.0022901214382961975,0.004134325276405565,0.005389999999999976,1.0,1.0,1.0,0.0,0.0,0.0,47025.0,20000.0,0.004134325276405565,0.005389999999999976
stratified_size_rep093,stratified_size,93,b50_lb5_k10_eps0p001,hierarchical_local_aggregate,confidence,300,60,5,0.0,0.0022126484490996422,0.004090841117113425,0.005403331604294519,1.0,1.0,1.0,0.0,0.0,0.0,47025.0,20000.0,0.004090841117113425,0.005403331604294519
stratified_size_rep093,stratified_size,93,b50_lb5_k10_eps0p001,hierarchical_local_aggregate,shot_proportional,300,60,5,0.0,0.0023257554945055052,0.004134325276405565,0.005389999999999976,1.0,1.0,1.0,0.0,0.0,0.0,47025.0,20000.0,0.004134325276405565,0.005389999999999976
stratified_size_rep093,stratified_size,93,b50_lb5_k10_eps0p001,hierarchical_local_aggregate,uniform,300,60,5,0.0,0.002274237575386048,0.004134325276405565,0.005389999999999976,1.0,1.0,1.0,0.0,0.0,0.0,47025.0,20000.0,0.004134325276405565,0.005389999999999976
stratified_size_rep093,stratified_size,93,b50_lb5_k10_eps0p001,local_only_offline_aggregate,confidence,300,60,5,0.0,0.0,0.002062582845010665,0.00422875816993464,1.0,1.0,1.0,0.0,0.0,0.0,60000.0,20000.0,0.002062582845010665,0.00422875816993464
stratified_size_rep093,stratified_size,93,b50_lb5_k10_eps0p001,local_only_offline_aggregate,shot_proportional,300,60,5,0.0,0.0,0.0019673914547557684,0.00422875816993464,1.0,1.0,1.0,0.0,0.0,0.0,60000.0,20000.0,0.0019673914547557684,0.00422875816993464
stratified_size_rep093,stratified_size,93,b50_lb5_k10_eps0p001,local_only_offline_aggregate,uniform,300,60,5,0.0,0.0,0.002067987736969451,0.00422875816993464,1.0,1.0,1.0,0.0,0.0,0.0,60000.0,20000.0,0.002067987736969451,0.00422875816993464
stratified_size_rep094,stratified_size,94,b50_lb5_k10_eps0p001,aggregate_only_sync,confidence,300,60,5,0.0,0.0018275421280873842,0.004044077283642464,0.005389999999999976,1.0,1.0,1.0,0.0,0.0,0.0,47025.0,20000.0,0.004044077283642464,0.005389999999999976
stratified_size_rep094,stratified_size,94,b50_lb5_k10_eps0p001,aggregate_only_sync,shot_proportional,300,60,5,0.0,0.0018275421280873842,0.004044077283642464,0.005389999999999976,1.0,1.0,1.0,0.0,0.0,0.0,47025.0,20000.0,0.004044077283642464,0.005389999999999976
stratified_size_rep094,stratified_size,94,b50_lb5_k10_eps0p001,aggregate_only_sync,uniform,300,60,5,0.0,0.0018275421280873842,0.004044077283642464,0.005389999999999976,1.0,1.0,1.0,0.0,0.0,0.0,47025.0,20000.0,0.004044077283642464,0.005389999999999976
stratified_size_rep094,stratified_size,94,b50_lb5_k10_eps0p001,hierarchical_local_aggregate,confidence,300,60,5,0.0,0.0017524182174551524,0.003958370119365367,0.005403331604294519,1.0,1.0,1.0,0.0,0.0,0.0,47025.0,20000.0,0.003958370119365367,0.005403331604294519
stratified_size_rep094,stratified_size,94,b50_lb5_k10_eps0p001,hierarchical_local_aggregate,shot_proportional,300,60,5,0.0,0.0018284180455503485,0.004044077283642464,0.005389999999999976,1.0,1.0,1.0,0.0,0.0,0.0,47025.0,20000.0,0.004044077283642464,0.005389999999999976
stratified_size_rep094,stratified_size,94,b50_lb5_k10_eps0p001,hierarchical_local_aggregate,uniform,300,60,5,0.0,0.0018284180455503485,0.004044077283642464,0.005389999999999976,1.0,1.0,1.0,0.0,0.0,0.0,47025.0,20000.0,0.004044077283642464,0.005389999999999976
stratified_size_rep094,stratified_size,94,b50_lb5_k10_eps0p001,local_only_offline_aggregate,confidence,300,60,5,0.0,0.0,0.0019490427008506304,0.0038766839378238586,1.0,1.0,1.0,0.0,0.0,0.0,60000.0,20000.0,0.0019490427008506304,0.0038766839378238586
stratified_size_rep094,stratified_size,94,b50_lb5_k10_eps0p001,local_only_offline_aggregate,shot_proportional,300,60,5,0.0,0.0,0.0017408437542943695,0.0038766839378238586,1.0,1.0,1.0,0.0,0.0,0.0,60000.0,20000.0,0.0017408437542943695,0.0038766839378238586
stratified_size_rep094,stratified_size,94,b50_lb5_k10_eps0p001,local_only_offline_aggregate,uniform,300,60,5,0.0,0.0,0.0019318897114295498,0.0038766839378238586,1.0,1.0,1.0,0.0,0.0,0.0,60000.0,20000.0,0.0019318897114295498,0.0038766839378238586
stratified_size_rep095,stratified_size,95,b50_lb5_k10_eps0p001,aggregate_only_sync,confidence,300,60,5,0.0,0.002090403949883032,0.00401727137529408,0.005389999999999976,1.0,1.0,1.0,0.0,0.0,0.0,45712.5,20000.0,0.00401727137529408,0.005389999999999976
stratified_size_rep095,stratified_size,95,b50_lb5_k10_eps0p001,aggregate_only_sync,shot_proportional,300,60,5,0.0,0.002090403949883032,0.00401727137529408,0.005389999999999976,1.0,1.0,1.0,0.0,0.0,0.0,45712.5,20000.0,0.00401727137529408,0.005389999999999976
stratified_size_rep095,stratified_size,95,b50_lb5_k10_eps0p001,aggregate_only_sync,uniform,300,60,5,0.0,0.002090403949883032,0.00401727137529408,0.005389999999999976,1.0,1.0,1.0,0.0,0.0,0.0,45712.5,20000.0,0.00401727137529408,0.005389999999999976
stratified_size_rep095,stratified_size,95,b50_lb5_k10_eps0p001,hierarchical_local_aggregate,confidence,300,60,5,0.0,0.0019357787985277574,0.0038137350519742283,0.005403331604294519,1.0,1.0,1.0,0.0,0.0,0.0,45712.5,20000.0,0.0038137350519742283,0.005403331604294519
stratified_size_rep095,stratified_size,95,b50_lb5_k10_eps0p001,hierarchical_local_aggregate,shot_proportional,300,60,5,0.0,0.002143544386953499,0.00401727137529408,0.005389999999999976,1.0,1.0,1.0,0.0,0.0,0.0,45712.5,20000.0,0.00401727137529408,0.005389999999999976
stratified_size_rep095,stratified_size,95,b50_lb5_k10_eps0p001,hierarchical_local_aggregate,uniform,300,60,5,0.0,0.002139433342293678,0.00401727137529408,0.005389999999999976,1.0,1.0,1.0,0.0,0.0,0.0,45712.5,20000.0,0.00401727137529408,0.005389999999999976
stratified_size_rep095,stratified_size,95,b50_lb5_k10_eps0p001,local_only_offline_aggregate,confidence,300,60,5,0.0,0.0,0.002305586076975793,0.00422875816993464,1.0,1.0,1.0,0.0,0.0,0.0,60000.0,20000.0,0.002305586076975793,0.00422875816993464
stratified_size_rep095,stratified_size,95,b50_lb5_k10_eps0p001,local_only_offline_aggregate,shot_proportional,300,60,5,0.0,0.0,0.0019801996553321143,0.00422875816993464,1.0,1.0,1.0,0.0,0.0,0.0,60000.0,20000.0,0.0019801996553321143,0.00422875816993464
stratified_size_rep095,stratified_size,95,b50_lb5_k10_eps0p001,local_only_offline_aggregate,uniform,300,60,5,0.0,0.0,0.0021522280390587315,0.00422875816993464,1.0,1.0,1.0,0.0,0.0,0.0,60000.0,20000.0,0.0021522280390587315,0.00422875816993464
stratified_size_rep096,stratified_size,96,b50_lb5_k10_eps0p001,aggregate_only_sync,confidence,300,60,5,0.0,0.0022336736592137112,0.00405278679454678,0.005389999999999976,1.0,1.0,1.0,0.0,0.0,0.0,43650.0,20000.0,0.00405278679454678,0.005389999999999976
stratified_size_rep096,stratified_size,96,b50_lb5_k10_eps0p001,aggregate_only_sync,shot_proportional,300,60,5,0.0,0.0022336736592137112,0.00405278679454678,0.005389999999999976,1.0,1.0,1.0,0.0,0.0,0.0,43650.0,20000.0,0.00405278679454678,0.005389999999999976
stratified_size_rep096,stratified_size,96,b50_lb5_k10_eps0p001,aggregate_only_sync,uniform,300,60,5,0.0,0.0022336736592137112,0.00405278679454678,0.005389999999999976,1.0,1.0,1.0,0.0,0.0,0.0,43650.0,20000.0,0.00405278679454678,0.005389999999999976
stratified_size_rep096,stratified_size,96,b50_lb5_k10_eps0p001,hierarchical_local_aggregate,confidence,300,60,5,0.0,0.002182872856721907,0.004006972464794505,0.005403331604294519,1.0,1.0,1.0,0.0,0.0,0.0,43650.0,20000.0,0.004006972464794505,0.005403331604294519
stratified_size_rep096,stratified_size,96,b50_lb5_k10_eps0p001,hierarchical_local_aggregate,shot_proportional,300,60,5,0.0,0.002238180321639399,0.00405278679454678,0.005389999999999976,1.0,1.0,1.0,0.0,0.0,0.0,43650.0,20000.0,0.00405278679454678,0.005389999999999976
stratified_size_rep096,stratified_size,96,b50_lb5_k10_eps0p001,hierarchical_local_aggregate,uniform,300,60,5,0.0,0.0022053671172845,0.00405278679454678,0.005389999999999976,1.0,1.0,1.0,0.0,0.0,0.0,43650.0,20000.0,0.00405278679454678,0.005389999999999976
stratified_size_rep096,stratified_size,96,b50_lb5_k10_eps0p001,local_only_offline_aggregate,confidence,300,60,5,0.0,0.0,0.00234247673442788,0.00422875816993464,1.0,1.0,1.0,0.0,0.0,0.0,60000.0,20000.0,0.00234247673442788,0.00422875816993464
stratified_size_rep096,stratified_size,96,b50_lb5_k10_eps0p001,local_only_offline_aggregate,shot_proportional,300,60,5,0.0,0.0,0.0022514386747703556,0.00422875816993464,1.0,1.0,1.0,0.0,0.0,0.0,60000.0,20000.0,0.0022514386747703556,0.00422875816993464
stratified_size_rep096,stratified_size,96,b50_lb5_k10_eps0p001,local_only_offline_aggregate,uniform,300,60,5,0.0,0.0,0.0024354572612638975,0.00422875816993464,1.0,1.0,1.0,0.0,0.0,0.0,60000.0,20000.0,0.0024354572612638975,0.00422875816993464
stratified_size_rep097,stratified_size,97,b50_lb5_k10_eps0p001,aggregate_only_sync,confidence,300,60,5,0.0,0.002072462172598543,0.00405278679454678,0.005389999999999976,1.0,1.0,1.0,0.0,0.0,0.0,47025.0,20000.0,0.00405278679454678,0.005389999999999976
stratified_size_rep097,stratified_size,97,b50_lb5_k10_eps0p001,aggregate_only_sync,shot_proportional,300,60,5,0.0,0.002072462172598543,0.00405278679454678,0.005389999999999976,1.0,1.0,1.0,0.0,0.0,0.0,47025.0,20000.0,0.00405278679454678,0.005389999999999976
stratified_size_rep097,stratified_size,97,b50_lb5_k10_eps0p001,aggregate_only_sync,uniform,300,60,5,0.0,0.002072462172598543,0.00405278679454678,0.005389999999999976,1.0,1.0,1.0,0.0,0.0,0.0,47025.0,20000.0,0.00405278679454678,0.005389999999999976
stratified_size_rep097,stratified_size,97,b50_lb5_k10_eps0p001,hierarchical_local_aggregate,confidence,300,60,5,0.0,0.0019357787985277574,0.004006972464794505,0.005403331604294519,1.0,1.0,1.0,0.0,0.0,0.0,47025.0,20000.0,0.004006972464794505,0.005403331604294519
stratified_size_rep097,stratified_size,97,b50_lb5_k10_eps0p001,hierarchical_local_aggregate,shot_proportional,300,60,5,0.0,0.0021163784590883744,0.00405278679454678,0.005389999999999976,1.0,1.0,1.0,0.0,0.0,0.0,47025.0,20000.0,0.00405278679454678,0.005389999999999976
stratified_size_rep097,stratified_size,97,b50_lb5_k10_eps0p001,hierarchical_local_aggregate,uniform,300,60,5,0.0,0.002115008110868434,0.00405278679454678,0.005389999999999976,1.0,1.0,1.0,0.0,0.0,0.0,47025.0,20000.0,0.00405278679454678,0.005389999999999976
stratified_size_rep097,stratified_size,97,b50_lb5_k10_eps0p001,local_only_offline_aggregate,confidence,300,60,5,0.0,0.0,0.0019724051718419105,0.00422875816993464,1.0,1.0,1.0,0.0,0.0,0.0,60000.0,20000.0,0.0019724051718419105,0.00422875816993464
stratified_size_rep097,stratified_size,97,b50_lb5_k10_eps0p001,local_only_offline_aggregate,shot_proportional,300,60,5,0.0,0.0,0.0017408437542943695,0.00422875816993464,1.0,1.0,1.0,0.0,0.0,0.0,60000.0,20000.0,0.0017408437542943695,0.00422875816993464
stratified_size_rep097,stratified_size,97,b50_lb5_k10_eps0p001,local_only_offline_aggregate,uniform,300,60,5,0.0,0.0,0.0019318897114295498,0.00422875816993464,1.0,1.0,1.0,0.0,0.0,0.0,60000.0,20000.0,0.0019318897114295498,0.00422875816993464
stratified_size_rep098,stratified_size,98,b50_lb5_k10_eps0p001,aggregate_only_sync,confidence,300,60,5,0.0,0.0012789615384615363,0.003953488664939846,0.005389999999999976,1.0,1.0,1.0,0.0,0.0,0.0,47700.0,20000.0,0.003953488664939846,0.005389999999999976
stratified_size_rep098,stratified_size,98,b50_lb5_k10_eps0p001,aggregate_only_sync,shot_proportional,300,60,5,0.0,0.0012789615384615363,0.003953488664939846,0.005389999999999976,1.0,1.0,1.0,0.0,0.0,0.0,47700.0,20000.0,0.003953488664939846,0.005389999999999976
stratified_size_rep098,stratified_size,98,b50_lb5_k10_eps0p001,aggregate_only_sync,uniform,300,60,5,0.0,0.0012789615384615363,0.003953488664939846,0.005389999999999976,1.0,1.0,1.0,0.0,0.0,0.0,47700.0,20000.0,0.003953488664939846,0.005389999999999976
stratified_size_rep098,stratified_size,98,b50_lb5_k10_eps0p001,hierarchical_local_aggregate,confidence,300,60,5,0.0,0.0012819792839448886,0.003771306730268064,0.005403331604294519,1.0,1.0,1.0,0.0,0.0,0.0,47700.0,20000.0,0.003771306730268064,0.005403331604294519
stratified_size_rep098,stratified_size,98,b50_lb5_k10_eps0p001,hierarchical_local_aggregate,shot_proportional,300,60,5,0.0,0.001574657639371116,0.003953488664939846,0.005389999999999976,1.0,1.0,1.0,0.0,0.0,0.0,47700.0,20000.0,0.003953488664939846,0.005389999999999976
stratified_size_rep098,stratified_size,98,b50_lb5_k10_eps0p001,hierarchical_local_aggregate,uniform,300,60,5,0.0,0.001574657639371116,0.003953488664939846,0.005389999999999976,1.0,1.0,1.0,0.0,0.0,0.0,47700.0,20000.0,0.003953488664939846,0.005389999999999976
stratified_size_rep098,stratified_size,98,b50_lb5_k10_eps0p001,local_only_offline_aggregate,confidence,300,60,5,0.0,0.0,0.0020602070958613177,0.00422875816993464,1.0,1.0,1.0,0.0,0.0,0.0,60000.0,20000.0,0.0020602070958613177,0.00422875816993464
stratified_size_rep098,stratified_size,98,b50_lb5_k10_eps0p001,local_only_offline_aggregate,shot_proportional,300,60,5,0.0,0.0,0.0020324489052615117,0.00422875816993464,1.0,1.0,1.0,0.0,0.0,0.0,60000.0,20000.0,0.0020324489052615117,0.00422875816993464
stratified_size_rep098,stratified_size,98,b50_lb5_k10_eps0p001,local_only_offline_aggregate,uniform,300,60,5,0.0,0.0,0.002067987736969451,0.00422875816993464,1.0,1.0,1.0,0.0,0.0,0.0,60000.0,20000.0,0.002067987736969451,0.00422875816993464
stratified_size_rep099,stratified_size,99,b50_lb5_k10_eps0p001,aggregate_only_sync,confidence,300,60,5,0.0,0.00229231520041642,0.004044077283642464,0.005389999999999976,1.0,1.0,1.0,0.0,0.0,0.0,43775.0,20000.0,0.004044077283642464,0.005389999999999976
stratified_size_rep099,stratified_size,99,b50_lb5_k10_eps0p001,aggregate_only_sync,shot_proportional,300,60,5,0.0,0.00229231520041642,0.004044077283642464,0.005389999999999976,1.0,1.0,1.0,0.0,0.0,0.0,43775.0,20000.0,0.004044077283642464,0.005389999999999976
stratified_size_rep099,stratified_size,99,b50_lb5_k10_eps0p001,aggregate_only_sync,uniform,300,60,5,0.0,0.00229231520041642,0.004044077283642464,0.005389999999999976,1.0,1.0,1.0,0.0,0.0,0.0,43775.0,20000.0,0.004044077283642464,0.005389999999999976
stratified_size_rep099,stratified_size,99,b50_lb5_k10_eps0p001,hierarchical_local_aggregate,confidence,300,60,5,0.0,0.0022625512910109486,0.003955612818052376,0.005403331604294519,1.0,1.0,1.0,0.0,0.0,0.0,43775.0,20000.0,0.003955612818052376,0.005403331604294519
stratified_size_rep099,stratified_size,99,b50_lb5_k10_eps0p001,hierarchical_local_aggregate,shot_proportional,300,60,5,0.0,0.0023279492566257278,0.004044077283642464,0.005389999999999976,1.0,1.0,1.0,0.0,0.0,0.0,43775.0,20000.0,0.004044077283642464,0.005389999999999976
stratified_size_rep099,stratified_size,99,b50_lb5_k10_eps0p001,hierarchical_local_aggregate,uniform,300,60,5,0.0,0.0022764313375062705,0.004044077283642464,0.005389999999999976,1.0,1.0,1.0,0.0,0.0,0.0,43775.0,20000.0,0.004044077283642464,0.005389999999999976
stratified_size_rep099,stratified_size,99,b50_lb5_k10_eps0p001,local_only_offline_aggregate,confidence,300,60,5,0.0,0.0,0.0023205883088885156,0.00422875816993464,1.0,1.0,1.0,0.0,0.0,0.0,60000.0,20000.0,0.0023205883088885156,0.00422875816993464
stratified_size_rep099,stratified_size,99,b50_lb5_k10_eps0p001,local_only_offline_aggregate,shot_proportional,300,60,5,0.0,0.0,0.002190647986837017,0.00422875816993464,1.0,1.0,1.0,0.0,0.0,0.0,60000.0,20000.0,0.002190647986837017,0.00422875816993464
stratified_size_rep099,stratified_size,99,b50_lb5_k10_eps0p001,local_only_offline_aggregate,uniform,300,60,5,0.0,0.0,0.0022117463194730813,0.00422875816993464,1.0,1.0,1.0,0.0,0.0,0.0,60000.0,20000.0,0.0022117463194730813,0.00422875816993464
