circuit_key,algorithm,size,source_backend,failure_fraction,strategy,chosen_targets,chosen_count,nonworse_fallback,source_profile_20k_tvd,selected_profile_20k_tvd,selected_profile_30k_tvd,handoff_final_tvd_to_aer,handoff_total_physical_shots,delta_tvd_vs_oracle_best,delta_shots_vs_oracle_best
dj_10,dj,10,fake_fez,0.1,oracle_best,fake_marrakesh,1,False,0.17045,0.16010000000000002,0.15893333333333334,0.1657142857142857,3150.0,0.0,0.0
dj_10,dj,10,fake_fez,0.1,oracle_nonworse,fake_marrakesh,1,False,0.17045,0.16010000000000002,0.15893333333333334,0.1657142857142857,3150.0,0.0,0.0
dj_10,dj,10,fake_fez,0.1,random,fake_kyiv;fake_marrakesh;fake_sherbrooke;fake_torino,4,False,0.17045,0.245425,0.24503333333333335,0.23740669104322798,3612.5,0.07169240532894228,462.5
dj_10,dj,10,fake_fez,0.1,oracle_worst,fake_kyiv,1,False,0.17045,0.28259999999999996,0.2833333333333333,0.2706172839506172,4050.0,0.10490299823633148,900.0
dj_10,dj,10,fake_fez,0.25,oracle_best,fake_marrakesh,1,False,0.17045,0.16010000000000002,0.15893333333333334,0.1630985915492957,3550.0,0.0,0.0
dj_10,dj,10,fake_fez,0.25,oracle_nonworse,fake_marrakesh,1,False,0.17045,0.16010000000000002,0.15893333333333334,0.1630985915492957,3550.0,0.0,0.0
dj_10,dj,10,fake_fez,0.25,random,fake_kyiv;fake_marrakesh;fake_sherbrooke;fake_torino,4,False,0.17045,0.245425,0.24503333333333335,0.22750153864362643,3950.0,0.06440294709433073,400.0
dj_10,dj,10,fake_fez,0.25,oracle_worst,fake_kyiv,1,False,0.17045,0.28259999999999996,0.2833333333333333,0.258,4500.0,0.0949014084507043,950.0
dj_10,dj,10,fake_fez,0.5,oracle_best,fake_marrakesh,1,False,0.17045,0.16010000000000002,0.15893333333333334,0.1621212121212121,3300.0,0.0,0.0
dj_10,dj,10,fake_fez,0.5,oracle_nonworse,fake_marrakesh,1,False,0.17045,0.16010000000000002,0.15893333333333334,0.1621212121212121,3300.0,0.0,0.0
dj_10,dj,10,fake_fez,0.5,random,fake_kyiv;fake_marrakesh;fake_sherbrooke;fake_torino,4,False,0.17045,0.245425,0.24503333333333335,0.21187093436262316,3850.0,0.049749722241411054,550.0
dj_10,dj,10,fake_fez,0.5,oracle_worst,fake_kyiv,1,False,0.17045,0.28259999999999996,0.2833333333333333,0.2330952380952381,4200.0,0.070974025974026,900.0
dj_10,dj,10,fake_fez,0.75,oracle_best,fake_marrakesh,1,False,0.17045,0.16010000000000002,0.15893333333333334,0.1635294117647059,3400.0,0.0,0.0
dj_10,dj,10,fake_fez,0.75,oracle_nonworse,fake_marrakesh,1,False,0.17045,0.16010000000000002,0.15893333333333334,0.1635294117647059,3400.0,0.0,0.0
dj_10,dj,10,fake_fez,0.75,random,fake_kyiv;fake_marrakesh;fake_sherbrooke;fake_torino,4,False,0.17045,0.245425,0.24503333333333335,0.2031201268070603,4062.5,0.039590715042354396,662.5
dj_10,dj,10,fake_fez,0.75,oracle_worst,fake_kyiv,1,False,0.17045,0.28259999999999996,0.2833333333333333,0.2190804597701149,4350.0,0.055551048005409,950.0
dj_10,dj,10,fake_fez,0.9,oracle_best,fake_marrakesh,1,False,0.17045,0.16010000000000002,0.15893333333333334,0.1659375,3200.0,0.0,0.0
dj_10,dj,10,fake_fez,0.9,oracle_nonworse,fake_marrakesh,1,False,0.17045,0.16010000000000002,0.15893333333333334,0.1659375,3200.0,0.0,0.0
dj_10,dj,10,fake_fez,0.9,random,fake_kyiv;fake_marrakesh;fake_sherbrooke;fake_torino,4,False,0.17045,0.245425,0.24503333333333335,0.19800364377470356,4050.0,0.03206614377470357,850.0
dj_10,dj,10,fake_fez,0.9,oracle_worst,fake_kyiv,1,False,0.17045,0.28259999999999996,0.2833333333333333,0.205,4000.0,0.0390625,800.0
dj_10,dj,10,fake_kyiv,0.1,oracle_best,fake_marrakesh,1,False,0.28259999999999996,0.16010000000000002,0.15893333333333334,0.1769230769230769,3250.0,0.0,0.0
dj_10,dj,10,fake_kyiv,0.1,oracle_nonworse,fake_fez;fake_marrakesh;fake_torino,3,False,0.28259999999999996,0.1953666666666667,0.19517777777777778,0.2043179355855412,3183.3333333333335,0.0273948586624643,-66.66666666666652
dj_10,dj,10,fake_kyiv,0.1,random,fake_fez;fake_marrakesh;fake_sherbrooke;fake_torino,4,False,0.28259999999999996,0.2173875,0.21638333333333334,0.22214870809941228,3362.5,0.04522563117633538,112.5
dj_10,dj,10,fake_kyiv,0.1,oracle_worst,fake_sherbrooke,1,False,0.28259999999999996,0.28345,0.28,0.2756410256410256,3900.0,0.0987179487179487,650.0
dj_10,dj,10,fake_kyiv,0.25,oracle_best,fake_marrakesh,1,False,0.28259999999999996,0.16010000000000002,0.15893333333333334,0.1984,3750.0,0.0,0.0
dj_10,dj,10,fake_kyiv,0.25,oracle_nonworse,fake_fez;fake_marrakesh;fake_torino,3,False,0.28259999999999996,0.1953666666666667,0.19517777777777778,0.22090820895522387,3700.0,0.022508208955223874,-50.0
dj_10,dj,10,fake_kyiv,0.25,random,fake_fez;fake_marrakesh;fake_sherbrooke;fake_torino,4,False,0.28259999999999996,0.2173875,0.21638333333333334,0.2355126173905752,3887.5,0.0371126173905752,137.5
dj_10,dj,10,fake_kyiv,0.25,oracle_worst,fake_sherbrooke,1,False,0.28259999999999996,0.28345,0.28,0.2793258426966292,4450.0,0.0809258426966292,700.0
dj_10,dj,10,fake_kyiv,0.5,oracle_best,fake_marrakesh,1,False,0.28259999999999996,0.16010000000000002,0.15893333333333334,0.2152808988764044,4450.0,0.0,0.0
dj_10,dj,10,fake_kyiv,0.5,oracle_nonworse,fake_fez;fake_marrakesh;fake_torino,3,False,0.28259999999999996,0.1953666666666667,0.19517777777777778,0.23360685602206654,4300.0,0.018325957145662153,-150.0
dj_10,dj,10,fake_kyiv,0.5,random,fake_fez;fake_marrakesh;fake_sherbrooke;fake_torino,4,False,0.28259999999999996,0.2173875,0.21638333333333334,0.2454377001560848,4300.0,0.0301568012796804,-150.0
dj_10,dj,10,fake_kyiv,0.5,oracle_worst,fake_sherbrooke,1,False,0.28259999999999996,0.28345,0.28,0.2809302325581395,4300.0,0.06564933368173509,-150.0
dj_10,dj,10,fake_kyiv,0.75,oracle_best,fake_marrakesh,1,False,0.28259999999999996,0.16010000000000002,0.15893333333333334,0.2514634146341463,4100.0,0.0,0.0
dj_10,dj,10,fake_kyiv,0.75,oracle_nonworse,fake_fez;fake_marrakesh;fake_torino,3,False,0.28259999999999996,0.1953666666666667,0.19517777777777778,0.2544742851922901,4216.666666666667,0.0030108705581438078,116.66666666666697
dj_10,dj,10,fake_kyiv,0.75,random,fake_fez;fake_marrakesh;fake_sherbrooke;fake_torino,4,False,0.28259999999999996,0.2173875,0.21638333333333334,0.2599836208709618,4237.5,0.008520206236815486,137.5
dj_10,dj,10,fake_kyiv,0.75,oracle_worst,fake_sherbrooke,1,False,0.28259999999999996,0.28345,0.28,0.2765116279069767,4300.0,0.02504821327283041,200.0
dj_10,dj,10,fake_kyiv,0.9,oracle_best,fake_marrakesh,1,False,0.28259999999999996,0.16010000000000002,0.15893333333333334,0.255625,4800.0,0.0,0.0
dj_10,dj,10,fake_kyiv,0.9,oracle_nonworse,fake_fez;fake_marrakesh;fake_torino,3,False,0.28259999999999996,0.1953666666666667,0.19517777777777778,0.2595113636363636,4750.0,0.0038863636363636322,-50.0
dj_10,dj,10,fake_kyiv,0.9,random,fake_fez;fake_marrakesh;fake_sherbrooke;fake_torino,4,False,0.28259999999999996,0.2173875,0.21638333333333334,0.26323817389006343,4637.5,0.0076131738900634405,-162.5
dj_10,dj,10,fake_kyiv,0.9,oracle_worst,fake_sherbrooke,1,False,0.28259999999999996,0.28345,0.28,0.2744186046511627,4300.0,0.0187936046511627,-500.0
dj_10,dj,10,fake_marrakesh,0.1,oracle_best,fake_fez,1,False,0.16010000000000002,0.17045,0.16873333333333332,0.1636734693877551,2450.0,0.0,0.0
dj_10,dj,10,fake_marrakesh,0.1,oracle_nonworse,fake_fez,1,True,0.16010000000000002,0.17045,0.16873333333333332,0.1636734693877551,2450.0,0.0,0.0
dj_10,dj,10,fake_marrakesh,0.1,random,fake_fez;fake_kyiv;fake_sherbrooke;fake_torino,4,False,0.16010000000000002,0.24801249999999997,0.24748333333333333,0.23487498499399756,3400.0,0.07120151560624247,950.0
dj_10,dj,10,fake_marrakesh,0.1,oracle_worst,fake_kyiv,1,False,0.16010000000000002,0.28259999999999996,0.2833333333333333,0.26825,4000.0,0.1045765306122449,1550.0
dj_10,dj,10,fake_marrakesh,0.25,oracle_best,fake_fez,1,False,0.16010000000000002,0.17045,0.16873333333333332,0.1647272727272727,2750.0,0.0,0.0
dj_10,dj,10,fake_marrakesh,0.25,oracle_nonworse,fake_fez,1,True,0.16010000000000002,0.17045,0.16873333333333332,0.1647272727272727,2750.0,0.0,0.0
dj_10,dj,10,fake_marrakesh,0.25,random,fake_fez;fake_kyiv;fake_sherbrooke;fake_torino,4,False,0.16010000000000002,0.24801249999999997,0.24748333333333333,0.22835767948872487,3712.5,0.06363040676145218,962.5
dj_10,dj,10,fake_marrakesh,0.25,oracle_worst,fake_kyiv,1,False,0.16010000000000002,0.28259999999999996,0.2833333333333333,0.2586516853932584,4450.0,0.0939244126659857,1700.0
dj_10,dj,10,fake_marrakesh,0.5,oracle_best,fake_fez,1,False,0.16010000000000002,0.17045,0.16873333333333332,0.160655737704918,3050.0,0.0,0.0
dj_10,dj,10,fake_marrakesh,0.5,oracle_nonworse,fake_fez,1,True,0.16010000000000002,0.17045,0.16873333333333332,0.160655737704918,3050.0,0.0,0.0
dj_10,dj,10,fake_marrakesh,0.5,random,fake_fez;fake_kyiv;fake_sherbrooke;fake_torino,4,False,0.16010000000000002,0.24801249999999997,0.24748333333333333,0.2132206682544373,3962.5,0.0525649305495193,912.5
dj_10,dj,10,fake_marrakesh,0.5,oracle_worst,fake_kyiv,1,False,0.16010000000000002,0.28259999999999996,0.2833333333333333,0.2304878048780487,4100.0,0.0698320671731307,1050.0
dj_10,dj,10,fake_marrakesh,0.75,oracle_best,fake_fez,1,False,0.16010000000000002,0.17045,0.16873333333333332,0.1577777777777778,3150.0,0.0,0.0
dj_10,dj,10,fake_marrakesh,0.75,oracle_nonworse,fake_fez,1,True,0.16010000000000002,0.17045,0.16873333333333332,0.1577777777777778,3150.0,0.0,0.0
dj_10,dj,10,fake_marrakesh,0.75,random,fake_fez;fake_kyiv;fake_sherbrooke;fake_torino,4,False,0.16010000000000002,0.24801249999999997,0.24748333333333333,0.1997345162147794,4025.0,0.041956738437001595,875.0
dj_10,dj,10,fake_marrakesh,0.75,oracle_worst,fake_kyiv,1,False,0.16010000000000002,0.28259999999999996,0.2833333333333333,0.2210526315789474,4750.0,0.0632748538011696,1600.0
dj_10,dj,10,fake_marrakesh,0.9,oracle_best,fake_fez,1,False,0.16010000000000002,0.17045,0.16873333333333332,0.1671186440677966,2950.0,0.0,0.0
dj_10,dj,10,fake_marrakesh,0.9,oracle_nonworse,fake_fez,1,True,0.16010000000000002,0.17045,0.16873333333333332,0.1671186440677966,2950.0,0.0,0.0
dj_10,dj,10,fake_marrakesh,0.9,random,fake_fez;fake_kyiv;fake_sherbrooke;fake_torino,4,False,0.16010000000000002,0.24801249999999997,0.24748333333333333,0.20045418516648256,4175.0,0.033335541098685945,1225.0
dj_10,dj,10,fake_marrakesh,0.9,oracle_worst,fake_kyiv,1,False,0.16010000000000002,0.28259999999999996,0.2833333333333333,0.2141935483870967,4650.0,0.04707490431930009,1700.0
dj_10,dj,10,fake_sherbrooke,0.1,oracle_best,fake_marrakesh,1,False,0.28345,0.16010000000000002,0.15893333333333334,0.176875,3200.0,0.0,0.0
dj_10,dj,10,fake_sherbrooke,0.1,oracle_nonworse,fake_fez;fake_kyiv;fake_marrakesh;fake_torino,4,False,0.28345,0.217175,0.21721666666666667,0.2225018187830688,3412.5,0.04562681878306879,212.5
dj_10,dj,10,fake_sherbrooke,0.1,random,fake_fez;fake_kyiv;fake_marrakesh;fake_torino,4,False,0.28345,0.217175,0.21721666666666667,0.2225018187830688,3412.5,0.04562681878306879,212.5
dj_10,dj,10,fake_sherbrooke,0.1,oracle_worst,fake_kyiv,1,False,0.28345,0.28259999999999996,0.2833333333333333,0.276,4250.0,0.09912500000000002,1050.0
dj_10,dj,10,fake_sherbrooke,0.25,oracle_best,fake_marrakesh,1,False,0.28345,0.16010000000000002,0.15893333333333334,0.1947222222222222,3600.0,0.0,0.0
dj_10,dj,10,fake_sherbrooke,0.25,oracle_nonworse,fake_fez;fake_kyiv;fake_marrakesh;fake_torino,4,False,0.28345,0.217175,0.21721666666666667,0.23338275320393181,3825.0,0.0386605309817096,225.0
dj_10,dj,10,fake_sherbrooke,0.25,random,fake_fez;fake_kyiv;fake_marrakesh;fake_torino,4,False,0.28345,0.217175,0.21721666666666667,0.23338275320393181,3825.0,0.0386605309817096,225.0
dj_10,dj,10,fake_sherbrooke,0.25,oracle_worst,fake_kyiv,1,False,0.28345,0.28259999999999996,0.2833333333333333,0.2780851063829787,4700.0,0.08336288416075646,1100.0
dj_10,dj,10,fake_sherbrooke,0.5,oracle_best,fake_marrakesh,1,False,0.28345,0.16010000000000002,0.15893333333333334,0.2216470588235294,4250.0,0.0,0.0
dj_10,dj,10,fake_sherbrooke,0.5,oracle_nonworse,fake_fez;fake_kyiv;fake_marrakesh;fake_torino,4,False,0.28345,0.217175,0.21721666666666667,0.25076005055453354,4212.5,0.02911299173100415,-37.5
dj_10,dj,10,fake_sherbrooke,0.5,random,fake_fez;fake_kyiv;fake_marrakesh;fake_torino,4,False,0.28345,0.217175,0.21721666666666667,0.25076005055453354,4212.5,0.02911299173100415,-37.5
dj_10,dj,10,fake_sherbrooke,0.5,oracle_worst,fake_kyiv,1,False,0.28345,0.28259999999999996,0.2833333333333333,0.2820224719101123,4450.0,0.060375413086582924,200.0
dj_10,dj,10,fake_sherbrooke,0.75,oracle_best,fake_marrakesh,1,False,0.28345,0.16010000000000002,0.15893333333333334,0.2395505617977528,4450.0,0.0,0.0
dj_10,dj,10,fake_sherbrooke,0.75,oracle_nonworse,fake_fez;fake_kyiv;fake_marrakesh;fake_torino,4,False,0.28345,0.217175,0.21721666666666667,0.2572330960461079,4437.5,0.017682534248355086,-12.5
dj_10,dj,10,fake_sherbrooke,0.75,random,fake_fez;fake_kyiv;fake_marrakesh;fake_torino,4,False,0.28345,0.217175,0.21721666666666667,0.2572330960461079,4437.5,0.017682534248355086,-12.5
dj_10,dj,10,fake_sherbrooke,0.75,oracle_worst,fake_kyiv,1,False,0.28345,0.28259999999999996,0.2833333333333333,0.28175,4000.0,0.0421994382022472,-450.0
dj_10,dj,10,fake_sherbrooke,0.9,oracle_best,fake_marrakesh,1,False,0.28345,0.16010000000000002,0.15893333333333334,0.2546511627906976,4300.0,0.0,0.0
dj_10,dj,10,fake_sherbrooke,0.9,oracle_nonworse,fake_fez;fake_kyiv;fake_marrakesh;fake_torino,4,False,0.28345,0.217175,0.21721666666666667,0.26263746033959756,4387.5,0.007986297548899957,87.5
dj_10,dj,10,fake_sherbrooke,0.9,random,fake_fez;fake_kyiv;fake_marrakesh;fake_torino,4,False,0.28345,0.217175,0.21721666666666667,0.26263746033959756,4387.5,0.007986297548899957,87.5
dj_10,dj,10,fake_sherbrooke,0.9,oracle_worst,fake_kyiv,1,False,0.28345,0.28259999999999996,0.2833333333333333,0.2779310344827586,4350.0,0.02327987169206097,50.0
dj_10,dj,10,fake_torino,0.1,oracle_best,fake_marrakesh,1,False,0.25555,0.16010000000000002,0.15893333333333334,0.1713846153846153,3250.0,0.0,0.0
dj_10,dj,10,fake_torino,0.1,oracle_nonworse,fake_fez;fake_marrakesh,2,False,0.25555,0.165275,0.16383333333333333,0.17399419448476044,2950.0,0.002609579100145143,-300.0
dj_10,dj,10,fake_torino,0.1,random,fake_fez;fake_kyiv;fake_marrakesh;fake_sherbrooke,4,False,0.25555,0.22415,0.22275,0.2228860376192724,3487.5,0.05150142223465709,237.5
dj_10,dj,10,fake_torino,0.1,oracle_worst,fake_kyiv,1,False,0.25555,0.28259999999999996,0.2833333333333333,0.2725301204819277,4150.0,0.1011455050973124,900.0
dj_10,dj,10,fake_torino,0.25,oracle_best,fake_marrakesh,1,False,0.25555,0.16010000000000002,0.15893333333333334,0.1842105263157895,3800.0,0.0,0.0
dj_10,dj,10,fake_torino,0.25,oracle_nonworse,fake_fez;fake_marrakesh,2,False,0.25555,0.165275,0.16383333333333333,0.1877504244482173,3450.0,0.0035398981324278045,-350.0
dj_10,dj,10,fake_torino,0.25,random,fake_fez;fake_kyiv;fake_marrakesh;fake_sherbrooke,4,False,0.25555,0.22415,0.22275,0.22846000754574608,4037.5,0.04424948122995659,237.5
dj_10,dj,10,fake_torino,0.25,oracle_worst,fake_kyiv,1,False,0.25555,0.28259999999999996,0.2833333333333333,0.2698947368421053,4750.0,0.08568421052631581,950.0
dj_10,dj,10,fake_torino,0.5,oracle_best,fake_marrakesh,1,False,0.25555,0.16010000000000002,0.15893333333333334,0.2023529411764706,4250.0,0.0,0.0
dj_10,dj,10,fake_torino,0.5,oracle_nonworse,fake_fez;fake_marrakesh,2,False,0.25555,0.165275,0.16383333333333333,0.20953467954345917,3800.0,0.0071817383669885715,-450.0
dj_10,dj,10,fake_torino,0.5,random,fake_fez;fake_kyiv;fake_marrakesh;fake_sherbrooke,4,False,0.25555,0.22415,0.22275,0.23802549434122705,3962.5,0.035672553164756454,-287.5
dj_10,dj,10,fake_torino,0.5,oracle_worst,fake_kyiv,1,False,0.25555,0.28259999999999996,0.2833333333333333,0.2617073170731707,4100.0,0.05935437589670009,-150.0
dj_10,dj,10,fake_torino,0.75,oracle_best,fake_marrakesh,1,False,0.25555,0.16010000000000002,0.15893333333333334,0.2213636363636363,4400.0,0.0,0.0
dj_10,dj,10,fake_torino,0.75,oracle_nonworse,fake_fez;fake_marrakesh,2,False,0.25555,0.165275,0.16383333333333333,0.22482815964523273,4250.0,0.0034645232815964377,-150.0
dj_10,dj,10,fake_torino,0.75,random,fake_fez;fake_kyiv;fake_marrakesh;fake_sherbrooke,4,False,0.25555,0.22415,0.22275,0.24230396077499733,4175.0,0.02094032441136104,-225.0
dj_10,dj,10,fake_torino,0.75,oracle_worst,fake_kyiv,1,False,0.25555,0.28259999999999996,0.2833333333333333,0.2588095238095238,4200.0,0.03744588744588753,-200.0
dj_10,dj,10,fake_torino,0.9,oracle_best,fake_marrakesh,1,False,0.25555,0.16010000000000002,0.15893333333333334,0.2340229885057471,4350.0,0.0,0.0
dj_10,dj,10,fake_torino,0.9,oracle_nonworse,fake_fez;fake_marrakesh,2,False,0.25555,0.165275,0.16383333333333333,0.24133581857719785,4025.0,0.007312830071450754,-325.0
dj_10,dj,10,fake_torino,0.9,random,fake_fez;fake_kyiv;fake_marrakesh;fake_sherbrooke,4,False,0.25555,0.22415,0.22275,0.24906067919578015,4275.0,0.015037690690033051,-75.0
dj_10,dj,10,fake_torino,0.9,oracle_worst,fake_kyiv,1,False,0.25555,0.28259999999999996,0.2833333333333333,0.2561797752808988,4450.0,0.022156786775151704,100.0
dj_12,dj,12,fake_fez,0.1,oracle_best,fake_marrakesh,1,False,0.20920000000000002,0.18989999999999999,0.19003333333333336,0.1796923076923077,3250.0,0.0,0.0
dj_12,dj,12,fake_fez,0.1,oracle_nonworse,fake_marrakesh,1,False,0.20920000000000002,0.18989999999999999,0.19003333333333336,0.1796923076923077,3250.0,0.0,0.0
dj_12,dj,12,fake_fez,0.1,random,fake_kyiv;fake_marrakesh;fake_sherbrooke;fake_torino,4,False,0.20920000000000002,0.3007875,0.3016916666666667,0.2915090532246495,4937.5,0.11181674553234178,1687.5
dj_12,dj,12,fake_fez,0.1,oracle_worst,fake_kyiv,1,False,0.20920000000000002,0.3608,0.3611,0.3517117117117116,5550.0,0.1720194040194039,2300.0
dj_12,dj,12,fake_fez,0.25,oracle_best,fake_marrakesh,1,False,0.20920000000000002,0.18989999999999999,0.19003333333333336,0.18,3400.0,0.0,0.0
dj_12,dj,12,fake_fez,0.25,oracle_nonworse,fake_marrakesh,1,False,0.20920000000000002,0.18989999999999999,0.19003333333333336,0.18,3400.0,0.0,0.0
dj_12,dj,12,fake_fez,0.25,random,fake_kyiv;fake_marrakesh;fake_sherbrooke;fake_torino,4,False,0.20920000000000002,0.3007875,0.3016916666666667,0.2808388267953745,4762.5,0.10083882679537448,1362.5
dj_12,dj,12,fake_fez,0.25,oracle_worst,fake_kyiv,1,False,0.20920000000000002,0.3608,0.3611,0.3368141592920354,5650.0,0.1568141592920354,2250.0
dj_12,dj,12,fake_fez,0.5,oracle_best,fake_marrakesh,1,False,0.20920000000000002,0.18989999999999999,0.19003333333333336,0.1878873239436619,3550.0,0.0,0.0
dj_12,dj,12,fake_fez,0.5,oracle_nonworse,fake_marrakesh,1,False,0.20920000000000002,0.18989999999999999,0.19003333333333336,0.1878873239436619,3550.0,0.0,0.0
dj_12,dj,12,fake_fez,0.5,random,fake_kyiv;fake_marrakesh;fake_sherbrooke;fake_torino,4,False,0.20920000000000002,0.3007875,0.3016916666666667,0.271458320990652,4975.0,0.08357099704699009,1425.0
dj_12,dj,12,fake_fez,0.5,oracle_worst,fake_kyiv,1,False,0.20920000000000002,0.3608,0.3611,0.3181512605042017,5950.0,0.13026393656053983,2400.0
dj_12,dj,12,fake_fez,0.75,oracle_best,fake_marrakesh,1,False,0.20920000000000002,0.18989999999999999,0.19003333333333336,0.1949999999999999,3600.0,0.0,0.0
dj_12,dj,12,fake_fez,0.75,oracle_nonworse,fake_marrakesh,1,False,0.20920000000000002,0.18989999999999999,0.19003333333333336,0.1949999999999999,3600.0,0.0,0.0
dj_12,dj,12,fake_fez,0.75,random,fake_kyiv;fake_marrakesh;fake_sherbrooke;fake_torino,4,False,0.20920000000000002,0.3007875,0.3016916666666667,0.25978236871039434,5075.0,0.06478236871039444,1475.0
dj_12,dj,12,fake_fez,0.75,oracle_worst,fake_kyiv,1,False,0.20920000000000002,0.3608,0.3611,0.3046875,6400.0,0.1096875000000001,2800.0
dj_12,dj,12,fake_fez,0.9,oracle_best,fake_marrakesh,1,False,0.20920000000000002,0.18989999999999999,0.19003333333333336,0.2019999999999999,3500.0,0.0,0.0
dj_12,dj,12,fake_fez,0.9,oracle_nonworse,fake_marrakesh,1,False,0.20920000000000002,0.18989999999999999,0.19003333333333336,0.2019999999999999,3500.0,0.0,0.0
dj_12,dj,12,fake_fez,0.9,random,fake_kyiv;fake_marrakesh;fake_sherbrooke;fake_torino,4,False,0.20920000000000002,0.3007875,0.3016916666666667,0.2529338911830761,5125.0,0.050933891183076174,1625.0
dj_12,dj,12,fake_fez,0.9,oracle_worst,fake_kyiv,1,False,0.20920000000000002,0.3608,0.3611,0.289922480620155,6450.0,0.08792248062015512,2950.0
dj_12,dj,12,fake_kyiv,0.1,oracle_best,fake_marrakesh,1,False,0.3608,0.18989999999999999,0.19003333333333336,0.2034920634920635,3150.0,0.0,0.0
dj_12,dj,12,fake_kyiv,0.1,oracle_nonworse,fake_fez;fake_marrakesh;fake_sherbrooke;fake_torino,4,False,0.3608,0.2628875,0.263675,0.27093910809472055,4562.5,0.06744704460265705,1412.5
dj_12,dj,12,fake_kyiv,0.1,random,fake_fez;fake_marrakesh;fake_sherbrooke;fake_torino,4,False,0.3608,0.2628875,0.263675,0.27093910809472055,4562.5,0.06744704460265705,1412.5
dj_12,dj,12,fake_kyiv,0.1,oracle_worst,fake_sherbrooke,1,False,0.3608,0.33015,0.33243333333333336,0.3338596491228069,5700.0,0.1303675856307434,2550.0
dj_12,dj,12,fake_kyiv,0.25,oracle_best,fake_marrakesh,1,False,0.3608,0.18989999999999999,0.19003333333333336,0.2332499999999999,4000.0,0.0,0.0
dj_12,dj,12,fake_kyiv,0.25,oracle_nonworse,fake_fez;fake_marrakesh;fake_sherbrooke;fake_torino,4,False,0.3608,0.2628875,0.263675,0.2860755471380471,4800.0,0.05282554713804721,800.0
dj_12,dj,12,fake_kyiv,0.25,random,fake_fez;fake_marrakesh;fake_sherbrooke;fake_torino,4,False,0.3608,0.2628875,0.263675,0.2860755471380471,4800.0,0.05282554713804721,800.0
dj_12,dj,12,fake_kyiv,0.25,oracle_worst,fake_sherbrooke,1,False,0.3608,0.33015,0.33243333333333336,0.3348148148148148,5400.0,0.10156481481481489,1400.0
dj_12,dj,12,fake_kyiv,0.5,oracle_best,fake_marrakesh,1,False,0.3608,0.18989999999999999,0.19003333333333336,0.2636538461538461,5200.0,0.0,0.0
dj_12,dj,12,fake_kyiv,0.5,oracle_nonworse,fake_fez;fake_marrakesh;fake_sherbrooke;fake_torino,4,False,0.3608,0.2628875,0.263675,0.30648273308096297,5337.5,0.04282888692711684,137.5
dj_12,dj,12,fake_kyiv,0.5,random,fake_fez;fake_marrakesh;fake_sherbrooke;fake_torino,4,False,0.3608,0.2628875,0.263675,0.30648273308096297,5337.5,0.04282888692711684,137.5
dj_12,dj,12,fake_kyiv,0.5,oracle_worst,fake_sherbrooke,1,False,0.3608,0.33015,0.33243333333333336,0.3365,6000.0,0.0728461538461539,800.0
dj_12,dj,12,fake_kyiv,0.75,oracle_best,fake_marrakesh,1,False,0.3608,0.18989999999999999,0.19003333333333336,0.295593220338983,5900.0,0.0,0.0
dj_12,dj,12,fake_kyiv,0.75,oracle_nonworse,fake_fez;fake_marrakesh;fake_sherbrooke;fake_torino,4,False,0.3608,0.2628875,0.263675,0.3256077062789819,5762.5,0.03001448593999889,-137.5
dj_12,dj,12,fake_kyiv,0.75,random,fake_fez;fake_marrakesh;fake_sherbrooke;fake_torino,4,False,0.3608,0.2628875,0.263675,0.3256077062789819,5762.5,0.03001448593999889,-137.5
dj_12,dj,12,fake_kyiv,0.75,oracle_worst,fake_sherbrooke,1,False,0.3608,0.33015,0.33243333333333336,0.3504504504504504,5550.0,0.054857230111467425,-350.0
dj_12,dj,12,fake_kyiv,0.9,oracle_best,fake_marrakesh,1,False,0.3608,0.18989999999999999,0.19003333333333336,0.319322033898305,5900.0,0.0,0.0
dj_12,dj,12,fake_kyiv,0.9,oracle_nonworse,fake_fez;fake_marrakesh;fake_sherbrooke;fake_torino,4,False,0.3608,0.2628875,0.263675,0.339579469873226,5662.5,0.020257435974921023,-237.5
dj_12,dj,12,fake_kyiv,0.9,random,fake_fez;fake_marrakesh;fake_sherbrooke;fake_torino,4,False,0.3608,0.2628875,0.263675,0.339579469873226,5662.5,0.020257435974921023,-237.5
dj_12,dj,12,fake_kyiv,0.9,oracle_worst,fake_sherbrooke,1,False,0.3608,0.33015,0.33243333333333336,0.3561467889908257,5450.0,0.0368247550925207,-450.0
dj_12,dj,12,fake_marrakesh,0.1,oracle_best,fake_fez,1,False,0.18989999999999999,0.20920000000000002,0.20903333333333332,0.2047887323943662,3550.0,0.0,0.0
dj_12,dj,12,fake_marrakesh,0.1,oracle_nonworse,fake_fez,1,True,0.18989999999999999,0.20920000000000002,0.20903333333333332,0.2047887323943662,3550.0,0.0,0.0
dj_12,dj,12,fake_marrakesh,0.1,random,fake_fez;fake_kyiv;fake_sherbrooke;fake_torino,4,False,0.18989999999999999,0.3056125,0.30644166666666667,0.29628307674870535,5012.5,0.09149434435433915,1462.5
dj_12,dj,12,fake_marrakesh,0.1,oracle_worst,fake_kyiv,1,False,0.18989999999999999,0.3608,0.3611,0.3497297297297297,5550.0,0.1449409973353635,2000.0
dj_12,dj,12,fake_marrakesh,0.25,oracle_best,fake_fez,1,False,0.18989999999999999,0.20920000000000002,0.20903333333333332,0.1951351351351351,3700.0,0.0,0.0
dj_12,dj,12,fake_marrakesh,0.25,oracle_nonworse,fake_fez,1,True,0.18989999999999999,0.20920000000000002,0.20903333333333332,0.1951351351351351,3700.0,0.0,0.0
dj_12,dj,12,fake_marrakesh,0.25,random,fake_fez;fake_kyiv;fake_sherbrooke;fake_torino,4,False,0.18989999999999999,0.3056125,0.30644166666666667,0.27840876794362157,4862.5,0.08327363280848646,1162.5
dj_12,dj,12,fake_marrakesh,0.25,oracle_worst,fake_kyiv,1,False,0.18989999999999999,0.3608,0.3611,0.3289473684210526,5700.0,0.1338122332859175,2000.0
dj_12,dj,12,fake_marrakesh,0.5,oracle_best,fake_fez,1,False,0.18989999999999999,0.20920000000000002,0.20903333333333332,0.1868571428571428,3500.0,0.0,0.0
dj_12,dj,12,fake_marrakesh,0.5,oracle_nonworse,fake_fez,1,True,0.18989999999999999,0.20920000000000002,0.20903333333333332,0.1868571428571428,3500.0,0.0,0.0
dj_12,dj,12,fake_marrakesh,0.5,random,fake_fez;fake_kyiv;fake_sherbrooke;fake_torino,4,False,0.18989999999999999,0.3056125,0.30644166666666667,0.2594876007613076,5037.5,0.07263045790416481,1537.5
dj_12,dj,12,fake_marrakesh,0.5,oracle_worst,fake_kyiv,1,False,0.18989999999999999,0.3608,0.3611,0.3036363636363636,6050.0,0.11677922077922079,2550.0
dj_12,dj,12,fake_marrakesh,0.75,oracle_best,fake_fez,1,False,0.18989999999999999,0.20920000000000002,0.20903333333333332,0.1779411764705882,3400.0,0.0,0.0
dj_12,dj,12,fake_marrakesh,0.75,oracle_nonworse,fake_fez,1,True,0.18989999999999999,0.20920000000000002,0.20903333333333332,0.1779411764705882,3400.0,0.0,0.0
dj_12,dj,12,fake_marrakesh,0.75,random,fake_fez;fake_kyiv;fake_sherbrooke;fake_torino,4,False,0.18989999999999999,0.3056125,0.30644166666666667,0.24136584452955845,5150.0,0.06342466805897023,1750.0
dj_12,dj,12,fake_marrakesh,0.75,oracle_worst,fake_kyiv,1,False,0.18989999999999999,0.3608,0.3611,0.2876335877862596,6550.0,0.10969241131567137,3150.0
dj_12,dj,12,fake_marrakesh,0.9,oracle_best,fake_fez,1,False,0.18989999999999999,0.20920000000000002,0.20903333333333332,0.1794285714285714,3500.0,0.0,0.0
dj_12,dj,12,fake_marrakesh,0.9,oracle_nonworse,fake_fez,1,True,0.18989999999999999,0.20920000000000002,0.20903333333333332,0.1794285714285714,3500.0,0.0,0.0
dj_12,dj,12,fake_marrakesh,0.9,random,fake_fez;fake_kyiv;fake_sherbrooke;fake_torino,4,False,0.18989999999999999,0.3056125,0.30644166666666667,0.2341160638426993,5237.5,0.0546874924141279,1737.5
dj_12,dj,12,fake_marrakesh,0.9,oracle_worst,fake_kyiv,1,False,0.18989999999999999,0.3608,0.3611,0.274090909090909,6600.0,0.09466233766233759,3100.0
dj_12,dj,12,fake_sherbrooke,0.1,oracle_best,fake_marrakesh,1,False,0.33015,0.18989999999999999,0.19003333333333336,0.1999999999999999,3150.0,0.0,0.0
dj_12,dj,12,fake_sherbrooke,0.1,oracle_nonworse,fake_fez;fake_marrakesh;fake_torino,3,False,0.33015,0.2404666666666667,0.24075555555555558,0.2473303834808259,4133.333333333333,0.047330383480825994,983.333333333333
dj_12,dj,12,fake_sherbrooke,0.1,random,fake_fez;fake_kyiv;fake_marrakesh;fake_torino,4,False,0.33015,0.27055,0.27084166666666665,0.2747501240592175,4437.5,0.0747501240592176,1287.5
dj_12,dj,12,fake_sherbrooke,0.1,oracle_worst,fake_kyiv,1,False,0.33015,0.3608,0.3611,0.3570093457943925,5350.0,0.15700934579439257,2200.0
dj_12,dj,12,fake_sherbrooke,0.25,oracle_best,fake_marrakesh,1,False,0.33015,0.18989999999999999,0.19003333333333336,0.2265822784810126,3950.0,0.0,0.0
dj_12,dj,12,fake_sherbrooke,0.25,oracle_nonworse,fake_fez;fake_marrakesh;fake_torino,3,False,0.33015,0.2404666666666667,0.24075555555555558,0.26390284703575834,4433.333333333333,0.03732056855474575,483.33333333333303
dj_12,dj,12,fake_sherbrooke,0.25,random,fake_fez;fake_kyiv;fake_marrakesh;fake_torino,4,False,0.33015,0.27055,0.27084166666666665,0.2863417694231602,4862.5,0.05975949094214761,912.5
dj_12,dj,12,fake_sherbrooke,0.25,oracle_worst,fake_kyiv,1,False,0.33015,0.3608,0.3611,0.3536585365853658,6150.0,0.1270762581043532,2200.0
dj_12,dj,12,fake_sherbrooke,0.5,oracle_best,fake_marrakesh,1,False,0.33015,0.18989999999999999,0.19003333333333336,0.2571739130434782,4600.0,0.0,0.0
dj_12,dj,12,fake_sherbrooke,0.5,oracle_nonworse,fake_fez;fake_marrakesh;fake_torino,3,False,0.33015,0.2404666666666667,0.24075555555555558,0.28458038935492685,4850.0,0.027406476311448658,250.0
dj_12,dj,12,fake_sherbrooke,0.5,random,fake_fez;fake_kyiv;fake_marrakesh;fake_torino,4,False,0.33015,0.27055,0.27084166666666665,0.29912634892676426,5175.0,0.041952435883286066,575.0
dj_12,dj,12,fake_sherbrooke,0.5,oracle_worst,fake_kyiv,1,False,0.33015,0.3608,0.3611,0.3427642276422764,6150.0,0.08559031459879818,1550.0
dj_12,dj,12,fake_sherbrooke,0.75,oracle_best,fake_marrakesh,1,False,0.33015,0.18989999999999999,0.19003333333333336,0.2898039215686274,5100.0,0.0,0.0
dj_12,dj,12,fake_sherbrooke,0.75,oracle_nonworse,fake_fez;fake_marrakesh;fake_torino,3,False,0.33015,0.2404666666666667,0.24075555555555558,0.30441659770942014,5183.333333333333,0.014612676140792757,83.33333333333303
dj_12,dj,12,fake_sherbrooke,0.75,random,fake_fez;fake_kyiv;fake_marrakesh;fake_torino,4,False,0.33015,0.27055,0.27084166666666665,0.31203886337640474,5212.5,0.022234941807777353,112.5
dj_12,dj,12,fake_sherbrooke,0.75,oracle_worst,fake_kyiv,1,False,0.33015,0.3608,0.3611,0.3349056603773584,5300.0,0.04510173880873103,200.0
dj_12,dj,12,fake_sherbrooke,0.9,oracle_best,fake_marrakesh,1,False,0.33015,0.18989999999999999,0.19003333333333336,0.2962393162393162,5850.0,0.0,0.0
dj_12,dj,12,fake_sherbrooke,0.9,oracle_nonworse,fake_fez;fake_marrakesh;fake_torino,3,False,0.33015,0.2404666666666667,0.24075555555555558,0.3106329046515962,5683.333333333333,0.01439358841228,-166.66666666666697
dj_12,dj,12,fake_sherbrooke,0.9,random,fake_fez;fake_kyiv;fake_marrakesh;fake_torino,4,False,0.33015,0.27055,0.27084166666666665,0.31718520480448664,5687.5,0.020945888565170434,-162.5
dj_12,dj,12,fake_sherbrooke,0.9,oracle_worst,fake_kyiv,1,False,0.33015,0.3608,0.3611,0.3368421052631579,5700.0,0.04060278902384168,-150.0
dj_12,dj,12,fake_torino,0.1,oracle_best,fake_marrakesh,1,False,0.32230000000000003,0.18989999999999999,0.19003333333333336,0.2003174603174603,3150.0,0.0,0.0
dj_12,dj,12,fake_torino,0.1,oracle_nonworse,fake_fez;fake_marrakesh,2,False,0.32230000000000003,0.19955,0.19953333333333334,0.21303544248749726,3400.0,0.012717982170036946,250.0
dj_12,dj,12,fake_torino,0.1,random,fake_fez;fake_kyiv;fake_marrakesh;fake_sherbrooke,4,False,0.32230000000000003,0.2725125,0.27315,0.278843102453783,4462.5,0.07852564213632271,1312.5
dj_12,dj,12,fake_torino,0.1,oracle_worst,fake_kyiv,1,False,0.32230000000000003,0.3608,0.3611,0.3571962616822429,5350.0,0.15687880136478258,2200.0
dj_12,dj,12,fake_torino,0.25,oracle_best,fake_marrakesh,1,False,0.32230000000000003,0.18989999999999999,0.19003333333333336,0.2248717948717948,3900.0,0.0,0.0
dj_12,dj,12,fake_torino,0.25,oracle_nonworse,fake_fez;fake_marrakesh,2,False,0.32230000000000003,0.19955,0.19953333333333334,0.2339301503094606,4125.0,0.00905835543766581,225.0
dj_12,dj,12,fake_torino,0.25,random,fake_fez;fake_kyiv;fake_marrakesh;fake_sherbrooke,4,False,0.32230000000000003,0.2725125,0.27315,0.2877031630971234,4925.0,0.06283136822532862,1025.0
dj_12,dj,12,fake_torino,0.25,oracle_worst,fake_kyiv,1,False,0.32230000000000003,0.3608,0.3611,0.3536065573770491,6100.0,0.1287347625052543,2200.0
dj_12,dj,12,fake_torino,0.5,oracle_best,fake_marrakesh,1,False,0.32230000000000003,0.18989999999999999,0.19003333333333336,0.2553846153846154,4550.0,0.0,0.0
dj_12,dj,12,fake_torino,0.5,oracle_nonworse,fake_fez;fake_marrakesh,2,False,0.32230000000000003,0.19955,0.19953333333333334,0.2636705685618729,4575.0,0.008285953177257499,25.0
dj_12,dj,12,fake_torino,0.5,random,fake_fez;fake_kyiv;fake_marrakesh;fake_sherbrooke,4,False,0.32230000000000003,0.2725125,0.27315,0.2985785974819718,5000.0,0.04319398209735642,450.0
dj_12,dj,12,fake_torino,0.5,oracle_worst,fake_kyiv,1,False,0.32230000000000003,0.3608,0.3611,0.3421311475409836,6100.0,0.08674653215636824,1550.0
dj_12,dj,12,fake_torino,0.75,oracle_best,fake_marrakesh,1,False,0.32230000000000003,0.18989999999999999,0.19003333333333336,0.2788118811881188,5050.0,0.0,0.0
dj_12,dj,12,fake_torino,0.75,oracle_nonworse,fake_fez;fake_marrakesh,2,False,0.32230000000000003,0.19955,0.19953333333333334,0.28391574451562807,5075.0,0.005103863327509284,25.0
dj_12,dj,12,fake_torino,0.75,random,fake_fez;fake_kyiv;fake_marrakesh;fake_sherbrooke,4,False,0.32230000000000003,0.2725125,0.27315,0.30291470358847716,5187.5,0.02410282240035838,137.5
dj_12,dj,12,fake_torino,0.75,oracle_worst,fake_kyiv,1,False,0.32230000000000003,0.3608,0.3611,0.3247619047619048,5250.0,0.045950023573786025,200.0
dj_12,dj,12,fake_torino,0.9,oracle_best,fake_marrakesh,1,False,0.32230000000000003,0.18989999999999999,0.19003333333333336,0.2848275862068965,5800.0,0.0,0.0
dj_12,dj,12,fake_torino,0.9,oracle_nonworse,fake_fez;fake_marrakesh,2,False,0.32230000000000003,0.19955,0.19953333333333334,0.28978221415607985,5750.0,0.004954627949183332,-50.0
dj_12,dj,12,fake_torino,0.9,random,fake_fez;fake_kyiv;fake_marrakesh;fake_sherbrooke,4,False,0.32230000000000003,0.2725125,0.27315,0.3060101018457584,5687.5,0.021182515638861865,-112.5
dj_12,dj,12,fake_torino,0.9,oracle_worst,fake_kyiv,1,False,0.32230000000000003,0.3608,0.3611,0.3250420168067227,5950.0,0.040214430599826156,150.0
dj_14,dj,14,fake_fez,0.1,oracle_best,fake_marrakesh,1,False,0.25605,0.2409,0.2416,0.2555813953488371,4300.0,0.0,0.0
dj_14,dj,14,fake_fez,0.1,oracle_nonworse,fake_marrakesh,1,False,0.25605,0.2409,0.2416,0.2555813953488371,4300.0,0.0,0.0
dj_14,dj,14,fake_fez,0.1,random,fake_kyiv;fake_marrakesh;fake_sherbrooke;fake_torino,4,False,0.25605,0.34502499999999997,0.34667499999999996,0.3427580800807858,5787.5,0.08717668473194867,1487.5
dj_14,dj,14,fake_fez,0.1,oracle_worst,fake_kyiv,1,False,0.25605,0.41245,0.4144333333333333,0.3981294964028776,6950.0,0.14254810105404048,2650.0
dj_14,dj,14,fake_fez,0.25,oracle_best,fake_marrakesh,1,False,0.25605,0.2409,0.2416,0.255,4000.0,0.0,0.0
dj_14,dj,14,fake_fez,0.25,oracle_nonworse,fake_marrakesh,1,False,0.25605,0.2409,0.2416,0.255,4000.0,0.0,0.0
dj_14,dj,14,fake_fez,0.25,random,fake_kyiv;fake_marrakesh;fake_sherbrooke;fake_torino,4,False,0.25605,0.34502499999999997,0.34667499999999996,0.33076886595789035,5625.0,0.07576886595789034,1625.0
dj_14,dj,14,fake_fez,0.25,oracle_worst,fake_kyiv,1,False,0.25605,0.41245,0.4144333333333333,0.3816923076923076,6500.0,0.1266923076923076,2500.0
dj_14,dj,14,fake_fez,0.5,oracle_best,fake_marrakesh,1,False,0.25605,0.2409,0.2416,0.2578021978021978,4550.0,0.0,0.0
dj_14,dj,14,fake_fez,0.5,oracle_nonworse,fake_marrakesh,1,False,0.25605,0.2409,0.2416,0.2578021978021978,4550.0,0.0,0.0
dj_14,dj,14,fake_fez,0.5,random,fake_kyiv;fake_marrakesh;fake_sherbrooke;fake_torino,4,False,0.25605,0.34502499999999997,0.34667499999999996,0.31898985558935006,5737.5,0.06118765778715224,1187.5
dj_14,dj,14,fake_fez,0.5,oracle_worst,fake_kyiv,1,False,0.25605,0.41245,0.4144333333333333,0.3607462686567164,6700.0,0.10294407085451857,2150.0
dj_14,dj,14,fake_fez,0.75,oracle_best,fake_marrakesh,1,False,0.25605,0.2409,0.2416,0.2554347826086957,4600.0,0.0,0.0
dj_14,dj,14,fake_fez,0.75,oracle_nonworse,fake_marrakesh,1,False,0.25605,0.2409,0.2416,0.2554347826086957,4600.0,0.0,0.0
dj_14,dj,14,fake_fez,0.75,random,fake_kyiv;fake_marrakesh;fake_sherbrooke;fake_torino,4,False,0.25605,0.34502499999999997,0.34667499999999996,0.30656480393627833,6112.5,0.05113002132758265,1512.5
dj_14,dj,14,fake_fez,0.75,oracle_worst,fake_kyiv,1,False,0.25605,0.41245,0.4144333333333333,0.3418705035971223,6950.0,0.08643572098842661,2350.0
dj_14,dj,14,fake_fez,0.9,oracle_best,fake_marrakesh,1,False,0.25605,0.2409,0.2416,0.254,4500.0,0.0,0.0
dj_14,dj,14,fake_fez,0.9,oracle_nonworse,fake_marrakesh,1,False,0.25605,0.2409,0.2416,0.254,4500.0,0.0,0.0
dj_14,dj,14,fake_fez,0.9,random,fake_kyiv;fake_marrakesh;fake_sherbrooke;fake_torino,4,False,0.25605,0.34502499999999997,0.34667499999999996,0.2935431076724694,5825.0,0.03954310767246938,1325.0
dj_14,dj,14,fake_fez,0.9,oracle_worst,fake_kyiv,1,False,0.25605,0.41245,0.4144333333333333,0.3283687943262411,7050.0,0.0743687943262411,2550.0
dj_14,dj,14,fake_kyiv,0.1,oracle_best,fake_marrakesh,1,False,0.41245,0.2409,0.2416,0.2750537634408602,4650.0,0.0,0.0
dj_14,dj,14,fake_kyiv,0.1,oracle_nonworse,fake_fez;fake_marrakesh;fake_sherbrooke;fake_torino,4,False,0.41245,0.305925,0.30666666666666664,0.32230244495956395,5362.5,0.04724868151870376,712.5
dj_14,dj,14,fake_kyiv,0.1,random,fake_fez;fake_marrakesh;fake_sherbrooke;fake_torino,4,False,0.41245,0.305925,0.30666666666666664,0.32230244495956395,5362.5,0.04724868151870376,712.5
dj_14,dj,14,fake_kyiv,0.1,oracle_worst,fake_torino,1,False,0.41245,0.3648,0.3653666666666666,0.3689393939393939,6600.0,0.09388563049853371,1950.0
dj_14,dj,14,fake_kyiv,0.25,oracle_best,fake_marrakesh,1,False,0.41245,0.2409,0.2416,0.3067889908256881,5450.0,0.0,0.0
dj_14,dj,14,fake_kyiv,0.25,oracle_nonworse,fake_fez;fake_marrakesh;fake_sherbrooke;fake_torino,4,False,0.41245,0.305925,0.30666666666666664,0.34219038593393525,5887.5,0.035401395108247136,437.5
dj_14,dj,14,fake_kyiv,0.25,random,fake_fez;fake_marrakesh;fake_sherbrooke;fake_torino,4,False,0.41245,0.305925,0.30666666666666664,0.34219038593393525,5887.5,0.035401395108247136,437.5
dj_14,dj,14,fake_kyiv,0.25,oracle_worst,fake_torino,1,False,0.41245,0.3648,0.3653666666666666,0.3758730158730159,6300.0,0.0690840250473278,850.0
dj_14,dj,14,fake_kyiv,0.5,oracle_best,fake_marrakesh,1,False,0.41245,0.2409,0.2416,0.348,6250.0,0.0,0.0
dj_14,dj,14,fake_kyiv,0.5,oracle_nonworse,fake_fez;fake_marrakesh;fake_sherbrooke;fake_torino,4,False,0.41245,0.305925,0.30666666666666664,0.37038825747481385,6175.0,0.022388257474813877,-75.0
dj_14,dj,14,fake_kyiv,0.5,random,fake_fez;fake_marrakesh;fake_sherbrooke;fake_torino,4,False,0.41245,0.305925,0.30666666666666664,0.37038825747481385,6175.0,0.022388257474813877,-75.0
dj_14,dj,14,fake_kyiv,0.5,oracle_worst,fake_torino,1,False,0.41245,0.3648,0.3653666666666666,0.3954621848739496,5950.0,0.0474621848739496,-300.0
dj_14,dj,14,fake_kyiv,0.75,oracle_best,fake_marrakesh,1,False,0.41245,0.2409,0.2416,0.3725352112676056,7100.0,0.0,0.0
dj_14,dj,14,fake_kyiv,0.75,oracle_nonworse,fake_fez;fake_marrakesh;fake_sherbrooke;fake_torino,4,False,0.41245,0.305925,0.30666666666666664,0.38698739121788156,6875.0,0.014452179950275978,-225.0
dj_14,dj,14,fake_kyiv,0.75,random,fake_fez;fake_marrakesh;fake_sherbrooke;fake_torino,4,False,0.41245,0.305925,0.30666666666666664,0.38698739121788156,6875.0,0.014452179950275978,-225.0
dj_14,dj,14,fake_kyiv,0.75,oracle_worst,fake_torino,1,False,0.41245,0.3648,0.3653666666666666,0.3998496240601503,6650.0,0.027314412792544707,-450.0
dj_14,dj,14,fake_kyiv,0.9,oracle_best,fake_marrakesh,1,False,0.41245,0.2409,0.2416,0.3868,7500.0,0.0,0.0
dj_14,dj,14,fake_kyiv,0.9,oracle_nonworse,fake_fez;fake_marrakesh;fake_sherbrooke;fake_torino,4,False,0.41245,0.305925,0.30666666666666664,0.39819049037112236,7125.0,0.011390490371122386,-375.0
dj_14,dj,14,fake_kyiv,0.9,random,fake_fez;fake_marrakesh;fake_sherbrooke;fake_torino,4,False,0.41245,0.305925,0.30666666666666664,0.39819049037112236,7125.0,0.011390490371122386,-375.0
dj_14,dj,14,fake_kyiv,0.9,oracle_worst,fake_torino,1,False,0.41245,0.3648,0.3653666666666666,0.4047552447552447,7150.0,0.017955244755244737,-350.0
dj_14,dj,14,fake_marrakesh,0.1,oracle_best,fake_fez,1,False,0.2409,0.25605,0.25439999999999996,0.25675,4000.0,0.0,0.0
dj_14,dj,14,fake_marrakesh,0.1,oracle_nonworse,fake_fez,1,True,0.2409,0.25605,0.25439999999999996,0.25675,4000.0,0.0,0.0
dj_14,dj,14,fake_marrakesh,0.1,random,fake_fez;fake_kyiv;fake_sherbrooke;fake_torino,4,False,0.2409,0.3488125,0.34987499999999994,0.3439622121034077,5675.0,0.08721221210340774,1675.0
dj_14,dj,14,fake_marrakesh,0.1,oracle_worst,fake_kyiv,1,False,0.2409,0.41245,0.4144333333333333,0.3994202898550725,6900.0,0.14267028985507252,2900.0
dj_14,dj,14,fake_marrakesh,0.25,oracle_best,fake_fez,1,False,0.2409,0.25605,0.25439999999999996,0.2560919540229884,4350.0,0.0,0.0
dj_14,dj,14,fake_marrakesh,0.25,oracle_nonworse,fake_fez,1,True,0.2409,0.25605,0.25439999999999996,0.2560919540229884,4350.0,0.0,0.0
dj_14,dj,14,fake_marrakesh,0.25,random,fake_fez;fake_kyiv;fake_sherbrooke;fake_torino,4,False,0.2409,0.3488125,0.34987499999999994,0.3346492667717068,6000.0,0.07855731274871841,1650.0
dj_14,dj,14,fake_marrakesh,0.25,oracle_worst,fake_kyiv,1,False,0.2409,0.41245,0.4144333333333333,0.3847407407407407,6750.0,0.12864878671775232,2400.0
dj_14,dj,14,fake_marrakesh,0.5,oracle_best,fake_fez,1,False,0.2409,0.25605,0.25439999999999996,0.2551063829787234,4700.0,0.0,0.0
dj_14,dj,14,fake_marrakesh,0.5,oracle_nonworse,fake_fez,1,True,0.2409,0.25605,0.25439999999999996,0.2551063829787234,4700.0,0.0,0.0
dj_14,dj,14,fake_marrakesh,0.5,random,fake_fez;fake_kyiv;fake_sherbrooke;fake_torino,4,False,0.2409,0.3488125,0.34987499999999994,0.31891077653564126,5675.0,0.06380439355691786,975.0
dj_14,dj,14,fake_marrakesh,0.5,oracle_worst,fake_kyiv,1,False,0.2409,0.41245,0.4144333333333333,0.3619696969696969,6600.0,0.10686331399097349,1900.0
dj_14,dj,14,fake_marrakesh,0.75,oracle_best,fake_fez,1,False,0.2409,0.25605,0.25439999999999996,0.2556626506024096,4150.0,0.0,0.0
dj_14,dj,14,fake_marrakesh,0.75,oracle_nonworse,fake_fez,1,True,0.2409,0.25605,0.25439999999999996,0.2556626506024096,4150.0,0.0,0.0
dj_14,dj,14,fake_marrakesh,0.75,random,fake_fez;fake_kyiv;fake_sherbrooke;fake_torino,4,False,0.2409,0.3488125,0.34987499999999994,0.30462370016330137,5537.5,0.048961049560891756,1387.5
dj_14,dj,14,fake_marrakesh,0.75,oracle_worst,fake_kyiv,1,False,0.2409,0.41245,0.4144333333333333,0.3441481481481481,6750.0,0.08848549754573848,2600.0
dj_14,dj,14,fake_marrakesh,0.9,oracle_best,fake_fez,1,False,0.2409,0.25605,0.25439999999999996,0.2546808510638297,4700.0,0.0,0.0
dj_14,dj,14,fake_marrakesh,0.9,oracle_nonworse,fake_fez,1,True,0.2409,0.25605,0.25439999999999996,0.2546808510638297,4700.0,0.0,0.0
dj_14,dj,14,fake_marrakesh,0.9,random,fake_fez;fake_kyiv;fake_sherbrooke;fake_torino,4,False,0.2409,0.3488125,0.34987499999999994,0.2965112590436234,5837.5,0.041830407979793705,1137.5
dj_14,dj,14,fake_marrakesh,0.9,oracle_worst,fake_kyiv,1,False,0.2409,0.41245,0.4144333333333333,0.3345070422535211,7100.0,0.07982619118969142,2400.0
dj_14,dj,14,fake_sherbrooke,0.1,oracle_best,fake_marrakesh,1,False,0.36195,0.2409,0.2416,0.2718681318681318,4550.0,0.0,0.0
dj_14,dj,14,fake_sherbrooke,0.1,oracle_nonworse,fake_fez;fake_marrakesh,2,False,0.36195,0.248475,0.248,0.2727575953458306,4400.0,0.0008894634776988042,-150.0
dj_14,dj,14,fake_sherbrooke,0.1,random,fake_fez;fake_kyiv;fake_marrakesh;fake_torino,4,False,0.36195,0.31855,0.31894999999999996,0.32971496913504095,5462.5,0.057846837266909146,912.5
dj_14,dj,14,fake_sherbrooke,0.1,oracle_worst,fake_kyiv,1,False,0.36195,0.41245,0.4144333333333333,0.4051908396946565,6550.0,0.13332270782652472,2000.0
dj_14,dj,14,fake_sherbrooke,0.25,oracle_best,fake_marrakesh,1,False,0.36195,0.2409,0.2416,0.2992941176470588,4250.0,0.0,0.0
dj_14,dj,14,fake_sherbrooke,0.25,oracle_nonworse,fake_fez;fake_marrakesh,2,False,0.36195,0.248475,0.248,0.294598515134209,4700.0,-0.004695602512849839,450.0
dj_14,dj,14,fake_sherbrooke,0.25,random,fake_fez;fake_kyiv;fake_marrakesh;fake_torino,4,False,0.36195,0.31855,0.31894999999999996,0.3377964312567242,5487.5,0.038502313609665384,1237.5
dj_14,dj,14,fake_sherbrooke,0.25,oracle_worst,fake_kyiv,1,False,0.36195,0.41245,0.4144333333333333,0.3984172661870503,6950.0,0.09912314853999149,2700.0
dj_14,dj,14,fake_sherbrooke,0.5,oracle_best,fake_marrakesh,1,False,0.36195,0.2409,0.2416,0.320695652173913,5750.0,0.0,0.0
dj_14,dj,14,fake_sherbrooke,0.5,oracle_nonworse,fake_fez;fake_marrakesh,2,False,0.36195,0.248475,0.248,0.31891925465838505,5850.0,-0.0017763975155279388,100.0
dj_14,dj,14,fake_sherbrooke,0.5,random,fake_fez;fake_kyiv;fake_marrakesh;fake_torino,4,False,0.36195,0.31855,0.31894999999999996,0.34999808886765404,5975.0,0.029302436693741052,225.0
dj_14,dj,14,fake_sherbrooke,0.5,oracle_worst,fake_kyiv,1,False,0.36195,0.41245,0.4144333333333333,0.3921538461538462,6500.0,0.0714581939799332,750.0
dj_14,dj,14,fake_sherbrooke,0.75,oracle_best,fake_marrakesh,1,False,0.36195,0.2409,0.2416,0.33859375,6400.0,0.0,0.0
dj_14,dj,14,fake_sherbrooke,0.75,oracle_nonworse,fake_fez;fake_marrakesh,2,False,0.36195,0.248475,0.248,0.33898191437007874,6375.0,0.00038816437007871407,-25.0
dj_14,dj,14,fake_sherbrooke,0.75,random,fake_fez;fake_kyiv;fake_marrakesh;fake_torino,4,False,0.36195,0.31855,0.31894999999999996,0.35667122929388284,6525.0,0.018077479293882814,125.0
dj_14,dj,14,fake_sherbrooke,0.75,oracle_worst,fake_kyiv,1,False,0.36195,0.41245,0.4144333333333333,0.3827210884353741,7350.0,0.044127338435374086,950.0
dj_14,dj,14,fake_sherbrooke,0.9,oracle_best,fake_marrakesh,1,False,0.36195,0.2409,0.2416,0.3499248120300752,6650.0,0.0,0.0
dj_14,dj,14,fake_sherbrooke,0.9,oracle_nonworse,fake_fez;fake_marrakesh,2,False,0.36195,0.248475,0.248,0.35334950278923116,6425.0,0.0034246907591559683,-225.0
dj_14,dj,14,fake_sherbrooke,0.9,random,fake_fez;fake_kyiv;fake_marrakesh;fake_torino,4,False,0.36195,0.31855,0.31894999999999996,0.36118119644210533,6537.5,0.01125638441203014,-112.5
dj_14,dj,14,fake_sherbrooke,0.9,oracle_worst,fake_kyiv,1,False,0.36195,0.41245,0.4144333333333333,0.3702985074626865,6700.0,0.020373695432611305,50.0
dj_14,dj,14,fake_torino,0.1,oracle_best,fake_marrakesh,1,False,0.3648,0.2409,0.2416,0.2722222222222222,4500.0,0.0,0.0
dj_14,dj,14,fake_torino,0.1,oracle_nonworse,fake_fez;fake_marrakesh;fake_sherbrooke,3,False,0.3648,0.2863,0.28709999999999997,0.30464067172762826,4816.666666666667,0.032418449505406066,316.66666666666697
dj_14,dj,14,fake_torino,0.1,random,fake_fez;fake_kyiv;fake_marrakesh;fake_sherbrooke,4,False,0.3648,0.3178375,0.3189333333333333,0.3300958884111058,5237.5,0.05787366618888362,737.5
dj_14,dj,14,fake_torino,0.1,oracle_worst,fake_kyiv,1,False,0.3648,0.41245,0.4144333333333333,0.4064615384615384,6500.0,0.13423931623931618,2000.0
dj_14,dj,14,fake_torino,0.25,oracle_best,fake_marrakesh,1,False,0.3648,0.2409,0.2416,0.2888235294117647,5100.0,0.0,0.0
dj_14,dj,14,fake_torino,0.25,oracle_nonworse,fake_fez;fake_marrakesh;fake_sherbrooke,3,False,0.3648,0.2863,0.28709999999999997,0.315105021887388,5450.0,0.02628149247562328,350.0
dj_14,dj,14,fake_torino,0.25,random,fake_fez;fake_kyiv;fake_marrakesh;fake_sherbrooke,4,False,0.3648,0.3178375,0.3189333333333333,0.3361462846637161,5800.0,0.0473227552519514,700.0
dj_14,dj,14,fake_torino,0.25,oracle_worst,fake_kyiv,1,False,0.3648,0.41245,0.4144333333333333,0.3992700729927007,6850.0,0.11044654358093597,1750.0
dj_14,dj,14,fake_torino,0.5,oracle_best,fake_marrakesh,1,False,0.3648,0.2409,0.2416,0.3151351351351351,5550.0,0.0,0.0
dj_14,dj,14,fake_torino,0.5,oracle_nonworse,fake_fez;fake_marrakesh;fake_sherbrooke,3,False,0.3648,0.2863,0.28709999999999997,0.3309851777824146,5550.0,0.015850042647279516,0.0
dj_14,dj,14,fake_torino,0.5,random,fake_fez;fake_kyiv;fake_marrakesh;fake_sherbrooke,4,False,0.3648,0.3178375,0.3189333333333333,0.3458927294906571,5787.5,0.030757594355522,237.5
dj_14,dj,14,fake_torino,0.5,oracle_worst,fake_kyiv,1,False,0.3648,0.41245,0.4144333333333333,0.3906153846153846,6500.0,0.0754802494802495,950.0
dj_14,dj,14,fake_torino,0.75,oracle_best,fake_marrakesh,1,False,0.3648,0.2409,0.2416,0.3327272727272727,6050.0,0.0,0.0
dj_14,dj,14,fake_torino,0.75,oracle_nonworse,fake_fez;fake_marrakesh;fake_sherbrooke,3,False,0.3648,0.2863,0.28709999999999997,0.34460779193895164,5800.0,0.01188051921167893,-250.0
dj_14,dj,14,fake_torino,0.75,random,fake_fez;fake_kyiv;fake_marrakesh;fake_sherbrooke,4,False,0.3648,0.3178375,0.3189333333333333,0.3534201296684995,6100.0,0.0206928569412268,50.0
dj_14,dj,14,fake_torino,0.75,oracle_worst,fake_kyiv,1,False,0.3648,0.41245,0.4144333333333333,0.3798571428571429,7000.0,0.04712987012987019,950.0
dj_14,dj,14,fake_torino,0.9,oracle_best,fake_marrakesh,1,False,0.3648,0.2409,0.2416,0.34784,6250.0,0.0,0.0
dj_14,dj,14,fake_torino,0.9,oracle_nonworse,fake_fez;fake_marrakesh;fake_sherbrooke,3,False,0.3648,0.2863,0.28709999999999997,0.35330035623409667,6450.0,0.005460356234096686,200.0
dj_14,dj,14,fake_torino,0.9,random,fake_fez;fake_kyiv;fake_marrakesh;fake_sherbrooke,4,False,0.3648,0.3178375,0.3189333333333333,0.359294995066729,6675.0,0.011454995066729035,425.0
dj_14,dj,14,fake_torino,0.9,oracle_worst,fake_kyiv,1,False,0.3648,0.41245,0.4144333333333333,0.3772789115646259,7350.0,0.029438911564625914,1100.0
dj_4,dj,4,fake_fez,0.1,oracle_best,fake_marrakesh,1,False,0.032800000000000024,0.03105000000000001,0.031033333333333347,0.0373333333333333,750.0,0.0,0.0
dj_4,dj,4,fake_fez,0.1,oracle_nonworse,fake_marrakesh,1,False,0.032800000000000024,0.03105000000000001,0.031033333333333347,0.0373333333333333,750.0,0.0,0.0
dj_4,dj,4,fake_fez,0.1,random,fake_kyiv;fake_marrakesh;fake_sherbrooke;fake_torino,4,False,0.032800000000000024,0.04235000000000001,0.04234166666666668,0.0433520923520923,950.0,0.006018759018759,200.0
dj_4,dj,4,fake_fez,0.1,oracle_worst,fake_kyiv,1,False,0.032800000000000024,0.04925000000000001,0.049233333333333344,0.049090909090909,1100.0,0.011757575757575696,350.0
dj_4,dj,4,fake_fez,0.25,oracle_best,fake_marrakesh,1,False,0.032800000000000024,0.03105000000000001,0.031033333333333347,0.0333333333333333,900.0,0.0,0.0
dj_4,dj,4,fake_fez,0.25,oracle_nonworse,fake_marrakesh,1,False,0.032800000000000024,0.03105000000000001,0.031033333333333347,0.0333333333333333,900.0,0.0,0.0
dj_4,dj,4,fake_fez,0.25,random,fake_kyiv;fake_marrakesh;fake_sherbrooke;fake_torino,4,False,0.032800000000000024,0.04235000000000001,0.04234166666666668,0.038908333333333274,1062.5,0.005574999999999976,162.5
dj_4,dj,4,fake_fez,0.25,oracle_worst,fake_kyiv,1,False,0.032800000000000024,0.04925000000000001,0.049233333333333344,0.0447999999999999,1250.0,0.011466666666666604,350.0
dj_4,dj,4,fake_fez,0.5,oracle_best,fake_marrakesh,1,False,0.032800000000000024,0.03105000000000001,0.031033333333333347,0.02,600.0,0.0,0.0
dj_4,dj,4,fake_fez,0.5,oracle_nonworse,fake_marrakesh,1,False,0.032800000000000024,0.03105000000000001,0.031033333333333347,0.02,600.0,0.0,0.0
dj_4,dj,4,fake_fez,0.5,random,fake_kyiv;fake_marrakesh;fake_sherbrooke;fake_torino,4,False,0.032800000000000024,0.04235000000000001,0.04234166666666668,0.027424948240165576,850.0,0.007424948240165576,250.0
dj_4,dj,4,fake_fez,0.5,oracle_worst,fake_kyiv,1,False,0.032800000000000024,0.04925000000000001,0.049233333333333344,0.0216666666666666,600.0,0.001666666666666601,0.0
dj_4,dj,4,fake_fez,0.75,oracle_best,fake_marrakesh,1,False,0.032800000000000024,0.03105000000000001,0.031033333333333347,0.0266666666666666,900.0,0.0,0.0
dj_4,dj,4,fake_fez,0.75,oracle_nonworse,fake_marrakesh,1,False,0.032800000000000024,0.03105000000000001,0.031033333333333347,0.0266666666666666,900.0,0.0,0.0
dj_4,dj,4,fake_fez,0.75,random,fake_kyiv;fake_marrakesh;fake_sherbrooke;fake_torino,4,False,0.032800000000000024,0.04235000000000001,0.04234166666666668,0.0314371980676328,1025.0,0.004770531400966203,125.0
dj_4,dj,4,fake_fez,0.75,oracle_worst,fake_kyiv,1,False,0.032800000000000024,0.04925000000000001,0.049233333333333344,0.0277777777777777,900.0,0.001111111111111101,0.0
dj_4,dj,4,fake_fez,0.9,oracle_best,fake_marrakesh,1,False,0.032800000000000024,0.03105000000000001,0.031033333333333347,0.0233333333333333,900.0,0.0,0.0
dj_4,dj,4,fake_fez,0.9,oracle_nonworse,fake_marrakesh,1,False,0.032800000000000024,0.03105000000000001,0.031033333333333347,0.0233333333333333,900.0,0.0,0.0
dj_4,dj,4,fake_fez,0.9,random,fake_kyiv;fake_marrakesh;fake_sherbrooke;fake_torino,4,False,0.032800000000000024,0.04235000000000001,0.04234166666666668,0.024166666666666625,900.0,0.0008333333333333248,0.0
dj_4,dj,4,fake_fez,0.9,oracle_worst,fake_kyiv,1,False,0.032800000000000024,0.04925000000000001,0.049233333333333344,0.0233333333333333,900.0,0.0,0.0
dj_4,dj,4,fake_kyiv,0.1,oracle_best,fake_marrakesh,1,False,0.04925000000000001,0.03105000000000001,0.031033333333333347,0.03625,800.0,0.0,0.0
dj_4,dj,4,fake_kyiv,0.1,oracle_nonworse,fake_fez;fake_marrakesh;fake_sherbrooke;fake_torino,4,False,0.04925000000000001,0.038237500000000015,0.03815000000000001,0.0359715909090909,937.5,-0.0002784090909091,137.5
dj_4,dj,4,fake_kyiv,0.1,random,fake_fez;fake_marrakesh;fake_sherbrooke;fake_torino,4,False,0.04925000000000001,0.038237500000000015,0.03815000000000001,0.0359715909090909,937.5,-0.0002784090909091,137.5
dj_4,dj,4,fake_kyiv,0.1,oracle_worst,fake_torino,1,False,0.04925000000000001,0.04490000000000002,0.04490000000000002,0.0436363636363636,1100.0,0.007386363636363601,300.0
dj_4,dj,4,fake_kyiv,0.25,oracle_best,fake_marrakesh,1,False,0.04925000000000001,0.03105000000000001,0.031033333333333347,0.0355555555555555,900.0,0.0,0.0
dj_4,dj,4,fake_kyiv,0.25,oracle_nonworse,fake_fez;fake_marrakesh;fake_sherbrooke;fake_torino,4,False,0.04925000000000001,0.038237500000000015,0.03815000000000001,0.034595726495726446,925.0,-0.0009598290598290538,25.0
dj_4,dj,4,fake_kyiv,0.25,random,fake_fez;fake_marrakesh;fake_sherbrooke;fake_torino,4,False,0.04925000000000001,0.038237500000000015,0.03815000000000001,0.034595726495726446,925.0,-0.0009598290598290538,25.0
dj_4,dj,4,fake_kyiv,0.25,oracle_worst,fake_torino,1,False,0.04925000000000001,0.04490000000000002,0.04490000000000002,0.0424,1250.0,0.0068444444444445,350.0
dj_4,dj,4,fake_kyiv,0.5,oracle_best,fake_marrakesh,1,False,0.04925000000000001,0.03105000000000001,0.031033333333333347,0.0333333333333333,750.0,0.0,0.0
dj_4,dj,4,fake_kyiv,0.5,oracle_nonworse,fake_fez;fake_marrakesh;fake_sherbrooke;fake_torino,4,False,0.04925000000000001,0.038237500000000015,0.03815000000000001,0.03578282828282825,937.5,0.0024494949494949514,187.5
dj_4,dj,4,fake_kyiv,0.5,random,fake_fez;fake_marrakesh;fake_sherbrooke;fake_torino,4,False,0.04925000000000001,0.038237500000000015,0.03815000000000001,0.03578282828282825,937.5,0.0024494949494949514,187.5
dj_4,dj,4,fake_kyiv,0.5,oracle_worst,fake_torino,1,False,0.04925000000000001,0.04490000000000002,0.04490000000000002,0.0409090909090909,1100.0,0.007575757575757604,350.0
dj_4,dj,4,fake_kyiv,0.75,oracle_best,fake_marrakesh,1,False,0.04925000000000001,0.03105000000000001,0.031033333333333347,0.043157894736842,950.0,0.0,0.0
dj_4,dj,4,fake_kyiv,0.75,oracle_nonworse,fake_fez;fake_marrakesh;fake_sherbrooke;fake_torino,4,False,0.04925000000000001,0.038237500000000015,0.03815000000000001,0.04484649122807013,1012.5,0.0016885964912281282,62.5
dj_4,dj,4,fake_kyiv,0.75,random,fake_fez;fake_marrakesh;fake_sherbrooke;fake_torino,4,False,0.04925000000000001,0.038237500000000015,0.03815000000000001,0.04484649122807013,1012.5,0.0016885964912281282,62.5
dj_4,dj,4,fake_kyiv,0.75,oracle_worst,fake_torino,1,False,0.04925000000000001,0.04490000000000002,0.04490000000000002,0.0494736842105263,950.0,0.006315789473684302,0.0
dj_4,dj,4,fake_kyiv,0.9,oracle_best,fake_marrakesh,1,False,0.04925000000000001,0.03105000000000001,0.031033333333333347,0.0441666666666666,1200.0,0.0,0.0
dj_4,dj,4,fake_kyiv,0.9,oracle_nonworse,fake_fez;fake_marrakesh;fake_sherbrooke;fake_torino,4,False,0.04925000000000001,0.038237500000000015,0.03815000000000001,0.04550595238095235,1187.5,0.0013392857142857512,-12.5
dj_4,dj,4,fake_kyiv,0.9,random,fake_fez;fake_marrakesh;fake_sherbrooke;fake_torino,4,False,0.04925000000000001,0.038237500000000015,0.03815000000000001,0.04550595238095235,1187.5,0.0013392857142857512,-12.5
dj_4,dj,4,fake_kyiv,0.9,oracle_worst,fake_torino,1,False,0.04925000000000001,0.04490000000000002,0.04490000000000002,0.0495238095238095,1050.0,0.0053571428571429006,-150.0
dj_4,dj,4,fake_marrakesh,0.1,oracle_best,fake_fez,1,False,0.03105000000000001,0.032800000000000024,0.03246666666666666,0.0231578947368421,950.0,0.0,0.0
dj_4,dj,4,fake_marrakesh,0.1,oracle_nonworse,fake_fez,1,True,0.03105000000000001,0.032800000000000024,0.03246666666666666,0.0231578947368421,950.0,0.0,0.0
dj_4,dj,4,fake_marrakesh,0.1,random,fake_fez;fake_kyiv;fake_sherbrooke;fake_torino,4,False,0.03105000000000001,0.04278750000000002,0.04270000000000001,0.0390650869598238,1000.0,0.015907192222981703,50.0
dj_4,dj,4,fake_marrakesh,0.1,oracle_worst,fake_kyiv,1,False,0.03105000000000001,0.04925000000000001,0.049233333333333344,0.0481818181818182,1100.0,0.0250239234449761,150.0
dj_4,dj,4,fake_marrakesh,0.25,oracle_best,fake_fez,1,False,0.03105000000000001,0.032800000000000024,0.03246666666666666,0.02,450.0,0.0,0.0
dj_4,dj,4,fake_marrakesh,0.25,oracle_nonworse,fake_fez,1,True,0.03105000000000001,0.032800000000000024,0.03246666666666666,0.02,450.0,0.0,0.0
dj_4,dj,4,fake_marrakesh,0.25,random,fake_fez;fake_kyiv;fake_sherbrooke;fake_torino,4,False,0.03105000000000001,0.04278750000000002,0.04270000000000001,0.030972222222222175,750.0,0.010972222222222175,300.0
dj_4,dj,4,fake_marrakesh,0.25,oracle_worst,fake_kyiv,1,False,0.03105000000000001,0.04925000000000001,0.049233333333333344,0.0244444444444444,450.0,0.0044444444444444,0.0
dj_4,dj,4,fake_marrakesh,0.5,oracle_best,fake_fez,1,False,0.03105000000000001,0.032800000000000024,0.03246666666666666,0.0270588235294117,850.0,0.0,0.0
dj_4,dj,4,fake_marrakesh,0.5,oracle_nonworse,fake_fez,1,True,0.03105000000000001,0.032800000000000024,0.03246666666666666,0.0270588235294117,850.0,0.0,0.0
dj_4,dj,4,fake_marrakesh,0.5,random,fake_fez;fake_kyiv;fake_sherbrooke;fake_torino,4,False,0.03105000000000001,0.04278750000000002,0.04270000000000001,0.035058356676003676,862.5,0.007999533146591974,12.5
dj_4,dj,4,fake_marrakesh,0.5,oracle_worst,fake_kyiv,1,False,0.03105000000000001,0.04925000000000001,0.049233333333333344,0.0342857142857142,700.0,0.007226890756302496,-150.0
dj_4,dj,4,fake_marrakesh,0.75,oracle_best,fake_fez,1,False,0.03105000000000001,0.032800000000000024,0.03246666666666666,0.03,1000.0,0.0,0.0
dj_4,dj,4,fake_marrakesh,0.75,oracle_nonworse,fake_fez,1,True,0.03105000000000001,0.032800000000000024,0.03246666666666666,0.03,1000.0,0.0,0.0
dj_4,dj,4,fake_marrakesh,0.75,random,fake_fez;fake_kyiv;fake_sherbrooke;fake_torino,4,False,0.03105000000000001,0.04278750000000002,0.04270000000000001,0.03770881079704605,1000.0,0.007708810797046051,0.0
dj_4,dj,4,fake_marrakesh,0.75,oracle_worst,fake_kyiv,1,False,0.03105000000000001,0.04925000000000001,0.049233333333333344,0.0352941176470588,850.0,0.005294117647058803,-150.0
dj_4,dj,4,fake_marrakesh,0.9,oracle_best,fake_fez,1,False,0.03105000000000001,0.032800000000000024,0.03246666666666666,0.0341176470588235,850.0,0.0,0.0
dj_4,dj,4,fake_marrakesh,0.9,oracle_nonworse,fake_fez,1,True,0.03105000000000001,0.032800000000000024,0.03246666666666666,0.0341176470588235,850.0,0.0,0.0
dj_4,dj,4,fake_marrakesh,0.9,random,fake_fez;fake_kyiv;fake_sherbrooke;fake_torino,4,False,0.03105000000000001,0.04278750000000002,0.04270000000000001,0.034999999999999976,850.0,0.000882352941176473,0.0
dj_4,dj,4,fake_marrakesh,0.9,oracle_worst,fake_kyiv,1,False,0.03105000000000001,0.04925000000000001,0.049233333333333344,0.0341176470588235,850.0,0.0,0.0
dj_4,dj,4,fake_sherbrooke,0.1,oracle_best,fake_marrakesh,1,False,0.04420000000000001,0.03105000000000001,0.031033333333333347,0.0333333333333333,900.0,0.0,0.0
dj_4,dj,4,fake_sherbrooke,0.1,oracle_nonworse,fake_fez;fake_marrakesh,2,False,0.04420000000000001,0.031925000000000016,0.03175,0.0282456140350877,925.0,-0.005087719298245599,25.0
dj_4,dj,4,fake_sherbrooke,0.1,random,fake_fez;fake_kyiv;fake_marrakesh;fake_torino,4,False,0.04420000000000001,0.03950000000000002,0.03940833333333334,0.037120642515379346,1000.0,0.0037873091820460475,100.0
dj_4,dj,4,fake_sherbrooke,0.1,oracle_worst,fake_kyiv,1,False,0.04420000000000001,0.04925000000000001,0.049233333333333344,0.0481818181818182,1100.0,0.014848484848484902,200.0
dj_4,dj,4,fake_sherbrooke,0.25,oracle_best,fake_marrakesh,1,False,0.04420000000000001,0.03105000000000001,0.031033333333333347,0.04,850.0,0.0,0.0
dj_4,dj,4,fake_sherbrooke,0.25,oracle_nonworse,fake_fez;fake_marrakesh,2,False,0.04420000000000001,0.031925000000000016,0.03175,0.03409090909090905,975.0,-0.005909090909090954,125.0
dj_4,dj,4,fake_sherbrooke,0.25,random,fake_fez;fake_kyiv;fake_marrakesh;fake_torino,4,False,0.04420000000000001,0.03950000000000002,0.03940833333333334,0.04090378787878783,1100.0,0.0009037878787878303,250.0
dj_4,dj,4,fake_sherbrooke,0.25,oracle_worst,fake_kyiv,1,False,0.04420000000000001,0.04925000000000001,0.049233333333333344,0.0495999999999999,1250.0,0.0095999999999999,400.0
dj_4,dj,4,fake_sherbrooke,0.5,oracle_best,fake_marrakesh,1,False,0.04420000000000001,0.03105000000000001,0.031033333333333347,0.04125,800.0,0.0,0.0
dj_4,dj,4,fake_sherbrooke,0.5,oracle_nonworse,fake_fez;fake_marrakesh,2,False,0.04420000000000001,0.031925000000000016,0.03175,0.0364583333333333,1000.0,-0.004791666666666701,200.0
dj_4,dj,4,fake_sherbrooke,0.5,random,fake_fez;fake_kyiv;fake_marrakesh;fake_torino,4,False,0.04420000000000001,0.03950000000000002,0.03940833333333334,0.04193685897435893,1137.5,0.0006868589743589254,337.5
dj_4,dj,4,fake_sherbrooke,0.5,oracle_worst,fake_kyiv,1,False,0.04420000000000001,0.04925000000000001,0.049233333333333344,0.0492307692307692,1300.0,0.007980769230769201,500.0
dj_4,dj,4,fake_sherbrooke,0.75,oracle_best,fake_marrakesh,1,False,0.04420000000000001,0.03105000000000001,0.031033333333333347,0.0389473684210526,950.0,0.0,0.0
dj_4,dj,4,fake_sherbrooke,0.75,oracle_nonworse,fake_fez;fake_marrakesh,2,False,0.04420000000000001,0.031925000000000016,0.03175,0.035664160401002454,1000.0,-0.003283208020050145,50.0
dj_4,dj,4,fake_sherbrooke,0.75,random,fake_fez;fake_kyiv;fake_marrakesh;fake_torino,4,False,0.04420000000000001,0.03950000000000002,0.03940833333333334,0.038406242879927055,1012.5,-0.0005411255411255436,62.5
dj_4,dj,4,fake_sherbrooke,0.75,oracle_worst,fake_kyiv,1,False,0.04420000000000001,0.04925000000000001,0.049233333333333344,0.0368421052631579,950.0,-0.0021052631578947004,0.0
dj_4,dj,4,fake_sherbrooke,0.9,oracle_best,fake_marrakesh,1,False,0.04420000000000001,0.03105000000000001,0.031033333333333347,0.04,850.0,0.0,0.0
dj_4,dj,4,fake_sherbrooke,0.9,oracle_nonworse,fake_fez;fake_marrakesh,2,False,0.04420000000000001,0.031925000000000016,0.03175,0.04,850.0,0.0,0.0
dj_4,dj,4,fake_sherbrooke,0.9,random,fake_fez;fake_kyiv;fake_marrakesh;fake_torino,4,False,0.04420000000000001,0.03950000000000002,0.03940833333333334,0.040588235294117626,850.0,0.0005882352941176255,0.0
dj_4,dj,4,fake_sherbrooke,0.9,oracle_worst,fake_kyiv,1,False,0.04420000000000001,0.04925000000000001,0.049233333333333344,0.04,850.0,0.0,0.0
dj_4,dj,4,fake_torino,0.1,oracle_best,fake_marrakesh,1,False,0.04490000000000002,0.03105000000000001,0.031033333333333347,0.0386666666666666,750.0,0.0,0.0
dj_4,dj,4,fake_torino,0.1,oracle_nonworse,fake_fez;fake_marrakesh;fake_sherbrooke,3,False,0.04490000000000002,0.036016666666666676,0.03590000000000001,0.0359415204678362,900.0,-0.0027251461988304013,150.0
dj_4,dj,4,fake_torino,0.1,random,fake_fez;fake_kyiv;fake_marrakesh;fake_sherbrooke,4,False,0.04490000000000002,0.03932500000000001,0.039233333333333335,0.03934744469870322,962.5,0.0006807780320366233,212.5
dj_4,dj,4,fake_torino,0.1,oracle_worst,fake_kyiv,1,False,0.04490000000000002,0.04925000000000001,0.049233333333333344,0.0495652173913043,1150.0,0.010898550724637704,400.0
dj_4,dj,4,fake_torino,0.25,oracle_best,fake_marrakesh,1,False,0.04490000000000002,0.03105000000000001,0.031033333333333347,0.0422222222222222,900.0,0.0,0.0
dj_4,dj,4,fake_torino,0.25,oracle_nonworse,fake_fez;fake_marrakesh;fake_sherbrooke,3,False,0.04490000000000002,0.036016666666666676,0.03590000000000001,0.039232804232804196,983.3333333333334,-0.002989417989418007,83.33333333333337
dj_4,dj,4,fake_torino,0.25,random,fake_fez;fake_kyiv;fake_marrakesh;fake_sherbrooke,4,False,0.04490000000000002,0.03932500000000001,0.039233333333333335,0.04211691086691083,1062.5,-0.00010531135531137437,162.5
dj_4,dj,4,fake_torino,0.25,oracle_worst,fake_kyiv,1,False,0.04490000000000002,0.04925000000000001,0.049233333333333344,0.0507692307692307,1300.0,0.008547008547008496,400.0
dj_4,dj,4,fake_torino,0.5,oracle_best,fake_marrakesh,1,False,0.04490000000000002,0.03105000000000001,0.031033333333333347,0.0421052631578947,950.0,0.0,0.0
dj_4,dj,4,fake_torino,0.5,oracle_nonworse,fake_fez;fake_marrakesh;fake_sherbrooke,3,False,0.04490000000000002,0.036016666666666676,0.03590000000000001,0.04125730994152044,1000.0,-0.0008479532163742642,50.0
dj_4,dj,4,fake_torino,0.5,random,fake_fez;fake_kyiv;fake_marrakesh;fake_sherbrooke,4,False,0.04490000000000002,0.03932500000000001,0.039233333333333335,0.041498538011695875,975.0,-0.0006067251461988263,25.0
dj_4,dj,4,fake_torino,0.5,oracle_worst,fake_kyiv,1,False,0.04490000000000002,0.04925000000000001,0.049233333333333344,0.0422222222222222,900.0,0.00011695906432750147,-50.0
dj_4,dj,4,fake_torino,0.75,oracle_best,fake_marrakesh,1,False,0.04490000000000002,0.03105000000000001,0.031033333333333347,0.04,1000.0,0.0,0.0
dj_4,dj,4,fake_torino,0.75,oracle_nonworse,fake_fez;fake_marrakesh;fake_sherbrooke,3,False,0.04490000000000002,0.036016666666666676,0.03590000000000001,0.0402173913043478,1050.0,0.00021739130434780124,50.0
dj_4,dj,4,fake_torino,0.75,random,fake_fez;fake_kyiv;fake_marrakesh;fake_sherbrooke,4,False,0.04490000000000002,0.03932500000000001,0.039233333333333335,0.040639233954451306,1050.0,0.0006392339544513057,50.0
dj_4,dj,4,fake_torino,0.75,oracle_worst,fake_kyiv,1,False,0.04490000000000002,0.04925000000000001,0.049233333333333344,0.0419047619047618,1050.0,0.001904761904761798,50.0
dj_4,dj,4,fake_torino,0.9,oracle_best,fake_marrakesh,1,False,0.04490000000000002,0.03105000000000001,0.031033333333333347,0.042,1000.0,0.0,0.0
dj_4,dj,4,fake_torino,0.9,oracle_nonworse,fake_fez;fake_marrakesh;fake_sherbrooke,3,False,0.04490000000000002,0.036016666666666676,0.03590000000000001,0.042333333333333334,1000.0,0.0003333333333333313,0.0
dj_4,dj,4,fake_torino,0.9,random,fake_fez;fake_kyiv;fake_marrakesh;fake_sherbrooke,4,False,0.04490000000000002,0.03932500000000001,0.039233333333333335,0.042249999999999996,1000.0,0.0002499999999999933,0.0
dj_4,dj,4,fake_torino,0.9,oracle_worst,fake_kyiv,1,False,0.04490000000000002,0.04925000000000001,0.049233333333333344,0.042,1000.0,0.0,0.0
dj_6,dj,6,fake_fez,0.1,oracle_best,fake_marrakesh,1,False,0.0815,0.06674999999999999,0.06633333333333334,0.0637499999999999,1600.0,0.0,0.0
dj_6,dj,6,fake_fez,0.1,oracle_nonworse,fake_marrakesh,1,False,0.0815,0.06674999999999999,0.06633333333333334,0.0637499999999999,1600.0,0.0,0.0
dj_6,dj,6,fake_fez,0.1,random,fake_kyiv;fake_marrakesh;fake_sherbrooke;fake_torino,4,False,0.0815,0.12144999999999999,0.120075,0.11996768307768428,2125.0,0.05621768307768438,525.0
dj_6,dj,6,fake_fez,0.1,oracle_worst,fake_kyiv,1,False,0.0815,0.14454999999999998,0.14176666666666668,0.1417021276595744,2350.0,0.0779521276595745,750.0
dj_6,dj,6,fake_fez,0.25,oracle_best,fake_marrakesh,1,False,0.0815,0.06674999999999999,0.06633333333333334,0.0746666666666666,1500.0,0.0,0.0
dj_6,dj,6,fake_fez,0.25,oracle_nonworse,fake_marrakesh,1,False,0.0815,0.06674999999999999,0.06633333333333334,0.0746666666666666,1500.0,0.0,0.0
dj_6,dj,6,fake_fez,0.25,random,fake_kyiv;fake_marrakesh;fake_sherbrooke;fake_torino,4,False,0.0815,0.12144999999999999,0.120075,0.12207092198581558,2100.0,0.04740425531914898,600.0
dj_6,dj,6,fake_fez,0.25,oracle_worst,fake_kyiv,1,False,0.0815,0.14454999999999998,0.14176666666666668,0.14,2550.0,0.06533333333333341,1050.0
dj_6,dj,6,fake_fez,0.5,oracle_best,fake_marrakesh,1,False,0.0815,0.06674999999999999,0.06633333333333334,0.0799999999999999,1650.0,0.0,0.0
dj_6,dj,6,fake_fez,0.5,oracle_nonworse,fake_marrakesh,1,False,0.0815,0.06674999999999999,0.06633333333333334,0.0799999999999999,1650.0,0.0,0.0
dj_6,dj,6,fake_fez,0.5,random,fake_kyiv;fake_marrakesh;fake_sherbrooke;fake_torino,4,False,0.0815,0.12144999999999999,0.120075,0.1194197292069632,2100.0,0.039419729206963294,450.0
dj_6,dj,6,fake_fez,0.5,oracle_worst,fake_kyiv,1,False,0.0815,0.14454999999999998,0.14176666666666668,0.1381818181818181,2200.0,0.058181818181818196,550.0
dj_6,dj,6,fake_fez,0.75,oracle_best,fake_marrakesh,1,False,0.0815,0.06674999999999999,0.06633333333333334,0.081875,1600.0,0.0,0.0
dj_6,dj,6,fake_fez,0.75,oracle_nonworse,fake_marrakesh,1,False,0.0815,0.06674999999999999,0.06633333333333334,0.081875,1600.0,0.0,0.0
dj_6,dj,6,fake_fez,0.75,random,fake_kyiv;fake_marrakesh;fake_sherbrooke;fake_torino,4,False,0.0815,0.12144999999999999,0.120075,0.11066335300985986,1987.5,0.02878835300985985,387.5
dj_6,dj,6,fake_fez,0.75,oracle_worst,fake_kyiv,1,False,0.0815,0.14454999999999998,0.14176666666666668,0.12,1950.0,0.03812499999999999,350.0
dj_6,dj,6,fake_fez,0.9,oracle_best,fake_marrakesh,1,False,0.0815,0.06674999999999999,0.06633333333333334,0.0875862068965517,1450.0,0.0,0.0
dj_6,dj,6,fake_fez,0.9,oracle_nonworse,fake_marrakesh,1,False,0.0815,0.06674999999999999,0.06633333333333334,0.0875862068965517,1450.0,0.0,0.0
dj_6,dj,6,fake_fez,0.9,random,fake_kyiv;fake_marrakesh;fake_sherbrooke;fake_torino,4,False,0.0815,0.12144999999999999,0.120075,0.10476167030121301,1987.5,0.01717546340466132,537.5
dj_6,dj,6,fake_fez,0.9,oracle_worst,fake_kyiv,1,False,0.0815,0.14454999999999998,0.14176666666666668,0.1140909090909091,2200.0,0.02650470219435741,750.0
dj_6,dj,6,fake_kyiv,0.1,oracle_best,fake_marrakesh,1,False,0.14454999999999998,0.06674999999999999,0.06633333333333334,0.0773684210526315,1900.0,0.0,0.0
dj_6,dj,6,fake_kyiv,0.1,oracle_nonworse,fake_fez;fake_marrakesh;fake_sherbrooke;fake_torino,4,False,0.14454999999999998,0.10568749999999999,0.10528333333333334,0.11654863868245724,2037.5,0.039180217629825737,137.5
dj_6,dj,6,fake_kyiv,0.1,random,fake_fez;fake_marrakesh;fake_sherbrooke;fake_torino,4,False,0.14454999999999998,0.10568749999999999,0.10528333333333334,0.11654863868245724,2037.5,0.039180217629825737,137.5
dj_6,dj,6,fake_kyiv,0.1,oracle_worst,fake_sherbrooke,1,False,0.14454999999999998,0.13915,0.13693333333333335,0.1404444444444444,2250.0,0.0630760233918129,350.0
dj_6,dj,6,fake_kyiv,0.25,oracle_best,fake_marrakesh,1,False,0.14454999999999998,0.06674999999999999,0.06633333333333334,0.0984210526315789,1900.0,0.0,0.0
dj_6,dj,6,fake_kyiv,0.25,oracle_nonworse,fake_fez;fake_marrakesh;fake_sherbrooke;fake_torino,4,False,0.14454999999999998,0.10568749999999999,0.10528333333333334,0.12721038093984177,2200.0,0.028789328308262876,300.0
dj_6,dj,6,fake_kyiv,0.25,random,fake_fez;fake_marrakesh;fake_sherbrooke;fake_torino,4,False,0.14454999999999998,0.10568749999999999,0.10528333333333334,0.12721038093984177,2200.0,0.028789328308262876,300.0
dj_6,dj,6,fake_kyiv,0.25,oracle_worst,fake_sherbrooke,1,False,0.14454999999999998,0.13915,0.13693333333333335,0.1442307692307692,2600.0,0.045809716599190295,700.0
dj_6,dj,6,fake_kyiv,0.5,oracle_best,fake_marrakesh,1,False,0.14454999999999998,0.06674999999999999,0.06633333333333334,0.1074418604651162,2150.0,0.0,0.0
dj_6,dj,6,fake_kyiv,0.5,oracle_nonworse,fake_fez;fake_marrakesh;fake_sherbrooke;fake_torino,4,False,0.14454999999999998,0.10568749999999999,0.10528333333333334,0.12786015986597377,2275.0,0.02041829940085757,125.0
dj_6,dj,6,fake_kyiv,0.5,random,fake_fez;fake_marrakesh;fake_sherbrooke;fake_torino,4,False,0.14454999999999998,0.10568749999999999,0.10528333333333334,0.12786015986597377,2275.0,0.02041829940085757,125.0
dj_6,dj,6,fake_kyiv,0.5,oracle_worst,fake_sherbrooke,1,False,0.14454999999999998,0.13915,0.13693333333333335,0.1422222222222222,2250.0,0.034780361757106,100.0
dj_6,dj,6,fake_kyiv,0.75,oracle_best,fake_marrakesh,1,False,0.14454999999999998,0.06674999999999999,0.06633333333333334,0.1181818181818181,2750.0,0.0,0.0
dj_6,dj,6,fake_kyiv,0.75,oracle_nonworse,fake_fez;fake_marrakesh;fake_sherbrooke;fake_torino,4,False,0.14454999999999998,0.10568749999999999,0.10528333333333334,0.13816496003995998,2462.5,0.019983141858141887,-287.5
dj_6,dj,6,fake_kyiv,0.75,random,fake_fez;fake_marrakesh;fake_sherbrooke;fake_torino,4,False,0.14454999999999998,0.10568749999999999,0.10528333333333334,0.13816496003995998,2462.5,0.019983141858141887,-287.5
dj_6,dj,6,fake_kyiv,0.75,oracle_worst,fake_sherbrooke,1,False,0.14454999999999998,0.13915,0.13693333333333335,0.1476190476190476,2100.0,0.029437229437229498,-650.0
dj_6,dj,6,fake_kyiv,0.9,oracle_best,fake_marrakesh,1,False,0.14454999999999998,0.06674999999999999,0.06633333333333334,0.12,3050.0,0.0,0.0
dj_6,dj,6,fake_kyiv,0.9,oracle_nonworse,fake_fez;fake_marrakesh;fake_sherbrooke;fake_torino,4,False,0.14454999999999998,0.10568749999999999,0.10528333333333334,0.13648659463785512,2625.0,0.016486594637855123,-425.0
dj_6,dj,6,fake_kyiv,0.9,random,fake_fez;fake_marrakesh;fake_sherbrooke;fake_torino,4,False,0.14454999999999998,0.10568749999999999,0.10528333333333334,0.13648659463785512,2625.0,0.016486594637855123,-425.0
dj_6,dj,6,fake_kyiv,0.9,oracle_worst,fake_sherbrooke,1,False,0.14454999999999998,0.13915,0.13693333333333335,0.1412244897959183,2450.0,0.021224489795918317,-600.0
dj_6,dj,6,fake_marrakesh,0.1,oracle_best,fake_fez,1,False,0.06674999999999999,0.0815,0.0826,0.089375,1600.0,0.0,0.0
dj_6,dj,6,fake_marrakesh,0.1,oracle_nonworse,fake_fez,1,True,0.06674999999999999,0.0815,0.0826,0.089375,1600.0,0.0,0.0
dj_6,dj,6,fake_marrakesh,0.1,random,fake_fez;fake_kyiv;fake_sherbrooke;fake_torino,4,False,0.06674999999999999,0.12513749999999998,0.12414166666666668,0.12400353676227764,2050.0,0.034628536762277645,450.0
dj_6,dj,6,fake_marrakesh,0.1,oracle_worst,fake_kyiv,1,False,0.06674999999999999,0.14454999999999998,0.14176666666666668,0.1387234042553191,2350.0,0.0493484042553191,750.0
dj_6,dj,6,fake_marrakesh,0.25,oracle_best,fake_fez,1,False,0.06674999999999999,0.0815,0.0826,0.0838888888888889,1800.0,0.0,0.0
dj_6,dj,6,fake_marrakesh,0.25,oracle_nonworse,fake_fez,1,True,0.06674999999999999,0.0815,0.0826,0.0838888888888889,1800.0,0.0,0.0
dj_6,dj,6,fake_marrakesh,0.25,random,fake_fez;fake_kyiv;fake_sherbrooke;fake_torino,4,False,0.06674999999999999,0.12513749999999998,0.12414166666666668,0.11503882634980195,2050.0,0.031149937460913046,250.0
dj_6,dj,6,fake_marrakesh,0.25,oracle_worst,fake_kyiv,1,False,0.06674999999999999,0.14454999999999998,0.14176666666666668,0.13,2400.0,0.0461111111111111,600.0
dj_6,dj,6,fake_marrakesh,0.5,oracle_best,fake_fez,1,False,0.06674999999999999,0.0815,0.0826,0.0789473684210526,1900.0,0.0,0.0
dj_6,dj,6,fake_marrakesh,0.5,oracle_nonworse,fake_fez,1,True,0.06674999999999999,0.0815,0.0826,0.0789473684210526,1900.0,0.0,0.0
dj_6,dj,6,fake_marrakesh,0.5,random,fake_fez;fake_kyiv;fake_sherbrooke;fake_torino,4,False,0.06674999999999999,0.12513749999999998,0.12414166666666668,0.10190073099415202,2150.0,0.02295336257309942,250.0
dj_6,dj,6,fake_marrakesh,0.5,oracle_worst,fake_kyiv,1,False,0.06674999999999999,0.14454999999999998,0.14176666666666668,0.1055555555555555,1800.0,0.0266081871345029,-100.0
dj_6,dj,6,fake_marrakesh,0.75,oracle_best,fake_fez,1,False,0.06674999999999999,0.0815,0.0826,0.0794736842105263,1900.0,0.0,0.0
dj_6,dj,6,fake_marrakesh,0.75,oracle_nonworse,fake_fez,1,True,0.06674999999999999,0.0815,0.0826,0.0794736842105263,1900.0,0.0,0.0
dj_6,dj,6,fake_marrakesh,0.75,random,fake_fez;fake_kyiv;fake_sherbrooke;fake_torino,4,False,0.06674999999999999,0.12513749999999998,0.12414166666666668,0.09724274164427373,2300.0,0.01776905743374743,400.0
dj_6,dj,6,fake_marrakesh,0.75,oracle_worst,fake_kyiv,1,False,0.06674999999999999,0.14454999999999998,0.14176666666666668,0.1009302325581395,2150.0,0.021456548347613208,250.0
dj_6,dj,6,fake_marrakesh,0.9,oracle_best,fake_fez,1,False,0.06674999999999999,0.0815,0.0826,0.0748837209302325,2150.0,0.0,0.0
dj_6,dj,6,fake_marrakesh,0.9,oracle_nonworse,fake_fez,1,True,0.06674999999999999,0.0815,0.0826,0.0748837209302325,2150.0,0.0,0.0
dj_6,dj,6,fake_marrakesh,0.9,random,fake_fez;fake_kyiv;fake_sherbrooke;fake_torino,4,False,0.06674999999999999,0.12513749999999998,0.12414166666666668,0.09165723975636761,2550.0,0.016773518826135106,400.0
dj_6,dj,6,fake_marrakesh,0.9,oracle_worst,fake_kyiv,1,False,0.06674999999999999,0.14454999999999998,0.14176666666666668,0.0945833333333333,2400.0,0.019699612403100794,250.0
dj_6,dj,6,fake_sherbrooke,0.1,oracle_best,fake_marrakesh,1,False,0.13915,0.06674999999999999,0.06633333333333334,0.0692307692307692,1300.0,0.0,0.0
dj_6,dj,6,fake_sherbrooke,0.1,oracle_nonworse,fake_fez;fake_marrakesh;fake_torino,3,False,0.13915,0.09453333333333332,0.09473333333333334,0.10058053058053056,1683.3333333333333,0.03134976134976135,383.33333333333326
dj_6,dj,6,fake_sherbrooke,0.1,random,fake_fez;fake_kyiv;fake_marrakesh;fake_torino,4,False,0.13915,0.10703749999999998,0.10649166666666667,0.11064373126873124,1862.5,0.041412962037962034,562.5
dj_6,dj,6,fake_sherbrooke,0.1,oracle_worst,fake_kyiv,1,False,0.13915,0.14454999999999998,0.14176666666666668,0.1408333333333333,2400.0,0.0716025641025641,1100.0
dj_6,dj,6,fake_sherbrooke,0.25,oracle_best,fake_marrakesh,1,False,0.13915,0.06674999999999999,0.06633333333333334,0.0885714285714285,1750.0,0.0,0.0
dj_6,dj,6,fake_sherbrooke,0.25,oracle_nonworse,fake_fez;fake_marrakesh;fake_torino,3,False,0.13915,0.09453333333333332,0.09473333333333334,0.1127835988301104,1950.0,0.0242121702586819,200.0
dj_6,dj,6,fake_sherbrooke,0.25,random,fake_fez;fake_kyiv;fake_marrakesh;fake_torino,4,False,0.13915,0.10703749999999998,0.10649166666666667,0.1220876991225828,1962.5,0.033516270551154304,212.5
dj_6,dj,6,fake_sherbrooke,0.25,oracle_worst,fake_kyiv,1,False,0.13915,0.14454999999999998,0.14176666666666668,0.15,2000.0,0.0614285714285715,250.0
dj_6,dj,6,fake_sherbrooke,0.5,oracle_best,fake_marrakesh,1,False,0.13915,0.06674999999999999,0.06633333333333334,0.0994871794871794,1950.0,0.0,0.0
dj_6,dj,6,fake_sherbrooke,0.5,oracle_nonworse,fake_fez;fake_marrakesh;fake_torino,3,False,0.13915,0.09453333333333332,0.09473333333333334,0.11781054131054126,2200.0,0.01832336182336186,250.0
dj_6,dj,6,fake_sherbrooke,0.5,random,fake_fez;fake_kyiv;fake_marrakesh;fake_torino,4,False,0.13915,0.10703749999999998,0.10649166666666667,0.12450373931623929,2250.0,0.025016559829059884,300.0
dj_6,dj,6,fake_sherbrooke,0.5,oracle_worst,fake_kyiv,1,False,0.13915,0.14454999999999998,0.14176666666666668,0.1445833333333333,2400.0,0.04509615384615391,450.0
dj_6,dj,6,fake_sherbrooke,0.75,oracle_best,fake_marrakesh,1,False,0.13915,0.06674999999999999,0.06633333333333334,0.1063829787234042,2350.0,0.0,0.0
dj_6,dj,6,fake_sherbrooke,0.75,oracle_nonworse,fake_fez;fake_marrakesh;fake_torino,3,False,0.13915,0.09453333333333332,0.09473333333333334,0.12149273893954741,2183.3333333333335,0.015109760216143214,-166.66666666666652
dj_6,dj,6,fake_sherbrooke,0.75,random,fake_fez;fake_kyiv;fake_marrakesh;fake_torino,4,False,0.13915,0.10703749999999998,0.10649166666666667,0.12624455420466052,2137.5,0.01986157548125632,-212.5
dj_6,dj,6,fake_sherbrooke,0.75,oracle_worst,fake_kyiv,1,False,0.13915,0.14454999999999998,0.14176666666666668,0.1404999999999999,2000.0,0.0341170212765957,-350.0
dj_6,dj,6,fake_sherbrooke,0.9,oracle_best,fake_marrakesh,1,False,0.13915,0.06674999999999999,0.06633333333333334,0.1116981132075471,2650.0,0.0,0.0
dj_6,dj,6,fake_sherbrooke,0.9,oracle_nonworse,fake_fez;fake_marrakesh;fake_torino,3,False,0.13915,0.09453333333333332,0.09473333333333334,0.12649857741838866,2383.3333333333335,0.014800464210841552,-266.6666666666665
dj_6,dj,6,fake_sherbrooke,0.9,random,fake_fez;fake_kyiv;fake_marrakesh;fake_torino,4,False,0.13915,0.10703749999999998,0.10649166666666667,0.13041741132466106,2362.5,0.018719298117113953,-287.5
dj_6,dj,6,fake_sherbrooke,0.9,oracle_worst,fake_kyiv,1,False,0.13915,0.14454999999999998,0.14176666666666668,0.1421739130434782,2300.0,0.0304757998359311,-350.0
dj_6,dj,6,fake_torino,0.1,oracle_best,fake_marrakesh,1,False,0.13534999999999997,0.06674999999999999,0.06633333333333334,0.0715151515151515,1650.0,0.0,0.0
dj_6,dj,6,fake_torino,0.1,oracle_nonworse,fake_fez;fake_marrakesh,2,False,0.13534999999999997,0.074125,0.07446666666666668,0.08454545454545451,1650.0,0.013030303030303003,0.0
dj_6,dj,6,fake_torino,0.1,random,fake_fez;fake_kyiv;fake_marrakesh;fake_sherbrooke,4,False,0.13534999999999997,0.10798749999999999,0.10690833333333334,0.11231060606060603,1975.0,0.040795454545454524,325.0
dj_6,dj,6,fake_torino,0.1,oracle_worst,fake_kyiv,1,False,0.13534999999999997,0.14454999999999998,0.14176666666666668,0.1433333333333333,2400.0,0.07181818181818181,750.0
dj_6,dj,6,fake_torino,0.25,oracle_best,fake_marrakesh,1,False,0.13534999999999997,0.06674999999999999,0.06633333333333334,0.0849999999999999,1600.0,0.0,0.0
dj_6,dj,6,fake_torino,0.25,oracle_nonworse,fake_fez;fake_marrakesh,2,False,0.13534999999999997,0.074125,0.07446666666666668,0.09399999999999994,1800.0,0.00900000000000005,200.0
dj_6,dj,6,fake_torino,0.25,random,fake_fez;fake_kyiv;fake_marrakesh;fake_sherbrooke,4,False,0.13534999999999997,0.10798749999999999,0.10690833333333334,0.11599019607843135,2037.5,0.030990196078431453,437.5
dj_6,dj,6,fake_torino,0.25,oracle_worst,fake_kyiv,1,False,0.13534999999999997,0.14454999999999998,0.14176666666666668,0.1419607843137255,2550.0,0.0569607843137256,950.0
dj_6,dj,6,fake_torino,0.5,oracle_best,fake_marrakesh,1,False,0.13534999999999997,0.06674999999999999,0.06633333333333334,0.1052380952380952,2100.0,0.0,0.0
dj_6,dj,6,fake_torino,0.5,oracle_nonworse,fake_fez;fake_marrakesh,2,False,0.13534999999999997,0.074125,0.07446666666666668,0.11007002801120444,2325.0,0.00483193277310924,225.0
dj_6,dj,6,fake_torino,0.5,random,fake_fez;fake_kyiv;fake_marrakesh;fake_sherbrooke,4,False,0.13534999999999997,0.10798749999999999,0.10690833333333334,0.1269289533995416,2350.0,0.021690858161446405,250.0
dj_6,dj,6,fake_torino,0.5,oracle_worst,fake_kyiv,1,False,0.13534999999999997,0.14454999999999998,0.14176666666666668,0.1466666666666666,2550.0,0.04142857142857141,450.0
dj_6,dj,6,fake_torino,0.75,oracle_best,fake_marrakesh,1,False,0.13534999999999997,0.06674999999999999,0.06633333333333334,0.1132075471698113,2650.0,0.0,0.0
dj_6,dj,6,fake_torino,0.75,oracle_nonworse,fake_fez;fake_marrakesh,2,False,0.13534999999999997,0.074125,0.07446666666666668,0.1237776866283839,2475.0,0.010570139458572603,-175.0
dj_6,dj,6,fake_torino,0.75,random,fake_fez;fake_kyiv;fake_marrakesh;fake_sherbrooke,4,False,0.13534999999999997,0.10798749999999999,0.10690833333333334,0.13402547122116867,2275.0,0.020817924051357378,-375.0
dj_6,dj,6,fake_torino,0.75,oracle_worst,fake_kyiv,1,False,0.13534999999999997,0.14454999999999998,0.14176666666666668,0.1460465116279069,2150.0,0.032838964458095615,-500.0
dj_6,dj,6,fake_torino,0.9,oracle_best,fake_marrakesh,1,False,0.13534999999999997,0.06674999999999999,0.06633333333333334,0.1246153846153846,2600.0,0.0,0.0
dj_6,dj,6,fake_torino,0.9,oracle_nonworse,fake_fez;fake_marrakesh,2,False,0.13534999999999997,0.074125,0.07446666666666668,0.13209030100334446,2450.0,0.007474916387959857,-150.0
dj_6,dj,6,fake_torino,0.9,random,fake_fez;fake_kyiv;fake_marrakesh;fake_sherbrooke,4,False,0.13534999999999997,0.10798749999999999,0.10690833333333334,0.1372538461538461,2425.0,0.012638461538461487,-175.0
dj_6,dj,6,fake_torino,0.9,oracle_worst,fake_kyiv,1,False,0.13534999999999997,0.14454999999999998,0.14176666666666668,0.1443999999999999,2500.0,0.01978461538461529,-100.0
dj_8,dj,8,fake_fez,0.1,oracle_best,fake_marrakesh,1,False,0.12434999999999997,0.11865000000000002,0.1201,0.1260869565217391,2300.0,0.0,0.0
dj_8,dj,8,fake_fez,0.1,oracle_nonworse,fake_marrakesh,1,False,0.12434999999999997,0.11865000000000002,0.1201,0.1260869565217391,2300.0,0.0,0.0
dj_8,dj,8,fake_fez,0.1,random,fake_kyiv;fake_marrakesh;fake_sherbrooke;fake_torino,4,False,0.12434999999999997,0.1788375,0.180525,0.17384697061191626,2800.0,0.04776001409017716,500.0
dj_8,dj,8,fake_fez,0.1,oracle_worst,fake_sherbrooke,1,False,0.12434999999999997,0.20645000000000002,0.20806666666666665,0.194375,3200.0,0.0682880434782609,900.0
dj_8,dj,8,fake_fez,0.25,oracle_best,fake_marrakesh,1,False,0.12434999999999997,0.11865000000000002,0.1201,0.1266666666666666,2400.0,0.0,0.0
dj_8,dj,8,fake_fez,0.25,oracle_nonworse,fake_marrakesh,1,False,0.12434999999999997,0.11865000000000002,0.1201,0.1266666666666666,2400.0,0.0,0.0
dj_8,dj,8,fake_fez,0.25,random,fake_kyiv;fake_marrakesh;fake_sherbrooke;fake_torino,4,False,0.12434999999999997,0.1788375,0.180525,0.1681120799906987,2825.0,0.04144541332403209,425.0
dj_8,dj,8,fake_fez,0.25,oracle_worst,fake_sherbrooke,1,False,0.12434999999999997,0.20645000000000002,0.20806666666666665,0.1879999999999999,3500.0,0.061333333333333295,1100.0
dj_8,dj,8,fake_fez,0.5,oracle_best,fake_marrakesh,1,False,0.12434999999999997,0.11865000000000002,0.1201,0.1253061224489795,2450.0,0.0,0.0
dj_8,dj,8,fake_fez,0.5,oracle_nonworse,fake_marrakesh,1,False,0.12434999999999997,0.11865000000000002,0.1201,0.1253061224489795,2450.0,0.0,0.0
dj_8,dj,8,fake_fez,0.5,random,fake_kyiv;fake_marrakesh;fake_sherbrooke;fake_torino,4,False,0.12434999999999997,0.1788375,0.180525,0.1585661399742305,3100.0,0.033260017525250984,650.0
dj_8,dj,8,fake_fez,0.5,oracle_worst,fake_sherbrooke,1,False,0.12434999999999997,0.20645000000000002,0.20806666666666665,0.173623188405797,3450.0,0.04831706595681748,1000.0
dj_8,dj,8,fake_fez,0.75,oracle_best,fake_marrakesh,1,False,0.12434999999999997,0.11865000000000002,0.1201,0.1245283018867924,2650.0,0.0,0.0
dj_8,dj,8,fake_fez,0.75,oracle_nonworse,fake_marrakesh,1,False,0.12434999999999997,0.11865000000000002,0.1201,0.1245283018867924,2650.0,0.0,0.0
dj_8,dj,8,fake_fez,0.75,random,fake_kyiv;fake_marrakesh;fake_sherbrooke;fake_torino,4,False,0.12434999999999997,0.1788375,0.180525,0.14845235082476033,3062.5,0.02392404893796793,412.5
dj_8,dj,8,fake_fez,0.75,oracle_worst,fake_sherbrooke,1,False,0.12434999999999997,0.20645000000000002,0.20806666666666665,0.1675324675324675,3850.0,0.04300416564567511,1200.0
dj_8,dj,8,fake_fez,0.9,oracle_best,fake_marrakesh,1,False,0.12434999999999997,0.11865000000000002,0.1201,0.1147619047619047,2100.0,0.0,0.0
dj_8,dj,8,fake_fez,0.9,oracle_nonworse,fake_marrakesh,1,False,0.12434999999999997,0.11865000000000002,0.1201,0.1147619047619047,2100.0,0.0,0.0
dj_8,dj,8,fake_fez,0.9,random,fake_kyiv;fake_marrakesh;fake_sherbrooke;fake_torino,4,False,0.12434999999999997,0.1788375,0.180525,0.1428363929481512,3137.5,0.0280744881862465,1037.5
dj_8,dj,8,fake_fez,0.9,oracle_worst,fake_sherbrooke,1,False,0.12434999999999997,0.20645000000000002,0.20806666666666665,0.163170731707317,4100.0,0.04840882694541229,2000.0
dj_8,dj,8,fake_kyiv,0.1,oracle_best,fake_marrakesh,1,False,0.20065,0.11865000000000002,0.1201,0.1386666666666667,2250.0,0.0,0.0
dj_8,dj,8,fake_kyiv,0.1,oracle_nonworse,fake_fez;fake_marrakesh;fake_torino,3,False,0.20065,0.1442,0.1456888888888889,0.1523531746031746,2483.3333333333335,0.013686507936507913,233.33333333333348
dj_8,dj,8,fake_kyiv,0.1,random,fake_fez;fake_marrakesh;fake_sherbrooke;fake_torino,4,False,0.20065,0.1597625,0.16128333333333333,0.16426488095238093,2687.5,0.025598214285714238,437.5
dj_8,dj,8,fake_kyiv,0.1,oracle_worst,fake_sherbrooke,1,False,0.20065,0.20645000000000002,0.20806666666666665,0.1999999999999999,3300.0,0.06133333333333321,1050.0
dj_8,dj,8,fake_kyiv,0.25,oracle_best,fake_marrakesh,1,False,0.20065,0.11865000000000002,0.1201,0.1527659574468085,2350.0,0.0,0.0
dj_8,dj,8,fake_kyiv,0.25,oracle_nonworse,fake_fez;fake_marrakesh;fake_torino,3,False,0.20065,0.1442,0.1456888888888889,0.1615392697662201,2583.3333333333335,0.008773312319411614,233.33333333333348
dj_8,dj,8,fake_kyiv,0.25,random,fake_fez;fake_marrakesh;fake_sherbrooke;fake_torino,4,False,0.20065,0.1597625,0.16128333333333333,0.17115445232466506,2700.0,0.01838849487785657,350.0
dj_8,dj,8,fake_kyiv,0.25,oracle_worst,fake_sherbrooke,1,False,0.20065,0.20645000000000002,0.20806666666666665,0.1999999999999999,3050.0,0.04723404255319141,700.0
dj_8,dj,8,fake_kyiv,0.5,oracle_best,fake_marrakesh,1,False,0.20065,0.11865000000000002,0.1201,0.1719148936170212,2350.0,0.0,0.0
dj_8,dj,8,fake_kyiv,0.5,oracle_nonworse,fake_fez;fake_marrakesh;fake_torino,3,False,0.20065,0.1442,0.1456888888888889,0.17369657293061544,2783.3333333333335,0.0017816793135942421,433.3333333333335
dj_8,dj,8,fake_kyiv,0.5,random,fake_fez;fake_marrakesh;fake_sherbrooke;fake_torino,4,False,0.20065,0.1597625,0.16128333333333333,0.1797390963646282,3025.0,0.007824202747607006,675.0
dj_8,dj,8,fake_kyiv,0.5,oracle_worst,fake_sherbrooke,1,False,0.20065,0.20645000000000002,0.20806666666666665,0.1978666666666666,3750.0,0.02595177304964541,1400.0
dj_8,dj,8,fake_kyiv,0.75,oracle_best,fake_marrakesh,1,False,0.20065,0.11865000000000002,0.1201,0.1829508196721311,3050.0,0.0,0.0
dj_8,dj,8,fake_kyiv,0.75,oracle_nonworse,fake_fez;fake_marrakesh;fake_torino,3,False,0.20065,0.1442,0.1456888888888889,0.18534332413448593,3250.0,0.0023925044623548386,200.0
dj_8,dj,8,fake_kyiv,0.75,random,fake_fez;fake_marrakesh;fake_sherbrooke;fake_torino,4,False,0.20065,0.1597625,0.16128333333333333,0.18851968822281565,3462.5,0.005568868550684558,412.5
dj_8,dj,8,fake_kyiv,0.75,oracle_worst,fake_sherbrooke,1,False,0.20065,0.20645000000000002,0.20806666666666665,0.1980487804878048,4100.0,0.015097960815673717,1050.0
dj_8,dj,8,fake_kyiv,0.9,oracle_best,fake_marrakesh,1,False,0.20065,0.11865000000000002,0.1201,0.1814492753623188,3450.0,0.0,0.0
dj_8,dj,8,fake_kyiv,0.9,oracle_nonworse,fake_fez;fake_marrakesh;fake_torino,3,False,0.20065,0.1442,0.1456888888888889,0.1863231224035896,3350.0,0.004873847041270807,-100.0
dj_8,dj,8,fake_kyiv,0.9,random,fake_fez;fake_marrakesh;fake_sherbrooke;fake_torino,4,False,0.20065,0.1597625,0.16128333333333333,0.18760998886151573,3362.5,0.006160713499196918,-87.5
dj_8,dj,8,fake_kyiv,0.9,oracle_worst,fake_sherbrooke,1,False,0.20065,0.20645000000000002,0.20806666666666665,0.1914705882352941,3400.0,0.01002131287297528,-50.0
dj_8,dj,8,fake_marrakesh,0.1,oracle_best,fake_fez,1,False,0.11865000000000002,0.12434999999999997,0.1257666666666667,0.1138461538461538,1950.0,0.0,0.0
dj_8,dj,8,fake_marrakesh,0.1,oracle_nonworse,fake_fez,1,True,0.11865000000000002,0.12434999999999997,0.1257666666666667,0.1138461538461538,1950.0,0.0,0.0
dj_8,dj,8,fake_marrakesh,0.1,random,fake_fez;fake_kyiv;fake_sherbrooke;fake_torino,4,False,0.11865000000000002,0.1802625,0.18194166666666667,0.1697705662393162,2712.5,0.055924412393162384,762.5
dj_8,dj,8,fake_marrakesh,0.1,oracle_worst,fake_sherbrooke,1,False,0.11865000000000002,0.20645000000000002,0.20806666666666665,0.193125,3200.0,0.07927884615384619,1250.0
dj_8,dj,8,fake_marrakesh,0.25,oracle_best,fake_fez,1,False,0.11865000000000002,0.12434999999999997,0.1257666666666667,0.1159999999999999,2000.0,0.0,0.0
dj_8,dj,8,fake_marrakesh,0.25,oracle_nonworse,fake_fez,1,True,0.11865000000000002,0.12434999999999997,0.1257666666666667,0.1159999999999999,2000.0,0.0,0.0
dj_8,dj,8,fake_marrakesh,0.25,random,fake_fez;fake_kyiv;fake_sherbrooke;fake_torino,4,False,0.11865000000000002,0.1802625,0.18194166666666667,0.16455276928776508,2750.0,0.04855276928776518,750.0
dj_8,dj,8,fake_marrakesh,0.25,oracle_worst,fake_sherbrooke,1,False,0.11865000000000002,0.20645000000000002,0.20806666666666665,0.1823333333333333,3000.0,0.0663333333333334,1000.0
dj_8,dj,8,fake_marrakesh,0.5,oracle_best,fake_fez,1,False,0.11865000000000002,0.12434999999999997,0.1257666666666667,0.126,2500.0,0.0,0.0
dj_8,dj,8,fake_marrakesh,0.5,oracle_nonworse,fake_fez,1,True,0.11865000000000002,0.12434999999999997,0.1257666666666667,0.126,2500.0,0.0,0.0
dj_8,dj,8,fake_marrakesh,0.5,random,fake_fez;fake_kyiv;fake_sherbrooke;fake_torino,4,False,0.11865000000000002,0.1802625,0.18194166666666667,0.164573452154575,3087.5,0.038573452154575,587.5
dj_8,dj,8,fake_marrakesh,0.5,oracle_worst,fake_sherbrooke,1,False,0.11865000000000002,0.20645000000000002,0.20806666666666665,0.1802898550724637,3450.0,0.0542898550724637,950.0
dj_8,dj,8,fake_marrakesh,0.75,oracle_best,fake_fez,1,False,0.11865000000000002,0.12434999999999997,0.1257666666666667,0.1292682926829268,2050.0,0.0,0.0
dj_8,dj,8,fake_marrakesh,0.75,oracle_nonworse,fake_fez,1,True,0.11865000000000002,0.12434999999999997,0.1257666666666667,0.1292682926829268,2050.0,0.0,0.0
dj_8,dj,8,fake_marrakesh,0.75,random,fake_fez;fake_kyiv;fake_sherbrooke;fake_torino,4,False,0.11865000000000002,0.1802625,0.18194166666666667,0.15444757170445605,2937.5,0.02517927902152925,887.5
dj_8,dj,8,fake_marrakesh,0.75,oracle_worst,fake_sherbrooke,1,False,0.11865000000000002,0.20645000000000002,0.20806666666666665,0.1727272727272727,3850.0,0.043458980044345896,1800.0
dj_8,dj,8,fake_marrakesh,0.9,oracle_best,fake_fez,1,False,0.11865000000000002,0.12434999999999997,0.1257666666666667,0.1265217391304347,2300.0,0.0,0.0
dj_8,dj,8,fake_marrakesh,0.9,oracle_nonworse,fake_fez,1,True,0.11865000000000002,0.12434999999999997,0.1257666666666667,0.1265217391304347,2300.0,0.0,0.0
dj_8,dj,8,fake_marrakesh,0.9,random,fake_fez;fake_kyiv;fake_sherbrooke;fake_torino,4,False,0.11865000000000002,0.1802625,0.18194166666666667,0.1502145670240587,3187.5,0.02369282789362398,887.5
dj_8,dj,8,fake_marrakesh,0.9,oracle_worst,fake_sherbrooke,1,False,0.11865000000000002,0.20645000000000002,0.20806666666666665,0.1681927710843373,4150.0,0.04167103195390259,1850.0
dj_8,dj,8,fake_sherbrooke,0.1,oracle_best,fake_marrakesh,1,False,0.20645000000000002,0.11865000000000002,0.1201,0.1355555555555555,2250.0,0.0,0.0
dj_8,dj,8,fake_sherbrooke,0.1,oracle_nonworse,fake_fez;fake_kyiv;fake_marrakesh;fake_torino,4,False,0.20645000000000002,0.1583125,0.15995,0.1614703893776474,2625.0,0.025914833822091893,375.0
dj_8,dj,8,fake_sherbrooke,0.1,random,fake_fez;fake_kyiv;fake_marrakesh;fake_torino,4,False,0.20645000000000002,0.1583125,0.15995,0.1614703893776474,2625.0,0.025914833822091893,375.0
dj_8,dj,8,fake_sherbrooke,0.1,oracle_worst,fake_kyiv,1,False,0.20645000000000002,0.20065,0.20273333333333332,0.1961290322580645,3100.0,0.06057347670250898,850.0
dj_8,dj,8,fake_sherbrooke,0.25,oracle_best,fake_marrakesh,1,False,0.20645000000000002,0.11865000000000002,0.1201,0.1468085106382979,2350.0,0.0,0.0
dj_8,dj,8,fake_sherbrooke,0.25,oracle_nonworse,fake_fez;fake_kyiv;fake_marrakesh;fake_torino,4,False,0.20645000000000002,0.1583125,0.15995,0.16657555707568678,2575.0,0.019767046437388885,225.0
dj_8,dj,8,fake_sherbrooke,0.25,random,fake_fez;fake_kyiv;fake_marrakesh;fake_torino,4,False,0.20645000000000002,0.1583125,0.15995,0.16657555707568678,2575.0,0.019767046437388885,225.0
dj_8,dj,8,fake_sherbrooke,0.25,oracle_worst,fake_kyiv,1,False,0.20645000000000002,0.20065,0.20273333333333332,0.193030303030303,3300.0,0.04622179239200511,950.0
dj_8,dj,8,fake_sherbrooke,0.5,oracle_best,fake_marrakesh,1,False,0.20645000000000002,0.11865000000000002,0.1201,0.1686274509803921,2550.0,0.0,0.0
dj_8,dj,8,fake_sherbrooke,0.5,oracle_nonworse,fake_fez;fake_kyiv;fake_marrakesh;fake_torino,4,False,0.20645000000000002,0.1583125,0.15995,0.1767501028383381,2962.5,0.008122651857946,412.5
dj_8,dj,8,fake_sherbrooke,0.5,random,fake_fez;fake_kyiv;fake_marrakesh;fake_torino,4,False,0.20645000000000002,0.1583125,0.15995,0.1767501028383381,2962.5,0.008122651857946,412.5
dj_8,dj,8,fake_sherbrooke,0.5,oracle_worst,fake_kyiv,1,False,0.20645000000000002,0.20065,0.20273333333333332,0.1912121212121212,3300.0,0.02258467023172908,750.0
dj_8,dj,8,fake_sherbrooke,0.75,oracle_best,fake_marrakesh,1,False,0.20645000000000002,0.11865000000000002,0.1201,0.1838709677419354,3100.0,0.0,0.0
dj_8,dj,8,fake_sherbrooke,0.75,oracle_nonworse,fake_fez;fake_kyiv;fake_marrakesh;fake_torino,4,False,0.20645000000000002,0.1583125,0.15995,0.19019092340694901,3175.0,0.006319955665013616,75.0
dj_8,dj,8,fake_sherbrooke,0.75,random,fake_fez;fake_kyiv;fake_marrakesh;fake_torino,4,False,0.20645000000000002,0.1583125,0.15995,0.19019092340694901,3175.0,0.006319955665013616,75.0
dj_8,dj,8,fake_sherbrooke,0.75,oracle_worst,fake_kyiv,1,False,0.20645000000000002,0.20065,0.20273333333333332,0.2017543859649122,2850.0,0.017883418222976788,-250.0
dj_8,dj,8,fake_sherbrooke,0.9,oracle_best,fake_marrakesh,1,False,0.20645000000000002,0.11865000000000002,0.1201,0.1836923076923077,3250.0,0.0,0.0
dj_8,dj,8,fake_sherbrooke,0.9,oracle_nonworse,fake_fez;fake_kyiv;fake_marrakesh;fake_torino,4,False,0.20645000000000002,0.1583125,0.15995,0.19020857850172213,3262.5,0.006516270809414415,12.5
dj_8,dj,8,fake_sherbrooke,0.9,random,fake_fez;fake_kyiv;fake_marrakesh;fake_torino,4,False,0.20645000000000002,0.1583125,0.15995,0.19020857850172213,3262.5,0.006516270809414415,12.5
dj_8,dj,8,fake_sherbrooke,0.9,oracle_worst,fake_kyiv,1,False,0.20645000000000002,0.20065,0.20273333333333332,0.1975384615384615,3250.0,0.013846153846153786,0.0
dj_8,dj,8,fake_torino,0.1,oracle_best,fake_marrakesh,1,False,0.1896,0.11865000000000002,0.1201,0.1395652173913043,2300.0,0.0,0.0
dj_8,dj,8,fake_torino,0.1,oracle_nonworse,fake_fez;fake_marrakesh,2,False,0.1896,0.1215,0.12293333333333334,0.13499094202898546,2350.0,-0.004574275362318858,50.0
dj_8,dj,8,fake_torino,0.1,random,fake_fez;fake_kyiv;fake_marrakesh;fake_sherbrooke,4,False,0.1896,0.162525,0.16416666666666666,0.16711668313570482,2825.0,0.02755146574440051,525.0
dj_8,dj,8,fake_torino,0.1,oracle_worst,fake_sherbrooke,1,False,0.1896,0.20645000000000002,0.20806666666666665,0.2012121212121212,3300.0,0.06164690382081689,1000.0
dj_8,dj,8,fake_torino,0.25,oracle_best,fake_marrakesh,1,False,0.1896,0.11865000000000002,0.1201,0.1540425531914893,2350.0,0.0,0.0
dj_8,dj,8,fake_torino,0.25,oracle_nonworse,fake_fez;fake_marrakesh,2,False,0.1896,0.1215,0.12293333333333334,0.147391646966115,2525.0,-0.006650906225374287,175.0
dj_8,dj,8,fake_torino,0.25,random,fake_fez;fake_kyiv;fake_marrakesh;fake_sherbrooke,4,False,0.1896,0.162525,0.16416666666666666,0.17346017024740423,2862.5,0.019417617055914937,512.5
dj_8,dj,8,fake_torino,0.25,oracle_worst,fake_sherbrooke,1,False,0.1896,0.20645000000000002,0.20806666666666665,0.1993650793650793,3150.0,0.045322526173590005,800.0
dj_8,dj,8,fake_torino,0.5,oracle_best,fake_marrakesh,1,False,0.1896,0.11865000000000002,0.1201,0.1727659574468085,2350.0,0.0,0.0
dj_8,dj,8,fake_torino,0.5,oracle_nonworse,fake_fez;fake_marrakesh,2,False,0.1896,0.1215,0.12293333333333334,0.1665647969052224,2550.0,-0.006201160541586093,200.0
dj_8,dj,8,fake_torino,0.5,random,fake_fez;fake_kyiv;fake_marrakesh;fake_sherbrooke,4,False,0.1896,0.162525,0.16416666666666666,0.18126949522680477,2987.5,0.008503537779996267,637.5
dj_8,dj,8,fake_torino,0.5,oracle_worst,fake_sherbrooke,1,False,0.1896,0.20645000000000002,0.20806666666666665,0.1984,3750.0,0.02563404255319149,1400.0
dj_8,dj,8,fake_torino,0.75,oracle_best,fake_marrakesh,1,False,0.1896,0.11865000000000002,0.1201,0.1750819672131147,3050.0,0.0,0.0
dj_8,dj,8,fake_torino,0.75,oracle_nonworse,fake_fez;fake_marrakesh,2,False,0.1896,0.1215,0.12293333333333334,0.1742651215375918,2975.0,-0.0008168456755228981,-75.0
dj_8,dj,8,fake_torino,0.75,random,fake_fez;fake_kyiv;fake_marrakesh;fake_sherbrooke,4,False,0.1896,0.162525,0.16416666666666666,0.18238970362593876,3125.0,0.007307736412824062,75.0
dj_8,dj,8,fake_torino,0.75,oracle_worst,fake_sherbrooke,1,False,0.1896,0.20645000000000002,0.20806666666666665,0.1896,3750.0,0.014518032786885293,700.0
dj_8,dj,8,fake_torino,0.9,oracle_best,fake_marrakesh,1,False,0.1896,0.11865000000000002,0.1201,0.1793846153846153,3250.0,0.0,0.0
dj_8,dj,8,fake_torino,0.9,oracle_nonworse,fake_fez;fake_marrakesh,2,False,0.1896,0.1215,0.12293333333333334,0.17849827784156136,3300.0,-0.00088633754305395,50.0
dj_8,dj,8,fake_torino,0.9,random,fake_fez;fake_kyiv;fake_marrakesh;fake_sherbrooke,4,False,0.1896,0.162525,0.16416666666666666,0.184509956228473,3262.5,0.005125340843857684,12.5
dj_8,dj,8,fake_torino,0.9,oracle_worst,fake_sherbrooke,1,False,0.1896,0.20645000000000002,0.20806666666666665,0.1878125,3200.0,0.008427884615384684,-50.0
qaoa_10,qaoa,10,fake_fez,0.1,oracle_best,fake_marrakesh,1,False,0.17239000000000002,0.150115,0.14828666666666668,0.1534400355871886,14050.0,0.0,0.0
qaoa_10,qaoa,10,fake_fez,0.1,oracle_nonworse,fake_marrakesh,1,False,0.17239000000000002,0.150115,0.14828666666666668,0.1534400355871886,14050.0,0.0,0.0
qaoa_10,qaoa,10,fake_fez,0.1,random,fake_kyiv;fake_marrakesh;fake_sherbrooke;fake_torino,4,False,0.17239000000000002,0.26730125,0.2659575,0.25952134843535873,16550.0,0.10608131284817013,2500.0
qaoa_10,qaoa,10,fake_fez,0.1,oracle_worst,fake_sherbrooke,1,False,0.17239000000000002,0.34196,0.3389183333333333,0.3281444077134986,18150.0,0.17470437212631001,4100.0
qaoa_10,qaoa,10,fake_fez,0.25,oracle_best,fake_marrakesh,1,False,0.17239000000000002,0.150115,0.14828666666666668,0.1537444444444444,14400.0,0.0,0.0
qaoa_10,qaoa,10,fake_fez,0.25,oracle_nonworse,fake_marrakesh,1,False,0.17239000000000002,0.150115,0.14828666666666668,0.1537444444444444,14400.0,0.0,0.0
qaoa_10,qaoa,10,fake_fez,0.25,random,fake_kyiv;fake_marrakesh;fake_sherbrooke;fake_torino,4,False,0.17239000000000002,0.26730125,0.2659575,0.24426889461717272,16537.5,0.09052445017272831,2137.5
qaoa_10,qaoa,10,fake_fez,0.25,oracle_worst,fake_sherbrooke,1,False,0.17239000000000002,0.34196,0.3389183333333333,0.302985,18000.0,0.1492405555555556,3600.0
qaoa_10,qaoa,10,fake_fez,0.5,oracle_best,fake_marrakesh,1,False,0.17239000000000002,0.150115,0.14828666666666668,0.1643408724832215,14900.0,0.0,0.0
qaoa_10,qaoa,10,fake_fez,0.5,oracle_nonworse,fake_marrakesh,1,False,0.17239000000000002,0.150115,0.14828666666666668,0.1643408724832215,14900.0,0.0,0.0
qaoa_10,qaoa,10,fake_fez,0.5,random,fake_kyiv;fake_marrakesh;fake_sherbrooke;fake_torino,4,False,0.17239000000000002,0.26730125,0.2659575,0.22517083766039944,16412.5,0.06082996517717795,1512.5
qaoa_10,qaoa,10,fake_fez,0.5,oracle_worst,fake_sherbrooke,1,False,0.17239000000000002,0.34196,0.3389183333333333,0.2648992857142857,17500.0,0.10055841323106424,2600.0
qaoa_10,qaoa,10,fake_fez,0.75,oracle_best,fake_marrakesh,1,False,0.17239000000000002,0.150115,0.14828666666666668,0.1663394019933554,15050.0,0.0,0.0
qaoa_10,qaoa,10,fake_fez,0.75,oracle_nonworse,fake_marrakesh,1,False,0.17239000000000002,0.150115,0.14828666666666668,0.1663394019933554,15050.0,0.0,0.0
qaoa_10,qaoa,10,fake_fez,0.75,random,fake_kyiv;fake_marrakesh;fake_sherbrooke;fake_torino,4,False,0.17239000000000002,0.26730125,0.2659575,0.201803355756311,16312.5,0.03546395376295561,1262.5
qaoa_10,qaoa,10,fake_fez,0.75,oracle_worst,fake_sherbrooke,1,False,0.17239000000000002,0.34196,0.3389183333333333,0.2290605665722379,17650.0,0.0627211645788825,2600.0
qaoa_10,qaoa,10,fake_fez,0.9,oracle_best,fake_marrakesh,1,False,0.17239000000000002,0.150115,0.14828666666666668,0.1707902721088435,14700.0,0.0,0.0
qaoa_10,qaoa,10,fake_fez,0.9,oracle_nonworse,fake_marrakesh,1,False,0.17239000000000002,0.150115,0.14828666666666668,0.1707902721088435,14700.0,0.0,0.0
qaoa_10,qaoa,10,fake_fez,0.9,random,fake_kyiv;fake_marrakesh;fake_sherbrooke;fake_torino,4,False,0.17239000000000002,0.26730125,0.2659575,0.1908908189080361,16287.5,0.020100546799192598,1587.5
qaoa_10,qaoa,10,fake_fez,0.9,oracle_worst,fake_sherbrooke,1,False,0.17239000000000002,0.34196,0.3389183333333333,0.2053773913043478,17250.0,0.03458711919550428,2550.0
qaoa_10,qaoa,10,fake_kyiv,0.1,oracle_best,fake_marrakesh,1,False,0.32063,0.150115,0.14828666666666668,0.1693926297577854,14450.0,0.0,0.0
qaoa_10,qaoa,10,fake_kyiv,0.1,oracle_nonworse,fake_fez;fake_marrakesh;fake_torino,3,False,0.32063,0.19300166666666665,0.19137388888888887,0.2063616749514793,15466.666666666666,0.0369690451936939,1016.6666666666661
qaoa_10,qaoa,10,fake_kyiv,0.1,random,fake_fez;fake_marrakesh;fake_sherbrooke;fake_torino,4,False,0.32063,0.23024125,0.22826000000000002,0.24016256056143553,16200.0,0.07076993080365013,1750.0
qaoa_10,qaoa,10,fake_kyiv,0.1,oracle_worst,fake_sherbrooke,1,False,0.32063,0.34196,0.3389183333333333,0.3415652173913043,18400.0,0.1721725876335189,3950.0
qaoa_10,qaoa,10,fake_kyiv,0.25,oracle_best,fake_marrakesh,1,False,0.32063,0.150115,0.14828666666666668,0.1991345514950166,15050.0,0.0,0.0
qaoa_10,qaoa,10,fake_kyiv,0.25,oracle_nonworse,fake_fez;fake_marrakesh;fake_torino,3,False,0.32063,0.19300166666666665,0.19137388888888887,0.2285064555161513,15850.0,0.02937190402113471,800.0
qaoa_10,qaoa,10,fake_kyiv,0.25,random,fake_fez;fake_marrakesh;fake_sherbrooke;fake_torino,4,False,0.32063,0.23024125,0.22826000000000002,0.25653218752752444,16450.0,0.05739763603250783,1400.0
qaoa_10,qaoa,10,fake_kyiv,0.25,oracle_worst,fake_sherbrooke,1,False,0.32063,0.34196,0.3389183333333333,0.3406093835616438,18250.0,0.14147483206662717,3200.0
qaoa_10,qaoa,10,fake_kyiv,0.5,oracle_best,fake_marrakesh,1,False,0.32063,0.150115,0.14828666666666668,0.2489839440993788,16100.0,0.0,0.0
qaoa_10,qaoa,10,fake_kyiv,0.5,oracle_nonworse,fake_fez;fake_marrakesh;fake_torino,3,False,0.32063,0.19300166666666665,0.19137388888888887,0.2647376591130124,16516.666666666668,0.015753715013633596,416.6666666666679
qaoa_10,qaoa,10,fake_kyiv,0.5,random,fake_fez;fake_marrakesh;fake_sherbrooke;fake_torino,4,False,0.32063,0.23024125,0.22826000000000002,0.282020140402175,16837.5,0.033036196302796195,737.5
qaoa_10,qaoa,10,fake_kyiv,0.5,oracle_worst,fake_sherbrooke,1,False,0.32063,0.34196,0.3389183333333333,0.3338675842696629,17800.0,0.0848836401702841,1700.0
qaoa_10,qaoa,10,fake_kyiv,0.75,oracle_best,fake_marrakesh,1,False,0.32063,0.150115,0.14828666666666668,0.2946785825545171,16050.0,0.0,0.0
qaoa_10,qaoa,10,fake_kyiv,0.75,oracle_nonworse,fake_fez;fake_marrakesh;fake_torino,3,False,0.32063,0.19300166666666665,0.19137388888888887,0.2965112353225818,16783.333333333332,0.0018326527680646576,733.3333333333321
qaoa_10,qaoa,10,fake_kyiv,0.75,random,fake_fez;fake_marrakesh;fake_sherbrooke;fake_torino,4,False,0.32063,0.23024125,0.22826000000000002,0.30460759784025093,17037.5,0.009929015285733811,987.5
qaoa_10,qaoa,10,fake_kyiv,0.75,oracle_worst,fake_sherbrooke,1,False,0.32063,0.34196,0.3389183333333333,0.3288966853932584,17800.0,0.03421810283874127,1750.0
qaoa_10,qaoa,10,fake_kyiv,0.9,oracle_best,fake_marrakesh,1,False,0.32063,0.150115,0.14828666666666668,0.315338048048048,16650.0,0.0,0.0
qaoa_10,qaoa,10,fake_kyiv,0.9,oracle_nonworse,fake_fez;fake_marrakesh;fake_torino,3,False,0.32063,0.19300166666666665,0.19137388888888887,0.31447191010494735,17066.666666666668,-0.0008661379431006422,416.6666666666679
qaoa_10,qaoa,10,fake_kyiv,0.9,random,fake_fez;fake_marrakesh;fake_sherbrooke;fake_torino,4,False,0.32063,0.23024125,0.22826000000000002,0.31725710673601387,17250.0,0.00191905868796588,600.0
qaoa_10,qaoa,10,fake_kyiv,0.9,oracle_worst,fake_sherbrooke,1,False,0.32063,0.34196,0.3389183333333333,0.3256126966292135,17800.0,0.010274648581165502,1150.0
qaoa_10,qaoa,10,fake_marrakesh,0.1,oracle_best,fake_fez,1,False,0.150115,0.17239000000000002,0.17195833333333332,0.1704021568627451,15300.0,0.0,0.0
qaoa_10,qaoa,10,fake_marrakesh,0.1,oracle_nonworse,fake_fez,1,True,0.150115,0.17239000000000002,0.17195833333333332,0.1704021568627451,15300.0,0.0,0.0
qaoa_10,qaoa,10,fake_marrakesh,0.1,random,fake_fez;fake_kyiv;fake_sherbrooke;fake_torino,4,False,0.150115,0.27287,0.2718754166666667,0.263520780579532,16800.0,0.09311862371678689,1500.0
qaoa_10,qaoa,10,fake_marrakesh,0.1,oracle_worst,fake_sherbrooke,1,False,0.150115,0.34196,0.3389183333333333,0.3282008287292817,18100.0,0.1577986718665366,2800.0
qaoa_10,qaoa,10,fake_marrakesh,0.25,oracle_best,fake_fez,1,False,0.150115,0.17239000000000002,0.17195833333333332,0.1662502442996742,15350.0,0.0,0.0
qaoa_10,qaoa,10,fake_marrakesh,0.25,oracle_nonworse,fake_fez,1,True,0.150115,0.17239000000000002,0.17195833333333332,0.1662502442996742,15350.0,0.0,0.0
qaoa_10,qaoa,10,fake_marrakesh,0.25,random,fake_fez;fake_kyiv;fake_sherbrooke;fake_torino,4,False,0.150115,0.27287,0.2718754166666667,0.24864563959780508,16687.5,0.08239539529813089,1337.5
qaoa_10,qaoa,10,fake_marrakesh,0.25,oracle_worst,fake_sherbrooke,1,False,0.150115,0.34196,0.3389183333333333,0.3055060563380282,17750.0,0.139255812038354,2400.0
qaoa_10,qaoa,10,fake_marrakesh,0.5,oracle_best,fake_fez,1,False,0.150115,0.17239000000000002,0.17195833333333332,0.1641994117647058,15300.0,0.0,0.0
qaoa_10,qaoa,10,fake_marrakesh,0.5,oracle_nonworse,fake_fez,1,True,0.150115,0.17239000000000002,0.17195833333333332,0.1641994117647058,15300.0,0.0,0.0
qaoa_10,qaoa,10,fake_marrakesh,0.5,random,fake_fez;fake_kyiv;fake_sherbrooke;fake_torino,4,False,0.150115,0.27287,0.2718754166666667,0.2243236045603118,16825.0,0.06012419279560602,1525.0
qaoa_10,qaoa,10,fake_marrakesh,0.5,oracle_worst,fake_sherbrooke,1,False,0.150115,0.34196,0.3389183333333333,0.2628471776504298,17450.0,0.09864776588572402,2150.0
qaoa_10,qaoa,10,fake_marrakesh,0.75,oracle_best,fake_fez,1,False,0.150115,0.17239000000000002,0.17195833333333332,0.1539984668989547,14350.0,0.0,0.0
qaoa_10,qaoa,10,fake_marrakesh,0.75,oracle_nonworse,fake_fez,1,True,0.150115,0.17239000000000002,0.17195833333333332,0.1539984668989547,14350.0,0.0,0.0
qaoa_10,qaoa,10,fake_marrakesh,0.75,random,fake_fez;fake_kyiv;fake_sherbrooke;fake_torino,4,False,0.150115,0.27287,0.2718754166666667,0.19162301314913915,16025.0,0.037624546250184465,1675.0
qaoa_10,qaoa,10,fake_marrakesh,0.75,oracle_worst,fake_sherbrooke,1,False,0.150115,0.34196,0.3389183333333333,0.2175205882352941,17000.0,0.06352212133633942,2650.0
qaoa_10,qaoa,10,fake_marrakesh,0.9,oracle_best,fake_fez,1,False,0.150115,0.17239000000000002,0.17195833333333332,0.1531406802721088,14700.0,0.0,0.0
qaoa_10,qaoa,10,fake_marrakesh,0.9,oracle_nonworse,fake_fez,1,True,0.150115,0.17239000000000002,0.17195833333333332,0.1531406802721088,14700.0,0.0,0.0
qaoa_10,qaoa,10,fake_marrakesh,0.9,random,fake_fez;fake_kyiv;fake_sherbrooke;fake_torino,4,False,0.150115,0.27287,0.2718754166666667,0.17712061823834602,16250.0,0.023979937966237208,1550.0
qaoa_10,qaoa,10,fake_marrakesh,0.9,oracle_worst,fake_sherbrooke,1,False,0.150115,0.34196,0.3389183333333333,0.1895278978978979,16650.0,0.03638721762578909,1950.0
qaoa_10,qaoa,10,fake_sherbrooke,0.1,oracle_best,fake_marrakesh,1,False,0.34196,0.150115,0.14828666666666668,0.1724874137931034,14500.0,0.0,0.0
qaoa_10,qaoa,10,fake_sherbrooke,0.1,oracle_nonworse,fake_fez;fake_kyiv;fake_marrakesh;fake_torino,4,False,0.34196,0.22490875,0.22421750000000001,0.2387165816117673,15975.0,0.06622916781866389,1475.0
qaoa_10,qaoa,10,fake_sherbrooke,0.1,random,fake_fez;fake_kyiv;fake_marrakesh;fake_torino,4,False,0.34196,0.22490875,0.22421750000000001,0.2387165816117673,15975.0,0.06622916781866389,1475.0
qaoa_10,qaoa,10,fake_sherbrooke,0.1,oracle_worst,fake_kyiv,1,False,0.34196,0.32063,0.32274833333333336,0.3262443804034582,17350.0,0.15375696661035482,2850.0
qaoa_10,qaoa,10,fake_sherbrooke,0.25,oracle_best,fake_marrakesh,1,False,0.34196,0.150115,0.14828666666666668,0.2035231125827814,15100.0,0.0,0.0
qaoa_10,qaoa,10,fake_sherbrooke,0.25,oracle_nonworse,fake_fez;fake_kyiv;fake_marrakesh;fake_torino,4,False,0.34196,0.22490875,0.22421750000000001,0.2564572471483908,16500.0,0.052934134565609386,1400.0
qaoa_10,qaoa,10,fake_sherbrooke,0.25,random,fake_fez;fake_kyiv;fake_marrakesh;fake_torino,4,False,0.34196,0.22490875,0.22421750000000001,0.2564572471483908,16500.0,0.052934134565609386,1400.0
qaoa_10,qaoa,10,fake_sherbrooke,0.25,oracle_worst,fake_kyiv,1,False,0.34196,0.32063,0.32274833333333336,0.3295307142857143,18200.0,0.12600760170293288,3100.0
qaoa_10,qaoa,10,fake_sherbrooke,0.5,oracle_best,fake_marrakesh,1,False,0.34196,0.150115,0.14828666666666668,0.2550591896024465,16350.0,0.0,0.0
qaoa_10,qaoa,10,fake_sherbrooke,0.5,oracle_nonworse,fake_fez;fake_kyiv;fake_marrakesh;fake_torino,4,False,0.34196,0.22490875,0.22421750000000001,0.28696674647812825,16887.5,0.03190755687568175,537.5
qaoa_10,qaoa,10,fake_sherbrooke,0.5,random,fake_fez;fake_kyiv;fake_marrakesh;fake_torino,4,False,0.34196,0.22490875,0.22421750000000001,0.28696674647812825,16887.5,0.03190755687568175,537.5
qaoa_10,qaoa,10,fake_sherbrooke,0.5,oracle_worst,fake_kyiv,1,False,0.34196,0.32063,0.32274833333333336,0.333743864265928,18050.0,0.0786846746634815,1700.0
qaoa_10,qaoa,10,fake_sherbrooke,0.75,oracle_best,fake_marrakesh,1,False,0.34196,0.150115,0.14828666666666668,0.3123949848024316,16450.0,0.0,0.0
qaoa_10,qaoa,10,fake_sherbrooke,0.75,oracle_nonworse,fake_fez;fake_kyiv;fake_marrakesh;fake_torino,4,False,0.34196,0.22490875,0.22421750000000001,0.32045903239601387,17425.0,0.008064047593582258,975.0
qaoa_10,qaoa,10,fake_sherbrooke,0.75,random,fake_fez;fake_kyiv;fake_marrakesh;fake_torino,4,False,0.34196,0.22490875,0.22421750000000001,0.32045903239601387,17425.0,0.008064047593582258,975.0
qaoa_10,qaoa,10,fake_sherbrooke,0.75,oracle_worst,fake_kyiv,1,False,0.34196,0.32063,0.32274833333333336,0.3410625956284153,18300.0,0.02866761082598368,1850.0
qaoa_10,qaoa,10,fake_sherbrooke,0.9,oracle_best,fake_marrakesh,1,False,0.34196,0.150115,0.14828666666666668,0.3345135380116959,17100.0,0.0,0.0
qaoa_10,qaoa,10,fake_sherbrooke,0.9,oracle_nonworse,fake_fez;fake_kyiv;fake_marrakesh;fake_torino,4,False,0.34196,0.22490875,0.22421750000000001,0.3371191571247969,17500.0,0.0026056191131009765,400.0
qaoa_10,qaoa,10,fake_sherbrooke,0.9,random,fake_fez;fake_kyiv;fake_marrakesh;fake_torino,4,False,0.34196,0.22490875,0.22421750000000001,0.3371191571247969,17500.0,0.0026056191131009765,400.0
qaoa_10,qaoa,10,fake_sherbrooke,0.9,oracle_worst,fake_kyiv,1,False,0.34196,0.32063,0.32274833333333336,0.3403568279569892,18600.0,0.005843289945293262,1500.0
qaoa_10,qaoa,10,fake_torino,0.1,oracle_best,fake_marrakesh,1,False,0.2565,0.150115,0.14828666666666668,0.1634427464788732,14200.0,0.0,0.0
qaoa_10,qaoa,10,fake_torino,0.1,oracle_nonworse,fake_fez;fake_marrakesh,2,False,0.2565,0.16125250000000002,0.1601225,0.1725431008141874,14625.0,0.009100354335314198,425.0
qaoa_10,qaoa,10,fake_torino,0.1,random,fake_fez;fake_kyiv;fake_marrakesh;fake_sherbrooke,4,False,0.2565,0.24627375,0.24547791666666666,0.24968500144915748,16187.5,0.08624225497028429,1987.5
qaoa_10,qaoa,10,fake_torino,0.1,oracle_worst,fake_sherbrooke,1,False,0.2565,0.34196,0.3389183333333333,0.3360541530054645,18300.0,0.1726114065265913,4100.0
qaoa_10,qaoa,10,fake_torino,0.25,oracle_best,fake_marrakesh,1,False,0.2565,0.150115,0.14828666666666668,0.1820943243243243,14800.0,0.0,0.0
qaoa_10,qaoa,10,fake_torino,0.25,oracle_nonworse,fake_fez;fake_marrakesh,2,False,0.2565,0.16125250000000002,0.1601225,0.18820562990409762,15150.0,0.006111305579773324,350.0
qaoa_10,qaoa,10,fake_torino,0.25,random,fake_fez;fake_kyiv;fake_marrakesh;fake_sherbrooke,4,False,0.2565,0.24627375,0.24547791666666666,0.25260667703208717,16562.5,0.07051235270776288,1762.5
qaoa_10,qaoa,10,fake_torino,0.25,oracle_worst,fake_sherbrooke,1,False,0.2565,0.34196,0.3389183333333333,0.3242698337950138,18050.0,0.1421755094706895,3250.0
qaoa_10,qaoa,10,fake_torino,0.5,oracle_best,fake_marrakesh,1,False,0.2565,0.150115,0.14828666666666668,0.2077998412698412,15750.0,0.0,0.0
qaoa_10,qaoa,10,fake_torino,0.5,oracle_nonworse,fake_fez;fake_marrakesh,2,False,0.2565,0.16125250000000002,0.1601225,0.21103686331007981,15725.0,0.003237022040238624,-25.0
qaoa_10,qaoa,10,fake_torino,0.5,random,fake_fez;fake_kyiv;fake_marrakesh;fake_sherbrooke,4,False,0.2565,0.24627375,0.24547791666666666,0.2522257331179448,16612.5,0.04442589184810358,862.5
qaoa_10,qaoa,10,fake_torino,0.5,oracle_worst,fake_sherbrooke,1,False,0.2565,0.34196,0.3389183333333333,0.2961001149425287,17400.0,0.0883002736726875,1650.0
qaoa_10,qaoa,10,fake_torino,0.75,oracle_best,fake_marrakesh,1,False,0.2565,0.150115,0.14828666666666668,0.2374152912621359,15450.0,0.0,0.0
qaoa_10,qaoa,10,fake_torino,0.75,oracle_nonworse,fake_fez;fake_marrakesh,2,False,0.2565,0.16125250000000002,0.1601225,0.23560014563106796,15850.0,-0.0018151456310679381,400.0
qaoa_10,qaoa,10,fake_torino,0.75,random,fake_fez;fake_kyiv;fake_marrakesh;fake_sherbrooke,4,False,0.2565,0.24627375,0.24547791666666666,0.25640214486334356,16825.0,0.018986853601207665,1375.0
qaoa_10,qaoa,10,fake_torino,0.75,oracle_worst,fake_sherbrooke,1,False,0.2565,0.34196,0.3389183333333333,0.2802795844875346,18050.0,0.0428642932253987,2600.0
qaoa_10,qaoa,10,fake_torino,0.9,oracle_best,fake_marrakesh,1,False,0.2565,0.150115,0.14828666666666668,0.2518341379310345,15950.0,0.0,0.0
qaoa_10,qaoa,10,fake_torino,0.9,oracle_nonworse,fake_fez;fake_marrakesh,2,False,0.2565,0.16125250000000002,0.1601225,0.2522195371183835,15825.0,0.00038539918734903367,-125.0
qaoa_10,qaoa,10,fake_torino,0.9,random,fake_fez;fake_kyiv;fake_marrakesh;fake_sherbrooke,4,False,0.2565,0.24627375,0.24547791666666666,0.2585626519536465,16562.5,0.006728514022612042,612.5
qaoa_10,qaoa,10,fake_torino,0.9,oracle_worst,fake_sherbrooke,1,False,0.2565,0.34196,0.3389183333333333,0.2656775364431487,17150.0,0.013843398512114191,1200.0
qaoa_12,qaoa,12,fake_fez,0.1,oracle_best,fake_marrakesh,1,False,0.19870000000000002,0.18161,0.175675,0.1832017173252279,16450.0,0.0,0.0
qaoa_12,qaoa,12,fake_fez,0.1,oracle_nonworse,fake_marrakesh,1,False,0.19870000000000002,0.18161,0.175675,0.1832017173252279,16450.0,0.0,0.0
qaoa_12,qaoa,12,fake_fez,0.1,random,fake_kyiv;fake_marrakesh;fake_sherbrooke;fake_torino,4,False,0.19870000000000002,0.29192375,0.28987083333333336,0.2831819542004169,18887.5,0.09998023687518903,2437.5
qaoa_12,qaoa,12,fake_fez,0.1,oracle_worst,fake_kyiv,1,False,0.19870000000000002,0.35675,0.35798833333333335,0.34185,20000.0,0.1586482826747721,3550.0
qaoa_12,qaoa,12,fake_fez,0.25,oracle_best,fake_marrakesh,1,False,0.19870000000000002,0.18161,0.175675,0.1846937841945288,16450.0,0.0,0.0
qaoa_12,qaoa,12,fake_fez,0.25,oracle_nonworse,fake_marrakesh,1,False,0.19870000000000002,0.18161,0.175675,0.1846937841945288,16450.0,0.0,0.0
qaoa_12,qaoa,12,fake_fez,0.25,random,fake_kyiv;fake_marrakesh;fake_sherbrooke;fake_torino,4,False,0.19870000000000002,0.29192375,0.28987083333333336,0.2696538310697293,18925.0,0.08496004687520048,2475.0
qaoa_12,qaoa,12,fake_fez,0.25,oracle_worst,fake_kyiv,1,False,0.19870000000000002,0.35675,0.35798833333333335,0.320265,20000.0,0.1355712158054712,3550.0
qaoa_12,qaoa,12,fake_fez,0.5,oracle_best,fake_marrakesh,1,False,0.19870000000000002,0.18161,0.175675,0.1907426548672566,16950.0,0.0,0.0
qaoa_12,qaoa,12,fake_fez,0.5,oracle_nonworse,fake_marrakesh,1,False,0.19870000000000002,0.18161,0.175675,0.1907426548672566,16950.0,0.0,0.0
qaoa_12,qaoa,12,fake_fez,0.5,random,fake_kyiv;fake_marrakesh;fake_sherbrooke;fake_torino,4,False,0.19870000000000002,0.29192375,0.28987083333333336,0.24828195174422665,18900.0,0.05753929687697004,1950.0
qaoa_12,qaoa,12,fake_fez,0.5,oracle_worst,fake_kyiv,1,False,0.19870000000000002,0.35675,0.35798833333333335,0.2845405764411027,19950.0,0.09379792157384609,3000.0
qaoa_12,qaoa,12,fake_fez,0.75,oracle_best,fake_marrakesh,1,False,0.19870000000000002,0.18161,0.175675,0.1908818604651163,17200.0,0.0,0.0
qaoa_12,qaoa,12,fake_fez,0.75,oracle_nonworse,fake_marrakesh,1,False,0.19870000000000002,0.18161,0.175675,0.1908818604651163,17200.0,0.0,0.0
qaoa_12,qaoa,12,fake_fez,0.75,random,fake_kyiv;fake_marrakesh;fake_sherbrooke;fake_torino,4,False,0.19870000000000002,0.29192375,0.28987083333333336,0.22489814176537434,18850.0,0.03401628130025805,1650.0
qaoa_12,qaoa,12,fake_fez,0.75,oracle_worst,fake_kyiv,1,False,0.19870000000000002,0.35675,0.35798833333333335,0.2474553904282115,19850.0,0.0565735299630952,2650.0
qaoa_12,qaoa,12,fake_fez,0.9,oracle_best,fake_marrakesh,1,False,0.19870000000000002,0.18161,0.175675,0.1953486389684813,17450.0,0.0,0.0
qaoa_12,qaoa,12,fake_fez,0.9,oracle_nonworse,fake_marrakesh,1,False,0.19870000000000002,0.18161,0.175675,0.1953486389684813,17450.0,0.0,0.0
qaoa_12,qaoa,12,fake_fez,0.9,random,fake_kyiv;fake_marrakesh;fake_sherbrooke;fake_torino,4,False,0.19870000000000002,0.29192375,0.28987083333333336,0.21507596519632832,18975.0,0.019727326227847036,1525.0
qaoa_12,qaoa,12,fake_fez,0.9,oracle_worst,fake_kyiv,1,False,0.19870000000000002,0.35675,0.35798833333333335,0.2297295363408521,19950.0,0.03438089737237082,2500.0
qaoa_12,qaoa,12,fake_kyiv,0.1,oracle_best,fake_marrakesh,1,False,0.35675,0.18161,0.175675,0.1984532835820895,16750.0,0.0,0.0
qaoa_12,qaoa,12,fake_kyiv,0.1,oracle_nonworse,fake_fez;fake_marrakesh;fake_sherbrooke;fake_torino,4,False,0.35675,0.25241125000000003,0.24907291666666664,0.26201119946268203,18350.0,0.06355791588059254,1600.0
qaoa_12,qaoa,12,fake_kyiv,0.1,random,fake_fez;fake_marrakesh;fake_sherbrooke;fake_torino,4,False,0.35675,0.25241125000000003,0.24907291666666664,0.26201119946268203,18350.0,0.06355791588059254,1600.0
qaoa_12,qaoa,12,fake_kyiv,0.1,oracle_worst,fake_torino,1,False,0.35675,0.312985,0.3130833333333333,0.3152918041237113,19400.0,0.11683852054162178,2650.0
qaoa_12,qaoa,12,fake_kyiv,0.25,oracle_best,fake_marrakesh,1,False,0.35675,0.18161,0.175675,0.2269139650145772,17150.0,0.0,0.0
qaoa_12,qaoa,12,fake_kyiv,0.25,oracle_nonworse,fake_fez;fake_marrakesh;fake_sherbrooke;fake_torino,4,False,0.35675,0.25241125000000003,0.24907291666666664,0.2778775511422237,18775.0,0.05096358612764648,1625.0
qaoa_12,qaoa,12,fake_kyiv,0.25,random,fake_fez;fake_marrakesh;fake_sherbrooke;fake_torino,4,False,0.35675,0.25241125000000003,0.24907291666666664,0.2778775511422237,18775.0,0.05096358612764648,1625.0
qaoa_12,qaoa,12,fake_kyiv,0.25,oracle_worst,fake_torino,1,False,0.35675,0.312985,0.3130833333333333,0.32212,20000.0,0.09520603498542282,2850.0
qaoa_12,qaoa,12,fake_kyiv,0.5,oracle_best,fake_marrakesh,1,False,0.35675,0.18161,0.175675,0.2702679836512262,18350.0,0.0,0.0
qaoa_12,qaoa,12,fake_kyiv,0.5,oracle_nonworse,fake_fez;fake_marrakesh;fake_sherbrooke;fake_torino,4,False,0.35675,0.25241125000000003,0.24907291666666664,0.3025733461801862,19262.5,0.03230536252896005,912.5
qaoa_12,qaoa,12,fake_kyiv,0.5,random,fake_fez;fake_marrakesh;fake_sherbrooke;fake_torino,4,False,0.35675,0.25241125000000003,0.24907291666666664,0.3025733461801862,19262.5,0.03230536252896005,912.5
qaoa_12,qaoa,12,fake_kyiv,0.5,oracle_worst,fake_torino,1,False,0.35675,0.312985,0.3130833333333333,0.33042,20000.0,0.06015201634877382,1650.0
qaoa_12,qaoa,12,fake_kyiv,0.75,oracle_best,fake_marrakesh,1,False,0.35675,0.18161,0.175675,0.3148829274611399,19300.0,0.0,0.0
qaoa_12,qaoa,12,fake_kyiv,0.75,oracle_nonworse,fake_fez;fake_marrakesh;fake_sherbrooke;fake_torino,4,False,0.35675,0.25241125000000003,0.24907291666666664,0.3297561655387543,19725.0,0.014873238077614426,425.0
qaoa_12,qaoa,12,fake_kyiv,0.75,random,fake_fez;fake_marrakesh;fake_sherbrooke;fake_torino,4,False,0.35675,0.25241125000000003,0.24907291666666664,0.3297561655387543,19725.0,0.014873238077614426,425.0
qaoa_12,qaoa,12,fake_kyiv,0.75,oracle_worst,fake_torino,1,False,0.35675,0.312985,0.3130833333333333,0.34348,20000.0,0.028597072538860124,700.0
qaoa_12,qaoa,12,fake_kyiv,0.9,oracle_best,fake_marrakesh,1,False,0.35675,0.18161,0.175675,0.336905,20000.0,0.0,0.0
qaoa_12,qaoa,12,fake_kyiv,0.9,oracle_nonworse,fake_fez;fake_marrakesh;fake_sherbrooke;fake_torino,4,False,0.35675,0.25241125000000003,0.24907291666666664,0.34568146946564887,19912.5,0.008776469465648862,-87.5
qaoa_12,qaoa,12,fake_kyiv,0.9,random,fake_fez;fake_marrakesh;fake_sherbrooke;fake_torino,4,False,0.35675,0.25241125000000003,0.24907291666666664,0.34568146946564887,19912.5,0.008776469465648862,-87.5
qaoa_12,qaoa,12,fake_kyiv,0.9,oracle_worst,fake_torino,1,False,0.35675,0.312985,0.3130833333333333,0.351415,20000.0,0.014509999999999967,0.0
qaoa_12,qaoa,12,fake_marrakesh,0.1,oracle_best,fake_fez,1,False,0.18161,0.19870000000000002,0.19479666666666667,0.1968238872403561,16850.0,0.0,0.0
qaoa_12,qaoa,12,fake_marrakesh,0.1,oracle_nonworse,fake_fez,1,True,0.18161,0.19870000000000002,0.19479666666666667,0.1968238872403561,16850.0,0.0,0.0
qaoa_12,qaoa,12,fake_marrakesh,0.1,random,fake_fez;fake_kyiv;fake_sherbrooke;fake_torino,4,False,0.18161,0.29619625,0.29465125000000003,0.28602453237607683,18937.5,0.08920064513572074,2087.5
qaoa_12,qaoa,12,fake_marrakesh,0.1,oracle_worst,fake_kyiv,1,False,0.18161,0.35675,0.35798833333333335,0.341105,20000.0,0.1442811127596439,3150.0
qaoa_12,qaoa,12,fake_marrakesh,0.25,oracle_best,fake_fez,1,False,0.18161,0.19870000000000002,0.19479666666666667,0.1906733284457478,17050.0,0.0,0.0
qaoa_12,qaoa,12,fake_marrakesh,0.25,oracle_nonworse,fake_fez,1,True,0.18161,0.19870000000000002,0.19479666666666667,0.1906733284457478,17050.0,0.0,0.0
qaoa_12,qaoa,12,fake_marrakesh,0.25,random,fake_fez;fake_kyiv;fake_sherbrooke;fake_torino,4,False,0.18161,0.29619625,0.29465125000000003,0.2695644937275985,19212.5,0.0788911652818507,2162.5
qaoa_12,qaoa,12,fake_marrakesh,0.25,oracle_worst,fake_kyiv,1,False,0.18161,0.35675,0.35798833333333335,0.318015,20000.0,0.1273416715542522,2950.0
qaoa_12,qaoa,12,fake_marrakesh,0.5,oracle_best,fake_fez,1,False,0.18161,0.19870000000000002,0.19479666666666667,0.1903132352941176,17000.0,0.0,0.0
qaoa_12,qaoa,12,fake_marrakesh,0.5,oracle_nonworse,fake_fez,1,True,0.18161,0.19870000000000002,0.19479666666666667,0.1903132352941176,17000.0,0.0,0.0
qaoa_12,qaoa,12,fake_marrakesh,0.5,random,fake_fez;fake_kyiv;fake_sherbrooke;fake_torino,4,False,0.18161,0.29619625,0.29465125000000003,0.24261249072320965,18800.0,0.052299255429092056,1800.0
qaoa_12,qaoa,12,fake_marrakesh,0.5,oracle_worst,fake_kyiv,1,False,0.18161,0.35675,0.35798833333333335,0.2766165306122449,19600.0,0.0863032953181273,2600.0
qaoa_12,qaoa,12,fake_marrakesh,0.75,oracle_best,fake_fez,1,False,0.18161,0.19870000000000002,0.19479666666666667,0.1845162130177514,16900.0,0.0,0.0
qaoa_12,qaoa,12,fake_marrakesh,0.75,oracle_nonworse,fake_fez,1,True,0.18161,0.19870000000000002,0.19479666666666667,0.1845162130177514,16900.0,0.0,0.0
qaoa_12,qaoa,12,fake_marrakesh,0.75,random,fake_fez;fake_kyiv;fake_sherbrooke;fake_torino,4,False,0.18161,0.29619625,0.29465125000000003,0.21583269141389394,18500.0,0.031316478396142544,1600.0
qaoa_12,qaoa,12,fake_marrakesh,0.75,oracle_worst,fake_kyiv,1,False,0.18161,0.35675,0.35798833333333335,0.2354142857142857,19250.0,0.05089807269653429,2350.0
qaoa_12,qaoa,12,fake_marrakesh,0.9,oracle_best,fake_fez,1,False,0.18161,0.19870000000000002,0.19479666666666667,0.1824195238095238,16800.0,0.0,0.0
qaoa_12,qaoa,12,fake_marrakesh,0.9,oracle_nonworse,fake_fez,1,True,0.18161,0.19870000000000002,0.19479666666666667,0.1824195238095238,16800.0,0.0,0.0
qaoa_12,qaoa,12,fake_marrakesh,0.9,random,fake_fez;fake_kyiv;fake_sherbrooke;fake_torino,4,False,0.18161,0.29619625,0.29465125000000003,0.20202298149446563,18525.0,0.019603457684941816,1725.0
qaoa_12,qaoa,12,fake_marrakesh,0.9,oracle_worst,fake_kyiv,1,False,0.18161,0.35675,0.35798833333333335,0.2176818592964824,19900.0,0.03526233548695859,3100.0
qaoa_12,qaoa,12,fake_sherbrooke,0.1,oracle_best,fake_marrakesh,1,False,0.31635,0.18161,0.175675,0.1962783333333333,16650.0,0.0,0.0
qaoa_12,qaoa,12,fake_sherbrooke,0.1,oracle_nonworse,fake_fez;fake_marrakesh;fake_torino,3,False,0.31635,0.23109833333333332,0.22785166666666665,0.2398140393275494,17700.0,0.043535705994216106,1050.0
qaoa_12,qaoa,12,fake_sherbrooke,0.1,random,fake_fez;fake_kyiv;fake_marrakesh;fake_torino,4,False,0.31635,0.26251125000000003,0.26038583333333337,0.26800177949566206,18275.0,0.07172344616232876,1625.0
qaoa_12,qaoa,12,fake_sherbrooke,0.1,oracle_worst,fake_kyiv,1,False,0.31635,0.35675,0.35798833333333335,0.352565,20000.0,0.1562866666666667,3350.0
qaoa_12,qaoa,12,fake_sherbrooke,0.25,oracle_best,fake_marrakesh,1,False,0.31635,0.18161,0.175675,0.2150167159763313,16900.0,0.0,0.0
qaoa_12,qaoa,12,fake_sherbrooke,0.25,oracle_nonworse,fake_fez;fake_marrakesh;fake_torino,3,False,0.31635,0.23109833333333332,0.22785166666666665,0.25056560661255983,18183.333333333332,0.03554889063622854,1283.3333333333321
qaoa_12,qaoa,12,fake_sherbrooke,0.25,random,fake_fez;fake_kyiv;fake_marrakesh;fake_torino,4,False,0.31635,0.26251125000000003,0.26038583333333337,0.2743892049594199,18637.5,0.059372488983088584,1737.5
qaoa_12,qaoa,12,fake_sherbrooke,0.25,oracle_worst,fake_kyiv,1,False,0.31635,0.35675,0.35798833333333335,0.34586,20000.0,0.1308432840236687,3100.0
qaoa_12,qaoa,12,fake_sherbrooke,0.5,oracle_best,fake_marrakesh,1,False,0.31635,0.18161,0.175675,0.2469320111731843,17900.0,0.0,0.0
qaoa_12,qaoa,12,fake_sherbrooke,0.5,oracle_nonworse,fake_fez;fake_marrakesh;fake_torino,3,False,0.31635,0.23109833333333332,0.22785166666666665,0.270876153086872,18733.333333333332,0.02394414191368771,833.3333333333321
qaoa_12,qaoa,12,fake_sherbrooke,0.5,random,fake_fez;fake_kyiv;fake_marrakesh;fake_torino,4,False,0.31635,0.26251125000000003,0.26038583333333337,0.28592461481515397,19050.0,0.03899260364196966,1150.0
qaoa_12,qaoa,12,fake_sherbrooke,0.5,oracle_worst,fake_kyiv,1,False,0.31635,0.35675,0.35798833333333335,0.33107,20000.0,0.08413798882681567,2100.0
qaoa_12,qaoa,12,fake_sherbrooke,0.75,oracle_best,fake_marrakesh,1,False,0.31635,0.18161,0.175675,0.2826268085106383,18800.0,0.0,0.0
qaoa_12,qaoa,12,fake_sherbrooke,0.75,oracle_nonworse,fake_fez;fake_marrakesh;fake_torino,3,False,0.31635,0.23109833333333332,0.22785166666666665,0.2941488303501069,19233.333333333332,0.0115220218394686,433.3333333333321
qaoa_12,qaoa,12,fake_sherbrooke,0.75,random,fake_fez;fake_kyiv;fake_marrakesh;fake_torino,4,False,0.31635,0.26251125000000003,0.26038583333333337,0.3018153727625802,19425.0,0.019188564251941875,625.0
qaoa_12,qaoa,12,fake_sherbrooke,0.75,oracle_worst,fake_kyiv,1,False,0.31635,0.35675,0.35798833333333335,0.324815,20000.0,0.042188191489361704,1200.0
qaoa_12,qaoa,12,fake_sherbrooke,0.9,oracle_best,fake_marrakesh,1,False,0.31635,0.18161,0.175675,0.3003118015665796,19150.0,0.0,0.0
qaoa_12,qaoa,12,fake_sherbrooke,0.9,oracle_nonworse,fake_fez;fake_marrakesh;fake_torino,3,False,0.31635,0.23109833333333332,0.22785166666666665,0.30592762977907884,19366.666666666668,0.00561582821249923,216.66666666666788
qaoa_12,qaoa,12,fake_sherbrooke,0.9,random,fake_fez;fake_kyiv;fake_marrakesh;fake_torino,4,False,0.31635,0.26251125000000003,0.26038583333333337,0.30942322233430913,19525.0,0.009111420767729528,375.0
qaoa_12,qaoa,12,fake_sherbrooke,0.9,oracle_worst,fake_kyiv,1,False,0.31635,0.35675,0.35798833333333335,0.31991,20000.0,0.019598198433420422,850.0
qaoa_12,qaoa,12,fake_torino,0.1,oracle_best,fake_marrakesh,1,False,0.312985,0.18161,0.175675,0.1955235820895522,16750.0,0.0,0.0
qaoa_12,qaoa,12,fake_torino,0.1,oracle_nonworse,fake_fez;fake_marrakesh,2,False,0.312985,0.19015500000000002,0.18523583333333332,0.20340314797692943,16850.0,0.007879565887377232,100.0
qaoa_12,qaoa,12,fake_torino,0.1,random,fake_fez;fake_kyiv;fake_marrakesh;fake_sherbrooke,4,False,0.312985,0.2633525,0.2602991666666667,0.2690390739884647,18425.0,0.07351549189891252,1675.0
qaoa_12,qaoa,12,fake_torino,0.1,oracle_worst,fake_kyiv,1,False,0.312985,0.35675,0.35798833333333335,0.351415,20000.0,0.15589141791044778,3250.0
qaoa_12,qaoa,12,fake_torino,0.25,oracle_best,fake_marrakesh,1,False,0.312985,0.18161,0.175675,0.214572915451895,17150.0,0.0,0.0
qaoa_12,qaoa,12,fake_torino,0.25,oracle_nonworse,fake_fez;fake_marrakesh,2,False,0.312985,0.19015500000000002,0.18523583333333332,0.22019240310409877,17500.0,0.0056194876522037696,350.0
qaoa_12,qaoa,12,fake_torino,0.25,random,fake_fez;fake_kyiv;fake_marrakesh;fake_sherbrooke,4,False,0.312985,0.2633525,0.2602991666666667,0.27489370155204934,18750.0,0.060320786100154344,1600.0
qaoa_12,qaoa,12,fake_torino,0.25,oracle_worst,fake_kyiv,1,False,0.312985,0.35675,0.35798833333333335,0.34348,20000.0,0.128907084548105,2850.0
qaoa_12,qaoa,12,fake_torino,0.5,oracle_best,fake_marrakesh,1,False,0.312985,0.18161,0.175675,0.2478364285714285,18200.0,0.0,0.0
qaoa_12,qaoa,12,fake_torino,0.5,oracle_nonworse,fake_fez;fake_marrakesh,2,False,0.312985,0.19015500000000002,0.18523583333333332,0.2537262698412698,18100.0,0.005889841269841267,-100.0
qaoa_12,qaoa,12,fake_torino,0.5,random,fake_fez;fake_kyiv;fake_marrakesh;fake_sherbrooke,4,False,0.312985,0.2633525,0.2602991666666667,0.28740258466618196,18962.5,0.039566156094753446,762.5
qaoa_12,qaoa,12,fake_torino,0.5,oracle_worst,fake_kyiv,1,False,0.312985,0.35675,0.35798833333333335,0.33042,20000.0,0.08258357142857148,1800.0
qaoa_12,qaoa,12,fake_torino,0.75,oracle_best,fake_marrakesh,1,False,0.312985,0.18161,0.175675,0.2818792146596858,19100.0,0.0,0.0
qaoa_12,qaoa,12,fake_torino,0.75,oracle_nonworse,fake_fez;fake_marrakesh,2,False,0.312985,0.19015500000000002,0.18523583333333332,0.2871985477730562,18575.0,0.005319333113370406,-525.0
qaoa_12,qaoa,12,fake_torino,0.75,random,fake_fez;fake_kyiv;fake_marrakesh;fake_sherbrooke,4,False,0.312985,0.2633525,0.2602991666666667,0.3023799149121691,19162.5,0.020500700252483295,62.5
qaoa_12,qaoa,12,fake_torino,0.75,oracle_worst,fake_kyiv,1,False,0.312985,0.35675,0.35798833333333335,0.32212,20000.0,0.04024078534031422,900.0
qaoa_12,qaoa,12,fake_torino,0.9,oracle_best,fake_marrakesh,1,False,0.312985,0.18161,0.175675,0.3064163129973475,18850.0,0.0,0.0
qaoa_12,qaoa,12,fake_torino,0.9,oracle_nonworse,fake_fez;fake_marrakesh,2,False,0.312985,0.19015500000000002,0.18523583333333332,0.3063085512355158,18925.0,-0.00010776176183169284,75.0
qaoa_12,qaoa,12,fake_torino,0.9,random,fake_fez;fake_kyiv;fake_marrakesh;fake_sherbrooke,4,False,0.312985,0.2633525,0.2602991666666667,0.30956740538875027,19375.0,0.0031510923914027655,525.0
qaoa_12,qaoa,12,fake_torino,0.9,oracle_worst,fake_kyiv,1,False,0.312985,0.35675,0.35798833333333335,0.313895,20000.0,0.007478687002652473,1150.0
qaoa_14,qaoa,14,fake_fez,0.1,oracle_best,fake_marrakesh,1,False,0.309365,0.274515,0.27315666666666666,0.2746948148148148,16200.0,0.0,0.0
qaoa_14,qaoa,14,fake_fez,0.1,oracle_nonworse,fake_marrakesh,1,False,0.309365,0.274515,0.27315666666666666,0.2746948148148148,16200.0,0.0,0.0
qaoa_14,qaoa,14,fake_fez,0.1,random,fake_kyiv;fake_marrakesh;fake_sherbrooke;fake_torino,4,False,0.309365,0.45572875,0.45425625,0.4405374537037037,19050.0,0.1658426388888889,2850.0
qaoa_14,qaoa,14,fake_fez,0.1,oracle_worst,fake_sherbrooke,1,False,0.309365,0.57711,0.5769566666666667,0.550105,20000.0,0.2754101851851852,3800.0
qaoa_14,qaoa,14,fake_fez,0.25,oracle_best,fake_marrakesh,1,False,0.309365,0.274515,0.27315666666666666,0.27872,17000.0,0.0,0.0
qaoa_14,qaoa,14,fake_fez,0.25,oracle_nonworse,fake_marrakesh,1,False,0.309365,0.274515,0.27315666666666666,0.27872,17000.0,0.0,0.0
qaoa_14,qaoa,14,fake_fez,0.25,random,fake_kyiv;fake_marrakesh;fake_sherbrooke;fake_torino,4,False,0.309365,0.45572875,0.45425625,0.419895,19250.0,0.141175,2250.0
qaoa_14,qaoa,14,fake_fez,0.25,oracle_worst,fake_sherbrooke,1,False,0.309365,0.57711,0.5769566666666667,0.512115,20000.0,0.23339499999999996,3000.0
qaoa_14,qaoa,14,fake_fez,0.5,oracle_best,fake_marrakesh,1,False,0.309365,0.274515,0.27315666666666666,0.2913687654320988,16200.0,0.0,0.0
qaoa_14,qaoa,14,fake_fez,0.5,oracle_nonworse,fake_marrakesh,1,False,0.309365,0.274515,0.27315666666666666,0.2913687654320988,16200.0,0.0,0.0
qaoa_14,qaoa,14,fake_fez,0.5,random,fake_kyiv;fake_marrakesh;fake_sherbrooke;fake_torino,4,False,0.309365,0.45572875,0.45425625,0.3904721438896702,18987.5,0.09910337845757144,2787.5
qaoa_14,qaoa,14,fake_fez,0.5,oracle_worst,fake_sherbrooke,1,False,0.309365,0.57711,0.5769566666666667,0.456175,20000.0,0.16480623456790122,3800.0
qaoa_14,qaoa,14,fake_fez,0.75,oracle_best,fake_marrakesh,1,False,0.309365,0.274515,0.27315666666666666,0.2992087931034483,17400.0,0.0,0.0
qaoa_14,qaoa,14,fake_fez,0.75,oracle_nonworse,fake_marrakesh,1,False,0.309365,0.274515,0.27315666666666666,0.2992087931034483,17400.0,0.0,0.0
qaoa_14,qaoa,14,fake_fez,0.75,random,fake_kyiv;fake_marrakesh;fake_sherbrooke;fake_torino,4,False,0.309365,0.45572875,0.45425625,0.3583596098920237,19300.0,0.05915081678857542,1900.0
qaoa_14,qaoa,14,fake_fez,0.75,oracle_worst,fake_sherbrooke,1,False,0.309365,0.57711,0.5769566666666667,0.398105,20000.0,0.09889620689655171,2600.0
qaoa_14,qaoa,14,fake_fez,0.9,oracle_best,fake_marrakesh,1,False,0.309365,0.274515,0.27315666666666666,0.3048931843575419,17900.0,0.0,0.0
qaoa_14,qaoa,14,fake_fez,0.9,oracle_nonworse,fake_marrakesh,1,False,0.309365,0.274515,0.27315666666666666,0.3048931843575419,17900.0,0.0,0.0
qaoa_14,qaoa,14,fake_fez,0.9,random,fake_kyiv;fake_marrakesh;fake_sherbrooke;fake_torino,4,False,0.309365,0.45572875,0.45425625,0.3407702502237524,19312.5,0.03587706586621048,1412.5
qaoa_14,qaoa,14,fake_fez,0.9,oracle_worst,fake_sherbrooke,1,False,0.309365,0.57711,0.5769566666666667,0.364595,20000.0,0.05970181564245808,2100.0
qaoa_14,qaoa,14,fake_kyiv,0.1,oracle_best,fake_marrakesh,1,False,0.53342,0.274515,0.27315666666666666,0.3021993274853801,17100.0,0.0,0.0
qaoa_14,qaoa,14,fake_kyiv,0.1,oracle_nonworse,fake_fez;fake_marrakesh;fake_torino,3,False,0.53342,0.3405833333333333,0.34067722222222224,0.36071128267777514,18450.0,0.05851195519239505,1350.0
qaoa_14,qaoa,14,fake_kyiv,0.1,random,fake_fez;fake_marrakesh;fake_sherbrooke;fake_torino,4,False,0.53342,0.399715,0.3997470833333333,0.41307846200833137,18837.5,0.11087913452295128,1737.5
qaoa_14,qaoa,14,fake_kyiv,0.1,oracle_worst,fake_sherbrooke,1,False,0.53342,0.57711,0.5769566666666667,0.57018,20000.0,0.26798067251461993,2900.0
qaoa_14,qaoa,14,fake_kyiv,0.25,oracle_best,fake_marrakesh,1,False,0.53342,0.274515,0.27315666666666666,0.3454544632768361,17700.0,0.0,0.0
qaoa_14,qaoa,14,fake_kyiv,0.25,oracle_nonworse,fake_fez;fake_marrakesh;fake_torino,3,False,0.53342,0.3405833333333333,0.34067722222222224,0.3917690964545975,18700.0,0.04631463317776141,1000.0
qaoa_14,qaoa,14,fake_kyiv,0.25,random,fake_fez;fake_marrakesh;fake_sherbrooke;fake_torino,4,False,0.53342,0.399715,0.3997470833333333,0.4342130723409482,19025.0,0.08875860906411209,1325.0
qaoa_14,qaoa,14,fake_kyiv,0.25,oracle_worst,fake_sherbrooke,1,False,0.53342,0.57711,0.5769566666666667,0.561545,20000.0,0.21609053672316386,2300.0
qaoa_14,qaoa,14,fake_kyiv,0.5,oracle_best,fake_marrakesh,1,False,0.53342,0.274515,0.27315666666666666,0.4070117847769028,19050.0,0.0,0.0
qaoa_14,qaoa,14,fake_kyiv,0.5,oracle_nonworse,fake_fez;fake_marrakesh;fake_torino,3,False,0.53342,0.3405833333333333,0.34067722222222224,0.43688803767372586,19566.666666666668,0.029876252896823052,516.6666666666679
qaoa_14,qaoa,14,fake_kyiv,0.5,random,fake_fez;fake_marrakesh;fake_sherbrooke;fake_torino,4,False,0.53342,0.399715,0.3997470833333333,0.4655522782552944,19675.0,0.058540493478391575,625.0
qaoa_14,qaoa,14,fake_kyiv,0.5,oracle_worst,fake_sherbrooke,1,False,0.53342,0.57711,0.5769566666666667,0.551545,20000.0,0.14453321522309714,950.0
qaoa_14,qaoa,14,fake_kyiv,0.75,oracle_best,fake_marrakesh,1,False,0.53342,0.274515,0.27315666666666666,0.46663,20000.0,0.0,0.0
qaoa_14,qaoa,14,fake_kyiv,0.75,oracle_nonworse,fake_fez;fake_marrakesh;fake_torino,3,False,0.53342,0.3405833333333333,0.34067722222222224,0.48243333333333327,20000.0,0.01580333333333328,0.0
qaoa_14,qaoa,14,fake_kyiv,0.75,random,fake_fez;fake_marrakesh;fake_sherbrooke;fake_torino,4,False,0.53342,0.399715,0.3997470833333333,0.49644,20000.0,0.029810000000000003,0.0
qaoa_14,qaoa,14,fake_kyiv,0.75,oracle_worst,fake_sherbrooke,1,False,0.53342,0.57711,0.5769566666666667,0.53846,20000.0,0.07183000000000006,0.0
qaoa_14,qaoa,14,fake_kyiv,0.9,oracle_best,fake_marrakesh,1,False,0.53342,0.274515,0.27315666666666666,0.50744,20000.0,0.0,0.0
qaoa_14,qaoa,14,fake_kyiv,0.9,oracle_nonworse,fake_fez;fake_marrakesh;fake_torino,3,False,0.53342,0.3405833333333333,0.34067722222222224,0.5123133333333333,20000.0,0.004873333333333285,0.0
qaoa_14,qaoa,14,fake_kyiv,0.9,random,fake_fez;fake_marrakesh;fake_sherbrooke;fake_torino,4,False,0.53342,0.399715,0.3997470833333333,0.5177475,20000.0,0.010307500000000025,0.0
qaoa_14,qaoa,14,fake_kyiv,0.9,oracle_worst,fake_sherbrooke,1,False,0.53342,0.57711,0.5769566666666667,0.53405,20000.0,0.026610000000000023,0.0
qaoa_14,qaoa,14,fake_marrakesh,0.1,oracle_best,fake_fez,1,False,0.274515,0.309365,0.309115,0.3063369747899159,17850.0,0.0,0.0
qaoa_14,qaoa,14,fake_marrakesh,0.1,oracle_nonworse,fake_fez,1,True,0.274515,0.309365,0.309115,0.3063369747899159,17850.0,0.0,0.0
qaoa_14,qaoa,14,fake_marrakesh,0.1,random,fake_fez;fake_kyiv;fake_sherbrooke;fake_torino,4,False,0.274515,0.46444124999999997,0.4632458333333333,0.44821840096564936,19450.0,0.14188142617573346,1600.0
qaoa_14,qaoa,14,fake_marrakesh,0.1,oracle_worst,fake_sherbrooke,1,False,0.274515,0.57711,0.5769566666666667,0.550895,20000.0,0.24455802521008413,2150.0
qaoa_14,qaoa,14,fake_marrakesh,0.25,oracle_best,fake_fez,1,False,0.274515,0.309365,0.309115,0.3004001149425287,17400.0,0.0,0.0
qaoa_14,qaoa,14,fake_marrakesh,0.25,oracle_nonworse,fake_fez,1,True,0.274515,0.309365,0.309115,0.3004001149425287,17400.0,0.0,0.0
qaoa_14,qaoa,14,fake_marrakesh,0.25,random,fake_fez;fake_kyiv;fake_sherbrooke;fake_torino,4,False,0.274515,0.46444124999999997,0.4632458333333333,0.42316377873563216,19350.0,0.12276366379310344,1950.0
qaoa_14,qaoa,14,fake_marrakesh,0.25,oracle_worst,fake_sherbrooke,1,False,0.274515,0.57711,0.5769566666666667,0.5114,20000.0,0.21099988505747125,2600.0
qaoa_14,qaoa,14,fake_marrakesh,0.5,oracle_best,fake_fez,1,False,0.274515,0.309365,0.309115,0.2906751685393258,17800.0,0.0,0.0
qaoa_14,qaoa,14,fake_marrakesh,0.5,oracle_nonworse,fake_fez,1,True,0.274515,0.309365,0.309115,0.2906751685393258,17800.0,0.0,0.0
qaoa_14,qaoa,14,fake_marrakesh,0.5,random,fake_fez;fake_kyiv;fake_sherbrooke;fake_torino,4,False,0.274515,0.46444124999999997,0.4632458333333333,0.38144333024852656,19287.5,0.09076816170920077,1487.5
qaoa_14,qaoa,14,fake_marrakesh,0.5,oracle_worst,fake_sherbrooke,1,False,0.274515,0.57711,0.5769566666666667,0.446515,20000.0,0.1558398314606742,2200.0
qaoa_14,qaoa,14,fake_marrakesh,0.75,oracle_best,fake_fez,1,False,0.274515,0.309365,0.309115,0.2810697887323943,17750.0,0.0,0.0
qaoa_14,qaoa,14,fake_marrakesh,0.75,oracle_nonworse,fake_fez,1,True,0.274515,0.309365,0.309115,0.2810697887323943,17750.0,0.0,0.0
qaoa_14,qaoa,14,fake_marrakesh,0.75,random,fake_fez;fake_kyiv;fake_sherbrooke;fake_torino,4,False,0.274515,0.46444124999999997,0.4632458333333333,0.34064369718309856,19437.5,0.05957390845070426,1687.5
qaoa_14,qaoa,14,fake_marrakesh,0.75,oracle_worst,fake_sherbrooke,1,False,0.274515,0.57711,0.5769566666666667,0.3807149999999999,20000.0,0.09964521126760562,2250.0
qaoa_14,qaoa,14,fake_marrakesh,0.9,oracle_best,fake_fez,1,False,0.274515,0.309365,0.309115,0.2762141260744986,17450.0,0.0,0.0
qaoa_14,qaoa,14,fake_marrakesh,0.9,oracle_nonworse,fake_fez,1,True,0.274515,0.309365,0.309115,0.2762141260744986,17450.0,0.0,0.0
qaoa_14,qaoa,14,fake_marrakesh,0.9,random,fake_fez;fake_kyiv;fake_sherbrooke;fake_torino,4,False,0.274515,0.46444124999999997,0.4632458333333333,0.3183971311426848,19350.0,0.04218300506818623,1900.0
qaoa_14,qaoa,14,fake_marrakesh,0.9,oracle_worst,fake_sherbrooke,1,False,0.274515,0.57711,0.5769566666666667,0.346645,20000.0,0.0704308739255014,2550.0
qaoa_14,qaoa,14,fake_sherbrooke,0.1,oracle_best,fake_marrakesh,1,False,0.57711,0.274515,0.27315666666666666,0.3043078947368421,17100.0,0.0,0.0
qaoa_14,qaoa,14,fake_sherbrooke,0.1,oracle_nonworse,fake_fez;fake_kyiv;fake_marrakesh;fake_torino,4,False,0.57711,0.3887925,0.38729583333333334,0.40538197368421053,18837.5,0.10107407894736842,1737.5
qaoa_14,qaoa,14,fake_sherbrooke,0.1,random,fake_fez;fake_kyiv;fake_marrakesh;fake_torino,4,False,0.57711,0.3887925,0.38729583333333334,0.40538197368421053,18837.5,0.10107407894736842,1737.5
qaoa_14,qaoa,14,fake_sherbrooke,0.1,oracle_worst,fake_kyiv,1,False,0.57711,0.53342,0.5271516666666667,0.53405,20000.0,0.22974210526315791,2900.0
qaoa_14,qaoa,14,fake_sherbrooke,0.25,oracle_best,fake_marrakesh,1,False,0.57711,0.274515,0.27315666666666666,0.3483269230769231,18200.0,0.0,0.0
qaoa_14,qaoa,14,fake_sherbrooke,0.25,oracle_nonworse,fake_fez;fake_kyiv;fake_marrakesh;fake_torino,4,False,0.57711,0.3887925,0.38729583333333334,0.4314952780665281,19175.0,0.08316835498960501,975.0
qaoa_14,qaoa,14,fake_sherbrooke,0.25,random,fake_fez;fake_kyiv;fake_marrakesh;fake_torino,4,False,0.57711,0.3887925,0.38729583333333334,0.4314952780665281,19175.0,0.08316835498960501,975.0
qaoa_14,qaoa,14,fake_sherbrooke,0.25,oracle_worst,fake_kyiv,1,False,0.57711,0.53342,0.5271516666666667,0.53846,20000.0,0.19013307692307696,1800.0
qaoa_14,qaoa,14,fake_sherbrooke,0.5,oracle_best,fake_marrakesh,1,False,0.57711,0.274515,0.27315666666666666,0.4236185117493473,19150.0,0.0,0.0
qaoa_14,qaoa,14,fake_sherbrooke,0.5,oracle_nonworse,fake_fez;fake_kyiv;fake_marrakesh;fake_torino,4,False,0.57711,0.3887925,0.38729583333333334,0.478389792078751,19737.5,0.054771280329403704,587.5
qaoa_14,qaoa,14,fake_sherbrooke,0.5,random,fake_fez;fake_kyiv;fake_marrakesh;fake_torino,4,False,0.57711,0.3887925,0.38729583333333334,0.478389792078751,19737.5,0.054771280329403704,587.5
qaoa_14,qaoa,14,fake_sherbrooke,0.5,oracle_worst,fake_kyiv,1,False,0.57711,0.53342,0.5271516666666667,0.551545,20000.0,0.12792648825065267,850.0
qaoa_14,qaoa,14,fake_sherbrooke,0.75,oracle_best,fake_marrakesh,1,False,0.57711,0.274515,0.27315666666666666,0.494405,20000.0,0.0,0.0
qaoa_14,qaoa,14,fake_sherbrooke,0.75,oracle_nonworse,fake_fez;fake_kyiv;fake_marrakesh;fake_torino,4,False,0.57711,0.3887925,0.38729583333333334,0.52265,20000.0,0.028244999999999965,0.0
qaoa_14,qaoa,14,fake_sherbrooke,0.75,random,fake_fez;fake_kyiv;fake_marrakesh;fake_torino,4,False,0.57711,0.3887925,0.38729583333333334,0.52265,20000.0,0.028244999999999965,0.0
qaoa_14,qaoa,14,fake_sherbrooke,0.75,oracle_worst,fake_kyiv,1,False,0.57711,0.53342,0.5271516666666667,0.561545,20000.0,0.06713999999999998,0.0
qaoa_14,qaoa,14,fake_sherbrooke,0.9,oracle_best,fake_marrakesh,1,False,0.57711,0.274515,0.27315666666666666,0.54472,20000.0,0.0,0.0
qaoa_14,qaoa,14,fake_sherbrooke,0.9,oracle_nonworse,fake_fez;fake_kyiv;fake_marrakesh;fake_torino,4,False,0.57711,0.3887925,0.38729583333333334,0.55455625,20000.0,0.00983624999999999,0.0
qaoa_14,qaoa,14,fake_sherbrooke,0.9,random,fake_fez;fake_kyiv;fake_marrakesh;fake_torino,4,False,0.57711,0.3887925,0.38729583333333334,0.55455625,20000.0,0.00983624999999999,0.0
qaoa_14,qaoa,14,fake_sherbrooke,0.9,oracle_worst,fake_kyiv,1,False,0.57711,0.53342,0.5271516666666667,0.57018,20000.0,0.025460000000000038,0.0
qaoa_14,qaoa,14,fake_torino,0.1,oracle_best,fake_marrakesh,1,False,0.43787,0.274515,0.27315666666666666,0.2906631818181818,16500.0,0.0,0.0
qaoa_14,qaoa,14,fake_torino,0.1,oracle_nonworse,fake_fez;fake_marrakesh,2,False,0.43787,0.29194,0.2911358333333333,0.306205700498132,17375.0,0.015542518679950212,875.0
qaoa_14,qaoa,14,fake_torino,0.1,random,fake_fez;fake_kyiv;fake_marrakesh;fake_sherbrooke,4,False,0.43787,0.4236025,0.42159500000000005,0.42276785024906594,18687.5,0.13210466843088414,2187.5
qaoa_14,qaoa,14,fake_torino,0.1,oracle_worst,fake_sherbrooke,1,False,0.43787,0.57711,0.5769566666666667,0.557905,20000.0,0.2672418181818182,3500.0
qaoa_14,qaoa,14,fake_torino,0.25,oracle_best,fake_marrakesh,1,False,0.43787,0.274515,0.27315666666666666,0.3147317847025496,17650.0,0.0,0.0
qaoa_14,qaoa,14,fake_torino,0.25,oracle_nonworse,fake_fez;fake_marrakesh,2,False,0.43787,0.29194,0.2911358333333333,0.3293191230103006,17550.0,0.014587338307750997,-100.0
qaoa_14,qaoa,14,fake_torino,0.25,random,fake_fez;fake_kyiv;fake_marrakesh;fake_sherbrooke,4,False,0.43787,0.4236025,0.42159500000000005,0.42405581150515026,18775.0,0.10932402680260067,1125.0
qaoa_14,qaoa,14,fake_torino,0.25,oracle_worst,fake_sherbrooke,1,False,0.43787,0.57711,0.5769566666666667,0.532485,20000.0,0.2177532152974504,2350.0
qaoa_14,qaoa,14,fake_torino,0.5,oracle_best,fake_marrakesh,1,False,0.43787,0.274515,0.27315666666666666,0.3610927272727273,17600.0,0.0,0.0
qaoa_14,qaoa,14,fake_torino,0.5,oracle_nonworse,fake_fez;fake_marrakesh,2,False,0.43787,0.29194,0.2911358333333333,0.3675421385689782,18075.0,0.006449411296250929,475.0
qaoa_14,qaoa,14,fake_torino,0.5,random,fake_fez;fake_kyiv;fake_marrakesh;fake_sherbrooke,4,False,0.43787,0.4236025,0.42159500000000005,0.4288135692844891,19037.5,0.06772084201176182,1437.5
qaoa_14,qaoa,14,fake_torino,0.5,oracle_worst,fake_sherbrooke,1,False,0.43787,0.57711,0.5769566666666667,0.49906,20000.0,0.13796727272727272,2400.0
qaoa_14,qaoa,14,fake_torino,0.75,oracle_best,fake_marrakesh,1,False,0.43787,0.274515,0.27315666666666666,0.3964793701799486,19450.0,0.0,0.0
qaoa_14,qaoa,14,fake_torino,0.75,oracle_nonworse,fake_fez;fake_marrakesh,2,False,0.43787,0.29194,0.2911358333333333,0.40060831558093035,19400.0,0.004128945400981743,-50.0
qaoa_14,qaoa,14,fake_torino,0.75,random,fake_fez;fake_kyiv;fake_marrakesh;fake_sherbrooke,4,False,0.43787,0.4236025,0.42159500000000005,0.43106915779046523,19700.0,0.03458978761051662,250.0
qaoa_14,qaoa,14,fake_torino,0.75,oracle_worst,fake_sherbrooke,1,False,0.43787,0.57711,0.5769566666666667,0.463475,20000.0,0.06699562982005142,550.0
qaoa_14,qaoa,14,fake_torino,0.9,oracle_best,fake_marrakesh,1,False,0.43787,0.274515,0.27315666666666666,0.4234061111111111,19800.0,0.0,0.0
qaoa_14,qaoa,14,fake_torino,0.9,oracle_nonworse,fake_fez;fake_marrakesh,2,False,0.43787,0.29194,0.2911358333333333,0.42458805555555557,19725.0,0.0011819444444444716,-75.0
qaoa_14,qaoa,14,fake_torino,0.9,random,fake_fez;fake_kyiv;fake_marrakesh;fake_sherbrooke,4,False,0.43787,0.4236025,0.42159500000000005,0.4360702777777778,19862.5,0.012664166666666699,62.5
qaoa_14,qaoa,14,fake_torino,0.9,oracle_worst,fake_sherbrooke,1,False,0.43787,0.57711,0.5769566666666667,0.447805,20000.0,0.024398888888888914,200.0
qaoa_4,qaoa,4,fake_fez,0.1,oracle_best,fake_marrakesh,1,False,0.09415000000000001,0.054049999999999994,0.053,0.0633333333333333,2100.0,0.0,0.0
qaoa_4,qaoa,4,fake_fez,0.1,oracle_nonworse,fake_marrakesh,1,False,0.09415000000000001,0.054049999999999994,0.053,0.0633333333333333,2100.0,0.0,0.0
qaoa_4,qaoa,4,fake_fez,0.1,random,fake_kyiv;fake_marrakesh;fake_sherbrooke;fake_torino,4,False,0.09415000000000001,0.1281625,0.12710000000000002,0.1277026515151515,2762.5,0.06436931818181821,662.5
qaoa_4,qaoa,4,fake_fez,0.1,oracle_worst,fake_kyiv,1,False,0.09415000000000001,0.1715,0.17126666666666668,0.16,3000.0,0.0966666666666667,900.0
qaoa_4,qaoa,4,fake_fez,0.25,oracle_best,fake_marrakesh,1,False,0.09415000000000001,0.054049999999999994,0.053,0.0668085106382978,2350.0,0.0,0.0
qaoa_4,qaoa,4,fake_fez,0.25,oracle_nonworse,fake_marrakesh,1,False,0.09415000000000001,0.054049999999999994,0.053,0.0668085106382978,2350.0,0.0,0.0
qaoa_4,qaoa,4,fake_fez,0.25,random,fake_kyiv;fake_marrakesh;fake_sherbrooke;fake_torino,4,False,0.09415000000000001,0.1281625,0.12710000000000002,0.12184335637034305,2912.5,0.05503484573204524,562.5
qaoa_4,qaoa,4,fake_fez,0.25,oracle_worst,fake_kyiv,1,False,0.09415000000000001,0.1715,0.17126666666666668,0.1490322580645161,3100.0,0.08222374742621828,750.0
qaoa_4,qaoa,4,fake_fez,0.5,oracle_best,fake_marrakesh,1,False,0.09415000000000001,0.054049999999999994,0.053,0.0722033898305084,2950.0,0.0,0.0
qaoa_4,qaoa,4,fake_fez,0.5,oracle_nonworse,fake_marrakesh,1,False,0.09415000000000001,0.054049999999999994,0.053,0.0722033898305084,2950.0,0.0,0.0
qaoa_4,qaoa,4,fake_fez,0.5,random,fake_kyiv;fake_marrakesh;fake_sherbrooke;fake_torino,4,False,0.09415000000000001,0.1281625,0.12710000000000002,0.10880297883428673,2700.0,0.03659958900377833,-250.0
qaoa_4,qaoa,4,fake_fez,0.5,oracle_worst,fake_kyiv,1,False,0.09415000000000001,0.1715,0.17126666666666668,0.1256603773584905,2650.0,0.0534569875279821,-300.0
qaoa_4,qaoa,4,fake_fez,0.75,oracle_best,fake_marrakesh,1,False,0.09415000000000001,0.054049999999999994,0.053,0.0876595744680851,2350.0,0.0,0.0
qaoa_4,qaoa,4,fake_fez,0.75,oracle_nonworse,fake_marrakesh,1,False,0.09415000000000001,0.054049999999999994,0.053,0.0876595744680851,2350.0,0.0,0.0
qaoa_4,qaoa,4,fake_fez,0.75,random,fake_kyiv;fake_marrakesh;fake_sherbrooke;fake_torino,4,False,0.09415000000000001,0.1281625,0.12710000000000002,0.10722459987500335,2775.0,0.01956502540691825,425.0
qaoa_4,qaoa,4,fake_fez,0.75,oracle_worst,fake_kyiv,1,False,0.09415000000000001,0.1715,0.17126666666666668,0.1182758620689655,2900.0,0.030616287600880393,550.0
qaoa_4,qaoa,4,fake_fez,0.9,oracle_best,fake_marrakesh,1,False,0.09415000000000001,0.054049999999999994,0.053,0.0960869565217391,2300.0,0.0,0.0
qaoa_4,qaoa,4,fake_fez,0.9,oracle_nonworse,fake_marrakesh,1,False,0.09415000000000001,0.054049999999999994,0.053,0.0960869565217391,2300.0,0.0,0.0
qaoa_4,qaoa,4,fake_fez,0.9,random,fake_kyiv;fake_marrakesh;fake_sherbrooke;fake_torino,4,False,0.09415000000000001,0.1281625,0.12710000000000002,0.09855498721227621,2362.5,0.0024680306905371097,62.5
qaoa_4,qaoa,4,fake_fez,0.9,oracle_worst,fake_kyiv,1,False,0.09415000000000001,0.1715,0.17126666666666668,0.098695652173913,2300.0,0.0026086956521739063,0.0
qaoa_4,qaoa,4,fake_kyiv,0.1,oracle_best,fake_marrakesh,1,False,0.1715,0.054049999999999994,0.053,0.0728571428571428,2100.0,0.0,0.0
qaoa_4,qaoa,4,fake_kyiv,0.1,oracle_nonworse,fake_fez;fake_marrakesh;fake_sherbrooke;fake_torino,4,False,0.1715,0.10882499999999999,0.10754166666666667,0.11924859943977587,2650.0,0.046391456582633064,550.0
qaoa_4,qaoa,4,fake_kyiv,0.1,random,fake_fez;fake_marrakesh;fake_sherbrooke;fake_torino,4,False,0.1715,0.10882499999999999,0.10754166666666667,0.11924859943977587,2650.0,0.046391456582633064,550.0
qaoa_4,qaoa,4,fake_kyiv,0.1,oracle_worst,fake_sherbrooke,1,False,0.1715,0.1513,0.15033333333333335,0.1649999999999999,3200.0,0.0921428571428571,1100.0
qaoa_4,qaoa,4,fake_kyiv,0.25,oracle_best,fake_marrakesh,1,False,0.1715,0.054049999999999994,0.053,0.0918367346938775,2450.0,0.0,0.0
qaoa_4,qaoa,4,fake_kyiv,0.25,oracle_nonworse,fake_fez;fake_marrakesh;fake_sherbrooke;fake_torino,4,False,0.1715,0.10882499999999999,0.10754166666666667,0.1290132702119309,2562.5,0.0371765355180534,112.5
qaoa_4,qaoa,4,fake_kyiv,0.25,random,fake_fez;fake_marrakesh;fake_sherbrooke;fake_torino,4,False,0.1715,0.10882499999999999,0.10754166666666667,0.1290132702119309,2562.5,0.0371765355180534,112.5
qaoa_4,qaoa,4,fake_kyiv,0.25,oracle_worst,fake_sherbrooke,1,False,0.1715,0.1513,0.15033333333333335,0.1640625,3200.0,0.0722257653061225,750.0
qaoa_4,qaoa,4,fake_kyiv,0.5,oracle_best,fake_marrakesh,1,False,0.1715,0.054049999999999994,0.053,0.1034920634920634,3150.0,0.0,0.0
qaoa_4,qaoa,4,fake_kyiv,0.5,oracle_nonworse,fake_fez;fake_marrakesh;fake_sherbrooke;fake_torino,4,False,0.1715,0.10882499999999999,0.10754166666666667,0.13289446099525537,2862.5,0.02940239750319197,-287.5
qaoa_4,qaoa,4,fake_kyiv,0.5,random,fake_fez;fake_marrakesh;fake_sherbrooke;fake_torino,4,False,0.1715,0.10882499999999999,0.10754166666666667,0.13289446099525537,2862.5,0.02940239750319197,-287.5
qaoa_4,qaoa,4,fake_kyiv,0.5,oracle_worst,fake_sherbrooke,1,False,0.1715,0.1513,0.15033333333333335,0.1596491228070175,2850.0,0.056157059314954114,-300.0
qaoa_4,qaoa,4,fake_kyiv,0.75,oracle_best,fake_marrakesh,1,False,0.1715,0.054049999999999994,0.053,0.1171052631578947,3800.0,0.0,0.0
qaoa_4,qaoa,4,fake_kyiv,0.75,oracle_nonworse,fake_fez;fake_marrakesh;fake_sherbrooke;fake_torino,4,False,0.1715,0.10882499999999999,0.10754166666666667,0.14199273369992138,3375.0,0.024887470542026682,-425.0
qaoa_4,qaoa,4,fake_kyiv,0.75,random,fake_fez;fake_marrakesh;fake_sherbrooke;fake_torino,4,False,0.1715,0.10882499999999999,0.10754166666666667,0.14199273369992138,3375.0,0.024887470542026682,-425.0
qaoa_4,qaoa,4,fake_kyiv,0.75,oracle_worst,fake_sherbrooke,1,False,0.1715,0.1513,0.15033333333333335,0.1639999999999999,3000.0,0.0468947368421052,-800.0
qaoa_4,qaoa,4,fake_kyiv,0.9,oracle_best,fake_marrakesh,1,False,0.1715,0.054049999999999994,0.053,0.1431746031746031,3150.0,0.0,0.0
qaoa_4,qaoa,4,fake_kyiv,0.9,oracle_nonworse,fake_fez;fake_marrakesh;fake_sherbrooke;fake_torino,4,False,0.1715,0.10882499999999999,0.10754166666666667,0.15348743069795695,3137.5,0.010312827523353857,-12.5
qaoa_4,qaoa,4,fake_kyiv,0.9,random,fake_fez;fake_marrakesh;fake_sherbrooke;fake_torino,4,False,0.1715,0.10882499999999999,0.10754166666666667,0.15348743069795695,3137.5,0.010312827523353857,-12.5
qaoa_4,qaoa,4,fake_kyiv,0.9,oracle_worst,fake_sherbrooke,1,False,0.1715,0.1513,0.15033333333333335,0.1624242424242424,3300.0,0.019249639249639294,150.0
qaoa_4,qaoa,4,fake_marrakesh,0.1,oracle_best,fake_fez,1,False,0.054049999999999994,0.09415000000000001,0.09303333333333334,0.093469387755102,2450.0,0.0,0.0
qaoa_4,qaoa,4,fake_marrakesh,0.1,oracle_nonworse,fake_fez,1,True,0.054049999999999994,0.09415000000000001,0.09303333333333334,0.093469387755102,2450.0,0.0,0.0
qaoa_4,qaoa,4,fake_marrakesh,0.1,random,fake_fez;fake_kyiv;fake_sherbrooke;fake_torino,4,False,0.054049999999999994,0.13818750000000002,0.13710833333333336,0.1352550880931924,2825.0,0.0417857003380904,375.0
qaoa_4,qaoa,4,fake_marrakesh,0.1,oracle_worst,fake_kyiv,1,False,0.054049999999999994,0.1715,0.17126666666666668,0.1603389830508474,2950.0,0.0668695952957454,500.0
qaoa_4,qaoa,4,fake_marrakesh,0.25,oracle_best,fake_fez,1,False,0.054049999999999994,0.09415000000000001,0.09303333333333334,0.0887272727272727,2750.0,0.0,0.0
qaoa_4,qaoa,4,fake_marrakesh,0.25,oracle_nonworse,fake_fez,1,True,0.054049999999999994,0.09415000000000001,0.09303333333333334,0.0887272727272727,2750.0,0.0,0.0
qaoa_4,qaoa,4,fake_marrakesh,0.25,random,fake_fez;fake_kyiv;fake_sherbrooke;fake_torino,4,False,0.054049999999999994,0.13818750000000002,0.13710833333333336,0.12676776586760694,3037.5,0.03804049314033424,287.5
qaoa_4,qaoa,4,fake_marrakesh,0.25,oracle_worst,fake_kyiv,1,False,0.054049999999999994,0.1715,0.17126666666666668,0.1503125,3200.0,0.06158522727272729,450.0
qaoa_4,qaoa,4,fake_marrakesh,0.5,oracle_best,fake_fez,1,False,0.054049999999999994,0.09415000000000001,0.09303333333333334,0.08,2300.0,0.0,0.0
qaoa_4,qaoa,4,fake_marrakesh,0.5,oracle_nonworse,fake_fez,1,True,0.054049999999999994,0.09415000000000001,0.09303333333333334,0.08,2300.0,0.0,0.0
qaoa_4,qaoa,4,fake_marrakesh,0.5,random,fake_fez;fake_kyiv;fake_sherbrooke;fake_torino,4,False,0.054049999999999994,0.13818750000000002,0.13710833333333336,0.11365766073871406,2812.5,0.033657660738714054,512.5
qaoa_4,qaoa,4,fake_marrakesh,0.5,oracle_worst,fake_kyiv,1,False,0.054049999999999994,0.1715,0.17126666666666668,0.1373529411764705,3400.0,0.05735294117647051,1100.0
qaoa_4,qaoa,4,fake_marrakesh,0.75,oracle_best,fake_fez,1,False,0.054049999999999994,0.09415000000000001,0.09303333333333334,0.0749090909090909,2750.0,0.0,0.0
qaoa_4,qaoa,4,fake_marrakesh,0.75,oracle_nonworse,fake_fez,1,True,0.054049999999999994,0.09415000000000001,0.09303333333333334,0.0749090909090909,2750.0,0.0,0.0
qaoa_4,qaoa,4,fake_marrakesh,0.75,random,fake_fez;fake_kyiv;fake_sherbrooke;fake_torino,4,False,0.054049999999999994,0.13818750000000002,0.13710833333333336,0.0986153846153846,2837.5,0.023706293706293707,87.5
qaoa_4,qaoa,4,fake_marrakesh,0.75,oracle_worst,fake_kyiv,1,False,0.054049999999999994,0.1715,0.17126666666666668,0.1090909090909091,2750.0,0.0341818181818182,0.0
qaoa_4,qaoa,4,fake_marrakesh,0.9,oracle_best,fake_fez,1,False,0.054049999999999994,0.09415000000000001,0.09303333333333334,0.0734426229508196,3050.0,0.0,0.0
qaoa_4,qaoa,4,fake_marrakesh,0.9,oracle_nonworse,fake_fez,1,True,0.054049999999999994,0.09415000000000001,0.09303333333333334,0.0734426229508196,3050.0,0.0,0.0
qaoa_4,qaoa,4,fake_marrakesh,0.9,random,fake_fez;fake_kyiv;fake_sherbrooke;fake_torino,4,False,0.054049999999999994,0.13818750000000002,0.13710833333333336,0.09336115720563828,3025.0,0.01991853425481868,-25.0
qaoa_4,qaoa,4,fake_marrakesh,0.9,oracle_worst,fake_kyiv,1,False,0.054049999999999994,0.1715,0.17126666666666668,0.1042622950819672,3050.0,0.0308196721311476,0.0
qaoa_4,qaoa,4,fake_sherbrooke,0.1,oracle_best,fake_marrakesh,1,False,0.1513,0.054049999999999994,0.053,0.0764999999999999,2000.0,0.0,0.0
qaoa_4,qaoa,4,fake_sherbrooke,0.1,oracle_nonworse,fake_fez;fake_marrakesh;fake_torino,3,False,0.1513,0.09466666666666666,0.09327777777777779,0.10647207367795597,2433.3333333333335,0.029972073677956068,433.3333333333335
qaoa_4,qaoa,4,fake_sherbrooke,0.1,random,fake_fez;fake_kyiv;fake_marrakesh;fake_torino,4,False,0.1513,0.113875,0.11277500000000001,0.12182126837322108,2587.5,0.045321268373221174,587.5
qaoa_4,qaoa,4,fake_sherbrooke,0.1,oracle_worst,fake_kyiv,1,False,0.1513,0.1715,0.17126666666666668,0.1678688524590164,3050.0,0.09136885245901649,1050.0
qaoa_4,qaoa,4,fake_sherbrooke,0.25,oracle_best,fake_marrakesh,1,False,0.1513,0.054049999999999994,0.053,0.0885714285714285,2450.0,0.0,0.0
qaoa_4,qaoa,4,fake_sherbrooke,0.25,oracle_nonworse,fake_fez;fake_marrakesh;fake_torino,3,False,0.1513,0.09466666666666666,0.09327777777777779,0.1147720364741641,2266.6666666666665,0.02620060790273561,-183.33333333333348
qaoa_4,qaoa,4,fake_sherbrooke,0.25,random,fake_fez;fake_kyiv;fake_marrakesh;fake_torino,4,False,0.1513,0.113875,0.11277500000000001,0.12722656833922963,2462.5,0.03865513976780113,12.5
qaoa_4,qaoa,4,fake_sherbrooke,0.25,oracle_worst,fake_kyiv,1,False,0.1513,0.1715,0.17126666666666668,0.1645901639344262,3050.0,0.07601873536299769,600.0
qaoa_4,qaoa,4,fake_sherbrooke,0.5,oracle_best,fake_marrakesh,1,False,0.1513,0.054049999999999994,0.053,0.1063492063492063,3150.0,0.0,0.0
qaoa_4,qaoa,4,fake_sherbrooke,0.5,oracle_nonworse,fake_fez;fake_marrakesh;fake_torino,3,False,0.1513,0.09466666666666666,0.09327777777777779,0.12643738977072308,2900.0,0.020088183421516775,-250.0
qaoa_4,qaoa,4,fake_sherbrooke,0.5,random,fake_fez;fake_kyiv;fake_marrakesh;fake_torino,4,False,0.1513,0.113875,0.11277500000000001,0.13474032302979666,2887.5,0.028391116680590356,-262.5
qaoa_4,qaoa,4,fake_sherbrooke,0.5,oracle_worst,fake_kyiv,1,False,0.1513,0.1715,0.17126666666666668,0.1596491228070175,2850.0,0.05329991645781121,-300.0
qaoa_4,qaoa,4,fake_sherbrooke,0.75,oracle_best,fake_marrakesh,1,False,0.1513,0.054049999999999994,0.053,0.1389655172413793,2900.0,0.0,0.0
qaoa_4,qaoa,4,fake_sherbrooke,0.75,oracle_nonworse,fake_fez;fake_marrakesh;fake_torino,3,False,0.1513,0.09466666666666666,0.09327777777777779,0.14837607636859532,2783.3333333333335,0.009410559127216028,-116.66666666666652
qaoa_4,qaoa,4,fake_sherbrooke,0.75,random,fake_fez;fake_kyiv;fake_marrakesh;fake_torino,4,False,0.1513,0.113875,0.11277500000000001,0.1519070572764465,2887.5,0.0129415400350672,-12.5
qaoa_4,qaoa,4,fake_sherbrooke,0.75,oracle_worst,fake_kyiv,1,False,0.1513,0.1715,0.17126666666666668,0.1625,3200.0,0.023534482758620717,300.0
qaoa_4,qaoa,4,fake_sherbrooke,0.9,oracle_best,fake_marrakesh,1,False,0.1513,0.054049999999999994,0.053,0.1427272727272727,3300.0,0.0,0.0
qaoa_4,qaoa,4,fake_sherbrooke,0.9,oracle_nonworse,fake_fez;fake_marrakesh;fake_torino,3,False,0.1513,0.09466666666666666,0.09327777777777779,0.15400432900432895,2966.6666666666665,0.011277056277056247,-333.3333333333335
qaoa_4,qaoa,4,fake_sherbrooke,0.9,random,fake_fez;fake_kyiv;fake_marrakesh;fake_torino,4,False,0.1513,0.113875,0.11277500000000001,0.156038961038961,2925.0,0.013311688311688302,-375.0
qaoa_4,qaoa,4,fake_sherbrooke,0.9,oracle_worst,fake_kyiv,1,False,0.1513,0.1715,0.17126666666666668,0.1621428571428571,2800.0,0.019415584415584386,-500.0
qaoa_4,qaoa,4,fake_torino,0.1,oracle_best,fake_marrakesh,1,False,0.13579999999999998,0.054049999999999994,0.053,0.0685714285714285,2100.0,0.0,0.0
qaoa_4,qaoa,4,fake_torino,0.1,oracle_nonworse,fake_fez;fake_marrakesh,2,False,0.13579999999999998,0.0741,0.07301666666666667,0.0840896358543417,2325.0,0.015518207282913199,225.0
qaoa_4,qaoa,4,fake_torino,0.1,random,fake_fez;fake_kyiv;fake_marrakesh;fake_sherbrooke,4,False,0.13579999999999998,0.11775000000000001,0.11690833333333334,0.12350835959383749,2712.5,0.054936931022408986,612.5
qaoa_4,qaoa,4,fake_torino,0.1,oracle_worst,fake_kyiv,1,False,0.13579999999999998,0.1715,0.17126666666666668,0.1636666666666666,3000.0,0.0950952380952381,900.0
qaoa_4,qaoa,4,fake_torino,0.25,oracle_best,fake_marrakesh,1,False,0.13579999999999998,0.054049999999999994,0.053,0.08,2400.0,0.0,0.0
qaoa_4,qaoa,4,fake_torino,0.25,oracle_nonworse,fake_fez;fake_marrakesh,2,False,0.13579999999999998,0.0741,0.07301666666666667,0.0923255813953488,2275.0,0.012325581395348797,-125.0
qaoa_4,qaoa,4,fake_torino,0.25,random,fake_fez;fake_kyiv;fake_marrakesh;fake_sherbrooke,4,False,0.13579999999999998,0.11775000000000001,0.11690833333333334,0.12521040974529343,2775.0,0.04521040974529343,375.0
qaoa_4,qaoa,4,fake_torino,0.25,oracle_worst,fake_kyiv,1,False,0.13579999999999998,0.1715,0.17126666666666668,0.16,3400.0,0.08,1000.0
qaoa_4,qaoa,4,fake_torino,0.5,oracle_best,fake_marrakesh,1,False,0.13579999999999998,0.054049999999999994,0.053,0.0895081967213114,3050.0,0.0,0.0
qaoa_4,qaoa,4,fake_torino,0.5,oracle_nonworse,fake_fez;fake_marrakesh,2,False,0.13579999999999998,0.0741,0.07301666666666667,0.0993837279902853,2875.0,0.009875531268973906,-175.0
qaoa_4,qaoa,4,fake_torino,0.5,random,fake_fez;fake_kyiv;fake_marrakesh;fake_sherbrooke,4,False,0.13579999999999998,0.11775000000000001,0.11690833333333334,0.12520173241619525,3187.5,0.03569353569488386,137.5
qaoa_4,qaoa,4,fake_torino,0.5,oracle_worst,fake_kyiv,1,False,0.13579999999999998,0.1715,0.17126666666666668,0.15125,3200.0,0.0617418032786886,150.0
qaoa_4,qaoa,4,fake_torino,0.75,oracle_best,fake_marrakesh,1,False,0.13579999999999998,0.054049999999999994,0.053,0.1056666666666666,3000.0,0.0,0.0
qaoa_4,qaoa,4,fake_torino,0.75,oracle_nonworse,fake_fez;fake_marrakesh,2,False,0.13579999999999998,0.0741,0.07301666666666667,0.1095520833333333,3100.0,0.0038854166666666967,100.0
qaoa_4,qaoa,4,fake_torino,0.75,random,fake_fez;fake_kyiv;fake_marrakesh;fake_sherbrooke,4,False,0.13579999999999998,0.11775000000000001,0.11690833333333334,0.12499992226368153,3100.0,0.01933325559701493,100.0
qaoa_4,qaoa,4,fake_torino,0.75,oracle_worst,fake_kyiv,1,False,0.13579999999999998,0.1715,0.17126666666666668,0.1408955223880597,3350.0,0.03522885572139309,350.0
qaoa_4,qaoa,4,fake_torino,0.9,oracle_best,fake_marrakesh,1,False,0.13579999999999998,0.054049999999999994,0.053,0.1176271186440678,2950.0,0.0,0.0
qaoa_4,qaoa,4,fake_torino,0.9,oracle_nonworse,fake_fez;fake_marrakesh,2,False,0.13579999999999998,0.0741,0.07301666666666667,0.1232135593220339,2725.0,0.005586440677966098,-225.0
qaoa_4,qaoa,4,fake_torino,0.9,random,fake_fez;fake_kyiv;fake_marrakesh;fake_sherbrooke,4,False,0.13579999999999998,0.11775000000000001,0.11690833333333334,0.13135920799553483,2987.5,0.013732089351467025,37.5
qaoa_4,qaoa,4,fake_torino,0.9,oracle_worst,fake_kyiv,1,False,0.13579999999999998,0.1715,0.17126666666666668,0.1405970149253731,3350.0,0.022969896281305302,400.0
qaoa_6,qaoa,6,fake_fez,0.1,oracle_best,fake_marrakesh,1,False,0.09308,0.07628,0.07766833333333334,0.0858751754385964,5700.0,0.0,0.0
qaoa_6,qaoa,6,fake_fez,0.1,oracle_nonworse,fake_marrakesh,1,False,0.09308,0.07628,0.07766833333333334,0.0858751754385964,5700.0,0.0,0.0
qaoa_6,qaoa,6,fake_fez,0.1,random,fake_kyiv;fake_marrakesh;fake_sherbrooke;fake_torino,4,False,0.09308,0.14229624999999999,0.14117458333333333,0.14359422762270846,6562.5,0.057719052184112066,862.5
qaoa_6,qaoa,6,fake_fez,0.1,oracle_worst,fake_kyiv,1,False,0.09308,0.17362,0.169745,0.1755331118881118,7150.0,0.0896579364495154,1450.0
qaoa_6,qaoa,6,fake_fez,0.25,oracle_best,fake_marrakesh,1,False,0.09308,0.07628,0.07766833333333334,0.0819654958677685,6050.0,0.0,0.0
qaoa_6,qaoa,6,fake_fez,0.25,oracle_nonworse,fake_marrakesh,1,False,0.09308,0.07628,0.07766833333333334,0.0819654958677685,6050.0,0.0,0.0
qaoa_6,qaoa,6,fake_fez,0.25,random,fake_kyiv;fake_marrakesh;fake_sherbrooke;fake_torino,4,False,0.09308,0.14229624999999999,0.14117458333333333,0.13299614960796774,6562.5,0.051030653740199244,512.5
qaoa_6,qaoa,6,fake_fez,0.25,oracle_worst,fake_kyiv,1,False,0.09308,0.17362,0.169745,0.158721923076923,6500.0,0.07675642720915452,450.0
qaoa_6,qaoa,6,fake_fez,0.5,oracle_best,fake_marrakesh,1,False,0.09308,0.07628,0.07766833333333334,0.087761923076923,6500.0,0.0,0.0
qaoa_6,qaoa,6,fake_fez,0.5,oracle_nonworse,fake_marrakesh,1,False,0.09308,0.07628,0.07766833333333334,0.087761923076923,6500.0,0.0,0.0
qaoa_6,qaoa,6,fake_fez,0.5,random,fake_kyiv;fake_marrakesh;fake_sherbrooke;fake_torino,4,False,0.09308,0.14229624999999999,0.14117458333333333,0.11984150041584801,6600.0,0.03207957733892501,100.0
qaoa_6,qaoa,6,fake_fez,0.5,oracle_worst,fake_kyiv,1,False,0.09308,0.17362,0.169745,0.1456309589041096,7300.0,0.057869035827186596,800.0
qaoa_6,qaoa,6,fake_fez,0.75,oracle_best,fake_marrakesh,1,False,0.09308,0.07628,0.07766833333333334,0.0882483333333333,6000.0,0.0,0.0
qaoa_6,qaoa,6,fake_fez,0.75,oracle_nonworse,fake_marrakesh,1,False,0.09308,0.07628,0.07766833333333334,0.0882483333333333,6000.0,0.0,0.0
qaoa_6,qaoa,6,fake_fez,0.75,random,fake_kyiv;fake_marrakesh;fake_sherbrooke;fake_torino,4,False,0.09308,0.14229624999999999,0.14117458333333333,0.10675109711460244,6787.5,0.018502763781269138,787.5
qaoa_6,qaoa,6,fake_fez,0.75,oracle_worst,fake_kyiv,1,False,0.09308,0.17362,0.169745,0.1145741134751772,7050.0,0.02632578014184389,1050.0
qaoa_6,qaoa,6,fake_fez,0.9,oracle_best,fake_marrakesh,1,False,0.09308,0.07628,0.07766833333333334,0.0931449999999999,6000.0,0.0,0.0
qaoa_6,qaoa,6,fake_fez,0.9,oracle_nonworse,fake_marrakesh,1,False,0.09308,0.07628,0.07766833333333334,0.0931449999999999,6000.0,0.0,0.0
qaoa_6,qaoa,6,fake_fez,0.9,random,fake_kyiv;fake_marrakesh;fake_sherbrooke;fake_torino,4,False,0.09308,0.14229624999999999,0.14117458333333333,0.0995337169075848,6475.0,0.006388716907584899,475.0
qaoa_6,qaoa,6,fake_fez,0.9,oracle_worst,fake_kyiv,1,False,0.09308,0.17362,0.169745,0.0984826335877862,6550.0,0.0053376335877863,550.0
qaoa_6,qaoa,6,fake_kyiv,0.1,oracle_best,fake_marrakesh,1,False,0.17362,0.07628,0.07766833333333334,0.0889760869565217,5750.0,0.0,0.0
qaoa_6,qaoa,6,fake_kyiv,0.1,oracle_nonworse,fake_fez;fake_marrakesh;fake_sherbrooke;fake_torino,4,False,0.17362,0.12216125,0.12186541666666666,0.1279277828436013,6175.0,0.038951695887079585,425.0
qaoa_6,qaoa,6,fake_kyiv,0.1,random,fake_fez;fake_marrakesh;fake_sherbrooke;fake_torino,4,False,0.17362,0.12216125,0.12186541666666666,0.1279277828436013,6175.0,0.038951695887079585,425.0
qaoa_6,qaoa,6,fake_kyiv,0.1,oracle_worst,fake_sherbrooke,1,False,0.17362,0.16421,0.16462166666666667,0.1620194366197183,7100.0,0.07304334966319659,1350.0
qaoa_6,qaoa,6,fake_kyiv,0.25,oracle_best,fake_marrakesh,1,False,0.17362,0.07628,0.07766833333333334,0.1088199999999999,6250.0,0.0,0.0
qaoa_6,qaoa,6,fake_kyiv,0.25,oracle_nonworse,fake_fez;fake_marrakesh;fake_sherbrooke;fake_torino,4,False,0.17362,0.12216125,0.12186541666666666,0.13855684814169564,6375.0,0.029736848141695735,125.0
qaoa_6,qaoa,6,fake_kyiv,0.25,random,fake_fez;fake_marrakesh;fake_sherbrooke;fake_torino,4,False,0.17362,0.12216125,0.12186541666666666,0.13855684814169564,6375.0,0.029736848141695735,125.0
qaoa_6,qaoa,6,fake_kyiv,0.25,oracle_worst,fake_sherbrooke,1,False,0.17362,0.16421,0.16462166666666667,0.167785,6800.0,0.05896500000000009,550.0
qaoa_6,qaoa,6,fake_kyiv,0.5,oracle_best,fake_marrakesh,1,False,0.17362,0.07628,0.07766833333333334,0.1395042553191489,7050.0,0.0,0.0
qaoa_6,qaoa,6,fake_kyiv,0.5,oracle_nonworse,fake_fez;fake_marrakesh;fake_sherbrooke;fake_torino,4,False,0.17362,0.12216125,0.12186541666666666,0.15848327769207632,6675.0,0.018979022372927423,-375.0
qaoa_6,qaoa,6,fake_kyiv,0.5,random,fake_fez;fake_marrakesh;fake_sherbrooke;fake_torino,4,False,0.17362,0.12216125,0.12186541666666666,0.15848327769207632,6675.0,0.018979022372927423,-375.0
qaoa_6,qaoa,6,fake_kyiv,0.5,oracle_worst,fake_sherbrooke,1,False,0.17362,0.16421,0.16462166666666667,0.1762982352941176,6800.0,0.036793979974968694,-250.0
qaoa_6,qaoa,6,fake_kyiv,0.75,oracle_best,fake_marrakesh,1,False,0.17362,0.07628,0.07766833333333334,0.1565306474820144,6950.0,0.0,0.0
qaoa_6,qaoa,6,fake_kyiv,0.75,oracle_nonworse,fake_fez;fake_marrakesh;fake_sherbrooke;fake_torino,4,False,0.17362,0.12216125,0.12186541666666666,0.1656483287036704,7025.0,0.009117681221656015,75.0
qaoa_6,qaoa,6,fake_kyiv,0.75,random,fake_fez;fake_marrakesh;fake_sherbrooke;fake_torino,4,False,0.17362,0.12216125,0.12186541666666666,0.1656483287036704,7025.0,0.009117681221656015,75.0
qaoa_6,qaoa,6,fake_kyiv,0.75,oracle_worst,fake_sherbrooke,1,False,0.17362,0.16421,0.16462166666666667,0.1769042857142857,7000.0,0.020373638232271313,50.0
qaoa_6,qaoa,6,fake_kyiv,0.9,oracle_best,fake_marrakesh,1,False,0.17362,0.07628,0.07766833333333334,0.1651598701298701,7700.0,0.0,0.0
qaoa_6,qaoa,6,fake_kyiv,0.9,oracle_nonworse,fake_fez;fake_marrakesh;fake_sherbrooke;fake_torino,4,False,0.17362,0.12216125,0.12186541666666666,0.1777525491175491,7012.5,0.01259267898767899,-687.5
qaoa_6,qaoa,6,fake_kyiv,0.9,random,fake_fez;fake_marrakesh;fake_sherbrooke;fake_torino,4,False,0.17362,0.12216125,0.12186541666666666,0.1777525491175491,7012.5,0.01259267898767899,-687.5
qaoa_6,qaoa,6,fake_kyiv,0.9,oracle_worst,fake_sherbrooke,1,False,0.17362,0.16421,0.16462166666666667,0.1812033566433566,7150.0,0.0160434865134865,-550.0
qaoa_6,qaoa,6,fake_marrakesh,0.1,oracle_best,fake_fez,1,False,0.07628,0.09308,0.09250833333333333,0.0915697196261682,5350.0,0.0,0.0
qaoa_6,qaoa,6,fake_marrakesh,0.1,oracle_nonworse,fake_fez,1,True,0.07628,0.09308,0.09250833333333333,0.0915697196261682,5350.0,0.0,0.0
qaoa_6,qaoa,6,fake_marrakesh,0.1,random,fake_fez;fake_kyiv;fake_sherbrooke;fake_torino,4,False,0.07628,0.14649625,0.14488458333333332,0.1435416038390258,6437.5,0.051971884212857616,1087.5
qaoa_6,qaoa,6,fake_marrakesh,0.1,oracle_worst,fake_kyiv,1,False,0.07628,0.17362,0.169745,0.1735585211267605,7100.0,0.08198880150059232,1750.0
qaoa_6,qaoa,6,fake_marrakesh,0.25,oracle_best,fake_fez,1,False,0.07628,0.09308,0.09250833333333333,0.089885867768595,6050.0,0.0,0.0
qaoa_6,qaoa,6,fake_marrakesh,0.25,oracle_nonworse,fake_fez,1,True,0.07628,0.09308,0.09250833333333333,0.089885867768595,6050.0,0.0,0.0
qaoa_6,qaoa,6,fake_marrakesh,0.25,random,fake_fez;fake_kyiv;fake_sherbrooke;fake_torino,4,False,0.07628,0.14649625,0.14488458333333332,0.13426633805940358,6525.0,0.04438047029080858,475.0
qaoa_6,qaoa,6,fake_marrakesh,0.25,oracle_worst,fake_kyiv,1,False,0.07628,0.17362,0.169745,0.1581243023255814,6450.0,0.06823843455698639,400.0
qaoa_6,qaoa,6,fake_marrakesh,0.5,oracle_best,fake_fez,1,False,0.07628,0.09308,0.09250833333333333,0.0857822357723577,6150.0,0.0,0.0
qaoa_6,qaoa,6,fake_marrakesh,0.5,oracle_nonworse,fake_fez,1,True,0.07628,0.09308,0.09250833333333333,0.0857822357723577,6150.0,0.0,0.0
qaoa_6,qaoa,6,fake_marrakesh,0.5,random,fake_fez;fake_kyiv;fake_sherbrooke;fake_torino,4,False,0.07628,0.14649625,0.14488458333333332,0.11889461137308147,6562.5,0.03311237560072376,412.5
qaoa_6,qaoa,6,fake_marrakesh,0.5,oracle_worst,fake_kyiv,1,False,0.07628,0.17362,0.169745,0.1445722222222222,7200.0,0.05878998644986451,1050.0
qaoa_6,qaoa,6,fake_marrakesh,0.75,oracle_best,fake_fez,1,False,0.07628,0.09308,0.09250833333333333,0.0852088095238095,5250.0,0.0,0.0
qaoa_6,qaoa,6,fake_marrakesh,0.75,oracle_nonworse,fake_fez,1,True,0.07628,0.09308,0.09250833333333333,0.0852088095238095,5250.0,0.0,0.0
qaoa_6,qaoa,6,fake_marrakesh,0.75,random,fake_fez;fake_kyiv;fake_sherbrooke;fake_torino,4,False,0.07628,0.14649625,0.14488458333333332,0.10264612905776385,6487.5,0.017437319533954346,1237.5
qaoa_6,qaoa,6,fake_marrakesh,0.75,oracle_worst,fake_kyiv,1,False,0.07628,0.17362,0.169745,0.1127821739130434,6900.0,0.027573364389233898,1650.0
qaoa_6,qaoa,6,fake_marrakesh,0.9,oracle_best,fake_fez,1,False,0.07628,0.09308,0.09250833333333333,0.0837482608695652,5750.0,0.0,0.0
qaoa_6,qaoa,6,fake_marrakesh,0.9,oracle_nonworse,fake_fez,1,True,0.07628,0.09308,0.09250833333333333,0.0837482608695652,5750.0,0.0,0.0
qaoa_6,qaoa,6,fake_marrakesh,0.9,random,fake_fez;fake_kyiv;fake_sherbrooke;fake_torino,4,False,0.07628,0.14649625,0.14488458333333332,0.0834768478260869,5750.0,-0.0002714130434783024,0.0
qaoa_6,qaoa,6,fake_marrakesh,0.9,oracle_worst,fake_kyiv,1,False,0.07628,0.17362,0.169745,0.084565652173913,5750.0,0.0008173913043477976,0.0
qaoa_6,qaoa,6,fake_sherbrooke,0.1,oracle_best,fake_marrakesh,1,False,0.16421,0.07628,0.07766833333333334,0.0926054424778761,5650.0,0.0,0.0
qaoa_6,qaoa,6,fake_sherbrooke,0.1,oracle_nonworse,fake_fez;fake_marrakesh;fake_torino,3,False,0.16421,0.108145,0.10761333333333334,0.11953020960442656,5900.0,0.026924767126550467,250.0
qaoa_6,qaoa,6,fake_sherbrooke,0.1,random,fake_fez;fake_kyiv;fake_marrakesh;fake_torino,4,False,0.16421,0.12451375,0.12314625,0.13529469945684106,6200.0,0.04268925697896496,550.0
qaoa_6,qaoa,6,fake_sherbrooke,0.1,oracle_worst,fake_kyiv,1,False,0.16421,0.17362,0.169745,0.1825881690140845,7100.0,0.08998272653620841,1450.0
qaoa_6,qaoa,6,fake_sherbrooke,0.25,oracle_best,fake_marrakesh,1,False,0.16421,0.07628,0.07766833333333334,0.105255,6250.0,0.0,0.0
qaoa_6,qaoa,6,fake_sherbrooke,0.25,oracle_nonworse,fake_fez;fake_marrakesh;fake_torino,3,False,0.16421,0.108145,0.10761333333333334,0.1287062417885145,6266.666666666667,0.0234512417885145,16.66666666666697
qaoa_6,qaoa,6,fake_sherbrooke,0.25,random,fake_fez;fake_kyiv;fake_marrakesh;fake_torino,4,False,0.16421,0.12451375,0.12314625,0.14159843134138586,6325.0,0.03634343134138586,75.0
qaoa_6,qaoa,6,fake_sherbrooke,0.25,oracle_worst,fake_kyiv,1,False,0.16421,0.17362,0.169745,0.180275,6500.0,0.07501999999999999,250.0
qaoa_6,qaoa,6,fake_sherbrooke,0.5,oracle_best,fake_marrakesh,1,False,0.16421,0.07628,0.07766833333333334,0.1224143233082706,6650.0,0.0,0.0
qaoa_6,qaoa,6,fake_sherbrooke,0.5,oracle_nonworse,fake_fez;fake_marrakesh;fake_torino,3,False,0.16421,0.108145,0.10761333333333334,0.13735637112820212,6533.333333333333,0.014942047819931525,-116.66666666666697
qaoa_6,qaoa,6,fake_sherbrooke,0.5,random,fake_fez;fake_kyiv;fake_marrakesh;fake_torino,4,False,0.16421,0.12451375,0.12314625,0.14747926110477227,6712.5,0.02506493779650168,62.5
qaoa_6,qaoa,6,fake_sherbrooke,0.5,oracle_worst,fake_kyiv,1,False,0.16421,0.17362,0.169745,0.1778479310344827,7250.0,0.055433607726212114,600.0
qaoa_6,qaoa,6,fake_sherbrooke,0.75,oracle_best,fake_marrakesh,1,False,0.16421,0.07628,0.07766833333333334,0.1373905555555555,7200.0,0.0,0.0
qaoa_6,qaoa,6,fake_sherbrooke,0.75,oracle_nonworse,fake_fez;fake_marrakesh;fake_torino,3,False,0.16421,0.108145,0.10761333333333334,0.1481877580654117,7116.666666666667,0.010797202509856219,-83.33333333333303
qaoa_6,qaoa,6,fake_sherbrooke,0.75,random,fake_fez;fake_kyiv;fake_marrakesh;fake_torino,4,False,0.16421,0.12451375,0.12314625,0.1532082994650893,6975.0,0.015817743909533805,-225.0
qaoa_6,qaoa,6,fake_sherbrooke,0.75,oracle_worst,fake_kyiv,1,False,0.16421,0.17362,0.169745,0.1682699236641221,6550.0,0.03087936810856662,-650.0
qaoa_6,qaoa,6,fake_sherbrooke,0.9,oracle_best,fake_marrakesh,1,False,0.16421,0.07628,0.07766833333333334,0.1495812676056338,7100.0,0.0,0.0
qaoa_6,qaoa,6,fake_sherbrooke,0.9,oracle_nonworse,fake_fez;fake_marrakesh;fake_torino,3,False,0.16421,0.108145,0.10761333333333334,0.15545541865020734,7250.0,0.005874151044573533,150.0
qaoa_6,qaoa,6,fake_sherbrooke,0.9,random,fake_fez;fake_kyiv;fake_marrakesh;fake_torino,4,False,0.16421,0.12451375,0.12314625,0.15839906398765552,7000.0,0.008817796382021709,-100.0
qaoa_6,qaoa,6,fake_sherbrooke,0.9,oracle_worst,fake_kyiv,1,False,0.16421,0.17362,0.169745,0.16723,6250.0,0.01764873239436618,-850.0
qaoa_6,qaoa,6,fake_torino,0.1,oracle_best,fake_marrakesh,1,False,0.155075,0.07628,0.07766833333333334,0.086628947368421,5700.0,0.0,0.0
qaoa_6,qaoa,6,fake_torino,0.1,oracle_nonworse,fake_fez;fake_marrakesh,2,False,0.155075,0.08468,0.08508833333333334,0.09218475146198825,5550.0,0.005555804093567249,-150.0
qaoa_6,qaoa,6,fake_torino,0.1,random,fake_fez;fake_kyiv;fake_marrakesh;fake_sherbrooke,4,False,0.155075,0.1267975,0.12613583333333334,0.1308719185197656,6325.0,0.044242971151344596,625.0
qaoa_6,qaoa,6,fake_torino,0.1,oracle_worst,fake_kyiv,1,False,0.155075,0.17362,0.169745,0.1772114335664335,7150.0,0.09058248619801251,1450.0
qaoa_6,qaoa,6,fake_torino,0.25,oracle_best,fake_marrakesh,1,False,0.155075,0.07628,0.07766833333333334,0.0999636885245901,6100.0,0.0,0.0
qaoa_6,qaoa,6,fake_torino,0.25,oracle_nonworse,fake_fez;fake_marrakesh,2,False,0.155075,0.08468,0.08508833333333334,0.10450684426229505,6125.0,0.004543155737704946,25.0
qaoa_6,qaoa,6,fake_torino,0.25,random,fake_fez;fake_kyiv;fake_marrakesh;fake_sherbrooke,4,False,0.155075,0.1267975,0.12613583333333334,0.13819963532634924,6450.0,0.03823594680175914,350.0
qaoa_6,qaoa,6,fake_torino,0.25,oracle_worst,fake_kyiv,1,False,0.155075,0.17362,0.169745,0.1760527099236641,6550.0,0.07608902139907399,450.0
qaoa_6,qaoa,6,fake_torino,0.5,oracle_best,fake_marrakesh,1,False,0.155075,0.07628,0.07766833333333334,0.1189733082706766,6650.0,0.0,0.0
qaoa_6,qaoa,6,fake_torino,0.5,oracle_nonworse,fake_fez;fake_marrakesh,2,False,0.155075,0.08468,0.08508833333333334,0.12051697671598345,6425.0,0.001543668445306845,-225.0
qaoa_6,qaoa,6,fake_torino,0.5,random,fake_fez;fake_kyiv;fake_marrakesh;fake_sherbrooke,4,False,0.155075,0.1267975,0.12613583333333334,0.14393375475462666,6687.5,0.024960446483950058,37.5
qaoa_6,qaoa,6,fake_torino,0.5,oracle_worst,fake_kyiv,1,False,0.155075,0.17362,0.169745,0.172178775510204,7350.0,0.05320546723952739,700.0
qaoa_6,qaoa,6,fake_torino,0.75,oracle_best,fake_marrakesh,1,False,0.155075,0.07628,0.07766833333333334,0.1358471621621621,7400.0,0.0,0.0
qaoa_6,qaoa,6,fake_torino,0.75,oracle_nonworse,fake_fez;fake_marrakesh,2,False,0.155075,0.08468,0.08508833333333334,0.1390471149156675,7025.0,0.003199952753505403,-375.0
qaoa_6,qaoa,6,fake_torino,0.75,random,fake_fez;fake_kyiv;fake_marrakesh;fake_sherbrooke,4,False,0.155075,0.1267975,0.12613583333333334,0.15206822496625125,6850.0,0.016221062804089137,-550.0
qaoa_6,qaoa,6,fake_torino,0.75,oracle_worst,fake_kyiv,1,False,0.155075,0.17362,0.169745,0.1649985185185185,6750.0,0.029151356356356378,-650.0
qaoa_6,qaoa,6,fake_torino,0.9,oracle_best,fake_marrakesh,1,False,0.155075,0.07628,0.07766833333333334,0.1476678571428571,7000.0,0.0,0.0
qaoa_6,qaoa,6,fake_torino,0.9,oracle_nonworse,fake_fez;fake_marrakesh,2,False,0.155075,0.08468,0.08508833333333334,0.1535599206349206,6650.0,0.005892063492063504,-350.0
qaoa_6,qaoa,6,fake_torino,0.9,random,fake_fez;fake_kyiv;fake_marrakesh;fake_sherbrooke,4,False,0.155075,0.1267975,0.12613583333333334,0.15770142043142038,6637.5,0.01003356328856328,-362.5
qaoa_6,qaoa,6,fake_torino,0.9,oracle_worst,fake_kyiv,1,False,0.155075,0.17362,0.169745,0.1600126923076923,6500.0,0.0123448351648352,-500.0
qaoa_8,qaoa,8,fake_fez,0.1,oracle_best,fake_marrakesh,1,False,0.122865,0.09147999999999999,0.09008666666666666,0.0972017441860465,8600.0,0.0,0.0
qaoa_8,qaoa,8,fake_fez,0.1,oracle_nonworse,fake_marrakesh,1,False,0.122865,0.09147999999999999,0.09008666666666666,0.0972017441860465,8600.0,0.0,0.0
qaoa_8,qaoa,8,fake_fez,0.1,random,fake_kyiv;fake_marrakesh;fake_sherbrooke;fake_torino,4,False,0.122865,0.18082749999999997,0.18068583333333332,0.17725608576026697,9975.0,0.08005434157422046,1375.0
qaoa_8,qaoa,8,fake_fez,0.1,oracle_worst,fake_kyiv,1,False,0.122865,0.23213,0.23197166666666666,0.2205218518518518,10800.0,0.1233201076658053,2200.0
qaoa_8,qaoa,8,fake_fez,0.25,oracle_best,fake_marrakesh,1,False,0.122865,0.09147999999999999,0.09008666666666666,0.1059333832335329,8350.0,0.0,0.0
qaoa_8,qaoa,8,fake_fez,0.25,oracle_nonworse,fake_marrakesh,1,False,0.122865,0.09147999999999999,0.09008666666666666,0.1059333832335329,8350.0,0.0,0.0
qaoa_8,qaoa,8,fake_fez,0.25,random,fake_kyiv;fake_marrakesh;fake_sherbrooke;fake_torino,4,False,0.122865,0.18082749999999997,0.18068583333333332,0.16961394711039107,9837.5,0.06368056387685818,1487.5
qaoa_8,qaoa,8,fake_fez,0.25,oracle_worst,fake_kyiv,1,False,0.122865,0.23213,0.23197166666666666,0.2047892452830188,10600.0,0.09885586204948592,2250.0
qaoa_8,qaoa,8,fake_fez,0.5,oracle_best,fake_marrakesh,1,False,0.122865,0.09147999999999999,0.09008666666666666,0.1158871428571428,8750.0,0.0,0.0
qaoa_8,qaoa,8,fake_fez,0.5,oracle_nonworse,fake_marrakesh,1,False,0.122865,0.09147999999999999,0.09008666666666666,0.1158871428571428,8750.0,0.0,0.0
qaoa_8,qaoa,8,fake_fez,0.5,random,fake_kyiv;fake_marrakesh;fake_sherbrooke;fake_torino,4,False,0.122865,0.18082749999999997,0.18068583333333332,0.15690951375675982,9800.0,0.04102237089961702,1050.0
qaoa_8,qaoa,8,fake_fez,0.5,oracle_worst,fake_kyiv,1,False,0.122865,0.23213,0.23197166666666666,0.1811036585365853,10250.0,0.0652165156794425,1500.0
qaoa_8,qaoa,8,fake_fez,0.75,oracle_best,fake_marrakesh,1,False,0.122865,0.09147999999999999,0.09008666666666666,0.1177324731182795,9300.0,0.0,0.0
qaoa_8,qaoa,8,fake_fez,0.75,oracle_nonworse,fake_marrakesh,1,False,0.122865,0.09147999999999999,0.09008666666666666,0.1177324731182795,9300.0,0.0,0.0
qaoa_8,qaoa,8,fake_fez,0.75,random,fake_kyiv;fake_marrakesh;fake_sherbrooke;fake_torino,4,False,0.122865,0.18082749999999997,0.18068583333333332,0.13953711891057324,9887.5,0.021804645792293742,587.5
qaoa_8,qaoa,8,fake_fez,0.75,oracle_worst,fake_kyiv,1,False,0.122865,0.23213,0.23197166666666666,0.1537676829268292,10250.0,0.03603520980854971,950.0
qaoa_8,qaoa,8,fake_fez,0.9,oracle_best,fake_marrakesh,1,False,0.122865,0.09147999999999999,0.09008666666666666,0.1204344535519125,9150.0,0.0,0.0
qaoa_8,qaoa,8,fake_fez,0.9,oracle_nonworse,fake_marrakesh,1,False,0.122865,0.09147999999999999,0.09008666666666666,0.1204344535519125,9150.0,0.0,0.0
qaoa_8,qaoa,8,fake_fez,0.9,random,fake_kyiv;fake_marrakesh;fake_sherbrooke;fake_torino,4,False,0.122865,0.18082749999999997,0.18068583333333332,0.1294366520408675,9787.5,0.00900219848895499,637.5
qaoa_8,qaoa,8,fake_fez,0.9,oracle_worst,fake_kyiv,1,False,0.122865,0.23213,0.23197166666666666,0.1366866666666666,10200.0,0.016252213114754097,1050.0
qaoa_8,qaoa,8,fake_kyiv,0.1,oracle_best,fake_marrakesh,1,False,0.23213,0.09147999999999999,0.09008666666666666,0.108335,8750.0,0.0,0.0
qaoa_8,qaoa,8,fake_kyiv,0.1,oracle_nonworse,fake_fez;fake_marrakesh;fake_sherbrooke;fake_torino,4,False,0.23213,0.15351125,0.15303208333333335,0.16259530335584205,9650.0,0.054260303355842046,900.0
qaoa_8,qaoa,8,fake_kyiv,0.1,random,fake_fez;fake_marrakesh;fake_sherbrooke;fake_torino,4,False,0.23213,0.15351125,0.15303208333333335,0.16259530335584205,9650.0,0.054260303355842046,900.0
qaoa_8,qaoa,8,fake_kyiv,0.1,oracle_worst,fake_sherbrooke,1,False,0.23213,0.20831,0.20807666666666666,0.2118112962962963,10800.0,0.1034762962962963,2050.0
qaoa_8,qaoa,8,fake_kyiv,0.25,oracle_best,fake_marrakesh,1,False,0.23213,0.09147999999999999,0.09008666666666666,0.1288459770114942,8700.0,0.0,0.0
qaoa_8,qaoa,8,fake_kyiv,0.25,oracle_nonworse,fake_fez;fake_marrakesh;fake_sherbrooke;fake_torino,4,False,0.23213,0.15351125,0.15303208333333335,0.170797644972073,9737.5,0.04195166796057881,1037.5
qaoa_8,qaoa,8,fake_kyiv,0.25,random,fake_fez;fake_marrakesh;fake_sherbrooke;fake_torino,4,False,0.23213,0.15351125,0.15303208333333335,0.170797644972073,9737.5,0.04195166796057881,1037.5
qaoa_8,qaoa,8,fake_kyiv,0.25,oracle_worst,fake_sherbrooke,1,False,0.23213,0.20831,0.20807666666666666,0.2071585365853658,10250.0,0.07831255957387159,1550.0
qaoa_8,qaoa,8,fake_kyiv,0.5,oracle_best,fake_marrakesh,1,False,0.23213,0.09147999999999999,0.09008666666666666,0.1657175,9600.0,0.0,0.0
qaoa_8,qaoa,8,fake_kyiv,0.5,oracle_nonworse,fake_fez;fake_marrakesh;fake_sherbrooke;fake_torino,4,False,0.23213,0.15351125,0.15303208333333335,0.19250096086558438,10025.0,0.02678346086558439,425.0
qaoa_8,qaoa,8,fake_kyiv,0.5,random,fake_fez;fake_marrakesh;fake_sherbrooke;fake_torino,4,False,0.23213,0.15351125,0.15303208333333335,0.19250096086558438,10025.0,0.02678346086558439,425.0
qaoa_8,qaoa,8,fake_kyiv,0.5,oracle_worst,fake_sherbrooke,1,False,0.23213,0.20831,0.20807666666666666,0.2144969953051643,10650.0,0.04877949530516432,1050.0
qaoa_8,qaoa,8,fake_kyiv,0.75,oracle_best,fake_marrakesh,1,False,0.23213,0.09147999999999999,0.09008666666666666,0.1953908823529411,10200.0,0.0,0.0
qaoa_8,qaoa,8,fake_kyiv,0.75,oracle_nonworse,fake_fez;fake_marrakesh;fake_sherbrooke;fake_torino,4,False,0.23213,0.15351125,0.15303208333333335,0.20626377876648852,10487.5,0.010872896413547412,287.5
qaoa_8,qaoa,8,fake_kyiv,0.75,random,fake_fez;fake_marrakesh;fake_sherbrooke;fake_torino,4,False,0.23213,0.15351125,0.15303208333333335,0.20626377876648852,10487.5,0.010872896413547412,287.5
qaoa_8,qaoa,8,fake_kyiv,0.75,oracle_worst,fake_sherbrooke,1,False,0.23213,0.20831,0.20807666666666666,0.2159251801801801,11100.0,0.02053429782723898,900.0
qaoa_8,qaoa,8,fake_kyiv,0.9,oracle_best,fake_marrakesh,1,False,0.23213,0.09147999999999999,0.09008666666666666,0.217775,10400.0,0.0,0.0
qaoa_8,qaoa,8,fake_kyiv,0.9,oracle_nonworse,fake_fez;fake_marrakesh;fake_sherbrooke;fake_torino,4,False,0.23213,0.15351125,0.15303208333333335,0.22148237256957287,10500.0,0.0037073725695728754,100.0
qaoa_8,qaoa,8,fake_kyiv,0.9,random,fake_fez;fake_marrakesh;fake_sherbrooke;fake_torino,4,False,0.23213,0.15351125,0.15303208333333335,0.22148237256957287,10500.0,0.0037073725695728754,100.0
qaoa_8,qaoa,8,fake_kyiv,0.9,oracle_worst,fake_sherbrooke,1,False,0.23213,0.20831,0.20807666666666666,0.2245468867924528,10600.0,0.0067718867924528026,200.0
qaoa_8,qaoa,8,fake_marrakesh,0.1,oracle_best,fake_fez,1,False,0.09147999999999999,0.122865,0.12135666666666667,0.1211336363636363,8800.0,0.0,0.0
qaoa_8,qaoa,8,fake_marrakesh,0.1,oracle_nonworse,fake_fez,1,True,0.09147999999999999,0.122865,0.12135666666666667,0.1211336363636363,8800.0,0.0,0.0
qaoa_8,qaoa,8,fake_marrakesh,0.1,random,fake_fez;fake_kyiv;fake_sherbrooke;fake_torino,4,False,0.09147999999999999,0.18867374999999997,0.18850333333333336,0.1824075360324814,10137.5,0.06127389966884508,1337.5
qaoa_8,qaoa,8,fake_marrakesh,0.1,oracle_worst,fake_kyiv,1,False,0.09147999999999999,0.23213,0.23197166666666666,0.2210726605504587,10900.0,0.0999390241868224,2100.0
qaoa_8,qaoa,8,fake_marrakesh,0.25,oracle_best,fake_fez,1,False,0.09147999999999999,0.122865,0.12135666666666667,0.1179621621621621,9250.0,0.0,0.0
qaoa_8,qaoa,8,fake_marrakesh,0.25,oracle_nonworse,fake_fez,1,True,0.09147999999999999,0.122865,0.12135666666666667,0.1179621621621621,9250.0,0.0,0.0
qaoa_8,qaoa,8,fake_marrakesh,0.25,random,fake_fez;fake_kyiv;fake_sherbrooke;fake_torino,4,False,0.09147999999999999,0.18867374999999997,0.18850333333333336,0.1681221139143362,9837.5,0.05015995175217411,587.5
qaoa_8,qaoa,8,fake_marrakesh,0.25,oracle_worst,fake_kyiv,1,False,0.09147999999999999,0.23213,0.23197166666666666,0.2014581553398058,10300.0,0.0834959931776437,1050.0
qaoa_8,qaoa,8,fake_marrakesh,0.5,oracle_best,fake_fez,1,False,0.09147999999999999,0.122865,0.12135666666666667,0.1156348128342246,9350.0,0.0,0.0
qaoa_8,qaoa,8,fake_marrakesh,0.5,oracle_nonworse,fake_fez,1,True,0.09147999999999999,0.122865,0.12135666666666667,0.1156348128342246,9350.0,0.0,0.0
qaoa_8,qaoa,8,fake_marrakesh,0.5,random,fake_fez;fake_kyiv;fake_sherbrooke;fake_torino,4,False,0.09147999999999999,0.18867374999999997,0.18850333333333336,0.15012890116681224,10087.5,0.034494088332587644,737.5
qaoa_8,qaoa,8,fake_marrakesh,0.5,oracle_worst,fake_kyiv,1,False,0.09147999999999999,0.23213,0.23197166666666666,0.1734670737327189,10850.0,0.05783226089849432,1500.0
qaoa_8,qaoa,8,fake_marrakesh,0.75,oracle_best,fake_fez,1,False,0.09147999999999999,0.122865,0.12135666666666667,0.1065361904761904,8400.0,0.0,0.0
qaoa_8,qaoa,8,fake_marrakesh,0.75,oracle_nonworse,fake_fez,1,True,0.09147999999999999,0.122865,0.12135666666666667,0.1065361904761904,8400.0,0.0,0.0
qaoa_8,qaoa,8,fake_marrakesh,0.75,random,fake_fez;fake_kyiv;fake_sherbrooke;fake_torino,4,False,0.09147999999999999,0.18867374999999997,0.18850333333333336,0.12817226191426528,9587.5,0.02163607143807489,1187.5
qaoa_8,qaoa,8,fake_marrakesh,0.75,oracle_worst,fake_kyiv,1,False,0.09147999999999999,0.23213,0.23197166666666666,0.1505458447488584,10950.0,0.04400965427266801,2550.0
qaoa_8,qaoa,8,fake_marrakesh,0.9,oracle_best,fake_fez,1,False,0.09147999999999999,0.122865,0.12135666666666667,0.1029566666666666,9600.0,0.0,0.0
qaoa_8,qaoa,8,fake_marrakesh,0.9,oracle_nonworse,fake_fez,1,True,0.09147999999999999,0.122865,0.12135666666666667,0.1029566666666666,9600.0,0.0,0.0
qaoa_8,qaoa,8,fake_marrakesh,0.9,random,fake_fez;fake_kyiv;fake_sherbrooke;fake_torino,4,False,0.09147999999999999,0.18867374999999997,0.18850333333333336,0.11766405723587361,10125.0,0.014707390569207016,525.0
qaoa_8,qaoa,8,fake_marrakesh,0.9,oracle_worst,fake_kyiv,1,False,0.09147999999999999,0.23213,0.23197166666666666,0.1294487320574162,10450.0,0.026492065390749595,850.0
qaoa_8,qaoa,8,fake_sherbrooke,0.1,oracle_best,fake_marrakesh,1,False,0.20831,0.09147999999999999,0.09008666666666666,0.1057031818181818,8800.0,0.0,0.0
qaoa_8,qaoa,8,fake_sherbrooke,0.1,oracle_nonworse,fake_fez;fake_marrakesh;fake_torino,3,False,0.20831,0.135245,0.13468388888888888,0.14364564537452593,9316.666666666666,0.03794246355634413,516.6666666666661
qaoa_8,qaoa,8,fake_sherbrooke,0.1,random,fake_fez;fake_kyiv;fake_marrakesh;fake_torino,4,False,0.20831,0.15946625,0.15900583333333335,0.16425423403089445,9737.5,0.05855105221271266,937.5
qaoa_8,qaoa,8,fake_sherbrooke,0.1,oracle_worst,fake_kyiv,1,False,0.20831,0.23213,0.23197166666666666,0.22608,11000.0,0.12037681818181821,2200.0
qaoa_8,qaoa,8,fake_sherbrooke,0.25,oracle_best,fake_marrakesh,1,False,0.20831,0.09147999999999999,0.09008666666666666,0.1248377272727272,8800.0,0.0,0.0
qaoa_8,qaoa,8,fake_sherbrooke,0.25,oracle_nonworse,fake_fez;fake_marrakesh;fake_torino,3,False,0.20831,0.135245,0.13468388888888888,0.1549370383871447,9533.333333333334,0.030099311114417507,733.3333333333339
qaoa_8,qaoa,8,fake_sherbrooke,0.25,random,fake_fez;fake_kyiv;fake_marrakesh;fake_torino,4,False,0.20831,0.15946625,0.15900583333333335,0.17016540888085624,9912.5,0.04532768160812904,1112.5
qaoa_8,qaoa,8,fake_sherbrooke,0.25,oracle_worst,fake_kyiv,1,False,0.20831,0.23213,0.23197166666666666,0.2158505203619909,11050.0,0.0910127930892637,2250.0
qaoa_8,qaoa,8,fake_sherbrooke,0.5,oracle_best,fake_marrakesh,1,False,0.20831,0.09147999999999999,0.09008666666666666,0.1574264102564102,9750.0,0.0,0.0
qaoa_8,qaoa,8,fake_sherbrooke,0.5,oracle_nonworse,fake_fez;fake_marrakesh;fake_torino,3,False,0.20831,0.135245,0.13468388888888888,0.17469677502307177,9650.0,0.017270364766661578,-100.0
qaoa_8,qaoa,8,fake_sherbrooke,0.5,random,fake_fez;fake_kyiv;fake_marrakesh;fake_torino,4,False,0.20831,0.15946625,0.15900583333333335,0.18430253409749248,9887.5,0.02687612384108229,137.5
qaoa_8,qaoa,8,fake_sherbrooke,0.5,oracle_worst,fake_kyiv,1,False,0.20831,0.23213,0.23197166666666666,0.2131198113207547,10600.0,0.055693401064344505,850.0
qaoa_8,qaoa,8,fake_sherbrooke,0.75,oracle_best,fake_marrakesh,1,False,0.20831,0.09147999999999999,0.09008666666666666,0.1830471428571428,10500.0,0.0,0.0
qaoa_8,qaoa,8,fake_sherbrooke,0.75,oracle_nonworse,fake_fez;fake_marrakesh;fake_torino,3,False,0.20831,0.135245,0.13468388888888888,0.1922389691752426,10250.0,0.00919182631809981,-250.0
qaoa_8,qaoa,8,fake_sherbrooke,0.75,random,fake_fez;fake_kyiv;fake_marrakesh;fake_torino,4,False,0.20831,0.15946625,0.15900583333333335,0.1961317582884671,10175.0,0.013084615431324303,-325.0
qaoa_8,qaoa,8,fake_sherbrooke,0.75,oracle_worst,fake_kyiv,1,False,0.20831,0.23213,0.23197166666666666,0.2078101256281407,9950.0,0.024762982770997893,-550.0
qaoa_8,qaoa,8,fake_sherbrooke,0.9,oracle_best,fake_marrakesh,1,False,0.20831,0.09147999999999999,0.09008666666666666,0.2105638461538461,10400.0,0.0,0.0
qaoa_8,qaoa,8,fake_sherbrooke,0.9,oracle_nonworse,fake_fez;fake_marrakesh;fake_torino,3,False,0.20831,0.135245,0.13468388888888888,0.21152538461538453,10400.0,0.0009615384615384304,0.0
qaoa_8,qaoa,8,fake_sherbrooke,0.9,random,fake_fez;fake_kyiv;fake_marrakesh;fake_torino,4,False,0.20831,0.15946625,0.15900583333333335,0.2118988178733031,10562.5,0.001334971719457012,162.5
qaoa_8,qaoa,8,fake_sherbrooke,0.9,oracle_worst,fake_kyiv,1,False,0.20831,0.23213,0.23197166666666666,0.2130191176470588,11050.0,0.0024552714932127018,650.0
qaoa_8,qaoa,8,fake_torino,0.1,oracle_best,fake_marrakesh,1,False,0.19139,0.09147999999999999,0.09008666666666666,0.1012853468208092,8650.0,0.0,0.0
qaoa_8,qaoa,8,fake_torino,0.1,oracle_nonworse,fake_fez;fake_marrakesh,2,False,0.19139,0.1071725,0.10572166666666666,0.11497210078470625,8800.0,0.013686753963897055,150.0
qaoa_8,qaoa,8,fake_torino,0.1,random,fake_fez;fake_kyiv;fake_marrakesh;fake_sherbrooke,4,False,0.19139,0.16369625,0.16287291666666667,0.16545591618114677,9787.5,0.06417056936033758,1137.5
qaoa_8,qaoa,8,fake_torino,0.1,oracle_worst,fake_kyiv,1,False,0.19139,0.23213,0.23197166666666666,0.2241982949308756,10850.0,0.1229129481100664,2200.0
qaoa_8,qaoa,8,fake_torino,0.25,oracle_best,fake_marrakesh,1,False,0.19139,0.09147999999999999,0.09008666666666666,0.1155366081871344,8550.0,0.0,0.0
qaoa_8,qaoa,8,fake_torino,0.25,oracle_nonworse,fake_fez;fake_marrakesh,2,False,0.19139,0.1071725,0.10572166666666666,0.1265258040935672,9075.0,0.010989195906432797,525.0
qaoa_8,qaoa,8,fake_torino,0.25,random,fake_fez;fake_kyiv;fake_marrakesh;fake_sherbrooke,4,False,0.19139,0.16369625,0.16287291666666667,0.16629091119944306,9750.0,0.050754303012308655,1200.0
qaoa_8,qaoa,8,fake_torino,0.25,oracle_worst,fake_kyiv,1,False,0.19139,0.23213,0.23197166666666666,0.2140260465116279,10750.0,0.0984894383244935,2200.0
qaoa_8,qaoa,8,fake_torino,0.5,oracle_best,fake_marrakesh,1,False,0.19139,0.09147999999999999,0.09008666666666666,0.1460022222222222,9000.0,0.0,0.0
qaoa_8,qaoa,8,fake_torino,0.5,oracle_nonworse,fake_fez;fake_marrakesh,2,False,0.19139,0.1071725,0.10572166666666666,0.1506619037940379,9625.0,0.004659681571815705,625.0
qaoa_8,qaoa,8,fake_torino,0.5,random,fake_fez;fake_kyiv;fake_marrakesh;fake_sherbrooke,4,False,0.19139,0.16369625,0.16287291666666667,0.17714977201568127,9862.5,0.031147549793459073,862.5
qaoa_8,qaoa,8,fake_torino,0.5,oracle_worst,fake_kyiv,1,False,0.19139,0.23213,0.23197166666666666,0.2099822222222222,9900.0,0.06398000000000001,900.0
qaoa_8,qaoa,8,fake_torino,0.75,oracle_best,fake_marrakesh,1,False,0.19139,0.09147999999999999,0.09008666666666666,0.1649971359223301,10300.0,0.0,0.0
qaoa_8,qaoa,8,fake_torino,0.75,oracle_nonworse,fake_fez;fake_marrakesh,2,False,0.19139,0.1071725,0.10572166666666666,0.17199869616629326,10025.0,0.007001560243963173,-275.0
qaoa_8,qaoa,8,fake_torino,0.75,random,fake_fez;fake_kyiv;fake_marrakesh;fake_sherbrooke,4,False,0.19139,0.16369625,0.16287291666666667,0.18533741412088248,10312.5,0.020340278198552386,12.5
qaoa_8,qaoa,8,fake_torino,0.75,oracle_worst,fake_kyiv,1,False,0.19139,0.23213,0.23197166666666666,0.2012882075471698,10600.0,0.036291071624839716,300.0
qaoa_8,qaoa,8,fake_torino,0.9,oracle_best,fake_marrakesh,1,False,0.19139,0.09147999999999999,0.09008666666666666,0.1828614285714285,9800.0,0.0,0.0
qaoa_8,qaoa,8,fake_torino,0.9,oracle_nonworse,fake_fez;fake_marrakesh,2,False,0.19139,0.1071725,0.10572166666666666,0.1853536309523809,9700.0,0.0024922023809523797,-100.0
qaoa_8,qaoa,8,fake_torino,0.9,random,fake_fez;fake_kyiv;fake_marrakesh;fake_sherbrooke,4,False,0.19139,0.16369625,0.16287291666666667,0.1892790924014533,9987.5,0.006417663830024789,187.5
qaoa_8,qaoa,8,fake_torino,0.9,oracle_worst,fake_kyiv,1,False,0.19139,0.23213,0.23197166666666666,0.1945456763285024,10350.0,0.011684247757073885,550.0
qft_10,qft,10,fake_fez,0.1,oracle_best,fake_kyiv,1,False,0.161765,0.154595,0.148045,0.15038,20000.0,0.0,0.0
qft_10,qft,10,fake_fez,0.1,oracle_nonworse,fake_kyiv;fake_marrakesh;fake_sherbrooke,3,False,0.161765,0.15498166666666666,0.14943944444444446,0.15055166666666667,20000.0,0.0001716666666666533,0.0
qft_10,qft,10,fake_fez,0.1,random,fake_kyiv;fake_marrakesh;fake_sherbrooke;fake_torino,4,False,0.161765,0.1575975,0.15067375,0.15287875,20000.0,0.002498749999999994,0.0
qft_10,qft,10,fake_fez,0.1,oracle_worst,fake_torino,1,False,0.161765,0.165445,0.15437666666666666,0.15986,20000.0,0.009479999999999988,0.0
qft_10,qft,10,fake_fez,0.25,oracle_best,fake_kyiv,1,False,0.161765,0.154595,0.148045,0.144755,20000.0,0.0,0.0
qft_10,qft,10,fake_fez,0.25,oracle_nonworse,fake_kyiv;fake_marrakesh;fake_sherbrooke,3,False,0.161765,0.15498166666666666,0.14943944444444446,0.14506333333333335,20000.0,0.0003083333333333549,0.0
qft_10,qft,10,fake_fez,0.25,random,fake_kyiv;fake_marrakesh;fake_sherbrooke;fake_torino,4,False,0.161765,0.1575975,0.15067375,0.14726,20000.0,0.0025050000000000072,0.0
qft_10,qft,10,fake_fez,0.25,oracle_worst,fake_torino,1,False,0.161765,0.165445,0.15437666666666666,0.15385,20000.0,0.009094999999999992,0.0
qft_10,qft,10,fake_fez,0.5,oracle_best,fake_kyiv,1,False,0.161765,0.154595,0.148045,0.141355,20000.0,0.0,0.0
qft_10,qft,10,fake_fez,0.5,oracle_nonworse,fake_kyiv;fake_marrakesh;fake_sherbrooke,3,False,0.161765,0.15498166666666666,0.14943944444444446,0.14239166666666667,20000.0,0.001036666666666658,0.0
qft_10,qft,10,fake_fez,0.5,random,fake_kyiv;fake_marrakesh;fake_sherbrooke;fake_torino,4,False,0.161765,0.1575975,0.15067375,0.14316500000000001,20000.0,0.001810000000000006,0.0
qft_10,qft,10,fake_fez,0.5,oracle_worst,fake_torino,1,False,0.161765,0.165445,0.15437666666666666,0.145485,20000.0,0.004129999999999995,0.0
qft_10,qft,10,fake_fez,0.75,oracle_best,fake_kyiv,1,False,0.161765,0.154595,0.148045,0.1484649999999999,20000.0,0.0,0.0
qft_10,qft,10,fake_fez,0.75,oracle_nonworse,fake_kyiv;fake_marrakesh;fake_sherbrooke,3,False,0.161765,0.15498166666666666,0.14943944444444446,0.1471283333333333,20000.0,-0.0013366666666665972,0.0
qft_10,qft,10,fake_fez,0.75,random,fake_kyiv;fake_marrakesh;fake_sherbrooke;fake_torino,4,False,0.161765,0.1575975,0.15067375,0.14750999999999997,20000.0,-0.0009549999999999281,0.0
qft_10,qft,10,fake_fez,0.75,oracle_worst,fake_torino,1,False,0.161765,0.165445,0.15437666666666666,0.148655,20000.0,0.00019000000000010675,0.0
qft_10,qft,10,fake_fez,0.9,oracle_best,fake_kyiv,1,False,0.161765,0.154595,0.148045,0.15608,20000.0,0.0,0.0
qft_10,qft,10,fake_fez,0.9,oracle_nonworse,fake_kyiv;fake_marrakesh;fake_sherbrooke,3,False,0.161765,0.15498166666666666,0.14943944444444446,0.15540833333333334,20000.0,-0.0006716666666666538,0.0
qft_10,qft,10,fake_fez,0.9,random,fake_kyiv;fake_marrakesh;fake_sherbrooke;fake_torino,4,False,0.161765,0.1575975,0.15067375,0.15566875,20000.0,-0.0004112500000000019,0.0
qft_10,qft,10,fake_fez,0.9,oracle_worst,fake_torino,1,False,0.161765,0.165445,0.15437666666666666,0.15645,20000.0,0.0003700000000000092,0.0
qft_10,qft,10,fake_kyiv,0.1,oracle_best,fake_marrakesh,1,False,0.154595,0.15338,0.14832333333333333,0.150125,20000.0,0.0,0.0
qft_10,qft,10,fake_kyiv,0.1,oracle_nonworse,fake_marrakesh,1,False,0.154595,0.15338,0.14832333333333333,0.150125,20000.0,0.0,0.0
qft_10,qft,10,fake_kyiv,0.1,random,fake_fez;fake_marrakesh;fake_sherbrooke;fake_torino,4,False,0.154595,0.15939,0.15135958333333333,0.15435625000000003,20000.0,0.00423125000000002,0.0
qft_10,qft,10,fake_kyiv,0.1,oracle_worst,fake_torino,1,False,0.154595,0.165445,0.15437666666666666,0.158565,20000.0,0.008440000000000003,0.0
qft_10,qft,10,fake_kyiv,0.25,oracle_best,fake_marrakesh,1,False,0.154595,0.15338,0.14832333333333333,0.143315,20000.0,0.0,0.0
qft_10,qft,10,fake_kyiv,0.25,oracle_nonworse,fake_marrakesh,1,False,0.154595,0.15338,0.14832333333333333,0.143315,20000.0,0.0,0.0
qft_10,qft,10,fake_kyiv,0.25,random,fake_fez;fake_marrakesh;fake_sherbrooke;fake_torino,4,False,0.154595,0.15939,0.15135958333333333,0.14773375,20000.0,0.004418749999999999,0.0
qft_10,qft,10,fake_kyiv,0.25,oracle_worst,fake_torino,1,False,0.154595,0.165445,0.15437666666666666,0.15075,20000.0,0.007434999999999997,0.0
qft_10,qft,10,fake_kyiv,0.5,oracle_best,fake_marrakesh,1,False,0.154595,0.15338,0.14832333333333333,0.141675,20000.0,0.0,0.0
qft_10,qft,10,fake_kyiv,0.5,oracle_nonworse,fake_marrakesh,1,False,0.154595,0.15338,0.14832333333333333,0.141675,20000.0,0.0,0.0
qft_10,qft,10,fake_kyiv,0.5,random,fake_fez;fake_marrakesh;fake_sherbrooke;fake_torino,4,False,0.154595,0.15939,0.15135958333333333,0.14250374999999998,20000.0,0.0008287499999999892,0.0
qft_10,qft,10,fake_kyiv,0.5,oracle_worst,fake_torino,1,False,0.154595,0.165445,0.15437666666666666,0.144685,20000.0,0.0030100000000000127,0.0
qft_10,qft,10,fake_kyiv,0.75,oracle_best,fake_marrakesh,1,False,0.154595,0.15338,0.14832333333333333,0.14391,20000.0,0.0,0.0
qft_10,qft,10,fake_kyiv,0.75,oracle_nonworse,fake_marrakesh,1,False,0.154595,0.15338,0.14832333333333333,0.14391,20000.0,0.0,0.0
qft_10,qft,10,fake_kyiv,0.75,random,fake_fez;fake_marrakesh;fake_sherbrooke;fake_torino,4,False,0.154595,0.15939,0.15135958333333333,0.1451725,20000.0,0.0012624999999999997,0.0
qft_10,qft,10,fake_kyiv,0.75,oracle_worst,fake_torino,1,False,0.154595,0.165445,0.15437666666666666,0.147405,20000.0,0.003494999999999998,0.0
qft_10,qft,10,fake_kyiv,0.9,oracle_best,fake_marrakesh,1,False,0.154595,0.15338,0.14832333333333333,0.148355,20000.0,0.0,0.0
qft_10,qft,10,fake_kyiv,0.9,oracle_nonworse,fake_marrakesh,1,False,0.154595,0.15338,0.14832333333333333,0.148355,20000.0,0.0,0.0
qft_10,qft,10,fake_kyiv,0.9,random,fake_fez;fake_marrakesh;fake_sherbrooke;fake_torino,4,False,0.154595,0.15939,0.15135958333333333,0.1499375,20000.0,0.0015825000000000145,0.0
qft_10,qft,10,fake_kyiv,0.9,oracle_worst,fake_torino,1,False,0.154595,0.165445,0.15437666666666666,0.151315,20000.0,0.002960000000000018,0.0
qft_10,qft,10,fake_marrakesh,0.1,oracle_best,fake_kyiv,1,False,0.15338,0.154595,0.148045,0.148355,20000.0,0.0,0.0
qft_10,qft,10,fake_marrakesh,0.1,oracle_nonworse,fake_kyiv,1,True,0.15338,0.154595,0.148045,0.148355,20000.0,0.0,0.0
qft_10,qft,10,fake_marrakesh,0.1,random,fake_fez;fake_kyiv;fake_sherbrooke;fake_torino,4,False,0.15338,0.15969375,0.15128999999999998,0.15354125,20000.0,0.005186250000000003,0.0
qft_10,qft,10,fake_marrakesh,0.1,oracle_worst,fake_torino,1,False,0.15338,0.165445,0.15437666666666666,0.16091,20000.0,0.01255500000000001,0.0
qft_10,qft,10,fake_marrakesh,0.25,oracle_best,fake_kyiv,1,False,0.15338,0.154595,0.148045,0.14391,20000.0,0.0,0.0
qft_10,qft,10,fake_marrakesh,0.25,oracle_nonworse,fake_kyiv,1,True,0.15338,0.154595,0.148045,0.14391,20000.0,0.0,0.0
qft_10,qft,10,fake_marrakesh,0.25,random,fake_fez;fake_kyiv;fake_sherbrooke;fake_torino,4,False,0.15338,0.15969375,0.15128999999999998,0.14713874999999998,20000.0,0.0032287499999999747,0.0
qft_10,qft,10,fake_marrakesh,0.25,oracle_worst,fake_torino,1,False,0.15338,0.165445,0.15437666666666666,0.155215,20000.0,0.011304999999999982,0.0
qft_10,qft,10,fake_marrakesh,0.5,oracle_best,fake_kyiv,1,False,0.15338,0.154595,0.148045,0.141675,20000.0,0.0,0.0
qft_10,qft,10,fake_marrakesh,0.5,oracle_nonworse,fake_kyiv,1,True,0.15338,0.154595,0.148045,0.141675,20000.0,0.0,0.0
qft_10,qft,10,fake_marrakesh,0.5,random,fake_fez;fake_kyiv;fake_sherbrooke;fake_torino,4,False,0.15338,0.15969375,0.15128999999999998,0.14235125,20000.0,0.0006762500000000171,0.0
qft_10,qft,10,fake_marrakesh,0.5,oracle_worst,fake_torino,1,False,0.15338,0.165445,0.15437666666666666,0.14598,20000.0,0.004305000000000003,0.0
qft_10,qft,10,fake_marrakesh,0.75,oracle_best,fake_kyiv,1,False,0.15338,0.154595,0.148045,0.143315,20000.0,0.0,0.0
qft_10,qft,10,fake_marrakesh,0.75,oracle_nonworse,fake_kyiv,1,True,0.15338,0.154595,0.148045,0.143315,20000.0,0.0,0.0
qft_10,qft,10,fake_marrakesh,0.75,random,fake_fez;fake_kyiv;fake_sherbrooke;fake_torino,4,False,0.15338,0.15969375,0.15128999999999998,0.14388125000000002,20000.0,0.0005662500000000181,0.0
qft_10,qft,10,fake_marrakesh,0.75,oracle_worst,fake_torino,1,False,0.15338,0.165445,0.15437666666666666,0.14677,20000.0,0.0034550000000000136,0.0
qft_10,qft,10,fake_marrakesh,0.9,oracle_best,fake_kyiv,1,False,0.15338,0.154595,0.148045,0.150125,20000.0,0.0,0.0
qft_10,qft,10,fake_marrakesh,0.9,oracle_nonworse,fake_kyiv,1,True,0.15338,0.154595,0.148045,0.150125,20000.0,0.0,0.0
qft_10,qft,10,fake_marrakesh,0.9,random,fake_fez;fake_kyiv;fake_sherbrooke;fake_torino,4,False,0.15338,0.15969375,0.15128999999999998,0.14963125,20000.0,-0.000493750000000015,0.0
qft_10,qft,10,fake_marrakesh,0.9,oracle_worst,fake_torino,1,False,0.15338,0.165445,0.15437666666666666,0.15099,20000.0,0.0008650000000000047,0.0
qft_10,qft,10,fake_sherbrooke,0.1,oracle_best,fake_kyiv,1,False,0.15697,0.154595,0.148045,0.1497,20000.0,0.0,0.0
qft_10,qft,10,fake_sherbrooke,0.1,oracle_nonworse,fake_kyiv;fake_marrakesh,2,False,0.15697,0.1539875,0.14818416666666667,0.149065,20000.0,-0.0006349999999999967,0.0
qft_10,qft,10,fake_sherbrooke,0.1,random,fake_fez;fake_kyiv;fake_marrakesh;fake_torino,4,False,0.15697,0.15879624999999997,0.1503833333333333,0.15348625,20000.0,0.003786249999999991,0.0
qft_10,qft,10,fake_sherbrooke,0.1,oracle_worst,fake_torino,1,False,0.15697,0.165445,0.15437666666666666,0.160595,20000.0,0.010894999999999988,0.0
qft_10,qft,10,fake_sherbrooke,0.25,oracle_best,fake_kyiv,1,False,0.15697,0.154595,0.148045,0.14462,20000.0,0.0,0.0
qft_10,qft,10,fake_sherbrooke,0.25,oracle_nonworse,fake_kyiv;fake_marrakesh,2,False,0.15697,0.1539875,0.14818416666666667,0.1427475,20000.0,-0.0018724999999999992,0.0
qft_10,qft,10,fake_sherbrooke,0.25,random,fake_fez;fake_kyiv;fake_marrakesh;fake_torino,4,False,0.15697,0.15879624999999997,0.1503833333333333,0.14548124999999998,20000.0,0.0008612499999999801,0.0
qft_10,qft,10,fake_sherbrooke,0.25,oracle_worst,fake_torino,1,False,0.15697,0.165445,0.15437666666666666,0.15062,20000.0,0.006000000000000005,0.0
qft_10,qft,10,fake_sherbrooke,0.5,oracle_best,fake_kyiv,1,False,0.15697,0.154595,0.148045,0.1423,20000.0,0.0,0.0
qft_10,qft,10,fake_sherbrooke,0.5,oracle_nonworse,fake_kyiv;fake_marrakesh,2,False,0.15697,0.1539875,0.14818416666666667,0.1397025,20000.0,-0.0025975000000000026,0.0
qft_10,qft,10,fake_sherbrooke,0.5,random,fake_fez;fake_kyiv;fake_marrakesh;fake_torino,4,False,0.15697,0.15879624999999997,0.1503833333333333,0.1411175,20000.0,-0.001182500000000003,0.0
qft_10,qft,10,fake_sherbrooke,0.5,oracle_worst,fake_torino,1,False,0.15697,0.165445,0.15437666666666666,0.14389,20000.0,0.0015899999999999803,0.0
qft_10,qft,10,fake_sherbrooke,0.75,oracle_best,fake_kyiv,1,False,0.15697,0.154595,0.148045,0.148405,20000.0,0.0,0.0
qft_10,qft,10,fake_sherbrooke,0.75,oracle_nonworse,fake_kyiv;fake_marrakesh,2,False,0.15697,0.1539875,0.14818416666666667,0.1453625,20000.0,-0.0030425000000000035,0.0
qft_10,qft,10,fake_sherbrooke,0.75,random,fake_fez;fake_kyiv;fake_marrakesh;fake_torino,4,False,0.15697,0.15879624999999997,0.1503833333333333,0.14623125,20000.0,-0.002173750000000002,0.0
qft_10,qft,10,fake_sherbrooke,0.75,oracle_worst,fake_torino,1,False,0.15697,0.165445,0.15437666666666666,0.14833,20000.0,-7.50000000000195e-05,0.0
qft_10,qft,10,fake_sherbrooke,0.9,oracle_best,fake_kyiv,1,False,0.15697,0.154595,0.148045,0.152655,20000.0,0.0,0.0
qft_10,qft,10,fake_sherbrooke,0.9,oracle_nonworse,fake_kyiv;fake_marrakesh,2,False,0.15697,0.1539875,0.14818416666666667,0.151315,20000.0,-0.0013400000000000079,0.0
qft_10,qft,10,fake_sherbrooke,0.9,random,fake_fez;fake_kyiv;fake_marrakesh;fake_torino,4,False,0.15697,0.15879624999999997,0.1503833333333333,0.15193500000000001,20000.0,-0.0007199999999999984,0.0
qft_10,qft,10,fake_sherbrooke,0.9,oracle_worst,fake_torino,1,False,0.15697,0.165445,0.15437666666666666,0.152815,20000.0,0.00015999999999999348,0.0
qft_10,qft,10,fake_torino,0.1,oracle_best,fake_kyiv,1,False,0.165445,0.154595,0.148045,0.151315,20000.0,0.0,0.0
qft_10,qft,10,fake_torino,0.1,oracle_nonworse,fake_fez;fake_kyiv;fake_marrakesh;fake_sherbrooke,4,False,0.165445,0.15667749999999997,0.14977666666666667,0.15289250000000001,20000.0,0.0015775000000000095,0.0
qft_10,qft,10,fake_torino,0.1,random,fake_fez;fake_kyiv;fake_marrakesh;fake_sherbrooke,4,False,0.165445,0.15667749999999997,0.14977666666666667,0.15289250000000001,20000.0,0.0015775000000000095,0.0
qft_10,qft,10,fake_torino,0.1,oracle_worst,fake_sherbrooke,1,False,0.165445,0.15697,0.15195,0.152815,20000.0,0.0015000000000000013,0.0
qft_10,qft,10,fake_torino,0.25,oracle_best,fake_kyiv,1,False,0.165445,0.154595,0.148045,0.147405,20000.0,0.0,0.0
qft_10,qft,10,fake_torino,0.25,oracle_nonworse,fake_fez;fake_kyiv;fake_marrakesh;fake_sherbrooke,4,False,0.165445,0.15667749999999997,0.14977666666666667,0.14779,20000.0,0.00038499999999999646,0.0
qft_10,qft,10,fake_torino,0.25,random,fake_fez;fake_kyiv;fake_marrakesh;fake_sherbrooke,4,False,0.165445,0.15667749999999997,0.14977666666666667,0.14779,20000.0,0.00038499999999999646,0.0
qft_10,qft,10,fake_torino,0.25,oracle_worst,fake_sherbrooke,1,False,0.165445,0.15697,0.15195,0.14833,20000.0,0.0009249999999999814,0.0
qft_10,qft,10,fake_torino,0.5,oracle_best,fake_kyiv,1,False,0.165445,0.154595,0.148045,0.144685,20000.0,0.0,0.0
qft_10,qft,10,fake_torino,0.5,oracle_nonworse,fake_fez;fake_kyiv;fake_marrakesh;fake_sherbrooke,4,False,0.165445,0.15667749999999997,0.14977666666666667,0.14501,20000.0,0.00032499999999999196,0.0
qft_10,qft,10,fake_torino,0.5,random,fake_fez;fake_kyiv;fake_marrakesh;fake_sherbrooke,4,False,0.165445,0.15667749999999997,0.14977666666666667,0.14501,20000.0,0.00032499999999999196,0.0
qft_10,qft,10,fake_torino,0.5,oracle_worst,fake_sherbrooke,1,False,0.165445,0.15697,0.15195,0.14389,20000.0,-0.0007950000000000179,0.0
qft_10,qft,10,fake_torino,0.75,oracle_best,fake_kyiv,1,False,0.165445,0.154595,0.148045,0.15075,20000.0,0.0,0.0
qft_10,qft,10,fake_torino,0.75,oracle_nonworse,fake_fez;fake_kyiv;fake_marrakesh;fake_sherbrooke,4,False,0.165445,0.15667749999999997,0.14977666666666667,0.15260875,20000.0,0.0018587499999999924,0.0
qft_10,qft,10,fake_torino,0.75,random,fake_fez;fake_kyiv;fake_marrakesh;fake_sherbrooke,4,False,0.165445,0.15667749999999997,0.14977666666666667,0.15260875,20000.0,0.0018587499999999924,0.0
qft_10,qft,10,fake_torino,0.75,oracle_worst,fake_sherbrooke,1,False,0.165445,0.15697,0.15195,0.15062,20000.0,-0.00012999999999999123,0.0
qft_10,qft,10,fake_torino,0.9,oracle_best,fake_kyiv,1,False,0.165445,0.154595,0.148045,0.158565,20000.0,0.0,0.0
qft_10,qft,10,fake_torino,0.9,oracle_nonworse,fake_fez;fake_kyiv;fake_marrakesh;fake_sherbrooke,4,False,0.165445,0.15667749999999997,0.14977666666666667,0.1599825,20000.0,0.0014174999999999882,0.0
qft_10,qft,10,fake_torino,0.9,random,fake_fez;fake_kyiv;fake_marrakesh;fake_sherbrooke,4,False,0.165445,0.15667749999999997,0.14977666666666667,0.1599825,20000.0,0.0014174999999999882,0.0
qft_10,qft,10,fake_torino,0.9,oracle_worst,fake_sherbrooke,1,False,0.165445,0.15697,0.15195,0.160595,20000.0,0.0020299999999999763,0.0
qft_12,qft,12,fake_fez,0.1,oracle_best,fake_torino,1,False,0.314635,0.30999,0.2972283333333333,0.300805,20000.0,0.0,0.0
qft_12,qft,12,fake_fez,0.1,oracle_nonworse,fake_torino,1,False,0.314635,0.30999,0.2972283333333333,0.300805,20000.0,0.0,0.0
qft_12,qft,12,fake_fez,0.1,random,fake_kyiv;fake_marrakesh;fake_sherbrooke;fake_torino,4,False,0.314635,0.3176625,0.3000804166666666,0.30569999999999997,20000.0,0.004894999999999983,0.0
qft_12,qft,12,fake_fez,0.1,oracle_worst,fake_sherbrooke,1,False,0.314635,0.323585,0.30373666666666665,0.309315,20000.0,0.008510000000000018,0.0
qft_12,qft,12,fake_fez,0.25,oracle_best,fake_torino,1,False,0.314635,0.30999,0.2972283333333333,0.291025,20000.0,0.0,0.0
qft_12,qft,12,fake_fez,0.25,oracle_nonworse,fake_torino,1,False,0.314635,0.30999,0.2972283333333333,0.291025,20000.0,0.0,0.0
qft_12,qft,12,fake_fez,0.25,random,fake_kyiv;fake_marrakesh;fake_sherbrooke;fake_torino,4,False,0.314635,0.3176625,0.3000804166666666,0.29548125000000003,20000.0,0.0044562500000000504,0.0
qft_12,qft,12,fake_fez,0.25,oracle_worst,fake_sherbrooke,1,False,0.314635,0.323585,0.30373666666666665,0.29914,20000.0,0.008115000000000039,0.0
qft_12,qft,12,fake_fez,0.5,oracle_best,fake_torino,1,False,0.314635,0.30999,0.2972283333333333,0.2889,20000.0,0.0,0.0
qft_12,qft,12,fake_fez,0.5,oracle_nonworse,fake_torino,1,False,0.314635,0.30999,0.2972283333333333,0.2889,20000.0,0.0,0.0
qft_12,qft,12,fake_fez,0.5,random,fake_kyiv;fake_marrakesh;fake_sherbrooke;fake_torino,4,False,0.314635,0.3176625,0.3000804166666666,0.28990625,20000.0,0.0010062499999999863,0.0
qft_12,qft,12,fake_fez,0.5,oracle_worst,fake_sherbrooke,1,False,0.314635,0.323585,0.30373666666666665,0.29169,20000.0,0.0027900000000000147,0.0
qft_12,qft,12,fake_fez,0.75,oracle_best,fake_torino,1,False,0.314635,0.30999,0.2972283333333333,0.29901,20000.0,0.0,0.0
qft_12,qft,12,fake_fez,0.75,oracle_nonworse,fake_torino,1,False,0.314635,0.30999,0.2972283333333333,0.29901,20000.0,0.0,0.0
qft_12,qft,12,fake_fez,0.75,random,fake_kyiv;fake_marrakesh;fake_sherbrooke;fake_torino,4,False,0.314635,0.3176625,0.3000804166666666,0.29713500000000004,20000.0,-0.00187499999999996,0.0
qft_12,qft,12,fake_fez,0.75,oracle_worst,fake_sherbrooke,1,False,0.314635,0.323585,0.30373666666666665,0.29698,20000.0,-0.0020299999999999763,0.0
qft_12,qft,12,fake_fez,0.9,oracle_best,fake_torino,1,False,0.314635,0.30999,0.2972283333333333,0.307435,20000.0,0.0,0.0
qft_12,qft,12,fake_fez,0.9,oracle_nonworse,fake_torino,1,False,0.314635,0.30999,0.2972283333333333,0.307435,20000.0,0.0,0.0
qft_12,qft,12,fake_fez,0.9,random,fake_kyiv;fake_marrakesh;fake_sherbrooke;fake_torino,4,False,0.314635,0.3176625,0.3000804166666666,0.30706500000000003,20000.0,-0.00036999999999998145,0.0
qft_12,qft,12,fake_fez,0.9,oracle_worst,fake_sherbrooke,1,False,0.314635,0.323585,0.30373666666666665,0.308125,20000.0,0.0006899999999999684,0.0
qft_12,qft,12,fake_kyiv,0.1,oracle_best,fake_fez,1,False,0.317285,0.314635,0.294165,0.307015,20000.0,0.0,0.0
qft_12,qft,12,fake_kyiv,0.1,oracle_nonworse,fake_fez;fake_torino,2,False,0.317285,0.3123125,0.29569666666666666,0.3045425,20000.0,-0.0024724999999999886,0.0
qft_12,qft,12,fake_kyiv,0.1,random,fake_fez;fake_marrakesh;fake_sherbrooke;fake_torino,4,False,0.317285,0.317,0.2991233333333333,0.30727875,20000.0,0.00026375000000000703,0.0
qft_12,qft,12,fake_kyiv,0.1,oracle_worst,fake_sherbrooke,1,False,0.317285,0.323585,0.30373666666666665,0.310775,20000.0,0.003760000000000041,0.0
qft_12,qft,12,fake_kyiv,0.25,oracle_best,fake_fez,1,False,0.317285,0.314635,0.294165,0.2982,20000.0,0.0,0.0
qft_12,qft,12,fake_kyiv,0.25,oracle_nonworse,fake_fez;fake_torino,2,False,0.317285,0.3123125,0.29569666666666666,0.2957325,20000.0,-0.0024675000000000114,0.0
qft_12,qft,12,fake_kyiv,0.25,random,fake_fez;fake_marrakesh;fake_sherbrooke;fake_torino,4,False,0.317285,0.317,0.2991233333333333,0.29774625,20000.0,-0.0004537500000000305,0.0
qft_12,qft,12,fake_kyiv,0.25,oracle_worst,fake_sherbrooke,1,False,0.317285,0.323585,0.30373666666666665,0.30261,20000.0,0.0044099999999999695,0.0
qft_12,qft,12,fake_kyiv,0.5,oracle_best,fake_fez,1,False,0.317285,0.314635,0.294165,0.289705,20000.0,0.0,0.0
qft_12,qft,12,fake_kyiv,0.5,oracle_nonworse,fake_fez;fake_torino,2,False,0.317285,0.3123125,0.29569666666666666,0.29044749999999997,20000.0,0.0007424999999999793,0.0
qft_12,qft,12,fake_kyiv,0.5,random,fake_fez;fake_marrakesh;fake_sherbrooke;fake_torino,4,False,0.317285,0.317,0.2991233333333333,0.290505,20000.0,0.0008000000000000229,0.0
qft_12,qft,12,fake_kyiv,0.5,oracle_worst,fake_sherbrooke,1,False,0.317285,0.323585,0.30373666666666665,0.291715,20000.0,0.0020100000000000118,0.0
qft_12,qft,12,fake_kyiv,0.75,oracle_best,fake_fez,1,False,0.317285,0.314635,0.294165,0.295605,20000.0,0.0,0.0
qft_12,qft,12,fake_kyiv,0.75,oracle_nonworse,fake_fez;fake_torino,2,False,0.317285,0.3123125,0.29569666666666666,0.2966875,20000.0,0.0010824999999999863,0.0
qft_12,qft,12,fake_kyiv,0.75,random,fake_fez;fake_marrakesh;fake_sherbrooke;fake_torino,4,False,0.317285,0.317,0.2991233333333333,0.29631874999999996,20000.0,0.0007137499999999575,0.0
qft_12,qft,12,fake_kyiv,0.75,oracle_worst,fake_sherbrooke,1,False,0.317285,0.323585,0.30373666666666665,0.2964,20000.0,0.0007949999999999902,0.0
qft_12,qft,12,fake_kyiv,0.9,oracle_best,fake_fez,1,False,0.317285,0.314635,0.294165,0.30448,20000.0,0.0,0.0
qft_12,qft,12,fake_kyiv,0.9,oracle_nonworse,fake_fez;fake_torino,2,False,0.317285,0.3123125,0.29569666666666666,0.30607249999999997,20000.0,0.0015924999999999967,0.0
qft_12,qft,12,fake_kyiv,0.9,random,fake_fez;fake_marrakesh;fake_sherbrooke;fake_torino,4,False,0.317285,0.317,0.2991233333333333,0.306655,20000.0,0.002175000000000038,0.0
qft_12,qft,12,fake_kyiv,0.9,oracle_worst,fake_sherbrooke,1,False,0.317285,0.323585,0.30373666666666665,0.30696,20000.0,0.0024800000000000377,0.0
qft_12,qft,12,fake_marrakesh,0.1,oracle_best,fake_fez,1,False,0.31979,0.314635,0.294165,0.305685,20000.0,0.0,0.0
qft_12,qft,12,fake_marrakesh,0.1,oracle_nonworse,fake_fez;fake_kyiv;fake_torino,3,False,0.31979,0.31397,0.29646222222222224,0.30534,20000.0,-0.0003449999999999842,0.0
qft_12,qft,12,fake_marrakesh,0.1,random,fake_fez;fake_kyiv;fake_sherbrooke;fake_torino,4,False,0.31979,0.31637375,0.29828083333333333,0.30618749999999995,20000.0,0.0005024999999999613,0.0
qft_12,qft,12,fake_marrakesh,0.1,oracle_worst,fake_sherbrooke,1,False,0.31979,0.323585,0.30373666666666665,0.30873,20000.0,0.00304500000000002,0.0
qft_12,qft,12,fake_marrakesh,0.25,oracle_best,fake_fez,1,False,0.31979,0.314635,0.294165,0.29435,20000.0,0.0,0.0
qft_12,qft,12,fake_marrakesh,0.25,oracle_nonworse,fake_fez;fake_kyiv;fake_torino,3,False,0.31979,0.31397,0.29646222222222224,0.29346333333333335,20000.0,-0.0008866666666666467,0.0
qft_12,qft,12,fake_marrakesh,0.25,random,fake_fez;fake_kyiv;fake_sherbrooke;fake_torino,4,False,0.31979,0.31637375,0.29828083333333333,0.29440500000000003,20000.0,5.500000000002725e-05,0.0
qft_12,qft,12,fake_marrakesh,0.25,oracle_worst,fake_sherbrooke,1,False,0.31979,0.323585,0.30373666666666665,0.29723,20000.0,0.0028799999999999937,0.0
qft_12,qft,12,fake_marrakesh,0.5,oracle_best,fake_fez,1,False,0.31979,0.314635,0.294165,0.28933,20000.0,0.0,0.0
qft_12,qft,12,fake_marrakesh,0.5,oracle_nonworse,fake_fez;fake_kyiv;fake_torino,3,False,0.31979,0.31397,0.29646222222222224,0.28926,20000.0,-6.999999999995898e-05,0.0
qft_12,qft,12,fake_marrakesh,0.5,random,fake_fez;fake_kyiv;fake_sherbrooke;fake_torino,4,False,0.31979,0.31637375,0.29828083333333333,0.28948375,20000.0,0.00015375000000000805,0.0
qft_12,qft,12,fake_marrakesh,0.5,oracle_worst,fake_sherbrooke,1,False,0.31979,0.323585,0.30373666666666665,0.290155,20000.0,0.0008250000000000202,0.0
qft_12,qft,12,fake_marrakesh,0.75,oracle_best,fake_fez,1,False,0.31979,0.314635,0.294165,0.296155,20000.0,0.0,0.0
qft_12,qft,12,fake_marrakesh,0.75,oracle_nonworse,fake_fez;fake_kyiv;fake_torino,3,False,0.31979,0.31397,0.29646222222222224,0.2972066666666667,20000.0,0.001051666666666673,0.0
qft_12,qft,12,fake_marrakesh,0.75,random,fake_fez;fake_kyiv;fake_sherbrooke;fake_torino,4,False,0.31979,0.31637375,0.29828083333333333,0.2971625,20000.0,0.0010074999999999945,0.0
qft_12,qft,12,fake_marrakesh,0.75,oracle_worst,fake_sherbrooke,1,False,0.31979,0.323585,0.30373666666666665,0.29703,20000.0,0.0008750000000000147,0.0
qft_12,qft,12,fake_marrakesh,0.9,oracle_best,fake_fez,1,False,0.31979,0.314635,0.294165,0.3082,20000.0,0.0,0.0
qft_12,qft,12,fake_marrakesh,0.9,oracle_nonworse,fake_fez;fake_kyiv;fake_torino,3,False,0.31979,0.31397,0.29646222222222224,0.30915,20000.0,0.0009500000000000064,0.0
qft_12,qft,12,fake_marrakesh,0.9,random,fake_fez;fake_kyiv;fake_sherbrooke;fake_torino,4,False,0.31979,0.31637375,0.29828083333333333,0.30887,20000.0,0.0006700000000000039,0.0
qft_12,qft,12,fake_marrakesh,0.9,oracle_worst,fake_sherbrooke,1,False,0.31979,0.323585,0.30373666666666665,0.30803,20000.0,-0.00016999999999994797,0.0
qft_12,qft,12,fake_sherbrooke,0.1,oracle_best,fake_fez,1,False,0.323585,0.314635,0.294165,0.308125,20000.0,0.0,0.0
qft_12,qft,12,fake_sherbrooke,0.1,oracle_nonworse,fake_fez;fake_kyiv;fake_marrakesh;fake_torino,4,False,0.323585,0.315425,0.2976875,0.3059725,20000.0,-0.0021525000000000016,0.0
qft_12,qft,12,fake_sherbrooke,0.1,random,fake_fez;fake_kyiv;fake_marrakesh;fake_torino,4,False,0.323585,0.315425,0.2976875,0.3059725,20000.0,-0.0021525000000000016,0.0
qft_12,qft,12,fake_sherbrooke,0.1,oracle_worst,fake_marrakesh,1,False,0.323585,0.31979,0.3013633333333333,0.30803,20000.0,-9.499999999995623e-05,0.0
qft_12,qft,12,fake_sherbrooke,0.25,oracle_best,fake_fez,1,False,0.323585,0.314635,0.294165,0.29698,20000.0,0.0,0.0
qft_12,qft,12,fake_sherbrooke,0.25,oracle_nonworse,fake_fez;fake_kyiv;fake_marrakesh;fake_torino,4,False,0.323585,0.315425,0.2976875,0.29473875,20000.0,-0.002241250000000028,0.0
qft_12,qft,12,fake_sherbrooke,0.25,random,fake_fez;fake_kyiv;fake_marrakesh;fake_torino,4,False,0.323585,0.315425,0.2976875,0.29473875,20000.0,-0.002241250000000028,0.0
qft_12,qft,12,fake_sherbrooke,0.25,oracle_worst,fake_marrakesh,1,False,0.323585,0.31979,0.3013633333333333,0.29703,20000.0,4.999999999999449e-05,0.0
qft_12,qft,12,fake_sherbrooke,0.5,oracle_best,fake_fez,1,False,0.323585,0.314635,0.294165,0.29169,20000.0,0.0,0.0
qft_12,qft,12,fake_sherbrooke,0.5,oracle_nonworse,fake_fez;fake_kyiv;fake_marrakesh;fake_torino,4,False,0.323585,0.315425,0.2976875,0.2906375,20000.0,-0.0010525000000000118,0.0
qft_12,qft,12,fake_sherbrooke,0.5,random,fake_fez;fake_kyiv;fake_marrakesh;fake_torino,4,False,0.323585,0.315425,0.2976875,0.2906375,20000.0,-0.0010525000000000118,0.0
qft_12,qft,12,fake_sherbrooke,0.5,oracle_worst,fake_marrakesh,1,False,0.323585,0.31979,0.3013633333333333,0.290155,20000.0,-0.0015350000000000086,0.0
qft_12,qft,12,fake_sherbrooke,0.75,oracle_best,fake_fez,1,False,0.323585,0.314635,0.294165,0.29914,20000.0,0.0,0.0
qft_12,qft,12,fake_sherbrooke,0.75,oracle_nonworse,fake_fez;fake_kyiv;fake_marrakesh;fake_torino,4,False,0.323585,0.315425,0.2976875,0.30054625,20000.0,0.0014062499999999978,0.0
qft_12,qft,12,fake_sherbrooke,0.75,random,fake_fez;fake_kyiv;fake_marrakesh;fake_torino,4,False,0.323585,0.315425,0.2976875,0.30054625,20000.0,0.0014062499999999978,0.0
qft_12,qft,12,fake_sherbrooke,0.75,oracle_worst,fake_marrakesh,1,False,0.323585,0.31979,0.3013633333333333,0.29723,20000.0,-0.0019100000000000228,0.0
qft_12,qft,12,fake_sherbrooke,0.9,oracle_best,fake_fez,1,False,0.323585,0.314635,0.294165,0.309315,20000.0,0.0,0.0
qft_12,qft,12,fake_sherbrooke,0.9,oracle_nonworse,fake_fez;fake_kyiv;fake_marrakesh;fake_torino,4,False,0.323585,0.315425,0.2976875,0.30995375000000003,20000.0,0.0006387500000000212,0.0
qft_12,qft,12,fake_sherbrooke,0.9,random,fake_fez;fake_kyiv;fake_marrakesh;fake_torino,4,False,0.323585,0.315425,0.2976875,0.30995375000000003,20000.0,0.0006387500000000212,0.0
qft_12,qft,12,fake_sherbrooke,0.9,oracle_worst,fake_marrakesh,1,False,0.323585,0.31979,0.3013633333333333,0.30873,20000.0,-0.0005850000000000022,0.0
qft_12,qft,12,fake_torino,0.1,oracle_best,fake_fez,1,False,0.30999,0.314635,0.294165,0.307435,20000.0,0.0,0.0
qft_12,qft,12,fake_torino,0.1,oracle_nonworse,fake_fez,1,True,0.30999,0.314635,0.294165,0.307435,20000.0,0.0,0.0
qft_12,qft,12,fake_torino,0.1,random,fake_fez;fake_kyiv;fake_marrakesh;fake_sherbrooke,4,False,0.30999,0.31882375,0.29931458333333333,0.3090225,20000.0,0.001587499999999964,0.0
qft_12,qft,12,fake_torino,0.1,oracle_worst,fake_sherbrooke,1,False,0.30999,0.323585,0.30373666666666665,0.310995,20000.0,0.0035600000000000076,0.0
qft_12,qft,12,fake_torino,0.25,oracle_best,fake_fez,1,False,0.30999,0.314635,0.294165,0.29901,20000.0,0.0,0.0
qft_12,qft,12,fake_torino,0.25,oracle_nonworse,fake_fez,1,True,0.30999,0.314635,0.294165,0.29901,20000.0,0.0,0.0
qft_12,qft,12,fake_torino,0.25,random,fake_fez;fake_kyiv;fake_marrakesh;fake_sherbrooke,4,False,0.30999,0.31882375,0.29931458333333333,0.299635,20000.0,0.0006249999999999867,0.0
qft_12,qft,12,fake_torino,0.25,oracle_worst,fake_sherbrooke,1,False,0.30999,0.323585,0.30373666666666665,0.303205,20000.0,0.004195000000000004,0.0
qft_12,qft,12,fake_torino,0.5,oracle_best,fake_fez,1,False,0.30999,0.314635,0.294165,0.2889,20000.0,0.0,0.0
qft_12,qft,12,fake_torino,0.5,oracle_nonworse,fake_fez,1,True,0.30999,0.314635,0.294165,0.2889,20000.0,0.0,0.0
qft_12,qft,12,fake_torino,0.5,random,fake_fez;fake_kyiv;fake_marrakesh;fake_sherbrooke,4,False,0.30999,0.31882375,0.29931458333333333,0.28953,20000.0,0.0006300000000000194,0.0
qft_12,qft,12,fake_torino,0.5,oracle_worst,fake_sherbrooke,1,False,0.30999,0.323585,0.30373666666666665,0.28899,20000.0,9.00000000000345e-05,0.0
qft_12,qft,12,fake_torino,0.75,oracle_best,fake_fez,1,False,0.30999,0.314635,0.294165,0.291025,20000.0,0.0,0.0
qft_12,qft,12,fake_torino,0.75,oracle_nonworse,fake_fez,1,True,0.30999,0.314635,0.294165,0.291025,20000.0,0.0,0.0
qft_12,qft,12,fake_torino,0.75,random,fake_fez;fake_kyiv;fake_marrakesh;fake_sherbrooke,4,False,0.30999,0.31882375,0.29931458333333333,0.29084375,20000.0,-0.00018124999999996616,0.0
qft_12,qft,12,fake_torino,0.75,oracle_worst,fake_sherbrooke,1,False,0.30999,0.323585,0.30373666666666665,0.288545,20000.0,-0.0024799999999999822,0.0
qft_12,qft,12,fake_torino,0.9,oracle_best,fake_fez,1,False,0.30999,0.314635,0.294165,0.300805,20000.0,0.0,0.0
qft_12,qft,12,fake_torino,0.9,oracle_nonworse,fake_fez,1,True,0.30999,0.314635,0.294165,0.300805,20000.0,0.0,0.0
qft_12,qft,12,fake_torino,0.9,random,fake_fez;fake_kyiv;fake_marrakesh;fake_sherbrooke,4,False,0.30999,0.31882375,0.29931458333333333,0.3016175,20000.0,0.0008124999999999938,0.0
qft_12,qft,12,fake_torino,0.9,oracle_worst,fake_sherbrooke,1,False,0.30999,0.323585,0.30373666666666665,0.300775,20000.0,-2.999999999997449e-05,0.0
qft_14,qft,14,fake_fez,0.1,oracle_best,fake_marrakesh,1,False,0.57899,0.577245,0.5590533333333333,0.563345,20000.0,0.0,0.0
qft_14,qft,14,fake_fez,0.1,oracle_nonworse,fake_marrakesh,1,False,0.57899,0.577245,0.5590533333333333,0.563345,20000.0,0.0,0.0
qft_14,qft,14,fake_fez,0.1,random,fake_kyiv;fake_marrakesh;fake_sherbrooke;fake_torino,4,False,0.57899,0.58939,0.5652691666666667,0.57576,20000.0,0.012415000000000065,0.0
qft_14,qft,14,fake_fez,0.1,oracle_worst,fake_torino,1,False,0.57899,0.594955,0.570205,0.580125,20000.0,0.016780000000000017,0.0
qft_14,qft,14,fake_fez,0.25,oracle_best,fake_marrakesh,1,False,0.57899,0.577245,0.5590533333333333,0.550735,20000.0,0.0,0.0
qft_14,qft,14,fake_fez,0.25,oracle_nonworse,fake_marrakesh,1,False,0.57899,0.577245,0.5590533333333333,0.550735,20000.0,0.0,0.0
qft_14,qft,14,fake_fez,0.25,random,fake_kyiv;fake_marrakesh;fake_sherbrooke;fake_torino,4,False,0.57899,0.58939,0.5652691666666667,0.5595275,20000.0,0.008792499999999981,0.0
qft_14,qft,14,fake_fez,0.25,oracle_worst,fake_torino,1,False,0.57899,0.594955,0.570205,0.565775,20000.0,0.015040000000000053,0.0
qft_14,qft,14,fake_fez,0.5,oracle_best,fake_marrakesh,1,False,0.57899,0.577245,0.5590533333333333,0.53846,20000.0,0.0,0.0
qft_14,qft,14,fake_fez,0.5,oracle_nonworse,fake_marrakesh,1,False,0.57899,0.577245,0.5590533333333333,0.53846,20000.0,0.0,0.0
qft_14,qft,14,fake_fez,0.5,random,fake_kyiv;fake_marrakesh;fake_sherbrooke;fake_torino,4,False,0.57899,0.58939,0.5652691666666667,0.5447412500000001,20000.0,0.006281250000000016,0.0
qft_14,qft,14,fake_fez,0.5,oracle_worst,fake_torino,1,False,0.57899,0.594955,0.570205,0.55078,20000.0,0.012319999999999998,0.0
qft_14,qft,14,fake_fez,0.75,oracle_best,fake_marrakesh,1,False,0.57899,0.577245,0.5590533333333333,0.549655,20000.0,0.0,0.0
qft_14,qft,14,fake_fez,0.75,oracle_nonworse,fake_marrakesh,1,False,0.57899,0.577245,0.5590533333333333,0.549655,20000.0,0.0,0.0
qft_14,qft,14,fake_fez,0.75,random,fake_kyiv;fake_marrakesh;fake_sherbrooke;fake_torino,4,False,0.57899,0.58939,0.5652691666666667,0.55252375,20000.0,0.0028687499999999755,0.0
qft_14,qft,14,fake_fez,0.75,oracle_worst,fake_torino,1,False,0.57899,0.594955,0.570205,0.555325,20000.0,0.005669999999999953,0.0
qft_14,qft,14,fake_fez,0.9,oracle_best,fake_marrakesh,1,False,0.57899,0.577245,0.5590533333333333,0.564925,20000.0,0.0,0.0
qft_14,qft,14,fake_fez,0.9,oracle_nonworse,fake_marrakesh,1,False,0.57899,0.577245,0.5590533333333333,0.564925,20000.0,0.0,0.0
qft_14,qft,14,fake_fez,0.9,random,fake_kyiv;fake_marrakesh;fake_sherbrooke;fake_torino,4,False,0.57899,0.58939,0.5652691666666667,0.565455,20000.0,0.0005300000000000304,0.0
qft_14,qft,14,fake_fez,0.9,oracle_worst,fake_torino,1,False,0.57899,0.594955,0.570205,0.56516,20000.0,0.00023499999999998522,0.0
qft_14,qft,14,fake_kyiv,0.1,oracle_best,fake_fez,1,False,0.588015,0.57899,0.5535533333333333,0.56638,20000.0,0.0,0.0
qft_14,qft,14,fake_kyiv,0.1,oracle_nonworse,fake_fez;fake_marrakesh,2,False,0.588015,0.5781175000000001,0.5563033333333334,0.5665074999999999,20000.0,0.0001274999999999471,0.0
qft_14,qft,14,fake_kyiv,0.1,random,fake_fez;fake_marrakesh;fake_sherbrooke;fake_torino,4,False,0.588015,0.58713375,0.5619291666666667,0.5755787499999999,20000.0,0.009198749999999922,0.0
qft_14,qft,14,fake_kyiv,0.1,oracle_worst,fake_torino,1,False,0.588015,0.594955,0.570205,0.5816,20000.0,0.015220000000000011,0.0
qft_14,qft,14,fake_kyiv,0.25,oracle_best,fake_fez,1,False,0.588015,0.57899,0.5535533333333333,0.55302,20000.0,0.0,0.0
qft_14,qft,14,fake_kyiv,0.25,oracle_nonworse,fake_fez;fake_marrakesh,2,False,0.588015,0.5781175000000001,0.5563033333333334,0.5539725,20000.0,0.0009525000000000228,0.0
qft_14,qft,14,fake_kyiv,0.25,random,fake_fez;fake_marrakesh;fake_sherbrooke;fake_torino,4,False,0.588015,0.58713375,0.5619291666666667,0.559505,20000.0,0.006485000000000074,0.0
qft_14,qft,14,fake_kyiv,0.25,oracle_worst,fake_torino,1,False,0.588015,0.594955,0.570205,0.56533,20000.0,0.012310000000000043,0.0
qft_14,qft,14,fake_kyiv,0.5,oracle_best,fake_fez,1,False,0.588015,0.57899,0.5535533333333333,0.5413250000000001,20000.0,0.0,0.0
qft_14,qft,14,fake_kyiv,0.5,oracle_nonworse,fake_fez;fake_marrakesh,2,False,0.588015,0.5781175000000001,0.5563033333333334,0.54335,20000.0,0.0020249999999999435,0.0
qft_14,qft,14,fake_kyiv,0.5,random,fake_fez;fake_marrakesh;fake_sherbrooke;fake_torino,4,False,0.588015,0.58713375,0.5619291666666667,0.54736125,20000.0,0.006036249999999965,0.0
qft_14,qft,14,fake_kyiv,0.5,oracle_worst,fake_torino,1,False,0.588015,0.594955,0.570205,0.55195,20000.0,0.010624999999999996,0.0
qft_14,qft,14,fake_kyiv,0.75,oracle_best,fake_fez,1,False,0.588015,0.57899,0.5535533333333333,0.55888,20000.0,0.0,0.0
qft_14,qft,14,fake_kyiv,0.75,oracle_nonworse,fake_fez;fake_marrakesh,2,False,0.588015,0.5781175000000001,0.5563033333333334,0.55958,20000.0,0.0006999999999999229,0.0
qft_14,qft,14,fake_kyiv,0.75,random,fake_fez;fake_marrakesh;fake_sherbrooke;fake_torino,4,False,0.588015,0.58713375,0.5619291666666667,0.56079875,20000.0,0.001918749999999969,0.0
qft_14,qft,14,fake_kyiv,0.75,oracle_worst,fake_torino,1,False,0.588015,0.594955,0.570205,0.56228,20000.0,0.0033999999999999586,0.0
qft_14,qft,14,fake_kyiv,0.9,oracle_best,fake_fez,1,False,0.588015,0.57899,0.5535533333333333,0.573855,20000.0,0.0,0.0
qft_14,qft,14,fake_kyiv,0.9,oracle_nonworse,fake_fez;fake_marrakesh,2,False,0.588015,0.5781175000000001,0.5563033333333334,0.574445,20000.0,0.0005899999999999794,0.0
qft_14,qft,14,fake_kyiv,0.9,random,fake_fez;fake_marrakesh;fake_sherbrooke;fake_torino,4,False,0.588015,0.58713375,0.5619291666666667,0.5748825,20000.0,0.001027499999999959,0.0
qft_14,qft,14,fake_kyiv,0.9,oracle_worst,fake_torino,1,False,0.588015,0.594955,0.570205,0.574695,20000.0,0.0008399999999999519,0.0
qft_14,qft,14,fake_marrakesh,0.1,oracle_best,fake_fez,1,False,0.577245,0.57899,0.5535533333333333,0.564925,20000.0,0.0,0.0
qft_14,qft,14,fake_marrakesh,0.1,oracle_nonworse,fake_fez,1,True,0.577245,0.57899,0.5535533333333333,0.564925,20000.0,0.0,0.0
qft_14,qft,14,fake_marrakesh,0.1,random,fake_fez;fake_kyiv;fake_sherbrooke;fake_torino,4,False,0.577245,0.58982625,0.5638941666666667,0.57604625,20000.0,0.011121249999999971,0.0
qft_14,qft,14,fake_marrakesh,0.1,oracle_worst,fake_torino,1,False,0.577245,0.594955,0.570205,0.578855,20000.0,0.013929999999999998,0.0
qft_14,qft,14,fake_marrakesh,0.25,oracle_best,fake_fez,1,False,0.577245,0.57899,0.5535533333333333,0.549655,20000.0,0.0,0.0
qft_14,qft,14,fake_marrakesh,0.25,oracle_nonworse,fake_fez,1,True,0.577245,0.57899,0.5535533333333333,0.549655,20000.0,0.0,0.0
qft_14,qft,14,fake_marrakesh,0.25,random,fake_fez;fake_kyiv;fake_sherbrooke;fake_torino,4,False,0.577245,0.58982625,0.5638941666666667,0.558055,20000.0,0.008399999999999963,0.0
qft_14,qft,14,fake_marrakesh,0.25,oracle_worst,fake_torino,1,False,0.577245,0.594955,0.570205,0.56158,20000.0,0.011924999999999963,0.0
qft_14,qft,14,fake_marrakesh,0.5,oracle_best,fake_fez,1,False,0.577245,0.57899,0.5535533333333333,0.53846,20000.0,0.0,0.0
qft_14,qft,14,fake_marrakesh,0.5,oracle_nonworse,fake_fez,1,True,0.577245,0.57899,0.5535533333333333,0.53846,20000.0,0.0,0.0
qft_14,qft,14,fake_marrakesh,0.5,random,fake_fez;fake_kyiv;fake_sherbrooke;fake_torino,4,False,0.577245,0.58982625,0.5638941666666667,0.54487125,20000.0,0.0064112499999999795,0.0
qft_14,qft,14,fake_marrakesh,0.5,oracle_worst,fake_torino,1,False,0.577245,0.594955,0.570205,0.54814,20000.0,0.009679999999999911,0.0
qft_14,qft,14,fake_marrakesh,0.75,oracle_best,fake_fez,1,False,0.577245,0.57899,0.5535533333333333,0.550735,20000.0,0.0,0.0
qft_14,qft,14,fake_marrakesh,0.75,oracle_nonworse,fake_fez,1,True,0.577245,0.57899,0.5535533333333333,0.550735,20000.0,0.0,0.0
qft_14,qft,14,fake_marrakesh,0.75,random,fake_fez;fake_kyiv;fake_sherbrooke;fake_torino,4,False,0.577245,0.58982625,0.5638941666666667,0.552375,20000.0,0.0016399999999999748,0.0
qft_14,qft,14,fake_marrakesh,0.75,oracle_worst,fake_torino,1,False,0.577245,0.594955,0.570205,0.55184,20000.0,0.0011050000000000226,0.0
qft_14,qft,14,fake_marrakesh,0.9,oracle_best,fake_fez,1,False,0.577245,0.57899,0.5535533333333333,0.563345,20000.0,0.0,0.0
qft_14,qft,14,fake_marrakesh,0.9,oracle_nonworse,fake_fez,1,True,0.577245,0.57899,0.5535533333333333,0.563345,20000.0,0.0,0.0
qft_14,qft,14,fake_marrakesh,0.9,random,fake_fez;fake_kyiv;fake_sherbrooke;fake_torino,4,False,0.577245,0.58982625,0.5638941666666667,0.5642499999999999,20000.0,0.0009049999999999336,0.0
qft_14,qft,14,fake_marrakesh,0.9,oracle_worst,fake_torino,1,False,0.577245,0.594955,0.570205,0.562765,20000.0,-0.0005800000000000249,0.0
qft_14,qft,14,fake_sherbrooke,0.1,oracle_best,fake_fez,1,False,0.597345,0.57899,0.5535533333333333,0.565355,20000.0,0.0,0.0
qft_14,qft,14,fake_sherbrooke,0.1,oracle_nonworse,fake_fez;fake_kyiv;fake_marrakesh;fake_torino,4,False,0.597345,0.58480125,0.56243125,0.57168375,20000.0,0.006328749999999994,0.0
qft_14,qft,14,fake_sherbrooke,0.1,random,fake_fez;fake_kyiv;fake_marrakesh;fake_torino,4,False,0.597345,0.58480125,0.56243125,0.57168375,20000.0,0.006328749999999994,0.0
qft_14,qft,14,fake_sherbrooke,0.1,oracle_worst,fake_torino,1,False,0.597345,0.594955,0.570205,0.58118,20000.0,0.015824999999999978,0.0
qft_14,qft,14,fake_sherbrooke,0.25,oracle_best,fake_fez,1,False,0.597345,0.57899,0.5535533333333333,0.552095,20000.0,0.0,0.0
qft_14,qft,14,fake_sherbrooke,0.25,oracle_nonworse,fake_fez;fake_kyiv;fake_marrakesh;fake_torino,4,False,0.597345,0.58480125,0.56243125,0.5582175,20000.0,0.006122500000000031,0.0
qft_14,qft,14,fake_sherbrooke,0.25,random,fake_fez;fake_kyiv;fake_marrakesh;fake_torino,4,False,0.597345,0.58480125,0.56243125,0.5582175,20000.0,0.006122500000000031,0.0
qft_14,qft,14,fake_sherbrooke,0.25,oracle_worst,fake_torino,1,False,0.597345,0.594955,0.570205,0.56702,20000.0,0.014924999999999966,0.0
qft_14,qft,14,fake_sherbrooke,0.5,oracle_best,fake_fez,1,False,0.597345,0.57899,0.5535533333333333,0.5484,20000.0,0.0,0.0
qft_14,qft,14,fake_sherbrooke,0.5,oracle_nonworse,fake_fez;fake_kyiv;fake_marrakesh;fake_torino,4,False,0.597345,0.58480125,0.56243125,0.550985,20000.0,0.0025849999999999485,0.0
qft_14,qft,14,fake_sherbrooke,0.5,random,fake_fez;fake_kyiv;fake_marrakesh;fake_torino,4,False,0.597345,0.58480125,0.56243125,0.550985,20000.0,0.0025849999999999485,0.0
qft_14,qft,14,fake_sherbrooke,0.5,oracle_worst,fake_torino,1,False,0.597345,0.594955,0.570205,0.557235,20000.0,0.008835000000000037,0.0
qft_14,qft,14,fake_sherbrooke,0.75,oracle_best,fake_fez,1,False,0.597345,0.57899,0.5535533333333333,0.56272,20000.0,0.0,0.0
qft_14,qft,14,fake_sherbrooke,0.75,oracle_nonworse,fake_fez;fake_kyiv;fake_marrakesh;fake_torino,4,False,0.597345,0.58480125,0.56243125,0.56321625,20000.0,0.0004962499999999759,0.0
qft_14,qft,14,fake_sherbrooke,0.75,random,fake_fez;fake_kyiv;fake_marrakesh;fake_torino,4,False,0.597345,0.58480125,0.56243125,0.56321625,20000.0,0.0004962499999999759,0.0
qft_14,qft,14,fake_sherbrooke,0.75,oracle_worst,fake_torino,1,False,0.597345,0.594955,0.570205,0.564695,20000.0,0.001974999999999949,0.0
qft_14,qft,14,fake_sherbrooke,0.9,oracle_best,fake_fez,1,False,0.597345,0.57899,0.5535533333333333,0.585715,20000.0,0.0,0.0
qft_14,qft,14,fake_sherbrooke,0.9,oracle_nonworse,fake_fez;fake_kyiv;fake_marrakesh;fake_torino,4,False,0.597345,0.58480125,0.56243125,0.5863037499999999,20000.0,0.0005887499999999157,0.0
qft_14,qft,14,fake_sherbrooke,0.9,random,fake_fez;fake_kyiv;fake_marrakesh;fake_torino,4,False,0.597345,0.58480125,0.56243125,0.5863037499999999,20000.0,0.0005887499999999157,0.0
qft_14,qft,14,fake_sherbrooke,0.9,oracle_worst,fake_torino,1,False,0.597345,0.594955,0.570205,0.58643,20000.0,0.0007150000000000212,0.0
qft_14,qft,14,fake_torino,0.1,oracle_best,fake_fez,1,False,0.594955,0.57899,0.5535533333333333,0.56516,20000.0,0.0,0.0
qft_14,qft,14,fake_torino,0.1,oracle_nonworse,fake_fez;fake_kyiv;fake_marrakesh,3,False,0.594955,0.5814166666666667,0.55984,0.5675399999999999,20000.0,0.0023799999999999377,0.0
qft_14,qft,14,fake_torino,0.1,random,fake_fez;fake_kyiv;fake_marrakesh;fake_sherbrooke,4,False,0.594955,0.58539875,0.56110625,0.5722624999999999,20000.0,0.0071024999999999006,0.0
qft_14,qft,14,fake_torino,0.1,oracle_worst,fake_kyiv,1,False,0.594955,0.588015,0.5669133333333334,0.574695,20000.0,0.00953499999999996,0.0
qft_14,qft,14,fake_torino,0.25,oracle_best,fake_fez,1,False,0.594955,0.57899,0.5535533333333333,0.555325,20000.0,0.0,0.0
qft_14,qft,14,fake_torino,0.25,oracle_nonworse,fake_fez;fake_kyiv;fake_marrakesh,3,False,0.594955,0.5814166666666667,0.55984,0.5564816666666667,20000.0,0.0011566666666666947,0.0
qft_14,qft,14,fake_torino,0.25,random,fake_fez;fake_kyiv;fake_marrakesh;fake_sherbrooke,4,False,0.594955,0.58539875,0.56110625,0.558535,20000.0,0.003210000000000046,0.0
qft_14,qft,14,fake_torino,0.25,oracle_worst,fake_kyiv,1,False,0.594955,0.588015,0.5669133333333334,0.56228,20000.0,0.0069550000000000445,0.0
qft_14,qft,14,fake_torino,0.5,oracle_best,fake_fez,1,False,0.594955,0.57899,0.5535533333333333,0.55078,20000.0,0.0,0.0
qft_14,qft,14,fake_torino,0.5,oracle_nonworse,fake_fez;fake_kyiv;fake_marrakesh,3,False,0.594955,0.5814166666666667,0.55984,0.5502900000000001,20000.0,-0.0004899999999999904,0.0
qft_14,qft,14,fake_torino,0.5,random,fake_fez;fake_kyiv;fake_marrakesh;fake_sherbrooke,4,False,0.594955,0.58539875,0.56110625,0.55202625,20000.0,0.0012462500000000043,0.0
qft_14,qft,14,fake_torino,0.5,oracle_worst,fake_kyiv,1,False,0.594955,0.588015,0.5669133333333334,0.55195,20000.0,0.0011700000000000044,0.0
qft_14,qft,14,fake_torino,0.75,oracle_best,fake_fez,1,False,0.594955,0.57899,0.5535533333333333,0.565775,20000.0,0.0,0.0
qft_14,qft,14,fake_torino,0.75,oracle_nonworse,fake_fez;fake_kyiv;fake_marrakesh,3,False,0.594955,0.5814166666666667,0.55984,0.5642283333333333,20000.0,-0.0015466666666666962,0.0
qft_14,qft,14,fake_torino,0.75,random,fake_fez;fake_kyiv;fake_marrakesh;fake_sherbrooke,4,False,0.594955,0.58539875,0.56110625,0.56492625,20000.0,-0.0008487500000000647,0.0
qft_14,qft,14,fake_torino,0.75,oracle_worst,fake_kyiv,1,False,0.594955,0.588015,0.5669133333333334,0.56533,20000.0,-0.0004450000000000287,0.0
qft_14,qft,14,fake_torino,0.9,oracle_best,fake_fez,1,False,0.594955,0.57899,0.5535533333333333,0.580125,20000.0,0.0,0.0
qft_14,qft,14,fake_torino,0.9,oracle_nonworse,fake_fez;fake_kyiv;fake_marrakesh,3,False,0.594955,0.5814166666666667,0.55984,0.5801933333333333,20000.0,6.833333333333691e-05,0.0
qft_14,qft,14,fake_torino,0.9,random,fake_fez;fake_kyiv;fake_marrakesh;fake_sherbrooke,4,False,0.594955,0.58539875,0.56110625,0.5804400000000001,20000.0,0.00031500000000006523,0.0
qft_14,qft,14,fake_torino,0.9,oracle_worst,fake_kyiv,1,False,0.594955,0.588015,0.5669133333333334,0.5816,20000.0,0.001475000000000004,0.0
qft_4,qft,4,fake_fez,0.1,oracle_best,fake_torino,1,False,0.017014999999999995,0.018865000000000007,0.018465000000000002,0.0276433333333333,3750.0,0.0,0.0
qft_4,qft,4,fake_fez,0.1,oracle_nonworse,fake_torino,1,True,0.017014999999999995,0.018865000000000007,0.018465000000000002,0.0276433333333333,3750.0,0.0,0.0
qft_4,qft,4,fake_fez,0.1,random,fake_kyiv;fake_marrakesh;fake_sherbrooke;fake_torino,4,False,0.017014999999999995,0.020874999999999998,0.020147083333333336,0.028325522062876522,3750.0,0.0006821887295432212,0.0
qft_4,qft,4,fake_fez,0.1,oracle_worst,fake_sherbrooke,1,False,0.017014999999999995,0.022114999999999996,0.02190499999999998,0.0283715384615384,3900.0,0.0007282051282050984,150.0
qft_4,qft,4,fake_fez,0.25,oracle_best,fake_torino,1,False,0.017014999999999995,0.018865000000000007,0.018465000000000002,0.0261659090909091,4400.0,0.0,0.0
qft_4,qft,4,fake_fez,0.25,oracle_nonworse,fake_torino,1,True,0.017014999999999995,0.018865000000000007,0.018465000000000002,0.0261659090909091,4400.0,0.0,0.0
qft_4,qft,4,fake_fez,0.25,random,fake_kyiv;fake_marrakesh;fake_sherbrooke;fake_torino,4,False,0.017014999999999995,0.020874999999999998,0.020147083333333336,0.02863503139863555,3850.0,0.002469122307726449,-550.0
qft_4,qft,4,fake_fez,0.25,oracle_worst,fake_sherbrooke,1,False,0.017014999999999995,0.022114999999999996,0.02190499999999998,0.0341186842105263,3800.0,0.0079527751196172,-600.0
qft_4,qft,4,fake_fez,0.5,oracle_best,fake_torino,1,False,0.017014999999999995,0.018865000000000007,0.018465000000000002,0.022865934065934,4550.0,0.0,0.0
qft_4,qft,4,fake_fez,0.5,oracle_nonworse,fake_torino,1,True,0.017014999999999995,0.018865000000000007,0.018465000000000002,0.022865934065934,4550.0,0.0,0.0
qft_4,qft,4,fake_fez,0.5,random,fake_kyiv;fake_marrakesh;fake_sherbrooke;fake_torino,4,False,0.017014999999999995,0.020874999999999998,0.020147083333333336,0.0292447188106011,4325.0,0.006378784744667101,-225.0
qft_4,qft,4,fake_fez,0.5,oracle_worst,fake_sherbrooke,1,False,0.017014999999999995,0.022114999999999996,0.02190499999999998,0.0350388235294117,4250.0,0.0121728894634777,-300.0
qft_4,qft,4,fake_fez,0.75,oracle_best,fake_torino,1,False,0.017014999999999995,0.018865000000000007,0.018465000000000002,0.0416638888888888,3600.0,0.0,0.0
qft_4,qft,4,fake_fez,0.75,oracle_nonworse,fake_torino,1,True,0.017014999999999995,0.018865000000000007,0.018465000000000002,0.0416638888888888,3600.0,0.0,0.0
qft_4,qft,4,fake_fez,0.75,random,fake_kyiv;fake_marrakesh;fake_sherbrooke;fake_torino,4,False,0.017014999999999995,0.020874999999999998,0.020147083333333336,0.0387943371102679,3975.0,-0.002869551778620902,375.0
qft_4,qft,4,fake_fez,0.75,oracle_worst,fake_sherbrooke,1,False,0.017014999999999995,0.022114999999999996,0.02190499999999998,0.0396420886075949,3950.0,-0.002021800281293902,350.0
qft_4,qft,4,fake_fez,0.9,oracle_best,fake_torino,1,False,0.017014999999999995,0.018865000000000007,0.018465000000000002,0.0334920930232558,4300.0,0.0,0.0
qft_4,qft,4,fake_fez,0.9,oracle_nonworse,fake_torino,1,True,0.017014999999999995,0.018865000000000007,0.018465000000000002,0.0334920930232558,4300.0,0.0,0.0
qft_4,qft,4,fake_fez,0.9,random,fake_kyiv;fake_marrakesh;fake_sherbrooke;fake_torino,4,False,0.017014999999999995,0.020874999999999998,0.020147083333333336,0.03319025703794365,4412.5,-0.0003018359853121516,112.5
qft_4,qft,4,fake_fez,0.9,oracle_worst,fake_sherbrooke,1,False,0.017014999999999995,0.022114999999999996,0.02190499999999998,0.0329618604651162,4300.0,-0.0005302325581396025,0.0
qft_4,qft,4,fake_kyiv,0.1,oracle_best,fake_fez,1,False,0.021229999999999985,0.017014999999999995,0.016963333333333334,0.0380264102564102,3900.0,0.0,0.0
qft_4,qft,4,fake_kyiv,0.1,oracle_nonworse,fake_fez;fake_torino,2,False,0.021229999999999985,0.01794,0.01771416666666667,0.03355475918225915,3800.0,-0.0044716510741510535,-100.0
qft_4,qft,4,fake_kyiv,0.1,random,fake_fez;fake_marrakesh;fake_sherbrooke;fake_torino,4,False,0.021229999999999985,0.01982125,0.019234166666666663,0.0323452908465408,3800.0,-0.005681119409869401,-100.0
qft_4,qft,4,fake_kyiv,0.1,oracle_worst,fake_sherbrooke,1,False,0.021229999999999985,0.022114999999999996,0.02190499999999998,0.0327333116883116,3850.0,-0.005293098568098599,-50.0
qft_4,qft,4,fake_kyiv,0.25,oracle_best,fake_fez,1,False,0.021229999999999985,0.017014999999999995,0.016963333333333334,0.0327902808988763,4450.0,0.0,0.0
qft_4,qft,4,fake_kyiv,0.25,oracle_nonworse,fake_fez;fake_torino,2,False,0.021229999999999985,0.01794,0.01771416666666667,0.02854153579827535,4375.0,-0.004248745100600949,-75.0
qft_4,qft,4,fake_kyiv,0.25,random,fake_fez;fake_marrakesh;fake_sherbrooke;fake_torino,4,False,0.021229999999999985,0.01982125,0.019234166666666663,0.02853629820216795,4225.0,-0.004253982696708347,-225.0
qft_4,qft,4,fake_kyiv,0.25,oracle_worst,fake_sherbrooke,1,False,0.021229999999999985,0.022114999999999996,0.02190499999999998,0.0338416666666666,3750.0,0.0010513857677903055,-700.0
qft_4,qft,4,fake_kyiv,0.5,oracle_best,fake_fez,1,False,0.021229999999999985,0.017014999999999995,0.016963333333333334,0.0256423404255319,4700.0,0.0,0.0
qft_4,qft,4,fake_kyiv,0.5,oracle_nonworse,fake_fez;fake_torino,2,False,0.021229999999999985,0.01794,0.01771416666666667,0.0236559376546264,4500.0,-0.001986402770905501,-200.0
qft_4,qft,4,fake_kyiv,0.5,random,fake_fez;fake_marrakesh;fake_sherbrooke;fake_torino,4,False,0.021229999999999985,0.01982125,0.019234166666666663,0.023628941049535397,4375.0,-0.002013399375996504,-325.0
qft_4,qft,4,fake_kyiv,0.5,oracle_worst,fake_sherbrooke,1,False,0.021229999999999985,0.022114999999999996,0.02190499999999998,0.0249338888888888,4500.0,-0.0007084515366431003,-200.0
qft_4,qft,4,fake_kyiv,0.75,oracle_best,fake_fez,1,False,0.021229999999999985,0.017014999999999995,0.016963333333333334,0.0206560526315789,3800.0,0.0,0.0
qft_4,qft,4,fake_kyiv,0.75,oracle_nonworse,fake_fez;fake_torino,2,False,0.021229999999999985,0.01794,0.01771416666666667,0.01922926125554845,3975.0,-0.00142679137603045,175.0
qft_4,qft,4,fake_kyiv,0.75,random,fake_fez;fake_marrakesh;fake_sherbrooke;fake_torino,4,False,0.021229999999999985,0.01982125,0.019234166666666663,0.019441723651030026,4062.5,-0.0012143289805488754,262.5
qft_4,qft,4,fake_kyiv,0.75,oracle_worst,fake_sherbrooke,1,False,0.021229999999999985,0.022114999999999996,0.02190499999999998,0.0194533720930232,4300.0,-0.0012026805385557011,500.0
qft_4,qft,4,fake_kyiv,0.9,oracle_best,fake_fez,1,False,0.021229999999999985,0.017014999999999995,0.016963333333333334,0.0192507142857142,4200.0,0.0,0.0
qft_4,qft,4,fake_kyiv,0.9,oracle_nonworse,fake_fez;fake_torino,2,False,0.021229999999999985,0.01794,0.01771416666666667,0.01916924603174595,4125.0,-8.146825396825041e-05,-75.0
qft_4,qft,4,fake_kyiv,0.9,random,fake_fez;fake_marrakesh;fake_sherbrooke;fake_torino,4,False,0.021229999999999985,0.01982125,0.019234166666666663,0.01955177818828675,4212.5,0.00030106390257254867,12.5
qft_4,qft,4,fake_kyiv,0.9,oracle_worst,fake_sherbrooke,1,False,0.021229999999999985,0.022114999999999996,0.02190499999999998,0.0206036206896551,4350.0,0.001352906403940899,150.0
qft_4,qft,4,fake_marrakesh,0.1,oracle_best,fake_fez,1,False,0.021290000000000003,0.017014999999999995,0.016963333333333334,0.0401384210526315,3800.0,0.0,0.0
qft_4,qft,4,fake_marrakesh,0.1,oracle_nonworse,fake_fez;fake_kyiv;fake_torino,3,False,0.021290000000000003,0.019036666666666664,0.018681111111111114,0.0311465325077399,3733.3333333333335,-0.008991888544891597,-66.66666666666652
qft_4,qft,4,fake_marrakesh,0.1,random,fake_fez;fake_kyiv;fake_sherbrooke;fake_torino,4,False,0.021290000000000003,0.019806249999999997,0.01948708333333333,0.031070732714138252,3737.5,-0.009067688338493245,-62.5
qft_4,qft,4,fake_marrakesh,0.1,oracle_worst,fake_sherbrooke,1,False,0.021290000000000003,0.022114999999999996,0.02190499999999998,0.0308433333333333,3750.0,-0.009295087719298198,-50.0
qft_4,qft,4,fake_marrakesh,0.25,oracle_best,fake_fez,1,False,0.021290000000000003,0.017014999999999995,0.016963333333333334,0.0364611764705882,4250.0,0.0,0.0
qft_4,qft,4,fake_marrakesh,0.25,oracle_nonworse,fake_fez;fake_kyiv;fake_torino,3,False,0.021290000000000003,0.019036666666666664,0.018681111111111114,0.02842924977620816,4083.3333333333335,-0.008031926694380038,-166.66666666666652
qft_4,qft,4,fake_marrakesh,0.25,random,fake_fez;fake_kyiv;fake_sherbrooke;fake_torino,4,False,0.021290000000000003,0.019806249999999997,0.01948708333333333,0.028946567613846244,3950.0,-0.007514608856741954,-300.0
qft_4,qft,4,fake_marrakesh,0.25,oracle_worst,fake_sherbrooke,1,False,0.021290000000000003,0.022114999999999996,0.02190499999999998,0.0304985211267605,3550.0,-0.0059626553438277,-700.0
qft_4,qft,4,fake_marrakesh,0.5,oracle_best,fake_fez,1,False,0.021290000000000003,0.017014999999999995,0.016963333333333334,0.0344111627906976,4300.0,0.0,0.0
qft_4,qft,4,fake_marrakesh,0.5,oracle_nonworse,fake_fez;fake_kyiv;fake_torino,3,False,0.021290000000000003,0.019036666666666664,0.018681111111111114,0.028156628731650934,4416.666666666667,-0.006254534059046666,116.66666666666697
qft_4,qft,4,fake_marrakesh,0.5,random,fake_fez;fake_kyiv;fake_sherbrooke;fake_torino,4,False,0.021290000000000003,0.019806249999999997,0.01948708333333333,0.02773932499701405,4400.0,-0.006671837793683549,100.0
qft_4,qft,4,fake_marrakesh,0.5,oracle_worst,fake_sherbrooke,1,False,0.021290000000000003,0.022114999999999996,0.02190499999999998,0.0264874137931034,4350.0,-0.0079237489975942,50.0
qft_4,qft,4,fake_marrakesh,0.75,oracle_best,fake_fez,1,False,0.021290000000000003,0.017014999999999995,0.016963333333333334,0.0325902427184466,5150.0,0.0,0.0
qft_4,qft,4,fake_marrakesh,0.75,oracle_nonworse,fake_fez;fake_kyiv;fake_torino,3,False,0.021290000000000003,0.019036666666666664,0.018681111111111114,0.028721485144002235,4416.666666666667,-0.003868757574444364,-733.333333333333
qft_4,qft,4,fake_marrakesh,0.75,random,fake_fez;fake_kyiv;fake_sherbrooke;fake_torino,4,False,0.021290000000000003,0.019806249999999997,0.01948708333333333,0.027940280524668324,4250.0,-0.004649962193778275,-900.0
qft_4,qft,4,fake_marrakesh,0.75,oracle_worst,fake_sherbrooke,1,False,0.021290000000000003,0.022114999999999996,0.02190499999999998,0.0255966666666666,3750.0,-0.006993576051779998,-1400.0
qft_4,qft,4,fake_marrakesh,0.9,oracle_best,fake_fez,1,False,0.021290000000000003,0.017014999999999995,0.016963333333333334,0.0338952702702702,3700.0,0.0,0.0
qft_4,qft,4,fake_marrakesh,0.9,oracle_nonworse,fake_fez;fake_kyiv;fake_torino,3,False,0.021290000000000003,0.019036666666666664,0.018681111111111114,0.0299030324769213,3783.3333333333335,-0.0039922377933489,83.33333333333348
qft_4,qft,4,fake_marrakesh,0.9,random,fake_fez;fake_kyiv;fake_sherbrooke;fake_torino,4,False,0.021290000000000003,0.019806249999999997,0.01948708333333333,0.02806251245292905,3887.5,-0.0058327578173411505,187.5
qft_4,qft,4,fake_marrakesh,0.9,oracle_worst,fake_sherbrooke,1,False,0.021290000000000003,0.022114999999999996,0.02190499999999998,0.0225409523809523,4200.0,-0.0113543178893179,500.0
qft_4,qft,4,fake_sherbrooke,0.1,oracle_best,fake_fez,1,False,0.022114999999999996,0.017014999999999995,0.016963333333333334,0.0392493589743589,3900.0,0.0,0.0
qft_4,qft,4,fake_sherbrooke,0.1,oracle_nonworse,fake_fez;fake_kyiv;fake_marrakesh;fake_torino,4,False,0.022114999999999996,0.0196,0.018911666666666674,0.030514620953370902,3712.5,-0.008734738020987995,-187.5
qft_4,qft,4,fake_sherbrooke,0.1,random,fake_fez;fake_kyiv;fake_marrakesh;fake_torino,4,False,0.022114999999999996,0.0196,0.018911666666666674,0.030514620953370902,3712.5,-0.008734738020987995,-187.5
qft_4,qft,4,fake_sherbrooke,0.1,oracle_worst,fake_kyiv,1,False,0.022114999999999996,0.021229999999999985,0.020615000000000005,0.0248221428571428,3500.0,-0.014427216117216098,-400.0
qft_4,qft,4,fake_sherbrooke,0.25,oracle_best,fake_fez,1,False,0.022114999999999996,0.017014999999999995,0.016963333333333334,0.0325579775280898,4450.0,0.0,0.0
qft_4,qft,4,fake_sherbrooke,0.25,oracle_nonworse,fake_fez;fake_kyiv;fake_marrakesh;fake_torino,4,False,0.022114999999999996,0.0196,0.018911666666666674,0.0248618989183417,4300.0,-0.007696078609748101,-150.0
qft_4,qft,4,fake_sherbrooke,0.25,random,fake_fez;fake_kyiv;fake_marrakesh;fake_torino,4,False,0.022114999999999996,0.0196,0.018911666666666674,0.0248618989183417,4300.0,-0.007696078609748101,-150.0
qft_4,qft,4,fake_sherbrooke,0.25,oracle_worst,fake_kyiv,1,False,0.022114999999999996,0.021229999999999985,0.020615000000000005,0.0183104320987654,4050.0,-0.014247545429324403,-400.0
qft_4,qft,4,fake_sherbrooke,0.5,oracle_best,fake_fez,1,False,0.022114999999999996,0.017014999999999995,0.016963333333333334,0.0363520212765957,4700.0,0.0,0.0
qft_4,qft,4,fake_sherbrooke,0.5,oracle_nonworse,fake_fez;fake_kyiv;fake_marrakesh;fake_torino,4,False,0.022114999999999996,0.0196,0.018911666666666674,0.025876516905601627,4550.0,-0.010475504370994076,-150.0
qft_4,qft,4,fake_sherbrooke,0.5,random,fake_fez;fake_kyiv;fake_marrakesh;fake_torino,4,False,0.022114999999999996,0.0196,0.018911666666666674,0.025876516905601627,4550.0,-0.010475504370994076,-150.0
qft_4,qft,4,fake_sherbrooke,0.5,oracle_worst,fake_kyiv,1,False,0.022114999999999996,0.021229999999999985,0.020615000000000005,0.020115909090909,4400.0,-0.016236112185686703,-300.0
qft_4,qft,4,fake_sherbrooke,0.75,oracle_best,fake_fez,1,False,0.022114999999999996,0.017014999999999995,0.016963333333333334,0.029578947368421,3800.0,0.0,0.0
qft_4,qft,4,fake_sherbrooke,0.75,oracle_nonworse,fake_fez;fake_kyiv;fake_marrakesh;fake_torino,4,False,0.022114999999999996,0.0196,0.018911666666666674,0.030217265334452976,4112.5,0.000638317966031976,312.5
qft_4,qft,4,fake_sherbrooke,0.75,random,fake_fez;fake_kyiv;fake_marrakesh;fake_torino,4,False,0.022114999999999996,0.0196,0.018911666666666674,0.030217265334452976,4112.5,0.000638317966031976,312.5
qft_4,qft,4,fake_sherbrooke,0.75,oracle_worst,fake_kyiv,1,False,0.022114999999999996,0.021229999999999985,0.020615000000000005,0.0332071621621621,3700.0,0.0036282147937411018,-100.0
qft_4,qft,4,fake_sherbrooke,0.9,oracle_best,fake_fez,1,False,0.022114999999999996,0.017014999999999995,0.016963333333333334,0.0268979518072289,4150.0,0.0,0.0
qft_4,qft,4,fake_sherbrooke,0.9,oracle_nonworse,fake_fez;fake_kyiv;fake_marrakesh;fake_torino,4,False,0.022114999999999996,0.0196,0.018911666666666674,0.02858744313388005,4150.0,0.0016894913266511484,0.0
qft_4,qft,4,fake_sherbrooke,0.9,random,fake_fez;fake_kyiv;fake_marrakesh;fake_torino,4,False,0.022114999999999996,0.0196,0.018911666666666674,0.02858744313388005,4150.0,0.0016894913266511484,0.0
qft_4,qft,4,fake_sherbrooke,0.9,oracle_worst,fake_kyiv,1,False,0.022114999999999996,0.021229999999999985,0.020615000000000005,0.0299770588235294,4250.0,0.0030791070163004967,100.0
qft_4,qft,4,fake_torino,0.1,oracle_best,fake_fez,1,False,0.018865000000000007,0.017014999999999995,0.016963333333333334,0.0391624050632911,3950.0,0.0,0.0
qft_4,qft,4,fake_torino,0.1,oracle_nonworse,fake_fez,1,False,0.018865000000000007,0.017014999999999995,0.016963333333333334,0.0391624050632911,3950.0,0.0,0.0
qft_4,qft,4,fake_torino,0.1,random,fake_fez;fake_kyiv;fake_marrakesh;fake_sherbrooke,4,False,0.018865000000000007,0.020412499999999993,0.019771666666666667,0.031714775559221475,3800.0,-0.007447629504069624,-150.0
qft_4,qft,4,fake_torino,0.1,oracle_worst,fake_sherbrooke,1,False,0.018865000000000007,0.022114999999999996,0.02190499999999998,0.033096282051282,3900.0,-0.006066123012009102,-50.0
qft_4,qft,4,fake_torino,0.25,oracle_best,fake_fez,1,False,0.018865000000000007,0.017014999999999995,0.016963333333333334,0.0300118421052631,3800.0,0.0,0.0
qft_4,qft,4,fake_torino,0.25,oracle_nonworse,fake_fez,1,False,0.018865000000000007,0.017014999999999995,0.016963333333333334,0.0300118421052631,3800.0,0.0,0.0
qft_4,qft,4,fake_torino,0.25,random,fake_fez;fake_kyiv;fake_marrakesh;fake_sherbrooke,4,False,0.018865000000000007,0.020412499999999993,0.019771666666666667,0.027100643857041223,4075.0,-0.0029111982482218773,275.0
qft_4,qft,4,fake_torino,0.25,oracle_worst,fake_sherbrooke,1,False,0.018865000000000007,0.022114999999999996,0.02190499999999998,0.028367922077922,3850.0,-0.0016439200273411017,50.0
qft_4,qft,4,fake_torino,0.5,oracle_best,fake_fez,1,False,0.018865000000000007,0.017014999999999995,0.016963333333333334,0.0233454545454545,4950.0,0.0,0.0
qft_4,qft,4,fake_torino,0.5,oracle_nonworse,fake_fez,1,False,0.018865000000000007,0.017014999999999995,0.016963333333333334,0.0233454545454545,4950.0,0.0,0.0
qft_4,qft,4,fake_torino,0.5,random,fake_fez;fake_kyiv;fake_marrakesh;fake_sherbrooke,4,False,0.018865000000000007,0.020412499999999993,0.019771666666666667,0.0260284882493667,4550.0,0.0026830337039122007,-400.0
qft_4,qft,4,fake_torino,0.5,oracle_worst,fake_sherbrooke,1,False,0.018865000000000007,0.022114999999999996,0.02190499999999998,0.0234352631578947,4750.0,8.98086124401995e-05,-200.0
qft_4,qft,4,fake_torino,0.75,oracle_best,fake_fez,1,False,0.018865000000000007,0.017014999999999995,0.016963333333333334,0.0268075609756097,4100.0,0.0,0.0
qft_4,qft,4,fake_torino,0.75,oracle_nonworse,fake_fez,1,False,0.018865000000000007,0.017014999999999995,0.016963333333333334,0.0268075609756097,4100.0,0.0,0.0
qft_4,qft,4,fake_torino,0.75,random,fake_fez;fake_kyiv;fake_marrakesh;fake_sherbrooke,4,False,0.018865000000000007,0.020412499999999993,0.019771666666666667,0.027105778225020753,4037.5,0.00029821724941105424,-62.5
qft_4,qft,4,fake_torino,0.75,oracle_worst,fake_sherbrooke,1,False,0.018865000000000007,0.022114999999999996,0.02190499999999998,0.0240338235294117,4250.0,-0.002773737446197997,150.0
qft_4,qft,4,fake_torino,0.9,oracle_best,fake_fez,1,False,0.018865000000000007,0.017014999999999995,0.016963333333333334,0.0290954395604395,4550.0,0.0,0.0
qft_4,qft,4,fake_torino,0.9,oracle_nonworse,fake_fez,1,False,0.018865000000000007,0.017014999999999995,0.016963333333333334,0.0290954395604395,4550.0,0.0,0.0
qft_4,qft,4,fake_torino,0.9,random,fake_fez;fake_kyiv;fake_marrakesh;fake_sherbrooke,4,False,0.018865000000000007,0.020412499999999993,0.019771666666666667,0.028887247220864175,4512.5,-0.0002081923395753256,-37.5
qft_4,qft,4,fake_torino,0.9,oracle_worst,fake_sherbrooke,1,False,0.018865000000000007,0.022114999999999996,0.02190499999999998,0.0286604545454545,4400.0,-0.00043498501498500167,-150.0
qft_6,qft,6,fake_fez,0.1,oracle_best,fake_kyiv,1,False,0.034745,0.03955,0.03811666666666667,0.0506008227848101,7900.0,0.0,0.0
qft_6,qft,6,fake_fez,0.1,oracle_nonworse,fake_torino,1,True,0.034745,0.03834,0.03976333333333333,0.044821626506024,8300.0,-0.005779196278786106,400.0
qft_6,qft,6,fake_fez,0.1,random,fake_kyiv;fake_marrakesh;fake_sherbrooke;fake_torino,4,False,0.034745,0.04141375,0.04106166666666666,0.04943459784545183,8150.0,-0.0011662249393582722,250.0
qft_6,qft,6,fake_fez,0.1,oracle_worst,fake_sherbrooke,1,False,0.034745,0.04703,0.04515333333333333,0.0596078881987577,8050.0,0.0090070654139476,150.0
qft_6,qft,6,fake_fez,0.25,oracle_best,fake_kyiv,1,False,0.034745,0.03955,0.03811666666666667,0.0434516863905325,8450.0,0.0,0.0
qft_6,qft,6,fake_fez,0.25,oracle_nonworse,fake_torino,1,True,0.034745,0.03834,0.03976333333333333,0.0444568639053254,8450.0,0.0010051775147928987,0.0
qft_6,qft,6,fake_fez,0.25,random,fake_kyiv;fake_marrakesh;fake_sherbrooke;fake_torino,4,False,0.034745,0.04141375,0.04106166666666666,0.046042279882886755,8425.0,0.0025905934923542567,-25.0
qft_6,qft,6,fake_fez,0.25,oracle_worst,fake_sherbrooke,1,False,0.034745,0.04703,0.04515333333333333,0.0524616384180791,8850.0,0.009009952027546599,400.0
qft_6,qft,6,fake_fez,0.5,oracle_best,fake_kyiv,1,False,0.034745,0.03955,0.03811666666666667,0.0422306451612903,7750.0,0.0,0.0
qft_6,qft,6,fake_fez,0.5,oracle_nonworse,fake_torino,1,True,0.034745,0.03834,0.03976333333333333,0.0423564035087719,8550.0,0.00012575834748160264,800.0
qft_6,qft,6,fake_fez,0.5,random,fake_kyiv;fake_marrakesh;fake_sherbrooke;fake_torino,4,False,0.034745,0.04141375,0.04106166666666666,0.0430874298693789,8187.5,0.000856784708088601,437.5
qft_6,qft,6,fake_fez,0.5,oracle_worst,fake_sherbrooke,1,False,0.034745,0.04703,0.04515333333333333,0.0458833850931677,8050.0,0.0036527399318774037,300.0
qft_6,qft,6,fake_fez,0.75,oracle_best,fake_kyiv,1,False,0.034745,0.03955,0.03811666666666667,0.0394692771084337,8300.0,0.0,0.0
qft_6,qft,6,fake_fez,0.75,oracle_nonworse,fake_torino,1,True,0.034745,0.03834,0.03976333333333333,0.0405000310559006,8050.0,0.0010307539474669059,-250.0
qft_6,qft,6,fake_fez,0.75,random,fake_kyiv;fake_marrakesh;fake_sherbrooke;fake_torino,4,False,0.034745,0.04141375,0.04106166666666666,0.04224660814614505,8400.0,0.002777331037711356,100.0
qft_6,qft,6,fake_fez,0.75,oracle_worst,fake_sherbrooke,1,False,0.034745,0.04703,0.04515333333333333,0.0448155747126436,8700.0,0.005346297604209904,400.0
qft_6,qft,6,fake_fez,0.9,oracle_best,fake_kyiv,1,False,0.034745,0.03955,0.03811666666666667,0.0415383333333333,8550.0,0.0,0.0
qft_6,qft,6,fake_fez,0.9,oracle_nonworse,fake_torino,1,True,0.034745,0.03834,0.03976333333333333,0.0419780952380952,8400.0,0.00043976190476190113,-150.0
qft_6,qft,6,fake_fez,0.9,random,fake_kyiv;fake_marrakesh;fake_sherbrooke;fake_torino,4,False,0.034745,0.04141375,0.04106166666666666,0.043611086628848404,8425.0,0.002072753295515102,-125.0
qft_6,qft,6,fake_fez,0.9,oracle_worst,fake_sherbrooke,1,False,0.034745,0.04703,0.04515333333333333,0.0433002071005917,8450.0,0.0017618737672583998,-100.0
qft_6,qft,6,fake_kyiv,0.1,oracle_best,fake_fez,1,False,0.03955,0.034745,0.03510499999999999,0.043533224852071,8450.0,0.0,0.0
qft_6,qft,6,fake_kyiv,0.1,oracle_nonworse,fake_fez;fake_torino,2,False,0.03955,0.0365425,0.03743416666666666,0.04296423147365455,8425.0,-0.0005689933784164478,-25.0
qft_6,qft,6,fake_kyiv,0.1,random,fake_fez;fake_marrakesh;fake_sherbrooke;fake_torino,4,False,0.03955,0.0402125,0.04030874999999999,0.04757620241800675,8187.5,0.004042977565935753,-262.5
qft_6,qft,6,fake_kyiv,0.1,oracle_worst,fake_sherbrooke,1,False,0.03955,0.04703,0.04515333333333333,0.0598532822085889,8150.0,0.016320057356517897,-300.0
qft_6,qft,6,fake_kyiv,0.25,oracle_best,fake_fez,1,False,0.03955,0.034745,0.03510499999999999,0.0409053012048192,8300.0,0.0,0.0
qft_6,qft,6,fake_kyiv,0.25,oracle_nonworse,fake_fez;fake_torino,2,False,0.03955,0.0365425,0.03743416666666666,0.041765734434744906,8325.0,0.0008604332299257042,25.0
qft_6,qft,6,fake_kyiv,0.25,random,fake_fez;fake_marrakesh;fake_sherbrooke;fake_torino,4,False,0.03955,0.0402125,0.04030874999999999,0.04706334617022087,8262.5,0.00615804496540167,-37.5
qft_6,qft,6,fake_kyiv,0.25,oracle_worst,fake_sherbrooke,1,False,0.03955,0.04703,0.04515333333333333,0.0559074096385542,8300.0,0.015002108433735,0.0
qft_6,qft,6,fake_kyiv,0.5,oracle_best,fake_fez,1,False,0.03955,0.034745,0.03510499999999999,0.0399102023121387,8650.0,0.0,0.0
qft_6,qft,6,fake_kyiv,0.5,oracle_nonworse,fake_fez;fake_torino,2,False,0.03955,0.0365425,0.03743416666666666,0.0417658154417836,8525.0,0.001855613129644898,-125.0
qft_6,qft,6,fake_kyiv,0.5,random,fake_fez;fake_marrakesh;fake_sherbrooke;fake_torino,4,False,0.03955,0.0402125,0.04030874999999999,0.044769922891393775,8325.0,0.004859720579255072,-325.0
qft_6,qft,6,fake_kyiv,0.5,oracle_worst,fake_sherbrooke,1,False,0.03955,0.04703,0.04515333333333333,0.0487846103896103,7700.0,0.008874408077471599,-950.0
qft_6,qft,6,fake_kyiv,0.75,oracle_best,fake_fez,1,False,0.03955,0.034745,0.03510499999999999,0.0475149999999999,7750.0,0.0,0.0
qft_6,qft,6,fake_kyiv,0.75,oracle_nonworse,fake_fez;fake_torino,2,False,0.03955,0.0365425,0.03743416666666666,0.0480692741935483,7750.0,0.0005542741935484,0.0
qft_6,qft,6,fake_kyiv,0.75,random,fake_fez;fake_marrakesh;fake_sherbrooke;fake_torino,4,False,0.03955,0.0402125,0.04030874999999999,0.04807127171215873,7775.0,0.000556271712158829,25.0
qft_6,qft,6,fake_kyiv,0.75,oracle_worst,fake_sherbrooke,1,False,0.03955,0.04703,0.04515333333333333,0.0477996153846153,7800.0,0.000284615384615404,50.0
qft_6,qft,6,fake_kyiv,0.9,oracle_best,fake_fez,1,False,0.03955,0.034745,0.03510499999999999,0.048757514450867,8650.0,0.0,0.0
qft_6,qft,6,fake_kyiv,0.9,oracle_nonworse,fake_fez;fake_torino,2,False,0.03955,0.0365425,0.03743416666666666,0.048505204593854545,8600.0,-0.00025230985701245323,-50.0
qft_6,qft,6,fake_kyiv,0.9,random,fake_fez;fake_marrakesh;fake_sherbrooke;fake_torino,4,False,0.03955,0.0402125,0.04030874999999999,0.0485501491527689,8525.0,-0.00020736529809809584,-125.0
qft_6,qft,6,fake_kyiv,0.9,oracle_worst,fake_sherbrooke,1,False,0.03955,0.04703,0.04515333333333333,0.049300303030303,8250.0,0.0005427885794360016,-400.0
qft_6,qft,6,fake_marrakesh,0.1,oracle_best,fake_fez,1,False,0.04073499999999999,0.034745,0.03510499999999999,0.0449689349112426,8450.0,0.0,0.0
qft_6,qft,6,fake_marrakesh,0.1,oracle_nonworse,fake_fez;fake_kyiv;fake_torino,3,False,0.04073499999999999,0.037545,0.03766166666666666,0.046476549732318934,8283.333333333334,0.0015076148210763363,-166.66666666666606
qft_6,qft,6,fake_marrakesh,0.1,random,fake_fez;fake_kyiv;fake_sherbrooke;fake_torino,4,False,0.04073499999999999,0.03991625,0.03953458333333333,0.049536714446478454,8250.0,0.004567779535235857,-200.0
qft_6,qft,6,fake_marrakesh,0.1,oracle_worst,fake_sherbrooke,1,False,0.04073499999999999,0.04703,0.04515333333333333,0.058717208588957,8150.0,0.013748273677714404,-300.0
qft_6,qft,6,fake_marrakesh,0.25,oracle_best,fake_fez,1,False,0.04073499999999999,0.034745,0.03510499999999999,0.0453327108433734,8300.0,0.0,0.0
qft_6,qft,6,fake_marrakesh,0.25,oracle_nonworse,fake_fez;fake_kyiv;fake_torino,3,False,0.04073499999999999,0.037545,0.03766166666666666,0.04532078742716524,8416.666666666666,-1.1923416208155235e-05,116.66666666666606
qft_6,qft,6,fake_marrakesh,0.25,random,fake_fez;fake_kyiv;fake_sherbrooke;fake_torino,4,False,0.04073499999999999,0.03991625,0.03953458333333333,0.047151132739048626,8387.5,0.001818421895675229,87.5
qft_6,qft,6,fake_marrakesh,0.25,oracle_worst,fake_sherbrooke,1,False,0.04073499999999999,0.04703,0.04515333333333333,0.0526421686746988,8300.0,0.007309457831325403,0.0
qft_6,qft,6,fake_marrakesh,0.5,oracle_best,fake_fez,1,False,0.04073499999999999,0.034745,0.03510499999999999,0.0394532080924855,8650.0,0.0,0.0
qft_6,qft,6,fake_marrakesh,0.5,oracle_nonworse,fake_fez;fake_kyiv;fake_torino,3,False,0.04073499999999999,0.037545,0.03766166666666666,0.04440643862563887,8333.333333333334,0.004953230533153365,-316.66666666666606
qft_6,qft,6,fake_marrakesh,0.5,random,fake_fez;fake_kyiv;fake_sherbrooke;fake_torino,4,False,0.04073499999999999,0.03991625,0.03953458333333333,0.044804150864653974,8162.5,0.005350942772168472,-487.5
qft_6,qft,6,fake_marrakesh,0.5,oracle_worst,fake_sherbrooke,1,False,0.04073499999999999,0.04703,0.04515333333333333,0.0459972875816993,7650.0,0.006544079489213796,-1000.0
qft_6,qft,6,fake_marrakesh,0.75,oracle_best,fake_fez,1,False,0.04073499999999999,0.034745,0.03510499999999999,0.0444255844155844,7700.0,0.0,0.0
qft_6,qft,6,fake_marrakesh,0.75,oracle_nonworse,fake_fez;fake_kyiv;fake_torino,3,False,0.04073499999999999,0.037545,0.03766166666666666,0.04378213913621423,7783.333333333333,-0.0006434452793701653,83.33333333333303
qft_6,qft,6,fake_marrakesh,0.75,random,fake_fez;fake_kyiv;fake_sherbrooke;fake_torino,4,False,0.04073499999999999,0.03991625,0.03953458333333333,0.042960306883806226,7812.5,-0.001465277531778171,112.5
qft_6,qft,6,fake_marrakesh,0.75,oracle_worst,fake_sherbrooke,1,False,0.04073499999999999,0.04703,0.04515333333333333,0.0404948101265822,7900.0,-0.003930774289002195,200.0
qft_6,qft,6,fake_marrakesh,0.9,oracle_best,fake_fez,1,False,0.04073499999999999,0.034745,0.03510499999999999,0.0423843023255813,8600.0,0.0,0.0
qft_6,qft,6,fake_marrakesh,0.9,oracle_nonworse,fake_fez;fake_kyiv;fake_torino,3,False,0.04073499999999999,0.037545,0.03766166666666666,0.0413185236280821,8683.333333333334,-0.0010657786974991937,83.33333333333394
qft_6,qft,6,fake_marrakesh,0.9,random,fake_fez;fake_kyiv;fake_sherbrooke;fake_torino,4,False,0.04073499999999999,0.03991625,0.03953458333333333,0.04078172979971325,8737.5,-0.001602572525868047,137.5
qft_6,qft,6,fake_marrakesh,0.9,oracle_worst,fake_sherbrooke,1,False,0.04073499999999999,0.04703,0.04515333333333333,0.0391713483146067,8900.0,-0.0032129540109745933,300.0
qft_6,qft,6,fake_sherbrooke,0.1,oracle_best,fake_fez,1,False,0.04703,0.034745,0.03510499999999999,0.0423413473053892,8350.0,0.0,0.0
qft_6,qft,6,fake_sherbrooke,0.1,oracle_nonworse,fake_fez;fake_kyiv;fake_marrakesh;fake_torino,4,False,0.04703,0.0383425,0.03854958333333333,0.043140924538752276,8225.0,0.0007995772333630746,-125.0
qft_6,qft,6,fake_sherbrooke,0.1,random,fake_fez;fake_kyiv;fake_marrakesh;fake_torino,4,False,0.04703,0.0383425,0.03854958333333333,0.043140924538752276,8225.0,0.0007995772333630746,-125.0
qft_6,qft,6,fake_sherbrooke,0.1,oracle_worst,fake_marrakesh,1,False,0.04703,0.04073499999999999,0.04121333333333333,0.0393808982035928,8350.0,-0.0029604491017964016,0.0
qft_6,qft,6,fake_sherbrooke,0.25,oracle_best,fake_fez,1,False,0.04703,0.034745,0.03510499999999999,0.0450020186335403,8050.0,0.0,0.0
qft_6,qft,6,fake_sherbrooke,0.25,oracle_nonworse,fake_fez;fake_kyiv;fake_marrakesh;fake_torino,4,False,0.04703,0.0383425,0.03854958333333333,0.04359764589535835,8250.0,-0.001404372738181954,200.0
qft_6,qft,6,fake_sherbrooke,0.25,random,fake_fez;fake_kyiv;fake_marrakesh;fake_torino,4,False,0.04703,0.0383425,0.03854958333333333,0.04359764589535835,8250.0,-0.001404372738181954,200.0
qft_6,qft,6,fake_sherbrooke,0.25,oracle_worst,fake_marrakesh,1,False,0.04703,0.04073499999999999,0.04121333333333333,0.0424285443037974,7900.0,-0.002573474329742899,-150.0
qft_6,qft,6,fake_sherbrooke,0.5,oracle_best,fake_fez,1,False,0.04703,0.034745,0.03510499999999999,0.0444045121951219,8200.0,0.0,0.0
qft_6,qft,6,fake_sherbrooke,0.5,oracle_nonworse,fake_fez;fake_kyiv;fake_marrakesh;fake_torino,4,False,0.04703,0.0383425,0.03854958333333333,0.04525761469569015,8212.5,0.0008531025005682549,12.5
qft_6,qft,6,fake_sherbrooke,0.5,random,fake_fez;fake_kyiv;fake_marrakesh;fake_torino,4,False,0.04703,0.0383425,0.03854958333333333,0.04525761469569015,8212.5,0.0008531025005682549,12.5
qft_6,qft,6,fake_sherbrooke,0.5,oracle_worst,fake_marrakesh,1,False,0.04703,0.04073499999999999,0.04121333333333333,0.0444647590361445,8300.0,6.0246841022598696e-05,100.0
qft_6,qft,6,fake_sherbrooke,0.75,oracle_best,fake_fez,1,False,0.04703,0.034745,0.03510499999999999,0.0518146153846153,7800.0,0.0,0.0
qft_6,qft,6,fake_sherbrooke,0.75,oracle_nonworse,fake_fez;fake_kyiv;fake_marrakesh;fake_torino,4,False,0.04703,0.0383425,0.03854958333333333,0.05123986815500872,8100.0,-0.0005747472296065773,300.0
qft_6,qft,6,fake_sherbrooke,0.75,random,fake_fez;fake_kyiv;fake_marrakesh;fake_torino,4,False,0.04703,0.0383425,0.03854958333333333,0.05123986815500872,8100.0,-0.0005747472296065773,300.0
qft_6,qft,6,fake_sherbrooke,0.75,oracle_worst,fake_marrakesh,1,False,0.04703,0.04073499999999999,0.04121333333333333,0.0491494186046511,8600.0,-0.002665196779964199,800.0
qft_6,qft,6,fake_sherbrooke,0.9,oracle_best,fake_fez,1,False,0.04703,0.034745,0.03510499999999999,0.0567958536585365,8200.0,0.0,0.0
qft_6,qft,6,fake_sherbrooke,0.9,oracle_nonworse,fake_fez;fake_kyiv;fake_marrakesh;fake_torino,4,False,0.04703,0.0383425,0.03854958333333333,0.055986357592685276,8225.0,-0.0008094960658512271,25.0
qft_6,qft,6,fake_sherbrooke,0.9,random,fake_fez;fake_kyiv;fake_marrakesh;fake_torino,4,False,0.04703,0.0383425,0.03854958333333333,0.055986357592685276,8225.0,-0.0008094960658512271,25.0
qft_6,qft,6,fake_sherbrooke,0.9,oracle_worst,fake_marrakesh,1,False,0.04703,0.04073499999999999,0.04121333333333333,0.0561167484662576,8150.0,-0.0006791051922789004,-50.0
qft_6,qft,6,fake_torino,0.1,oracle_best,fake_fez,1,False,0.03834,0.034745,0.03510499999999999,0.0407961904761904,8400.0,0.0,0.0
qft_6,qft,6,fake_torino,0.1,oracle_nonworse,fake_fez,1,False,0.03834,0.034745,0.03510499999999999,0.0407961904761904,8400.0,0.0,0.0
qft_6,qft,6,fake_torino,0.1,random,fake_fez;fake_kyiv;fake_marrakesh;fake_sherbrooke,4,False,0.03834,0.040514999999999995,0.039897083333333326,0.04736667452830182,8212.5,0.006570484052111421,-187.5
qft_6,qft,6,fake_torino,0.1,oracle_worst,fake_sherbrooke,1,False,0.03834,0.04703,0.04515333333333333,0.0586133333333333,8100.0,0.0178171428571429,-300.0
qft_6,qft,6,fake_torino,0.25,oracle_best,fake_fez,1,False,0.03834,0.034745,0.03510499999999999,0.0399242682926829,8200.0,0.0,0.0
qft_6,qft,6,fake_torino,0.25,oracle_nonworse,fake_fez,1,False,0.03834,0.034745,0.03510499999999999,0.0399242682926829,8200.0,0.0,0.0
qft_6,qft,6,fake_torino,0.25,random,fake_fez;fake_kyiv;fake_marrakesh;fake_sherbrooke,4,False,0.03834,0.040514999999999995,0.039897083333333326,0.045211108850099074,8425.0,0.005286840557416177,225.0
qft_6,qft,6,fake_torino,0.25,oracle_worst,fake_sherbrooke,1,False,0.03834,0.04703,0.04515333333333333,0.0490545530726257,8950.0,0.0091302847799428,750.0
qft_6,qft,6,fake_torino,0.5,oracle_best,fake_fez,1,False,0.03834,0.034745,0.03510499999999999,0.0407779411764705,8500.0,0.0,0.0
qft_6,qft,6,fake_torino,0.5,oracle_nonworse,fake_fez,1,False,0.03834,0.034745,0.03510499999999999,0.0407779411764705,8500.0,0.0,0.0
qft_6,qft,6,fake_torino,0.5,random,fake_fez;fake_kyiv;fake_marrakesh;fake_sherbrooke,4,False,0.03834,0.040514999999999995,0.039897083333333326,0.04344740107988223,8337.5,0.0026694599034117264,-162.5
qft_6,qft,6,fake_torino,0.5,oracle_worst,fake_sherbrooke,1,False,0.03834,0.04703,0.04515333333333333,0.0416701515151515,8250.0,0.0008922103386809974,-250.0
qft_6,qft,6,fake_torino,0.75,oracle_best,fake_fez,1,False,0.03834,0.034745,0.03510499999999999,0.0453539024390243,8200.0,0.0,0.0
qft_6,qft,6,fake_torino,0.75,oracle_nonworse,fake_fez,1,False,0.03834,0.034745,0.03510499999999999,0.0453539024390243,8200.0,0.0,0.0
qft_6,qft,6,fake_torino,0.75,random,fake_fez;fake_kyiv;fake_marrakesh;fake_sherbrooke,4,False,0.03834,0.040514999999999995,0.039897083333333326,0.044175955549916525,8537.5,-0.0011779468891077727,337.5
qft_6,qft,6,fake_torino,0.75,oracle_worst,fake_sherbrooke,1,False,0.03834,0.04703,0.04515333333333333,0.04257,8800.0,-0.002783902439024301,600.0
qft_6,qft,6,fake_torino,0.9,oracle_best,fake_fez,1,False,0.03834,0.034745,0.03510499999999999,0.0459644011976047,8350.0,0.0,0.0
qft_6,qft,6,fake_torino,0.9,oracle_nonworse,fake_fez,1,False,0.03834,0.034745,0.03510499999999999,0.0459644011976047,8350.0,0.0,0.0
qft_6,qft,6,fake_torino,0.9,random,fake_fez;fake_kyiv;fake_marrakesh;fake_sherbrooke,4,False,0.03834,0.040514999999999995,0.039897083333333326,0.04444948201453032,8237.5,-0.0015149191830743786,-112.5
qft_6,qft,6,fake_torino,0.9,oracle_worst,fake_sherbrooke,1,False,0.03834,0.04703,0.04515333333333333,0.0406057142857142,8750.0,-0.005358686911890495,400.0
qft_8,qft,8,fake_fez,0.1,oracle_best,fake_torino,1,False,0.078235,0.073735,0.07178,0.077410982404692,17050.0,0.0,0.0
qft_8,qft,8,fake_fez,0.1,oracle_nonworse,fake_kyiv;fake_torino,2,False,0.078235,0.07543,0.07240416666666666,0.0770864410503703,16750.0,-0.0003245413543217085,-300.0
qft_8,qft,8,fake_fez,0.1,random,fake_kyiv;fake_marrakesh;fake_sherbrooke;fake_torino,4,False,0.078235,0.08007500000000001,0.0762225,0.08112228358906098,16700.0,0.0037113011843689786,-350.0
qft_8,qft,8,fake_fez,0.1,oracle_worst,fake_marrakesh,1,False,0.078235,0.086465,0.08210833333333334,0.0875518404907975,16300.0,0.0101408580861055,-750.0
qft_8,qft,8,fake_fez,0.25,oracle_best,fake_torino,1,False,0.078235,0.073735,0.07178,0.0767730597014925,16750.0,0.0,0.0
qft_8,qft,8,fake_fez,0.25,oracle_nonworse,fake_kyiv;fake_torino,2,False,0.078235,0.07543,0.07240416666666666,0.07626182054842065,16975.0,-0.0005112391530718435,225.0
qft_8,qft,8,fake_fez,0.25,random,fake_kyiv;fake_marrakesh;fake_sherbrooke;fake_torino,4,False,0.078235,0.08007500000000001,0.0762225,0.07860725089254719,16875.0,0.0018341911910546987,125.0
qft_8,qft,8,fake_fez,0.25,oracle_worst,fake_marrakesh,1,False,0.078235,0.086465,0.08210833333333334,0.0832267910447761,16750.0,0.0064537313432836,0.0
qft_8,qft,8,fake_fez,0.5,oracle_best,fake_torino,1,False,0.078235,0.073735,0.07178,0.0762653488372093,17200.0,0.0,0.0
qft_8,qft,8,fake_fez,0.5,oracle_nonworse,fake_kyiv;fake_torino,2,False,0.078235,0.07543,0.07240416666666666,0.0754809502806736,17300.0,-0.0007843985565356981,100.0
qft_8,qft,8,fake_fez,0.5,random,fake_kyiv;fake_marrakesh;fake_sherbrooke;fake_torino,4,False,0.078235,0.08007500000000001,0.0762225,0.07741857338259228,17125.0,0.0011532245453829831,-75.0
qft_8,qft,8,fake_fez,0.5,oracle_worst,fake_marrakesh,1,False,0.078235,0.086465,0.08210833333333334,0.0807055882352941,17000.0,0.0044402393980848,-200.0
qft_8,qft,8,fake_fez,0.75,oracle_best,fake_torino,1,False,0.078235,0.073735,0.07178,0.0759224355300859,17450.0,0.0,0.0
qft_8,qft,8,fake_fez,0.75,oracle_nonworse,fake_kyiv;fake_torino,2,False,0.078235,0.07543,0.07240416666666666,0.0759657605379043,17200.0,4.3325007818395544e-05,-250.0
qft_8,qft,8,fake_fez,0.75,random,fake_kyiv;fake_marrakesh;fake_sherbrooke;fake_torino,4,False,0.078235,0.08007500000000001,0.0762225,0.07670398239484058,17200.0,0.0007815468647546786,-250.0
qft_8,qft,8,fake_fez,0.75,oracle_worst,fake_marrakesh,1,False,0.078235,0.086465,0.08210833333333334,0.0794536167146974,17350.0,0.003531181184611501,-100.0
qft_8,qft,8,fake_fez,0.9,oracle_best,fake_torino,1,False,0.078235,0.073735,0.07178,0.0779836786786786,16650.0,0.0,0.0
qft_8,qft,8,fake_fez,0.9,oracle_nonworse,fake_kyiv;fake_torino,2,False,0.078235,0.07543,0.07240416666666666,0.07734939799036569,16850.0,-0.0006342806883129076,200.0
qft_8,qft,8,fake_fez,0.9,random,fake_kyiv;fake_marrakesh;fake_sherbrooke;fake_torino,4,False,0.078235,0.08007500000000001,0.0762225,0.07680247776750618,16937.5,-0.0011812009111724225,287.5
qft_8,qft,8,fake_fez,0.9,oracle_worst,fake_marrakesh,1,False,0.078235,0.086465,0.08210833333333334,0.0772300746268656,16750.0,-0.0007536040518130033,100.0
qft_8,qft,8,fake_kyiv,0.1,oracle_best,fake_torino,1,False,0.077125,0.073735,0.07178,0.0775023809523809,16800.0,0.0,0.0
qft_8,qft,8,fake_kyiv,0.1,oracle_nonworse,fake_torino,1,False,0.077125,0.073735,0.07178,0.0775023809523809,16800.0,0.0,0.0
qft_8,qft,8,fake_kyiv,0.1,random,fake_fez;fake_marrakesh;fake_sherbrooke;fake_torino,4,False,0.077125,0.0803525,0.07662333333333333,0.08078482868046621,16812.5,0.003282447728085308,12.5
qft_8,qft,8,fake_kyiv,0.1,oracle_worst,fake_marrakesh,1,False,0.077125,0.086465,0.08210833333333334,0.0859977370030581,16350.0,0.008495356050677194,-450.0
qft_8,qft,8,fake_kyiv,0.25,oracle_best,fake_torino,1,False,0.077125,0.073735,0.07178,0.075145825958702,16950.0,0.0,0.0
qft_8,qft,8,fake_kyiv,0.25,oracle_nonworse,fake_torino,1,False,0.077125,0.073735,0.07178,0.075145825958702,16950.0,0.0,0.0
qft_8,qft,8,fake_kyiv,0.25,random,fake_fez;fake_marrakesh;fake_sherbrooke;fake_torino,4,False,0.077125,0.0803525,0.07662333333333333,0.07677597484095823,16812.5,0.0016301488822562243,-137.5
qft_8,qft,8,fake_kyiv,0.25,oracle_worst,fake_marrakesh,1,False,0.077125,0.086465,0.08210833333333334,0.0790080088495575,16950.0,0.0038621828908554923,0.0
qft_8,qft,8,fake_kyiv,0.5,oracle_best,fake_torino,1,False,0.077125,0.073735,0.07178,0.0730245348837209,17200.0,0.0,0.0
qft_8,qft,8,fake_kyiv,0.5,oracle_nonworse,fake_torino,1,False,0.077125,0.073735,0.07178,0.0730245348837209,17200.0,0.0,0.0
qft_8,qft,8,fake_kyiv,0.5,random,fake_fez;fake_marrakesh;fake_sherbrooke;fake_torino,4,False,0.077125,0.0803525,0.07662333333333333,0.07581318921933577,17062.5,0.0027886543356148707,-137.5
qft_8,qft,8,fake_kyiv,0.5,oracle_worst,fake_marrakesh,1,False,0.077125,0.086465,0.08210833333333334,0.0780214540059347,16850.0,0.004996919122213797,-350.0
qft_8,qft,8,fake_kyiv,0.75,oracle_best,fake_torino,1,False,0.077125,0.073735,0.07178,0.0753357971014492,17250.0,0.0,0.0
qft_8,qft,8,fake_kyiv,0.75,oracle_nonworse,fake_torino,1,False,0.077125,0.073735,0.07178,0.0753357971014492,17250.0,0.0,0.0
qft_8,qft,8,fake_kyiv,0.75,random,fake_fez;fake_marrakesh;fake_sherbrooke;fake_torino,4,False,0.077125,0.0803525,0.07662333333333333,0.07603781108332083,17187.5,0.000702013981871627,-62.5
qft_8,qft,8,fake_kyiv,0.75,oracle_worst,fake_marrakesh,1,False,0.077125,0.086465,0.08210833333333334,0.0787709037900874,17150.0,0.0034351066886381953,-100.0
qft_8,qft,8,fake_kyiv,0.9,oracle_best,fake_torino,1,False,0.077125,0.073735,0.07178,0.0794188059701492,16750.0,0.0,0.0
qft_8,qft,8,fake_kyiv,0.9,oracle_nonworse,fake_torino,1,False,0.077125,0.073735,0.07178,0.0794188059701492,16750.0,0.0,0.0
qft_8,qft,8,fake_kyiv,0.9,random,fake_fez;fake_marrakesh;fake_sherbrooke;fake_torino,4,False,0.077125,0.0803525,0.07662333333333333,0.07875194023273703,16962.5,-0.0006668657374121756,212.5
qft_8,qft,8,fake_kyiv,0.9,oracle_worst,fake_marrakesh,1,False,0.077125,0.086465,0.08210833333333334,0.0795493274853801,17100.0,0.00013052151523089417,350.0
qft_8,qft,8,fake_marrakesh,0.1,oracle_best,fake_torino,1,False,0.086465,0.073735,0.07178,0.0767067741935483,17050.0,0.0,0.0
qft_8,qft,8,fake_marrakesh,0.1,oracle_nonworse,fake_fez;fake_kyiv;fake_sherbrooke;fake_torino,4,False,0.086465,0.07801749999999999,0.07435333333333334,0.07962237616015769,16850.0,0.0029156019666093935,-200.0
qft_8,qft,8,fake_marrakesh,0.1,random,fake_fez;fake_kyiv;fake_sherbrooke;fake_torino,4,False,0.086465,0.07801749999999999,0.07435333333333334,0.07962237616015769,16850.0,0.0029156019666093935,-200.0
qft_8,qft,8,fake_marrakesh,0.1,oracle_worst,fake_sherbrooke,1,False,0.086465,0.082975,0.07797333333333334,0.0845782352941176,17000.0,0.007871461100569313,-50.0
qft_8,qft,8,fake_marrakesh,0.25,oracle_best,fake_torino,1,False,0.086465,0.073735,0.07178,0.0763937237237237,16650.0,0.0,0.0
qft_8,qft,8,fake_marrakesh,0.25,oracle_nonworse,fake_fez;fake_kyiv;fake_sherbrooke;fake_torino,4,False,0.086465,0.07801749999999999,0.07435333333333334,0.07923337588562876,17112.5,0.002839652161905057,462.5
qft_8,qft,8,fake_marrakesh,0.25,random,fake_fez;fake_kyiv;fake_sherbrooke;fake_torino,4,False,0.086465,0.07801749999999999,0.07435333333333334,0.07923337588562876,17112.5,0.002839652161905057,462.5
qft_8,qft,8,fake_marrakesh,0.25,oracle_worst,fake_sherbrooke,1,False,0.086465,0.082975,0.07797333333333334,0.0834306358381502,17300.0,0.007036912114426502,650.0
qft_8,qft,8,fake_marrakesh,0.5,oracle_best,fake_torino,1,False,0.086465,0.073735,0.07178,0.0780186842105263,17100.0,0.0,0.0
qft_8,qft,8,fake_marrakesh,0.5,oracle_nonworse,fake_fez;fake_kyiv;fake_sherbrooke;fake_torino,4,False,0.086465,0.07801749999999999,0.07435333333333334,0.07914611627218596,17087.5,0.0011274320616596611,-12.5
qft_8,qft,8,fake_marrakesh,0.5,random,fake_fez;fake_kyiv;fake_sherbrooke;fake_torino,4,False,0.086465,0.07801749999999999,0.07435333333333334,0.07914611627218596,17087.5,0.0011274320616596611,-12.5
qft_8,qft,8,fake_marrakesh,0.5,oracle_worst,fake_sherbrooke,1,False,0.086465,0.082975,0.07797333333333334,0.0815569402985074,16750.0,0.003538256087981098,-350.0
qft_8,qft,8,fake_marrakesh,0.75,oracle_best,fake_torino,1,False,0.086465,0.073735,0.07178,0.0811425581395348,17200.0,0.0,0.0
qft_8,qft,8,fake_marrakesh,0.75,oracle_nonworse,fake_fez;fake_kyiv;fake_sherbrooke;fake_torino,4,False,0.086465,0.07801749999999999,0.07435333333333334,0.08100325468894462,17025.0,-0.00013930345059018356,-175.0
qft_8,qft,8,fake_marrakesh,0.75,random,fake_fez;fake_kyiv;fake_sherbrooke;fake_torino,4,False,0.086465,0.07801749999999999,0.07435333333333334,0.08100325468894462,17025.0,-0.00013930345059018356,-175.0
qft_8,qft,8,fake_marrakesh,0.75,oracle_worst,fake_sherbrooke,1,False,0.086465,0.082975,0.07797333333333334,0.0815359292035398,16950.0,0.0003933710640049992,-250.0
qft_8,qft,8,fake_marrakesh,0.9,oracle_best,fake_torino,1,False,0.086465,0.073735,0.07178,0.0866993272171253,16350.0,0.0,0.0
qft_8,qft,8,fake_marrakesh,0.9,oracle_nonworse,fake_fez;fake_kyiv;fake_sherbrooke;fake_torino,4,False,0.086465,0.07801749999999999,0.07435333333333334,0.08477012346432686,16900.0,-0.001929203752798439,550.0
qft_8,qft,8,fake_marrakesh,0.9,random,fake_fez;fake_kyiv;fake_sherbrooke;fake_torino,4,False,0.086465,0.07801749999999999,0.07435333333333334,0.08477012346432686,16900.0,-0.001929203752798439,550.0
qft_8,qft,8,fake_marrakesh,0.9,oracle_worst,fake_sherbrooke,1,False,0.086465,0.082975,0.07797333333333334,0.0838167741935484,17050.0,-0.0028825530235769004,700.0
qft_8,qft,8,fake_sherbrooke,0.1,oracle_best,fake_torino,1,False,0.082975,0.073735,0.07178,0.0770879325513196,17050.0,0.0,0.0
qft_8,qft,8,fake_sherbrooke,0.1,oracle_nonworse,fake_fez;fake_kyiv;fake_torino,3,False,0.082975,0.076365,0.07314666666666668,0.07686932436938136,16800.0,-0.0002186081819382374,-250.0
qft_8,qft,8,fake_sherbrooke,0.1,random,fake_fez;fake_kyiv;fake_marrakesh;fake_torino,4,False,0.082975,0.07889,0.07538708333333334,0.07920479235679062,16675.0,0.002116859805471022,-375.0
qft_8,qft,8,fake_sherbrooke,0.1,oracle_worst,fake_marrakesh,1,False,0.082975,0.086465,0.08210833333333334,0.0862111963190184,16300.0,0.0091232637676988,-750.0
qft_8,qft,8,fake_sherbrooke,0.25,oracle_best,fake_torino,1,False,0.082975,0.073735,0.07178,0.0741138805970149,16750.0,0.0,0.0
qft_8,qft,8,fake_sherbrooke,0.25,oracle_nonworse,fake_fez;fake_kyiv;fake_torino,3,False,0.082975,0.076365,0.07314666666666668,0.0745673935581,16833.333333333332,0.00045351296108510353,83.33333333333212
qft_8,qft,8,fake_sherbrooke,0.25,random,fake_fez;fake_kyiv;fake_marrakesh;fake_torino,4,False,0.082975,0.07889,0.07538708333333334,0.07641019069096305,16812.5,0.0022963100939481507,62.5
qft_8,qft,8,fake_sherbrooke,0.25,oracle_worst,fake_marrakesh,1,False,0.082975,0.086465,0.08210833333333334,0.0819385820895522,16750.0,0.007824701492537292,0.0
qft_8,qft,8,fake_sherbrooke,0.5,oracle_best,fake_torino,1,False,0.082975,0.073735,0.07178,0.0756224418604651,17200.0,0.0,0.0
qft_8,qft,8,fake_sherbrooke,0.5,oracle_nonworse,fake_fez;fake_kyiv;fake_torino,3,False,0.082975,0.076365,0.07314666666666668,0.07695828291250204,17016.666666666668,0.0013358410520369346,-183.33333333333212
qft_8,qft,8,fake_sherbrooke,0.5,random,fake_fez;fake_kyiv;fake_marrakesh;fake_torino,4,False,0.082975,0.07889,0.07538708333333334,0.078212255694701,17000.0,0.002589813834235899,-200.0
qft_8,qft,8,fake_sherbrooke,0.5,oracle_worst,fake_marrakesh,1,False,0.082975,0.086465,0.08210833333333334,0.0819741740412979,16950.0,0.006351732180832806,-250.0
qft_8,qft,8,fake_sherbrooke,0.75,oracle_best,fake_torino,1,False,0.082975,0.073735,0.07178,0.0767948137535816,17450.0,0.0,0.0
qft_8,qft,8,fake_sherbrooke,0.75,oracle_nonworse,fake_fez;fake_kyiv;fake_torino,3,False,0.082975,0.076365,0.07314666666666668,0.0773126556561186,17216.666666666668,0.0005178419025369946,-233.33333333333212
qft_8,qft,8,fake_sherbrooke,0.75,random,fake_fez;fake_kyiv;fake_marrakesh;fake_torino,4,False,0.082975,0.07889,0.07538708333333334,0.0785782921743656,17250.0,0.001783478420783996,-200.0
qft_8,qft,8,fake_sherbrooke,0.75,oracle_worst,fake_marrakesh,1,False,0.082975,0.086465,0.08210833333333334,0.0823752017291066,17350.0,0.005580387975525,-100.0
qft_8,qft,8,fake_sherbrooke,0.9,oracle_best,fake_torino,1,False,0.082975,0.073735,0.07178,0.0834098795180722,16600.0,0.0,0.0
qft_8,qft,8,fake_sherbrooke,0.9,oracle_nonworse,fake_fez;fake_kyiv;fake_torino,3,False,0.082975,0.076365,0.07314666666666668,0.08313823705917184,16866.666666666668,-0.00027164245890036465,266.6666666666679
qft_8,qft,8,fake_sherbrooke,0.9,random,fake_fez;fake_kyiv;fake_marrakesh;fake_torino,4,False,0.082975,0.07889,0.07538708333333334,0.08350090401916273,16987.5,9.102450109052529e-05,387.5
qft_8,qft,8,fake_sherbrooke,0.9,oracle_worst,fake_marrakesh,1,False,0.082975,0.086465,0.08210833333333334,0.0845889048991354,17350.0,0.001179025381063195,750.0
qft_8,qft,8,fake_torino,0.1,oracle_best,fake_kyiv,1,False,0.073735,0.077125,0.07302833333333333,0.0804355775075987,16450.0,0.0,0.0
qft_8,qft,8,fake_torino,0.1,oracle_nonworse,fake_kyiv,1,True,0.073735,0.077125,0.07302833333333333,0.0804355775075987,16450.0,0.0,0.0
qft_8,qft,8,fake_torino,0.1,random,fake_fez;fake_kyiv;fake_marrakesh;fake_sherbrooke,4,False,0.073735,0.0812,0.07693541666666667,0.0821312590653786,16650.0,0.00169568155777991,200.0
qft_8,qft,8,fake_torino,0.1,oracle_worst,fake_marrakesh,1,False,0.073735,0.086465,0.08210833333333334,0.0878680769230769,16250.0,0.007432499415478203,-200.0
qft_8,qft,8,fake_torino,0.25,oracle_best,fake_kyiv,1,False,0.073735,0.077125,0.07302833333333333,0.0753467543859649,17100.0,0.0,0.0
qft_8,qft,8,fake_torino,0.25,oracle_nonworse,fake_kyiv,1,True,0.073735,0.077125,0.07302833333333333,0.0753467543859649,17100.0,0.0,0.0
qft_8,qft,8,fake_torino,0.25,random,fake_fez;fake_kyiv;fake_marrakesh;fake_sherbrooke,4,False,0.073735,0.0812,0.07693541666666667,0.07790727361156582,16950.0,0.002560519225600924,-150.0
qft_8,qft,8,fake_torino,0.25,oracle_worst,fake_marrakesh,1,False,0.073735,0.086465,0.08210833333333334,0.0816767910447761,16750.0,0.006330036658811197,-350.0
qft_8,qft,8,fake_torino,0.5,oracle_best,fake_kyiv,1,False,0.073735,0.077125,0.07302833333333333,0.0728676801152737,17350.0,0.0,0.0
qft_8,qft,8,fake_torino,0.5,oracle_nonworse,fake_kyiv,1,True,0.073735,0.077125,0.07302833333333333,0.0728676801152737,17350.0,0.0,0.0
qft_8,qft,8,fake_torino,0.5,random,fake_fez;fake_kyiv;fake_marrakesh;fake_sherbrooke,4,False,0.073735,0.0812,0.07693541666666667,0.07663452427141947,16962.5,0.0037668441561457683,-387.5
qft_8,qft,8,fake_torino,0.5,oracle_worst,fake_marrakesh,1,False,0.073735,0.086465,0.08210833333333334,0.0791870087976539,17050.0,0.006319328682380207,-300.0
qft_8,qft,8,fake_torino,0.75,oracle_best,fake_kyiv,1,False,0.073735,0.077125,0.07302833333333333,0.0754185190615835,17050.0,0.0,0.0
qft_8,qft,8,fake_torino,0.75,oracle_nonworse,fake_kyiv,1,True,0.073735,0.077125,0.07302833333333333,0.0754185190615835,17050.0,0.0,0.0
qft_8,qft,8,fake_torino,0.75,random,fake_fez;fake_kyiv;fake_marrakesh;fake_sherbrooke,4,False,0.073735,0.0812,0.07693541666666667,0.07469969768949287,17237.5,-0.0007188213720906306,187.5
qft_8,qft,8,fake_torino,0.75,oracle_worst,fake_marrakesh,1,False,0.073735,0.086465,0.08210833333333334,0.0750252435530085,17450.0,-0.00039327550857500004,400.0
qft_8,qft,8,fake_torino,0.9,oracle_best,fake_kyiv,1,False,0.073735,0.077125,0.07302833333333333,0.0772507142857142,17150.0,0.0,0.0
qft_8,qft,8,fake_torino,0.9,oracle_nonworse,fake_kyiv,1,True,0.073735,0.077125,0.07302833333333333,0.0772507142857142,17150.0,0.0,0.0
qft_8,qft,8,fake_torino,0.9,random,fake_fez;fake_kyiv;fake_marrakesh;fake_sherbrooke,4,False,0.073735,0.0812,0.07693541666666667,0.07659423306680695,17062.5,-0.0006564812189072539,-87.5
qft_8,qft,8,fake_torino,0.9,oracle_worst,fake_marrakesh,1,False,0.073735,0.086465,0.08210833333333334,0.0763036350148368,16850.0,-0.0009470792708774073,-300.0
qnn_10,qnn,10,fake_fez,0.1,oracle_best,fake_marrakesh,1,False,0.321345,0.26655,0.26402,0.268235,20000.0,0.0,0.0
qnn_10,qnn,10,fake_fez,0.1,oracle_nonworse,fake_marrakesh,1,False,0.321345,0.26655,0.26402,0.268235,20000.0,0.0,0.0
qnn_10,qnn,10,fake_fez,0.1,random,fake_kyiv;fake_marrakesh;fake_sherbrooke;fake_torino,4,False,0.321345,0.37347125,0.37175125,0.36596999999999996,20000.0,0.09773499999999996,0.0
qnn_10,qnn,10,fake_fez,0.1,oracle_worst,fake_kyiv,1,False,0.321345,0.448835,0.447445,0.432585,20000.0,0.16435,0.0
qnn_10,qnn,10,fake_fez,0.25,oracle_best,fake_marrakesh,1,False,0.321345,0.26655,0.26402,0.275505,20000.0,0.0,0.0
qnn_10,qnn,10,fake_fez,0.25,oracle_nonworse,fake_marrakesh,1,False,0.321345,0.26655,0.26402,0.275505,20000.0,0.0,0.0
qnn_10,qnn,10,fake_fez,0.25,random,fake_kyiv;fake_marrakesh;fake_sherbrooke;fake_torino,4,False,0.321345,0.37347125,0.37175125,0.3558225,20000.0,0.08031749999999999,0.0
qnn_10,qnn,10,fake_fez,0.25,oracle_worst,fake_kyiv,1,False,0.321345,0.448835,0.447445,0.41073,20000.0,0.13522499999999998,0.0
qnn_10,qnn,10,fake_fez,0.5,oracle_best,fake_marrakesh,1,False,0.321345,0.26655,0.26402,0.28661,20000.0,0.0,0.0
qnn_10,qnn,10,fake_fez,0.5,oracle_nonworse,fake_marrakesh,1,False,0.321345,0.26655,0.26402,0.28661,20000.0,0.0,0.0
qnn_10,qnn,10,fake_fez,0.5,random,fake_kyiv;fake_marrakesh;fake_sherbrooke;fake_torino,4,False,0.321345,0.37347125,0.37175125,0.34224374999999996,20000.0,0.05563374999999998,0.0
qnn_10,qnn,10,fake_fez,0.5,oracle_worst,fake_kyiv,1,False,0.321345,0.448835,0.447445,0.380405,20000.0,0.09379500000000002,0.0
qnn_10,qnn,10,fake_fez,0.75,oracle_best,fake_marrakesh,1,False,0.321345,0.26655,0.26402,0.305235,20000.0,0.0,0.0
qnn_10,qnn,10,fake_fez,0.75,oracle_nonworse,fake_marrakesh,1,False,0.321345,0.26655,0.26402,0.305235,20000.0,0.0,0.0
qnn_10,qnn,10,fake_fez,0.75,random,fake_kyiv;fake_marrakesh;fake_sherbrooke;fake_torino,4,False,0.321345,0.37347125,0.37175125,0.3314025,20000.0,0.02616750000000001,0.0
qnn_10,qnn,10,fake_fez,0.75,oracle_worst,fake_kyiv,1,False,0.321345,0.448835,0.447445,0.34839,20000.0,0.043155,0.0
qnn_10,qnn,10,fake_fez,0.9,oracle_best,fake_marrakesh,1,False,0.321345,0.26655,0.26402,0.31136,20000.0,0.0,0.0
qnn_10,qnn,10,fake_fez,0.9,oracle_nonworse,fake_marrakesh,1,False,0.321345,0.26655,0.26402,0.31136,20000.0,0.0,0.0
qnn_10,qnn,10,fake_fez,0.9,random,fake_kyiv;fake_marrakesh;fake_sherbrooke;fake_torino,4,False,0.321345,0.37347125,0.37175125,0.3216625,20000.0,0.010302499999999992,0.0
qnn_10,qnn,10,fake_fez,0.9,oracle_worst,fake_kyiv,1,False,0.321345,0.448835,0.447445,0.32725,20000.0,0.01588999999999996,0.0
qnn_10,qnn,10,fake_kyiv,0.1,oracle_best,fake_marrakesh,1,False,0.448835,0.26655,0.26402,0.27857,20000.0,0.0,0.0
qnn_10,qnn,10,fake_kyiv,0.1,oracle_nonworse,fake_fez;fake_marrakesh;fake_sherbrooke;fake_torino,4,False,0.448835,0.34159875,0.33969125,0.34789125,20000.0,0.06932125,0.0
qnn_10,qnn,10,fake_kyiv,0.1,random,fake_fez;fake_marrakesh;fake_sherbrooke;fake_torino,4,False,0.448835,0.34159875,0.33969125,0.34789125,20000.0,0.06932125,0.0
qnn_10,qnn,10,fake_kyiv,0.1,oracle_worst,fake_sherbrooke,1,False,0.448835,0.4157,0.4139466666666667,0.418265,20000.0,0.139695,0.0
qnn_10,qnn,10,fake_kyiv,0.25,oracle_best,fake_marrakesh,1,False,0.448835,0.26655,0.26402,0.303825,20000.0,0.0,0.0
qnn_10,qnn,10,fake_kyiv,0.25,oracle_nonworse,fake_fez;fake_marrakesh;fake_sherbrooke;fake_torino,4,False,0.448835,0.34159875,0.33969125,0.36324,20000.0,0.059414999999999996,0.0
qnn_10,qnn,10,fake_kyiv,0.25,random,fake_fez;fake_marrakesh;fake_sherbrooke;fake_torino,4,False,0.448835,0.34159875,0.33969125,0.36324,20000.0,0.059414999999999996,0.0
qnn_10,qnn,10,fake_kyiv,0.25,oracle_worst,fake_sherbrooke,1,False,0.448835,0.4157,0.4139466666666667,0.42231,20000.0,0.11848500000000001,0.0
qnn_10,qnn,10,fake_kyiv,0.5,oracle_best,fake_marrakesh,1,False,0.448835,0.26655,0.26402,0.347185,20000.0,0.0,0.0
qnn_10,qnn,10,fake_kyiv,0.5,oracle_nonworse,fake_fez;fake_marrakesh;fake_sherbrooke;fake_torino,4,False,0.448835,0.34159875,0.33969125,0.38900625,20000.0,0.041821249999999976,0.0
qnn_10,qnn,10,fake_kyiv,0.5,random,fake_fez;fake_marrakesh;fake_sherbrooke;fake_torino,4,False,0.448835,0.34159875,0.33969125,0.38900625,20000.0,0.041821249999999976,0.0
qnn_10,qnn,10,fake_kyiv,0.5,oracle_worst,fake_sherbrooke,1,False,0.448835,0.4157,0.4139466666666667,0.4284,20000.0,0.08121499999999998,0.0
qnn_10,qnn,10,fake_kyiv,0.75,oracle_best,fake_marrakesh,1,False,0.448835,0.26655,0.26402,0.397525,20000.0,0.0,0.0
qnn_10,qnn,10,fake_kyiv,0.75,oracle_nonworse,fake_fez;fake_marrakesh;fake_sherbrooke;fake_torino,4,False,0.448835,0.34159875,0.33969125,0.4166125,20000.0,0.01908749999999998,0.0
qnn_10,qnn,10,fake_kyiv,0.75,random,fake_fez;fake_marrakesh;fake_sherbrooke;fake_torino,4,False,0.448835,0.34159875,0.33969125,0.4166125,20000.0,0.01908749999999998,0.0
qnn_10,qnn,10,fake_kyiv,0.75,oracle_worst,fake_sherbrooke,1,False,0.448835,0.4157,0.4139466666666667,0.436185,20000.0,0.03865999999999997,0.0
qnn_10,qnn,10,fake_kyiv,0.9,oracle_best,fake_marrakesh,1,False,0.448835,0.26655,0.26402,0.426495,20000.0,0.0,0.0
qnn_10,qnn,10,fake_kyiv,0.9,oracle_nonworse,fake_fez;fake_marrakesh;fake_sherbrooke;fake_torino,4,False,0.448835,0.34159875,0.33969125,0.43504,20000.0,0.00854499999999997,0.0
qnn_10,qnn,10,fake_kyiv,0.9,random,fake_fez;fake_marrakesh;fake_sherbrooke;fake_torino,4,False,0.448835,0.34159875,0.33969125,0.43504,20000.0,0.00854499999999997,0.0
qnn_10,qnn,10,fake_kyiv,0.9,oracle_worst,fake_sherbrooke,1,False,0.448835,0.4157,0.4139466666666667,0.443,20000.0,0.016504999999999992,0.0
qnn_10,qnn,10,fake_marrakesh,0.1,oracle_best,fake_fez,1,False,0.26655,0.321345,0.319205,0.31136,20000.0,0.0,0.0
qnn_10,qnn,10,fake_marrakesh,0.1,oracle_nonworse,fake_fez,1,True,0.26655,0.321345,0.319205,0.31136,20000.0,0.0,0.0
qnn_10,qnn,10,fake_marrakesh,0.1,random,fake_fez;fake_kyiv;fake_sherbrooke;fake_torino,4,False,0.26655,0.38717,0.38554750000000004,0.37131625,20000.0,0.05995624999999999,0.0
qnn_10,qnn,10,fake_marrakesh,0.1,oracle_worst,fake_kyiv,1,False,0.26655,0.448835,0.447445,0.426495,20000.0,0.11513499999999999,0.0
qnn_10,qnn,10,fake_marrakesh,0.25,oracle_best,fake_fez,1,False,0.26655,0.321345,0.319205,0.305235,20000.0,0.0,0.0
qnn_10,qnn,10,fake_marrakesh,0.25,oracle_nonworse,fake_fez,1,True,0.26655,0.321345,0.319205,0.305235,20000.0,0.0,0.0
qnn_10,qnn,10,fake_marrakesh,0.25,random,fake_fez;fake_kyiv;fake_sherbrooke;fake_torino,4,False,0.26655,0.38717,0.38554750000000004,0.3525175,20000.0,0.047282500000000005,0.0
qnn_10,qnn,10,fake_marrakesh,0.25,oracle_worst,fake_kyiv,1,False,0.26655,0.448835,0.447445,0.397525,20000.0,0.09229000000000004,0.0
qnn_10,qnn,10,fake_marrakesh,0.5,oracle_best,fake_fez,1,False,0.26655,0.321345,0.319205,0.28661,20000.0,0.0,0.0
qnn_10,qnn,10,fake_marrakesh,0.5,oracle_nonworse,fake_fez,1,True,0.26655,0.321345,0.319205,0.28661,20000.0,0.0,0.0
qnn_10,qnn,10,fake_marrakesh,0.5,random,fake_fez;fake_kyiv;fake_sherbrooke;fake_torino,4,False,0.26655,0.38717,0.38554750000000004,0.31789125,20000.0,0.03128125000000004,0.0
qnn_10,qnn,10,fake_marrakesh,0.5,oracle_worst,fake_kyiv,1,False,0.26655,0.448835,0.447445,0.347185,20000.0,0.060575000000000045,0.0
qnn_10,qnn,10,fake_marrakesh,0.75,oracle_best,fake_fez,1,False,0.26655,0.321345,0.319205,0.275505,20000.0,0.0,0.0
qnn_10,qnn,10,fake_marrakesh,0.75,oracle_nonworse,fake_fez,1,True,0.26655,0.321345,0.319205,0.275505,20000.0,0.0,0.0
qnn_10,qnn,10,fake_marrakesh,0.75,random,fake_fez;fake_kyiv;fake_sherbrooke;fake_torino,4,False,0.26655,0.38717,0.38554750000000004,0.28993875,20000.0,0.014433750000000023,0.0
qnn_10,qnn,10,fake_marrakesh,0.75,oracle_worst,fake_kyiv,1,False,0.26655,0.448835,0.447445,0.303825,20000.0,0.028320000000000012,0.0
qnn_10,qnn,10,fake_marrakesh,0.9,oracle_best,fake_fez,1,False,0.26655,0.321345,0.319205,0.268235,20000.0,0.0,0.0
qnn_10,qnn,10,fake_marrakesh,0.9,oracle_nonworse,fake_fez,1,True,0.26655,0.321345,0.319205,0.268235,20000.0,0.0,0.0
qnn_10,qnn,10,fake_marrakesh,0.9,random,fake_fez;fake_kyiv;fake_sherbrooke;fake_torino,4,False,0.26655,0.38717,0.38554750000000004,0.27410375,20000.0,0.005868749999999978,0.0
qnn_10,qnn,10,fake_marrakesh,0.9,oracle_worst,fake_kyiv,1,False,0.26655,0.448835,0.447445,0.27857,20000.0,0.010334999999999983,0.0
qnn_10,qnn,10,fake_sherbrooke,0.1,oracle_best,fake_marrakesh,1,False,0.4157,0.26655,0.26402,0.276205,20000.0,0.0,0.0
qnn_10,qnn,10,fake_sherbrooke,0.1,oracle_nonworse,fake_fez;fake_marrakesh;fake_torino,3,False,0.4157,0.31689833333333334,0.31493944444444444,0.32247166666666666,20000.0,0.04626666666666668,0.0
qnn_10,qnn,10,fake_sherbrooke,0.1,random,fake_fez;fake_kyiv;fake_marrakesh;fake_torino,4,False,0.4157,0.3498825,0.3480658333333333,0.35260375,20000.0,0.07639875000000002,0.0
qnn_10,qnn,10,fake_sherbrooke,0.1,oracle_worst,fake_kyiv,1,False,0.4157,0.448835,0.447445,0.443,20000.0,0.16679500000000003,0.0
qnn_10,qnn,10,fake_sherbrooke,0.25,oracle_best,fake_marrakesh,1,False,0.4157,0.26655,0.26402,0.29472,20000.0,0.0,0.0
qnn_10,qnn,10,fake_sherbrooke,0.25,oracle_nonworse,fake_fez;fake_marrakesh;fake_torino,3,False,0.4157,0.31689833333333334,0.31493944444444444,0.33609833333333333,20000.0,0.04137833333333335,0.0
qnn_10,qnn,10,fake_sherbrooke,0.25,random,fake_fez;fake_kyiv;fake_marrakesh;fake_torino,4,False,0.4157,0.3498825,0.3480658333333333,0.36111999999999994,20000.0,0.06639999999999996,0.0
qnn_10,qnn,10,fake_sherbrooke,0.25,oracle_worst,fake_kyiv,1,False,0.4157,0.448835,0.447445,0.436185,20000.0,0.141465,0.0
qnn_10,qnn,10,fake_sherbrooke,0.5,oracle_best,fake_marrakesh,1,False,0.4157,0.26655,0.26402,0.330055,20000.0,0.0,0.0
qnn_10,qnn,10,fake_sherbrooke,0.5,oracle_nonworse,fake_fez;fake_marrakesh;fake_torino,3,False,0.4157,0.31689833333333334,0.31493944444444444,0.35932000000000003,20000.0,0.02926500000000004,0.0
qnn_10,qnn,10,fake_sherbrooke,0.5,random,fake_fez;fake_kyiv;fake_marrakesh;fake_torino,4,False,0.4157,0.3498825,0.3480658333333333,0.37659,20000.0,0.04653499999999999,0.0
qnn_10,qnn,10,fake_sherbrooke,0.5,oracle_worst,fake_kyiv,1,False,0.4157,0.448835,0.447445,0.4284,20000.0,0.09834500000000002,0.0
qnn_10,qnn,10,fake_sherbrooke,0.75,oracle_best,fake_marrakesh,1,False,0.4157,0.26655,0.26402,0.373885,20000.0,0.0,0.0
qnn_10,qnn,10,fake_sherbrooke,0.75,oracle_nonworse,fake_fez;fake_marrakesh;fake_torino,3,False,0.4157,0.31689833333333334,0.31493944444444444,0.3877683333333333,20000.0,0.013883333333333303,0.0
qnn_10,qnn,10,fake_sherbrooke,0.75,random,fake_fez;fake_kyiv;fake_marrakesh;fake_torino,4,False,0.4157,0.3498825,0.3480658333333333,0.39640375,20000.0,0.022518749999999976,0.0
qnn_10,qnn,10,fake_sherbrooke,0.75,oracle_worst,fake_kyiv,1,False,0.4157,0.448835,0.447445,0.42231,20000.0,0.048424999999999996,0.0
qnn_10,qnn,10,fake_sherbrooke,0.9,oracle_best,fake_marrakesh,1,False,0.4157,0.26655,0.26402,0.39818,20000.0,0.0,0.0
qnn_10,qnn,10,fake_sherbrooke,0.9,oracle_nonworse,fake_fez;fake_marrakesh;fake_torino,3,False,0.4157,0.31689833333333334,0.31493944444444444,0.40481666666666666,20000.0,0.00663666666666668,0.0
qnn_10,qnn,10,fake_sherbrooke,0.9,random,fake_fez;fake_kyiv;fake_marrakesh;fake_torino,4,False,0.4157,0.3498825,0.3480658333333333,0.40817875,20000.0,0.00999875,0.0
qnn_10,qnn,10,fake_sherbrooke,0.9,oracle_worst,fake_kyiv,1,False,0.4157,0.448835,0.447445,0.418265,20000.0,0.02008500000000002,0.0
qnn_10,qnn,10,fake_torino,0.1,oracle_best,fake_marrakesh,1,False,0.3628,0.26655,0.26402,0.273405,20000.0,0.0,0.0
qnn_10,qnn,10,fake_torino,0.1,oracle_nonworse,fake_fez;fake_marrakesh,2,False,0.3628,0.29394750000000003,0.2916125,0.2977475,20000.0,0.02434249999999999,0.0
qnn_10,qnn,10,fake_torino,0.1,random,fake_fez;fake_kyiv;fake_marrakesh;fake_sherbrooke,4,False,0.3628,0.36310749999999997,0.36115416666666667,0.36120749999999996,20000.0,0.08780249999999995,0.0
qnn_10,qnn,10,fake_torino,0.1,oracle_worst,fake_kyiv,1,False,0.3628,0.448835,0.447445,0.4380799999999999,20000.0,0.1646749999999999,0.0
qnn_10,qnn,10,fake_torino,0.25,oracle_best,fake_marrakesh,1,False,0.3628,0.26655,0.26402,0.285705,20000.0,0.0,0.0
qnn_10,qnn,10,fake_torino,0.25,oracle_nonworse,fake_fez;fake_marrakesh,2,False,0.3628,0.29394750000000003,0.2916125,0.3078775,20000.0,0.02217250000000004,0.0
qnn_10,qnn,10,fake_torino,0.25,random,fake_fez;fake_kyiv;fake_marrakesh;fake_sherbrooke,4,False,0.3628,0.36310749999999997,0.36115416666666667,0.35957874999999995,20000.0,0.07387374999999996,0.0
qnn_10,qnn,10,fake_torino,0.25,oracle_worst,fake_kyiv,1,False,0.3628,0.448835,0.447445,0.42201,20000.0,0.136305,0.0
qnn_10,qnn,10,fake_torino,0.5,oracle_best,fake_marrakesh,1,False,0.3628,0.26655,0.26402,0.307715,20000.0,0.0,0.0
qnn_10,qnn,10,fake_torino,0.5,oracle_nonworse,fake_fez;fake_marrakesh,2,False,0.3628,0.29394750000000003,0.2916125,0.323205,20000.0,0.015490000000000004,0.0
qnn_10,qnn,10,fake_torino,0.5,random,fake_fez;fake_kyiv;fake_marrakesh;fake_sherbrooke,4,False,0.3628,0.36310749999999997,0.36115416666666667,0.35777125,20000.0,0.05005624999999997,0.0
qnn_10,qnn,10,fake_torino,0.5,oracle_worst,fake_kyiv,1,False,0.3628,0.448835,0.447445,0.400035,20000.0,0.09231999999999996,0.0
qnn_10,qnn,10,fake_torino,0.75,oracle_best,fake_marrakesh,1,False,0.3628,0.26655,0.26402,0.3334249999999999,20000.0,0.0,0.0
qnn_10,qnn,10,fake_torino,0.75,oracle_nonworse,fake_fez;fake_marrakesh,2,False,0.3628,0.29394750000000003,0.2916125,0.34080499999999997,20000.0,0.007380000000000053,0.0
qnn_10,qnn,10,fake_torino,0.75,random,fake_fez;fake_kyiv;fake_marrakesh;fake_sherbrooke,4,False,0.3628,0.36310749999999997,0.36115416666666667,0.35792124999999997,20000.0,0.024496250000000053,0.0
qnn_10,qnn,10,fake_torino,0.75,oracle_worst,fake_kyiv,1,False,0.3628,0.448835,0.447445,0.378435,20000.0,0.045010000000000105,0.0
qnn_10,qnn,10,fake_torino,0.9,oracle_best,fake_marrakesh,1,False,0.3628,0.26655,0.26402,0.34923,20000.0,0.0,0.0
qnn_10,qnn,10,fake_torino,0.9,oracle_nonworse,fake_fez;fake_marrakesh,2,False,0.3628,0.29394750000000003,0.2916125,0.3536375,20000.0,0.004407500000000009,0.0
qnn_10,qnn,10,fake_torino,0.9,random,fake_fez;fake_kyiv;fake_marrakesh;fake_sherbrooke,4,False,0.3628,0.36310749999999997,0.36115416666666667,0.36000374999999996,20000.0,0.01077374999999997,0.0
qnn_10,qnn,10,fake_torino,0.9,oracle_worst,fake_kyiv,1,False,0.3628,0.448835,0.447445,0.36748,20000.0,0.01824999999999999,0.0
qnn_12,qnn,12,fake_fez,0.1,oracle_best,fake_marrakesh,1,False,0.497445,0.42254,0.41524833333333333,0.422535,20000.0,0.0,0.0
qnn_12,qnn,12,fake_fez,0.1,oracle_nonworse,fake_marrakesh,1,False,0.497445,0.42254,0.41524833333333333,0.422535,20000.0,0.0,0.0
qnn_12,qnn,12,fake_fez,0.1,random,fake_kyiv;fake_marrakesh;fake_sherbrooke;fake_torino,4,False,0.497445,0.535825,0.5280895833333333,0.5266025,20000.0,0.10406749999999998,0.0
qnn_12,qnn,12,fake_fez,0.1,oracle_worst,fake_kyiv,1,False,0.497445,0.608415,0.5996783333333333,0.593665,20000.0,0.17113,0.0
qnn_12,qnn,12,fake_fez,0.25,oracle_best,fake_marrakesh,1,False,0.497445,0.42254,0.41524833333333333,0.429745,20000.0,0.0,0.0
qnn_12,qnn,12,fake_fez,0.25,oracle_nonworse,fake_marrakesh,1,False,0.497445,0.42254,0.41524833333333333,0.429745,20000.0,0.0,0.0
qnn_12,qnn,12,fake_fez,0.25,random,fake_kyiv;fake_marrakesh;fake_sherbrooke;fake_torino,4,False,0.497445,0.535825,0.5280895833333333,0.5160375,20000.0,0.08629250000000005,0.0
qnn_12,qnn,12,fake_fez,0.25,oracle_worst,fake_kyiv,1,False,0.497445,0.608415,0.5996783333333333,0.570835,20000.0,0.14109,0.0
qnn_12,qnn,12,fake_fez,0.5,oracle_best,fake_marrakesh,1,False,0.497445,0.42254,0.41524833333333333,0.44975,20000.0,0.0,0.0
qnn_12,qnn,12,fake_fez,0.5,oracle_nonworse,fake_marrakesh,1,False,0.497445,0.42254,0.41524833333333333,0.44975,20000.0,0.0,0.0
qnn_12,qnn,12,fake_fez,0.5,random,fake_kyiv;fake_marrakesh;fake_sherbrooke;fake_torino,4,False,0.497445,0.535825,0.5280895833333333,0.50508625,20000.0,0.055336249999999976,0.0
qnn_12,qnn,12,fake_fez,0.5,oracle_worst,fake_kyiv,1,False,0.497445,0.608415,0.5996783333333333,0.54057,20000.0,0.09082000000000001,0.0
qnn_12,qnn,12,fake_fez,0.75,oracle_best,fake_marrakesh,1,False,0.497445,0.42254,0.41524833333333333,0.472195,20000.0,0.0,0.0
qnn_12,qnn,12,fake_fez,0.75,oracle_nonworse,fake_marrakesh,1,False,0.497445,0.42254,0.41524833333333333,0.472195,20000.0,0.0,0.0
qnn_12,qnn,12,fake_fez,0.75,random,fake_kyiv;fake_marrakesh;fake_sherbrooke;fake_torino,4,False,0.497445,0.535825,0.5280895833333333,0.49705125,20000.0,0.024856250000000024,0.0
qnn_12,qnn,12,fake_fez,0.75,oracle_worst,fake_kyiv,1,False,0.497445,0.608415,0.5996783333333333,0.512615,20000.0,0.04042000000000007,0.0
qnn_12,qnn,12,fake_fez,0.9,oracle_best,fake_marrakesh,1,False,0.497445,0.42254,0.41524833333333333,0.48613,20000.0,0.0,0.0
qnn_12,qnn,12,fake_fez,0.9,oracle_nonworse,fake_marrakesh,1,False,0.497445,0.42254,0.41524833333333333,0.48613,20000.0,0.0,0.0
qnn_12,qnn,12,fake_fez,0.9,random,fake_kyiv;fake_marrakesh;fake_sherbrooke;fake_torino,4,False,0.497445,0.535825,0.5280895833333333,0.4967750000000001,20000.0,0.010645000000000071,0.0
qnn_12,qnn,12,fake_fez,0.9,oracle_worst,fake_kyiv,1,False,0.497445,0.608415,0.5996783333333333,0.5021950000000001,20000.0,0.01606500000000005,0.0
qnn_12,qnn,12,fake_kyiv,0.1,oracle_best,fake_marrakesh,1,False,0.608415,0.42254,0.41524833333333333,0.43303,20000.0,0.0,0.0
qnn_12,qnn,12,fake_kyiv,0.1,oracle_nonworse,fake_fez;fake_marrakesh;fake_sherbrooke;fake_torino,4,False,0.608415,0.5080825,0.5009845833333334,0.5122774999999999,20000.0,0.07924749999999992,0.0
qnn_12,qnn,12,fake_kyiv,0.1,random,fake_fez;fake_marrakesh;fake_sherbrooke;fake_torino,4,False,0.608415,0.5080825,0.5009845833333334,0.5122774999999999,20000.0,0.07924749999999992,0.0
qnn_12,qnn,12,fake_kyiv,0.1,oracle_worst,fake_sherbrooke,1,False,0.608415,0.584475,0.5782316666666667,0.58227,20000.0,0.14923999999999993,0.0
qnn_12,qnn,12,fake_kyiv,0.25,oracle_best,fake_marrakesh,1,False,0.608415,0.42254,0.41524833333333333,0.46013,20000.0,0.0,0.0
qnn_12,qnn,12,fake_kyiv,0.25,oracle_nonworse,fake_fez;fake_marrakesh;fake_sherbrooke;fake_torino,4,False,0.608415,0.5080825,0.5009845833333334,0.52442375,20000.0,0.06429374999999998,0.0
qnn_12,qnn,12,fake_kyiv,0.25,random,fake_fez;fake_marrakesh;fake_sherbrooke;fake_torino,4,False,0.608415,0.5080825,0.5009845833333334,0.52442375,20000.0,0.06429374999999998,0.0
qnn_12,qnn,12,fake_kyiv,0.25,oracle_worst,fake_sherbrooke,1,False,0.608415,0.584475,0.5782316666666667,0.584645,20000.0,0.12451499999999999,0.0
qnn_12,qnn,12,fake_kyiv,0.5,oracle_best,fake_marrakesh,1,False,0.608415,0.42254,0.41524833333333333,0.50698,20000.0,0.0,0.0
qnn_12,qnn,12,fake_kyiv,0.5,oracle_nonworse,fake_fez;fake_marrakesh;fake_sherbrooke;fake_torino,4,False,0.608415,0.5080825,0.5009845833333334,0.5494525,20000.0,0.042472500000000024,0.0
qnn_12,qnn,12,fake_kyiv,0.5,random,fake_fez;fake_marrakesh;fake_sherbrooke;fake_torino,4,False,0.608415,0.5080825,0.5009845833333334,0.5494525,20000.0,0.042472500000000024,0.0
qnn_12,qnn,12,fake_kyiv,0.5,oracle_worst,fake_sherbrooke,1,False,0.608415,0.584475,0.5782316666666667,0.590655,20000.0,0.08367500000000005,0.0
qnn_12,qnn,12,fake_kyiv,0.75,oracle_best,fake_marrakesh,1,False,0.608415,0.42254,0.41524833333333333,0.55702,20000.0,0.0,0.0
qnn_12,qnn,12,fake_kyiv,0.75,oracle_nonworse,fake_fez;fake_marrakesh;fake_sherbrooke;fake_torino,4,False,0.608415,0.5080825,0.5009845833333334,0.57745,20000.0,0.02043000000000006,0.0
qnn_12,qnn,12,fake_kyiv,0.75,random,fake_fez;fake_marrakesh;fake_sherbrooke;fake_torino,4,False,0.608415,0.5080825,0.5009845833333334,0.57745,20000.0,0.02043000000000006,0.0
qnn_12,qnn,12,fake_kyiv,0.75,oracle_worst,fake_sherbrooke,1,False,0.608415,0.584475,0.5782316666666667,0.5996,20000.0,0.04258000000000006,0.0
qnn_12,qnn,12,fake_kyiv,0.9,oracle_best,fake_marrakesh,1,False,0.608415,0.42254,0.41524833333333333,0.58739,20000.0,0.0,0.0
qnn_12,qnn,12,fake_kyiv,0.9,oracle_nonworse,fake_fez;fake_marrakesh;fake_sherbrooke;fake_torino,4,False,0.608415,0.5080825,0.5009845833333334,0.59634,20000.0,0.008950000000000014,0.0
qnn_12,qnn,12,fake_kyiv,0.9,random,fake_fez;fake_marrakesh;fake_sherbrooke;fake_torino,4,False,0.608415,0.5080825,0.5009845833333334,0.59634,20000.0,0.008950000000000014,0.0
qnn_12,qnn,12,fake_kyiv,0.9,oracle_worst,fake_sherbrooke,1,False,0.608415,0.584475,0.5782316666666667,0.60521,20000.0,0.017820000000000058,0.0
qnn_12,qnn,12,fake_marrakesh,0.1,oracle_best,fake_fez,1,False,0.42254,0.497445,0.49125833333333335,0.48613,20000.0,0.0,0.0
qnn_12,qnn,12,fake_marrakesh,0.1,oracle_nonworse,fake_fez,1,True,0.42254,0.497445,0.49125833333333335,0.48613,20000.0,0.0,0.0
qnn_12,qnn,12,fake_marrakesh,0.1,random,fake_fez;fake_kyiv;fake_sherbrooke;fake_torino,4,False,0.42254,0.55455125,0.5470920833333334,0.537865,20000.0,0.05173500000000003,0.0
qnn_12,qnn,12,fake_marrakesh,0.1,oracle_worst,fake_kyiv,1,False,0.42254,0.608415,0.5996783333333333,0.58739,20000.0,0.10125999999999996,0.0
qnn_12,qnn,12,fake_marrakesh,0.25,oracle_best,fake_fez,1,False,0.42254,0.497445,0.49125833333333335,0.472195,20000.0,0.0,0.0
qnn_12,qnn,12,fake_marrakesh,0.25,oracle_nonworse,fake_fez,1,True,0.42254,0.497445,0.49125833333333335,0.472195,20000.0,0.0,0.0
qnn_12,qnn,12,fake_marrakesh,0.25,random,fake_fez;fake_kyiv;fake_sherbrooke;fake_torino,4,False,0.42254,0.55455125,0.5470920833333334,0.51687375,20000.0,0.044678750000000045,0.0
qnn_12,qnn,12,fake_marrakesh,0.25,oracle_worst,fake_kyiv,1,False,0.42254,0.608415,0.5996783333333333,0.55702,20000.0,0.08482499999999998,0.0
qnn_12,qnn,12,fake_marrakesh,0.5,oracle_best,fake_fez,1,False,0.42254,0.497445,0.49125833333333335,0.44975,20000.0,0.0,0.0
qnn_12,qnn,12,fake_marrakesh,0.5,oracle_nonworse,fake_fez,1,True,0.42254,0.497445,0.49125833333333335,0.44975,20000.0,0.0,0.0
qnn_12,qnn,12,fake_marrakesh,0.5,random,fake_fez;fake_kyiv;fake_sherbrooke;fake_torino,4,False,0.42254,0.55455125,0.5470920833333334,0.47925874999999996,20000.0,0.029508749999999973,0.0
qnn_12,qnn,12,fake_marrakesh,0.5,oracle_worst,fake_kyiv,1,False,0.42254,0.608415,0.5996783333333333,0.50698,20000.0,0.05723,0.0
qnn_12,qnn,12,fake_marrakesh,0.75,oracle_best,fake_fez,1,False,0.42254,0.497445,0.49125833333333335,0.429745,20000.0,0.0,0.0
qnn_12,qnn,12,fake_marrakesh,0.75,oracle_nonworse,fake_fez,1,True,0.42254,0.497445,0.49125833333333335,0.429745,20000.0,0.0,0.0
qnn_12,qnn,12,fake_marrakesh,0.75,random,fake_fez;fake_kyiv;fake_sherbrooke;fake_torino,4,False,0.42254,0.55455125,0.5470920833333334,0.44598625000000003,20000.0,0.01624125000000004,0.0
qnn_12,qnn,12,fake_marrakesh,0.75,oracle_worst,fake_kyiv,1,False,0.42254,0.608415,0.5996783333333333,0.46013,20000.0,0.030384999999999995,0.0
qnn_12,qnn,12,fake_marrakesh,0.9,oracle_best,fake_fez,1,False,0.42254,0.497445,0.49125833333333335,0.422535,20000.0,0.0,0.0
qnn_12,qnn,12,fake_marrakesh,0.9,oracle_nonworse,fake_fez,1,True,0.42254,0.497445,0.49125833333333335,0.422535,20000.0,0.0,0.0
qnn_12,qnn,12,fake_marrakesh,0.9,random,fake_fez;fake_kyiv;fake_sherbrooke;fake_torino,4,False,0.42254,0.55455125,0.5470920833333334,0.42879625,20000.0,0.006261249999999996,0.0
qnn_12,qnn,12,fake_marrakesh,0.9,oracle_worst,fake_kyiv,1,False,0.42254,0.608415,0.5996783333333333,0.43303,20000.0,0.010495000000000032,0.0
qnn_12,qnn,12,fake_sherbrooke,0.1,oracle_best,fake_marrakesh,1,False,0.584475,0.42254,0.41524833333333333,0.432205,20000.0,0.0,0.0
qnn_12,qnn,12,fake_sherbrooke,0.1,oracle_nonworse,fake_fez;fake_marrakesh;fake_torino,3,False,0.584475,0.48261833333333337,0.4752355555555556,0.48797333333333337,20000.0,0.055768333333333364,0.0
qnn_12,qnn,12,fake_sherbrooke,0.1,random,fake_fez;fake_kyiv;fake_marrakesh;fake_torino,4,False,0.584475,0.5140675,0.50634625,0.5172825000000001,20000.0,0.08507750000000008,0.0
qnn_12,qnn,12,fake_sherbrooke,0.1,oracle_worst,fake_kyiv,1,False,0.584475,0.608415,0.5996783333333333,0.60521,20000.0,0.17300500000000002,0.0
qnn_12,qnn,12,fake_sherbrooke,0.25,oracle_best,fake_marrakesh,1,False,0.584475,0.42254,0.41524833333333333,0.454825,20000.0,0.0,0.0
qnn_12,qnn,12,fake_sherbrooke,0.25,oracle_nonworse,fake_fez;fake_marrakesh;fake_torino,3,False,0.584475,0.48261833333333337,0.4752355555555556,0.4998316666666667,20000.0,0.045006666666666695,0.0
qnn_12,qnn,12,fake_sherbrooke,0.25,random,fake_fez;fake_kyiv;fake_marrakesh;fake_torino,4,False,0.584475,0.5140675,0.50634625,0.52477375,20000.0,0.06994875000000006,0.0
qnn_12,qnn,12,fake_sherbrooke,0.25,oracle_worst,fake_kyiv,1,False,0.584475,0.608415,0.5996783333333333,0.5996,20000.0,0.14477500000000004,0.0
qnn_12,qnn,12,fake_sherbrooke,0.5,oracle_best,fake_marrakesh,1,False,0.584475,0.42254,0.41524833333333333,0.49432,20000.0,0.0,0.0
qnn_12,qnn,12,fake_sherbrooke,0.5,oracle_nonworse,fake_fez;fake_marrakesh;fake_torino,3,False,0.584475,0.48261833333333337,0.4752355555555556,0.522735,20000.0,0.028414999999999968,0.0
qnn_12,qnn,12,fake_sherbrooke,0.5,random,fake_fez;fake_kyiv;fake_marrakesh;fake_torino,4,False,0.584475,0.5140675,0.50634625,0.5397150000000001,20000.0,0.045395000000000074,0.0
qnn_12,qnn,12,fake_sherbrooke,0.5,oracle_worst,fake_kyiv,1,False,0.584475,0.608415,0.5996783333333333,0.590655,20000.0,0.09633500000000006,0.0
qnn_12,qnn,12,fake_sherbrooke,0.75,oracle_best,fake_marrakesh,1,False,0.584475,0.42254,0.41524833333333333,0.538895,20000.0,0.0,0.0
qnn_12,qnn,12,fake_sherbrooke,0.75,oracle_nonworse,fake_fez;fake_marrakesh;fake_torino,3,False,0.584475,0.48261833333333337,0.4752355555555556,0.5511883333333333,20000.0,0.012293333333333267,0.0
qnn_12,qnn,12,fake_sherbrooke,0.75,random,fake_fez;fake_kyiv;fake_marrakesh;fake_torino,4,False,0.584475,0.5140675,0.50634625,0.5595525,20000.0,0.020657499999999995,0.0
qnn_12,qnn,12,fake_sherbrooke,0.75,oracle_worst,fake_kyiv,1,False,0.584475,0.608415,0.5996783333333333,0.584645,20000.0,0.04574999999999996,0.0
qnn_12,qnn,12,fake_sherbrooke,0.9,oracle_best,fake_marrakesh,1,False,0.584475,0.42254,0.41524833333333333,0.56378,20000.0,0.0,0.0
qnn_12,qnn,12,fake_sherbrooke,0.9,oracle_nonworse,fake_fez;fake_marrakesh;fake_torino,3,False,0.584475,0.48261833333333337,0.4752355555555556,0.5700166666666666,20000.0,0.006236666666666668,0.0
qnn_12,qnn,12,fake_sherbrooke,0.9,random,fake_fez;fake_kyiv;fake_marrakesh;fake_torino,4,False,0.584475,0.5140675,0.50634625,0.5730799999999999,20000.0,0.009299999999999975,0.0
qnn_12,qnn,12,fake_sherbrooke,0.9,oracle_worst,fake_kyiv,1,False,0.584475,0.608415,0.5996783333333333,0.58227,20000.0,0.018490000000000006,0.0
qnn_12,qnn,12,fake_torino,0.1,oracle_best,fake_marrakesh,1,False,0.52787,0.42254,0.41524833333333333,0.427415,20000.0,0.0,0.0
qnn_12,qnn,12,fake_torino,0.1,oracle_nonworse,fake_fez;fake_marrakesh,2,False,0.52787,0.4599925,0.45325333333333334,0.4619175,20000.0,0.03450249999999999,0.0
qnn_12,qnn,12,fake_torino,0.1,random,fake_fez;fake_kyiv;fake_marrakesh;fake_sherbrooke,4,False,0.52787,0.52821875,0.5211041666666667,0.52469,20000.0,0.097275,0.0
qnn_12,qnn,12,fake_torino,0.1,oracle_worst,fake_kyiv,1,False,0.52787,0.608415,0.5996783333333333,0.599095,20000.0,0.17168000000000005,0.0
qnn_12,qnn,12,fake_torino,0.25,oracle_best,fake_marrakesh,1,False,0.52787,0.42254,0.41524833333333333,0.439245,20000.0,0.0,0.0
qnn_12,qnn,12,fake_torino,0.25,oracle_nonworse,fake_fez;fake_marrakesh,2,False,0.52787,0.4599925,0.45325333333333334,0.46687999999999996,20000.0,0.027634999999999965,0.0
qnn_12,qnn,12,fake_torino,0.25,random,fake_fez;fake_kyiv;fake_marrakesh;fake_sherbrooke,4,False,0.52787,0.52821875,0.5211041666666667,0.5195425,20000.0,0.08029750000000002,0.0
qnn_12,qnn,12,fake_torino,0.25,oracle_worst,fake_kyiv,1,False,0.52787,0.608415,0.5996783333333333,0.582345,20000.0,0.1431,0.0
qnn_12,qnn,12,fake_torino,0.5,oracle_best,fake_marrakesh,1,False,0.52787,0.42254,0.41524833333333333,0.465985,20000.0,0.0,0.0
qnn_12,qnn,12,fake_torino,0.5,oracle_nonworse,fake_fez;fake_marrakesh,2,False,0.52787,0.4599925,0.45325333333333334,0.48316749999999997,20000.0,0.01718249999999999,0.0
qnn_12,qnn,12,fake_torino,0.5,random,fake_fez;fake_kyiv;fake_marrakesh;fake_sherbrooke,4,False,0.52787,0.52821875,0.5211041666666667,0.5175375,20000.0,0.0515525,0.0
qnn_12,qnn,12,fake_torino,0.5,oracle_worst,fake_kyiv,1,False,0.52787,0.608415,0.5996783333333333,0.559605,20000.0,0.09362000000000004,0.0
qnn_12,qnn,12,fake_torino,0.75,oracle_best,fake_marrakesh,1,False,0.52787,0.42254,0.41524833333333333,0.499385,20000.0,0.0,0.0
qnn_12,qnn,12,fake_torino,0.75,oracle_nonworse,fake_fez;fake_marrakesh,2,False,0.52787,0.4599925,0.45325333333333334,0.505175,20000.0,0.005790000000000017,0.0
qnn_12,qnn,12,fake_torino,0.75,random,fake_fez;fake_kyiv;fake_marrakesh;fake_sherbrooke,4,False,0.52787,0.52821875,0.5211041666666667,0.5216112500000001,20000.0,0.02222625000000006,0.0
qnn_12,qnn,12,fake_torino,0.75,oracle_worst,fake_kyiv,1,False,0.52787,0.608415,0.5996783333333333,0.540305,20000.0,0.04092000000000001,0.0
qnn_12,qnn,12,fake_torino,0.9,oracle_best,fake_marrakesh,1,False,0.52787,0.42254,0.41524833333333333,0.51416,20000.0,0.0,0.0
qnn_12,qnn,12,fake_torino,0.9,oracle_nonworse,fake_fez;fake_marrakesh,2,False,0.52787,0.4599925,0.45325333333333334,0.5169649999999999,20000.0,0.0028049999999999464,0.0
qnn_12,qnn,12,fake_torino,0.9,random,fake_fez;fake_kyiv;fake_marrakesh;fake_sherbrooke,4,False,0.52787,0.52821875,0.5211041666666667,0.52372625,20000.0,0.009566249999999998,0.0
qnn_12,qnn,12,fake_torino,0.9,oracle_worst,fake_kyiv,1,False,0.52787,0.608415,0.5996783333333333,0.531615,20000.0,0.017455,0.0
qnn_14,qnn,14,fake_fez,0.1,oracle_best,fake_marrakesh,1,False,0.653455,0.59012,0.575785,0.589935,20000.0,0.0,0.0
qnn_14,qnn,14,fake_fez,0.1,oracle_nonworse,fake_marrakesh,1,False,0.653455,0.59012,0.575785,0.589935,20000.0,0.0,0.0
qnn_14,qnn,14,fake_fez,0.1,random,fake_kyiv;fake_marrakesh;fake_sherbrooke;fake_torino,4,False,0.653455,0.6781437499999999,0.66483,0.6680412499999999,20000.0,0.07810624999999993,0.0
qnn_14,qnn,14,fake_fez,0.1,oracle_worst,fake_kyiv,1,False,0.653455,0.73896,0.72499,0.72191,20000.0,0.13197500000000006,0.0
qnn_14,qnn,14,fake_fez,0.25,oracle_best,fake_marrakesh,1,False,0.653455,0.59012,0.575785,0.58809,20000.0,0.0,0.0
qnn_14,qnn,14,fake_fez,0.25,oracle_nonworse,fake_marrakesh,1,False,0.653455,0.59012,0.575785,0.58809,20000.0,0.0,0.0
qnn_14,qnn,14,fake_fez,0.25,random,fake_kyiv;fake_marrakesh;fake_sherbrooke;fake_torino,4,False,0.653455,0.6781437499999999,0.66483,0.65567125,20000.0,0.06758125000000004,0.0
qnn_14,qnn,14,fake_fez,0.25,oracle_worst,fake_kyiv,1,False,0.653455,0.73896,0.72499,0.702175,20000.0,0.11408499999999999,0.0
qnn_14,qnn,14,fake_fez,0.5,oracle_best,fake_marrakesh,1,False,0.653455,0.59012,0.575785,0.60147,20000.0,0.0,0.0
qnn_14,qnn,14,fake_fez,0.5,oracle_nonworse,fake_marrakesh,1,False,0.653455,0.59012,0.575785,0.60147,20000.0,0.0,0.0
qnn_14,qnn,14,fake_fez,0.5,random,fake_kyiv;fake_marrakesh;fake_sherbrooke;fake_torino,4,False,0.653455,0.6781437499999999,0.66483,0.6442225,20000.0,0.04275250000000008,0.0
qnn_14,qnn,14,fake_fez,0.5,oracle_worst,fake_kyiv,1,False,0.653455,0.73896,0.72499,0.674255,20000.0,0.0727850000000001,0.0
qnn_14,qnn,14,fake_fez,0.75,oracle_best,fake_marrakesh,1,False,0.653455,0.59012,0.575785,0.622,20000.0,0.0,0.0
qnn_14,qnn,14,fake_fez,0.75,oracle_nonworse,fake_marrakesh,1,False,0.653455,0.59012,0.575785,0.622,20000.0,0.0,0.0
qnn_14,qnn,14,fake_fez,0.75,random,fake_kyiv;fake_marrakesh;fake_sherbrooke;fake_torino,4,False,0.653455,0.6781437499999999,0.66483,0.6443675,20000.0,0.022367499999999985,0.0
qnn_14,qnn,14,fake_fez,0.75,oracle_worst,fake_kyiv,1,False,0.653455,0.73896,0.72499,0.6609,20000.0,0.038900000000000046,0.0
qnn_14,qnn,14,fake_fez,0.9,oracle_best,fake_marrakesh,1,False,0.653455,0.59012,0.575785,0.639445,20000.0,0.0,0.0
qnn_14,qnn,14,fake_fez,0.9,oracle_nonworse,fake_marrakesh,1,False,0.653455,0.59012,0.575785,0.639445,20000.0,0.0,0.0
qnn_14,qnn,14,fake_fez,0.9,random,fake_kyiv;fake_marrakesh;fake_sherbrooke;fake_torino,4,False,0.653455,0.6781437499999999,0.66483,0.6475475,20000.0,0.008102500000000012,0.0
qnn_14,qnn,14,fake_fez,0.9,oracle_worst,fake_kyiv,1,False,0.653455,0.73896,0.72499,0.654935,20000.0,0.015490000000000004,0.0
qnn_14,qnn,14,fake_kyiv,0.1,oracle_best,fake_marrakesh,1,False,0.73896,0.59012,0.575785,0.59671,20000.0,0.0,0.0
qnn_14,qnn,14,fake_kyiv,0.1,oracle_nonworse,fake_fez;fake_marrakesh;fake_sherbrooke;fake_torino,4,False,0.73896,0.6567675,0.6430675,0.6573275,20000.0,0.06061749999999999,0.0
qnn_14,qnn,14,fake_kyiv,0.1,random,fake_fez;fake_marrakesh;fake_sherbrooke;fake_torino,4,False,0.73896,0.6567675,0.6430675,0.6573275,20000.0,0.06061749999999999,0.0
qnn_14,qnn,14,fake_kyiv,0.1,oracle_worst,fake_sherbrooke,1,False,0.73896,0.71049,0.6999216666666667,0.70672,20000.0,0.11001000000000005,0.0
qnn_14,qnn,14,fake_kyiv,0.25,oracle_best,fake_marrakesh,1,False,0.73896,0.59012,0.575785,0.60747,20000.0,0.0,0.0
qnn_14,qnn,14,fake_kyiv,0.25,oracle_nonworse,fake_fez;fake_marrakesh;fake_sherbrooke;fake_torino,4,False,0.73896,0.6567675,0.6430675,0.6610437499999999,20000.0,0.053573749999999976,0.0
qnn_14,qnn,14,fake_kyiv,0.25,random,fake_fez;fake_marrakesh;fake_sherbrooke;fake_torino,4,False,0.73896,0.6567675,0.6430675,0.6610437499999999,20000.0,0.053573749999999976,0.0
qnn_14,qnn,14,fake_kyiv,0.25,oracle_worst,fake_sherbrooke,1,False,0.73896,0.71049,0.6999216666666667,0.702275,20000.0,0.09480500000000003,0.0
qnn_14,qnn,14,fake_kyiv,0.5,oracle_best,fake_marrakesh,1,False,0.73896,0.59012,0.575785,0.63754,20000.0,0.0,0.0
qnn_14,qnn,14,fake_kyiv,0.5,oracle_nonworse,fake_fez;fake_marrakesh;fake_sherbrooke;fake_torino,4,False,0.73896,0.6567675,0.6430675,0.6723675,20000.0,0.03482750000000001,0.0
qnn_14,qnn,14,fake_kyiv,0.5,random,fake_fez;fake_marrakesh;fake_sherbrooke;fake_torino,4,False,0.73896,0.6567675,0.6430675,0.6723675,20000.0,0.03482750000000001,0.0
qnn_14,qnn,14,fake_kyiv,0.5,oracle_worst,fake_sherbrooke,1,False,0.73896,0.71049,0.6999216666666667,0.69925,20000.0,0.06171000000000004,0.0
qnn_14,qnn,14,fake_kyiv,0.75,oracle_best,fake_marrakesh,1,False,0.73896,0.59012,0.575785,0.683245,20000.0,0.0,0.0
qnn_14,qnn,14,fake_kyiv,0.75,oracle_nonworse,fake_fez;fake_marrakesh;fake_sherbrooke;fake_torino,4,False,0.73896,0.6567675,0.6430675,0.701375,20000.0,0.01812999999999998,0.0
qnn_14,qnn,14,fake_kyiv,0.75,random,fake_fez;fake_marrakesh;fake_sherbrooke;fake_torino,4,False,0.73896,0.6567675,0.6430675,0.701375,20000.0,0.01812999999999998,0.0
qnn_14,qnn,14,fake_kyiv,0.75,oracle_worst,fake_sherbrooke,1,False,0.73896,0.71049,0.6999216666666667,0.715345,20000.0,0.03210000000000002,0.0
qnn_14,qnn,14,fake_kyiv,0.9,oracle_best,fake_marrakesh,1,False,0.73896,0.59012,0.575785,0.71509,20000.0,0.0,0.0
qnn_14,qnn,14,fake_kyiv,0.9,oracle_nonworse,fake_fez;fake_marrakesh;fake_sherbrooke;fake_torino,4,False,0.73896,0.6567675,0.6430675,0.72139625,20000.0,0.006306249999999958,0.0
qnn_14,qnn,14,fake_kyiv,0.9,random,fake_fez;fake_marrakesh;fake_sherbrooke;fake_torino,4,False,0.73896,0.6567675,0.6430675,0.72139625,20000.0,0.006306249999999958,0.0
qnn_14,qnn,14,fake_kyiv,0.9,oracle_worst,fake_sherbrooke,1,False,0.73896,0.71049,0.6999216666666667,0.727425,20000.0,0.012334999999999985,0.0
qnn_14,qnn,14,fake_marrakesh,0.1,oracle_best,fake_fez,1,False,0.59012,0.653455,0.63794,0.639445,20000.0,0.0,0.0
qnn_14,qnn,14,fake_marrakesh,0.1,oracle_nonworse,fake_fez,1,True,0.59012,0.653455,0.63794,0.639445,20000.0,0.0,0.0
qnn_14,qnn,14,fake_marrakesh,0.1,random,fake_fez;fake_kyiv;fake_sherbrooke;fake_torino,4,False,0.59012,0.6939774999999999,0.68036875,0.67485,20000.0,0.03540499999999991,0.0
qnn_14,qnn,14,fake_marrakesh,0.1,oracle_worst,fake_kyiv,1,False,0.59012,0.73896,0.72499,0.71509,20000.0,0.07564499999999996,0.0
qnn_14,qnn,14,fake_marrakesh,0.25,oracle_best,fake_fez,1,False,0.59012,0.653455,0.63794,0.622,20000.0,0.0,0.0
qnn_14,qnn,14,fake_marrakesh,0.25,oracle_nonworse,fake_fez,1,True,0.59012,0.653455,0.63794,0.622,20000.0,0.0,0.0
qnn_14,qnn,14,fake_marrakesh,0.25,random,fake_fez;fake_kyiv;fake_sherbrooke;fake_torino,4,False,0.59012,0.6939774999999999,0.68036875,0.6491475,20000.0,0.02714749999999999,0.0
qnn_14,qnn,14,fake_marrakesh,0.25,oracle_worst,fake_kyiv,1,False,0.59012,0.73896,0.72499,0.683245,20000.0,0.061244999999999994,0.0
qnn_14,qnn,14,fake_marrakesh,0.5,oracle_best,fake_fez,1,False,0.59012,0.653455,0.63794,0.60147,20000.0,0.0,0.0
qnn_14,qnn,14,fake_marrakesh,0.5,oracle_nonworse,fake_fez,1,True,0.59012,0.653455,0.63794,0.60147,20000.0,0.0,0.0
qnn_14,qnn,14,fake_marrakesh,0.5,random,fake_fez;fake_kyiv;fake_sherbrooke;fake_torino,4,False,0.59012,0.6939774999999999,0.68036875,0.61700375,20000.0,0.015533750000000013,0.0
qnn_14,qnn,14,fake_marrakesh,0.5,oracle_worst,fake_kyiv,1,False,0.59012,0.73896,0.72499,0.63754,20000.0,0.036070000000000046,0.0
qnn_14,qnn,14,fake_marrakesh,0.75,oracle_best,fake_fez,1,False,0.59012,0.653455,0.63794,0.58809,20000.0,0.0,0.0
qnn_14,qnn,14,fake_marrakesh,0.75,oracle_nonworse,fake_fez,1,True,0.59012,0.653455,0.63794,0.58809,20000.0,0.0,0.0
qnn_14,qnn,14,fake_marrakesh,0.75,random,fake_fez;fake_kyiv;fake_sherbrooke;fake_torino,4,False,0.59012,0.6939774999999999,0.68036875,0.5962937500000001,20000.0,0.008203750000000065,0.0
qnn_14,qnn,14,fake_marrakesh,0.75,oracle_worst,fake_kyiv,1,False,0.59012,0.73896,0.72499,0.60747,20000.0,0.019379999999999953,0.0
qnn_14,qnn,14,fake_marrakesh,0.9,oracle_best,fake_fez,1,False,0.59012,0.653455,0.63794,0.589935,20000.0,0.0,0.0
qnn_14,qnn,14,fake_marrakesh,0.9,oracle_nonworse,fake_fez,1,True,0.59012,0.653455,0.63794,0.589935,20000.0,0.0,0.0
qnn_14,qnn,14,fake_marrakesh,0.9,random,fake_fez;fake_kyiv;fake_sherbrooke;fake_torino,4,False,0.59012,0.6939774999999999,0.68036875,0.5919512499999999,20000.0,0.0020162499999999417,0.0
qnn_14,qnn,14,fake_marrakesh,0.9,oracle_worst,fake_kyiv,1,False,0.59012,0.73896,0.72499,0.59671,20000.0,0.0067749999999999755,0.0
qnn_14,qnn,14,fake_sherbrooke,0.1,oracle_best,fake_marrakesh,1,False,0.71049,0.59012,0.575785,0.592705,20000.0,0.0,0.0
qnn_14,qnn,14,fake_sherbrooke,0.1,oracle_nonworse,fake_fez;fake_marrakesh;fake_torino,3,False,0.71049,0.6388599999999999,0.6241161111111111,0.6368816666666667,20000.0,0.04417666666666664,0.0
qnn_14,qnn,14,fake_sherbrooke,0.1,random,fake_fez;fake_kyiv;fake_marrakesh;fake_torino,4,False,0.71049,0.663885,0.6493345833333333,0.6595175,20000.0,0.06681249999999994,0.0
qnn_14,qnn,14,fake_sherbrooke,0.1,oracle_worst,fake_kyiv,1,False,0.71049,0.73896,0.72499,0.727425,20000.0,0.13471999999999995,0.0
qnn_14,qnn,14,fake_sherbrooke,0.25,oracle_best,fake_marrakesh,1,False,0.71049,0.59012,0.575785,0.598825,20000.0,0.0,0.0
qnn_14,qnn,14,fake_sherbrooke,0.25,oracle_nonworse,fake_fez;fake_marrakesh;fake_torino,3,False,0.71049,0.6388599999999999,0.6241161111111111,0.6384733333333333,20000.0,0.039648333333333285,0.0
qnn_14,qnn,14,fake_sherbrooke,0.25,random,fake_fez;fake_kyiv;fake_marrakesh;fake_torino,4,False,0.71049,0.663885,0.6493345833333333,0.6576912500000001,20000.0,0.05886625000000001,0.0
qnn_14,qnn,14,fake_sherbrooke,0.25,oracle_worst,fake_kyiv,1,False,0.71049,0.73896,0.72499,0.715345,20000.0,0.11651999999999996,0.0
qnn_14,qnn,14,fake_sherbrooke,0.5,oracle_best,fake_marrakesh,1,False,0.71049,0.59012,0.575785,0.62311,20000.0,0.0,0.0
qnn_14,qnn,14,fake_sherbrooke,0.5,oracle_nonworse,fake_fez;fake_marrakesh;fake_torino,3,False,0.71049,0.6388599999999999,0.6241161111111111,0.64932,20000.0,0.026209999999999956,0.0
qnn_14,qnn,14,fake_sherbrooke,0.5,random,fake_fez;fake_kyiv;fake_marrakesh;fake_torino,4,False,0.71049,0.663885,0.6493345833333333,0.6618025000000001,20000.0,0.03869250000000002,0.0
qnn_14,qnn,14,fake_sherbrooke,0.5,oracle_worst,fake_kyiv,1,False,0.71049,0.73896,0.72499,0.69925,20000.0,0.07613999999999999,0.0
qnn_14,qnn,14,fake_sherbrooke,0.75,oracle_best,fake_marrakesh,1,False,0.71049,0.59012,0.575785,0.65924,20000.0,0.0,0.0
qnn_14,qnn,14,fake_sherbrooke,0.75,oracle_nonworse,fake_fez;fake_marrakesh;fake_torino,3,False,0.71049,0.6388599999999999,0.6241161111111111,0.6739916666666668,20000.0,0.014751666666666718,0.0
qnn_14,qnn,14,fake_sherbrooke,0.75,random,fake_fez;fake_kyiv;fake_marrakesh;fake_torino,4,False,0.71049,0.663885,0.6493345833333333,0.6810625,20000.0,0.021822499999999967,0.0
qnn_14,qnn,14,fake_sherbrooke,0.75,oracle_worst,fake_kyiv,1,False,0.71049,0.73896,0.72499,0.702275,20000.0,0.043034999999999934,0.0
qnn_14,qnn,14,fake_sherbrooke,0.9,oracle_best,fake_marrakesh,1,False,0.71049,0.59012,0.575785,0.689655,20000.0,0.0,0.0
qnn_14,qnn,14,fake_sherbrooke,0.9,oracle_nonworse,fake_fez;fake_marrakesh;fake_torino,3,False,0.71049,0.6388599999999999,0.6241161111111111,0.6945683333333333,20000.0,0.004913333333333325,0.0
qnn_14,qnn,14,fake_sherbrooke,0.9,random,fake_fez;fake_kyiv;fake_marrakesh;fake_torino,4,False,0.71049,0.663885,0.6493345833333333,0.69760625,20000.0,0.007951249999999965,0.0
qnn_14,qnn,14,fake_sherbrooke,0.9,oracle_worst,fake_kyiv,1,False,0.71049,0.73896,0.72499,0.70672,20000.0,0.017064999999999997,0.0
qnn_14,qnn,14,fake_torino,0.1,oracle_best,fake_marrakesh,1,False,0.673005,0.59012,0.575785,0.588455,20000.0,0.0,0.0
qnn_14,qnn,14,fake_torino,0.1,oracle_nonworse,fake_fez;fake_marrakesh,2,False,0.673005,0.6217874999999999,0.6068625,0.6165225,20000.0,0.028067500000000023,0.0
qnn_14,qnn,14,fake_torino,0.1,random,fake_fez;fake_kyiv;fake_marrakesh;fake_sherbrooke,4,False,0.673005,0.67325625,0.6596591666666667,0.6625875,20000.0,0.07413250000000005,0.0
qnn_14,qnn,14,fake_torino,0.1,oracle_worst,fake_kyiv,1,False,0.673005,0.73896,0.72499,0.72116,20000.0,0.13270500000000007,0.0
qnn_14,qnn,14,fake_torino,0.25,oracle_best,fake_marrakesh,1,False,0.673005,0.59012,0.575785,0.59079,20000.0,0.0,0.0
qnn_14,qnn,14,fake_torino,0.25,oracle_nonworse,fake_fez;fake_marrakesh,2,False,0.673005,0.6217874999999999,0.6068625,0.6163700000000001,20000.0,0.025580000000000047,0.0
qnn_14,qnn,14,fake_torino,0.25,random,fake_fez;fake_kyiv;fake_marrakesh;fake_sherbrooke,4,False,0.673005,0.67325625,0.6596591666666667,0.65478625,20000.0,0.06399624999999998,0.0
qnn_14,qnn,14,fake_torino,0.25,oracle_worst,fake_kyiv,1,False,0.673005,0.73896,0.72499,0.704735,20000.0,0.11394499999999996,0.0
qnn_14,qnn,14,fake_torino,0.5,oracle_best,fake_marrakesh,1,False,0.673005,0.59012,0.575785,0.605895,20000.0,0.0,0.0
qnn_14,qnn,14,fake_torino,0.5,oracle_nonworse,fake_fez;fake_marrakesh,2,False,0.673005,0.6217874999999999,0.6068625,0.6230249999999999,20000.0,0.01712999999999998,0.0
qnn_14,qnn,14,fake_torino,0.5,random,fake_fez;fake_kyiv;fake_marrakesh;fake_sherbrooke,4,False,0.673005,0.67325625,0.6596591666666667,0.64707875,20000.0,0.041183750000000074,0.0
qnn_14,qnn,14,fake_torino,0.5,oracle_worst,fake_kyiv,1,False,0.673005,0.73896,0.72499,0.6784250000000001,20000.0,0.0725300000000001,0.0
qnn_14,qnn,14,fake_torino,0.75,oracle_best,fake_marrakesh,1,False,0.673005,0.59012,0.575785,0.632105,20000.0,0.0,0.0
qnn_14,qnn,14,fake_torino,0.75,oracle_nonworse,fake_fez;fake_marrakesh,2,False,0.673005,0.6217874999999999,0.6068625,0.64173,20000.0,0.009624999999999995,0.0
qnn_14,qnn,14,fake_torino,0.75,random,fake_fez;fake_kyiv;fake_marrakesh;fake_sherbrooke,4,False,0.673005,0.67325625,0.6596591666666667,0.65524125,20000.0,0.02313624999999997,0.0
qnn_14,qnn,14,fake_torino,0.75,oracle_worst,fake_kyiv,1,False,0.673005,0.73896,0.72499,0.67353,20000.0,0.041424999999999934,0.0
qnn_14,qnn,14,fake_torino,0.9,oracle_best,fake_marrakesh,1,False,0.673005,0.59012,0.575785,0.65521,20000.0,0.0,0.0
qnn_14,qnn,14,fake_torino,0.9,oracle_nonworse,fake_fez;fake_marrakesh,2,False,0.673005,0.6217874999999999,0.6068625,0.6588125,20000.0,0.003602500000000064,0.0
qnn_14,qnn,14,fake_torino,0.9,random,fake_fez;fake_kyiv;fake_marrakesh;fake_sherbrooke,4,False,0.673005,0.67325625,0.6596591666666667,0.6638225,20000.0,0.008612500000000023,0.0
qnn_14,qnn,14,fake_torino,0.9,oracle_worst,fake_kyiv,1,False,0.673005,0.73896,0.72499,0.670945,20000.0,0.015735000000000054,0.0
qnn_4,qnn,4,fake_fez,0.1,oracle_best,fake_marrakesh,1,False,0.04015500000000001,0.04304999999999999,0.03983333333333333,0.0465927027027026,3700.0,0.0,0.0
qnn_4,qnn,4,fake_fez,0.1,oracle_nonworse,fake_marrakesh,1,True,0.04015500000000001,0.04304999999999999,0.03983333333333333,0.0465927027027026,3700.0,0.0,0.0
qnn_4,qnn,4,fake_fez,0.1,random,fake_kyiv;fake_marrakesh;fake_sherbrooke;fake_torino,4,False,0.04015500000000001,0.07442125,0.07205916666666666,0.07458972910586745,3837.5,0.02799702640316485,137.5
qnn_4,qnn,4,fake_fez,0.1,oracle_worst,fake_sherbrooke,1,False,0.04015500000000001,0.103435,0.103135,0.0972914102564102,3900.0,0.050698707553707596,200.0
qnn_4,qnn,4,fake_fez,0.25,oracle_best,fake_marrakesh,1,False,0.04015500000000001,0.04304999999999999,0.03983333333333333,0.0565667741935483,3100.0,0.0,0.0
qnn_4,qnn,4,fake_fez,0.25,oracle_nonworse,fake_marrakesh,1,True,0.04015500000000001,0.04304999999999999,0.03983333333333333,0.0565667741935483,3100.0,0.0,0.0
qnn_4,qnn,4,fake_fez,0.25,random,fake_kyiv;fake_marrakesh;fake_sherbrooke;fake_torino,4,False,0.04015500000000001,0.07442125,0.07205916666666666,0.07467298822025191,3537.5,0.018106214026703607,437.5
qnn_4,qnn,4,fake_fez,0.25,oracle_worst,fake_sherbrooke,1,False,0.04015500000000001,0.103435,0.103135,0.0876522839506173,4050.0,0.031085509757069002,950.0
qnn_4,qnn,4,fake_fez,0.5,oracle_best,fake_marrakesh,1,False,0.04015500000000001,0.04304999999999999,0.03983333333333333,0.0480431081081081,3700.0,0.0,0.0
qnn_4,qnn,4,fake_fez,0.5,oracle_nonworse,fake_marrakesh,1,True,0.04015500000000001,0.04304999999999999,0.03983333333333333,0.0480431081081081,3700.0,0.0,0.0
qnn_4,qnn,4,fake_fez,0.5,random,fake_kyiv;fake_marrakesh;fake_sherbrooke;fake_torino,4,False,0.04015500000000001,0.07442125,0.07205916666666666,0.06578402717803877,3762.5,0.017740919069930673,62.5
qnn_4,qnn,4,fake_fez,0.5,oracle_worst,fake_sherbrooke,1,False,0.04015500000000001,0.103435,0.103135,0.0812048837209302,4300.0,0.033161775612822096,600.0
qnn_4,qnn,4,fake_fez,0.75,oracle_best,fake_marrakesh,1,False,0.04015500000000001,0.04304999999999999,0.03983333333333333,0.0497479775280898,4450.0,0.0,0.0
qnn_4,qnn,4,fake_fez,0.75,oracle_nonworse,fake_marrakesh,1,True,0.04015500000000001,0.04304999999999999,0.03983333333333333,0.0497479775280898,4450.0,0.0,0.0
qnn_4,qnn,4,fake_fez,0.75,random,fake_kyiv;fake_marrakesh;fake_sherbrooke;fake_torino,4,False,0.04015500000000001,0.07442125,0.07205916666666666,0.06251385536968165,4012.5,0.012765877841591854,-437.5
qnn_4,qnn,4,fake_fez,0.75,oracle_worst,fake_sherbrooke,1,False,0.04015500000000001,0.103435,0.103135,0.073824540229885,4350.0,0.024076562701795194,-100.0
qnn_4,qnn,4,fake_fez,0.9,oracle_best,fake_marrakesh,1,False,0.04015500000000001,0.04304999999999999,0.03983333333333333,0.0480615789473684,3800.0,0.0,0.0
qnn_4,qnn,4,fake_fez,0.9,oracle_nonworse,fake_marrakesh,1,True,0.04015500000000001,0.04304999999999999,0.03983333333333333,0.0480615789473684,3800.0,0.0,0.0
qnn_4,qnn,4,fake_fez,0.9,random,fake_kyiv;fake_marrakesh;fake_sherbrooke;fake_torino,4,False,0.04015500000000001,0.07442125,0.07205916666666666,0.0595196233176496,3962.5,0.011458044370281202,162.5
qnn_4,qnn,4,fake_fez,0.9,oracle_worst,fake_sherbrooke,1,False,0.04015500000000001,0.103435,0.103135,0.0702657692307692,4550.0,0.0222041902834008,750.0
qnn_4,qnn,4,fake_kyiv,0.1,oracle_best,fake_marrakesh,1,False,0.085455,0.04304999999999999,0.03983333333333333,0.0516083333333333,3750.0,0.0,0.0
qnn_4,qnn,4,fake_kyiv,0.1,oracle_nonworse,fake_fez;fake_marrakesh;fake_torino,3,False,0.085455,0.04965000000000001,0.04879999999999999,0.05981492999492997,3766.6666666666665,0.00820659666159667,16.666666666666515
qnn_4,qnn,4,fake_kyiv,0.1,random,fake_fez;fake_marrakesh;fake_sherbrooke;fake_torino,4,False,0.085455,0.06309625,0.06238375,0.06970918800252657,3812.5,0.01810085466919327,62.5
qnn_4,qnn,4,fake_kyiv,0.1,oracle_worst,fake_sherbrooke,1,False,0.085455,0.103435,0.103135,0.0993919620253164,3950.0,0.047783628691983104,200.0
qnn_4,qnn,4,fake_kyiv,0.25,oracle_best,fake_marrakesh,1,False,0.085455,0.04304999999999999,0.03983333333333333,0.0688799999999999,3200.0,0.0,0.0
qnn_4,qnn,4,fake_kyiv,0.25,oracle_nonworse,fake_fez;fake_marrakesh;fake_torino,3,False,0.085455,0.04965000000000001,0.04879999999999999,0.06717238805970144,3516.6666666666665,-0.0017076119402984619,316.6666666666665
qnn_4,qnn,4,fake_kyiv,0.25,random,fake_fez;fake_marrakesh;fake_sherbrooke;fake_torino,4,False,0.085455,0.06309625,0.06238375,0.07490728487193654,3650.0,0.006027284871936642,450.0
qnn_4,qnn,4,fake_kyiv,0.25,oracle_worst,fake_sherbrooke,1,False,0.085455,0.103435,0.103135,0.0981119753086419,4050.0,0.029231975308641994,850.0
qnn_4,qnn,4,fake_kyiv,0.5,oracle_best,fake_marrakesh,1,False,0.085455,0.04304999999999999,0.03983333333333333,0.0772118421052631,3800.0,0.0,0.0
qnn_4,qnn,4,fake_kyiv,0.5,oracle_nonworse,fake_fez;fake_marrakesh;fake_torino,3,False,0.085455,0.04965000000000001,0.04879999999999999,0.07442625930768948,3583.3333333333335,-0.002785582797573627,-216.66666666666652
qnn_4,qnn,4,fake_kyiv,0.5,random,fake_fez;fake_marrakesh;fake_sherbrooke;fake_torino,4,False,0.085455,0.06309625,0.06238375,0.08129955559187821,3812.5,0.004087713486615102,12.5
qnn_4,qnn,4,fake_kyiv,0.5,oracle_worst,fake_sherbrooke,1,False,0.085455,0.103435,0.103135,0.1019194444444444,4500.0,0.02470760233918129,700.0
qnn_4,qnn,4,fake_kyiv,0.75,oracle_best,fake_marrakesh,1,False,0.085455,0.04304999999999999,0.03983333333333333,0.0789035714285714,4200.0,0.0,0.0
qnn_4,qnn,4,fake_kyiv,0.75,oracle_nonworse,fake_fez;fake_marrakesh;fake_torino,3,False,0.085455,0.04965000000000001,0.04879999999999999,0.08052164199186887,3933.3333333333335,0.0016180705632974635,-266.6666666666665
qnn_4,qnn,4,fake_kyiv,0.75,random,fake_fez;fake_marrakesh;fake_sherbrooke;fake_torino,4,False,0.085455,0.06309625,0.06238375,0.0871437024241342,4025.0,0.008240130995562797,-175.0
qnn_4,qnn,4,fake_kyiv,0.75,oracle_worst,fake_sherbrooke,1,False,0.085455,0.103435,0.103135,0.1070098837209302,4300.0,0.028106312292358798,100.0
qnn_4,qnn,4,fake_kyiv,0.9,oracle_best,fake_marrakesh,1,False,0.085455,0.04304999999999999,0.03983333333333333,0.0781201612903225,4650.0,0.0,0.0
qnn_4,qnn,4,fake_kyiv,0.9,oracle_nonworse,fake_fez;fake_marrakesh;fake_torino,3,False,0.085455,0.04965000000000001,0.04879999999999999,0.0834510022729259,4166.666666666667,0.005330840982603405,-483.33333333333303
qnn_4,qnn,4,fake_kyiv,0.9,random,fake_fez;fake_marrakesh;fake_sherbrooke;fake_torino,4,False,0.085455,0.06309625,0.06238375,0.0878276634694003,4187.5,0.009707502179077801,-462.5
qnn_4,qnn,4,fake_kyiv,0.9,oracle_worst,fake_sherbrooke,1,False,0.085455,0.103435,0.103135,0.1009576470588235,4250.0,0.022837485768501004,-400.0
qnn_4,qnn,4,fake_marrakesh,0.1,oracle_best,fake_fez,1,False,0.04304999999999999,0.04015500000000001,0.042838333333333325,0.0491694520547945,3650.0,0.0,0.0
qnn_4,qnn,4,fake_marrakesh,0.1,oracle_nonworse,fake_fez,1,False,0.04304999999999999,0.04015500000000001,0.042838333333333325,0.0491694520547945,3650.0,0.0,0.0
qnn_4,qnn,4,fake_marrakesh,0.1,random,fake_fez;fake_kyiv;fake_sherbrooke;fake_torino,4,False,0.04304999999999999,0.0736975,0.07281041666666667,0.07385262151477252,3725.0,0.024683169459978026,75.0
qnn_4,qnn,4,fake_marrakesh,0.1,oracle_worst,fake_sherbrooke,1,False,0.04304999999999999,0.103435,0.103135,0.0921828205128205,3900.0,0.04301336845802601,250.0
qnn_4,qnn,4,fake_marrakesh,0.25,oracle_best,fake_fez,1,False,0.04304999999999999,0.04015500000000001,0.042838333333333325,0.0490174050632911,3950.0,0.0,0.0
qnn_4,qnn,4,fake_marrakesh,0.25,oracle_nonworse,fake_fez,1,False,0.04304999999999999,0.04015500000000001,0.042838333333333325,0.0490174050632911,3950.0,0.0,0.0
qnn_4,qnn,4,fake_marrakesh,0.25,random,fake_fez;fake_kyiv;fake_sherbrooke;fake_torino,4,False,0.04304999999999999,0.0736975,0.07281041666666667,0.07026412412507729,3800.0,0.02124671906178619,-150.0
qnn_4,qnn,4,fake_marrakesh,0.25,oracle_worst,fake_sherbrooke,1,False,0.04304999999999999,0.103435,0.103135,0.0868236585365853,4100.0,0.0378062534732942,150.0
qnn_4,qnn,4,fake_marrakesh,0.5,oracle_best,fake_fez,1,False,0.04304999999999999,0.04015500000000001,0.042838333333333325,0.0458510526315789,4750.0,0.0,0.0
qnn_4,qnn,4,fake_marrakesh,0.5,oracle_nonworse,fake_fez,1,False,0.04304999999999999,0.04015500000000001,0.042838333333333325,0.0458510526315789,4750.0,0.0,0.0
qnn_4,qnn,4,fake_marrakesh,0.5,random,fake_fez;fake_kyiv;fake_sherbrooke;fake_torino,4,False,0.04304999999999999,0.0736975,0.07281041666666667,0.06565923866081487,4112.5,0.019808186029235973,-637.5
qnn_4,qnn,4,fake_marrakesh,0.5,oracle_worst,fake_sherbrooke,1,False,0.04304999999999999,0.103435,0.103135,0.0829097826086956,4600.0,0.0370587299771167,-150.0
qnn_4,qnn,4,fake_marrakesh,0.75,oracle_best,fake_fez,1,False,0.04304999999999999,0.04015500000000001,0.042838333333333325,0.0510767647058823,3400.0,0.0,0.0
qnn_4,qnn,4,fake_marrakesh,0.75,oracle_nonworse,fake_fez,1,False,0.04304999999999999,0.04015500000000001,0.042838333333333325,0.0510767647058823,3400.0,0.0,0.0
qnn_4,qnn,4,fake_marrakesh,0.75,random,fake_fez;fake_kyiv;fake_sherbrooke;fake_torino,4,False,0.04304999999999999,0.0736975,0.07281041666666667,0.06253990255858435,3925.0,0.011463137852702053,525.0
qnn_4,qnn,4,fake_marrakesh,0.75,oracle_worst,fake_sherbrooke,1,False,0.04304999999999999,0.103435,0.103135,0.0786945121951219,4100.0,0.0276177474892396,700.0
qnn_4,qnn,4,fake_marrakesh,0.9,oracle_best,fake_fez,1,False,0.04304999999999999,0.04015500000000001,0.042838333333333325,0.0485241095890411,3650.0,0.0,0.0
qnn_4,qnn,4,fake_marrakesh,0.9,oracle_nonworse,fake_fez,1,False,0.04304999999999999,0.04015500000000001,0.042838333333333325,0.0485241095890411,3650.0,0.0,0.0
qnn_4,qnn,4,fake_marrakesh,0.9,random,fake_fez;fake_kyiv;fake_sherbrooke;fake_torino,4,False,0.04304999999999999,0.0736975,0.07281041666666667,0.05522052462105092,3962.5,0.006696415032009816,312.5
qnn_4,qnn,4,fake_marrakesh,0.9,oracle_worst,fake_sherbrooke,1,False,0.04304999999999999,0.103435,0.103135,0.0716054347826086,4600.0,0.023081325193567495,950.0
qnn_4,qnn,4,fake_sherbrooke,0.1,oracle_best,fake_marrakesh,1,False,0.103435,0.04304999999999999,0.03983333333333333,0.055515909090909,3850.0,0.0,0.0
qnn_4,qnn,4,fake_sherbrooke,0.1,oracle_nonworse,fake_fez;fake_kyiv;fake_marrakesh;fake_torino,4,False,0.103435,0.058601249999999994,0.056984999999999994,0.07135876574707767,3775.0,0.01584285665616867,-75.0
qnn_4,qnn,4,fake_sherbrooke,0.1,random,fake_fez;fake_kyiv;fake_marrakesh;fake_torino,4,False,0.103435,0.058601249999999994,0.056984999999999994,0.07135876574707767,3775.0,0.01584285665616867,-75.0
qnn_4,qnn,4,fake_sherbrooke,0.1,oracle_worst,fake_kyiv,1,False,0.103435,0.085455,0.08154,0.09884,3500.0,0.043324090909091,-350.0
qnn_4,qnn,4,fake_sherbrooke,0.25,oracle_best,fake_marrakesh,1,False,0.103435,0.04304999999999999,0.03983333333333333,0.0720464285714285,3500.0,0.0,0.0
qnn_4,qnn,4,fake_sherbrooke,0.25,oracle_nonworse,fake_fez;fake_kyiv;fake_marrakesh;fake_torino,4,False,0.103435,0.058601249999999994,0.056984999999999994,0.08110126858873627,3862.5,0.009054840017307775,362.5
qnn_4,qnn,4,fake_sherbrooke,0.25,random,fake_fez;fake_kyiv;fake_marrakesh;fake_torino,4,False,0.103435,0.058601249999999994,0.056984999999999994,0.08110126858873627,3862.5,0.009054840017307775,362.5
qnn_4,qnn,4,fake_sherbrooke,0.25,oracle_worst,fake_kyiv,1,False,0.103435,0.085455,0.08154,0.1001579268292683,4100.0,0.028111498257839804,600.0
qnn_4,qnn,4,fake_sherbrooke,0.5,oracle_best,fake_marrakesh,1,False,0.103435,0.04304999999999999,0.03983333333333333,0.0871220588235294,4250.0,0.0,0.0
qnn_4,qnn,4,fake_sherbrooke,0.5,oracle_nonworse,fake_fez;fake_kyiv;fake_marrakesh;fake_torino,4,False,0.103435,0.058601249999999994,0.056984999999999994,0.0918837100969891,3962.5,0.004761651273459705,-287.5
qnn_4,qnn,4,fake_sherbrooke,0.5,random,fake_fez;fake_kyiv;fake_marrakesh;fake_torino,4,False,0.103435,0.058601249999999994,0.056984999999999994,0.0918837100969891,3962.5,0.004761651273459705,-287.5
qnn_4,qnn,4,fake_sherbrooke,0.5,oracle_worst,fake_kyiv,1,False,0.103435,0.085455,0.08154,0.1060083333333333,3750.0,0.018886274509803902,-500.0
qnn_4,qnn,4,fake_sherbrooke,0.75,oracle_best,fake_marrakesh,1,False,0.103435,0.04304999999999999,0.03983333333333333,0.0879814942528735,4350.0,0.0,0.0
qnn_4,qnn,4,fake_sherbrooke,0.75,oracle_nonworse,fake_fez;fake_kyiv;fake_marrakesh;fake_torino,4,False,0.103435,0.058601249999999994,0.056984999999999994,0.09318132049307587,4250.0,0.0051998262402023765,-100.0
qnn_4,qnn,4,fake_sherbrooke,0.75,random,fake_fez;fake_kyiv;fake_marrakesh;fake_torino,4,False,0.103435,0.058601249999999994,0.056984999999999994,0.09318132049307587,4250.0,0.0051998262402023765,-100.0
qnn_4,qnn,4,fake_sherbrooke,0.75,oracle_worst,fake_kyiv,1,False,0.103435,0.085455,0.08154,0.0988527160493827,4050.0,0.010871221796509206,-300.0
qnn_4,qnn,4,fake_sherbrooke,0.9,oracle_best,fake_marrakesh,1,False,0.103435,0.04304999999999999,0.03983333333333333,0.0866842857142857,4900.0,0.0,0.0
qnn_4,qnn,4,fake_sherbrooke,0.9,oracle_nonworse,fake_fez;fake_kyiv;fake_marrakesh;fake_torino,4,False,0.103435,0.058601249999999994,0.056984999999999994,0.09490810574229687,4475.0,0.00822382002801117,-425.0
qnn_4,qnn,4,fake_sherbrooke,0.9,random,fake_fez;fake_kyiv;fake_marrakesh;fake_torino,4,False,0.103435,0.058601249999999994,0.056984999999999994,0.09490810574229687,4475.0,0.00822382002801117,-425.0
qnn_4,qnn,4,fake_sherbrooke,0.9,oracle_worst,fake_kyiv,1,False,0.103435,0.085455,0.08154,0.0998585294117647,4250.0,0.013174243697478993,-650.0
qnn_4,qnn,4,fake_torino,0.1,oracle_best,fake_marrakesh,1,False,0.06574500000000001,0.04304999999999999,0.03983333333333333,0.0489516666666666,3750.0,0.0,0.0
qnn_4,qnn,4,fake_torino,0.1,oracle_nonworse,fake_fez;fake_marrakesh,2,False,0.06574500000000001,0.0416025,0.04133583333333333,0.0541586711711711,3725.0,0.005207004504504495,-25.0
qnn_4,qnn,4,fake_torino,0.1,random,fake_fez;fake_kyiv;fake_marrakesh;fake_sherbrooke,4,False,0.06574500000000001,0.06802375,0.06683666666666666,0.07292107609191466,3850.0,0.023969409425248056,100.0
qnn_4,qnn,4,fake_torino,0.1,oracle_worst,fake_sherbrooke,1,False,0.06574500000000001,0.103435,0.103135,0.0993919620253164,3950.0,0.0504402953586498,200.0
qnn_4,qnn,4,fake_torino,0.25,oracle_best,fake_marrakesh,1,False,0.06574500000000001,0.04304999999999999,0.03983333333333333,0.0463781481481481,4050.0,0.0,0.0
qnn_4,qnn,4,fake_torino,0.25,oracle_nonworse,fake_fez;fake_marrakesh,2,False,0.06574500000000001,0.0416025,0.04133583333333333,0.05298419312169305,4125.0,0.006606044973544951,75.0
qnn_4,qnn,4,fake_torino,0.25,random,fake_fez;fake_kyiv;fake_marrakesh;fake_sherbrooke,4,False,0.06574500000000001,0.06802375,0.06683666666666666,0.07266409331409326,3987.5,0.026285945165945165,-62.5
qnn_4,qnn,4,fake_torino,0.25,oracle_worst,fake_sherbrooke,1,False,0.06574500000000001,0.103435,0.103135,0.1005492857142857,3850.0,0.0541711375661376,-200.0
qnn_4,qnn,4,fake_torino,0.5,oracle_best,fake_marrakesh,1,False,0.06574500000000001,0.04304999999999999,0.03983333333333333,0.055452027027027,3700.0,0.0,0.0
qnn_4,qnn,4,fake_torino,0.5,oracle_nonworse,fake_fez;fake_marrakesh,2,False,0.06574500000000001,0.0416025,0.04133583333333333,0.0588485135135135,3850.0,0.003396486486486501,150.0
qnn_4,qnn,4,fake_torino,0.5,random,fake_fez;fake_kyiv;fake_marrakesh;fake_sherbrooke,4,False,0.06574500000000001,0.06802375,0.06683666666666666,0.06999726673458379,3775.0,0.014545239707556785,75.0
qnn_4,qnn,4,fake_torino,0.5,oracle_worst,fake_sherbrooke,1,False,0.06574500000000001,0.103435,0.103135,0.0902065853658536,4100.0,0.034754558338826604,400.0
qnn_4,qnn,4,fake_torino,0.75,oracle_best,fake_marrakesh,1,False,0.06574500000000001,0.04304999999999999,0.03983333333333333,0.0577676829268292,4100.0,0.0,0.0
qnn_4,qnn,4,fake_torino,0.75,oracle_nonworse,fake_fez;fake_marrakesh,2,False,0.06574500000000001,0.0416025,0.04133583333333333,0.06400806681552725,3825.0,0.006240383888698048,-275.0
qnn_4,qnn,4,fake_torino,0.75,random,fake_fez;fake_kyiv;fake_marrakesh;fake_sherbrooke,4,False,0.06574500000000001,0.06802375,0.06683666666666666,0.07193756791616761,3962.5,0.01416988498933841,-137.5
qnn_4,qnn,4,fake_torino,0.75,oracle_worst,fake_sherbrooke,1,False,0.06574500000000001,0.103435,0.103135,0.0876374096385542,4150.0,0.029869726711724998,50.0
qnn_4,qnn,4,fake_torino,0.9,oracle_best,fake_marrakesh,1,False,0.06574500000000001,0.04304999999999999,0.03983333333333333,0.0615488607594936,3950.0,0.0,0.0
qnn_4,qnn,4,fake_torino,0.9,oracle_nonworse,fake_fez;fake_marrakesh,2,False,0.06574500000000001,0.0416025,0.04133583333333333,0.0621944303797468,3975.0,0.0006455696202532016,25.0
qnn_4,qnn,4,fake_torino,0.9,random,fake_fez;fake_kyiv;fake_marrakesh;fake_sherbrooke,4,False,0.06574500000000001,0.06802375,0.06683666666666666,0.06808595012963242,4025.0,0.006537089370138825,75.0
qnn_4,qnn,4,fake_torino,0.9,oracle_worst,fake_sherbrooke,1,False,0.06574500000000001,0.103435,0.103135,0.0785749397590361,4150.0,0.017026078999542497,200.0
qnn_6,qnn,6,fake_fez,0.1,oracle_best,fake_marrakesh,1,False,0.20380500000000001,0.13838000000000003,0.13587000000000002,0.152571204379562,6850.0,0.0,0.0
qnn_6,qnn,6,fake_fez,0.1,oracle_nonworse,fake_marrakesh,1,False,0.20380500000000001,0.13838000000000003,0.13587000000000002,0.152571204379562,6850.0,0.0,0.0
qnn_6,qnn,6,fake_fez,0.1,random,fake_kyiv;fake_marrakesh;fake_sherbrooke;fake_torino,4,False,0.20380500000000001,0.251905,0.24936083333333336,0.24921714808247056,7262.5,0.09664594370290855,412.5
qnn_6,qnn,6,fake_fez,0.1,oracle_worst,fake_kyiv,1,False,0.20380500000000001,0.34525,0.3397666666666667,0.3303710344827586,7250.0,0.1777998301031966,400.0
qnn_6,qnn,6,fake_fez,0.25,oracle_best,fake_marrakesh,1,False,0.20380500000000001,0.13838000000000003,0.13587000000000002,0.162385,6800.0,0.0,0.0
qnn_6,qnn,6,fake_fez,0.25,oracle_nonworse,fake_marrakesh,1,False,0.20380500000000001,0.13838000000000003,0.13587000000000002,0.162385,6800.0,0.0,0.0
qnn_6,qnn,6,fake_fez,0.25,random,fake_kyiv;fake_marrakesh;fake_sherbrooke;fake_torino,4,False,0.20380500000000001,0.251905,0.24936083333333336,0.24054118864554208,7162.5,0.07815618864554208,362.5
qnn_6,qnn,6,fake_fez,0.25,oracle_worst,fake_kyiv,1,False,0.20380500000000001,0.34525,0.3397666666666667,0.3055434482758621,7250.0,0.1431584482758621,450.0
qnn_6,qnn,6,fake_fez,0.5,oracle_best,fake_marrakesh,1,False,0.20380500000000001,0.13838000000000003,0.13587000000000002,0.1777102898550724,6900.0,0.0,0.0
qnn_6,qnn,6,fake_fez,0.5,oracle_nonworse,fake_marrakesh,1,False,0.20380500000000001,0.13838000000000003,0.13587000000000002,0.1777102898550724,6900.0,0.0,0.0
qnn_6,qnn,6,fake_fez,0.5,random,fake_kyiv;fake_marrakesh;fake_sherbrooke;fake_torino,4,False,0.20380500000000001,0.251905,0.24936083333333336,0.22884061601929698,7075.0,0.05113032616422458,175.0
qnn_6,qnn,6,fake_fez,0.5,oracle_worst,fake_kyiv,1,False,0.20380500000000001,0.34525,0.3397666666666667,0.2723437417218543,7550.0,0.09463345186678193,650.0
qnn_6,qnn,6,fake_fez,0.75,oracle_best,fake_marrakesh,1,False,0.20380500000000001,0.13838000000000003,0.13587000000000002,0.1918563513513513,7400.0,0.0,0.0
qnn_6,qnn,6,fake_fez,0.75,oracle_nonworse,fake_marrakesh,1,False,0.20380500000000001,0.13838000000000003,0.13587000000000002,0.1918563513513513,7400.0,0.0,0.0
qnn_6,qnn,6,fake_fez,0.75,random,fake_kyiv;fake_marrakesh;fake_sherbrooke;fake_torino,4,False,0.20380500000000001,0.251905,0.24936083333333336,0.21947923229327204,7612.5,0.027622880941920752,212.5
qnn_6,qnn,6,fake_fez,0.75,oracle_worst,fake_kyiv,1,False,0.20380500000000001,0.34525,0.3397666666666667,0.2408498051948052,7700.0,0.04899345384345391,300.0
qnn_6,qnn,6,fake_fez,0.9,oracle_best,fake_marrakesh,1,False,0.20380500000000001,0.13838000000000003,0.13587000000000002,0.2010152040816326,7350.0,0.0,0.0
qnn_6,qnn,6,fake_fez,0.9,oracle_nonworse,fake_marrakesh,1,False,0.20380500000000001,0.13838000000000003,0.13587000000000002,0.2010152040816326,7350.0,0.0,0.0
qnn_6,qnn,6,fake_fez,0.9,random,fake_kyiv;fake_marrakesh;fake_sherbrooke;fake_torino,4,False,0.20380500000000001,0.251905,0.24936083333333336,0.21605660228186768,7625.0,0.01504139820023509,275.0
qnn_6,qnn,6,fake_fez,0.9,oracle_worst,fake_kyiv,1,False,0.20380500000000001,0.34525,0.3397666666666667,0.2368044252873563,8700.0,0.0357892212057237,1350.0
qnn_6,qnn,6,fake_kyiv,0.1,oracle_best,fake_marrakesh,1,False,0.34525,0.13838000000000003,0.13587000000000002,0.1602561594202898,6900.0,0.0,0.0
qnn_6,qnn,6,fake_kyiv,0.1,oracle_nonworse,fake_fez;fake_marrakesh;fake_sherbrooke;fake_torino,4,False,0.34525,0.21654375000000003,0.21557041666666668,0.22649285137632522,7462.5,0.0662366919560354,562.5
qnn_6,qnn,6,fake_kyiv,0.1,random,fake_fez;fake_marrakesh;fake_sherbrooke;fake_torino,4,False,0.34525,0.21654375000000003,0.21557041666666668,0.22649285137632522,7462.5,0.0662366919560354,562.5
qnn_6,qnn,6,fake_kyiv,0.1,oracle_worst,fake_sherbrooke,1,False,0.34525,0.2786,0.27743333333333337,0.2761919127516778,7450.0,0.115935753331388,550.0
qnn_6,qnn,6,fake_kyiv,0.25,oracle_best,fake_marrakesh,1,False,0.34525,0.13838000000000003,0.13587000000000002,0.1940448175182482,6850.0,0.0,0.0
qnn_6,qnn,6,fake_kyiv,0.25,oracle_nonworse,fake_fez;fake_marrakesh;fake_sherbrooke;fake_torino,4,False,0.34525,0.21654375000000003,0.21557041666666668,0.2457735650201186,7437.5,0.0517287475018704,587.5
qnn_6,qnn,6,fake_kyiv,0.25,random,fake_fez;fake_marrakesh;fake_sherbrooke;fake_torino,4,False,0.34525,0.21654375000000003,0.21557041666666668,0.2457735650201186,7437.5,0.0517287475018704,587.5
qnn_6,qnn,6,fake_kyiv,0.25,oracle_worst,fake_sherbrooke,1,False,0.34525,0.2786,0.27743333333333337,0.287730780141844,7050.0,0.0936859626235958,200.0
qnn_6,qnn,6,fake_kyiv,0.5,oracle_best,fake_marrakesh,1,False,0.34525,0.13838000000000003,0.13587000000000002,0.2316239735099338,7550.0,0.0,0.0
qnn_6,qnn,6,fake_kyiv,0.5,oracle_nonworse,fake_fez;fake_marrakesh;fake_sherbrooke;fake_torino,4,False,0.34525,0.21654375000000003,0.21557041666666668,0.27003446337522763,7537.5,0.03841048986529383,-12.5
qnn_6,qnn,6,fake_kyiv,0.5,random,fake_fez;fake_marrakesh;fake_sherbrooke;fake_torino,4,False,0.34525,0.21654375000000003,0.21557041666666668,0.27003446337522763,7537.5,0.03841048986529383,-12.5
qnn_6,qnn,6,fake_kyiv,0.5,oracle_worst,fake_sherbrooke,1,False,0.34525,0.2786,0.27743333333333337,0.3000420967741936,7750.0,0.06841812326425978,200.0
qnn_6,qnn,6,fake_kyiv,0.75,oracle_best,fake_marrakesh,1,False,0.34525,0.13838000000000003,0.13587000000000002,0.2635533333333333,8250.0,0.0,0.0
qnn_6,qnn,6,fake_kyiv,0.75,oracle_nonworse,fake_fez;fake_marrakesh;fake_sherbrooke;fake_torino,4,False,0.34525,0.21654375000000003,0.21557041666666668,0.29362247189638313,7937.5,0.030069138563049824,-312.5
qnn_6,qnn,6,fake_kyiv,0.75,random,fake_fez;fake_marrakesh;fake_sherbrooke;fake_torino,4,False,0.34525,0.21654375000000003,0.21557041666666668,0.29362247189638313,7937.5,0.030069138563049824,-312.5
qnn_6,qnn,6,fake_kyiv,0.75,oracle_worst,fake_sherbrooke,1,False,0.34525,0.2786,0.27743333333333337,0.3191066666666667,7500.0,0.0555533333333334,-750.0
qnn_6,qnn,6,fake_kyiv,0.9,oracle_best,fake_marrakesh,1,False,0.34525,0.13838000000000003,0.13587000000000002,0.2933037037037037,8100.0,0.0,0.0
qnn_6,qnn,6,fake_kyiv,0.9,oracle_nonworse,fake_fez;fake_marrakesh;fake_sherbrooke;fake_torino,4,False,0.34525,0.21654375000000003,0.21557041666666668,0.3143074859775044,7800.0,0.02100378227380073,-300.0
qnn_6,qnn,6,fake_kyiv,0.9,random,fake_fez;fake_marrakesh;fake_sherbrooke;fake_torino,4,False,0.34525,0.21654375000000003,0.21557041666666668,0.3143074859775044,7800.0,0.02100378227380073,-300.0
qnn_6,qnn,6,fake_kyiv,0.9,oracle_worst,fake_sherbrooke,1,False,0.34525,0.2786,0.27743333333333337,0.3295864968152866,7850.0,0.036282793111582945,-250.0
qnn_6,qnn,6,fake_marrakesh,0.1,oracle_best,fake_fez,1,False,0.13838000000000003,0.20380500000000001,0.204605,0.2000272929936306,7850.0,0.0,0.0
qnn_6,qnn,6,fake_marrakesh,0.1,oracle_nonworse,fake_fez,1,True,0.13838000000000003,0.20380500000000001,0.204605,0.2000272929936306,7850.0,0.0,0.0
qnn_6,qnn,6,fake_marrakesh,0.1,random,fake_fez;fake_kyiv;fake_sherbrooke;fake_torino,4,False,0.13838000000000003,0.26826125,0.26654458333333336,0.25343822814439365,7550.0,0.05341093515076306,-300.0
qnn_6,qnn,6,fake_marrakesh,0.1,oracle_worst,fake_kyiv,1,False,0.13838000000000003,0.34525,0.3397666666666667,0.3193365517241379,7250.0,0.1193092587305073,-600.0
qnn_6,qnn,6,fake_marrakesh,0.25,oracle_best,fake_fez,1,False,0.13838000000000003,0.20380500000000001,0.204605,0.1968974050632911,7900.0,0.0,0.0
qnn_6,qnn,6,fake_marrakesh,0.25,oracle_nonworse,fake_fez,1,True,0.13838000000000003,0.20380500000000001,0.204605,0.1968974050632911,7900.0,0.0,0.0
qnn_6,qnn,6,fake_marrakesh,0.25,random,fake_fez;fake_kyiv;fake_sherbrooke;fake_torino,4,False,0.13838000000000003,0.26826125,0.26654458333333336,0.23884835611018473,7675.0,0.04195095104689364,-225.0
qnn_6,qnn,6,fake_marrakesh,0.25,oracle_worst,fake_kyiv,1,False,0.13838000000000003,0.34525,0.3397666666666667,0.2901555555555555,7200.0,0.09325815049226441,-700.0
qnn_6,qnn,6,fake_marrakesh,0.5,oracle_best,fake_fez,1,False,0.13838000000000003,0.20380500000000001,0.204605,0.1773968918918919,7400.0,0.0,0.0
qnn_6,qnn,6,fake_marrakesh,0.5,oracle_nonworse,fake_fez,1,True,0.13838000000000003,0.20380500000000001,0.204605,0.1773968918918919,7400.0,0.0,0.0
qnn_6,qnn,6,fake_marrakesh,0.5,random,fake_fez;fake_kyiv;fake_sherbrooke;fake_torino,4,False,0.13838000000000003,0.26826125,0.26654458333333336,0.2114432936772938,7625.0,0.034046401785401914,225.0
qnn_6,qnn,6,fake_marrakesh,0.5,oracle_worst,fake_kyiv,1,False,0.13838000000000003,0.34525,0.3397666666666667,0.2563517365269461,8350.0,0.0789548446350542,950.0
qnn_6,qnn,6,fake_marrakesh,0.75,oracle_best,fake_fez,1,False,0.13838000000000003,0.20380500000000001,0.204605,0.1621052797202797,7150.0,0.0,0.0
qnn_6,qnn,6,fake_marrakesh,0.75,oracle_nonworse,fake_fez,1,True,0.13838000000000003,0.20380500000000001,0.204605,0.1621052797202797,7150.0,0.0,0.0
qnn_6,qnn,6,fake_marrakesh,0.75,random,fake_fez;fake_kyiv;fake_sherbrooke;fake_torino,4,False,0.13838000000000003,0.26826125,0.26654458333333336,0.18455603094974668,7587.5,0.022450751229466992,437.5
qnn_6,qnn,6,fake_marrakesh,0.75,oracle_worst,fake_kyiv,1,False,0.13838000000000003,0.34525,0.3397666666666667,0.2129517073170732,8200.0,0.0508464275967935,1050.0
qnn_6,qnn,6,fake_marrakesh,0.9,oracle_best,fake_fez,1,False,0.13838000000000003,0.20380500000000001,0.204605,0.1527231081081081,7400.0,0.0,0.0
qnn_6,qnn,6,fake_marrakesh,0.9,oracle_nonworse,fake_fez,1,True,0.13838000000000003,0.20380500000000001,0.204605,0.1527231081081081,7400.0,0.0,0.0
qnn_6,qnn,6,fake_marrakesh,0.9,random,fake_fez;fake_kyiv;fake_sherbrooke;fake_torino,4,False,0.13838000000000003,0.26826125,0.26654458333333336,0.17057571278243444,8000.0,0.01785260467432634,600.0
qnn_6,qnn,6,fake_marrakesh,0.9,oracle_worst,fake_kyiv,1,False,0.13838000000000003,0.34525,0.3397666666666667,0.190555294117647,8500.0,0.03783218600953889,1100.0
qnn_6,qnn,6,fake_sherbrooke,0.1,oracle_best,fake_marrakesh,1,False,0.2786,0.13838000000000003,0.13587000000000002,0.156053905109489,6850.0,0.0,0.0
qnn_6,qnn,6,fake_sherbrooke,0.1,oracle_nonworse,fake_fez;fake_marrakesh;fake_torino,3,False,0.2786,0.19585833333333336,0.19494944444444448,0.20551033959199008,7383.333333333333,0.04945643448250109,533.333333333333
qnn_6,qnn,6,fake_sherbrooke,0.1,random,fake_fez;fake_kyiv;fake_marrakesh;fake_torino,4,False,0.2786,0.23320625000000003,0.23115375000000002,0.23717378917675122,7350.0,0.08111988406726223,500.0
qnn_6,qnn,6,fake_sherbrooke,0.1,oracle_worst,fake_kyiv,1,False,0.2786,0.34525,0.3397666666666667,0.3321641379310345,7250.0,0.1761102328215455,400.0
qnn_6,qnn,6,fake_sherbrooke,0.25,oracle_best,fake_marrakesh,1,False,0.2786,0.13838000000000003,0.13587000000000002,0.1851478571428571,7000.0,0.0,0.0
qnn_6,qnn,6,fake_sherbrooke,0.25,oracle_nonworse,fake_fez;fake_marrakesh;fake_torino,3,False,0.2786,0.19585833333333336,0.19494944444444448,0.22407901544401546,7466.666666666667,0.03893115830115837,466.66666666666697
qnn_6,qnn,6,fake_sherbrooke,0.25,random,fake_fez;fake_kyiv;fake_marrakesh;fake_torino,4,False,0.2786,0.23320625000000003,0.23115375000000002,0.24965202020370125,7412.5,0.06450416306084417,412.5
qnn_6,qnn,6,fake_sherbrooke,0.25,oracle_worst,fake_kyiv,1,False,0.2786,0.34525,0.3397666666666667,0.3263710344827586,7250.0,0.14122317733990153,250.0
qnn_6,qnn,6,fake_sherbrooke,0.5,oracle_best,fake_marrakesh,1,False,0.2786,0.13838000000000003,0.13587000000000002,0.2155847101449275,6900.0,0.0,0.0
qnn_6,qnn,6,fake_sherbrooke,0.5,oracle_nonworse,fake_fez;fake_marrakesh;fake_torino,3,False,0.2786,0.19585833333333336,0.19494944444444448,0.23926502313125694,7250.0,0.023680312986329444,350.0
qnn_6,qnn,6,fake_sherbrooke,0.5,random,fake_fez;fake_kyiv;fake_marrakesh;fake_torino,4,False,0.2786,0.23320625000000003,0.23115375000000002,0.25606207860672087,7325.0,0.04047736846179337,425.0
qnn_6,qnn,6,fake_sherbrooke,0.5,oracle_worst,fake_kyiv,1,False,0.2786,0.34525,0.3397666666666667,0.3064532450331126,7550.0,0.09086853488818511,650.0
qnn_6,qnn,6,fake_sherbrooke,0.75,oracle_best,fake_marrakesh,1,False,0.2786,0.13838000000000003,0.13587000000000002,0.2411603973509934,7550.0,0.0,0.0
qnn_6,qnn,6,fake_sherbrooke,0.75,oracle_nonworse,fake_fez;fake_marrakesh;fake_torino,3,False,0.2786,0.19585833333333336,0.19494944444444448,0.25561348931508965,7616.666666666667,0.014453091964096249,66.66666666666697
qnn_6,qnn,6,fake_sherbrooke,0.75,random,fake_fez;fake_kyiv;fake_marrakesh;fake_torino,4,False,0.2786,0.23320625000000003,0.23115375000000002,0.26414360382842245,7612.5,0.022983206477429047,62.5
qnn_6,qnn,6,fake_sherbrooke,0.75,oracle_worst,fake_kyiv,1,False,0.2786,0.34525,0.3397666666666667,0.289733947368421,7600.0,0.04857355001742761,50.0
qnn_6,qnn,6,fake_sherbrooke,0.9,oracle_best,fake_marrakesh,1,False,0.2786,0.13838000000000003,0.13587000000000002,0.2480146341463414,8200.0,0.0,0.0
qnn_6,qnn,6,fake_sherbrooke,0.9,oracle_nonworse,fake_fez;fake_marrakesh;fake_torino,3,False,0.2786,0.19585833333333336,0.19494944444444448,0.2605463665183821,7883.333333333333,0.012531732372040694,-316.66666666666697
qnn_6,qnn,6,fake_sherbrooke,0.9,random,fake_fez;fake_kyiv;fake_marrakesh;fake_torino,4,False,0.2786,0.23320625000000003,0.23115375000000002,0.2654363571672676,7887.5,0.017421723020926205,-312.5
qnn_6,qnn,6,fake_sherbrooke,0.9,oracle_worst,fake_kyiv,1,False,0.2786,0.34525,0.3397666666666667,0.2801063291139241,7900.0,0.032091694967582685,-300.0
qnn_6,qnn,6,fake_torino,0.1,oracle_best,fake_marrakesh,1,False,0.24539000000000002,0.13838000000000003,0.13587000000000002,0.1537326470588235,6800.0,0.0,0.0
qnn_6,qnn,6,fake_torino,0.1,oracle_nonworse,fake_fez;fake_marrakesh,2,False,0.24539000000000002,0.17109250000000004,0.1702375,0.18161882352941175,7400.0,0.027886176470588248,600.0
qnn_6,qnn,6,fake_torino,0.1,random,fake_fez;fake_kyiv;fake_marrakesh;fake_sherbrooke,4,False,0.24539000000000002,0.24150875000000005,0.23941875,0.24033900040589484,7462.5,0.08660635334707134,662.5
qnn_6,qnn,6,fake_torino,0.1,oracle_worst,fake_kyiv,1,False,0.24539000000000002,0.34525,0.3397666666666667,0.3301066666666666,7200.0,0.1763740196078431,400.0
qnn_6,qnn,6,fake_torino,0.25,oracle_best,fake_marrakesh,1,False,0.24539000000000002,0.13838000000000003,0.13587000000000002,0.172112299270073,6850.0,0.0,0.0
qnn_6,qnn,6,fake_torino,0.25,oracle_nonworse,fake_fez;fake_marrakesh,2,False,0.24539000000000002,0.17109250000000004,0.1702375,0.195050687851597,7350.0,0.022938388581524,500.0
qnn_6,qnn,6,fake_torino,0.25,random,fake_fez;fake_kyiv;fake_marrakesh;fake_sherbrooke,4,False,0.24539000000000002,0.24150875000000005,0.23941875,0.24289691074312753,7512.5,0.07078461147305454,662.5
qnn_6,qnn,6,fake_torino,0.25,oracle_worst,fake_kyiv,1,False,0.24539000000000002,0.34525,0.3397666666666667,0.3147337062937063,7150.0,0.1426214070236333,300.0
qnn_6,qnn,6,fake_torino,0.5,oracle_best,fake_marrakesh,1,False,0.24539000000000002,0.13838000000000003,0.13587000000000002,0.1971819696969697,6600.0,0.0,0.0
qnn_6,qnn,6,fake_torino,0.5,oracle_nonworse,fake_fez;fake_marrakesh,2,False,0.24539000000000002,0.17109250000000004,0.1702375,0.2105635710553814,6925.0,0.01338160135841171,325.0
qnn_6,qnn,6,fake_torino,0.5,random,fake_fez;fake_kyiv;fake_marrakesh;fake_sherbrooke,4,False,0.24539000000000002,0.24150875000000005,0.23941875,0.24334727029386927,7100.0,0.04616530059689958,500.0
qnn_6,qnn,6,fake_torino,0.5,oracle_worst,fake_kyiv,1,False,0.24539000000000002,0.34525,0.3397666666666667,0.2921781034482759,7250.0,0.0949961337513062,650.0
qnn_6,qnn,6,fake_torino,0.75,oracle_best,fake_marrakesh,1,False,0.24539000000000002,0.13838000000000003,0.13587000000000002,0.220469020979021,7150.0,0.0,0.0
qnn_6,qnn,6,fake_torino,0.75,oracle_nonworse,fake_fez;fake_marrakesh,2,False,0.24539000000000002,0.17109250000000004,0.1702375,0.228586720634438,7025.0,0.008117699655417004,-125.0
qnn_6,qnn,6,fake_torino,0.75,random,fake_fez;fake_kyiv;fake_marrakesh;fake_sherbrooke,4,False,0.24539000000000002,0.24150875000000005,0.23941875,0.2462039206620466,7137.5,0.025734899683025614,-12.5
qnn_6,qnn,6,fake_torino,0.75,oracle_worst,fake_kyiv,1,False,0.24539000000000002,0.34525,0.3397666666666667,0.2711572413793103,7250.0,0.05068822040028931,100.0
qnn_6,qnn,6,fake_torino,0.9,oracle_best,fake_marrakesh,1,False,0.24539000000000002,0.13838000000000003,0.13587000000000002,0.2253421428571428,7700.0,0.0,0.0
qnn_6,qnn,6,fake_torino,0.9,oracle_nonworse,fake_fez;fake_marrakesh,2,False,0.24539000000000002,0.17109250000000004,0.1702375,0.23479821428571424,7350.0,0.009456071428571439,-350.0
qnn_6,qnn,6,fake_torino,0.9,random,fake_fez;fake_kyiv;fake_marrakesh;fake_sherbrooke,4,False,0.24539000000000002,0.24150875000000005,0.23941875,0.2461547217511971,7437.5,0.0208125788940543,-262.5
qnn_6,qnn,6,fake_torino,0.9,oracle_worst,fake_kyiv,1,False,0.24539000000000002,0.34525,0.3397666666666667,0.2665954294478527,8150.0,0.0412532865907099,450.0
qnn_8,qnn,8,fake_fez,0.1,oracle_best,fake_marrakesh,1,False,0.24352000000000001,0.204785,0.20428833333333332,0.2095910037174721,13450.0,0.0,0.0
qnn_8,qnn,8,fake_fez,0.1,oracle_nonworse,fake_marrakesh,1,False,0.24352000000000001,0.204785,0.20428833333333332,0.2095910037174721,13450.0,0.0,0.0
qnn_8,qnn,8,fake_fez,0.1,random,fake_kyiv;fake_marrakesh;fake_sherbrooke;fake_torino,4,False,0.24352000000000001,0.31187375,0.31113999999999997,0.3065045902396191,14812.5,0.09691358652214702,1362.5
qnn_8,qnn,8,fake_fez,0.1,oracle_worst,fake_kyiv,1,False,0.24352000000000001,0.3948,0.397655,0.381795731707317,16400.0,0.1722047279898449,2950.0
qnn_8,qnn,8,fake_fez,0.25,oracle_best,fake_marrakesh,1,False,0.24352000000000001,0.204785,0.20428833333333332,0.2101070110701107,13550.0,0.0,0.0
qnn_8,qnn,8,fake_fez,0.25,oracle_nonworse,fake_marrakesh,1,False,0.24352000000000001,0.204785,0.20428833333333332,0.2101070110701107,13550.0,0.0,0.0
qnn_8,qnn,8,fake_fez,0.25,random,fake_kyiv;fake_marrakesh;fake_sherbrooke;fake_torino,4,False,0.24352000000000001,0.31187375,0.31113999999999997,0.29256307218614114,14487.5,0.08245606111603043,937.5
qnn_8,qnn,8,fake_fez,0.25,oracle_worst,fake_kyiv,1,False,0.24352000000000001,0.3948,0.397655,0.3542348045602606,15350.0,0.14412779349014987,1800.0
qnn_8,qnn,8,fake_fez,0.5,oracle_best,fake_marrakesh,1,False,0.24352000000000001,0.204785,0.20428833333333332,0.2201585714285714,14000.0,0.0,0.0
qnn_8,qnn,8,fake_fez,0.5,oracle_nonworse,fake_marrakesh,1,False,0.24352000000000001,0.204785,0.20428833333333332,0.2201585714285714,14000.0,0.0,0.0
qnn_8,qnn,8,fake_fez,0.5,random,fake_kyiv;fake_marrakesh;fake_sherbrooke;fake_torino,4,False,0.24352000000000001,0.31187375,0.31113999999999997,0.27762424543049535,15000.0,0.057465674001923955,1000.0
qnn_8,qnn,8,fake_fez,0.5,oracle_worst,fake_kyiv,1,False,0.24352000000000001,0.3948,0.397655,0.3221556493506493,15400.0,0.10199707792207788,1400.0
qnn_8,qnn,8,fake_fez,0.75,oracle_best,fake_marrakesh,1,False,0.24352000000000001,0.204785,0.20428833333333332,0.2294082978723404,14100.0,0.0,0.0
qnn_8,qnn,8,fake_fez,0.75,oracle_nonworse,fake_marrakesh,1,False,0.24352000000000001,0.204785,0.20428833333333332,0.2294082978723404,14100.0,0.0,0.0
qnn_8,qnn,8,fake_fez,0.75,random,fake_kyiv;fake_marrakesh;fake_sherbrooke;fake_torino,4,False,0.24352000000000001,0.31187375,0.31113999999999997,0.2631198152689509,15050.0,0.03371151739661049,950.0
qnn_8,qnn,8,fake_fez,0.75,oracle_worst,fake_kyiv,1,False,0.24352000000000001,0.3948,0.397655,0.2910575,16000.0,0.06164920212765962,1900.0
qnn_8,qnn,8,fake_fez,0.9,oracle_best,fake_marrakesh,1,False,0.24352000000000001,0.204785,0.20428833333333332,0.2370757553956834,13900.0,0.0,0.0
qnn_8,qnn,8,fake_fez,0.9,oracle_nonworse,fake_marrakesh,1,False,0.24352000000000001,0.204785,0.20428833333333332,0.2370757553956834,13900.0,0.0,0.0
qnn_8,qnn,8,fake_fez,0.9,random,fake_kyiv;fake_marrakesh;fake_sherbrooke;fake_torino,4,False,0.24352000000000001,0.31187375,0.31113999999999997,0.2543688681112275,14937.5,0.017293112715544096,1037.5
qnn_8,qnn,8,fake_fez,0.9,oracle_worst,fake_kyiv,1,False,0.24352000000000001,0.3948,0.397655,0.2736167791411042,16300.0,0.036541023745420814,2400.0
qnn_8,qnn,8,fake_kyiv,0.1,oracle_best,fake_marrakesh,1,False,0.3948,0.204785,0.20428833333333332,0.224695294117647,13600.0,0.0,0.0
qnn_8,qnn,8,fake_kyiv,0.1,oracle_nonworse,fake_fez;fake_marrakesh;fake_sherbrooke;fake_torino,4,False,0.3948,0.27405375,0.27251125,0.2863961481834113,14450.0,0.06170085406576431,850.0
qnn_8,qnn,8,fake_kyiv,0.1,random,fake_fez;fake_marrakesh;fake_sherbrooke;fake_torino,4,False,0.3948,0.27405375,0.27251125,0.2863961481834113,14450.0,0.06170085406576431,850.0
qnn_8,qnn,8,fake_kyiv,0.1,oracle_worst,fake_sherbrooke,1,False,0.3948,0.355375,0.35055166666666665,0.3583366666666667,15000.0,0.1336413725490197,1400.0
qnn_8,qnn,8,fake_kyiv,0.25,oracle_best,fake_marrakesh,1,False,0.3948,0.204785,0.20428833333333332,0.2510158156028368,14100.0,0.0,0.0
qnn_8,qnn,8,fake_kyiv,0.25,oracle_nonworse,fake_fez;fake_marrakesh;fake_sherbrooke;fake_torino,4,False,0.3948,0.27405375,0.27251125,0.30407341386698344,14337.5,0.05305759826414663,237.5
qnn_8,qnn,8,fake_kyiv,0.25,random,fake_fez;fake_marrakesh;fake_sherbrooke;fake_torino,4,False,0.3948,0.27405375,0.27251125,0.30407341386698344,14337.5,0.05305759826414663,237.5
qnn_8,qnn,8,fake_kyiv,0.25,oracle_worst,fake_sherbrooke,1,False,0.3948,0.355375,0.35055166666666665,0.3629140268456375,14900.0,0.1118982112428007,800.0
qnn_8,qnn,8,fake_kyiv,0.5,oracle_best,fake_marrakesh,1,False,0.3948,0.204785,0.20428833333333332,0.3001280272108843,14700.0,0.0,0.0
qnn_8,qnn,8,fake_kyiv,0.5,oracle_nonworse,fake_fez;fake_marrakesh;fake_sherbrooke;fake_torino,4,False,0.3948,0.27405375,0.27251125,0.3335533955331432,15187.5,0.03342536832225895,487.5
qnn_8,qnn,8,fake_kyiv,0.5,random,fake_fez;fake_marrakesh;fake_sherbrooke;fake_torino,4,False,0.3948,0.27405375,0.27251125,0.3335533955331432,15187.5,0.03342536832225895,487.5
qnn_8,qnn,8,fake_kyiv,0.5,oracle_worst,fake_sherbrooke,1,False,0.3948,0.355375,0.35055166666666665,0.3720575806451613,15500.0,0.07192955343427704,800.0
qnn_8,qnn,8,fake_kyiv,0.75,oracle_best,fake_marrakesh,1,False,0.3948,0.204785,0.20428833333333332,0.3401376923076923,15600.0,0.0,0.0
qnn_8,qnn,8,fake_kyiv,0.75,oracle_nonworse,fake_fez;fake_marrakesh;fake_sherbrooke;fake_torino,4,False,0.3948,0.27405375,0.27251125,0.3604197881589175,15375.0,0.0202820958512252,-225.0
qnn_8,qnn,8,fake_kyiv,0.75,random,fake_fez;fake_marrakesh;fake_sherbrooke;fake_torino,4,False,0.3948,0.27405375,0.27251125,0.3604197881589175,15375.0,0.0202820958512252,-225.0
qnn_8,qnn,8,fake_kyiv,0.75,oracle_worst,fake_sherbrooke,1,False,0.3948,0.355375,0.35055166666666665,0.3825840879478827,15350.0,0.04244639564019037,-250.0
qnn_8,qnn,8,fake_kyiv,0.9,oracle_best,fake_marrakesh,1,False,0.3948,0.204785,0.20428833333333332,0.3656191304347826,16100.0,0.0,0.0
qnn_8,qnn,8,fake_kyiv,0.9,oracle_nonworse,fake_fez;fake_marrakesh;fake_sherbrooke;fake_torino,4,False,0.3948,0.27405375,0.27251125,0.37967472928428225,15687.5,0.01405559884949964,-412.5
qnn_8,qnn,8,fake_kyiv,0.9,random,fake_fez;fake_marrakesh;fake_sherbrooke;fake_torino,4,False,0.3948,0.27405375,0.27251125,0.37967472928428225,15687.5,0.01405559884949964,-412.5
qnn_8,qnn,8,fake_kyiv,0.9,oracle_worst,fake_sherbrooke,1,False,0.3948,0.355375,0.35055166666666665,0.3875339432176656,15850.0,0.021914812782882986,-250.0
qnn_8,qnn,8,fake_marrakesh,0.1,oracle_best,fake_fez,1,False,0.204785,0.24352000000000001,0.24314,0.2370127338129496,13900.0,0.0,0.0
qnn_8,qnn,8,fake_marrakesh,0.1,oracle_nonworse,fake_fez,1,True,0.204785,0.24352000000000001,0.24314,0.2370127338129496,13900.0,0.0,0.0
qnn_8,qnn,8,fake_marrakesh,0.1,random,fake_fez;fake_kyiv;fake_sherbrooke;fake_torino,4,False,0.204785,0.3215575,0.32085291666666665,0.30974375174511604,14925.0,0.07273101793216644,1025.0
qnn_8,qnn,8,fake_marrakesh,0.1,oracle_worst,fake_kyiv,1,False,0.204785,0.3948,0.397655,0.3773719512195122,16400.0,0.14035921740656263,2500.0
qnn_8,qnn,8,fake_marrakesh,0.25,oracle_best,fake_fez,1,False,0.204785,0.24352000000000001,0.24314,0.2304012056737588,14100.0,0.0,0.0
qnn_8,qnn,8,fake_marrakesh,0.25,oracle_nonworse,fake_fez,1,True,0.204785,0.24352000000000001,0.24314,0.2304012056737588,14100.0,0.0,0.0
qnn_8,qnn,8,fake_marrakesh,0.25,random,fake_fez;fake_kyiv;fake_sherbrooke;fake_torino,4,False,0.204785,0.3215575,0.32085291666666665,0.29214248023531075,14625.0,0.061741274561551956,525.0
qnn_8,qnn,8,fake_marrakesh,0.25,oracle_worst,fake_kyiv,1,False,0.204785,0.3948,0.397655,0.3484641693811075,15350.0,0.11806296370734873,1250.0
qnn_8,qnn,8,fake_marrakesh,0.5,oracle_best,fake_fez,1,False,0.204785,0.24352000000000001,0.24314,0.2203801831501831,13650.0,0.0,0.0
qnn_8,qnn,8,fake_marrakesh,0.5,oracle_nonworse,fake_fez,1,True,0.204785,0.24352000000000001,0.24314,0.2203801831501831,13650.0,0.0,0.0
qnn_8,qnn,8,fake_marrakesh,0.5,random,fake_fez;fake_kyiv;fake_sherbrooke;fake_torino,4,False,0.204785,0.3215575,0.32085291666666665,0.26444043835064146,14875.0,0.044060255200458365,1225.0
qnn_8,qnn,8,fake_marrakesh,0.5,oracle_worst,fake_kyiv,1,False,0.204785,0.3948,0.397655,0.3055678501628665,15350.0,0.08518766701268338,1700.0
qnn_8,qnn,8,fake_marrakesh,0.75,oracle_best,fake_fez,1,False,0.204785,0.24352000000000001,0.24314,0.2094172463768116,13800.0,0.0,0.0
qnn_8,qnn,8,fake_marrakesh,0.75,oracle_nonworse,fake_fez,1,True,0.204785,0.24352000000000001,0.24314,0.2094172463768116,13800.0,0.0,0.0
qnn_8,qnn,8,fake_marrakesh,0.75,random,fake_fez;fake_kyiv;fake_sherbrooke;fake_torino,4,False,0.204785,0.3215575,0.32085291666666665,0.23822517460246417,14937.5,0.028807928225652563,1137.5
qnn_8,qnn,8,fake_marrakesh,0.75,oracle_worst,fake_kyiv,1,False,0.204785,0.3948,0.397655,0.2659980250783699,15950.0,0.05658077870155828,2150.0
qnn_8,qnn,8,fake_marrakesh,0.9,oracle_best,fake_fez,1,False,0.204785,0.24352000000000001,0.24314,0.2103122924187725,13850.0,0.0,0.0
qnn_8,qnn,8,fake_marrakesh,0.9,oracle_nonworse,fake_fez,1,True,0.204785,0.24352000000000001,0.24314,0.2103122924187725,13850.0,0.0,0.0
qnn_8,qnn,8,fake_marrakesh,0.9,random,fake_fez;fake_kyiv;fake_sherbrooke;fake_torino,4,False,0.204785,0.3215575,0.32085291666666665,0.22539877512758372,14887.5,0.015086482708811216,1037.5
qnn_8,qnn,8,fake_marrakesh,0.9,oracle_worst,fake_kyiv,1,False,0.204785,0.3948,0.397655,0.2460688461538461,16250.0,0.03575655373507361,2400.0
qnn_8,qnn,8,fake_sherbrooke,0.1,oracle_best,fake_marrakesh,1,False,0.355375,0.204785,0.20428833333333332,0.2197596153846154,13650.0,0.0,0.0
qnn_8,qnn,8,fake_sherbrooke,0.1,oracle_nonworse,fake_fez;fake_marrakesh;fake_torino,3,False,0.355375,0.24694666666666665,0.2464977777777778,0.2581268826865952,14316.666666666666,0.03836726730197984,666.6666666666661
qnn_8,qnn,8,fake_sherbrooke,0.1,random,fake_fez;fake_kyiv;fake_marrakesh;fake_torino,4,False,0.355375,0.28391,0.2842870833333333,0.29121837179412624,14700.0,0.07145875640951085,1050.0
qnn_8,qnn,8,fake_sherbrooke,0.1,oracle_worst,fake_kyiv,1,False,0.355375,0.3948,0.397655,0.3904928391167192,15850.0,0.17073322373210384,2200.0
qnn_8,qnn,8,fake_sherbrooke,0.25,oracle_best,fake_marrakesh,1,False,0.355375,0.204785,0.20428833333333332,0.2428985714285714,14000.0,0.0,0.0
qnn_8,qnn,8,fake_sherbrooke,0.25,oracle_nonworse,fake_fez;fake_marrakesh;fake_torino,3,False,0.355375,0.24694666666666665,0.2464977777777778,0.2754855740183078,14066.666666666666,0.0325870025897364,66.66666666666606
qnn_8,qnn,8,fake_sherbrooke,0.25,random,fake_fez;fake_kyiv;fake_marrakesh;fake_torino,4,False,0.355375,0.28391,0.2842870833333333,0.30225361522710664,14475.0,0.059355043798535234,475.0
qnn_8,qnn,8,fake_sherbrooke,0.25,oracle_worst,fake_kyiv,1,False,0.355375,0.3948,0.397655,0.3825577388535032,15700.0,0.13965916742493178,1700.0
qnn_8,qnn,8,fake_sherbrooke,0.5,oracle_best,fake_marrakesh,1,False,0.355375,0.204785,0.20428833333333332,0.2753468181818181,14850.0,0.0,0.0
qnn_8,qnn,8,fake_sherbrooke,0.5,oracle_nonworse,fake_fez;fake_marrakesh;fake_torino,3,False,0.355375,0.24694666666666665,0.2464977777777778,0.2987205470464889,14750.0,0.023373728864670817,-100.0
qnn_8,qnn,8,fake_sherbrooke,0.5,random,fake_fez;fake_kyiv;fake_marrakesh;fake_torino,4,False,0.355375,0.28391,0.2842870833333333,0.31722416028486666,15062.5,0.041877342103048554,212.5
qnn_8,qnn,8,fake_sherbrooke,0.5,oracle_worst,fake_kyiv,1,False,0.355375,0.3948,0.397655,0.372735,16000.0,0.09738818181818187,1150.0
qnn_8,qnn,8,fake_sherbrooke,0.75,oracle_best,fake_marrakesh,1,False,0.355375,0.204785,0.20428833333333332,0.3176665789473684,15200.0,0.0,0.0
qnn_8,qnn,8,fake_sherbrooke,0.75,oracle_nonworse,fake_fez;fake_marrakesh;fake_torino,3,False,0.355375,0.24694666666666665,0.2464977777777778,0.32899890023426237,15050.0,0.011332321286893987,-150.0
qnn_8,qnn,8,fake_sherbrooke,0.75,random,fake_fez;fake_kyiv;fake_marrakesh;fake_torino,4,False,0.355375,0.28391,0.2842870833333333,0.33759528450045556,15175.0,0.019928705553087178,-25.0
qnn_8,qnn,8,fake_sherbrooke,0.75,oracle_worst,fake_kyiv,1,False,0.355375,0.3948,0.397655,0.3633844372990353,15550.0,0.04571785835166692,350.0
qnn_8,qnn,8,fake_sherbrooke,0.9,oracle_best,fake_marrakesh,1,False,0.355375,0.204785,0.20428833333333332,0.3392612783171521,15450.0,0.0,0.0
qnn_8,qnn,8,fake_sherbrooke,0.9,oracle_nonworse,fake_fez;fake_marrakesh;fake_torino,3,False,0.355375,0.24694666666666665,0.2464977777777778,0.3453165496559469,15433.333333333334,0.006055271338794799,-16.66666666666606
qnn_8,qnn,8,fake_sherbrooke,0.9,random,fake_fez;fake_kyiv;fake_marrakesh;fake_torino,4,False,0.355375,0.28391,0.2842870833333333,0.3484596247020241,15487.5,0.009198346384871992,37.5
qnn_8,qnn,8,fake_sherbrooke,0.9,oracle_worst,fake_kyiv,1,False,0.355375,0.3948,0.397655,0.3578888498402556,15650.0,0.018627571523103514,200.0
qnn_8,qnn,8,fake_torino,0.1,oracle_best,fake_marrakesh,1,False,0.292535,0.204785,0.20428833333333332,0.2154705882352941,13600.0,0.0,0.0
qnn_8,qnn,8,fake_torino,0.1,oracle_nonworse,fake_fez;fake_marrakesh,2,False,0.292535,0.2241525,0.22371416666666666,0.2316346044624746,14050.0,0.0161640162271805,450.0
qnn_8,qnn,8,fake_torino,0.1,random,fake_fez;fake_kyiv;fake_marrakesh;fake_sherbrooke,4,False,0.292535,0.29962,0.29890875,0.29939640033250314,14725.0,0.08392581209720903,1125.0
qnn_8,qnn,8,fake_torino,0.1,oracle_worst,fake_kyiv,1,False,0.292535,0.3948,0.397655,0.3862413924050633,15800.0,0.17077080416976917,2200.0
qnn_8,qnn,8,fake_torino,0.25,oracle_best,fake_marrakesh,1,False,0.292535,0.204785,0.20428833333333332,0.2283314079422382,13850.0,0.0,0.0
qnn_8,qnn,8,fake_torino,0.25,oracle_nonworse,fake_fez;fake_marrakesh,2,False,0.292535,0.2241525,0.22371416666666666,0.24097593124384636,13800.0,0.012644523301608174,-50.0
qnn_8,qnn,8,fake_torino,0.25,random,fake_fez;fake_kyiv;fake_marrakesh;fake_sherbrooke,4,False,0.292535,0.29962,0.29890875,0.29746809792202755,14525.0,0.06913668997978936,675.0
qnn_8,qnn,8,fake_torino,0.25,oracle_worst,fake_kyiv,1,False,0.292535,0.3948,0.397655,0.3692323642172524,15650.0,0.14090095627501423,1800.0
qnn_8,qnn,8,fake_torino,0.5,oracle_best,fake_marrakesh,1,False,0.292535,0.204785,0.20428833333333332,0.251201043956044,13650.0,0.0,0.0
qnn_8,qnn,8,fake_torino,0.5,oracle_nonworse,fake_fez;fake_marrakesh,2,False,0.292535,0.2241525,0.22371416666666666,0.259130556943057,13975.0,0.007929512987012999,325.0
qnn_8,qnn,8,fake_torino,0.5,random,fake_fez;fake_kyiv;fake_marrakesh;fake_sherbrooke,4,False,0.292535,0.29962,0.29890875,0.297297864678425,14825.0,0.04609682072238103,1175.0
qnn_8,qnn,8,fake_torino,0.5,oracle_worst,fake_kyiv,1,False,0.292535,0.3948,0.397655,0.349108526645768,15950.0,0.09790748268972405,2300.0
qnn_8,qnn,8,fake_torino,0.75,oracle_best,fake_marrakesh,1,False,0.292535,0.204785,0.20428833333333332,0.2722900336700337,14850.0,0.0,0.0
qnn_8,qnn,8,fake_torino,0.75,oracle_nonworse,fake_fez;fake_marrakesh,2,False,0.292535,0.2241525,0.22371416666666666,0.2761659627809628,14825.0,0.0038759291109290994,-25.0
qnn_8,qnn,8,fake_torino,0.75,random,fake_fez;fake_kyiv;fake_marrakesh;fake_sherbrooke,4,False,0.292535,0.29962,0.29890875,0.2961309677549073,15000.0,0.023840934084873644,150.0
qnn_8,qnn,8,fake_torino,0.75,oracle_worst,fake_kyiv,1,False,0.292535,0.3948,0.397655,0.3217155263157895,15200.0,0.0494254926457558,350.0
qnn_8,qnn,8,fake_torino,0.9,oracle_best,fake_marrakesh,1,False,0.292535,0.204785,0.20428833333333332,0.2872698805460751,14650.0,0.0,0.0
qnn_8,qnn,8,fake_torino,0.9,oracle_nonworse,fake_fez;fake_marrakesh,2,False,0.292535,0.2241525,0.22371416666666666,0.29028437009759894,14450.0,0.0030144895515238357,-200.0
qnn_8,qnn,8,fake_torino,0.9,random,fake_fez;fake_kyiv;fake_marrakesh;fake_sherbrooke,4,False,0.292535,0.29962,0.29890875,0.2971135666277468,14825.0,0.009843686081671688,175.0
qnn_8,qnn,8,fake_torino,0.9,oracle_worst,fake_kyiv,1,False,0.292535,0.3948,0.397655,0.3059536842105263,15200.0,0.018683803664451215,550.0
vqe_10,vqe,10,fake_fez,0.1,oracle_best,fake_marrakesh,1,False,0.128505,0.08600499999999998,0.08655499999999998,0.0944788805970149,3350.0,0.0,0.0
vqe_10,vqe,10,fake_fez,0.1,oracle_nonworse,fake_marrakesh,1,False,0.128505,0.08600499999999998,0.08655499999999998,0.0944788805970149,3350.0,0.0,0.0
vqe_10,vqe,10,fake_fez,0.1,random,fake_kyiv;fake_marrakesh;fake_sherbrooke;fake_torino,4,False,0.128505,0.184995,0.18658791666666666,0.18240872946144254,4575.0,0.08792984886442765,1225.0
vqe_10,vqe,10,fake_fez,0.1,oracle_worst,fake_kyiv,1,False,0.128505,0.23325499999999996,0.23512166666666665,0.2255468181818181,5500.0,0.1310679375848032,2150.0
vqe_10,vqe,10,fake_fez,0.25,oracle_best,fake_marrakesh,1,False,0.128505,0.08600499999999998,0.08655499999999998,0.0998799999999999,3200.0,0.0,0.0
vqe_10,vqe,10,fake_fez,0.25,oracle_nonworse,fake_marrakesh,1,False,0.128505,0.08600499999999998,0.08655499999999998,0.0998799999999999,3200.0,0.0,0.0
vqe_10,vqe,10,fake_fez,0.25,random,fake_kyiv;fake_marrakesh;fake_sherbrooke;fake_torino,4,False,0.128505,0.184995,0.18658791666666666,0.1752002698771816,4450.0,0.0753202698771817,1250.0
vqe_10,vqe,10,fake_fez,0.25,oracle_worst,fake_kyiv,1,False,0.128505,0.23325499999999996,0.23512166666666665,0.2151297058823529,5100.0,0.11524970588235299,1900.0
vqe_10,vqe,10,fake_fez,0.5,oracle_best,fake_marrakesh,1,False,0.128505,0.08600499999999998,0.08655499999999998,0.1172211016949152,2950.0,0.0,0.0
vqe_10,vqe,10,fake_fez,0.5,oracle_nonworse,fake_marrakesh,1,False,0.128505,0.08600499999999998,0.08655499999999998,0.1172211016949152,2950.0,0.0,0.0
vqe_10,vqe,10,fake_fez,0.5,random,fake_kyiv;fake_marrakesh;fake_sherbrooke;fake_torino,4,False,0.128505,0.184995,0.18658791666666666,0.1656424293037993,4362.5,0.048421327608884096,1412.5
vqe_10,vqe,10,fake_fez,0.5,oracle_worst,fake_kyiv,1,False,0.128505,0.23325499999999996,0.23512166666666665,0.1963173809523809,5250.0,0.07909627925746571,2300.0
vqe_10,vqe,10,fake_fez,0.75,oracle_best,fake_marrakesh,1,False,0.128505,0.08600499999999998,0.08655499999999998,0.1189535245901639,3050.0,0.0,0.0
vqe_10,vqe,10,fake_fez,0.75,oracle_nonworse,fake_marrakesh,1,False,0.128505,0.08600499999999998,0.08655499999999998,0.1189535245901639,3050.0,0.0,0.0
vqe_10,vqe,10,fake_fez,0.75,random,fake_kyiv;fake_marrakesh;fake_sherbrooke;fake_torino,4,False,0.128505,0.184995,0.18658791666666666,0.15363650759351344,4637.5,0.03468298300334954,1587.5
vqe_10,vqe,10,fake_fez,0.75,oracle_worst,fake_kyiv,1,False,0.128505,0.23325499999999996,0.23512166666666665,0.1805823913043478,5750.0,0.06162886671418391,2700.0
vqe_10,vqe,10,fake_fez,0.9,oracle_best,fake_marrakesh,1,False,0.128505,0.08600499999999998,0.08655499999999998,0.118422894736842,3800.0,0.0,0.0
vqe_10,vqe,10,fake_fez,0.9,oracle_nonworse,fake_marrakesh,1,False,0.128505,0.08600499999999998,0.08655499999999998,0.118422894736842,3800.0,0.0,0.0
vqe_10,vqe,10,fake_fez,0.9,random,fake_kyiv;fake_marrakesh;fake_sherbrooke;fake_torino,4,False,0.128505,0.184995,0.18658791666666666,0.14838047880573102,5062.5,0.029957584068889015,1262.5
vqe_10,vqe,10,fake_fez,0.9,oracle_worst,fake_kyiv,1,False,0.128505,0.23325499999999996,0.23512166666666665,0.1751110317460317,6300.0,0.056688137009189704,2500.0
vqe_10,vqe,10,fake_kyiv,0.1,oracle_best,fake_marrakesh,1,False,0.23325499999999996,0.08600499999999998,0.08655499999999998,0.1092549999999999,3600.0,0.0,0.0
vqe_10,vqe,10,fake_kyiv,0.1,oracle_nonworse,fake_fez;fake_marrakesh;fake_sherbrooke;fake_torino,4,False,0.23325499999999996,0.1588075,0.15961291666666666,0.1666766071428571,4337.5,0.0574216071428572,737.5
vqe_10,vqe,10,fake_kyiv,0.1,random,fake_fez;fake_marrakesh;fake_sherbrooke;fake_torino,4,False,0.23325499999999996,0.1588075,0.15961291666666666,0.1666766071428571,4337.5,0.0574216071428572,737.5
vqe_10,vqe,10,fake_kyiv,0.1,oracle_worst,fake_sherbrooke,1,False,0.23325499999999996,0.21111000000000002,0.21412166666666663,0.2112480952380952,5250.0,0.10199309523809531,1650.0
vqe_10,vqe,10,fake_kyiv,0.25,oracle_best,fake_marrakesh,1,False,0.23325499999999996,0.08600499999999998,0.08655499999999998,0.140833947368421,3800.0,0.0,0.0
vqe_10,vqe,10,fake_kyiv,0.25,oracle_nonworse,fake_fez;fake_marrakesh;fake_sherbrooke;fake_torino,4,False,0.23325499999999996,0.1588075,0.15961291666666666,0.18248212112067067,4512.5,0.04164817375224966,712.5
vqe_10,vqe,10,fake_kyiv,0.25,random,fake_fez;fake_marrakesh;fake_sherbrooke;fake_torino,4,False,0.23325499999999996,0.1588075,0.15961291666666666,0.18248212112067067,4512.5,0.04164817375224966,712.5
vqe_10,vqe,10,fake_kyiv,0.25,oracle_worst,fake_sherbrooke,1,False,0.23325499999999996,0.21111000000000002,0.21412166666666663,0.2159190825688073,5450.0,0.07508513520038629,1650.0
vqe_10,vqe,10,fake_kyiv,0.5,oracle_best,fake_marrakesh,1,False,0.23325499999999996,0.08600499999999998,0.08655499999999998,0.1714459090909091,4950.0,0.0,0.0
vqe_10,vqe,10,fake_kyiv,0.5,oracle_nonworse,fake_fez;fake_marrakesh;fake_sherbrooke;fake_torino,4,False,0.23325499999999996,0.1588075,0.15961291666666666,0.20290681780566336,5062.5,0.031460908714754265,112.5
vqe_10,vqe,10,fake_kyiv,0.5,random,fake_fez;fake_marrakesh;fake_sherbrooke;fake_torino,4,False,0.23325499999999996,0.1588075,0.15961291666666666,0.20290681780566336,5062.5,0.031460908714754265,112.5
vqe_10,vqe,10,fake_kyiv,0.5,oracle_worst,fake_sherbrooke,1,False,0.23325499999999996,0.21111000000000002,0.21412166666666663,0.2282706603773585,5300.0,0.0568247512864494,350.0
vqe_10,vqe,10,fake_kyiv,0.75,oracle_best,fake_marrakesh,1,False,0.23325499999999996,0.08600499999999998,0.08655499999999998,0.198410871559633,5450.0,0.0,0.0
vqe_10,vqe,10,fake_kyiv,0.75,oracle_nonworse,fake_fez;fake_marrakesh;fake_sherbrooke;fake_torino,4,False,0.23325499999999996,0.1588075,0.15961291666666666,0.21695216264557976,5450.0,0.018541291085946765,0.0
vqe_10,vqe,10,fake_kyiv,0.75,random,fake_fez;fake_marrakesh;fake_sherbrooke;fake_torino,4,False,0.23325499999999996,0.1588075,0.15961291666666666,0.21695216264557976,5450.0,0.018541291085946765,0.0
vqe_10,vqe,10,fake_kyiv,0.75,oracle_worst,fake_sherbrooke,1,False,0.23325499999999996,0.21111000000000002,0.21412166666666663,0.230798628318584,5650.0,0.032387756758951,200.0
vqe_10,vqe,10,fake_kyiv,0.9,oracle_best,fake_marrakesh,1,False,0.23325499999999996,0.08600499999999998,0.08655499999999998,0.2060540756302521,5950.0,0.0,0.0
vqe_10,vqe,10,fake_kyiv,0.9,oracle_nonworse,fake_fez;fake_marrakesh;fake_sherbrooke;fake_torino,4,False,0.23325499999999996,0.1588075,0.15961291666666666,0.2206953248582505,5862.5,0.014641249227998393,-87.5
vqe_10,vqe,10,fake_kyiv,0.9,random,fake_fez;fake_marrakesh;fake_sherbrooke;fake_torino,4,False,0.23325499999999996,0.1588075,0.15961291666666666,0.2206953248582505,5862.5,0.014641249227998393,-87.5
vqe_10,vqe,10,fake_kyiv,0.9,oracle_worst,fake_sherbrooke,1,False,0.23325499999999996,0.21111000000000002,0.21412166666666663,0.2304049999999999,6250.0,0.024350924369747784,300.0
vqe_10,vqe,10,fake_marrakesh,0.1,oracle_best,fake_fez,1,False,0.08600499999999998,0.128505,0.12722166666666668,0.1160396478873239,3550.0,0.0,0.0
vqe_10,vqe,10,fake_marrakesh,0.1,oracle_nonworse,fake_fez,1,True,0.08600499999999998,0.128505,0.12722166666666668,0.1160396478873239,3550.0,0.0,0.0
vqe_10,vqe,10,fake_marrakesh,0.1,random,fake_fez;fake_kyiv;fake_sherbrooke;fake_torino,4,False,0.08600499999999998,0.19562,0.19675458333333334,0.18602100162085672,4625.0,0.06998135373353281,1075.0
vqe_10,vqe,10,fake_marrakesh,0.1,oracle_worst,fake_kyiv,1,False,0.08600499999999998,0.23325499999999996,0.23512166666666665,0.2229922727272727,5500.0,0.1069526248399488,1950.0
vqe_10,vqe,10,fake_marrakesh,0.25,oracle_best,fake_fez,1,False,0.08600499999999998,0.128505,0.12722166666666668,0.1153840322580645,3100.0,0.0,0.0
vqe_10,vqe,10,fake_marrakesh,0.25,oracle_nonworse,fake_fez,1,True,0.08600499999999998,0.128505,0.12722166666666668,0.1153840322580645,3100.0,0.0,0.0
vqe_10,vqe,10,fake_marrakesh,0.25,random,fake_fez;fake_kyiv;fake_sherbrooke;fake_torino,4,False,0.08600499999999998,0.19562,0.19675458333333334,0.17588026792556494,4387.5,0.06049623566750044,1287.5
vqe_10,vqe,10,fake_marrakesh,0.25,oracle_worst,fake_kyiv,1,False,0.08600499999999998,0.23325499999999996,0.23512166666666665,0.210365,5000.0,0.0949809677419355,1900.0
vqe_10,vqe,10,fake_marrakesh,0.5,oracle_best,fake_fez,1,False,0.08600499999999998,0.128505,0.12722166666666668,0.107490294117647,3400.0,0.0,0.0
vqe_10,vqe,10,fake_marrakesh,0.5,oracle_nonworse,fake_fez,1,True,0.08600499999999998,0.128505,0.12722166666666668,0.107490294117647,3400.0,0.0,0.0
vqe_10,vqe,10,fake_marrakesh,0.5,random,fake_fez;fake_kyiv;fake_sherbrooke;fake_torino,4,False,0.08600499999999998,0.19562,0.19675458333333334,0.1528857312380397,4325.0,0.04539543712039269,925.0
vqe_10,vqe,10,fake_marrakesh,0.5,oracle_worst,fake_kyiv,1,False,0.08600499999999998,0.23325499999999996,0.23512166666666665,0.1839590594059405,5050.0,0.07646876528829351,1650.0
vqe_10,vqe,10,fake_marrakesh,0.75,oracle_best,fake_fez,1,False,0.08600499999999998,0.128505,0.12722166666666668,0.1037549999999999,4000.0,0.0,0.0
vqe_10,vqe,10,fake_marrakesh,0.75,oracle_nonworse,fake_fez,1,True,0.08600499999999998,0.128505,0.12722166666666668,0.1037549999999999,4000.0,0.0,0.0
vqe_10,vqe,10,fake_marrakesh,0.75,random,fake_fez;fake_kyiv;fake_sherbrooke;fake_torino,4,False,0.08600499999999998,0.19562,0.19675458333333334,0.14028582832887457,4787.5,0.036530828328874665,787.5
vqe_10,vqe,10,fake_marrakesh,0.75,oracle_worst,fake_kyiv,1,False,0.08600499999999998,0.23325499999999996,0.23512166666666665,0.167695366972477,5450.0,0.0639403669724771,1450.0
vqe_10,vqe,10,fake_marrakesh,0.9,oracle_best,fake_fez,1,False,0.08600499999999998,0.128505,0.12722166666666668,0.0966835714285714,3500.0,0.0,0.0
vqe_10,vqe,10,fake_marrakesh,0.9,oracle_nonworse,fake_fez,1,True,0.08600499999999998,0.128505,0.12722166666666668,0.0966835714285714,3500.0,0.0,0.0
vqe_10,vqe,10,fake_marrakesh,0.9,random,fake_fez;fake_kyiv;fake_sherbrooke;fake_torino,4,False,0.08600499999999998,0.19562,0.19675458333333334,0.13215546545885987,4737.5,0.03547189403028847,1237.5
vqe_10,vqe,10,fake_marrakesh,0.9,oracle_worst,fake_kyiv,1,False,0.08600499999999998,0.23325499999999996,0.23512166666666665,0.1634216666666666,6000.0,0.06673809523809521,2500.0
vqe_10,vqe,10,fake_sherbrooke,0.1,oracle_best,fake_marrakesh,1,False,0.21111000000000002,0.08600499999999998,0.08655499999999998,0.112255,3000.0,0.0,0.0
vqe_10,vqe,10,fake_sherbrooke,0.1,oracle_nonworse,fake_fez;fake_marrakesh;fake_torino,3,False,0.21111000000000002,0.14137333333333332,0.14144333333333334,0.15318872549019602,3750.0,0.04093372549019603,750.0
vqe_10,vqe,10,fake_sherbrooke,0.1,random,fake_fez;fake_kyiv;fake_marrakesh;fake_torino,4,False,0.21111000000000002,0.16434374999999998,0.16486291666666666,0.1730542226890756,4212.5,0.060799222689075616,1212.5
vqe_10,vqe,10,fake_sherbrooke,0.1,oracle_worst,fake_kyiv,1,False,0.21111000000000002,0.23325499999999996,0.23512166666666665,0.2326507142857143,5600.0,0.1203957142857143,2600.0
vqe_10,vqe,10,fake_sherbrooke,0.25,oracle_best,fake_marrakesh,1,False,0.21111000000000002,0.08600499999999998,0.08655499999999998,0.1360971052631578,3800.0,0.0,0.0
vqe_10,vqe,10,fake_sherbrooke,0.25,oracle_nonworse,fake_fez;fake_marrakesh;fake_torino,3,False,0.21111000000000002,0.14137333333333332,0.14144333333333334,0.16782853700342804,4316.666666666667,0.03173143174027024,516.666666666667
vqe_10,vqe,10,fake_sherbrooke,0.25,random,fake_fez;fake_kyiv;fake_marrakesh;fake_torino,4,False,0.21111000000000002,0.16434374999999998,0.16486291666666666,0.18429329791386131,4400.0,0.04819619265070352,600.0
vqe_10,vqe,10,fake_sherbrooke,0.25,oracle_worst,fake_kyiv,1,False,0.21111000000000002,0.23325499999999996,0.23512166666666665,0.2336875806451612,4650.0,0.09759047538200341,850.0
vqe_10,vqe,10,fake_sherbrooke,0.5,oracle_best,fake_marrakesh,1,False,0.21111000000000002,0.08600499999999998,0.08655499999999998,0.1572865957446808,4700.0,0.0,0.0
vqe_10,vqe,10,fake_sherbrooke,0.5,oracle_nonworse,fake_fez;fake_marrakesh;fake_torino,3,False,0.21111000000000002,0.14137333333333332,0.14144333333333334,0.1831482333589677,4516.666666666667,0.02586163761428692,-183.33333333333303
vqe_10,vqe,10,fake_sherbrooke,0.5,random,fake_fez;fake_kyiv;fake_marrakesh;fake_torino,4,False,0.21111000000000002,0.16434374999999998,0.16486291666666666,0.1941589467583562,4825.0,0.03687235101367542,125.0
vqe_10,vqe,10,fake_sherbrooke,0.5,oracle_worst,fake_kyiv,1,False,0.21111000000000002,0.23325499999999996,0.23512166666666665,0.2271910869565217,5750.0,0.06990449121184092,1050.0
vqe_10,vqe,10,fake_sherbrooke,0.75,oracle_best,fake_marrakesh,1,False,0.21111000000000002,0.08600499999999998,0.08655499999999998,0.1862433333333333,4950.0,0.0,0.0
vqe_10,vqe,10,fake_sherbrooke,0.75,oracle_nonworse,fake_fez;fake_marrakesh;fake_torino,3,False,0.21111000000000002,0.14137333333333332,0.14144333333333334,0.19706151027415628,5050.0,0.010818176940822988,100.0
vqe_10,vqe,10,fake_sherbrooke,0.75,random,fake_fez;fake_kyiv;fake_marrakesh;fake_torino,4,False,0.21111000000000002,0.16434374999999998,0.16486291666666666,0.20209571603895055,5287.5,0.015852382705617257,337.5
vqe_10,vqe,10,fake_sherbrooke,0.75,oracle_worst,fake_kyiv,1,False,0.21111000000000002,0.23325499999999996,0.23512166666666665,0.2171983333333333,6000.0,0.03095500000000001,1050.0
vqe_10,vqe,10,fake_sherbrooke,0.9,oracle_best,fake_marrakesh,1,False,0.21111000000000002,0.08600499999999998,0.08655499999999998,0.2032012621359223,5150.0,0.0,0.0
vqe_10,vqe,10,fake_sherbrooke,0.9,oracle_nonworse,fake_fez;fake_marrakesh;fake_torino,3,False,0.21111000000000002,0.14137333333333332,0.14144333333333334,0.2058174466100526,5366.666666666667,0.002616184474130312,216.66666666666697
vqe_10,vqe,10,fake_sherbrooke,0.9,random,fake_fez;fake_kyiv;fake_marrakesh;fake_torino,4,False,0.21111000000000002,0.16434374999999998,0.16486291666666666,0.2076390892310437,5487.5,0.004437827095121416,337.5
vqe_10,vqe,10,fake_sherbrooke,0.9,oracle_worst,fake_kyiv,1,False,0.21111000000000002,0.23325499999999996,0.23512166666666665,0.213104017094017,5850.0,0.0099027549580947,700.0
vqe_10,vqe,10,fake_torino,0.1,oracle_best,fake_marrakesh,1,False,0.20960999999999996,0.08600499999999998,0.08655499999999998,0.1050839130434782,3450.0,0.0,0.0
vqe_10,vqe,10,fake_torino,0.1,oracle_nonworse,fake_fez;fake_marrakesh,2,False,0.20960999999999996,0.10725499999999999,0.10688833333333334,0.11723141854705554,3700.0,0.01214750550357735,250.0
vqe_10,vqe,10,fake_torino,0.1,random,fake_fez;fake_kyiv;fake_marrakesh;fake_sherbrooke,4,False,0.20960999999999996,0.16471875,0.16575499999999999,0.1684497919138604,4537.5,0.0633658788703822,1087.5
vqe_10,vqe,10,fake_torino,0.1,oracle_worst,fake_kyiv,1,False,0.20960999999999996,0.23325499999999996,0.23512166666666665,0.2293109459459459,5550.0,0.1242270329024677,2100.0
vqe_10,vqe,10,fake_torino,0.25,oracle_best,fake_marrakesh,1,False,0.20960999999999996,0.08600499999999998,0.08655499999999998,0.1299688235294117,3400.0,0.0,0.0
vqe_10,vqe,10,fake_torino,0.25,oracle_nonworse,fake_fez;fake_marrakesh,2,False,0.20960999999999996,0.10725499999999999,0.10688833333333334,0.1380931022408963,3800.0,0.008124278711484606,400.0
vqe_10,vqe,10,fake_torino,0.25,random,fake_fez;fake_kyiv;fake_marrakesh;fake_sherbrooke,4,False,0.20960999999999996,0.16471875,0.16575499999999999,0.17890379318394017,4337.5,0.04893496965452848,937.5
vqe_10,vqe,10,fake_torino,0.25,oracle_worst,fake_kyiv,1,False,0.20960999999999996,0.23325499999999996,0.23512166666666665,0.2293761111111111,4500.0,0.0994072875816994,1100.0
vqe_10,vqe,10,fake_torino,0.5,oracle_best,fake_marrakesh,1,False,0.20960999999999996,0.08600499999999998,0.08655499999999998,0.1497095454545454,4400.0,0.0,0.0
vqe_10,vqe,10,fake_torino,0.5,oracle_nonworse,fake_fez;fake_marrakesh,2,False,0.20960999999999996,0.10725499999999999,0.10688833333333334,0.15773452547452543,4475.0,0.008024980019980033,75.0
vqe_10,vqe,10,fake_torino,0.5,random,fake_fez;fake_kyiv;fake_marrakesh;fake_sherbrooke,4,False,0.20960999999999996,0.16471875,0.16575499999999999,0.18807512889887887,4962.5,0.03836558344433347,562.5
vqe_10,vqe,10,fake_torino,0.5,oracle_worst,fake_kyiv,1,False,0.20960999999999996,0.23325499999999996,0.23512166666666665,0.2258205555555555,5400.0,0.0761110101010101,1000.0
vqe_10,vqe,10,fake_torino,0.75,oracle_best,fake_marrakesh,1,False,0.20960999999999996,0.08600499999999998,0.08655499999999998,0.1756183333333333,4800.0,0.0,0.0
vqe_10,vqe,10,fake_torino,0.75,oracle_nonworse,fake_fez;fake_marrakesh,2,False,0.20960999999999996,0.10725499999999999,0.10688833333333334,0.18046696969696963,4875.0,0.004848636363636333,75.0
vqe_10,vqe,10,fake_torino,0.75,random,fake_fez;fake_kyiv;fake_marrakesh;fake_sherbrooke,4,False,0.20960999999999996,0.16471875,0.16575499999999999,0.1982999621212121,5212.5,0.0226816287878788,412.5
vqe_10,vqe,10,fake_torino,0.75,oracle_worst,fake_kyiv,1,False,0.20960999999999996,0.23325499999999996,0.23512166666666665,0.219355909090909,5500.0,0.0437375757575757,700.0
vqe_10,vqe,10,fake_torino,0.9,oracle_best,fake_marrakesh,1,False,0.20960999999999996,0.08600499999999998,0.08655499999999998,0.185986923076923,5200.0,0.0,0.0
vqe_10,vqe,10,fake_torino,0.9,oracle_nonworse,fake_fez;fake_marrakesh,2,False,0.20960999999999996,0.10725499999999999,0.10688833333333334,0.1922169211344211,5075.0,0.006229998057498104,-125.0
vqe_10,vqe,10,fake_torino,0.9,random,fake_fez;fake_kyiv;fake_marrakesh;fake_sherbrooke,4,False,0.20960999999999996,0.16471875,0.16575499999999999,0.2025879393121498,5262.5,0.016601016235226806,62.5
vqe_10,vqe,10,fake_torino,0.9,oracle_worst,fake_kyiv,1,False,0.20960999999999996,0.23325499999999996,0.23512166666666665,0.2135342307692307,5200.0,0.027547307692307704,0.0
vqe_12,vqe,12,fake_fez,0.1,oracle_best,fake_marrakesh,1,False,0.19780999999999996,0.122245,0.12202833333333334,0.1320144029850746,3350.0,0.0,0.0
vqe_12,vqe,12,fake_fez,0.1,oracle_nonworse,fake_marrakesh,1,False,0.19780999999999996,0.122245,0.12202833333333334,0.1320144029850746,3350.0,0.0,0.0
vqe_12,vqe,12,fake_fez,0.1,random,fake_kyiv;fake_marrakesh;fake_sherbrooke;fake_torino,4,False,0.19780999999999996,0.24188624999999997,0.2410445833333333,0.23601497482153977,4712.5,0.10400057183646516,1362.5
vqe_12,vqe,12,fake_fez,0.1,oracle_worst,fake_kyiv,1,False,0.19780999999999996,0.288095,0.29076166666666664,0.2791428632478632,5850.0,0.14712846026278859,2500.0
vqe_12,vqe,12,fake_fez,0.25,oracle_best,fake_marrakesh,1,False,0.19780999999999996,0.122245,0.12202833333333334,0.1460061538461538,3250.0,0.0,0.0
vqe_12,vqe,12,fake_fez,0.25,oracle_nonworse,fake_marrakesh,1,False,0.19780999999999996,0.122245,0.12202833333333334,0.1460061538461538,3250.0,0.0,0.0
vqe_12,vqe,12,fake_fez,0.25,random,fake_kyiv;fake_marrakesh;fake_sherbrooke;fake_torino,4,False,0.19780999999999996,0.24188624999999997,0.2410445833333333,0.2329785237500945,4887.5,0.0869723699039407,1637.5
vqe_12,vqe,12,fake_fez,0.25,oracle_worst,fake_kyiv,1,False,0.19780999999999996,0.288095,0.29076166666666664,0.2716214957264957,5850.0,0.12561534188034187,2600.0
vqe_12,vqe,12,fake_fez,0.5,oracle_best,fake_marrakesh,1,False,0.19780999999999996,0.122245,0.12202833333333334,0.1532951351351351,3700.0,0.0,0.0
vqe_12,vqe,12,fake_fez,0.5,oracle_nonworse,fake_marrakesh,1,False,0.19780999999999996,0.122245,0.12202833333333334,0.1532951351351351,3700.0,0.0,0.0
vqe_12,vqe,12,fake_fez,0.5,random,fake_kyiv;fake_marrakesh;fake_sherbrooke;fake_torino,4,False,0.19780999999999996,0.24188624999999997,0.2410445833333333,0.2200143927077714,5187.5,0.0667192575726363,1487.5
vqe_12,vqe,12,fake_fez,0.5,oracle_worst,fake_kyiv,1,False,0.19780999999999996,0.288095,0.29076166666666664,0.2553024074074074,6750.0,0.1020072722722723,3050.0
vqe_12,vqe,12,fake_fez,0.75,oracle_best,fake_marrakesh,1,False,0.19780999999999996,0.122245,0.12202833333333334,0.169185641025641,3900.0,0.0,0.0
vqe_12,vqe,12,fake_fez,0.75,oracle_nonworse,fake_marrakesh,1,False,0.19780999999999996,0.122245,0.12202833333333334,0.169185641025641,3900.0,0.0,0.0
vqe_12,vqe,12,fake_fez,0.75,random,fake_kyiv;fake_marrakesh;fake_sherbrooke;fake_torino,4,False,0.19780999999999996,0.24188624999999997,0.2410445833333333,0.21328064725555768,5325.0,0.04409500622991669,1425.0
vqe_12,vqe,12,fake_fez,0.75,oracle_worst,fake_kyiv,1,False,0.19780999999999996,0.288095,0.29076166666666664,0.2366894117647058,6800.0,0.0675037707390648,2900.0
vqe_12,vqe,12,fake_fez,0.9,oracle_best,fake_marrakesh,1,False,0.19780999999999996,0.122245,0.12202833333333334,0.1716082758620689,4350.0,0.0,0.0
vqe_12,vqe,12,fake_fez,0.9,oracle_nonworse,fake_marrakesh,1,False,0.19780999999999996,0.122245,0.12202833333333334,0.1716082758620689,4350.0,0.0,0.0
vqe_12,vqe,12,fake_fez,0.9,random,fake_kyiv;fake_marrakesh;fake_sherbrooke;fake_torino,4,False,0.19780999999999996,0.24188624999999997,0.2410445833333333,0.20251378998000996,5050.0,0.03090551411794107,700.0
vqe_12,vqe,12,fake_fez,0.9,oracle_worst,fake_kyiv,1,False,0.19780999999999996,0.288095,0.29076166666666664,0.216895,6000.0,0.04528672413793111,1650.0
vqe_12,vqe,12,fake_kyiv,0.1,oracle_best,fake_marrakesh,1,False,0.288095,0.122245,0.12202833333333334,0.139838661971831,3550.0,0.0,0.0
vqe_12,vqe,12,fake_kyiv,0.1,oracle_nonworse,fake_fez;fake_marrakesh;fake_sherbrooke;fake_torino,4,False,0.288095,0.21931499999999998,0.21805249999999998,0.21489019662965203,4475.0,0.07505153465782102,925.0
vqe_12,vqe,12,fake_kyiv,0.1,random,fake_fez;fake_marrakesh;fake_sherbrooke;fake_torino,4,False,0.288095,0.21931499999999998,0.21805249999999998,0.21489019662965203,4475.0,0.07505153465782102,925.0
vqe_12,vqe,12,fake_kyiv,0.1,oracle_worst,fake_sherbrooke,1,False,0.288095,0.287995,0.28679499999999997,0.2800459433962264,5300.0,0.1402072814243954,1750.0
vqe_12,vqe,12,fake_kyiv,0.25,oracle_best,fake_marrakesh,1,False,0.288095,0.122245,0.12202833333333334,0.164630632183908,4350.0,0.0,0.0
vqe_12,vqe,12,fake_kyiv,0.25,oracle_nonworse,fake_fez;fake_marrakesh;fake_sherbrooke;fake_torino,4,False,0.288095,0.21931499999999998,0.21805249999999998,0.22478276159379726,4725.0,0.06015212940988926,375.0
vqe_12,vqe,12,fake_kyiv,0.25,random,fake_fez;fake_marrakesh;fake_sherbrooke;fake_torino,4,False,0.288095,0.21931499999999998,0.21805249999999998,0.22478276159379726,4725.0,0.06015212940988926,375.0
vqe_12,vqe,12,fake_kyiv,0.25,oracle_worst,fake_sherbrooke,1,False,0.288095,0.287995,0.28679499999999997,0.2775166216216216,5550.0,0.11288598943771361,1200.0
vqe_12,vqe,12,fake_kyiv,0.5,oracle_best,fake_marrakesh,1,False,0.288095,0.122245,0.12202833333333334,0.2044664285714285,4900.0,0.0,0.0
vqe_12,vqe,12,fake_kyiv,0.5,oracle_nonworse,fake_fez;fake_marrakesh;fake_sherbrooke;fake_torino,4,False,0.288095,0.21931499999999998,0.21805249999999998,0.24214836673130785,5287.5,0.03768193815987936,387.5
vqe_12,vqe,12,fake_kyiv,0.5,random,fake_fez;fake_marrakesh;fake_sherbrooke;fake_torino,4,False,0.288095,0.21931499999999998,0.21805249999999998,0.24214836673130785,5287.5,0.03768193815987936,387.5
vqe_12,vqe,12,fake_kyiv,0.5,oracle_worst,fake_sherbrooke,1,False,0.288095,0.287995,0.28679499999999997,0.2757269327731092,5950.0,0.07126050420168073,1050.0
vqe_12,vqe,12,fake_kyiv,0.75,oracle_best,fake_marrakesh,1,False,0.288095,0.122245,0.12202833333333334,0.2279958403361344,5950.0,0.0,0.0
vqe_12,vqe,12,fake_kyiv,0.75,oracle_nonworse,fake_fez;fake_marrakesh;fake_sherbrooke;fake_torino,4,False,0.288095,0.21931499999999998,0.21805249999999998,0.2550358337671352,5975.0,0.027039993431000775,25.0
vqe_12,vqe,12,fake_kyiv,0.75,random,fake_fez;fake_marrakesh;fake_sherbrooke;fake_torino,4,False,0.288095,0.21931499999999998,0.21805249999999998,0.2550358337671352,5975.0,0.027039993431000775,25.0
vqe_12,vqe,12,fake_kyiv,0.75,oracle_worst,fake_sherbrooke,1,False,0.288095,0.287995,0.28679499999999997,0.277395,6000.0,0.0493991596638656,50.0
vqe_12,vqe,12,fake_kyiv,0.9,oracle_best,fake_marrakesh,1,False,0.288095,0.122245,0.12202833333333334,0.2547379752066115,6050.0,0.0,0.0
vqe_12,vqe,12,fake_kyiv,0.9,oracle_nonworse,fake_fez;fake_marrakesh;fake_sherbrooke;fake_torino,4,False,0.288095,0.21931499999999998,0.21805249999999998,0.2694650632274656,6250.0,0.014727088020854096,200.0
vqe_12,vqe,12,fake_kyiv,0.9,random,fake_fez;fake_marrakesh;fake_sherbrooke;fake_torino,4,False,0.288095,0.21931499999999998,0.21805249999999998,0.2694650632274656,6250.0,0.014727088020854096,200.0
vqe_12,vqe,12,fake_kyiv,0.9,oracle_worst,fake_sherbrooke,1,False,0.288095,0.287995,0.28679499999999997,0.281880401459854,6850.0,0.02714242625324248,800.0
vqe_12,vqe,12,fake_marrakesh,0.1,oracle_best,fake_fez,1,False,0.122245,0.19780999999999996,0.1987933333333333,0.1805056790123456,4050.0,0.0,0.0
vqe_12,vqe,12,fake_marrakesh,0.1,oracle_nonworse,fake_fez,1,True,0.122245,0.19780999999999996,0.1987933333333333,0.1805056790123456,4050.0,0.0,0.0
vqe_12,vqe,12,fake_marrakesh,0.1,random,fake_fez;fake_kyiv;fake_sherbrooke;fake_torino,4,False,0.122245,0.2607775,0.26023583333333333,0.24599095686628047,5100.0,0.06548527785393488,1050.0
vqe_12,vqe,12,fake_marrakesh,0.1,oracle_worst,fake_kyiv,1,False,0.122245,0.288095,0.29076166666666664,0.2746881034482759,5800.0,0.09418242443593028,1750.0
vqe_12,vqe,12,fake_marrakesh,0.25,oracle_best,fake_fez,1,False,0.122245,0.19780999999999996,0.1987933333333333,0.1715885714285714,3500.0,0.0,0.0
vqe_12,vqe,12,fake_marrakesh,0.25,oracle_nonworse,fake_fez,1,True,0.122245,0.19780999999999996,0.1987933333333333,0.1715885714285714,3500.0,0.0,0.0
vqe_12,vqe,12,fake_marrakesh,0.25,random,fake_fez;fake_kyiv;fake_sherbrooke;fake_torino,4,False,0.122245,0.2607775,0.26023583333333333,0.23200910657325127,4912.5,0.06042053514467988,1412.5
vqe_12,vqe,12,fake_marrakesh,0.25,oracle_worst,fake_kyiv,1,False,0.122245,0.288095,0.29076166666666664,0.2611581578947368,5700.0,0.08956958646616539,2200.0
vqe_12,vqe,12,fake_marrakesh,0.5,oracle_best,fake_fez,1,False,0.122245,0.19780999999999996,0.1987933333333333,0.1625129411764705,4250.0,0.0,0.0
vqe_12,vqe,12,fake_marrakesh,0.5,oracle_nonworse,fake_fez,1,True,0.122245,0.19780999999999996,0.1987933333333333,0.1625129411764705,4250.0,0.0,0.0
vqe_12,vqe,12,fake_marrakesh,0.5,random,fake_fez;fake_kyiv;fake_sherbrooke;fake_torino,4,False,0.122245,0.2607775,0.26023583333333333,0.2159386605740487,5450.0,0.0534257193975782,1200.0
vqe_12,vqe,12,fake_marrakesh,0.5,oracle_worst,fake_kyiv,1,False,0.122245,0.288095,0.29076166666666664,0.2456624418604651,6450.0,0.0831495006839946,2200.0
vqe_12,vqe,12,fake_marrakesh,0.75,oracle_best,fake_fez,1,False,0.122245,0.19780999999999996,0.1987933333333333,0.1470332394366197,3550.0,0.0,0.0
vqe_12,vqe,12,fake_marrakesh,0.75,oracle_nonworse,fake_fez,1,True,0.122245,0.19780999999999996,0.1987933333333333,0.1470332394366197,3550.0,0.0,0.0
vqe_12,vqe,12,fake_marrakesh,0.75,random,fake_fez;fake_kyiv;fake_sherbrooke;fake_torino,4,False,0.122245,0.2607775,0.26023583333333333,0.19260183281810217,5050.0,0.045568593381482475,1500.0
vqe_12,vqe,12,fake_marrakesh,0.75,oracle_worst,fake_kyiv,1,False,0.122245,0.288095,0.29076166666666664,0.219255,6250.0,0.07222176056338031,2700.0
vqe_12,vqe,12,fake_marrakesh,0.9,oracle_best,fake_fez,1,False,0.122245,0.19780999999999996,0.1987933333333333,0.1422107894736842,3800.0,0.0,0.0
vqe_12,vqe,12,fake_marrakesh,0.9,oracle_nonworse,fake_fez,1,True,0.122245,0.19780999999999996,0.1987933333333333,0.1422107894736842,3800.0,0.0,0.0
vqe_12,vqe,12,fake_marrakesh,0.9,random,fake_fez;fake_kyiv;fake_sherbrooke;fake_torino,4,False,0.122245,0.2607775,0.26023583333333333,0.18352761407516482,5237.5,0.04131682460148062,1437.5
vqe_12,vqe,12,fake_marrakesh,0.9,oracle_worst,fake_kyiv,1,False,0.122245,0.288095,0.29076166666666664,0.2123129104477611,6700.0,0.07010212097407689,2900.0
vqe_12,vqe,12,fake_sherbrooke,0.1,oracle_best,fake_marrakesh,1,False,0.287995,0.122245,0.12202833333333334,0.1337263253012048,4150.0,0.0,0.0
vqe_12,vqe,12,fake_sherbrooke,0.1,oracle_nonworse,fake_fez;fake_marrakesh;fake_torino,3,False,0.287995,0.19642166666666663,0.19513833333333333,0.195819333216121,4333.333333333333,0.062093007914916204,183.33333333333303
vqe_12,vqe,12,fake_sherbrooke,0.1,random,fake_fez;fake_kyiv;fake_marrakesh;fake_torino,4,False,0.287995,0.21933999999999998,0.21904416666666665,0.21760295579444366,4737.5,0.08387663049323887,587.5
vqe_12,vqe,12,fake_sherbrooke,0.1,oracle_worst,fake_kyiv,1,False,0.287995,0.288095,0.29076166666666664,0.2829538235294117,5950.0,0.14922749822820688,1800.0
vqe_12,vqe,12,fake_sherbrooke,0.25,oracle_best,fake_marrakesh,1,False,0.287995,0.122245,0.12202833333333334,0.1567197422680412,4850.0,0.0,0.0
vqe_12,vqe,12,fake_sherbrooke,0.25,oracle_nonworse,fake_fez;fake_marrakesh;fake_torino,3,False,0.287995,0.19642166666666663,0.19513833333333333,0.20985947898461207,4933.333333333333,0.05313973671657088,83.33333333333303
vqe_12,vqe,12,fake_sherbrooke,0.25,random,fake_fez;fake_kyiv;fake_marrakesh;fake_torino,4,False,0.287995,0.21933999999999998,0.21904416666666665,0.2285814739925574,5225.0,0.07186173172451621,375.0
vqe_12,vqe,12,fake_sherbrooke,0.25,oracle_worst,fake_kyiv,1,False,0.287995,0.288095,0.29076166666666664,0.2847474590163934,6100.0,0.12802771674835223,1250.0
vqe_12,vqe,12,fake_sherbrooke,0.5,oracle_best,fake_marrakesh,1,False,0.287995,0.122245,0.12202833333333334,0.1893529439252336,5350.0,0.0,0.0
vqe_12,vqe,12,fake_sherbrooke,0.5,oracle_nonworse,fake_fez;fake_marrakesh;fake_torino,3,False,0.287995,0.19642166666666663,0.19513833333333333,0.2278365595397037,5000.0,0.038483615614470085,-350.0
vqe_12,vqe,12,fake_sherbrooke,0.5,random,fake_fez;fake_kyiv;fake_marrakesh;fake_torino,4,False,0.287995,0.21933999999999998,0.21904416666666665,0.24066598446959253,5437.5,0.05131304054435892,87.5
vqe_12,vqe,12,fake_sherbrooke,0.5,oracle_worst,fake_kyiv,1,False,0.287995,0.288095,0.29076166666666664,0.2791542592592592,6750.0,0.08980131533402558,1400.0
vqe_12,vqe,12,fake_sherbrooke,0.75,oracle_best,fake_marrakesh,1,False,0.287995,0.122245,0.12202833333333334,0.2239651754385964,5700.0,0.0,0.0
vqe_12,vqe,12,fake_sherbrooke,0.75,oracle_nonworse,fake_fez;fake_marrakesh;fake_torino,3,False,0.287995,0.19642166666666663,0.19513833333333333,0.2481731227656382,5583.333333333333,0.02420794732704179,-116.66666666666697
vqe_12,vqe,12,fake_sherbrooke,0.75,random,fake_fez;fake_kyiv;fake_marrakesh;fake_torino,4,False,0.287995,0.21933999999999998,0.21904416666666665,0.255472444533245,5712.5,0.03150726909464863,12.5
vqe_12,vqe,12,fake_sherbrooke,0.75,oracle_worst,fake_kyiv,1,False,0.287995,0.288095,0.29076166666666664,0.2773704098360655,6100.0,0.05340523439746908,400.0
vqe_12,vqe,12,fake_sherbrooke,0.9,oracle_best,fake_marrakesh,1,False,0.287995,0.122245,0.12202833333333334,0.2352091803278688,6100.0,0.0,0.0
vqe_12,vqe,12,fake_sherbrooke,0.9,oracle_nonworse,fake_fez;fake_marrakesh;fake_torino,3,False,0.287995,0.19642166666666663,0.19513833333333333,0.2579988414348822,5750.0,0.022789661107013415,-350.0
vqe_12,vqe,12,fake_sherbrooke,0.9,random,fake_fez;fake_kyiv;fake_marrakesh;fake_torino,4,False,0.287995,0.21933999999999998,0.21904416666666665,0.2627878417060829,5900.0,0.027578661378214075,-200.0
vqe_12,vqe,12,fake_sherbrooke,0.9,oracle_worst,fake_kyiv,1,False,0.287995,0.288095,0.29076166666666664,0.277154842519685,6350.0,0.04194566219181617,250.0
vqe_12,vqe,12,fake_torino,0.1,oracle_best,fake_marrakesh,1,False,0.26920999999999995,0.122245,0.12202833333333334,0.1426555633802816,3550.0,0.0,0.0
vqe_12,vqe,12,fake_torino,0.1,oracle_nonworse,fake_fez;fake_marrakesh,2,False,0.26920999999999995,0.1600275,0.1604108333333333,0.16854731657386168,3925.0,0.025891753193580086,375.0
vqe_12,vqe,12,fake_torino,0.1,random,fake_fez;fake_kyiv;fake_marrakesh;fake_sherbrooke,4,False,0.26920999999999995,0.22403625,0.22459458333333332,0.22507650855201738,4800.0,0.08242094517173579,1250.0
vqe_12,vqe,12,fake_torino,0.1,oracle_worst,fake_kyiv,1,False,0.26920999999999995,0.288095,0.29076166666666664,0.2805230991735537,6050.0,0.13786753579327213,2500.0
vqe_12,vqe,12,fake_torino,0.25,oracle_best,fake_marrakesh,1,False,0.26920999999999995,0.122245,0.12202833333333334,0.1718442105263157,3800.0,0.0,0.0
vqe_12,vqe,12,fake_torino,0.25,oracle_nonworse,fake_fez;fake_marrakesh,2,False,0.26920999999999995,0.1600275,0.1604108333333333,0.1908160587515299,4050.0,0.018971848225214194,250.0
vqe_12,vqe,12,fake_torino,0.25,random,fake_fez;fake_kyiv;fake_marrakesh;fake_sherbrooke,4,False,0.26920999999999995,0.22403625,0.22459458333333332,0.23447813904955572,4925.0,0.06263392852324001,1125.0
vqe_12,vqe,12,fake_torino,0.25,oracle_worst,fake_kyiv,1,False,0.26920999999999995,0.288095,0.29076166666666664,0.2780997244094488,6350.0,0.10625551388313309,2550.0
vqe_12,vqe,12,fake_torino,0.5,oracle_best,fake_marrakesh,1,False,0.26920999999999995,0.122245,0.12202833333333334,0.1946116129032258,4650.0,0.0,0.0
vqe_12,vqe,12,fake_torino,0.5,oracle_nonworse,fake_fez;fake_marrakesh,2,False,0.26920999999999995,0.1600275,0.1604108333333333,0.2058858064516129,4825.0,0.011274193548387101,175.0
vqe_12,vqe,12,fake_torino,0.5,random,fake_fez;fake_kyiv;fake_marrakesh;fake_sherbrooke,4,False,0.26920999999999995,0.22403625,0.22459458333333332,0.232204655562255,5250.0,0.03759304265902921,600.0
vqe_12,vqe,12,fake_torino,0.5,oracle_worst,fake_kyiv,1,False,0.26920999999999995,0.288095,0.29076166666666664,0.2536520093457943,5350.0,0.059040396442568505,700.0
vqe_12,vqe,12,fake_torino,0.75,oracle_best,fake_marrakesh,1,False,0.26920999999999995,0.122245,0.12202833333333334,0.2266505660377358,5300.0,0.0,0.0
vqe_12,vqe,12,fake_torino,0.75,oracle_nonworse,fake_fez;fake_marrakesh,2,False,0.26920999999999995,0.1600275,0.1604108333333333,0.23517227331013002,5225.0,0.008521707272394208,-75.0
vqe_12,vqe,12,fake_torino,0.75,random,fake_fez;fake_kyiv;fake_marrakesh;fake_sherbrooke,4,False,0.26920999999999995,0.22403625,0.22459458333333332,0.24587224453449386,5687.5,0.019221678496758043,387.5
vqe_12,vqe,12,fake_torino,0.75,oracle_worst,fake_kyiv,1,False,0.26920999999999995,0.288095,0.29076166666666664,0.2518696774193548,6200.0,0.025219111381618975,900.0
vqe_12,vqe,12,fake_torino,0.9,oracle_best,fake_marrakesh,1,False,0.26920999999999995,0.122245,0.12202833333333334,0.2357009836065573,6100.0,0.0,0.0
vqe_12,vqe,12,fake_torino,0.9,oracle_nonworse,fake_fez;fake_marrakesh,2,False,0.26920999999999995,0.1600275,0.1604108333333333,0.24646752884031564,5750.0,0.010766545233758334,-350.0
vqe_12,vqe,12,fake_torino,0.9,random,fake_fez;fake_kyiv;fake_marrakesh;fake_sherbrooke,4,False,0.26920999999999995,0.22403625,0.22459458333333332,0.25307123241446794,5687.5,0.017370248807910632,-412.5
vqe_12,vqe,12,fake_torino,0.9,oracle_worst,fake_kyiv,1,False,0.26920999999999995,0.288095,0.29076166666666664,0.2560547368421052,5700.0,0.020353753235547917,-400.0
vqe_14,vqe,14,fake_fez,0.1,oracle_best,fake_marrakesh,1,False,0.22890499999999997,0.133905,0.13462999999999994,0.1478915979381442,4850.0,0.0,0.0
vqe_14,vqe,14,fake_fez,0.1,oracle_nonworse,fake_marrakesh,1,False,0.22890499999999997,0.133905,0.13462999999999994,0.1478915979381442,4850.0,0.0,0.0
vqe_14,vqe,14,fake_fez,0.1,random,fake_kyiv;fake_marrakesh;fake_sherbrooke;fake_torino,4,False,0.22890499999999997,0.27251375,0.2727425,0.2737077391247898,7337.5,0.1258161411866456,2487.5
vqe_14,vqe,14,fake_fez,0.1,oracle_worst,fake_kyiv,1,False,0.22890499999999997,0.34101499999999996,0.33910166666666663,0.3338728735632184,8700.0,0.1859812756250742,3850.0
vqe_14,vqe,14,fake_fez,0.25,oracle_best,fake_marrakesh,1,False,0.22890499999999997,0.133905,0.13462999999999994,0.1666188888888888,5400.0,0.0,0.0
vqe_14,vqe,14,fake_fez,0.25,oracle_nonworse,fake_marrakesh,1,False,0.22890499999999997,0.133905,0.13462999999999994,0.1666188888888888,5400.0,0.0,0.0
vqe_14,vqe,14,fake_fez,0.25,random,fake_kyiv;fake_marrakesh;fake_sherbrooke;fake_torino,4,False,0.22890499999999997,0.27251375,0.2727425,0.26854423309618125,7287.5,0.10192534420729246,1887.5
vqe_14,vqe,14,fake_fez,0.25,oracle_worst,fake_kyiv,1,False,0.22890499999999997,0.34101499999999996,0.33910166666666663,0.319517619047619,8400.0,0.1528987301587302,3000.0
vqe_14,vqe,14,fake_fez,0.5,oracle_best,fake_marrakesh,1,False,0.22890499999999997,0.133905,0.13462999999999994,0.187600909090909,6050.0,0.0,0.0
vqe_14,vqe,14,fake_fez,0.5,oracle_nonworse,fake_marrakesh,1,False,0.22890499999999997,0.133905,0.13462999999999994,0.187600909090909,6050.0,0.0,0.0
vqe_14,vqe,14,fake_fez,0.5,random,fake_kyiv;fake_marrakesh;fake_sherbrooke;fake_torino,4,False,0.22890499999999997,0.27251375,0.2727425,0.26244270653289314,7675.0,0.07484179744198413,1625.0
vqe_14,vqe,14,fake_fez,0.5,oracle_worst,fake_kyiv,1,False,0.22890499999999997,0.34101499999999996,0.33910166666666663,0.3033740643274853,8550.0,0.1157731552365763,2500.0
vqe_14,vqe,14,fake_fez,0.75,oracle_best,fake_marrakesh,1,False,0.22890499999999997,0.133905,0.13462999999999994,0.2056694927536231,6900.0,0.0,0.0
vqe_14,vqe,14,fake_fez,0.75,oracle_nonworse,fake_marrakesh,1,False,0.22890499999999997,0.133905,0.13462999999999994,0.2056694927536231,6900.0,0.0,0.0
vqe_14,vqe,14,fake_fez,0.75,random,fake_kyiv;fake_marrakesh;fake_sherbrooke;fake_torino,4,False,0.22890499999999997,0.27251375,0.2727425,0.2557165697821898,7837.5,0.05004707702856673,937.5
vqe_14,vqe,14,fake_fez,0.75,oracle_worst,fake_kyiv,1,False,0.22890499999999997,0.34101499999999996,0.33910166666666663,0.2829688023952095,8350.0,0.0772993096415864,1450.0
vqe_14,vqe,14,fake_fez,0.9,oracle_best,fake_marrakesh,1,False,0.22890499999999997,0.133905,0.13462999999999994,0.2190503703703703,6750.0,0.0,0.0
vqe_14,vqe,14,fake_fez,0.9,oracle_nonworse,fake_marrakesh,1,False,0.22890499999999997,0.133905,0.13462999999999994,0.2190503703703703,6750.0,0.0,0.0
vqe_14,vqe,14,fake_fez,0.9,random,fake_kyiv;fake_marrakesh;fake_sherbrooke;fake_torino,4,False,0.22890499999999997,0.27251375,0.2727425,0.25116824982787594,7937.5,0.03211787945750563,1187.5
vqe_14,vqe,14,fake_fez,0.9,oracle_worst,fake_kyiv,1,False,0.22890499999999997,0.34101499999999996,0.33910166666666663,0.273573220338983,8850.0,0.0545228499686127,2100.0
vqe_14,vqe,14,fake_kyiv,0.1,oracle_best,fake_marrakesh,1,False,0.34101499999999996,0.133905,0.13462999999999994,0.1673880769230769,5850.0,0.0,0.0
vqe_14,vqe,14,fake_kyiv,0.1,oracle_nonworse,fake_fez;fake_marrakesh;fake_sherbrooke;fake_torino,4,False,0.34101499999999996,0.24448625,0.24540666666666663,0.26184401999144147,6950.0,0.09445594306836458,1100.0
vqe_14,vqe,14,fake_kyiv,0.1,random,fake_fez;fake_marrakesh;fake_sherbrooke;fake_torino,4,False,0.34101499999999996,0.24448625,0.24540666666666663,0.26184401999144147,6950.0,0.09445594306836458,1100.0
vqe_14,vqe,14,fake_kyiv,0.1,oracle_worst,fake_torino,1,False,0.34101499999999996,0.315295,0.31525499999999995,0.3250169108280254,7850.0,0.15762883390494853,2000.0
vqe_14,vqe,14,fake_kyiv,0.25,oracle_best,fake_marrakesh,1,False,0.34101499999999996,0.133905,0.13462999999999994,0.2068899999999999,6250.0,0.0,0.0
vqe_14,vqe,14,fake_kyiv,0.25,oracle_nonworse,fake_fez;fake_marrakesh;fake_sherbrooke;fake_torino,4,False,0.34101499999999996,0.24448625,0.24540666666666663,0.27799648016646794,7425.0,0.07110648016646803,1175.0
vqe_14,vqe,14,fake_kyiv,0.25,random,fake_fez;fake_marrakesh;fake_sherbrooke;fake_torino,4,False,0.34101499999999996,0.24448625,0.24540666666666663,0.27799648016646794,7425.0,0.07110648016646803,1175.0
vqe_14,vqe,14,fake_kyiv,0.25,oracle_worst,fake_torino,1,False,0.34101499999999996,0.315295,0.31525499999999995,0.3242896894409937,8050.0,0.11739968944099377,1800.0
vqe_14,vqe,14,fake_kyiv,0.5,oracle_best,fake_marrakesh,1,False,0.34101499999999996,0.133905,0.13462999999999994,0.2551299999999999,7500.0,0.0,0.0
vqe_14,vqe,14,fake_kyiv,0.5,oracle_nonworse,fake_fez;fake_marrakesh;fake_sherbrooke;fake_torino,4,False,0.34101499999999996,0.24448625,0.24540666666666663,0.3004421969288935,8087.5,0.0453121969288936,587.5
vqe_14,vqe,14,fake_kyiv,0.5,random,fake_fez;fake_marrakesh;fake_sherbrooke;fake_torino,4,False,0.34101499999999996,0.24448625,0.24540666666666663,0.3004421969288935,8087.5,0.0453121969288936,587.5
vqe_14,vqe,14,fake_kyiv,0.5,oracle_worst,fake_torino,1,False,0.34101499999999996,0.315295,0.31525499999999995,0.3319217065868263,8350.0,0.07679170658682638,850.0
vqe_14,vqe,14,fake_kyiv,0.75,oracle_best,fake_marrakesh,1,False,0.34101499999999996,0.133905,0.13462999999999994,0.2821561325966851,9050.0,0.0,0.0
vqe_14,vqe,14,fake_kyiv,0.75,oracle_nonworse,fake_fez;fake_marrakesh;fake_sherbrooke;fake_torino,4,False,0.34101499999999996,0.24448625,0.24540666666666663,0.3168377224513221,8812.5,0.034681589854636985,-237.5
vqe_14,vqe,14,fake_kyiv,0.75,random,fake_fez;fake_marrakesh;fake_sherbrooke;fake_torino,4,False,0.34101499999999996,0.24448625,0.24540666666666663,0.3168377224513221,8812.5,0.034681589854636985,-237.5
vqe_14,vqe,14,fake_kyiv,0.75,oracle_worst,fake_torino,1,False,0.34101499999999996,0.315295,0.31525499999999995,0.3373578571428571,8750.0,0.055201724546172004,-300.0
vqe_14,vqe,14,fake_kyiv,0.9,oracle_best,fake_marrakesh,1,False,0.34101499999999996,0.133905,0.13462999999999994,0.3093326086956521,9200.0,0.0,0.0
vqe_14,vqe,14,fake_kyiv,0.9,oracle_nonworse,fake_fez;fake_marrakesh;fake_sherbrooke;fake_torino,4,False,0.34101499999999996,0.24448625,0.24540666666666663,0.3284790829468126,8925.0,0.019146474251160506,-275.0
vqe_14,vqe,14,fake_kyiv,0.9,random,fake_fez;fake_marrakesh;fake_sherbrooke;fake_torino,4,False,0.34101499999999996,0.24448625,0.24540666666666663,0.3284790829468126,8925.0,0.019146474251160506,-275.0
vqe_14,vqe,14,fake_kyiv,0.9,oracle_worst,fake_torino,1,False,0.34101499999999996,0.315295,0.31525499999999995,0.3406064804469274,8950.0,0.03127387175127527,-250.0
vqe_14,vqe,14,fake_marrakesh,0.1,oracle_best,fake_fez,1,False,0.133905,0.22890499999999997,0.2297583333333333,0.2270775438596491,5700.0,0.0,0.0
vqe_14,vqe,14,fake_marrakesh,0.1,oracle_nonworse,fake_fez,1,True,0.133905,0.22890499999999997,0.2297583333333333,0.2270775438596491,5700.0,0.0,0.0
vqe_14,vqe,14,fake_marrakesh,0.1,random,fake_fez;fake_kyiv;fake_sherbrooke;fake_torino,4,False,0.133905,0.29626374999999994,0.2965245833333333,0.28954003761155234,7625.0,0.06246249375190324,1925.0
vqe_14,vqe,14,fake_marrakesh,0.1,oracle_worst,fake_kyiv,1,False,0.133905,0.34101499999999996,0.33910166666666663,0.3289566279069767,8600.0,0.10187908404732762,2900.0
vqe_14,vqe,14,fake_marrakesh,0.25,oracle_best,fake_fez,1,False,0.133905,0.22890499999999997,0.2297583333333333,0.2162074999999999,6400.0,0.0,0.0
vqe_14,vqe,14,fake_marrakesh,0.25,oracle_nonworse,fake_fez,1,True,0.133905,0.22890499999999997,0.2297583333333333,0.2162074999999999,6400.0,0.0,0.0
vqe_14,vqe,14,fake_marrakesh,0.25,random,fake_fez;fake_kyiv;fake_sherbrooke;fake_torino,4,False,0.133905,0.29626374999999994,0.2965245833333333,0.2720722348241247,7500.0,0.05586473482412477,1100.0
vqe_14,vqe,14,fake_marrakesh,0.25,oracle_worst,fake_kyiv,1,False,0.133905,0.34101499999999996,0.33910166666666663,0.3082419018404908,8150.0,0.09203440184049086,1750.0
vqe_14,vqe,14,fake_marrakesh,0.5,oracle_best,fake_fez,1,False,0.133905,0.22890499999999997,0.2297583333333333,0.1983651459854014,6850.0,0.0,0.0
vqe_14,vqe,14,fake_marrakesh,0.5,oracle_nonworse,fake_fez,1,True,0.133905,0.22890499999999997,0.2297583333333333,0.1983651459854014,6850.0,0.0,0.0
vqe_14,vqe,14,fake_marrakesh,0.5,random,fake_fez;fake_kyiv;fake_sherbrooke;fake_torino,4,False,0.133905,0.29626374999999994,0.2965245833333333,0.24696371042938595,7812.5,0.048598564443984554,962.5
vqe_14,vqe,14,fake_marrakesh,0.5,oracle_worst,fake_kyiv,1,False,0.133905,0.34101499999999996,0.33910166666666663,0.2774883742331288,8150.0,0.07912322824772738,1300.0
vqe_14,vqe,14,fake_marrakesh,0.75,oracle_best,fake_fez,1,False,0.133905,0.22890499999999997,0.2297583333333333,0.1782397328244274,6550.0,0.0,0.0
vqe_14,vqe,14,fake_marrakesh,0.75,oracle_nonworse,fake_fez,1,True,0.133905,0.22890499999999997,0.2297583333333333,0.1782397328244274,6550.0,0.0,0.0
vqe_14,vqe,14,fake_marrakesh,0.75,random,fake_fez;fake_kyiv;fake_sherbrooke;fake_torino,4,False,0.133905,0.29626374999999994,0.2965245833333333,0.2257012095809343,8162.5,0.04746147675650689,1612.5
vqe_14,vqe,14,fake_marrakesh,0.75,oracle_worst,fake_kyiv,1,False,0.133905,0.34101499999999996,0.33910166666666663,0.2581358791208791,9100.0,0.0798961462964517,2550.0
vqe_14,vqe,14,fake_marrakesh,0.9,oracle_best,fake_fez,1,False,0.133905,0.22890499999999997,0.2297583333333333,0.1715453448275861,7250.0,0.0,0.0
vqe_14,vqe,14,fake_marrakesh,0.9,oracle_nonworse,fake_fez,1,True,0.133905,0.22890499999999997,0.2297583333333333,0.1715453448275861,7250.0,0.0,0.0
vqe_14,vqe,14,fake_marrakesh,0.9,random,fake_fez;fake_kyiv;fake_sherbrooke;fake_torino,4,False,0.133905,0.29626374999999994,0.2965245833333333,0.209215845093072,8150.0,0.03767050026548591,900.0
vqe_14,vqe,14,fake_marrakesh,0.9,oracle_worst,fake_kyiv,1,False,0.133905,0.34101499999999996,0.33910166666666663,0.2451947354497354,9450.0,0.07364939062214931,2200.0
vqe_14,vqe,14,fake_sherbrooke,0.1,oracle_best,fake_marrakesh,1,False,0.29983999999999994,0.133905,0.13462999999999994,0.1593362871287128,5050.0,0.0,0.0
vqe_14,vqe,14,fake_sherbrooke,0.1,oracle_nonworse,fake_fez;fake_marrakesh,2,False,0.29983999999999994,0.18140499999999998,0.1821941666666666,0.20028598707580675,5800.0,0.04094969994709394,750.0
vqe_14,vqe,14,fake_sherbrooke,0.1,random,fake_fez;fake_kyiv;fake_marrakesh;fake_torino,4,False,0.29983999999999994,0.25478,0.25468624999999995,0.26440830542874155,7062.5,0.10507201830002874,2012.5
vqe_14,vqe,14,fake_sherbrooke,0.1,oracle_worst,fake_kyiv,1,False,0.29983999999999994,0.34101499999999996,0.33910166666666663,0.3380569883040935,8550.0,0.17872070117538066,3500.0
vqe_14,vqe,14,fake_sherbrooke,0.25,oracle_best,fake_marrakesh,1,False,0.29983999999999994,0.133905,0.13462999999999994,0.194742857142857,5600.0,0.0,0.0
vqe_14,vqe,14,fake_sherbrooke,0.25,oracle_nonworse,fake_fez;fake_marrakesh,2,False,0.29983999999999994,0.18140499999999998,0.1821941666666666,0.22375873353596745,6325.0,0.029015876393110457,725.0
vqe_14,vqe,14,fake_sherbrooke,0.25,random,fake_fez;fake_kyiv;fake_marrakesh;fake_torino,4,False,0.29983999999999994,0.25478,0.25468624999999995,0.2727822542880045,7262.5,0.07803939714514752,1662.5
vqe_14,vqe,14,fake_sherbrooke,0.25,oracle_worst,fake_kyiv,1,False,0.29983999999999994,0.34101499999999996,0.33910166666666663,0.3320201169590643,8550.0,0.1372772598162073,2950.0
vqe_14,vqe,14,fake_sherbrooke,0.5,oracle_best,fake_marrakesh,1,False,0.29983999999999994,0.133905,0.13462999999999994,0.2282298581560283,7050.0,0.0,0.0
vqe_14,vqe,14,fake_sherbrooke,0.5,oracle_nonworse,fake_fez;fake_marrakesh,2,False,0.29983999999999994,0.18140499999999998,0.1821941666666666,0.24901596356077277,7150.0,0.02078610540474446,100.0
vqe_14,vqe,14,fake_sherbrooke,0.5,random,fake_fez;fake_kyiv;fake_marrakesh;fake_torino,4,False,0.29983999999999994,0.25478,0.25468624999999995,0.2828148600101664,7525.0,0.054585001854138115,475.0
vqe_14,vqe,14,fake_sherbrooke,0.5,oracle_worst,fake_kyiv,1,False,0.29983999999999994,0.34101499999999996,0.33910166666666663,0.3233797770700636,7850.0,0.09514991891403529,800.0
vqe_14,vqe,14,fake_sherbrooke,0.75,oracle_best,fake_marrakesh,1,False,0.29983999999999994,0.133905,0.13462999999999994,0.2567206134969325,8150.0,0.0,0.0
vqe_14,vqe,14,fake_sherbrooke,0.75,oracle_nonworse,fake_fez;fake_marrakesh,2,False,0.29983999999999994,0.18140499999999998,0.1821941666666666,0.27296260266683353,7750.0,0.01624198916990105,-400.0
vqe_14,vqe,14,fake_sherbrooke,0.75,random,fake_fez;fake_kyiv;fake_marrakesh;fake_torino,4,False,0.29983999999999994,0.25478,0.25468624999999995,0.2926962475662699,8137.5,0.0359756340693374,-12.5
vqe_14,vqe,14,fake_sherbrooke,0.75,oracle_worst,fake_kyiv,1,False,0.29983999999999994,0.34101499999999996,0.33910166666666663,0.3175353370786516,8900.0,0.06081472358171913,750.0
vqe_14,vqe,14,fake_sherbrooke,0.9,oracle_best,fake_marrakesh,1,False,0.29983999999999994,0.133905,0.13462999999999994,0.2761238235294117,8500.0,0.0,0.0
vqe_14,vqe,14,fake_sherbrooke,0.9,oracle_nonworse,fake_fez;fake_marrakesh,2,False,0.29983999999999994,0.18140499999999998,0.1821941666666666,0.2869991486068111,8050.0,0.010875325077399356,-450.0
vqe_14,vqe,14,fake_sherbrooke,0.9,random,fake_fez;fake_kyiv;fake_marrakesh;fake_torino,4,False,0.29983999999999994,0.25478,0.25468624999999995,0.29768660546834835,8037.5,0.021562781938936626,-462.5
vqe_14,vqe,14,fake_sherbrooke,0.9,oracle_worst,fake_kyiv,1,False,0.29983999999999994,0.34101499999999996,0.33910166666666663,0.3099372155688622,8350.0,0.033813392039450496,-150.0
vqe_14,vqe,14,fake_torino,0.1,oracle_best,fake_marrakesh,1,False,0.315295,0.133905,0.13462999999999994,0.1622216666666666,5700.0,0.0,0.0
vqe_14,vqe,14,fake_torino,0.1,oracle_nonworse,fake_fez;fake_marrakesh;fake_sherbrooke,3,False,0.315295,0.22088333333333332,0.22212388888888887,0.23765518518518514,6466.666666666667,0.07543351851851854,766.666666666667
vqe_14,vqe,14,fake_torino,0.1,random,fake_fez;fake_kyiv;fake_marrakesh;fake_sherbrooke,4,False,0.315295,0.25091624999999995,0.2513683333333333,0.2637211683006535,6975.0,0.10149950163398691,1275.0
vqe_14,vqe,14,fake_torino,0.1,oracle_worst,fake_kyiv,1,False,0.315295,0.34101499999999996,0.33910166666666663,0.3419191176470588,8500.0,0.1796974509803922,2800.0
vqe_14,vqe,14,fake_torino,0.25,oracle_best,fake_marrakesh,1,False,0.315295,0.133905,0.13462999999999994,0.1948542561983471,6050.0,0.0,0.0
vqe_14,vqe,14,fake_torino,0.25,oracle_nonworse,fake_fez;fake_marrakesh;fake_sherbrooke,3,False,0.315295,0.22088333333333332,0.22212388888888887,0.2556443748829124,6916.666666666667,0.060790118684565325,866.666666666667
vqe_14,vqe,14,fake_torino,0.25,random,fake_fez;fake_kyiv;fake_marrakesh;fake_sherbrooke,4,False,0.315295,0.25091624999999995,0.2513683333333333,0.27690345973361286,7287.5,0.08204920353526576,1237.5
vqe_14,vqe,14,fake_torino,0.25,oracle_worst,fake_kyiv,1,False,0.315295,0.34101499999999996,0.33910166666666663,0.3406807142857142,8400.0,0.14582645808736713,2350.0
vqe_14,vqe,14,fake_torino,0.5,oracle_best,fake_marrakesh,1,False,0.315295,0.133905,0.13462999999999994,0.2339175182481751,6850.0,0.0,0.0
vqe_14,vqe,14,fake_torino,0.5,oracle_nonworse,fake_fez;fake_marrakesh;fake_sherbrooke,3,False,0.315295,0.22088333333333332,0.22212388888888887,0.27411500177979903,7383.333333333333,0.04019748353162392,533.333333333333
vqe_14,vqe,14,fake_torino,0.5,random,fake_fez;fake_kyiv;fake_marrakesh;fake_sherbrooke,4,False,0.315295,0.25091624999999995,0.2513683333333333,0.28944484782607727,7675.0,0.05552732957790216,825.0
vqe_14,vqe,14,fake_torino,0.5,oracle_worst,fake_kyiv,1,False,0.315295,0.34101499999999996,0.33910166666666663,0.3354343859649122,8550.0,0.1015168677167371,1700.0
vqe_14,vqe,14,fake_torino,0.75,oracle_best,fake_marrakesh,1,False,0.315295,0.133905,0.13462999999999994,0.2628393589743589,7800.0,0.0,0.0
vqe_14,vqe,14,fake_torino,0.75,oracle_nonworse,fake_fez;fake_marrakesh;fake_sherbrooke,3,False,0.315295,0.22088333333333332,0.22212388888888887,0.2894414856711915,7933.333333333333,0.026602126696832595,133.33333333333303
vqe_14,vqe,14,fake_torino,0.75,random,fake_fez;fake_kyiv;fake_marrakesh;fake_sherbrooke,4,False,0.315295,0.25091624999999995,0.2513683333333333,0.2990342828580448,8100.0,0.03619492388368589,300.0
vqe_14,vqe,14,fake_torino,0.75,oracle_worst,fake_kyiv,1,False,0.315295,0.34101499999999996,0.33910166666666663,0.3278126744186046,8600.0,0.06497331544424573,800.0
vqe_14,vqe,14,fake_torino,0.9,oracle_best,fake_marrakesh,1,False,0.315295,0.133905,0.13462999999999994,0.2855563580246913,8100.0,0.0,0.0
vqe_14,vqe,14,fake_torino,0.9,oracle_nonworse,fake_fez;fake_marrakesh;fake_sherbrooke,3,False,0.315295,0.22088333333333332,0.22212388888888887,0.3004333870320184,8133.333333333333,0.01487702900732707,33.33333333333303
vqe_14,vqe,14,fake_torino,0.9,random,fake_fez;fake_kyiv;fake_marrakesh;fake_sherbrooke,4,False,0.315295,0.25091624999999995,0.2513683333333333,0.30725754027401375,8512.5,0.021701182249322437,412.5
vqe_14,vqe,14,fake_torino,0.9,oracle_worst,fake_kyiv,1,False,0.315295,0.34101499999999996,0.33910166666666663,0.3277299999999999,9650.0,0.042173641975308596,1550.0
vqe_4,vqe,4,fake_fez,0.1,oracle_best,fake_marrakesh,1,False,0.04305000000000002,0.03354999999999998,0.03373333333333331,0.0419047619047618,1050.0,0.0,0.0
vqe_4,vqe,4,fake_fez,0.1,oracle_nonworse,fake_marrakesh,1,False,0.04305000000000002,0.03354999999999998,0.03373333333333331,0.0419047619047618,1050.0,0.0,0.0
vqe_4,vqe,4,fake_fez,0.1,random,fake_kyiv;fake_marrakesh;fake_sherbrooke;fake_torino,4,False,0.04305000000000002,0.059175000000000005,0.05923333333333333,0.061576190476190416,1275.0,0.019671428571428617,225.0
vqe_4,vqe,4,fake_fez,0.1,oracle_worst,fake_torino,1,False,0.04305000000000002,0.07455,0.07553333333333334,0.0744,1250.0,0.032495238095238195,200.0
vqe_4,vqe,4,fake_fez,0.25,oracle_best,fake_marrakesh,1,False,0.04305000000000002,0.03354999999999998,0.03373333333333331,0.0421052631578947,950.0,0.0,0.0
vqe_4,vqe,4,fake_fez,0.25,oracle_nonworse,fake_marrakesh,1,False,0.04305000000000002,0.03354999999999998,0.03373333333333331,0.0421052631578947,950.0,0.0,0.0
vqe_4,vqe,4,fake_fez,0.25,random,fake_kyiv;fake_marrakesh;fake_sherbrooke;fake_torino,4,False,0.04305000000000002,0.059175000000000005,0.05923333333333333,0.0577383167514746,1200.0,0.0156330535935799,250.0
vqe_4,vqe,4,fake_fez,0.25,oracle_worst,fake_torino,1,False,0.04305000000000002,0.07455,0.07553333333333334,0.0692857142857142,1400.0,0.0271804511278195,450.0
vqe_4,vqe,4,fake_fez,0.5,oracle_best,fake_marrakesh,1,False,0.04305000000000002,0.03354999999999998,0.03373333333333331,0.0383333333333333,1200.0,0.0,0.0
vqe_4,vqe,4,fake_fez,0.5,oracle_nonworse,fake_marrakesh,1,False,0.04305000000000002,0.03354999999999998,0.03373333333333331,0.0383333333333333,1200.0,0.0,0.0
vqe_4,vqe,4,fake_fez,0.5,random,fake_kyiv;fake_marrakesh;fake_sherbrooke;fake_torino,4,False,0.04305000000000002,0.059175000000000005,0.05923333333333333,0.05018939393939393,1337.5,0.011856060606060627,137.5
vqe_4,vqe,4,fake_fez,0.5,oracle_worst,fake_torino,1,False,0.04305000000000002,0.07455,0.07553333333333334,0.0624242424242424,1650.0,0.0240909090909091,450.0
vqe_4,vqe,4,fake_fez,0.75,oracle_best,fake_marrakesh,1,False,0.04305000000000002,0.03354999999999998,0.03373333333333331,0.04,1350.0,0.0,0.0
vqe_4,vqe,4,fake_fez,0.75,oracle_nonworse,fake_marrakesh,1,False,0.04305000000000002,0.03354999999999998,0.03373333333333331,0.04,1350.0,0.0,0.0
vqe_4,vqe,4,fake_fez,0.75,random,fake_kyiv;fake_marrakesh;fake_sherbrooke;fake_torino,4,False,0.04305000000000002,0.059175000000000005,0.05923333333333333,0.047990716180371325,1375.0,0.007990716180371324,25.0
vqe_4,vqe,4,fake_fez,0.75,oracle_worst,fake_torino,1,False,0.04305000000000002,0.07455,0.07553333333333334,0.0523076923076922,1300.0,0.0123076923076922,-50.0
vqe_4,vqe,4,fake_fez,0.9,oracle_best,fake_marrakesh,1,False,0.04305000000000002,0.03354999999999998,0.03373333333333331,0.0333333333333333,900.0,0.0,0.0
vqe_4,vqe,4,fake_fez,0.9,oracle_nonworse,fake_marrakesh,1,False,0.04305000000000002,0.03354999999999998,0.03373333333333331,0.0333333333333333,900.0,0.0,0.0
vqe_4,vqe,4,fake_fez,0.9,random,fake_kyiv;fake_marrakesh;fake_sherbrooke;fake_torino,4,False,0.04305000000000002,0.059175000000000005,0.05923333333333333,0.04478412356321833,1362.5,0.01145079022988503,462.5
vqe_4,vqe,4,fake_fez,0.9,oracle_worst,fake_torino,1,False,0.04305000000000002,0.07455,0.07553333333333334,0.0503448275862068,1450.0,0.017011494252873502,550.0
vqe_4,vqe,4,fake_kyiv,0.1,oracle_best,fake_marrakesh,1,False,0.07025000000000002,0.03354999999999998,0.03373333333333331,0.0487999999999999,1250.0,0.0,0.0
vqe_4,vqe,4,fake_kyiv,0.1,oracle_nonworse,fake_fez;fake_marrakesh;fake_sherbrooke,3,False,0.07025000000000002,0.04498333333333334,0.04452222222222221,0.05206913580246907,1183.3333333333333,0.003269135802469174,-66.66666666666674
vqe_4,vqe,4,fake_kyiv,0.1,random,fake_fez;fake_marrakesh;fake_sherbrooke;fake_torino,4,False,0.07025000000000002,0.052375000000000005,0.052274999999999995,0.0588595441595441,1212.5,0.010059544159544201,-37.5
vqe_4,vqe,4,fake_kyiv,0.1,oracle_worst,fake_torino,1,False,0.07025000000000002,0.07455,0.07553333333333334,0.0792307692307692,1300.0,0.030430769230769303,50.0
vqe_4,vqe,4,fake_kyiv,0.25,oracle_best,fake_marrakesh,1,False,0.07025000000000002,0.03354999999999998,0.03373333333333331,0.05,1300.0,0.0,0.0
vqe_4,vqe,4,fake_kyiv,0.25,oracle_nonworse,fake_fez;fake_marrakesh;fake_sherbrooke,3,False,0.07025000000000002,0.04498333333333334,0.04452222222222221,0.0527272727272727,1166.6666666666667,0.0027272727272726963,-133.33333333333326
vqe_4,vqe,4,fake_kyiv,0.25,random,fake_fez;fake_marrakesh;fake_sherbrooke;fake_torino,4,False,0.07025000000000002,0.052375000000000005,0.052274999999999995,0.05874545454545452,1187.5,0.008745454545454515,-112.5
vqe_4,vqe,4,fake_kyiv,0.25,oracle_worst,fake_torino,1,False,0.07025000000000002,0.07455,0.07553333333333334,0.0768,1250.0,0.02679999999999999,-50.0
vqe_4,vqe,4,fake_kyiv,0.5,oracle_best,fake_marrakesh,1,False,0.07025000000000002,0.03354999999999998,0.03373333333333331,0.057037037037037,1350.0,0.0,0.0
vqe_4,vqe,4,fake_kyiv,0.5,oracle_nonworse,fake_fez;fake_marrakesh;fake_sherbrooke,3,False,0.07025000000000002,0.04498333333333334,0.04452222222222221,0.05700527229262856,1366.6666666666667,-3.17647444084343e-05,16.666666666666742
vqe_4,vqe,4,fake_kyiv,0.5,random,fake_fez;fake_marrakesh;fake_sherbrooke;fake_torino,4,False,0.07025000000000002,0.052375000000000005,0.052274999999999995,0.06051257490912658,1387.5,0.003475537872089582,37.5
vqe_4,vqe,4,fake_kyiv,0.5,oracle_worst,fake_torino,1,False,0.07025000000000002,0.07455,0.07553333333333334,0.0710344827586206,1450.0,0.01399744572158361,100.0
vqe_4,vqe,4,fake_kyiv,0.75,oracle_best,fake_marrakesh,1,False,0.07025000000000002,0.03354999999999998,0.03373333333333331,0.0689655172413793,1450.0,0.0,0.0
vqe_4,vqe,4,fake_kyiv,0.75,oracle_nonworse,fake_fez;fake_marrakesh;fake_sherbrooke,3,False,0.07025000000000002,0.04498333333333334,0.04452222222222221,0.0667385057471264,1550.0,-0.0022270114942528896,100.0
vqe_4,vqe,4,fake_kyiv,0.75,random,fake_fez;fake_marrakesh;fake_sherbrooke;fake_torino,4,False,0.07025000000000002,0.052375000000000005,0.052274999999999995,0.06880387931034478,1612.5,-0.0001616379310345195,162.5
vqe_4,vqe,4,fake_kyiv,0.75,oracle_worst,fake_torino,1,False,0.07025000000000002,0.07455,0.07553333333333334,0.0749999999999999,1800.0,0.006034482758620605,350.0
vqe_4,vqe,4,fake_kyiv,0.9,oracle_best,fake_marrakesh,1,False,0.07025000000000002,0.03354999999999998,0.03373333333333331,0.0688888888888888,1350.0,0.0,0.0
vqe_4,vqe,4,fake_kyiv,0.9,oracle_nonworse,fake_fez;fake_marrakesh;fake_sherbrooke,3,False,0.07025000000000002,0.04498333333333334,0.04452222222222221,0.06652142338416843,1466.6666666666667,-0.0023674655047203758,116.66666666666674
vqe_4,vqe,4,fake_kyiv,0.9,random,fake_fez;fake_marrakesh;fake_sherbrooke;fake_torino,4,False,0.07025000000000002,0.052375000000000005,0.052274999999999995,0.06822440087145965,1437.5,-0.0006644880174291601,87.5
vqe_4,vqe,4,fake_kyiv,0.9,oracle_worst,fake_torino,1,False,0.07025000000000002,0.07455,0.07553333333333334,0.0733333333333333,1350.0,0.004444444444444501,0.0
vqe_4,vqe,4,fake_marrakesh,0.1,oracle_best,fake_fez,1,False,0.03354999999999998,0.04305000000000002,0.042366666666666664,0.0347368421052631,950.0,0.0,0.0
vqe_4,vqe,4,fake_marrakesh,0.1,oracle_nonworse,fake_fez,1,True,0.03354999999999998,0.04305000000000002,0.042366666666666664,0.0347368421052631,950.0,0.0,0.0
vqe_4,vqe,4,fake_marrakesh,0.1,random,fake_fez;fake_kyiv;fake_sherbrooke;fake_torino,4,False,0.03354999999999998,0.061550000000000014,0.06139166666666667,0.060633812648331654,1287.5,0.025896970543068554,337.5
vqe_4,vqe,4,fake_marrakesh,0.1,oracle_worst,fake_torino,1,False,0.03354999999999998,0.07455,0.07553333333333334,0.0753846153846153,1300.0,0.0406477732793522,350.0
vqe_4,vqe,4,fake_marrakesh,0.25,oracle_best,fake_fez,1,False,0.03354999999999998,0.04305000000000002,0.042366666666666664,0.0354545454545454,1100.0,0.0,0.0
vqe_4,vqe,4,fake_marrakesh,0.25,oracle_nonworse,fake_fez,1,True,0.03354999999999998,0.04305000000000002,0.042366666666666664,0.0354545454545454,1100.0,0.0,0.0
vqe_4,vqe,4,fake_marrakesh,0.25,random,fake_fez;fake_kyiv;fake_sherbrooke;fake_torino,4,False,0.03354999999999998,0.061550000000000014,0.06139166666666667,0.05893752798925207,1262.5,0.023482982534706674,162.5
vqe_4,vqe,4,fake_marrakesh,0.25,oracle_worst,fake_torino,1,False,0.03354999999999998,0.07455,0.07553333333333334,0.0717241379310344,1450.0,0.036269592476489,350.0
vqe_4,vqe,4,fake_marrakesh,0.5,oracle_best,fake_fez,1,False,0.03354999999999998,0.04305000000000002,0.042366666666666664,0.04,1050.0,0.0,0.0
vqe_4,vqe,4,fake_marrakesh,0.5,oracle_nonworse,fake_fez,1,True,0.03354999999999998,0.04305000000000002,0.042366666666666664,0.04,1050.0,0.0,0.0
vqe_4,vqe,4,fake_marrakesh,0.5,random,fake_fez;fake_kyiv;fake_sherbrooke;fake_torino,4,False,0.03354999999999998,0.061550000000000014,0.06139166666666667,0.05716063348416288,1325.0,0.017160633484162878,275.0
vqe_4,vqe,4,fake_marrakesh,0.5,oracle_worst,fake_torino,1,False,0.03354999999999998,0.07455,0.07553333333333334,0.0694117647058823,1700.0,0.029411764705882297,650.0
vqe_4,vqe,4,fake_marrakesh,0.75,oracle_best,fake_fez,1,False,0.03354999999999998,0.04305000000000002,0.042366666666666664,0.0392,1250.0,0.0,0.0
vqe_4,vqe,4,fake_marrakesh,0.75,oracle_nonworse,fake_fez,1,True,0.03354999999999998,0.04305000000000002,0.042366666666666664,0.0392,1250.0,0.0,0.0
vqe_4,vqe,4,fake_marrakesh,0.75,random,fake_fez;fake_kyiv;fake_sherbrooke;fake_torino,4,False,0.03354999999999998,0.061550000000000014,0.06139166666666667,0.05218181818181815,1250.0,0.01298181818181815,0.0
vqe_4,vqe,4,fake_marrakesh,0.75,oracle_worst,fake_torino,1,False,0.03354999999999998,0.07455,0.07553333333333334,0.06,1400.0,0.0208,150.0
vqe_4,vqe,4,fake_marrakesh,0.9,oracle_best,fake_fez,1,False,0.03354999999999998,0.04305000000000002,0.042366666666666664,0.044,1000.0,0.0,0.0
vqe_4,vqe,4,fake_marrakesh,0.9,oracle_nonworse,fake_fez,1,True,0.03354999999999998,0.04305000000000002,0.042366666666666664,0.044,1000.0,0.0,0.0
vqe_4,vqe,4,fake_marrakesh,0.9,random,fake_fez;fake_kyiv;fake_sherbrooke;fake_torino,4,False,0.03354999999999998,0.061550000000000014,0.06139166666666667,0.0514733572281959,1287.5,0.0074733572281959,287.5
vqe_4,vqe,4,fake_marrakesh,0.9,oracle_worst,fake_torino,1,False,0.03354999999999998,0.07455,0.07553333333333334,0.0574193548387096,1550.0,0.013419354838709603,550.0
vqe_4,vqe,4,fake_sherbrooke,0.1,oracle_best,fake_marrakesh,1,False,0.058350000000000006,0.03354999999999998,0.03373333333333331,0.0481818181818182,1100.0,0.0,0.0
vqe_4,vqe,4,fake_sherbrooke,0.1,oracle_nonworse,fake_fez;fake_marrakesh,2,False,0.058350000000000006,0.0383,0.03804999999999999,0.0435645933014354,1025.0,-0.0046172248803827975,-75.0
vqe_4,vqe,4,fake_sherbrooke,0.1,random,fake_fez;fake_kyiv;fake_marrakesh;fake_torino,4,False,0.058350000000000006,0.05535000000000001,0.05545833333333333,0.06019768126610231,1150.0,0.012015863084284109,50.0
vqe_4,vqe,4,fake_sherbrooke,0.1,oracle_worst,fake_torino,1,False,0.058350000000000006,0.07455,0.07553333333333334,0.0784615384615384,1300.0,0.0302797202797202,200.0
vqe_4,vqe,4,fake_sherbrooke,0.25,oracle_best,fake_marrakesh,1,False,0.058350000000000006,0.03354999999999998,0.03373333333333331,0.0484615384615384,1300.0,0.0,0.0
vqe_4,vqe,4,fake_sherbrooke,0.25,oracle_nonworse,fake_fez;fake_marrakesh,2,False,0.058350000000000006,0.0383,0.03804999999999999,0.0442307692307692,1200.0,-0.004230769230769205,-100.0
vqe_4,vqe,4,fake_sherbrooke,0.25,random,fake_fez;fake_kyiv;fake_marrakesh;fake_torino,4,False,0.058350000000000006,0.05535000000000001,0.05545833333333333,0.05734395604395602,1175.0,0.008882417582417618,-125.0
vqe_4,vqe,4,fake_sherbrooke,0.25,oracle_worst,fake_torino,1,False,0.058350000000000006,0.07455,0.07553333333333334,0.0752,1250.0,0.0267384615384616,-50.0
vqe_4,vqe,4,fake_sherbrooke,0.5,oracle_best,fake_marrakesh,1,False,0.058350000000000006,0.03354999999999998,0.03373333333333331,0.0558620689655172,1450.0,0.0,0.0
vqe_4,vqe,4,fake_sherbrooke,0.5,oracle_nonworse,fake_fez;fake_marrakesh,2,False,0.058350000000000006,0.0383,0.03804999999999999,0.0525464190981432,1375.0,-0.003315649867374003,-75.0
vqe_4,vqe,4,fake_sherbrooke,0.5,random,fake_fez;fake_kyiv;fake_marrakesh;fake_torino,4,False,0.058350000000000006,0.05535000000000001,0.05545833333333333,0.060870910698496844,1387.5,0.005008841732979642,-62.5
vqe_4,vqe,4,fake_sherbrooke,0.5,oracle_worst,fake_torino,1,False,0.058350000000000006,0.07455,0.07553333333333334,0.0717241379310344,1450.0,0.015862068965517194,0.0
vqe_4,vqe,4,fake_sherbrooke,0.75,oracle_best,fake_marrakesh,1,False,0.058350000000000006,0.03354999999999998,0.03373333333333331,0.0593103448275862,1450.0,0.0,0.0
vqe_4,vqe,4,fake_sherbrooke,0.75,oracle_nonworse,fake_fez;fake_marrakesh,2,False,0.058350000000000006,0.0383,0.03804999999999999,0.05432183908045975,1475.0,-0.004988505747126455,25.0
vqe_4,vqe,4,fake_sherbrooke,0.75,random,fake_fez;fake_kyiv;fake_marrakesh;fake_torino,4,False,0.058350000000000006,0.05535000000000001,0.05545833333333333,0.059344099263732145,1475.0,3.37544361459427e-05,25.0
vqe_4,vqe,4,fake_sherbrooke,0.75,oracle_worst,fake_torino,1,False,0.058350000000000006,0.07455,0.07553333333333334,0.0651612903225806,1550.0,0.005850945494994396,100.0
vqe_4,vqe,4,fake_sherbrooke,0.9,oracle_best,fake_marrakesh,1,False,0.058350000000000006,0.03354999999999998,0.03373333333333331,0.0614814814814814,1350.0,0.0,0.0
vqe_4,vqe,4,fake_sherbrooke,0.9,oracle_nonworse,fake_fez;fake_marrakesh,2,False,0.058350000000000006,0.0383,0.03804999999999999,0.057303240740740655,1475.0,-0.004178240740740746,125.0
vqe_4,vqe,4,fake_sherbrooke,0.9,random,fake_fez;fake_kyiv;fake_marrakesh;fake_torino,4,False,0.058350000000000006,0.05535000000000001,0.05545833333333333,0.0615393518518518,1475.0,5.7870370370402546e-05,125.0
vqe_4,vqe,4,fake_sherbrooke,0.9,oracle_worst,fake_torino,1,False,0.058350000000000006,0.07455,0.07553333333333334,0.0659259259259259,1350.0,0.004444444444444501,0.0
vqe_4,vqe,4,fake_torino,0.1,oracle_best,fake_marrakesh,1,False,0.07455,0.03354999999999998,0.03373333333333331,0.0495652173913043,1150.0,0.0,0.0
vqe_4,vqe,4,fake_torino,0.1,oracle_nonworse,fake_fez;fake_kyiv;fake_marrakesh;fake_sherbrooke,4,False,0.07455,0.05130000000000001,0.05094166666666666,0.058243156199677876,1175.0,0.008677938808373573,25.0
vqe_4,vqe,4,fake_torino,0.1,random,fake_fez;fake_kyiv;fake_marrakesh;fake_sherbrooke,4,False,0.07455,0.05130000000000001,0.05094166666666666,0.058243156199677876,1175.0,0.008677938808373573,25.0
vqe_4,vqe,4,fake_torino,0.1,oracle_worst,fake_kyiv,1,False,0.07455,0.07025000000000002,0.07020000000000001,0.0759999999999999,1250.0,0.026434782608695598,100.0
vqe_4,vqe,4,fake_torino,0.25,oracle_best,fake_marrakesh,1,False,0.07455,0.03354999999999998,0.03373333333333331,0.0555555555555555,1350.0,0.0,0.0
vqe_4,vqe,4,fake_torino,0.25,oracle_nonworse,fake_fez;fake_kyiv;fake_marrakesh;fake_sherbrooke,4,False,0.07455,0.05130000000000001,0.05094166666666666,0.06255524833589345,1387.5,0.006999692780337949,37.5
vqe_4,vqe,4,fake_torino,0.25,random,fake_fez;fake_kyiv;fake_marrakesh;fake_sherbrooke,4,False,0.07455,0.05130000000000001,0.05094166666666666,0.06255524833589345,1387.5,0.006999692780337949,37.5
vqe_4,vqe,4,fake_torino,0.25,oracle_worst,fake_kyiv,1,False,0.07455,0.07025000000000002,0.07020000000000001,0.0771428571428571,1400.0,0.0215873015873016,50.0
vqe_4,vqe,4,fake_torino,0.5,oracle_best,fake_marrakesh,1,False,0.07455,0.03354999999999998,0.03373333333333331,0.06,1300.0,0.0,0.0
vqe_4,vqe,4,fake_torino,0.5,oracle_nonworse,fake_fez;fake_kyiv;fake_marrakesh;fake_sherbrooke,4,False,0.07455,0.05130000000000001,0.05094166666666666,0.062250549450549426,1312.5,0.0022505494505494286,12.5
vqe_4,vqe,4,fake_torino,0.5,random,fake_fez;fake_kyiv;fake_marrakesh;fake_sherbrooke,4,False,0.07455,0.05130000000000001,0.05094166666666666,0.062250549450549426,1312.5,0.0022505494505494286,12.5
vqe_4,vqe,4,fake_torino,0.5,oracle_worst,fake_kyiv,1,False,0.07455,0.07025000000000002,0.07020000000000001,0.0692307692307692,1300.0,0.009230769230769209,0.0
vqe_4,vqe,4,fake_torino,0.75,oracle_best,fake_marrakesh,1,False,0.07455,0.03354999999999998,0.03373333333333331,0.0688888888888888,1350.0,0.0,0.0
vqe_4,vqe,4,fake_torino,0.75,oracle_nonworse,fake_fez;fake_kyiv;fake_marrakesh;fake_sherbrooke,4,False,0.07455,0.05130000000000001,0.05094166666666666,0.0678904249871991,1375.0,-0.0009984639016897001,25.0
vqe_4,vqe,4,fake_torino,0.75,random,fake_fez;fake_kyiv;fake_marrakesh;fake_sherbrooke,4,False,0.07455,0.05130000000000001,0.05094166666666666,0.0678904249871991,1375.0,-0.0009984639016897001,25.0
vqe_4,vqe,4,fake_torino,0.75,oracle_worst,fake_kyiv,1,False,0.07455,0.07025000000000002,0.07020000000000001,0.0716129032258064,1550.0,0.0027240143369176018,200.0
vqe_4,vqe,4,fake_torino,0.9,oracle_best,fake_marrakesh,1,False,0.07455,0.03354999999999998,0.03373333333333331,0.0713333333333333,1500.0,0.0,0.0
vqe_4,vqe,4,fake_torino,0.9,oracle_nonworse,fake_fez;fake_kyiv;fake_marrakesh;fake_sherbrooke,4,False,0.07455,0.05130000000000001,0.05094166666666666,0.07038235294117642,1525.0,-0.0009509803921568805,25.0
vqe_4,vqe,4,fake_torino,0.9,random,fake_fez;fake_kyiv;fake_marrakesh;fake_sherbrooke,4,False,0.07455,0.05130000000000001,0.05094166666666666,0.07038235294117642,1525.0,-0.0009509803921568805,25.0
vqe_4,vqe,4,fake_torino,0.9,oracle_worst,fake_kyiv,1,False,0.07455,0.07025000000000002,0.07020000000000001,0.0735294117647058,1700.0,0.0021960784313724974,200.0
vqe_6,vqe,6,fake_fez,0.1,oracle_best,fake_marrakesh,1,False,0.07130000000000002,0.06269999999999999,0.0625,0.0655172413793103,1450.0,0.0,0.0
vqe_6,vqe,6,fake_fez,0.1,oracle_nonworse,fake_marrakesh,1,False,0.07130000000000002,0.06269999999999999,0.0625,0.0655172413793103,1450.0,0.0,0.0
vqe_6,vqe,6,fake_fez,0.1,random,fake_kyiv;fake_marrakesh;fake_sherbrooke;fake_torino,4,False,0.07130000000000002,0.12510000000000002,0.12529166666666666,0.12452179810916403,1887.5,0.05900455672985373,437.5
vqe_6,vqe,6,fake_fez,0.1,oracle_worst,fake_sherbrooke,1,False,0.07130000000000002,0.16469999999999999,0.16293333333333335,0.1507692307692307,1950.0,0.08525198938992042,500.0
vqe_6,vqe,6,fake_fez,0.25,oracle_best,fake_marrakesh,1,False,0.07130000000000002,0.06269999999999999,0.0625,0.0671428571428571,1400.0,0.0,0.0
vqe_6,vqe,6,fake_fez,0.25,oracle_nonworse,fake_marrakesh,1,False,0.07130000000000002,0.06269999999999999,0.0625,0.0671428571428571,1400.0,0.0,0.0
vqe_6,vqe,6,fake_fez,0.25,random,fake_kyiv;fake_marrakesh;fake_sherbrooke;fake_torino,4,False,0.07130000000000002,0.12510000000000002,0.12529166666666666,0.11467409221213565,1912.5,0.047531235069278546,512.5
vqe_6,vqe,6,fake_fez,0.25,oracle_worst,fake_sherbrooke,1,False,0.07130000000000002,0.16469999999999999,0.16293333333333335,0.1369230769230769,1950.0,0.0697802197802198,550.0
vqe_6,vqe,6,fake_fez,0.5,oracle_best,fake_marrakesh,1,False,0.07130000000000002,0.06269999999999999,0.0625,0.0727999999999999,1250.0,0.0,0.0
vqe_6,vqe,6,fake_fez,0.5,oracle_nonworse,fake_marrakesh,1,False,0.07130000000000002,0.06269999999999999,0.0625,0.0727999999999999,1250.0,0.0,0.0
vqe_6,vqe,6,fake_fez,0.5,random,fake_kyiv;fake_marrakesh;fake_sherbrooke;fake_torino,4,False,0.07130000000000002,0.12510000000000002,0.12529166666666666,0.10943106060606057,2150.0,0.03663106060606067,900.0
vqe_6,vqe,6,fake_fez,0.5,oracle_worst,fake_sherbrooke,1,False,0.07130000000000002,0.16469999999999999,0.16293333333333335,0.1258333333333333,2400.0,0.05303333333333339,1150.0
vqe_6,vqe,6,fake_fez,0.75,oracle_best,fake_marrakesh,1,False,0.07130000000000002,0.06269999999999999,0.0625,0.0733333333333333,1650.0,0.0,0.0
vqe_6,vqe,6,fake_fez,0.75,oracle_nonworse,fake_marrakesh,1,False,0.07130000000000002,0.06269999999999999,0.0625,0.0733333333333333,1650.0,0.0,0.0
vqe_6,vqe,6,fake_fez,0.75,random,fake_kyiv;fake_marrakesh;fake_sherbrooke;fake_torino,4,False,0.07130000000000002,0.12510000000000002,0.12529166666666666,0.10233806375315803,2400.0,0.029004730419824723,750.0
vqe_6,vqe,6,fake_fez,0.75,oracle_worst,fake_sherbrooke,1,False,0.07130000000000002,0.16469999999999999,0.16293333333333335,0.1188679245283018,2650.0,0.0455345911949685,1000.0
vqe_6,vqe,6,fake_fez,0.9,oracle_best,fake_marrakesh,1,False,0.07130000000000002,0.06269999999999999,0.0625,0.0756756756756756,1850.0,0.0,0.0
vqe_6,vqe,6,fake_fez,0.9,oracle_nonworse,fake_marrakesh,1,False,0.07130000000000002,0.06269999999999999,0.0625,0.0756756756756756,1850.0,0.0,0.0
vqe_6,vqe,6,fake_fez,0.9,random,fake_kyiv;fake_marrakesh;fake_sherbrooke;fake_torino,4,False,0.07130000000000002,0.12510000000000002,0.12529166666666666,0.09861439914490755,2575.0,0.022938723469231953,725.0
vqe_6,vqe,6,fake_fez,0.9,oracle_worst,fake_sherbrooke,1,False,0.07130000000000002,0.16469999999999999,0.16293333333333335,0.1149152542372881,2950.0,0.039239578561612504,1100.0
vqe_6,vqe,6,fake_kyiv,0.1,oracle_best,fake_marrakesh,1,False,0.1263,0.06269999999999999,0.0625,0.0699999999999999,1700.0,0.0,0.0
vqe_6,vqe,6,fake_kyiv,0.1,oracle_nonworse,fake_fez;fake_marrakesh,2,False,0.1263,0.067,0.06683333333333334,0.0769444444444444,1750.0,0.006944444444444503,50.0
vqe_6,vqe,6,fake_kyiv,0.1,random,fake_fez;fake_marrakesh;fake_sherbrooke;fake_torino,4,False,0.1263,0.11135,0.11129166666666668,0.1167972222222222,2000.0,0.04679722222222231,300.0
vqe_6,vqe,6,fake_kyiv,0.1,oracle_worst,fake_sherbrooke,1,False,0.1263,0.16469999999999999,0.16293333333333335,0.1545,2000.0,0.0845000000000001,300.0
vqe_6,vqe,6,fake_kyiv,0.25,oracle_best,fake_marrakesh,1,False,0.1263,0.06269999999999999,0.0625,0.0811111111111111,1800.0,0.0,0.0
vqe_6,vqe,6,fake_kyiv,0.25,oracle_nonworse,fake_fez;fake_marrakesh,2,False,0.1263,0.067,0.06683333333333334,0.0854204204204204,1825.0,0.004309309309309298,25.0
vqe_6,vqe,6,fake_kyiv,0.25,random,fake_fez;fake_marrakesh;fake_sherbrooke;fake_torino,4,False,0.1263,0.11135,0.11129166666666668,0.1191197846782953,1950.0,0.038008673567184195,150.0
vqe_6,vqe,6,fake_kyiv,0.25,oracle_worst,fake_sherbrooke,1,False,0.1263,0.16469999999999999,0.16293333333333335,0.155,1800.0,0.07388888888888889,0.0
vqe_6,vqe,6,fake_kyiv,0.5,oracle_best,fake_marrakesh,1,False,0.1263,0.06269999999999999,0.0625,0.0981395348837209,2150.0,0.0,0.0
vqe_6,vqe,6,fake_kyiv,0.5,oracle_nonworse,fake_fez;fake_marrakesh,2,False,0.1263,0.067,0.06683333333333334,0.101633870005963,2050.0,0.0034943351222420926,-100.0
vqe_6,vqe,6,fake_kyiv,0.5,random,fake_fez;fake_marrakesh;fake_sherbrooke;fake_torino,4,False,0.1263,0.11135,0.11129166666666668,0.12441179315900984,2212.5,0.026272258275288937,62.5
vqe_6,vqe,6,fake_kyiv,0.5,oracle_worst,fake_sherbrooke,1,False,0.1263,0.16469999999999999,0.16293333333333335,0.1502127659574468,2350.0,0.052073231073725884,200.0
vqe_6,vqe,6,fake_kyiv,0.75,oracle_best,fake_marrakesh,1,False,0.1263,0.06269999999999999,0.0625,0.1070833333333333,2400.0,0.0,0.0
vqe_6,vqe,6,fake_kyiv,0.75,oracle_nonworse,fake_fez;fake_marrakesh,2,False,0.1263,0.067,0.06683333333333334,0.10762329931972785,2425.0,0.0005399659863945527,25.0
vqe_6,vqe,6,fake_kyiv,0.75,random,fake_fez;fake_marrakesh;fake_sherbrooke;fake_torino,4,False,0.1263,0.11135,0.11129166666666668,0.12034088942594576,2250.0,0.013257556092612463,-150.0
vqe_6,vqe,6,fake_kyiv,0.75,oracle_worst,fake_sherbrooke,1,False,0.1263,0.16469999999999999,0.16293333333333335,0.1382222222222222,2250.0,0.031138888888888897,-150.0
vqe_6,vqe,6,fake_kyiv,0.9,oracle_best,fake_marrakesh,1,False,0.1263,0.06269999999999999,0.0625,0.1099999999999999,2700.0,0.0,0.0
vqe_6,vqe,6,fake_kyiv,0.9,oracle_nonworse,fake_fez;fake_marrakesh,2,False,0.1263,0.067,0.06683333333333334,0.11092592592592584,2700.0,0.0009259259259259411,0.0
vqe_6,vqe,6,fake_kyiv,0.9,random,fake_fez;fake_marrakesh;fake_sherbrooke;fake_torino,4,False,0.1263,0.11135,0.11129166666666668,0.12185147185489177,2525.0,0.011851471854891868,-175.0
vqe_6,vqe,6,fake_kyiv,0.9,oracle_worst,fake_sherbrooke,1,False,0.1263,0.16469999999999999,0.16293333333333335,0.1376470588235294,2550.0,0.027647058823529497,-150.0
vqe_6,vqe,6,fake_marrakesh,0.1,oracle_best,fake_fez,1,False,0.06269999999999999,0.07130000000000002,0.07116666666666668,0.0712820512820512,1950.0,0.0,0.0
vqe_6,vqe,6,fake_marrakesh,0.1,oracle_nonworse,fake_fez,1,True,0.06269999999999999,0.07130000000000002,0.07116666666666668,0.0712820512820512,1950.0,0.0,0.0
vqe_6,vqe,6,fake_marrakesh,0.1,random,fake_fez;fake_kyiv;fake_sherbrooke;fake_torino,4,False,0.06269999999999999,0.12725,0.12745833333333334,0.12562254631333575,1975.0,0.05434049503128455,25.0
vqe_6,vqe,6,fake_marrakesh,0.1,oracle_worst,fake_sherbrooke,1,False,0.06269999999999999,0.16469999999999999,0.16293333333333335,0.1505263157894737,1900.0,0.0792442645074225,-50.0
vqe_6,vqe,6,fake_marrakesh,0.25,oracle_best,fake_fez,1,False,0.06269999999999999,0.07130000000000002,0.07116666666666668,0.0709677419354838,1550.0,0.0,0.0
vqe_6,vqe,6,fake_marrakesh,0.25,oracle_nonworse,fake_fez,1,True,0.06269999999999999,0.07130000000000002,0.07116666666666668,0.0709677419354838,1550.0,0.0,0.0
vqe_6,vqe,6,fake_marrakesh,0.25,random,fake_fez;fake_kyiv;fake_sherbrooke;fake_torino,4,False,0.06269999999999999,0.12725,0.12745833333333334,0.11932295040331913,1862.5,0.04835520846783532,312.5
vqe_6,vqe,6,fake_marrakesh,0.25,oracle_worst,fake_sherbrooke,1,False,0.06269999999999999,0.16469999999999999,0.16293333333333335,0.1436842105263157,1900.0,0.07271646859083189,350.0
vqe_6,vqe,6,fake_marrakesh,0.5,oracle_best,fake_fez,1,False,0.06269999999999999,0.07130000000000002,0.07116666666666668,0.0639999999999999,1250.0,0.0,0.0
vqe_6,vqe,6,fake_marrakesh,0.5,oracle_nonworse,fake_fez,1,True,0.06269999999999999,0.07130000000000002,0.07116666666666668,0.0639999999999999,1250.0,0.0,0.0
vqe_6,vqe,6,fake_marrakesh,0.5,random,fake_fez;fake_kyiv;fake_sherbrooke;fake_torino,4,False,0.06269999999999999,0.12725,0.12745833333333334,0.10859566596194498,2025.0,0.04459566596194507,775.0
vqe_6,vqe,6,fake_marrakesh,0.5,oracle_worst,fake_sherbrooke,1,False,0.06269999999999999,0.16469999999999999,0.16293333333333335,0.1288372093023255,2150.0,0.0648372093023256,900.0
vqe_6,vqe,6,fake_marrakesh,0.75,oracle_best,fake_fez,1,False,0.06269999999999999,0.07130000000000002,0.07116666666666668,0.0674074074074073,1350.0,0.0,0.0
vqe_6,vqe,6,fake_marrakesh,0.75,oracle_nonworse,fake_fez,1,True,0.06269999999999999,0.07130000000000002,0.07116666666666668,0.0674074074074073,1350.0,0.0,0.0
vqe_6,vqe,6,fake_marrakesh,0.75,random,fake_fez;fake_kyiv;fake_sherbrooke;fake_torino,4,False,0.06269999999999999,0.12725,0.12745833333333334,0.10493762025012018,2187.5,0.03753021284271288,837.5
vqe_6,vqe,6,fake_marrakesh,0.75,oracle_worst,fake_sherbrooke,1,False,0.06269999999999999,0.16469999999999999,0.16293333333333335,0.1220833333333333,2400.0,0.05467592592592599,1050.0
vqe_6,vqe,6,fake_marrakesh,0.9,oracle_best,fake_fez,1,False,0.06269999999999999,0.07130000000000002,0.07116666666666668,0.0664516129032257,1550.0,0.0,0.0
vqe_6,vqe,6,fake_marrakesh,0.9,oracle_nonworse,fake_fez,1,True,0.06269999999999999,0.07130000000000002,0.07116666666666668,0.0664516129032257,1550.0,0.0,0.0
vqe_6,vqe,6,fake_marrakesh,0.9,random,fake_fez;fake_kyiv;fake_sherbrooke;fake_torino,4,False,0.06269999999999999,0.12725,0.12745833333333334,0.10148149296939614,2387.5,0.035029880066170443,837.5
vqe_6,vqe,6,fake_marrakesh,0.9,oracle_worst,fake_sherbrooke,1,False,0.06269999999999999,0.16469999999999999,0.16293333333333335,0.1173076923076923,2600.0,0.0508560794044666,1050.0
vqe_6,vqe,6,fake_sherbrooke,0.1,oracle_best,fake_marrakesh,1,False,0.16469999999999999,0.06269999999999999,0.0625,0.0709090909090909,1650.0,0.0,0.0
vqe_6,vqe,6,fake_sherbrooke,0.1,oracle_nonworse,fake_fez;fake_kyiv;fake_marrakesh;fake_torino,4,False,0.16469999999999999,0.10175000000000001,0.10235,0.11383984678915553,1775.0,0.04293075588006463,125.0
vqe_6,vqe,6,fake_sherbrooke,0.1,random,fake_fez;fake_kyiv;fake_marrakesh;fake_torino,4,False,0.16469999999999999,0.10175000000000001,0.10235,0.11383984678915553,1775.0,0.04293075588006463,125.0
vqe_6,vqe,6,fake_sherbrooke,0.1,oracle_worst,fake_torino,1,False,0.16469999999999999,0.14670000000000002,0.14856666666666665,0.1612244897959183,2450.0,0.09031539888682741,800.0
vqe_6,vqe,6,fake_sherbrooke,0.25,oracle_best,fake_marrakesh,1,False,0.16469999999999999,0.06269999999999999,0.0625,0.0859999999999999,2000.0,0.0,0.0
vqe_6,vqe,6,fake_sherbrooke,0.25,oracle_nonworse,fake_fez;fake_kyiv;fake_marrakesh;fake_torino,4,False,0.16469999999999999,0.10175000000000001,0.10235,0.12154629890233601,2087.5,0.03554629890233611,87.5
vqe_6,vqe,6,fake_sherbrooke,0.25,random,fake_fez;fake_kyiv;fake_marrakesh;fake_torino,4,False,0.16469999999999999,0.10175000000000001,0.10235,0.12154629890233601,2087.5,0.03554629890233611,87.5
vqe_6,vqe,6,fake_sherbrooke,0.25,oracle_worst,fake_torino,1,False,0.16469999999999999,0.14670000000000002,0.14856666666666665,0.1614545454545454,2750.0,0.07545454545454551,750.0
vqe_6,vqe,6,fake_sherbrooke,0.5,oracle_best,fake_marrakesh,1,False,0.16469999999999999,0.06269999999999999,0.0625,0.0995918367346938,2450.0,0.0,0.0
vqe_6,vqe,6,fake_sherbrooke,0.5,oracle_nonworse,fake_fez;fake_kyiv;fake_marrakesh;fake_torino,4,False,0.16469999999999999,0.10175000000000001,0.10235,0.12842214275616226,2237.5,0.028830306021468466,-212.5
vqe_6,vqe,6,fake_sherbrooke,0.5,random,fake_fez;fake_kyiv;fake_marrakesh;fake_torino,4,False,0.16469999999999999,0.10175000000000001,0.10235,0.12842214275616226,2237.5,0.028830306021468466,-212.5
vqe_6,vqe,6,fake_sherbrooke,0.5,oracle_worst,fake_torino,1,False,0.16469999999999999,0.14670000000000002,0.14856666666666665,0.1594999999999999,2000.0,0.0599081632653061,-450.0
vqe_6,vqe,6,fake_sherbrooke,0.75,oracle_best,fake_marrakesh,1,False,0.16469999999999999,0.06269999999999999,0.0625,0.1084210526315789,2850.0,0.0,0.0
vqe_6,vqe,6,fake_sherbrooke,0.75,oracle_nonworse,fake_fez;fake_kyiv;fake_marrakesh;fake_torino,4,False,0.16469999999999999,0.10175000000000001,0.10235,0.13408599438319116,2475.0,0.025664941751612255,-375.0
vqe_6,vqe,6,fake_sherbrooke,0.75,random,fake_fez;fake_kyiv;fake_marrakesh;fake_torino,4,False,0.16469999999999999,0.10175000000000001,0.10235,0.13408599438319116,2475.0,0.025664941751612255,-375.0
vqe_6,vqe,6,fake_sherbrooke,0.75,oracle_worst,fake_torino,1,False,0.16469999999999999,0.14670000000000002,0.14856666666666665,0.158695652173913,2300.0,0.050274599542334084,-550.0
vqe_6,vqe,6,fake_sherbrooke,0.9,oracle_best,fake_marrakesh,1,False,0.16469999999999999,0.06269999999999999,0.0625,0.1151724137931034,2900.0,0.0,0.0
vqe_6,vqe,6,fake_sherbrooke,0.9,oracle_nonworse,fake_fez;fake_kyiv;fake_marrakesh;fake_torino,4,False,0.16469999999999999,0.10175000000000001,0.10235,0.13814904036849845,2512.5,0.02297662657539505,-387.5
vqe_6,vqe,6,fake_sherbrooke,0.9,random,fake_fez;fake_kyiv;fake_marrakesh;fake_torino,4,False,0.16469999999999999,0.10175000000000001,0.10235,0.13814904036849845,2512.5,0.02297662657539505,-387.5
vqe_6,vqe,6,fake_sherbrooke,0.9,oracle_worst,fake_torino,1,False,0.16469999999999999,0.14670000000000002,0.14856666666666665,0.1575510204081632,2450.0,0.04237860661505981,-450.0
vqe_6,vqe,6,fake_torino,0.1,oracle_best,fake_marrakesh,1,False,0.14670000000000002,0.06269999999999999,0.0625,0.0706666666666666,1500.0,0.0,0.0
vqe_6,vqe,6,fake_torino,0.1,oracle_nonworse,fake_fez;fake_kyiv;fake_marrakesh,3,False,0.14670000000000002,0.08676666666666666,0.08694444444444445,0.0946805555555555,1533.3333333333333,0.024013888888888904,33.33333333333326
vqe_6,vqe,6,fake_torino,0.1,random,fake_fez;fake_kyiv;fake_marrakesh;fake_sherbrooke,4,False,0.14670000000000002,0.10624999999999998,0.10594166666666668,0.10913541666666662,1650.0,0.038468750000000024,150.0
vqe_6,vqe,6,fake_torino,0.1,oracle_worst,fake_sherbrooke,1,False,0.14670000000000002,0.16469999999999999,0.16293333333333335,0.1525,2000.0,0.0818333333333334,500.0
vqe_6,vqe,6,fake_torino,0.25,oracle_best,fake_marrakesh,1,False,0.14670000000000002,0.06269999999999999,0.0625,0.0848780487804877,2050.0,0.0,0.0
vqe_6,vqe,6,fake_torino,0.25,oracle_nonworse,fake_fez;fake_kyiv;fake_marrakesh,3,False,0.14670000000000002,0.08676666666666666,0.08694444444444445,0.1089963866305329,1783.3333333333333,0.024118337850045204,-266.66666666666674
vqe_6,vqe,6,fake_torino,0.25,random,fake_fez;fake_kyiv;fake_marrakesh;fake_sherbrooke,4,False,0.14670000000000002,0.10624999999999998,0.10594166666666668,0.12201756024316995,1800.0,0.037139511462682254,-250.0
vqe_6,vqe,6,fake_torino,0.25,oracle_worst,fake_sherbrooke,1,False,0.14670000000000002,0.16469999999999999,0.16293333333333335,0.1610810810810811,1850.0,0.0762030323005934,-200.0
vqe_6,vqe,6,fake_torino,0.5,oracle_best,fake_marrakesh,1,False,0.14670000000000002,0.06269999999999999,0.0625,0.1040816326530612,2450.0,0.0,0.0
vqe_6,vqe,6,fake_torino,0.5,oracle_nonworse,fake_fez;fake_kyiv;fake_marrakesh,3,False,0.14670000000000002,0.08676666666666666,0.08694444444444445,0.12114251021916522,2233.3333333333335,0.017060877566104027,-216.66666666666652
vqe_6,vqe,6,fake_torino,0.5,random,fake_fez;fake_kyiv;fake_marrakesh;fake_sherbrooke,4,False,0.14670000000000002,0.10624999999999998,0.10594166666666668,0.13064854933104056,2275.0,0.026566916677979363,-175.0
vqe_6,vqe,6,fake_torino,0.5,oracle_worst,fake_sherbrooke,1,False,0.14670000000000002,0.16469999999999999,0.16293333333333335,0.1591666666666666,2400.0,0.0550850340136054,-50.0
vqe_6,vqe,6,fake_torino,0.75,oracle_best,fake_marrakesh,1,False,0.14670000000000002,0.06269999999999999,0.0625,0.1176666666666666,3000.0,0.0,0.0
vqe_6,vqe,6,fake_torino,0.75,oracle_nonworse,fake_fez;fake_kyiv;fake_marrakesh,3,False,0.14670000000000002,0.08676666666666666,0.08694444444444445,0.13333569739952714,2650.0,0.015669030732860537,-350.0
vqe_6,vqe,6,fake_torino,0.75,random,fake_fez;fake_kyiv;fake_marrakesh;fake_sherbrooke,4,False,0.14670000000000002,0.10624999999999998,0.10594166666666668,0.14060177304964533,2612.5,0.02293510638297873,-387.5
vqe_6,vqe,6,fake_torino,0.75,oracle_worst,fake_sherbrooke,1,False,0.14670000000000002,0.16469999999999999,0.16293333333333335,0.1624,2500.0,0.04473333333333339,-500.0
vqe_6,vqe,6,fake_torino,0.9,oracle_best,fake_marrakesh,1,False,0.14670000000000002,0.06269999999999999,0.0625,0.1285714285714285,3150.0,0.0,0.0
vqe_6,vqe,6,fake_torino,0.9,oracle_nonworse,fake_fez;fake_kyiv;fake_marrakesh,3,False,0.14670000000000002,0.08676666666666666,0.08694444444444445,0.14014314648148987,2916.6666666666665,0.011571717910061369,-233.33333333333348
vqe_6,vqe,6,fake_torino,0.9,random,fake_fez;fake_kyiv;fake_marrakesh;fake_sherbrooke,4,False,0.14670000000000002,0.10624999999999998,0.10594166666666668,0.14565083812198695,2762.5,0.01707940955055845,-387.5
vqe_6,vqe,6,fake_torino,0.9,oracle_worst,fake_sherbrooke,1,False,0.14670000000000002,0.16469999999999999,0.16293333333333335,0.1621739130434782,2300.0,0.03360248447204969,-850.0
vqe_8,vqe,8,fake_fez,0.1,oracle_best,fake_marrakesh,1,False,0.08558499999999998,0.06589999999999997,0.06630166666666666,0.0716981132075471,2650.0,0.0,0.0
vqe_8,vqe,8,fake_fez,0.1,oracle_nonworse,fake_marrakesh,1,False,0.08558499999999998,0.06589999999999997,0.06630166666666666,0.0716981132075471,2650.0,0.0,0.0
vqe_8,vqe,8,fake_fez,0.1,random,fake_kyiv;fake_marrakesh;fake_sherbrooke;fake_torino,4,False,0.08558499999999998,0.15610875,0.15640083333333332,0.1505893010291595,3862.5,0.07889118782161239,1212.5
vqe_8,vqe,8,fake_fez,0.1,oracle_worst,fake_sherbrooke,1,False,0.08558499999999998,0.22039999999999998,0.22163333333333332,0.2063636363636363,4400.0,0.1346655231560892,1750.0
vqe_8,vqe,8,fake_fez,0.25,oracle_best,fake_marrakesh,1,False,0.08558499999999998,0.06589999999999997,0.06630166666666666,0.076851129032258,3100.0,0.0,0.0
vqe_8,vqe,8,fake_fez,0.25,oracle_nonworse,fake_marrakesh,1,False,0.08558499999999998,0.06589999999999997,0.06630166666666666,0.076851129032258,3100.0,0.0,0.0
vqe_8,vqe,8,fake_fez,0.25,random,fake_kyiv;fake_marrakesh;fake_sherbrooke;fake_torino,4,False,0.08558499999999998,0.15610875,0.15640083333333332,0.14452934069962292,3950.0,0.06767821166736492,850.0
vqe_8,vqe,8,fake_fez,0.25,oracle_worst,fake_sherbrooke,1,False,0.08558499999999998,0.22039999999999998,0.22163333333333332,0.19,4100.0,0.113148870967742,1000.0
vqe_8,vqe,8,fake_fez,0.5,oracle_best,fake_marrakesh,1,False,0.08558499999999998,0.06589999999999997,0.06630166666666666,0.0781414516129032,3100.0,0.0,0.0
vqe_8,vqe,8,fake_fez,0.5,oracle_nonworse,fake_marrakesh,1,False,0.08558499999999998,0.06589999999999997,0.06630166666666666,0.0781414516129032,3100.0,0.0,0.0
vqe_8,vqe,8,fake_fez,0.5,random,fake_kyiv;fake_marrakesh;fake_sherbrooke;fake_torino,4,False,0.08558499999999998,0.15610875,0.15640083333333332,0.13179444440143767,3937.5,0.05365299278853447,837.5
vqe_8,vqe,8,fake_fez,0.5,oracle_worst,fake_sherbrooke,1,False,0.08558499999999998,0.22039999999999998,0.22163333333333332,0.1625974025974025,3850.0,0.08445595098449929,750.0
vqe_8,vqe,8,fake_fez,0.75,oracle_best,fake_marrakesh,1,False,0.08558499999999998,0.06589999999999997,0.06630166666666666,0.0816077272727272,2750.0,0.0,0.0
vqe_8,vqe,8,fake_fez,0.75,oracle_nonworse,fake_marrakesh,1,False,0.08558499999999998,0.06589999999999997,0.06630166666666666,0.0816077272727272,2750.0,0.0,0.0
vqe_8,vqe,8,fake_fez,0.75,random,fake_kyiv;fake_marrakesh;fake_sherbrooke;fake_torino,4,False,0.08558499999999998,0.15610875,0.15640083333333332,0.1203967132013479,4100.0,0.03878898592862069,1350.0
vqe_8,vqe,8,fake_fez,0.75,oracle_worst,fake_sherbrooke,1,False,0.08558499999999998,0.22039999999999998,0.22163333333333332,0.147032967032967,4550.0,0.0654252397602398,1800.0
vqe_8,vqe,8,fake_fez,0.9,oracle_best,fake_marrakesh,1,False,0.08558499999999998,0.06589999999999997,0.06630166666666666,0.0832724999999999,3200.0,0.0,0.0
vqe_8,vqe,8,fake_fez,0.9,oracle_nonworse,fake_marrakesh,1,False,0.08558499999999998,0.06589999999999997,0.06630166666666666,0.0832724999999999,3200.0,0.0,0.0
vqe_8,vqe,8,fake_fez,0.9,random,fake_kyiv;fake_marrakesh;fake_sherbrooke;fake_torino,4,False,0.08558499999999998,0.15610875,0.15640083333333332,0.11412294065535908,4287.5,0.030850440655359176,1087.5
vqe_8,vqe,8,fake_fez,0.9,oracle_worst,fake_sherbrooke,1,False,0.08558499999999998,0.22039999999999998,0.22163333333333332,0.1341304347826087,4600.0,0.05085793478260879,1400.0
vqe_8,vqe,8,fake_kyiv,0.1,oracle_best,fake_marrakesh,1,False,0.160185,0.06589999999999997,0.06630166666666666,0.0847272727272727,2750.0,0.0,0.0
vqe_8,vqe,8,fake_kyiv,0.1,oracle_nonworse,fake_fez;fake_marrakesh,2,False,0.160185,0.07574249999999998,0.07676833333333333,0.08846533127889056,2850.0,0.003738058551617851,100.0
vqe_8,vqe,8,fake_kyiv,0.1,random,fake_fez;fake_marrakesh;fake_sherbrooke;fake_torino,4,False,0.160185,0.13745874999999996,0.13829249999999998,0.14280673971351932,3562.5,0.05807946698624661,812.5
vqe_8,vqe,8,fake_kyiv,0.1,oracle_worst,fake_sherbrooke,1,False,0.160185,0.22039999999999998,0.22163333333333332,0.2113333333333333,4500.0,0.12660606060606058,1750.0
vqe_8,vqe,8,fake_kyiv,0.25,oracle_best,fake_marrakesh,1,False,0.160185,0.06589999999999997,0.06630166666666666,0.0988059701492537,3350.0,0.0,0.0
vqe_8,vqe,8,fake_kyiv,0.25,oracle_nonworse,fake_fez;fake_marrakesh,2,False,0.160185,0.07574249999999998,0.07676833333333333,0.10440298507462681,3125.0,0.005597014925373109,-225.0
vqe_8,vqe,8,fake_kyiv,0.25,random,fake_fez;fake_marrakesh;fake_sherbrooke;fake_torino,4,False,0.160185,0.13745874999999996,0.13829249999999998,0.14797525079169177,3650.0,0.04916928064243807,300.0
vqe_8,vqe,8,fake_kyiv,0.25,oracle_worst,fake_sherbrooke,1,False,0.160185,0.22039999999999998,0.22163333333333332,0.201860465116279,4300.0,0.1030544949670253,950.0
vqe_8,vqe,8,fake_kyiv,0.5,oracle_best,fake_marrakesh,1,False,0.160185,0.06589999999999997,0.06630166666666666,0.1252777777777778,3600.0,0.0,0.0
vqe_8,vqe,8,fake_kyiv,0.5,oracle_nonworse,fake_fez;fake_marrakesh,2,False,0.160185,0.07574249999999998,0.07676833333333333,0.1277073820395738,3625.0,0.0024296042617960034,25.0
vqe_8,vqe,8,fake_kyiv,0.5,random,fake_fez;fake_marrakesh;fake_sherbrooke;fake_torino,4,False,0.160185,0.13745874999999996,0.13829249999999998,0.15696797673407256,4112.5,0.03169019895629477,512.5
vqe_8,vqe,8,fake_kyiv,0.5,oracle_worst,fake_sherbrooke,1,False,0.160185,0.22039999999999998,0.22163333333333332,0.1928571428571428,4200.0,0.06757936507936502,600.0
vqe_8,vqe,8,fake_kyiv,0.75,oracle_best,fake_marrakesh,1,False,0.160185,0.06589999999999997,0.06630166666666666,0.1415384615384615,3900.0,0.0,0.0
vqe_8,vqe,8,fake_kyiv,0.75,oracle_nonworse,fake_fez;fake_marrakesh,2,False,0.160185,0.07574249999999998,0.07676833333333333,0.14203505355404084,3925.0,0.0004965920155793335,25.0
vqe_8,vqe,8,fake_kyiv,0.75,random,fake_fez;fake_marrakesh;fake_sherbrooke;fake_torino,4,False,0.160185,0.13745874999999996,0.13829249999999998,0.1569384444904272,4175.0,0.015399982951965707,275.0
vqe_8,vqe,8,fake_kyiv,0.75,oracle_worst,fake_sherbrooke,1,False,0.160185,0.22039999999999998,0.22163333333333332,0.177659574468085,4700.0,0.0361211129296235,800.0
vqe_8,vqe,8,fake_kyiv,0.9,oracle_best,fake_marrakesh,1,False,0.160185,0.06589999999999997,0.06630166666666666,0.1411111111111111,4500.0,0.0,0.0
vqe_8,vqe,8,fake_kyiv,0.9,oracle_nonworse,fake_fez;fake_marrakesh,2,False,0.160185,0.07574249999999998,0.07676833333333333,0.14445799457994574,4300.0,0.0033468834688346327,-200.0
vqe_8,vqe,8,fake_kyiv,0.9,random,fake_fez;fake_marrakesh;fake_sherbrooke;fake_torino,4,False,0.160185,0.13745874999999996,0.13829249999999998,0.1533121681801613,4350.0,0.012201057069050197,-150.0
vqe_8,vqe,8,fake_kyiv,0.9,oracle_worst,fake_sherbrooke,1,False,0.160185,0.22039999999999998,0.22163333333333332,0.1677894736842105,4750.0,0.026678362573099385,250.0
vqe_8,vqe,8,fake_marrakesh,0.1,oracle_best,fake_fez,1,False,0.06589999999999997,0.08558499999999998,0.08723500000000001,0.0802297368421052,2850.0,0.0,0.0
vqe_8,vqe,8,fake_marrakesh,0.1,oracle_nonworse,fake_fez,1,True,0.06589999999999997,0.08558499999999998,0.08723500000000001,0.0802297368421052,2850.0,0.0,0.0
vqe_8,vqe,8,fake_marrakesh,0.1,random,fake_fez;fake_kyiv;fake_sherbrooke;fake_torino,4,False,0.06589999999999997,0.16102999999999998,0.16163416666666666,0.1523502372408293,3750.0,0.0721205003987241,900.0
vqe_8,vqe,8,fake_marrakesh,0.1,oracle_worst,fake_sherbrooke,1,False,0.06589999999999997,0.22039999999999998,0.22163333333333332,0.2054545454545454,4400.0,0.12522480861244017,1550.0
vqe_8,vqe,8,fake_marrakesh,0.25,oracle_best,fake_fez,1,False,0.06589999999999997,0.08558499999999998,0.08723500000000001,0.082712358490566,2650.0,0.0,0.0
vqe_8,vqe,8,fake_marrakesh,0.25,oracle_nonworse,fake_fez,1,True,0.06589999999999997,0.08558499999999998,0.08723500000000001,0.082712358490566,2650.0,0.0,0.0
vqe_8,vqe,8,fake_marrakesh,0.25,random,fake_fez;fake_kyiv;fake_sherbrooke;fake_torino,4,False,0.06589999999999997,0.16102999999999998,0.16163416666666666,0.14457610725541517,3837.5,0.061863748764849166,1187.5
vqe_8,vqe,8,fake_marrakesh,0.25,oracle_worst,fake_sherbrooke,1,False,0.06589999999999997,0.22039999999999998,0.22163333333333332,0.1880487804878048,4100.0,0.10533642199723879,1450.0
vqe_8,vqe,8,fake_marrakesh,0.5,oracle_best,fake_fez,1,False,0.06589999999999997,0.08558499999999998,0.08723500000000001,0.0783349999999999,2500.0,0.0,0.0
vqe_8,vqe,8,fake_marrakesh,0.5,oracle_nonworse,fake_fez,1,True,0.06589999999999997,0.08558499999999998,0.08723500000000001,0.0783349999999999,2500.0,0.0,0.0
vqe_8,vqe,8,fake_marrakesh,0.5,random,fake_fez;fake_kyiv;fake_sherbrooke;fake_torino,4,False,0.06589999999999997,0.16102999999999998,0.16163416666666666,0.12826669748729524,3787.5,0.04993169748729534,1287.5
vqe_8,vqe,8,fake_marrakesh,0.5,oracle_worst,fake_sherbrooke,1,False,0.06589999999999997,0.22039999999999998,0.22163333333333332,0.1574025974025974,3850.0,0.0790675974025975,1350.0
vqe_8,vqe,8,fake_marrakesh,0.75,oracle_best,fake_fez,1,False,0.06589999999999997,0.08558499999999998,0.08723500000000001,0.0727272727272727,2750.0,0.0,0.0
vqe_8,vqe,8,fake_marrakesh,0.75,oracle_nonworse,fake_fez,1,True,0.06589999999999997,0.08558499999999998,0.08723500000000001,0.0727272727272727,2750.0,0.0,0.0
vqe_8,vqe,8,fake_marrakesh,0.75,random,fake_fez;fake_kyiv;fake_sherbrooke;fake_torino,4,False,0.06589999999999997,0.16102999999999998,0.16163416666666666,0.11438049790499875,4100.0,0.04165322517772606,1350.0
vqe_8,vqe,8,fake_marrakesh,0.75,oracle_worst,fake_sherbrooke,1,False,0.06589999999999997,0.22039999999999998,0.22163333333333332,0.1419780219780219,4550.0,0.0692507492507492,1800.0
vqe_8,vqe,8,fake_marrakesh,0.9,oracle_best,fake_fez,1,False,0.06589999999999997,0.08558499999999998,0.08723500000000001,0.075350873015873,3150.0,0.0,0.0
vqe_8,vqe,8,fake_marrakesh,0.9,oracle_nonworse,fake_fez,1,True,0.06589999999999997,0.08558499999999998,0.08723500000000001,0.075350873015873,3150.0,0.0,0.0
vqe_8,vqe,8,fake_marrakesh,0.9,random,fake_fez;fake_kyiv;fake_sherbrooke;fake_torino,4,False,0.06589999999999997,0.16102999999999998,0.16163416666666666,0.10777047028454635,4212.5,0.032419597268673356,1062.5
vqe_8,vqe,8,fake_marrakesh,0.9,oracle_worst,fake_sherbrooke,1,False,0.06589999999999997,0.22039999999999998,0.22163333333333332,0.1284782608695652,4600.0,0.05312738785369221,1450.0
vqe_8,vqe,8,fake_sherbrooke,0.1,oracle_best,fake_marrakesh,1,False,0.22039999999999998,0.06589999999999997,0.06630166666666666,0.0951475,3200.0,0.0,0.0
vqe_8,vqe,8,fake_sherbrooke,0.1,oracle_nonworse,fake_fez;fake_kyiv;fake_marrakesh;fake_torino,4,False,0.22039999999999998,0.12240499999999999,0.12280125,0.1386712202380952,3600.0,0.0435237202380952,400.0
vqe_8,vqe,8,fake_sherbrooke,0.1,random,fake_fez;fake_kyiv;fake_marrakesh;fake_torino,4,False,0.22039999999999998,0.12240499999999999,0.12280125,0.1386712202380952,3600.0,0.0435237202380952,400.0
vqe_8,vqe,8,fake_sherbrooke,0.1,oracle_worst,fake_torino,1,False,0.22039999999999998,0.17794999999999997,0.17799999999999996,0.1909523809523809,4200.0,0.0958048809523809,1000.0
vqe_8,vqe,8,fake_sherbrooke,0.25,oracle_best,fake_marrakesh,1,False,0.22039999999999998,0.06589999999999997,0.06630166666666666,0.1171014492753622,3450.0,0.0,0.0
vqe_8,vqe,8,fake_sherbrooke,0.25,oracle_nonworse,fake_fez;fake_kyiv;fake_marrakesh;fake_torino,4,False,0.22039999999999998,0.12240499999999999,0.12280125,0.1508362075128032,3950.0,0.03373475823744099,500.0
vqe_8,vqe,8,fake_sherbrooke,0.25,random,fake_fez;fake_kyiv;fake_marrakesh;fake_torino,4,False,0.22039999999999998,0.12240499999999999,0.12280125,0.1508362075128032,3950.0,0.03373475823744099,500.0
vqe_8,vqe,8,fake_sherbrooke,0.25,oracle_worst,fake_torino,1,False,0.22039999999999998,0.17794999999999997,0.17799999999999996,0.1944578313253012,4150.0,0.077356382049939,700.0
vqe_8,vqe,8,fake_sherbrooke,0.5,oracle_best,fake_marrakesh,1,False,0.22039999999999998,0.06589999999999997,0.06630166666666666,0.1449438202247191,4450.0,0.0,0.0
vqe_8,vqe,8,fake_sherbrooke,0.5,oracle_nonworse,fake_fez;fake_kyiv;fake_marrakesh;fake_torino,4,False,0.22039999999999998,0.12240499999999999,0.12280125,0.1725772988169486,4662.5,0.027633478592229505,212.5
vqe_8,vqe,8,fake_sherbrooke,0.5,random,fake_fez;fake_kyiv;fake_marrakesh;fake_torino,4,False,0.22039999999999998,0.12240499999999999,0.12280125,0.1725772988169486,4662.5,0.027633478592229505,212.5
vqe_8,vqe,8,fake_sherbrooke,0.5,oracle_worst,fake_torino,1,False,0.22039999999999998,0.17794999999999997,0.17799999999999996,0.2005769230769231,5200.0,0.05563310285220399,750.0
vqe_8,vqe,8,fake_sherbrooke,0.75,oracle_best,fake_marrakesh,1,False,0.22039999999999998,0.06589999999999997,0.06630166666666666,0.1696907216494845,4850.0,0.0,0.0
vqe_8,vqe,8,fake_sherbrooke,0.75,oracle_nonworse,fake_fez;fake_kyiv;fake_marrakesh;fake_torino,4,False,0.22039999999999998,0.12240499999999999,0.12280125,0.18752680582147238,4650.0,0.01783608417198787,-200.0
vqe_8,vqe,8,fake_sherbrooke,0.75,random,fake_fez;fake_kyiv;fake_marrakesh;fake_torino,4,False,0.22039999999999998,0.12240499999999999,0.12280125,0.18752680582147238,4650.0,0.01783608417198787,-200.0
vqe_8,vqe,8,fake_sherbrooke,0.75,oracle_worst,fake_torino,1,False,0.22039999999999998,0.17794999999999997,0.17799999999999996,0.2072727272727272,4400.0,0.03758200562324268,-450.0
vqe_8,vqe,8,fake_sherbrooke,0.9,oracle_best,fake_marrakesh,1,False,0.22039999999999998,0.06589999999999997,0.06630166666666666,0.1867961165048543,5150.0,0.0,0.0
vqe_8,vqe,8,fake_sherbrooke,0.9,oracle_nonworse,fake_fez;fake_kyiv;fake_marrakesh;fake_torino,4,False,0.22039999999999998,0.12240499999999999,0.12280125,0.19905673763013212,4862.5,0.012260621125277815,-287.5
vqe_8,vqe,8,fake_sherbrooke,0.9,random,fake_fez;fake_kyiv;fake_marrakesh;fake_torino,4,False,0.22039999999999998,0.12240499999999999,0.12280125,0.19905673763013212,4862.5,0.012260621125277815,-287.5
vqe_8,vqe,8,fake_sherbrooke,0.9,oracle_worst,fake_torino,1,False,0.22039999999999998,0.17794999999999997,0.17799999999999996,0.2146987951807229,4150.0,0.027902678675868597,-1000.0
vqe_8,vqe,8,fake_torino,0.1,oracle_best,fake_marrakesh,1,False,0.17794999999999997,0.06589999999999997,0.06630166666666666,0.0853968253968254,3150.0,0.0,0.0
vqe_8,vqe,8,fake_torino,0.1,oracle_nonworse,fake_fez;fake_kyiv;fake_marrakesh,3,False,0.17794999999999997,0.10388999999999998,0.10440166666666667,0.11215978301986773,3316.6666666666665,0.02676295762304233,166.66666666666652
vqe_8,vqe,8,fake_torino,0.1,random,fake_fez;fake_kyiv;fake_marrakesh;fake_sherbrooke,4,False,0.17794999999999997,0.13301749999999998,0.13370958333333333,0.13648825831753236,3437.5,0.05109143292070696,287.5
vqe_8,vqe,8,fake_torino,0.1,oracle_worst,fake_sherbrooke,1,False,0.17794999999999997,0.22039999999999998,0.22163333333333332,0.2094736842105263,3800.0,0.12407685881370091,650.0
vqe_8,vqe,8,fake_torino,0.25,oracle_best,fake_marrakesh,1,False,0.17794999999999997,0.06589999999999997,0.06630166666666666,0.1056716417910447,3350.0,0.0,0.0
vqe_8,vqe,8,fake_torino,0.25,oracle_nonworse,fake_fez;fake_kyiv;fake_marrakesh,3,False,0.17794999999999997,0.10388999999999998,0.10440166666666667,0.12854171606130518,3566.6666666666665,0.022870074270260485,216.66666666666652
vqe_8,vqe,8,fake_torino,0.25,random,fake_fez;fake_kyiv;fake_marrakesh;fake_sherbrooke,4,False,0.17794999999999997,0.13301749999999998,0.13370958333333333,0.14807295371264556,3500.0,0.04240131192160086,150.0
vqe_8,vqe,8,fake_torino,0.25,oracle_worst,fake_sherbrooke,1,False,0.17794999999999997,0.22039999999999998,0.22163333333333332,0.2066666666666666,3300.0,0.10099502487562191,-50.0
vqe_8,vqe,8,fake_torino,0.5,oracle_best,fake_marrakesh,1,False,0.17794999999999997,0.06589999999999997,0.06630166666666666,0.1259523809523809,4200.0,0.0,0.0
vqe_8,vqe,8,fake_torino,0.5,oracle_nonworse,fake_fez;fake_kyiv;fake_marrakesh,3,False,0.17794999999999997,0.10388999999999998,0.10440166666666667,0.14557128637195818,4233.333333333333,0.01961890541957728,33.33333333333303
vqe_8,vqe,8,fake_torino,0.5,random,fake_fez;fake_kyiv;fake_marrakesh;fake_sherbrooke,4,False,0.17794999999999997,0.13301749999999998,0.13370958333333333,0.15941656001706386,4225.0,0.033464179064682964,25.0
vqe_8,vqe,8,fake_torino,0.5,oracle_worst,fake_sherbrooke,1,False,0.17794999999999997,0.22039999999999998,0.22163333333333332,0.2009523809523809,4200.0,0.07500000000000001,0.0
vqe_8,vqe,8,fake_torino,0.75,oracle_best,fake_marrakesh,1,False,0.17794999999999997,0.06589999999999997,0.06630166666666666,0.1641558441558441,3850.0,0.0,0.0
vqe_8,vqe,8,fake_torino,0.75,oracle_nonworse,fake_fez;fake_kyiv;fake_marrakesh,3,False,0.17794999999999997,0.10388999999999998,0.10440166666666667,0.1687847558262551,4016.6666666666665,0.00462891167041099,166.66666666666652
vqe_8,vqe,8,fake_torino,0.75,random,fake_fez;fake_kyiv;fake_marrakesh;fake_sherbrooke,4,False,0.17794999999999997,0.13301749999999998,0.13370958333333333,0.17578211525678808,4175.0,0.011626271100943969,325.0
vqe_8,vqe,8,fake_torino,0.75,oracle_worst,fake_sherbrooke,1,False,0.17794999999999997,0.22039999999999998,0.22163333333333332,0.196774193548387,4650.0,0.03261834939254288,800.0
vqe_8,vqe,8,fake_torino,0.9,oracle_best,fake_marrakesh,1,False,0.17794999999999997,0.06589999999999997,0.06630166666666666,0.1656179775280898,4450.0,0.0,0.0
vqe_8,vqe,8,fake_torino,0.9,oracle_nonworse,fake_fez;fake_kyiv;fake_marrakesh,3,False,0.17794999999999997,0.10388999999999998,0.10440166666666667,0.17229806412061643,4433.333333333333,0.006680086592526641,-16.66666666666697
vqe_8,vqe,8,fake_torino,0.9,random,fake_fez;fake_kyiv;fake_marrakesh;fake_sherbrooke,4,False,0.17794999999999997,0.13301749999999998,0.13370958333333333,0.17708069094760517,4462.5,0.01146271341951538,12.5
vqe_8,vqe,8,fake_torino,0.9,oracle_worst,fake_sherbrooke,1,False,0.17794999999999997,0.22039999999999998,0.22163333333333332,0.1914285714285714,4550.0,0.0258105939004816,100.0
