split_id,split_mode,repetition,config_id,policy,scheme,train_rows,train_circuit_configs,train_k_values,train_median_tvd,train_q75_tvd,train_q95_tvd,train_max_tvd,train_valid_rate_tvd_le_0p01,train_valid_rate_tvd_le_0p05,train_valid_rate_tvd_le_0p10,train_median_ssr,train_q25_ssr,train_median_parallel_ssr,train_median_total_shots,train_median_max_backend_shots,train_selection_risk_q95,train_selection_risk_max,selected_config_id,selection_relaxed,selection_target_tvd,selection_risk_stat,selection_objective,selection_risk_value
stratified_size_rep000,stratified_size,0,b50_lb3_k3_eps0p0025,aggregate_only_sync,confidence,300,60,5,0.008236258717304358,0.013532425507903628,0.020567917219328376,0.023395161290322875,0.5466666666666666,1.0,1.0,0.3525,0.0,0.3525,22300.0,12950.0,0.020567917219328376,0.023395161290322875,b50_lb3_k3_eps0p0025,False,0.05,q95,max_ssr,0.020567917219328376
stratified_size_rep000,stratified_size,0,b50_lb3_k3_eps0p0025,aggregate_only_sync,shot_proportional,300,60,5,0.008236258717304358,0.013532425507903628,0.020567917219328376,0.023395161290322875,0.5466666666666666,1.0,1.0,0.3525,0.0,0.3525,22300.0,12950.0,0.020567917219328376,0.023395161290322875,b50_lb3_k3_eps0p0025,False,0.05,q95,max_ssr,0.020567917219328376
stratified_size_rep000,stratified_size,0,b50_lb3_k3_eps0p0025,aggregate_only_sync,uniform,300,60,5,0.008236258717304358,0.013532425507903628,0.020567917219328376,0.023395161290322875,0.5466666666666666,1.0,1.0,0.3525,0.0,0.3525,22300.0,12950.0,0.020567917219328376,0.023395161290322875,b50_lb3_k3_eps0p0025,False,0.05,q95,max_ssr,0.020567917219328376
stratified_size_rep000,stratified_size,0,b50_lb3_k3_eps0p0025,hierarchical_local_aggregate,confidence,300,60,5,0.007792768315596296,0.013581061430796015,0.020404099933087245,0.023395161290322875,0.5633333333333334,1.0,1.0,0.3525,0.0,0.3525,21975.0,12950.0,0.020404099933087245,0.023395161290322875,b50_lb3_k3_eps0p0025,False,0.05,q95,max_ssr,0.020404099933087245
stratified_size_rep000,stratified_size,0,b50_lb3_k3_eps0p0025,hierarchical_local_aggregate,shot_proportional,300,60,5,0.00850370807554543,0.013532425507903628,0.020820985643462686,0.0243791461577096,0.55,1.0,1.0,0.3525,0.0,0.3525,21975.0,12950.0,0.020820985643462686,0.0243791461577096,b50_lb3_k3_eps0p0025,False,0.05,q95,max_ssr,0.020820985643462686
stratified_size_rep000,stratified_size,0,b50_lb3_k3_eps0p0025,hierarchical_local_aggregate,uniform,300,60,5,0.00850370807554543,0.013532425507903628,0.020736526159228868,0.024283947937394024,0.55,1.0,1.0,0.3525,0.0,0.3525,21975.0,12950.0,0.020736526159228868,0.024283947937394024,b50_lb3_k3_eps0p0025,False,0.05,q95,max_ssr,0.020736526159228868
stratified_size_rep000,stratified_size,0,b50_lb3_k3_eps0p0025,local_only_offline_aggregate,confidence,300,60,5,0.0025449736980209196,0.009715547841069315,0.01708249203608705,0.023395161290322875,0.76,1.0,1.0,0.013333333333333308,0.0,0.0,36187.5,20000.0,0.01708249203608705,0.023395161290322875,b50_lb3_k3_eps0p0025,False,0.05,q95,max_ssr,0.01708249203608705
stratified_size_rep000,stratified_size,0,b50_lb3_k3_eps0p0025,local_only_offline_aggregate,shot_proportional,300,60,5,0.0022794258948981828,0.009747885077870425,0.017144011815717303,0.023395161290322875,0.7633333333333333,1.0,1.0,0.013333333333333308,0.0,0.0,36187.5,20000.0,0.017144011815717303,0.023395161290322875,b50_lb3_k3_eps0p0025,False,0.05,q95,max_ssr,0.017144011815717303
stratified_size_rep000,stratified_size,0,b50_lb3_k3_eps0p0025,local_only_offline_aggregate,uniform,300,60,5,0.002191049698916013,0.009647104446898749,0.01705903332274041,0.023395161290322875,0.7633333333333333,1.0,1.0,0.013333333333333308,0.0,0.0,36187.5,20000.0,0.01705903332274041,0.023395161290322875,b50_lb3_k3_eps0p0025,False,0.05,q95,max_ssr,0.01705903332274041
stratified_size_rep001,stratified_size,1,b50_lb3_k3_eps0p0025,aggregate_only_sync,confidence,300,60,5,0.008066984665399232,0.01380819915254237,0.020242445362473195,0.02325794573643404,0.5433333333333333,1.0,1.0,0.36625,0.0,0.36625,24350.0,12675.0,0.020242445362473195,0.02325794573643404,b50_lb3_k3_eps0p0025,False,0.05,q95,max_ssr,0.020242445362473195
stratified_size_rep001,stratified_size,1,b50_lb3_k3_eps0p0025,aggregate_only_sync,shot_proportional,300,60,5,0.008066984665399232,0.01380819915254237,0.020242445362473195,0.02325794573643404,0.5433333333333333,1.0,1.0,0.36625,0.0,0.36625,24350.0,12675.0,0.020242445362473195,0.02325794573643404,b50_lb3_k3_eps0p0025,False,0.05,q95,max_ssr,0.020242445362473195
stratified_size_rep001,stratified_size,1,b50_lb3_k3_eps0p0025,aggregate_only_sync,uniform,300,60,5,0.008066984665399232,0.01380819915254237,0.020242445362473195,0.02325794573643404,0.5433333333333333,1.0,1.0,0.36625,0.0,0.36625,24350.0,12675.0,0.020242445362473195,0.02325794573643404,b50_lb3_k3_eps0p0025,False,0.05,q95,max_ssr,0.020242445362473195
stratified_size_rep001,stratified_size,1,b50_lb3_k3_eps0p0025,hierarchical_local_aggregate,confidence,300,60,5,0.007696435260877021,0.013689134256127947,0.019553507633038206,0.022830540163994877,0.5566666666666666,1.0,1.0,0.36625,0.0,0.36625,23875.0,12675.0,0.019553507633038206,0.022830540163994877,b50_lb3_k3_eps0p0025,False,0.05,q95,max_ssr,0.019553507633038206
stratified_size_rep001,stratified_size,1,b50_lb3_k3_eps0p0025,hierarchical_local_aggregate,shot_proportional,300,60,5,0.00847073345492446,0.01380819915254237,0.020614796434716035,0.0243791461577096,0.5466666666666666,1.0,1.0,0.36625,0.0,0.36625,23875.0,12675.0,0.020614796434716035,0.0243791461577096,b50_lb3_k3_eps0p0025,False,0.05,q95,max_ssr,0.020614796434716035
stratified_size_rep001,stratified_size,1,b50_lb3_k3_eps0p0025,hierarchical_local_aggregate,uniform,300,60,5,0.008421795415959249,0.01380819915254237,0.02051930873846202,0.024283947937394024,0.5466666666666666,1.0,1.0,0.36625,0.0,0.36625,23875.0,12675.0,0.02051930873846202,0.024283947937394024,b50_lb3_k3_eps0p0025,False,0.05,q95,max_ssr,0.02051930873846202
stratified_size_rep001,stratified_size,1,b50_lb3_k3_eps0p0025,local_only_offline_aggregate,confidence,300,60,5,0.003201872882596834,0.00965892599480489,0.0166369241054521,0.0227821428571429,0.77,1.0,1.0,0.05291666666666667,0.0,0.0024999999999999467,38175.0,19950.0,0.0166369241054521,0.0227821428571429,b50_lb3_k3_eps0p0025,False,0.05,q95,max_ssr,0.0166369241054521
stratified_size_rep001,stratified_size,1,b50_lb3_k3_eps0p0025,local_only_offline_aggregate,shot_proportional,300,60,5,0.0029089347994540426,0.009655341652293455,0.016746376901949973,0.0227821428571429,0.77,1.0,1.0,0.05291666666666667,0.0,0.0024999999999999467,38175.0,19950.0,0.016746376901949973,0.0227821428571429,b50_lb3_k3_eps0p0025,False,0.05,q95,max_ssr,0.016746376901949973
stratified_size_rep001,stratified_size,1,b50_lb3_k3_eps0p0025,local_only_offline_aggregate,uniform,300,60,5,0.003065330607022753,0.009377092666183775,0.01649097673828532,0.0227821428571429,0.7666666666666667,1.0,1.0,0.05291666666666667,0.0,0.0024999999999999467,38175.0,19950.0,0.01649097673828532,0.0227821428571429,b50_lb3_k3_eps0p0025,False,0.05,q95,max_ssr,0.01649097673828532
stratified_size_rep002,stratified_size,2,b50_lb3_k3_eps0p0025,aggregate_only_sync,confidence,300,60,5,0.010449245563348572,0.014246261859222833,0.020586866760031977,0.023395161290322875,0.4766666666666667,1.0,1.0,0.49250000000000005,0.0,0.49250000000000005,21825.0,10150.0,0.020586866760031977,0.023395161290322875,b50_lb3_k3_eps0p0025,False,0.05,q95,max_ssr,0.020586866760031977
stratified_size_rep002,stratified_size,2,b50_lb3_k3_eps0p0025,aggregate_only_sync,shot_proportional,300,60,5,0.010449245563348572,0.014246261859222833,0.020586866760031977,0.023395161290322875,0.4766666666666667,1.0,1.0,0.49250000000000005,0.0,0.49250000000000005,21825.0,10150.0,0.020586866760031977,0.023395161290322875,b50_lb3_k3_eps0p0025,False,0.05,q95,max_ssr,0.020586866760031977
stratified_size_rep002,stratified_size,2,b50_lb3_k3_eps0p0025,aggregate_only_sync,uniform,300,60,5,0.010449245563348572,0.014246261859222833,0.020586866760031977,0.023395161290322875,0.4766666666666667,1.0,1.0,0.49250000000000005,0.0,0.49250000000000005,21825.0,10150.0,0.020586866760031977,0.023395161290322875,b50_lb3_k3_eps0p0025,False,0.05,q95,max_ssr,0.020586866760031977
stratified_size_rep002,stratified_size,2,b50_lb3_k3_eps0p0025,hierarchical_local_aggregate,confidence,300,60,5,0.010281137601380207,0.014161685053761692,0.020516172759754914,0.023395161290322875,0.49666666666666665,1.0,1.0,0.5020833333333333,0.0,0.50125,21350.0,9975.0,0.020516172759754914,0.023395161290322875,b50_lb3_k3_eps0p0025,False,0.05,q95,max_ssr,0.020516172759754914
stratified_size_rep002,stratified_size,2,b50_lb3_k3_eps0p0025,hierarchical_local_aggregate,shot_proportional,300,60,5,0.010618106747364848,0.014246576505602238,0.021052861255037112,0.0243791461577096,0.48,1.0,1.0,0.5020833333333333,0.0,0.50125,21350.0,9975.0,0.021052861255037112,0.0243791461577096,b50_lb3_k3_eps0p0025,False,0.05,q95,max_ssr,0.021052861255037112
stratified_size_rep002,stratified_size,2,b50_lb3_k3_eps0p0025,hierarchical_local_aggregate,uniform,300,60,5,0.01058314763914138,0.014246261859222833,0.02105046433200669,0.024283947937394024,0.48,1.0,1.0,0.5020833333333333,0.0,0.50125,21350.0,9975.0,0.02105046433200669,0.024283947937394024,b50_lb3_k3_eps0p0025,False,0.05,q95,max_ssr,0.02105046433200669
stratified_size_rep002,stratified_size,2,b50_lb3_k3_eps0p0025,local_only_offline_aggregate,confidence,300,60,5,0.005055772253308462,0.01088057762222377,0.017226062168186028,0.023395161290322875,0.7266666666666667,1.0,1.0,0.2725,0.0,0.20750000000000002,34200.0,15850.0,0.017226062168186028,0.023395161290322875,b50_lb3_k3_eps0p0025,False,0.05,q95,max_ssr,0.017226062168186028
stratified_size_rep002,stratified_size,2,b50_lb3_k3_eps0p0025,local_only_offline_aggregate,shot_proportional,300,60,5,0.005072834841203051,0.010799589419352837,0.01719525420246556,0.023395161290322875,0.73,1.0,1.0,0.2725,0.0,0.20750000000000002,34200.0,15850.0,0.01719525420246556,0.023395161290322875,b50_lb3_k3_eps0p0025,False,0.05,q95,max_ssr,0.01719525420246556
stratified_size_rep002,stratified_size,2,b50_lb3_k3_eps0p0025,local_only_offline_aggregate,uniform,300,60,5,0.0050160667716009355,0.010910973676302558,0.017218581480194096,0.023395161290322875,0.7266666666666667,1.0,1.0,0.2725,0.0,0.20750000000000002,34200.0,15850.0,0.017218581480194096,0.023395161290322875,b50_lb3_k3_eps0p0025,False,0.05,q95,max_ssr,0.017218581480194096
stratified_size_rep003,stratified_size,3,b50_lb3_k3_eps0p0025,aggregate_only_sync,confidence,300,60,5,0.009579993581388016,0.013711279176904168,0.020556119632220676,0.023395161290322875,0.5166666666666667,1.0,1.0,0.384375,0.0,0.384375,21975.0,12312.5,0.020556119632220676,0.023395161290322875,b50_lb3_k3_eps0p0025,False,0.05,q95,max_ssr,0.020556119632220676
stratified_size_rep003,stratified_size,3,b50_lb3_k3_eps0p0025,aggregate_only_sync,shot_proportional,300,60,5,0.009579993581388016,0.013711279176904168,0.020556119632220676,0.023395161290322875,0.5166666666666667,1.0,1.0,0.384375,0.0,0.384375,21975.0,12312.5,0.020556119632220676,0.023395161290322875,b50_lb3_k3_eps0p0025,False,0.05,q95,max_ssr,0.020556119632220676
stratified_size_rep003,stratified_size,3,b50_lb3_k3_eps0p0025,aggregate_only_sync,uniform,300,60,5,0.009579993581388016,0.013711279176904168,0.020556119632220676,0.023395161290322875,0.5166666666666667,1.0,1.0,0.384375,0.0,0.384375,21975.0,12312.5,0.020556119632220676,0.023395161290322875,b50_lb3_k3_eps0p0025,False,0.05,q95,max_ssr,0.020556119632220676
stratified_size_rep003,stratified_size,3,b50_lb3_k3_eps0p0025,hierarchical_local_aggregate,confidence,300,60,5,0.008949536360129719,0.013636569516899748,0.020058447312818493,0.023395161290322875,0.5366666666666666,1.0,1.0,0.384375,0.0,0.384375,21675.0,12312.5,0.020058447312818493,0.023395161290322875,b50_lb3_k3_eps0p0025,False,0.05,q95,max_ssr,0.020058447312818493
stratified_size_rep003,stratified_size,3,b50_lb3_k3_eps0p0025,hierarchical_local_aggregate,shot_proportional,300,60,5,0.00966184589762177,0.013711279176904168,0.02087750470619005,0.0243791461577096,0.52,1.0,1.0,0.384375,0.0,0.384375,21675.0,12312.5,0.02087750470619005,0.0243791461577096,b50_lb3_k3_eps0p0025,False,0.05,q95,max_ssr,0.02087750470619005
stratified_size_rep003,stratified_size,3,b50_lb3_k3_eps0p0025,hierarchical_local_aggregate,uniform,300,60,5,0.00966184589762177,0.013711279176904168,0.02087750470619005,0.024283947937394024,0.52,1.0,1.0,0.384375,0.0,0.384375,21675.0,12312.5,0.02087750470619005,0.024283947937394024,b50_lb3_k3_eps0p0025,False,0.05,q95,max_ssr,0.02087750470619005
stratified_size_rep003,stratified_size,3,b50_lb3_k3_eps0p0025,local_only_offline_aggregate,confidence,300,60,5,0.0033561854851636664,0.009736594486307901,0.016940186665384976,0.023395161290322875,0.76,1.0,1.0,0.09979166666666667,0.0,0.05624999999999997,36187.5,18875.0,0.016940186665384976,0.023395161290322875,b50_lb3_k3_eps0p0025,False,0.05,q95,max_ssr,0.016940186665384976
stratified_size_rep003,stratified_size,3,b50_lb3_k3_eps0p0025,local_only_offline_aggregate,shot_proportional,300,60,5,0.003304067501551754,0.009747885077870425,0.01703911087979647,0.023395161290322875,0.7633333333333333,1.0,1.0,0.09979166666666667,0.0,0.05624999999999997,36187.5,18875.0,0.01703911087979647,0.023395161290322875,b50_lb3_k3_eps0p0025,False,0.05,q95,max_ssr,0.01703911087979647
stratified_size_rep003,stratified_size,3,b50_lb3_k3_eps0p0025,local_only_offline_aggregate,uniform,300,60,5,0.003397024225178644,0.009647104446898749,0.0169737518486924,0.023395161290322875,0.76,1.0,1.0,0.09979166666666667,0.0,0.05624999999999997,36187.5,18875.0,0.0169737518486924,0.023395161290322875,b50_lb3_k3_eps0p0025,False,0.05,q95,max_ssr,0.0169737518486924
stratified_size_rep004,stratified_size,4,b50_lb3_k3_eps0p0025,aggregate_only_sync,confidence,300,60,5,0.00966184589762177,0.014144644765451709,0.020586866760031977,0.023395161290322875,0.51,1.0,1.0,0.36625,0.0,0.36625,24625.0,12675.0,0.020586866760031977,0.023395161290322875,b50_lb3_k3_eps0p0025,False,0.05,q95,max_ssr,0.020586866760031977
stratified_size_rep004,stratified_size,4,b50_lb3_k3_eps0p0025,aggregate_only_sync,shot_proportional,300,60,5,0.00966184589762177,0.014144644765451709,0.020586866760031977,0.023395161290322875,0.51,1.0,1.0,0.36625,0.0,0.36625,24625.0,12675.0,0.020586866760031977,0.023395161290322875,b50_lb3_k3_eps0p0025,False,0.05,q95,max_ssr,0.020586866760031977
stratified_size_rep004,stratified_size,4,b50_lb3_k3_eps0p0025,aggregate_only_sync,uniform,300,60,5,0.00966184589762177,0.014144644765451709,0.020586866760031977,0.023395161290322875,0.51,1.0,1.0,0.36625,0.0,0.36625,24625.0,12675.0,0.020586866760031977,0.023395161290322875,b50_lb3_k3_eps0p0025,False,0.05,q95,max_ssr,0.020586866760031977
stratified_size_rep004,stratified_size,4,b50_lb3_k3_eps0p0025,hierarchical_local_aggregate,confidence,300,60,5,0.009180763659913889,0.014030525139761902,0.020516172759754914,0.023395161290322875,0.53,1.0,1.0,0.36625,0.0,0.36625,24450.0,12675.0,0.020516172759754914,0.023395161290322875,b50_lb3_k3_eps0p0025,False,0.05,q95,max_ssr,0.020516172759754914
stratified_size_rep004,stratified_size,4,b50_lb3_k3_eps0p0025,hierarchical_local_aggregate,shot_proportional,300,60,5,0.00966184589762177,0.014203505190903866,0.021052861255037112,0.0243791461577096,0.5133333333333333,1.0,1.0,0.36625,0.0,0.36625,24450.0,12675.0,0.021052861255037112,0.0243791461577096,b50_lb3_k3_eps0p0025,False,0.05,q95,max_ssr,0.021052861255037112
stratified_size_rep004,stratified_size,4,b50_lb3_k3_eps0p0025,hierarchical_local_aggregate,uniform,300,60,5,0.00966184589762177,0.01414122159730875,0.02105046433200669,0.024283947937394024,0.5133333333333333,1.0,1.0,0.36625,0.0,0.36625,24450.0,12675.0,0.02105046433200669,0.024283947937394024,b50_lb3_k3_eps0p0025,False,0.05,q95,max_ssr,0.02105046433200669
stratified_size_rep004,stratified_size,4,b50_lb3_k3_eps0p0025,local_only_offline_aggregate,confidence,300,60,5,0.003632610196978257,0.009928548842145585,0.016739360962587303,0.023395161290322875,0.7533333333333333,1.0,1.0,0.1096875,0.0,0.044999999999999984,39337.5,19100.0,0.016739360962587303,0.023395161290322875,b50_lb3_k3_eps0p0025,False,0.05,q95,max_ssr,0.016739360962587303
stratified_size_rep004,stratified_size,4,b50_lb3_k3_eps0p0025,local_only_offline_aggregate,shot_proportional,300,60,5,0.003486506373448209,0.00987459909534628,0.01683773317893923,0.023395161290322875,0.7566666666666667,1.0,1.0,0.1096875,0.0,0.044999999999999984,39337.5,19100.0,0.01683773317893923,0.023395161290322875,b50_lb3_k3_eps0p0025,False,0.05,q95,max_ssr,0.01683773317893923
stratified_size_rep004,stratified_size,4,b50_lb3_k3_eps0p0025,local_only_offline_aggregate,uniform,300,60,5,0.003626951067988778,0.009883067268150537,0.01674119253376788,0.023395161290322875,0.7533333333333333,1.0,1.0,0.1096875,0.0,0.044999999999999984,39337.5,19100.0,0.01674119253376788,0.023395161290322875,b50_lb3_k3_eps0p0025,False,0.05,q95,max_ssr,0.01674119253376788
stratified_size_rep005,stratified_size,5,b50_lb3_k3_eps0p0025,aggregate_only_sync,confidence,300,60,5,0.010260257887274013,0.014220663967079881,0.020556119632220676,0.023395161290322875,0.4866666666666667,1.0,1.0,0.46749999999999997,0.0,0.46749999999999997,21925.0,10650.0,0.020556119632220676,0.023395161290322875,b50_lb3_k3_eps0p0025,False,0.05,q95,max_ssr,0.020556119632220676
stratified_size_rep005,stratified_size,5,b50_lb3_k3_eps0p0025,aggregate_only_sync,shot_proportional,300,60,5,0.010260257887274013,0.014220663967079881,0.020556119632220676,0.023395161290322875,0.4866666666666667,1.0,1.0,0.46749999999999997,0.0,0.46749999999999997,21925.0,10650.0,0.020556119632220676,0.023395161290322875,b50_lb3_k3_eps0p0025,False,0.05,q95,max_ssr,0.020556119632220676
stratified_size_rep005,stratified_size,5,b50_lb3_k3_eps0p0025,aggregate_only_sync,uniform,300,60,5,0.010260257887274013,0.014220663967079881,0.020556119632220676,0.023395161290322875,0.4866666666666667,1.0,1.0,0.46749999999999997,0.0,0.46749999999999997,21925.0,10650.0,0.020556119632220676,0.023395161290322875,b50_lb3_k3_eps0p0025,False,0.05,q95,max_ssr,0.020556119632220676
stratified_size_rep005,stratified_size,5,b50_lb3_k3_eps0p0025,hierarchical_local_aggregate,confidence,300,60,5,0.009640433705064486,0.014116077587818646,0.020404099933087245,0.023395161290322875,0.51,1.0,1.0,0.474375,0.0,0.474375,21675.0,10512.5,0.020404099933087245,0.023395161290322875,b50_lb3_k3_eps0p0025,False,0.05,q95,max_ssr,0.020404099933087245
stratified_size_rep005,stratified_size,5,b50_lb3_k3_eps0p0025,hierarchical_local_aggregate,shot_proportional,300,60,5,0.010360384615384605,0.014238316306001544,0.02087750470619005,0.0243791461577096,0.49,1.0,1.0,0.474375,0.0,0.474375,21675.0,10512.5,0.02087750470619005,0.0243791461577096,b50_lb3_k3_eps0p0025,False,0.05,q95,max_ssr,0.02087750470619005
stratified_size_rep005,stratified_size,5,b50_lb3_k3_eps0p0025,hierarchical_local_aggregate,uniform,300,60,5,0.010360384615384605,0.014220663967079881,0.02087750470619005,0.024283947937394024,0.49,1.0,1.0,0.474375,0.0,0.474375,21675.0,10512.5,0.02087750470619005,0.024283947937394024,b50_lb3_k3_eps0p0025,False,0.05,q95,max_ssr,0.02087750470619005
stratified_size_rep005,stratified_size,5,b50_lb3_k3_eps0p0025,local_only_offline_aggregate,confidence,300,60,5,0.004759532348197093,0.010125372165741303,0.017141297242627498,0.023395161290322875,0.7466666666666667,1.0,1.0,0.25749999999999995,0.0,0.15749999999999997,34525.0,16850.0,0.017141297242627498,0.023395161290322875,b50_lb3_k3_eps0p0025,False,0.05,q95,max_ssr,0.017141297242627498
stratified_size_rep005,stratified_size,5,b50_lb3_k3_eps0p0025,local_only_offline_aggregate,shot_proportional,300,60,5,0.004903118051585036,0.009972379769749703,0.01713782059634551,0.023395161290322875,0.75,1.0,1.0,0.25749999999999995,0.0,0.15749999999999997,34525.0,16850.0,0.01713782059634551,0.023395161290322875,b50_lb3_k3_eps0p0025,False,0.05,q95,max_ssr,0.01713782059634551
stratified_size_rep005,stratified_size,5,b50_lb3_k3_eps0p0025,local_only_offline_aggregate,uniform,300,60,5,0.004799215442150227,0.010066318714210366,0.017141297242627498,0.023395161290322875,0.7466666666666667,1.0,1.0,0.25749999999999995,0.0,0.15749999999999997,34525.0,16850.0,0.017141297242627498,0.023395161290322875,b50_lb3_k3_eps0p0025,False,0.05,q95,max_ssr,0.017141297242627498
stratified_size_rep006,stratified_size,6,b50_lb3_k3_eps0p0025,aggregate_only_sync,confidence,300,60,5,0.00966184589762177,0.01387882582042869,0.020557116976468236,0.023395161290322875,0.5133333333333333,1.0,1.0,0.479375,0.0,0.479375,21425.0,10412.5,0.020557116976468236,0.023395161290322875,b50_lb3_k3_eps0p0025,False,0.05,q95,max_ssr,0.020557116976468236
stratified_size_rep006,stratified_size,6,b50_lb3_k3_eps0p0025,aggregate_only_sync,shot_proportional,300,60,5,0.00966184589762177,0.01387882582042869,0.020557116976468236,0.023395161290322875,0.5133333333333333,1.0,1.0,0.479375,0.0,0.479375,21425.0,10412.5,0.020557116976468236,0.023395161290322875,b50_lb3_k3_eps0p0025,False,0.05,q95,max_ssr,0.020557116976468236
stratified_size_rep006,stratified_size,6,b50_lb3_k3_eps0p0025,aggregate_only_sync,uniform,300,60,5,0.00966184589762177,0.01387882582042869,0.020557116976468236,0.023395161290322875,0.5133333333333333,1.0,1.0,0.479375,0.0,0.479375,21425.0,10412.5,0.020557116976468236,0.023395161290322875,b50_lb3_k3_eps0p0025,False,0.05,q95,max_ssr,0.020557116976468236
stratified_size_rep006,stratified_size,6,b50_lb3_k3_eps0p0025,hierarchical_local_aggregate,confidence,300,60,5,0.009114868661870272,0.01383367855262103,0.020404099933087245,0.023395161290322875,0.5333333333333333,1.0,1.0,0.49,0.0,0.485,21000.0,10300.0,0.020404099933087245,0.023395161290322875,b50_lb3_k3_eps0p0025,False,0.05,q95,max_ssr,0.020404099933087245
stratified_size_rep006,stratified_size,6,b50_lb3_k3_eps0p0025,hierarchical_local_aggregate,shot_proportional,300,60,5,0.009695279370279383,0.01387882582042869,0.02097663515003319,0.0243791461577096,0.5166666666666667,1.0,1.0,0.49,0.0,0.485,21000.0,10300.0,0.02097663515003319,0.0243791461577096,b50_lb3_k3_eps0p0025,False,0.05,q95,max_ssr,0.02097663515003319
stratified_size_rep006,stratified_size,6,b50_lb3_k3_eps0p0025,hierarchical_local_aggregate,uniform,300,60,5,0.009683666432389881,0.01387882582042869,0.02097663515003319,0.024283947937394024,0.5166666666666667,1.0,1.0,0.49,0.0,0.485,21000.0,10300.0,0.02097663515003319,0.024283947937394024,b50_lb3_k3_eps0p0025,False,0.05,q95,max_ssr,0.02097663515003319
stratified_size_rep006,stratified_size,6,b50_lb3_k3_eps0p0025,local_only_offline_aggregate,confidence,300,60,5,0.004654148511641438,0.01046850763499529,0.017141297242627498,0.023395161290322875,0.7466666666666667,1.0,1.0,0.25749999999999995,0.0,0.15749999999999997,31562.5,16850.0,0.017141297242627498,0.023395161290322875,b50_lb3_k3_eps0p0025,False,0.05,q95,max_ssr,0.017141297242627498
stratified_size_rep006,stratified_size,6,b50_lb3_k3_eps0p0025,local_only_offline_aggregate,shot_proportional,300,60,5,0.004622314513452203,0.01013078716505958,0.017144011815717303,0.023395161290322875,0.7466666666666667,1.0,1.0,0.25749999999999995,0.0,0.15749999999999997,31562.5,16850.0,0.017144011815717303,0.023395161290322875,b50_lb3_k3_eps0p0025,False,0.05,q95,max_ssr,0.017144011815717303
stratified_size_rep006,stratified_size,6,b50_lb3_k3_eps0p0025,local_only_offline_aggregate,uniform,300,60,5,0.00463514569341514,0.01029893606333632,0.017141297242627498,0.023395161290322875,0.7433333333333333,1.0,1.0,0.25749999999999995,0.0,0.15749999999999997,31562.5,16850.0,0.017141297242627498,0.023395161290322875,b50_lb3_k3_eps0p0025,False,0.05,q95,max_ssr,0.017141297242627498
stratified_size_rep007,stratified_size,7,b50_lb3_k3_eps0p0025,aggregate_only_sync,confidence,300,60,5,0.009173156318082774,0.013815416666666686,0.020567917219328376,0.023395161290322875,0.5233333333333333,1.0,1.0,0.42937499999999995,0.0,0.42937499999999995,21975.0,11412.5,0.020567917219328376,0.023395161290322875,b50_lb3_k3_eps0p0025,False,0.05,q95,max_ssr,0.020567917219328376
stratified_size_rep007,stratified_size,7,b50_lb3_k3_eps0p0025,aggregate_only_sync,shot_proportional,300,60,5,0.009173156318082774,0.013815416666666686,0.020567917219328376,0.023395161290322875,0.5233333333333333,1.0,1.0,0.42937499999999995,0.0,0.42937499999999995,21975.0,11412.5,0.020567917219328376,0.023395161290322875,b50_lb3_k3_eps0p0025,False,0.05,q95,max_ssr,0.020567917219328376
stratified_size_rep007,stratified_size,7,b50_lb3_k3_eps0p0025,aggregate_only_sync,uniform,300,60,5,0.009173156318082774,0.013815416666666686,0.020567917219328376,0.023395161290322875,0.5233333333333333,1.0,1.0,0.42937499999999995,0.0,0.42937499999999995,21975.0,11412.5,0.020567917219328376,0.023395161290322875,b50_lb3_k3_eps0p0025,False,0.05,q95,max_ssr,0.020567917219328376
stratified_size_rep007,stratified_size,7,b50_lb3_k3_eps0p0025,hierarchical_local_aggregate,confidence,300,60,5,0.008290139966752414,0.013768298811813892,0.020058447312818493,0.023395161290322875,0.5433333333333333,1.0,1.0,0.42937499999999995,0.0,0.42937499999999995,21675.0,11412.5,0.020058447312818493,0.023395161290322875,b50_lb3_k3_eps0p0025,False,0.05,q95,max_ssr,0.020058447312818493
stratified_size_rep007,stratified_size,7,b50_lb3_k3_eps0p0025,hierarchical_local_aggregate,shot_proportional,300,60,5,0.009308982936686125,0.013815416666666686,0.020820985643462686,0.0243791461577096,0.5266666666666666,1.0,1.0,0.42937499999999995,0.0,0.42937499999999995,21675.0,11412.5,0.020820985643462686,0.0243791461577096,b50_lb3_k3_eps0p0025,False,0.05,q95,max_ssr,0.020820985643462686
stratified_size_rep007,stratified_size,7,b50_lb3_k3_eps0p0025,hierarchical_local_aggregate,uniform,300,60,5,0.009269910316399305,0.013815416666666686,0.020736526159228868,0.024283947937394024,0.5266666666666666,1.0,1.0,0.42937499999999995,0.0,0.42937499999999995,21675.0,11412.5,0.020736526159228868,0.024283947937394024,b50_lb3_k3_eps0p0025,False,0.05,q95,max_ssr,0.020736526159228868
stratified_size_rep007,stratified_size,7,b50_lb3_k3_eps0p0025,local_only_offline_aggregate,confidence,300,60,5,0.004050288023835117,0.009701263017215222,0.01707882920206171,0.023395161290322875,0.76,1.0,1.0,0.1096875,0.0,0.044999999999999984,34825.0,19100.0,0.01707882920206171,0.023395161290322875,b50_lb3_k3_eps0p0025,False,0.05,q95,max_ssr,0.01707882920206171
stratified_size_rep007,stratified_size,7,b50_lb3_k3_eps0p0025,local_only_offline_aggregate,shot_proportional,300,60,5,0.003820436363245089,0.00980398217253621,0.017140474248593635,0.023395161290322875,0.7633333333333333,1.0,1.0,0.1096875,0.0,0.044999999999999984,34825.0,19100.0,0.017140474248593635,0.023395161290322875,b50_lb3_k3_eps0p0025,False,0.05,q95,max_ssr,0.017140474248593635
stratified_size_rep007,stratified_size,7,b50_lb3_k3_eps0p0025,local_only_offline_aggregate,uniform,300,60,5,0.0039040718444059573,0.009548085402333433,0.01705537048871507,0.023395161290322875,0.7633333333333333,1.0,1.0,0.1096875,0.0,0.044999999999999984,34825.0,19100.0,0.01705537048871507,0.023395161290322875,b50_lb3_k3_eps0p0025,False,0.05,q95,max_ssr,0.01705537048871507
stratified_size_rep008,stratified_size,8,b50_lb3_k3_eps0p0025,aggregate_only_sync,confidence,300,60,5,0.009173156318082774,0.014055179312181991,0.020491576508468976,0.023395161290322875,0.5266666666666666,1.0,1.0,0.44999999999999996,0.0,0.44999999999999996,21975.0,11000.0,0.020491576508468976,0.023395161290322875,b50_lb3_k3_eps0p0025,False,0.05,q95,max_ssr,0.020491576508468976
stratified_size_rep008,stratified_size,8,b50_lb3_k3_eps0p0025,aggregate_only_sync,shot_proportional,300,60,5,0.009173156318082774,0.014055179312181991,0.020491576508468976,0.023395161290322875,0.5266666666666666,1.0,1.0,0.44999999999999996,0.0,0.44999999999999996,21975.0,11000.0,0.020491576508468976,0.023395161290322875,b50_lb3_k3_eps0p0025,False,0.05,q95,max_ssr,0.020491576508468976
stratified_size_rep008,stratified_size,8,b50_lb3_k3_eps0p0025,aggregate_only_sync,uniform,300,60,5,0.009173156318082774,0.014055179312181991,0.020491576508468976,0.023395161290322875,0.5266666666666666,1.0,1.0,0.44999999999999996,0.0,0.44999999999999996,21975.0,11000.0,0.020491576508468976,0.023395161290322875,b50_lb3_k3_eps0p0025,False,0.05,q95,max_ssr,0.020491576508468976
stratified_size_rep008,stratified_size,8,b50_lb3_k3_eps0p0025,hierarchical_local_aggregate,confidence,300,60,5,0.008290139966752414,0.014019747623164575,0.020058447312818493,0.023395161290322875,0.5466666666666666,1.0,1.0,0.45062499999999994,0.0,0.45062499999999994,21675.0,10987.5,0.020058447312818493,0.023395161290322875,b50_lb3_k3_eps0p0025,False,0.05,q95,max_ssr,0.020058447312818493
stratified_size_rep008,stratified_size,8,b50_lb3_k3_eps0p0025,hierarchical_local_aggregate,shot_proportional,300,60,5,0.009308982936686125,0.014074799453999377,0.020820985643462686,0.0243791461577096,0.53,1.0,1.0,0.45062499999999994,0.0,0.45062499999999994,21675.0,10987.5,0.020820985643462686,0.0243791461577096,b50_lb3_k3_eps0p0025,False,0.05,q95,max_ssr,0.020820985643462686
stratified_size_rep008,stratified_size,8,b50_lb3_k3_eps0p0025,hierarchical_local_aggregate,uniform,300,60,5,0.009269910316399305,0.014055179312181991,0.02071695725646612,0.024283947937394024,0.53,1.0,1.0,0.45062499999999994,0.0,0.45062499999999994,21675.0,10987.5,0.02071695725646612,0.024283947937394024,b50_lb3_k3_eps0p0025,False,0.05,q95,max_ssr,0.02071695725646612
stratified_size_rep008,stratified_size,8,b50_lb3_k3_eps0p0025,local_only_offline_aggregate,confidence,300,60,5,0.004050288023835117,0.010005535654509613,0.01707882920206171,0.023395161290322875,0.75,1.0,1.0,0.14812499999999998,0.0,0.09499999999999997,34287.5,18100.0,0.01707882920206171,0.023395161290322875,b50_lb3_k3_eps0p0025,False,0.05,q95,max_ssr,0.01707882920206171
stratified_size_rep008,stratified_size,8,b50_lb3_k3_eps0p0025,local_only_offline_aggregate,shot_proportional,300,60,5,0.003802986497064323,0.009884567591983497,0.01713782059634551,0.023395161290322875,0.7533333333333333,1.0,1.0,0.14812499999999998,0.0,0.09499999999999997,34287.5,18100.0,0.01713782059634551,0.023395161290322875,b50_lb3_k3_eps0p0025,False,0.05,q95,max_ssr,0.01713782059634551
stratified_size_rep008,stratified_size,8,b50_lb3_k3_eps0p0025,local_only_offline_aggregate,uniform,300,60,5,0.0039040718444059573,0.0100034309638106,0.01705537048871507,0.023395161290322875,0.75,1.0,1.0,0.14812499999999998,0.0,0.09499999999999997,34287.5,18100.0,0.01705537048871507,0.023395161290322875,b50_lb3_k3_eps0p0025,False,0.05,q95,max_ssr,0.01705537048871507
stratified_size_rep009,stratified_size,9,b50_lb3_k3_eps0p0025,aggregate_only_sync,confidence,300,60,5,0.009783744775339607,0.0138669868416802,0.020350516240673338,0.02325794573643404,0.5033333333333333,1.0,1.0,0.45062499999999994,0.0,0.45062499999999994,21925.0,10987.5,0.020350516240673338,0.02325794573643404,b50_lb3_k3_eps0p0025,False,0.05,q95,max_ssr,0.020350516240673338
stratified_size_rep009,stratified_size,9,b50_lb3_k3_eps0p0025,aggregate_only_sync,shot_proportional,300,60,5,0.009783744775339607,0.0138669868416802,0.020350516240673338,0.02325794573643404,0.5033333333333333,1.0,1.0,0.45062499999999994,0.0,0.45062499999999994,21925.0,10987.5,0.020350516240673338,0.02325794573643404,b50_lb3_k3_eps0p0025,False,0.05,q95,max_ssr,0.020350516240673338
stratified_size_rep009,stratified_size,9,b50_lb3_k3_eps0p0025,aggregate_only_sync,uniform,300,60,5,0.009783744775339607,0.0138669868416802,0.020350516240673338,0.02325794573643404,0.5033333333333333,1.0,1.0,0.45062499999999994,0.0,0.45062499999999994,21925.0,10987.5,0.020350516240673338,0.02325794573643404,b50_lb3_k3_eps0p0025,False,0.05,q95,max_ssr,0.020350516240673338
stratified_size_rep009,stratified_size,9,b50_lb3_k3_eps0p0025,hierarchical_local_aggregate,confidence,300,60,5,0.009278902212491086,0.013801115497564555,0.019553507633038206,0.022830540163994877,0.52,1.0,1.0,0.45062499999999994,0.0,0.45062499999999994,21675.0,10987.5,0.019553507633038206,0.022830540163994877,b50_lb3_k3_eps0p0025,False,0.05,q95,max_ssr,0.019553507633038206
stratified_size_rep009,stratified_size,9,b50_lb3_k3_eps0p0025,hierarchical_local_aggregate,shot_proportional,300,60,5,0.00973898101183513,0.0138669868416802,0.02051930873846202,0.0243791461577096,0.5066666666666667,1.0,1.0,0.45062499999999994,0.0,0.45062499999999994,21675.0,10987.5,0.02051930873846202,0.0243791461577096,b50_lb3_k3_eps0p0025,False,0.05,q95,max_ssr,0.02051930873846202
stratified_size_rep009,stratified_size,9,b50_lb3_k3_eps0p0025,hierarchical_local_aggregate,uniform,300,60,5,0.009695962819686259,0.0138669868416802,0.02051002127348313,0.024283947937394024,0.5066666666666667,1.0,1.0,0.45062499999999994,0.0,0.45062499999999994,21675.0,10987.5,0.02051002127348313,0.024283947937394024,b50_lb3_k3_eps0p0025,False,0.05,q95,max_ssr,0.02051002127348313
stratified_size_rep009,stratified_size,9,b50_lb3_k3_eps0p0025,local_only_offline_aggregate,confidence,300,60,5,0.003461168573621479,0.009760510736788571,0.017156468321704595,0.0227821428571429,0.7566666666666667,1.0,1.0,0.1696875,0.0,0.11249999999999999,35362.5,17750.0,0.017156468321704595,0.0227821428571429,b50_lb3_k3_eps0p0025,False,0.05,q95,max_ssr,0.017156468321704595
stratified_size_rep009,stratified_size,9,b50_lb3_k3_eps0p0025,local_only_offline_aggregate,shot_proportional,300,60,5,0.003486506373448209,0.00987459909534628,0.017144011815717303,0.0227821428571429,0.7566666666666667,1.0,1.0,0.1696875,0.0,0.11249999999999999,35362.5,17750.0,0.017144011815717303,0.0227821428571429,b50_lb3_k3_eps0p0025,False,0.05,q95,max_ssr,0.017144011815717303
stratified_size_rep009,stratified_size,9,b50_lb3_k3_eps0p0025,local_only_offline_aggregate,uniform,300,60,5,0.0034969506261491165,0.009726759500867408,0.017148987633712667,0.0227821428571429,0.7566666666666667,1.0,1.0,0.1696875,0.0,0.11249999999999999,35362.5,17750.0,0.017148987633712667,0.0227821428571429,b50_lb3_k3_eps0p0025,False,0.05,q95,max_ssr,0.017148987633712667
stratified_size_rep010,stratified_size,10,b50_lb3_k3_eps0p0025,aggregate_only_sync,confidence,300,60,5,0.009254524410774425,0.013815416666666686,0.020391384796795156,0.023395161290322875,0.52,1.0,1.0,0.44499999999999995,0.0,0.44499999999999995,21850.0,11100.0,0.020391384796795156,0.023395161290322875,b50_lb3_k3_eps0p0025,False,0.05,q95,max_ssr,0.020391384796795156
stratified_size_rep010,stratified_size,10,b50_lb3_k3_eps0p0025,aggregate_only_sync,shot_proportional,300,60,5,0.009254524410774425,0.013815416666666686,0.020391384796795156,0.023395161290322875,0.52,1.0,1.0,0.44499999999999995,0.0,0.44499999999999995,21850.0,11100.0,0.020391384796795156,0.023395161290322875,b50_lb3_k3_eps0p0025,False,0.05,q95,max_ssr,0.020391384796795156
stratified_size_rep010,stratified_size,10,b50_lb3_k3_eps0p0025,aggregate_only_sync,uniform,300,60,5,0.009254524410774425,0.013815416666666686,0.020391384796795156,0.023395161290322875,0.52,1.0,1.0,0.44499999999999995,0.0,0.44499999999999995,21850.0,11100.0,0.020391384796795156,0.023395161290322875,b50_lb3_k3_eps0p0025,False,0.05,q95,max_ssr,0.020391384796795156
stratified_size_rep010,stratified_size,10,b50_lb3_k3_eps0p0025,hierarchical_local_aggregate,confidence,300,60,5,0.008290139966752414,0.013719626501346708,0.020058447312818493,0.023395161290322875,0.5366666666666666,1.0,1.0,0.44499999999999995,0.0,0.44499999999999995,21525.0,11100.0,0.020058447312818493,0.023395161290322875,b50_lb3_k3_eps0p0025,False,0.05,q95,max_ssr,0.020058447312818493
stratified_size_rep010,stratified_size,10,b50_lb3_k3_eps0p0025,hierarchical_local_aggregate,shot_proportional,300,60,5,0.009308982936686125,0.013815416666666686,0.020558885958539642,0.023395161290322875,0.5233333333333333,1.0,1.0,0.44499999999999995,0.0,0.44499999999999995,21525.0,11100.0,0.020558885958539642,0.023395161290322875,b50_lb3_k3_eps0p0025,False,0.05,q95,max_ssr,0.020558885958539642
stratified_size_rep010,stratified_size,10,b50_lb3_k3_eps0p0025,hierarchical_local_aggregate,uniform,300,60,5,0.009269910316399305,0.013815416666666686,0.020558885958539642,0.023395161290322875,0.5233333333333333,1.0,1.0,0.44499999999999995,0.0,0.44499999999999995,21525.0,11100.0,0.020558885958539642,0.023395161290322875,b50_lb3_k3_eps0p0025,False,0.05,q95,max_ssr,0.020558885958539642
stratified_size_rep010,stratified_size,10,b50_lb3_k3_eps0p0025,local_only_offline_aggregate,confidence,300,60,5,0.003632610196978257,0.009736594486307901,0.016739360962587303,0.023395161290322875,0.76,1.0,1.0,0.1121875,0.0,0.05624999999999997,34600.0,18875.0,0.016739360962587303,0.023395161290322875,b50_lb3_k3_eps0p0025,False,0.05,q95,max_ssr,0.016739360962587303
stratified_size_rep010,stratified_size,10,b50_lb3_k3_eps0p0025,local_only_offline_aggregate,shot_proportional,300,60,5,0.003486506373448209,0.009747885077870425,0.01684291862782374,0.023395161290322875,0.7633333333333333,1.0,1.0,0.1121875,0.0,0.05624999999999997,34600.0,18875.0,0.01684291862782374,0.023395161290322875,b50_lb3_k3_eps0p0025,False,0.05,q95,max_ssr,0.01684291862782374
stratified_size_rep010,stratified_size,10,b50_lb3_k3_eps0p0025,local_only_offline_aggregate,uniform,300,60,5,0.003626951067988778,0.009647104446898749,0.01674119253376788,0.023395161290322875,0.76,1.0,1.0,0.1121875,0.0,0.05624999999999997,34600.0,18875.0,0.01674119253376788,0.023395161290322875,b50_lb3_k3_eps0p0025,False,0.05,q95,max_ssr,0.01674119253376788
stratified_size_rep011,stratified_size,11,b50_lb3_k3_eps0p0025,aggregate_only_sync,confidence,300,60,5,0.009911841423442728,0.0138669868416802,0.020516368725868806,0.023395161290322875,0.5033333333333333,1.0,1.0,0.46062499999999995,0.0,0.46062499999999995,21675.0,10787.5,0.020516368725868806,0.023395161290322875,b50_lb3_k3_eps0p0025,False,0.05,q95,max_ssr,0.020516368725868806
stratified_size_rep011,stratified_size,11,b50_lb3_k3_eps0p0025,aggregate_only_sync,shot_proportional,300,60,5,0.009911841423442728,0.0138669868416802,0.020516368725868806,0.023395161290322875,0.5033333333333333,1.0,1.0,0.46062499999999995,0.0,0.46062499999999995,21675.0,10787.5,0.020516368725868806,0.023395161290322875,b50_lb3_k3_eps0p0025,False,0.05,q95,max_ssr,0.020516368725868806
stratified_size_rep011,stratified_size,11,b50_lb3_k3_eps0p0025,aggregate_only_sync,uniform,300,60,5,0.009911841423442728,0.0138669868416802,0.020516368725868806,0.023395161290322875,0.5033333333333333,1.0,1.0,0.46062499999999995,0.0,0.46062499999999995,21675.0,10787.5,0.020516368725868806,0.023395161290322875,b50_lb3_k3_eps0p0025,False,0.05,q95,max_ssr,0.020516368725868806
stratified_size_rep011,stratified_size,11,b50_lb3_k3_eps0p0025,hierarchical_local_aggregate,confidence,300,60,5,0.009278902212491086,0.013801115497564555,0.020058447312818493,0.023395161290322875,0.5233333333333333,1.0,1.0,0.466875,0.0,0.466875,21175.0,10662.5,0.020058447312818493,0.023395161290322875,b50_lb3_k3_eps0p0025,False,0.05,q95,max_ssr,0.020058447312818493
stratified_size_rep011,stratified_size,11,b50_lb3_k3_eps0p0025,hierarchical_local_aggregate,shot_proportional,300,60,5,0.009815150029598978,0.0138669868416802,0.0206214319205899,0.0243791461577096,0.5066666666666667,1.0,1.0,0.466875,0.0,0.466875,21175.0,10662.5,0.0206214319205899,0.0243791461577096,b50_lb3_k3_eps0p0025,False,0.05,q95,max_ssr,0.0206214319205899
stratified_size_rep011,stratified_size,11,b50_lb3_k3_eps0p0025,hierarchical_local_aggregate,uniform,300,60,5,0.009783744775339607,0.0138669868416802,0.02061944747713804,0.024283947937394024,0.5066666666666667,1.0,1.0,0.466875,0.0,0.466875,21175.0,10662.5,0.02061944747713804,0.024283947937394024,b50_lb3_k3_eps0p0025,False,0.05,q95,max_ssr,0.02061944747713804
stratified_size_rep011,stratified_size,11,b50_lb3_k3_eps0p0025,local_only_offline_aggregate,confidence,300,60,5,0.004469355545304151,0.010125372165741303,0.017141297242627498,0.023395161290322875,0.7466666666666667,1.0,1.0,0.20281249999999998,0.0,0.15499999999999997,34212.5,16900.0,0.017141297242627498,0.023395161290322875,b50_lb3_k3_eps0p0025,False,0.05,q95,max_ssr,0.017141297242627498
stratified_size_rep011,stratified_size,11,b50_lb3_k3_eps0p0025,local_only_offline_aggregate,shot_proportional,300,60,5,0.004451173821994952,0.009972379769749703,0.017144011815717303,0.023395161290322875,0.75,1.0,1.0,0.20281249999999998,0.0,0.15499999999999997,34212.5,16900.0,0.017144011815717303,0.023395161290322875,b50_lb3_k3_eps0p0025,False,0.05,q95,max_ssr,0.017144011815717303
stratified_size_rep011,stratified_size,11,b50_lb3_k3_eps0p0025,local_only_offline_aggregate,uniform,300,60,5,0.004498970083892233,0.010043263212518796,0.017141297242627498,0.023395161290322875,0.75,1.0,1.0,0.20281249999999998,0.0,0.15499999999999997,34212.5,16900.0,0.017141297242627498,0.023395161290322875,b50_lb3_k3_eps0p0025,False,0.05,q95,max_ssr,0.017141297242627498
stratified_size_rep012,stratified_size,12,b50_lb3_k3_eps0p0025,aggregate_only_sync,confidence,300,60,5,0.010187639229336212,0.014333372433854172,0.020586866760031977,0.023395161290322875,0.49,1.0,1.0,0.476875,0.0,0.476875,22375.0,10462.5,0.020586866760031977,0.023395161290322875,b50_lb3_k3_eps0p0025,False,0.05,q95,max_ssr,0.020586866760031977
stratified_size_rep012,stratified_size,12,b50_lb3_k3_eps0p0025,aggregate_only_sync,shot_proportional,300,60,5,0.010187639229336212,0.014333372433854172,0.020586866760031977,0.023395161290322875,0.49,1.0,1.0,0.476875,0.0,0.476875,22375.0,10462.5,0.020586866760031977,0.023395161290322875,b50_lb3_k3_eps0p0025,False,0.05,q95,max_ssr,0.020586866760031977
stratified_size_rep012,stratified_size,12,b50_lb3_k3_eps0p0025,aggregate_only_sync,uniform,300,60,5,0.010187639229336212,0.014333372433854172,0.020586866760031977,0.023395161290322875,0.49,1.0,1.0,0.476875,0.0,0.476875,22375.0,10462.5,0.020586866760031977,0.023395161290322875,b50_lb3_k3_eps0p0025,False,0.05,q95,max_ssr,0.020586866760031977
stratified_size_rep012,stratified_size,12,b50_lb3_k3_eps0p0025,hierarchical_local_aggregate,confidence,300,60,5,0.009657344189714027,0.014472758654863643,0.020516172759754914,0.023395161290322875,0.5066666666666667,1.0,1.0,0.479375,0.0,0.479375,22125.0,10412.5,0.020516172759754914,0.023395161290322875,b50_lb3_k3_eps0p0025,False,0.05,q95,max_ssr,0.020516172759754914
stratified_size_rep012,stratified_size,12,b50_lb3_k3_eps0p0025,hierarchical_local_aggregate,shot_proportional,300,60,5,0.010292024400330765,0.014333372433854172,0.021052861255037112,0.0243791461577096,0.49333333333333335,1.0,1.0,0.479375,0.0,0.479375,22125.0,10412.5,0.021052861255037112,0.0243791461577096,b50_lb3_k3_eps0p0025,False,0.05,q95,max_ssr,0.021052861255037112
stratified_size_rep012,stratified_size,12,b50_lb3_k3_eps0p0025,hierarchical_local_aggregate,uniform,300,60,5,0.010227048326968493,0.014333372433854172,0.02105046433200669,0.024283947937394024,0.49333333333333335,1.0,1.0,0.479375,0.0,0.479375,22125.0,10412.5,0.02105046433200669,0.024283947937394024,b50_lb3_k3_eps0p0025,False,0.05,q95,max_ssr,0.02105046433200669
stratified_size_rep012,stratified_size,12,b50_lb3_k3_eps0p0025,local_only_offline_aggregate,confidence,300,60,5,0.004654148511641438,0.010845771512674811,0.01753312428789988,0.023395161290322875,0.7266666666666667,1.0,1.0,0.25749999999999995,0.0,0.15749999999999997,35487.5,16850.0,0.01753312428789988,0.023395161290322875,b50_lb3_k3_eps0p0025,False,0.05,q95,max_ssr,0.01753312428789988
stratified_size_rep012,stratified_size,12,b50_lb3_k3_eps0p0025,local_only_offline_aggregate,shot_proportional,300,60,5,0.004622314513452203,0.010673811890689684,0.017223980783498752,0.023395161290322875,0.73,1.0,1.0,0.25749999999999995,0.0,0.15749999999999997,35487.5,16850.0,0.017223980783498752,0.023395161290322875,b50_lb3_k3_eps0p0025,False,0.05,q95,max_ssr,0.017223980783498752
stratified_size_rep012,stratified_size,12,b50_lb3_k3_eps0p0025,local_only_offline_aggregate,uniform,300,60,5,0.00463514569341514,0.010817856732157577,0.0173864574108747,0.023395161290322875,0.7266666666666667,1.0,1.0,0.25749999999999995,0.0,0.15749999999999997,35487.5,16850.0,0.0173864574108747,0.023395161290322875,b50_lb3_k3_eps0p0025,False,0.05,q95,max_ssr,0.0173864574108747
stratified_size_rep013,stratified_size,13,b50_lb3_k3_eps0p0025,aggregate_only_sync,confidence,300,60,5,0.009173156318082774,0.0138669868416802,0.020516368725868806,0.023395161290322875,0.5166666666666667,1.0,1.0,0.380625,0.0,0.380625,23825.0,12387.5,0.020516368725868806,0.023395161290322875,b50_lb3_k3_eps0p0025,False,0.05,q95,max_ssr,0.020516368725868806
stratified_size_rep013,stratified_size,13,b50_lb3_k3_eps0p0025,aggregate_only_sync,shot_proportional,300,60,5,0.009173156318082774,0.0138669868416802,0.020516368725868806,0.023395161290322875,0.5166666666666667,1.0,1.0,0.380625,0.0,0.380625,23825.0,12387.5,0.020516368725868806,0.023395161290322875,b50_lb3_k3_eps0p0025,False,0.05,q95,max_ssr,0.020516368725868806
stratified_size_rep013,stratified_size,13,b50_lb3_k3_eps0p0025,aggregate_only_sync,uniform,300,60,5,0.009173156318082774,0.0138669868416802,0.020516368725868806,0.023395161290322875,0.5166666666666667,1.0,1.0,0.380625,0.0,0.380625,23825.0,12387.5,0.020516368725868806,0.023395161290322875,b50_lb3_k3_eps0p0025,False,0.05,q95,max_ssr,0.020516368725868806
stratified_size_rep013,stratified_size,13,b50_lb3_k3_eps0p0025,hierarchical_local_aggregate,confidence,300,60,5,0.008290139966752414,0.013801115497564555,0.019830526512731986,0.023395161290322875,0.5333333333333333,1.0,1.0,0.380625,0.0,0.380625,22750.0,12387.5,0.019830526512731986,0.023395161290322875,b50_lb3_k3_eps0p0025,False,0.05,q95,max_ssr,0.019830526512731986
stratified_size_rep013,stratified_size,13,b50_lb3_k3_eps0p0025,hierarchical_local_aggregate,shot_proportional,300,60,5,0.00913982124428716,0.0138669868416802,0.0206214319205899,0.0243791461577096,0.52,1.0,1.0,0.380625,0.0,0.380625,22750.0,12387.5,0.0206214319205899,0.0243791461577096,b50_lb3_k3_eps0p0025,False,0.05,q95,max_ssr,0.0206214319205899
stratified_size_rep013,stratified_size,13,b50_lb3_k3_eps0p0025,hierarchical_local_aggregate,uniform,300,60,5,0.008962069573443386,0.0138669868416802,0.02061944747713804,0.024283947937394024,0.52,1.0,1.0,0.380625,0.0,0.380625,22750.0,12387.5,0.02061944747713804,0.024283947937394024,b50_lb3_k3_eps0p0025,False,0.05,q95,max_ssr,0.02061944747713804
stratified_size_rep013,stratified_size,13,b50_lb3_k3_eps0p0025,local_only_offline_aggregate,confidence,300,60,5,0.003382522332471701,0.00968406653294198,0.016940186665384976,0.023395161290322875,0.7633333333333333,1.0,1.0,0.05291666666666667,0.0,0.0024999999999999467,38650.0,19950.0,0.016940186665384976,0.023395161290322875,b50_lb3_k3_eps0p0025,False,0.05,q95,max_ssr,0.016940186665384976
stratified_size_rep013,stratified_size,13,b50_lb3_k3_eps0p0025,local_only_offline_aggregate,shot_proportional,300,60,5,0.0033325047943432635,0.009747885077870425,0.01703911087979647,0.023395161290322875,0.7666666666666667,1.0,1.0,0.05291666666666667,0.0,0.0024999999999999467,38650.0,19950.0,0.01703911087979647,0.023395161290322875,b50_lb3_k3_eps0p0025,False,0.05,q95,max_ssr,0.01703911087979647
stratified_size_rep013,stratified_size,13,b50_lb3_k3_eps0p0025,local_only_offline_aggregate,uniform,300,60,5,0.0032946323810231814,0.009518965591384406,0.0169737518486924,0.023395161290322875,0.7666666666666667,1.0,1.0,0.05291666666666667,0.0,0.0024999999999999467,38650.0,19950.0,0.0169737518486924,0.023395161290322875,b50_lb3_k3_eps0p0025,False,0.05,q95,max_ssr,0.0169737518486924
stratified_size_rep014,stratified_size,14,b50_lb3_k3_eps0p0025,aggregate_only_sync,confidence,300,60,5,0.010390384615384586,0.014208947956577317,0.020556119632220676,0.023395161290322875,0.48333333333333334,1.0,1.0,0.476875,0.0,0.476875,21975.0,10462.5,0.020556119632220676,0.023395161290322875,b50_lb3_k3_eps0p0025,False,0.05,q95,max_ssr,0.020556119632220676
stratified_size_rep014,stratified_size,14,b50_lb3_k3_eps0p0025,aggregate_only_sync,shot_proportional,300,60,5,0.010390384615384586,0.014208947956577317,0.020556119632220676,0.023395161290322875,0.48333333333333334,1.0,1.0,0.476875,0.0,0.476875,21975.0,10462.5,0.020556119632220676,0.023395161290322875,b50_lb3_k3_eps0p0025,False,0.05,q95,max_ssr,0.020556119632220676
stratified_size_rep014,stratified_size,14,b50_lb3_k3_eps0p0025,aggregate_only_sync,uniform,300,60,5,0.010390384615384586,0.014208947956577317,0.020556119632220676,0.023395161290322875,0.48333333333333334,1.0,1.0,0.476875,0.0,0.476875,21975.0,10462.5,0.020556119632220676,0.023395161290322875,b50_lb3_k3_eps0p0025,False,0.05,q95,max_ssr,0.020556119632220676
stratified_size_rep014,stratified_size,14,b50_lb3_k3_eps0p0025,hierarchical_local_aggregate,confidence,300,60,5,0.009829218470684055,0.014083221265614098,0.020404099933087245,0.023395161290322875,0.5033333333333333,1.0,1.0,0.479375,0.0,0.479375,21675.0,10412.5,0.020404099933087245,0.023395161290322875,b50_lb3_k3_eps0p0025,False,0.05,q95,max_ssr,0.020404099933087245
stratified_size_rep014,stratified_size,14,b50_lb3_k3_eps0p0025,hierarchical_local_aggregate,shot_proportional,300,60,5,0.010407755749405202,0.014220663967079881,0.02097663515003319,0.0243791461577096,0.4866666666666667,1.0,1.0,0.479375,0.0,0.479375,21675.0,10412.5,0.02097663515003319,0.0243791461577096,b50_lb3_k3_eps0p0025,False,0.05,q95,max_ssr,0.02097663515003319
stratified_size_rep014,stratified_size,14,b50_lb3_k3_eps0p0025,hierarchical_local_aggregate,uniform,300,60,5,0.010407755749405202,0.014206827110129005,0.02097663515003319,0.024283947937394024,0.4866666666666667,1.0,1.0,0.479375,0.0,0.479375,21675.0,10412.5,0.02097663515003319,0.024283947937394024,b50_lb3_k3_eps0p0025,False,0.05,q95,max_ssr,0.02097663515003319
stratified_size_rep014,stratified_size,14,b50_lb3_k3_eps0p0025,local_only_offline_aggregate,confidence,300,60,5,0.004812484831229452,0.010686625698784527,0.01707882920206171,0.023395161290322875,0.7366666666666667,1.0,1.0,0.25749999999999995,0.0,0.15749999999999997,34212.5,16850.0,0.01707882920206171,0.023395161290322875,b50_lb3_k3_eps0p0025,False,0.05,q95,max_ssr,0.01707882920206171
stratified_size_rep014,stratified_size,14,b50_lb3_k3_eps0p0025,local_only_offline_aggregate,shot_proportional,300,60,5,0.004817077877098666,0.010492835397421478,0.01713782059634551,0.023395161290322875,0.74,1.0,1.0,0.25749999999999995,0.0,0.15749999999999997,34212.5,16850.0,0.01713782059634551,0.023395161290322875,b50_lb3_k3_eps0p0025,False,0.05,q95,max_ssr,0.01713782059634551
stratified_size_rep014,stratified_size,14,b50_lb3_k3_eps0p0025,local_only_offline_aggregate,uniform,300,60,5,0.004764927655300916,0.010639721657590587,0.01705537048871507,0.023395161290322875,0.7366666666666667,1.0,1.0,0.25749999999999995,0.0,0.15749999999999997,34212.5,16850.0,0.01705537048871507,0.023395161290322875,b50_lb3_k3_eps0p0025,False,0.05,q95,max_ssr,0.01705537048871507
stratified_size_rep015,stratified_size,15,b50_lb3_k3_eps0p0025,aggregate_only_sync,confidence,300,60,5,0.009254524410774425,0.013854298564504122,0.020089158048369762,0.0227821428571429,0.52,1.0,1.0,0.44499999999999995,0.0,0.44499999999999995,21225.0,11100.0,0.020089158048369762,0.0227821428571429,b50_lb3_k3_eps0p0025,False,0.05,q95,max_ssr,0.020089158048369762
stratified_size_rep015,stratified_size,15,b50_lb3_k3_eps0p0025,aggregate_only_sync,shot_proportional,300,60,5,0.009254524410774425,0.013854298564504122,0.020089158048369762,0.0227821428571429,0.52,1.0,1.0,0.44499999999999995,0.0,0.44499999999999995,21225.0,11100.0,0.020089158048369762,0.0227821428571429,b50_lb3_k3_eps0p0025,False,0.05,q95,max_ssr,0.020089158048369762
stratified_size_rep015,stratified_size,15,b50_lb3_k3_eps0p0025,aggregate_only_sync,uniform,300,60,5,0.009254524410774425,0.013854298564504122,0.020089158048369762,0.0227821428571429,0.52,1.0,1.0,0.44499999999999995,0.0,0.44499999999999995,21225.0,11100.0,0.020089158048369762,0.0227821428571429,b50_lb3_k3_eps0p0025,False,0.05,q95,max_ssr,0.020089158048369762
stratified_size_rep015,stratified_size,15,b50_lb3_k3_eps0p0025,hierarchical_local_aggregate,confidence,300,60,5,0.008290139966752414,0.013780500270425152,0.01982646812869835,0.0227821428571429,0.5433333333333333,1.0,1.0,0.44499999999999995,0.0,0.44499999999999995,20875.0,11100.0,0.01982646812869835,0.0227821428571429,b50_lb3_k3_eps0p0025,False,0.05,q95,max_ssr,0.01982646812869835
stratified_size_rep015,stratified_size,15,b50_lb3_k3_eps0p0025,hierarchical_local_aggregate,shot_proportional,300,60,5,0.009485975053120361,0.013854298564504122,0.020446355059523854,0.02287320705610179,0.5233333333333333,1.0,1.0,0.44499999999999995,0.0,0.44499999999999995,20875.0,11100.0,0.020446355059523854,0.02287320705610179,b50_lb3_k3_eps0p0025,False,0.05,q95,max_ssr,0.020446355059523854
stratified_size_rep015,stratified_size,15,b50_lb3_k3_eps0p0025,hierarchical_local_aggregate,uniform,300,60,5,0.009446902432833543,0.013854298564504122,0.02042886592640466,0.02287320705610179,0.5233333333333333,1.0,1.0,0.44499999999999995,0.0,0.44499999999999995,20875.0,11100.0,0.02042886592640466,0.02287320705610179,b50_lb3_k3_eps0p0025,False,0.05,q95,max_ssr,0.02042886592640466
stratified_size_rep015,stratified_size,15,b50_lb3_k3_eps0p0025,local_only_offline_aggregate,confidence,300,60,5,0.004231983923640383,0.009715547841069315,0.016749590053763447,0.0227821428571429,0.7566666666666667,1.0,1.0,0.14812499999999998,0.0,0.09499999999999997,33575.0,18100.0,0.016749590053763447,0.0227821428571429,b50_lb3_k3_eps0p0025,False,0.05,q95,max_ssr,0.016749590053763447
stratified_size_rep015,stratified_size,15,b50_lb3_k3_eps0p0025,local_only_offline_aggregate,shot_proportional,300,60,5,0.004392767233098122,0.00986820156328787,0.01713782059634551,0.0227821428571429,0.76,1.0,1.0,0.14812499999999998,0.0,0.09499999999999997,33575.0,18100.0,0.01713782059634551,0.0227821428571429,b50_lb3_k3_eps0p0025,False,0.05,q95,max_ssr,0.01713782059634551
stratified_size_rep015,stratified_size,15,b50_lb3_k3_eps0p0025,local_only_offline_aggregate,uniform,300,60,5,0.004308731379597043,0.009726759500867408,0.016749590053763447,0.0227821428571429,0.7566666666666667,1.0,1.0,0.14812499999999998,0.0,0.09499999999999997,33575.0,18100.0,0.016749590053763447,0.0227821428571429,b50_lb3_k3_eps0p0025,False,0.05,q95,max_ssr,0.016749590053763447
stratified_size_rep016,stratified_size,16,b50_lb3_k3_eps0p0025,aggregate_only_sync,confidence,300,60,5,0.00850370807554543,0.01380819915254237,0.020407603479939997,0.023395161290322875,0.54,1.0,1.0,0.450625,0.0,0.450625,21825.0,10987.5,0.020407603479939997,0.023395161290322875,b50_lb3_k3_eps0p0025,False,0.05,q95,max_ssr,0.020407603479939997
stratified_size_rep016,stratified_size,16,b50_lb3_k3_eps0p0025,aggregate_only_sync,shot_proportional,300,60,5,0.00850370807554543,0.01380819915254237,0.020407603479939997,0.023395161290322875,0.54,1.0,1.0,0.450625,0.0,0.450625,21825.0,10987.5,0.020407603479939997,0.023395161290322875,b50_lb3_k3_eps0p0025,False,0.05,q95,max_ssr,0.020407603479939997
stratified_size_rep016,stratified_size,16,b50_lb3_k3_eps0p0025,aggregate_only_sync,uniform,300,60,5,0.00850370807554543,0.01380819915254237,0.020407603479939997,0.023395161290322875,0.54,1.0,1.0,0.450625,0.0,0.450625,21825.0,10987.5,0.020407603479939997,0.023395161290322875,b50_lb3_k3_eps0p0025,False,0.05,q95,max_ssr,0.020407603479939997
stratified_size_rep016,stratified_size,16,b50_lb3_k3_eps0p0025,hierarchical_local_aggregate,confidence,300,60,5,0.007873565731333177,0.013719626501346708,0.020228161281212634,0.023395161290322875,0.5533333333333333,1.0,1.0,0.4575,0.0,0.4575,21350.0,10850.0,0.020228161281212634,0.023395161290322875,b50_lb3_k3_eps0p0025,False,0.05,q95,max_ssr,0.020228161281212634
stratified_size_rep016,stratified_size,16,b50_lb3_k3_eps0p0025,hierarchical_local_aggregate,shot_proportional,300,60,5,0.008693952429149793,0.01380819915254237,0.020733815865383053,0.023395161290322875,0.5433333333333333,1.0,1.0,0.4575,0.0,0.4575,21350.0,10850.0,0.020733815865383053,0.023395161290322875,b50_lb3_k3_eps0p0025,False,0.05,q95,max_ssr,0.020733815865383053
stratified_size_rep016,stratified_size,16,b50_lb3_k3_eps0p0025,hierarchical_local_aggregate,uniform,300,60,5,0.00868907019594175,0.01380819915254237,0.020709801726608,0.023395161290322875,0.5433333333333333,1.0,1.0,0.4575,0.0,0.4575,21350.0,10850.0,0.020709801726608,0.023395161290322875,b50_lb3_k3_eps0p0025,False,0.05,q95,max_ssr,0.020709801726608
stratified_size_rep016,stratified_size,16,b50_lb3_k3_eps0p0025,local_only_offline_aggregate,confidence,300,60,5,0.004231983923640383,0.009760510736788571,0.016946944510280865,0.023395161290322875,0.7566666666666667,1.0,1.0,0.14812499999999998,0.0,0.09499999999999997,34212.5,18100.0,0.016946944510280865,0.023395161290322875,b50_lb3_k3_eps0p0025,False,0.05,q95,max_ssr,0.016946944510280865
stratified_size_rep016,stratified_size,16,b50_lb3_k3_eps0p0025,local_only_offline_aggregate,shot_proportional,300,60,5,0.004283498752544866,0.009726419656788419,0.017144011815717303,0.023395161290322875,0.76,1.0,1.0,0.14812499999999998,0.0,0.09499999999999997,34212.5,18100.0,0.017144011815717303,0.023395161290322875,b50_lb3_k3_eps0p0025,False,0.05,q95,max_ssr,0.017144011815717303
stratified_size_rep016,stratified_size,16,b50_lb3_k3_eps0p0025,local_only_offline_aggregate,uniform,300,60,5,0.0042603383325525435,0.009726759500867408,0.016981744362711798,0.023395161290322875,0.7566666666666667,1.0,1.0,0.14812499999999998,0.0,0.09499999999999997,34212.5,18100.0,0.016981744362711798,0.023395161290322875,b50_lb3_k3_eps0p0025,False,0.05,q95,max_ssr,0.016981744362711798
stratified_size_rep017,stratified_size,17,b50_lb3_k3_eps0p0025,aggregate_only_sync,confidence,300,60,5,0.010930000000000011,0.014328474009264014,0.020586866760031977,0.023395161290322875,0.47,1.0,1.0,0.476875,0.0,0.476875,22000.0,10462.5,0.020586866760031977,0.023395161290322875,b50_lb3_k3_eps0p0025,False,0.05,q95,max_ssr,0.020586866760031977
stratified_size_rep017,stratified_size,17,b50_lb3_k3_eps0p0025,aggregate_only_sync,shot_proportional,300,60,5,0.010930000000000011,0.014328474009264014,0.020586866760031977,0.023395161290322875,0.47,1.0,1.0,0.476875,0.0,0.476875,22000.0,10462.5,0.020586866760031977,0.023395161290322875,b50_lb3_k3_eps0p0025,False,0.05,q95,max_ssr,0.020586866760031977
stratified_size_rep017,stratified_size,17,b50_lb3_k3_eps0p0025,aggregate_only_sync,uniform,300,60,5,0.010930000000000011,0.014328474009264014,0.020586866760031977,0.023395161290322875,0.47,1.0,1.0,0.476875,0.0,0.476875,22000.0,10462.5,0.020586866760031977,0.023395161290322875,b50_lb3_k3_eps0p0025,False,0.05,q95,max_ssr,0.020586866760031977
stratified_size_rep017,stratified_size,17,b50_lb3_k3_eps0p0025,hierarchical_local_aggregate,confidence,300,60,5,0.010984510217424342,0.014369224980685326,0.02042689616373583,0.023395161290322875,0.4766666666666667,1.0,1.0,0.479375,0.0,0.479375,21850.0,10412.5,0.02042689616373583,0.023395161290322875,b50_lb3_k3_eps0p0025,False,0.05,q95,max_ssr,0.02042689616373583
stratified_size_rep017,stratified_size,17,b50_lb3_k3_eps0p0025,hierarchical_local_aggregate,shot_proportional,300,60,5,0.010930000000000011,0.014328474009264014,0.021052861255037112,0.0243791461577096,0.47,1.0,1.0,0.479375,0.0,0.479375,21850.0,10412.5,0.021052861255037112,0.0243791461577096,b50_lb3_k3_eps0p0025,False,0.05,q95,max_ssr,0.021052861255037112
stratified_size_rep017,stratified_size,17,b50_lb3_k3_eps0p0025,hierarchical_local_aggregate,uniform,300,60,5,0.010930000000000011,0.014328474009264014,0.02105046433200669,0.024283947937394024,0.47,1.0,1.0,0.479375,0.0,0.479375,21850.0,10412.5,0.02105046433200669,0.024283947937394024,b50_lb3_k3_eps0p0025,False,0.05,q95,max_ssr,0.02105046433200669
stratified_size_rep017,stratified_size,17,b50_lb3_k3_eps0p0025,local_only_offline_aggregate,confidence,300,60,5,0.004834814314271907,0.010831871855897696,0.017226062168186028,0.023395161290322875,0.73,1.0,1.0,0.25749999999999995,0.0,0.15749999999999997,35487.5,16850.0,0.017226062168186028,0.023395161290322875,b50_lb3_k3_eps0p0025,False,0.05,q95,max_ssr,0.017226062168186028
stratified_size_rep017,stratified_size,17,b50_lb3_k3_eps0p0025,local_only_offline_aggregate,shot_proportional,300,60,5,0.0049952990736530966,0.01058128978513565,0.01719525420246556,0.023395161290322875,0.7333333333333333,1.0,1.0,0.25749999999999995,0.0,0.15749999999999997,35487.5,16850.0,0.01719525420246556,0.023395161290322875,b50_lb3_k3_eps0p0025,False,0.05,q95,max_ssr,0.01719525420246556
stratified_size_rep017,stratified_size,17,b50_lb3_k3_eps0p0025,local_only_offline_aggregate,uniform,300,60,5,0.0048647759510663,0.010819995989479338,0.017218581480194096,0.023395161290322875,0.73,1.0,1.0,0.25749999999999995,0.0,0.15749999999999997,35487.5,16850.0,0.017218581480194096,0.023395161290322875,b50_lb3_k3_eps0p0025,False,0.05,q95,max_ssr,0.017218581480194096
stratified_size_rep018,stratified_size,18,b50_lb3_k3_eps0p0025,aggregate_only_sync,confidence,300,60,5,0.00850370807554543,0.013804728260869563,0.020557116976468236,0.023395161290322875,0.5366666666666666,1.0,1.0,0.374375,0.0,0.374375,22125.0,12512.5,0.020557116976468236,0.023395161290322875,b50_lb3_k3_eps0p0025,False,0.05,q95,max_ssr,0.020557116976468236
stratified_size_rep018,stratified_size,18,b50_lb3_k3_eps0p0025,aggregate_only_sync,shot_proportional,300,60,5,0.00850370807554543,0.013804728260869563,0.020557116976468236,0.023395161290322875,0.5366666666666666,1.0,1.0,0.374375,0.0,0.374375,22125.0,12512.5,0.020557116976468236,0.023395161290322875,b50_lb3_k3_eps0p0025,False,0.05,q95,max_ssr,0.020557116976468236
stratified_size_rep018,stratified_size,18,b50_lb3_k3_eps0p0025,aggregate_only_sync,uniform,300,60,5,0.00850370807554543,0.013804728260869563,0.020557116976468236,0.023395161290322875,0.5366666666666666,1.0,1.0,0.374375,0.0,0.374375,22125.0,12512.5,0.020557116976468236,0.023395161290322875,b50_lb3_k3_eps0p0025,False,0.05,q95,max_ssr,0.020557116976468236
stratified_size_rep018,stratified_size,18,b50_lb3_k3_eps0p0025,hierarchical_local_aggregate,confidence,300,60,5,0.007873565731333177,0.013651995654846809,0.020404099933087245,0.023395161290322875,0.5566666666666666,1.0,1.0,0.374375,0.0,0.374375,22125.0,12512.5,0.020404099933087245,0.023395161290322875,b50_lb3_k3_eps0p0025,False,0.05,q95,max_ssr,0.020404099933087245
stratified_size_rep018,stratified_size,18,b50_lb3_k3_eps0p0025,hierarchical_local_aggregate,shot_proportional,300,60,5,0.008693952429149793,0.013804728260869563,0.02097663515003319,0.0243791461577096,0.54,1.0,1.0,0.374375,0.0,0.374375,22125.0,12512.5,0.02097663515003319,0.0243791461577096,b50_lb3_k3_eps0p0025,False,0.05,q95,max_ssr,0.02097663515003319
stratified_size_rep018,stratified_size,18,b50_lb3_k3_eps0p0025,hierarchical_local_aggregate,uniform,300,60,5,0.00868907019594175,0.013804728260869563,0.02097663515003319,0.024283947937394024,0.54,1.0,1.0,0.374375,0.0,0.374375,22125.0,12512.5,0.02097663515003319,0.024283947937394024,b50_lb3_k3_eps0p0025,False,0.05,q95,max_ssr,0.02097663515003319
stratified_size_rep018,stratified_size,18,b50_lb3_k3_eps0p0025,local_only_offline_aggregate,confidence,300,60,5,0.003920133725114861,0.00965892599480489,0.016940186665384976,0.023395161290322875,0.7666666666666667,1.0,1.0,0.1096875,0.0,0.044999999999999984,36187.5,19100.0,0.016940186665384976,0.023395161290322875,b50_lb3_k3_eps0p0025,False,0.05,q95,max_ssr,0.016940186665384976
stratified_size_rep018,stratified_size,18,b50_lb3_k3_eps0p0025,local_only_offline_aggregate,shot_proportional,300,60,5,0.003820436363245089,0.009709172846446047,0.01683773317893923,0.023395161290322875,0.77,1.0,1.0,0.1096875,0.0,0.044999999999999984,36187.5,19100.0,0.01683773317893923,0.023395161290322875,b50_lb3_k3_eps0p0025,False,0.05,q95,max_ssr,0.01683773317893923
stratified_size_rep018,stratified_size,18,b50_lb3_k3_eps0p0025,local_only_offline_aggregate,uniform,300,60,5,0.0037686142179534574,0.009528269862794793,0.0169737518486924,0.023395161290322875,0.7666666666666667,1.0,1.0,0.1096875,0.0,0.044999999999999984,36187.5,19100.0,0.0169737518486924,0.023395161290322875,b50_lb3_k3_eps0p0025,False,0.05,q95,max_ssr,0.0169737518486924
stratified_size_rep019,stratified_size,19,b50_lb3_k3_eps0p0025,aggregate_only_sync,confidence,300,60,5,0.008066984665399232,0.013654475092909022,0.020556119632220676,0.023395161290322875,0.5466666666666666,1.0,1.0,0.403125,0.0,0.403125,22425.0,11937.5,0.020556119632220676,0.023395161290322875,b50_lb3_k3_eps0p0025,False,0.05,q95,max_ssr,0.020556119632220676
stratified_size_rep019,stratified_size,19,b50_lb3_k3_eps0p0025,aggregate_only_sync,shot_proportional,300,60,5,0.008066984665399232,0.013654475092909022,0.020556119632220676,0.023395161290322875,0.5466666666666666,1.0,1.0,0.403125,0.0,0.403125,22425.0,11937.5,0.020556119632220676,0.023395161290322875,b50_lb3_k3_eps0p0025,False,0.05,q95,max_ssr,0.020556119632220676
stratified_size_rep019,stratified_size,19,b50_lb3_k3_eps0p0025,aggregate_only_sync,uniform,300,60,5,0.008066984665399232,0.013654475092909022,0.020556119632220676,0.023395161290322875,0.5466666666666666,1.0,1.0,0.403125,0.0,0.403125,22425.0,11937.5,0.020556119632220676,0.023395161290322875,b50_lb3_k3_eps0p0025,False,0.05,q95,max_ssr,0.020556119632220676
stratified_size_rep019,stratified_size,19,b50_lb3_k3_eps0p0025,hierarchical_local_aggregate,confidence,300,60,5,0.007605372982823822,0.013584942304374169,0.02022901446105305,0.023395161290322875,0.5666666666666667,1.0,1.0,0.403125,0.0,0.403125,22125.0,11937.5,0.02022901446105305,0.023395161290322875,b50_lb3_k3_eps0p0025,False,0.05,q95,max_ssr,0.02022901446105305
stratified_size_rep019,stratified_size,19,b50_lb3_k3_eps0p0025,hierarchical_local_aggregate,shot_proportional,300,60,5,0.00847073345492446,0.013654475092909022,0.02087750470619005,0.0243791461577096,0.55,1.0,1.0,0.403125,0.0,0.403125,22125.0,11937.5,0.02087750470619005,0.0243791461577096,b50_lb3_k3_eps0p0025,False,0.05,q95,max_ssr,0.02087750470619005
stratified_size_rep019,stratified_size,19,b50_lb3_k3_eps0p0025,hierarchical_local_aggregate,uniform,300,60,5,0.008421795415959249,0.013654475092909022,0.02087750470619005,0.024283947937394024,0.55,1.0,1.0,0.403125,0.0,0.403125,22125.0,11937.5,0.02087750470619005,0.024283947937394024,b50_lb3_k3_eps0p0025,False,0.05,q95,max_ssr,0.02087750470619005
stratified_size_rep019,stratified_size,19,b50_lb3_k3_eps0p0025,local_only_offline_aggregate,confidence,300,60,5,0.003461168573621479,0.0095354412754403,0.016647118401372736,0.023395161290322875,0.77,1.0,1.0,0.1096875,0.0,0.044999999999999984,35487.5,19100.0,0.016647118401372736,0.023395161290322875,b50_lb3_k3_eps0p0025,False,0.05,q95,max_ssr,0.016647118401372736
stratified_size_rep019,stratified_size,19,b50_lb3_k3_eps0p0025,local_only_offline_aggregate,shot_proportional,300,60,5,0.003486506373448209,0.009585598797218282,0.01683773317893923,0.023395161290322875,0.7733333333333333,1.0,1.0,0.1096875,0.0,0.044999999999999984,35487.5,19100.0,0.01683773317893923,0.023395161290322875,b50_lb3_k3_eps0p0025,False,0.05,q95,max_ssr,0.01683773317893923
stratified_size_rep019,stratified_size,19,b50_lb3_k3_eps0p0025,local_only_offline_aggregate,uniform,300,60,5,0.0034969506261491165,0.009312866094109917,0.016503002605386535,0.023395161290322875,0.77,1.0,1.0,0.1096875,0.0,0.044999999999999984,35487.5,19100.0,0.016503002605386535,0.023395161290322875,b50_lb3_k3_eps0p0025,False,0.05,q95,max_ssr,0.016503002605386535
stratified_size_rep020,stratified_size,20,b50_lb3_k3_eps0p0025,aggregate_only_sync,confidence,300,60,5,0.00966184589762177,0.014228714402427636,0.020491576508468976,0.023395161290322875,0.5133333333333333,1.0,1.0,0.450625,0.0,0.450625,22125.0,10987.5,0.020491576508468976,0.023395161290322875,b50_lb3_k3_eps0p0025,False,0.05,q95,max_ssr,0.020491576508468976
stratified_size_rep020,stratified_size,20,b50_lb3_k3_eps0p0025,aggregate_only_sync,shot_proportional,300,60,5,0.00966184589762177,0.014228714402427636,0.020491576508468976,0.023395161290322875,0.5133333333333333,1.0,1.0,0.450625,0.0,0.450625,22125.0,10987.5,0.020491576508468976,0.023395161290322875,b50_lb3_k3_eps0p0025,False,0.05,q95,max_ssr,0.020491576508468976
stratified_size_rep020,stratified_size,20,b50_lb3_k3_eps0p0025,aggregate_only_sync,uniform,300,60,5,0.00966184589762177,0.014228714402427636,0.020491576508468976,0.023395161290322875,0.5133333333333333,1.0,1.0,0.450625,0.0,0.450625,22125.0,10987.5,0.020491576508468976,0.023395161290322875,b50_lb3_k3_eps0p0025,False,0.05,q95,max_ssr,0.020491576508468976
stratified_size_rep020,stratified_size,20,b50_lb3_k3_eps0p0025,hierarchical_local_aggregate,confidence,300,60,5,0.009194938149520866,0.01412815742930174,0.020404099933087245,0.023395161290322875,0.53,1.0,1.0,0.4575,0.0,0.4575,21975.0,10850.0,0.020404099933087245,0.023395161290322875,b50_lb3_k3_eps0p0025,False,0.05,q95,max_ssr,0.020404099933087245
stratified_size_rep020,stratified_size,20,b50_lb3_k3_eps0p0025,hierarchical_local_aggregate,shot_proportional,300,60,5,0.009695279370279383,0.014228714402427636,0.020733815865383053,0.023395161290322875,0.5166666666666667,1.0,1.0,0.4575,0.0,0.4575,21975.0,10850.0,0.020733815865383053,0.023395161290322875,b50_lb3_k3_eps0p0025,False,0.05,q95,max_ssr,0.020733815865383053
stratified_size_rep020,stratified_size,20,b50_lb3_k3_eps0p0025,hierarchical_local_aggregate,uniform,300,60,5,0.009683666432389881,0.014228714402427636,0.020709801726608,0.023395161290322875,0.5166666666666667,1.0,1.0,0.4575,0.0,0.4575,21975.0,10850.0,0.020709801726608,0.023395161290322875,b50_lb3_k3_eps0p0025,False,0.05,q95,max_ssr,0.020709801726608
stratified_size_rep020,stratified_size,20,b50_lb3_k3_eps0p0025,local_only_offline_aggregate,confidence,300,60,5,0.004551855302211948,0.010390490952856914,0.016946944510280865,0.023395161290322875,0.74,1.0,1.0,0.14812499999999998,0.0,0.09499999999999997,34825.0,18100.0,0.016946944510280865,0.023395161290322875,b50_lb3_k3_eps0p0025,False,0.05,q95,max_ssr,0.016946944510280865
stratified_size_rep020,stratified_size,20,b50_lb3_k3_eps0p0025,local_only_offline_aggregate,shot_proportional,300,60,5,0.004503344470914432,0.010181704957128553,0.017144011815717303,0.023395161290322875,0.7433333333333333,1.0,1.0,0.14812499999999998,0.0,0.09499999999999997,34825.0,18100.0,0.017144011815717303,0.023395161290322875,b50_lb3_k3_eps0p0025,False,0.05,q95,max_ssr,0.017144011815717303
stratified_size_rep020,stratified_size,20,b50_lb3_k3_eps0p0025,local_only_offline_aggregate,uniform,300,60,5,0.004560422106573729,0.010356585068618338,0.016981744362711798,0.023395161290322875,0.74,1.0,1.0,0.14812499999999998,0.0,0.09499999999999997,34825.0,18100.0,0.016981744362711798,0.023395161290322875,b50_lb3_k3_eps0p0025,False,0.05,q95,max_ssr,0.016981744362711798
stratified_size_rep021,stratified_size,21,b50_lb3_k3_eps0p0025,aggregate_only_sync,confidence,300,60,5,0.009579993581388016,0.014144644765451709,0.020567917219328376,0.023395161290322875,0.51,1.0,1.0,0.50125,0.0,0.50125,20225.0,9975.0,0.020567917219328376,0.023395161290322875,b50_lb3_k3_eps0p0025,False,0.05,q95,max_ssr,0.020567917219328376
stratified_size_rep021,stratified_size,21,b50_lb3_k3_eps0p0025,aggregate_only_sync,shot_proportional,300,60,5,0.009579993581388016,0.014144644765451709,0.020567917219328376,0.023395161290322875,0.51,1.0,1.0,0.50125,0.0,0.50125,20225.0,9975.0,0.020567917219328376,0.023395161290322875,b50_lb3_k3_eps0p0025,False,0.05,q95,max_ssr,0.020567917219328376
stratified_size_rep021,stratified_size,21,b50_lb3_k3_eps0p0025,aggregate_only_sync,uniform,300,60,5,0.009579993581388016,0.014144644765451709,0.020567917219328376,0.023395161290322875,0.51,1.0,1.0,0.50125,0.0,0.50125,20225.0,9975.0,0.020567917219328376,0.023395161290322875,b50_lb3_k3_eps0p0025,False,0.05,q95,max_ssr,0.020567917219328376
stratified_size_rep021,stratified_size,21,b50_lb3_k3_eps0p0025,hierarchical_local_aggregate,confidence,300,60,5,0.008702441893997229,0.013950129542978642,0.020404099933087245,0.023395161290322875,0.5333333333333333,1.0,1.0,0.50625,0.0,0.504375,20125.0,9912.5,0.020404099933087245,0.023395161290322875,b50_lb3_k3_eps0p0025,False,0.05,q95,max_ssr,0.020404099933087245
stratified_size_rep021,stratified_size,21,b50_lb3_k3_eps0p0025,hierarchical_local_aggregate,shot_proportional,300,60,5,0.00966184589762177,0.014203505190903866,0.020820985643462686,0.0243791461577096,0.5133333333333333,1.0,1.0,0.50625,0.0,0.504375,20125.0,9912.5,0.020820985643462686,0.0243791461577096,b50_lb3_k3_eps0p0025,False,0.05,q95,max_ssr,0.020820985643462686
stratified_size_rep021,stratified_size,21,b50_lb3_k3_eps0p0025,hierarchical_local_aggregate,uniform,300,60,5,0.00966184589762177,0.01414122159730875,0.020736526159228868,0.024283947937394024,0.5133333333333333,1.0,1.0,0.50625,0.0,0.504375,20125.0,9912.5,0.020736526159228868,0.024283947937394024,b50_lb3_k3_eps0p0025,False,0.05,q95,max_ssr,0.020736526159228868
stratified_size_rep021,stratified_size,21,b50_lb3_k3_eps0p0025,local_only_offline_aggregate,confidence,300,60,5,0.004654148511641438,0.01046850763499529,0.017226062168186028,0.023395161290322875,0.7366666666666667,1.0,1.0,0.31062500000000004,0.0,0.21999999999999997,32450.0,15600.0,0.017226062168186028,0.023395161290322875,b50_lb3_k3_eps0p0025,False,0.05,q95,max_ssr,0.017226062168186028
stratified_size_rep021,stratified_size,21,b50_lb3_k3_eps0p0025,local_only_offline_aggregate,shot_proportional,300,60,5,0.004622314513452203,0.010523676099272824,0.01719525420246556,0.023395161290322875,0.74,1.0,1.0,0.31062500000000004,0.0,0.21999999999999997,32450.0,15600.0,0.01719525420246556,0.023395161290322875,b50_lb3_k3_eps0p0025,False,0.05,q95,max_ssr,0.01719525420246556
stratified_size_rep021,stratified_size,21,b50_lb3_k3_eps0p0025,local_only_offline_aggregate,uniform,300,60,5,0.00463514569341514,0.010525644314008199,0.017218581480194096,0.023395161290322875,0.74,1.0,1.0,0.31062500000000004,0.0,0.21999999999999997,32450.0,15600.0,0.017218581480194096,0.023395161290322875,b50_lb3_k3_eps0p0025,False,0.05,q95,max_ssr,0.017218581480194096
stratified_size_rep022,stratified_size,22,b50_lb3_k3_eps0p0025,aggregate_only_sync,confidence,300,60,5,0.007227205661792276,0.01362020147884612,0.02041088171288181,0.023395161290322875,0.55,1.0,1.0,0.33125,0.0,0.33125,22375.0,13375.0,0.02041088171288181,0.023395161290322875,b50_lb3_k3_eps0p0025,False,0.05,q95,max_ssr,0.02041088171288181
stratified_size_rep022,stratified_size,22,b50_lb3_k3_eps0p0025,aggregate_only_sync,shot_proportional,300,60,5,0.007227205661792276,0.01362020147884612,0.02041088171288181,0.023395161290322875,0.55,1.0,1.0,0.33125,0.0,0.33125,22375.0,13375.0,0.02041088171288181,0.023395161290322875,b50_lb3_k3_eps0p0025,False,0.05,q95,max_ssr,0.02041088171288181
stratified_size_rep022,stratified_size,22,b50_lb3_k3_eps0p0025,aggregate_only_sync,uniform,300,60,5,0.007227205661792276,0.01362020147884612,0.02041088171288181,0.023395161290322875,0.55,1.0,1.0,0.33125,0.0,0.33125,22375.0,13375.0,0.02041088171288181,0.023395161290322875,b50_lb3_k3_eps0p0025,False,0.05,q95,max_ssr,0.02041088171288181
stratified_size_rep022,stratified_size,22,b50_lb3_k3_eps0p0025,hierarchical_local_aggregate,confidence,300,60,5,0.007314641208614534,0.013581061430796015,0.019830526512731986,0.023395161290322875,0.5666666666666667,1.0,1.0,0.33125,0.0,0.33125,22125.0,13375.0,0.019830526512731986,0.023395161290322875,b50_lb3_k3_eps0p0025,False,0.05,q95,max_ssr,0.019830526512731986
stratified_size_rep022,stratified_size,22,b50_lb3_k3_eps0p0025,hierarchical_local_aggregate,shot_proportional,300,60,5,0.00762105971324014,0.01362020147884612,0.020620477419388713,0.0243791461577096,0.5533333333333333,1.0,1.0,0.33125,0.0,0.33125,22125.0,13375.0,0.020620477419388713,0.0243791461577096,b50_lb3_k3_eps0p0025,False,0.05,q95,max_ssr,0.020620477419388713
stratified_size_rep022,stratified_size,22,b50_lb3_k3_eps0p0025,hierarchical_local_aggregate,uniform,300,60,5,0.00762105971324014,0.01362020147884612,0.02061944747713804,0.024283947937394024,0.5533333333333333,1.0,1.0,0.33125,0.0,0.33125,22125.0,13375.0,0.02061944747713804,0.024283947937394024,b50_lb3_k3_eps0p0025,False,0.05,q95,max_ssr,0.02061944747713804
stratified_size_rep022,stratified_size,22,b50_lb3_k3_eps0p0025,local_only_offline_aggregate,confidence,300,60,5,0.0025449736980209196,0.009222402603264922,0.016647118401372736,0.023395161290322875,0.7833333333333333,1.0,1.0,0.013333333333333308,0.0,0.0,37062.5,20000.0,0.016647118401372736,0.023395161290322875,b50_lb3_k3_eps0p0025,False,0.05,q95,max_ssr,0.016647118401372736
stratified_size_rep022,stratified_size,22,b50_lb3_k3_eps0p0025,local_only_offline_aggregate,shot_proportional,300,60,5,0.002213781292506417,0.00929422422781247,0.01683773317893923,0.023395161290322875,0.7866666666666666,1.0,1.0,0.013333333333333308,0.0,0.0,37062.5,20000.0,0.01683773317893923,0.023395161290322875,b50_lb3_k3_eps0p0025,False,0.05,q95,max_ssr,0.01683773317893923
stratified_size_rep022,stratified_size,22,b50_lb3_k3_eps0p0025,local_only_offline_aggregate,uniform,300,60,5,0.002191049698916013,0.009184505815840235,0.016503002605386535,0.023395161290322875,0.7866666666666666,1.0,1.0,0.013333333333333308,0.0,0.0,37062.5,20000.0,0.016503002605386535,0.023395161290322875,b50_lb3_k3_eps0p0025,False,0.05,q95,max_ssr,0.016503002605386535
stratified_size_rep023,stratified_size,23,b50_lb3_k3_eps0p0025,aggregate_only_sync,confidence,300,60,5,0.008439556589644823,0.013689746378742545,0.020567917219328376,0.023395161290322875,0.5366666666666666,1.0,1.0,0.36625,0.0,0.36625,22000.0,12675.0,0.020567917219328376,0.023395161290322875,b50_lb3_k3_eps0p0025,False,0.05,q95,max_ssr,0.020567917219328376
stratified_size_rep023,stratified_size,23,b50_lb3_k3_eps0p0025,aggregate_only_sync,shot_proportional,300,60,5,0.008439556589644823,0.013689746378742545,0.020567917219328376,0.023395161290322875,0.5366666666666666,1.0,1.0,0.36625,0.0,0.36625,22000.0,12675.0,0.020567917219328376,0.023395161290322875,b50_lb3_k3_eps0p0025,False,0.05,q95,max_ssr,0.020567917219328376
stratified_size_rep023,stratified_size,23,b50_lb3_k3_eps0p0025,aggregate_only_sync,uniform,300,60,5,0.008439556589644823,0.013689746378742545,0.020567917219328376,0.023395161290322875,0.5366666666666666,1.0,1.0,0.36625,0.0,0.36625,22000.0,12675.0,0.020567917219328376,0.023395161290322875,b50_lb3_k3_eps0p0025,False,0.05,q95,max_ssr,0.020567917219328376
stratified_size_rep023,stratified_size,23,b50_lb3_k3_eps0p0025,hierarchical_local_aggregate,confidence,300,60,5,0.007820320862420559,0.01360524108922908,0.020228161281212634,0.023395161290322875,0.5566666666666666,1.0,1.0,0.36625,0.0,0.36625,21675.0,12675.0,0.020228161281212634,0.023395161290322875,b50_lb3_k3_eps0p0025,False,0.05,q95,max_ssr,0.020228161281212634
stratified_size_rep023,stratified_size,23,b50_lb3_k3_eps0p0025,hierarchical_local_aggregate,shot_proportional,300,60,5,0.008568237990075351,0.013689746378742545,0.020820985643462686,0.0243791461577096,0.54,1.0,1.0,0.36625,0.0,0.36625,21675.0,12675.0,0.020820985643462686,0.0243791461577096,b50_lb3_k3_eps0p0025,False,0.05,q95,max_ssr,0.020820985643462686
stratified_size_rep023,stratified_size,23,b50_lb3_k3_eps0p0025,hierarchical_local_aggregate,uniform,300,60,5,0.008568237990075351,0.013689746378742545,0.020736526159228868,0.024283947937394024,0.54,1.0,1.0,0.36625,0.0,0.36625,21675.0,12675.0,0.020736526159228868,0.024283947937394024,b50_lb3_k3_eps0p0025,False,0.05,q95,max_ssr,0.020736526159228868
stratified_size_rep023,stratified_size,23,b50_lb3_k3_eps0p0025,local_only_offline_aggregate,confidence,300,60,5,0.0033068338481630453,0.009666060987420535,0.01708249203608705,0.023395161290322875,0.76,1.0,1.0,0.09729166666666667,0.0,0.044999999999999984,35487.5,19100.0,0.01708249203608705,0.023395161290322875,b50_lb3_k3_eps0p0025,False,0.05,q95,max_ssr,0.01708249203608705
stratified_size_rep023,stratified_size,23,b50_lb3_k3_eps0p0025,local_only_offline_aggregate,shot_proportional,300,60,5,0.0031379283354928227,0.009747885077870425,0.017144011815717303,0.023395161290322875,0.7633333333333333,1.0,1.0,0.09729166666666667,0.0,0.044999999999999984,35487.5,19100.0,0.017144011815717303,0.023395161290322875,b50_lb3_k3_eps0p0025,False,0.05,q95,max_ssr,0.017144011815717303
stratified_size_rep023,stratified_size,23,b50_lb3_k3_eps0p0025,local_only_offline_aggregate,uniform,300,60,5,0.0031786498415837428,0.009587657828282829,0.01705903332274041,0.023395161290322875,0.7633333333333333,1.0,1.0,0.09729166666666667,0.0,0.044999999999999984,35487.5,19100.0,0.01705903332274041,0.023395161290322875,b50_lb3_k3_eps0p0025,False,0.05,q95,max_ssr,0.01705903332274041
stratified_size_rep024,stratified_size,24,b50_lb3_k3_eps0p0025,aggregate_only_sync,confidence,300,60,5,0.009783744775339607,0.014277140713060514,0.020586866760031977,0.023395161290322875,0.5066666666666667,1.0,1.0,0.50125,0.0,0.50125,21050.0,9975.0,0.020586866760031977,0.023395161290322875,b50_lb3_k3_eps0p0025,False,0.05,q95,max_ssr,0.020586866760031977
stratified_size_rep024,stratified_size,24,b50_lb3_k3_eps0p0025,aggregate_only_sync,shot_proportional,300,60,5,0.009783744775339607,0.014277140713060514,0.020586866760031977,0.023395161290322875,0.5066666666666667,1.0,1.0,0.50125,0.0,0.50125,21050.0,9975.0,0.020586866760031977,0.023395161290322875,b50_lb3_k3_eps0p0025,False,0.05,q95,max_ssr,0.020586866760031977
stratified_size_rep024,stratified_size,24,b50_lb3_k3_eps0p0025,aggregate_only_sync,uniform,300,60,5,0.009783744775339607,0.014277140713060514,0.020586866760031977,0.023395161290322875,0.5066666666666667,1.0,1.0,0.50125,0.0,0.50125,21050.0,9975.0,0.020586866760031977,0.023395161290322875,b50_lb3_k3_eps0p0025,False,0.05,q95,max_ssr,0.020586866760031977
stratified_size_rep024,stratified_size,24,b50_lb3_k3_eps0p0025,hierarchical_local_aggregate,confidence,300,60,5,0.009278902212491086,0.014161685053761692,0.020516172759754914,0.023395161290322875,0.5233333333333333,1.0,1.0,0.5163125,0.0,0.5137499999999999,20875.0,9725.0,0.020516172759754914,0.023395161290322875,b50_lb3_k3_eps0p0025,False,0.05,q95,max_ssr,0.020516172759754914
stratified_size_rep024,stratified_size,24,b50_lb3_k3_eps0p0025,hierarchical_local_aggregate,shot_proportional,300,60,5,0.00975682525739955,0.014277140713060514,0.021052861255037112,0.0243791461577096,0.51,1.0,1.0,0.5163125,0.0,0.5137499999999999,20875.0,9725.0,0.021052861255037112,0.0243791461577096,b50_lb3_k3_eps0p0025,False,0.05,q95,max_ssr,0.021052861255037112
stratified_size_rep024,stratified_size,24,b50_lb3_k3_eps0p0025,hierarchical_local_aggregate,uniform,300,60,5,0.009702308322308272,0.014277140713060514,0.02105046433200669,0.024283947937394024,0.51,1.0,1.0,0.5163125,0.0,0.5137499999999999,20875.0,9725.0,0.02105046433200669,0.024283947937394024,b50_lb3_k3_eps0p0025,False,0.05,q95,max_ssr,0.02105046433200669
stratified_size_rep024,stratified_size,24,b50_lb3_k3_eps0p0025,local_only_offline_aggregate,confidence,300,60,5,0.005055772253308462,0.010831871855897696,0.017226062168186028,0.023395161290322875,0.73,1.0,1.0,0.2725,0.0,0.20750000000000002,31287.5,15850.0,0.017226062168186028,0.023395161290322875,b50_lb3_k3_eps0p0025,False,0.05,q95,max_ssr,0.017226062168186028
stratified_size_rep024,stratified_size,24,b50_lb3_k3_eps0p0025,local_only_offline_aggregate,shot_proportional,300,60,5,0.005072834841203051,0.010693047364305017,0.01719525420246556,0.023395161290322875,0.73,1.0,1.0,0.2725,0.0,0.20750000000000002,31287.5,15850.0,0.01719525420246556,0.023395161290322875,b50_lb3_k3_eps0p0025,False,0.05,q95,max_ssr,0.01719525420246556
stratified_size_rep024,stratified_size,24,b50_lb3_k3_eps0p0025,local_only_offline_aggregate,uniform,300,60,5,0.0050160667716009355,0.010817856732157577,0.017218581480194096,0.023395161290322875,0.7266666666666667,1.0,1.0,0.2725,0.0,0.20750000000000002,31287.5,15850.0,0.017218581480194096,0.023395161290322875,b50_lb3_k3_eps0p0025,False,0.05,q95,max_ssr,0.017218581480194096
stratified_size_rep025,stratified_size,25,b50_lb3_k3_eps0p0025,aggregate_only_sync,confidence,300,60,5,0.009695279370279383,0.013987138394242243,0.020556119632220676,0.023395161290322875,0.51,1.0,1.0,0.42937499999999995,0.0,0.42937499999999995,22950.0,11412.5,0.020556119632220676,0.023395161290322875,b50_lb3_k3_eps0p0025,False,0.05,q95,max_ssr,0.020556119632220676
stratified_size_rep025,stratified_size,25,b50_lb3_k3_eps0p0025,aggregate_only_sync,shot_proportional,300,60,5,0.009695279370279383,0.013987138394242243,0.020556119632220676,0.023395161290322875,0.51,1.0,1.0,0.42937499999999995,0.0,0.42937499999999995,22950.0,11412.5,0.020556119632220676,0.023395161290322875,b50_lb3_k3_eps0p0025,False,0.05,q95,max_ssr,0.020556119632220676
stratified_size_rep025,stratified_size,25,b50_lb3_k3_eps0p0025,aggregate_only_sync,uniform,300,60,5,0.009695279370279383,0.013987138394242243,0.020556119632220676,0.023395161290322875,0.51,1.0,1.0,0.42937499999999995,0.0,0.42937499999999995,22950.0,11412.5,0.020556119632220676,0.023395161290322875,b50_lb3_k3_eps0p0025,False,0.05,q95,max_ssr,0.020556119632220676
stratified_size_rep025,stratified_size,25,b50_lb3_k3_eps0p0025,hierarchical_local_aggregate,confidence,300,60,5,0.009417479084754639,0.013859022382817304,0.020228161281212634,0.023395161290322875,0.5166666666666667,1.0,1.0,0.42937499999999995,0.0,0.42937499999999995,22375.0,11412.5,0.020228161281212634,0.023395161290322875,b50_lb3_k3_eps0p0025,False,0.05,q95,max_ssr,0.020228161281212634
stratified_size_rep025,stratified_size,25,b50_lb3_k3_eps0p0025,hierarchical_local_aggregate,shot_proportional,300,60,5,0.009725420003140178,0.013987138394242243,0.02087750470619005,0.0243791461577096,0.51,1.0,1.0,0.42937499999999995,0.0,0.42937499999999995,22375.0,11412.5,0.02087750470619005,0.0243791461577096,b50_lb3_k3_eps0p0025,False,0.05,q95,max_ssr,0.02087750470619005
stratified_size_rep025,stratified_size,25,b50_lb3_k3_eps0p0025,hierarchical_local_aggregate,uniform,300,60,5,0.009702308322308272,0.013987138394242243,0.02087750470619005,0.024283947937394024,0.51,1.0,1.0,0.42937499999999995,0.0,0.42937499999999995,22375.0,11412.5,0.02087750470619005,0.024283947937394024,b50_lb3_k3_eps0p0025,False,0.05,q95,max_ssr,0.02087750470619005
stratified_size_rep025,stratified_size,25,b50_lb3_k3_eps0p0025,local_only_offline_aggregate,confidence,300,60,5,0.004231983923640383,0.010125372165741303,0.017141297242627498,0.023395161290322875,0.7466666666666667,1.0,1.0,0.14812499999999998,0.0,0.09499999999999997,37650.0,18100.0,0.017141297242627498,0.023395161290322875,b50_lb3_k3_eps0p0025,False,0.05,q95,max_ssr,0.017141297242627498
stratified_size_rep025,stratified_size,25,b50_lb3_k3_eps0p0025,local_only_offline_aggregate,shot_proportional,300,60,5,0.004392767233098122,0.009972379769749703,0.017144011815717303,0.023395161290322875,0.75,1.0,1.0,0.14812499999999998,0.0,0.09499999999999997,37650.0,18100.0,0.017144011815717303,0.023395161290322875,b50_lb3_k3_eps0p0025,False,0.05,q95,max_ssr,0.017144011815717303
stratified_size_rep025,stratified_size,25,b50_lb3_k3_eps0p0025,local_only_offline_aggregate,uniform,300,60,5,0.004283398756972694,0.010066318714210366,0.017141297242627498,0.023395161290322875,0.7466666666666667,1.0,1.0,0.14812499999999998,0.0,0.09499999999999997,37650.0,18100.0,0.017141297242627498,0.023395161290322875,b50_lb3_k3_eps0p0025,False,0.05,q95,max_ssr,0.017141297242627498
stratified_size_rep026,stratified_size,26,b50_lb3_k3_eps0p0025,aggregate_only_sync,confidence,300,60,5,0.010260257887274013,0.014246261859222833,0.020586866760031977,0.023395161290322875,0.4866666666666667,1.0,1.0,0.5,0.0,0.5,20625.0,10000.0,0.020586866760031977,0.023395161290322875,b50_lb3_k3_eps0p0025,False,0.05,q95,max_ssr,0.020586866760031977
stratified_size_rep026,stratified_size,26,b50_lb3_k3_eps0p0025,aggregate_only_sync,shot_proportional,300,60,5,0.010260257887274013,0.014246261859222833,0.020586866760031977,0.023395161290322875,0.4866666666666667,1.0,1.0,0.5,0.0,0.5,20625.0,10000.0,0.020586866760031977,0.023395161290322875,b50_lb3_k3_eps0p0025,False,0.05,q95,max_ssr,0.020586866760031977
stratified_size_rep026,stratified_size,26,b50_lb3_k3_eps0p0025,aggregate_only_sync,uniform,300,60,5,0.010260257887274013,0.014246261859222833,0.020586866760031977,0.023395161290322875,0.4866666666666667,1.0,1.0,0.5,0.0,0.5,20625.0,10000.0,0.020586866760031977,0.023395161290322875,b50_lb3_k3_eps0p0025,False,0.05,q95,max_ssr,0.020586866760031977
stratified_size_rep026,stratified_size,26,b50_lb3_k3_eps0p0025,hierarchical_local_aggregate,confidence,300,60,5,0.009829218470684055,0.014161685053761692,0.020516172759754914,0.023395161290322875,0.5033333333333333,1.0,1.0,0.5128125,0.0,0.509375,20625.0,9812.5,0.020516172759754914,0.023395161290322875,b50_lb3_k3_eps0p0025,False,0.05,q95,max_ssr,0.020516172759754914
stratified_size_rep026,stratified_size,26,b50_lb3_k3_eps0p0025,hierarchical_local_aggregate,shot_proportional,300,60,5,0.010360384615384605,0.014246261859222833,0.021052861255037112,0.0243791461577096,0.49,1.0,1.0,0.5128125,0.0,0.509375,20625.0,9812.5,0.021052861255037112,0.0243791461577096,b50_lb3_k3_eps0p0025,False,0.05,q95,max_ssr,0.021052861255037112
stratified_size_rep026,stratified_size,26,b50_lb3_k3_eps0p0025,hierarchical_local_aggregate,uniform,300,60,5,0.010360384615384605,0.014246261859222833,0.02105046433200669,0.024283947937394024,0.49,1.0,1.0,0.5128125,0.0,0.509375,20625.0,9812.5,0.02105046433200669,0.024283947937394024,b50_lb3_k3_eps0p0025,False,0.05,q95,max_ssr,0.02105046433200669
stratified_size_rep026,stratified_size,26,b50_lb3_k3_eps0p0025,local_only_offline_aggregate,confidence,300,60,5,0.005055772253308462,0.01092070052587017,0.01753312428789988,0.023395161290322875,0.7266666666666667,1.0,1.0,0.2725,0.0,0.20750000000000002,31562.5,15850.0,0.01753312428789988,0.023395161290322875,b50_lb3_k3_eps0p0025,False,0.05,q95,max_ssr,0.01753312428789988
stratified_size_rep026,stratified_size,26,b50_lb3_k3_eps0p0025,local_only_offline_aggregate,shot_proportional,300,60,5,0.005072834841203051,0.010804377224057422,0.01723961767014212,0.023395161290322875,0.73,1.0,1.0,0.2725,0.0,0.20750000000000002,31562.5,15850.0,0.01723961767014212,0.023395161290322875,b50_lb3_k3_eps0p0025,False,0.05,q95,max_ssr,0.01723961767014212
stratified_size_rep026,stratified_size,26,b50_lb3_k3_eps0p0025,local_only_offline_aggregate,uniform,300,60,5,0.0050160667716009355,0.010910973676302558,0.0173864574108747,0.023395161290322875,0.7266666666666667,1.0,1.0,0.2725,0.0,0.20750000000000002,31562.5,15850.0,0.0173864574108747,0.023395161290322875,b50_lb3_k3_eps0p0025,False,0.05,q95,max_ssr,0.0173864574108747
stratified_size_rep027,stratified_size,27,b50_lb3_k3_eps0p0025,aggregate_only_sync,confidence,300,60,5,0.00966184589762177,0.014208947956577317,0.020557116976468236,0.023395161290322875,0.51,1.0,1.0,0.44499999999999995,0.0,0.44499999999999995,22125.0,11100.0,0.020557116976468236,0.023395161290322875,b50_lb3_k3_eps0p0025,False,0.05,q95,max_ssr,0.020557116976468236
stratified_size_rep027,stratified_size,27,b50_lb3_k3_eps0p0025,aggregate_only_sync,shot_proportional,300,60,5,0.00966184589762177,0.014208947956577317,0.020557116976468236,0.023395161290322875,0.51,1.0,1.0,0.44499999999999995,0.0,0.44499999999999995,22125.0,11100.0,0.020557116976468236,0.023395161290322875,b50_lb3_k3_eps0p0025,False,0.05,q95,max_ssr,0.020557116976468236
stratified_size_rep027,stratified_size,27,b50_lb3_k3_eps0p0025,aggregate_only_sync,uniform,300,60,5,0.00966184589762177,0.014208947956577317,0.020557116976468236,0.023395161290322875,0.51,1.0,1.0,0.44499999999999995,0.0,0.44499999999999995,22125.0,11100.0,0.020557116976468236,0.023395161290322875,b50_lb3_k3_eps0p0025,False,0.05,q95,max_ssr,0.020557116976468236
stratified_size_rep027,stratified_size,27,b50_lb3_k3_eps0p0025,hierarchical_local_aggregate,confidence,300,60,5,0.008963710849736697,0.01412815742930174,0.020404099933087245,0.023395161290322875,0.53,1.0,1.0,0.44499999999999995,0.0,0.44499999999999995,21975.0,11100.0,0.020404099933087245,0.023395161290322875,b50_lb3_k3_eps0p0025,False,0.05,q95,max_ssr,0.020404099933087245
stratified_size_rep027,stratified_size,27,b50_lb3_k3_eps0p0025,hierarchical_local_aggregate,shot_proportional,300,60,5,0.009695279370279383,0.014206827110129005,0.02097663515003319,0.0243791461577096,0.5133333333333333,1.0,1.0,0.44499999999999995,0.0,0.44499999999999995,21975.0,11100.0,0.02097663515003319,0.0243791461577096,b50_lb3_k3_eps0p0025,False,0.05,q95,max_ssr,0.02097663515003319
stratified_size_rep027,stratified_size,27,b50_lb3_k3_eps0p0025,hierarchical_local_aggregate,uniform,300,60,5,0.009683666432389881,0.014206827110129005,0.02097663515003319,0.024283947937394024,0.5133333333333333,1.0,1.0,0.44499999999999995,0.0,0.44499999999999995,21975.0,11100.0,0.02097663515003319,0.024283947937394024,b50_lb3_k3_eps0p0025,False,0.05,q95,max_ssr,0.02097663515003319
stratified_size_rep027,stratified_size,27,b50_lb3_k3_eps0p0025,local_only_offline_aggregate,confidence,300,60,5,0.003461168573621479,0.010305075080853947,0.01708249203608705,0.023395161290322875,0.7433333333333333,1.0,1.0,0.1121875,0.0,0.05624999999999997,36187.5,18875.0,0.01708249203608705,0.023395161290322875,b50_lb3_k3_eps0p0025,False,0.05,q95,max_ssr,0.01708249203608705
stratified_size_rep027,stratified_size,27,b50_lb3_k3_eps0p0025,local_only_offline_aggregate,shot_proportional,300,60,5,0.003486506373448209,0.01013078716505958,0.017144011815717303,0.023395161290322875,0.7466666666666667,1.0,1.0,0.1121875,0.0,0.05624999999999997,36187.5,18875.0,0.017144011815717303,0.023395161290322875,b50_lb3_k3_eps0p0025,False,0.05,q95,max_ssr,0.017144011815717303
stratified_size_rep027,stratified_size,27,b50_lb3_k3_eps0p0025,local_only_offline_aggregate,uniform,300,60,5,0.0034969506261491165,0.010217548857465876,0.01705903332274041,0.023395161290322875,0.7433333333333333,1.0,1.0,0.1121875,0.0,0.05624999999999997,36187.5,18875.0,0.01705903332274041,0.023395161290322875,b50_lb3_k3_eps0p0025,False,0.05,q95,max_ssr,0.01705903332274041
stratified_size_rep028,stratified_size,28,b50_lb3_k3_eps0p0025,aggregate_only_sync,confidence,300,60,5,0.007391094657068638,0.013647297493521813,0.020089158048369762,0.02325794573643404,0.55,1.0,1.0,0.36,0.0,0.36,24350.0,12800.0,0.020089158048369762,0.02325794573643404,b50_lb3_k3_eps0p0025,False,0.05,q95,max_ssr,0.020089158048369762
stratified_size_rep028,stratified_size,28,b50_lb3_k3_eps0p0025,aggregate_only_sync,shot_proportional,300,60,5,0.007391094657068638,0.013647297493521813,0.020089158048369762,0.02325794573643404,0.55,1.0,1.0,0.36,0.0,0.36,24350.0,12800.0,0.020089158048369762,0.02325794573643404,b50_lb3_k3_eps0p0025,False,0.05,q95,max_ssr,0.020089158048369762
stratified_size_rep028,stratified_size,28,b50_lb3_k3_eps0p0025,aggregate_only_sync,uniform,300,60,5,0.007391094657068638,0.013647297493521813,0.020089158048369762,0.02325794573643404,0.55,1.0,1.0,0.36,0.0,0.36,24350.0,12800.0,0.020089158048369762,0.02325794573643404,b50_lb3_k3_eps0p0025,False,0.05,q95,max_ssr,0.020089158048369762
stratified_size_rep028,stratified_size,28,b50_lb3_k3_eps0p0025,hierarchical_local_aggregate,confidence,300,60,5,0.007494636912745199,0.01360524108922908,0.019553507633038206,0.022830540163994877,0.5666666666666667,1.0,1.0,0.36,0.0,0.36,23875.0,12800.0,0.019553507633038206,0.022830540163994877,b50_lb3_k3_eps0p0025,False,0.05,q95,max_ssr,0.019553507633038206
stratified_size_rep028,stratified_size,28,b50_lb3_k3_eps0p0025,hierarchical_local_aggregate,shot_proportional,300,60,5,0.00762105971324014,0.013647297493521813,0.020614796434716035,0.0243791461577096,0.5533333333333333,1.0,1.0,0.36,0.0,0.36,23875.0,12800.0,0.020614796434716035,0.0243791461577096,b50_lb3_k3_eps0p0025,False,0.05,q95,max_ssr,0.020614796434716035
stratified_size_rep028,stratified_size,28,b50_lb3_k3_eps0p0025,hierarchical_local_aggregate,uniform,300,60,5,0.00762105971324014,0.013647297493521813,0.020515044297659376,0.024283947937394024,0.5533333333333333,1.0,1.0,0.36,0.0,0.36,23875.0,12800.0,0.020515044297659376,0.024283947937394024,b50_lb3_k3_eps0p0025,False,0.05,q95,max_ssr,0.020515044297659376
stratified_size_rep028,stratified_size,28,b50_lb3_k3_eps0p0025,local_only_offline_aggregate,confidence,300,60,5,0.003201872882596834,0.009076992827333106,0.016746495042892894,0.0227821428571429,0.78,1.0,1.0,0.05291666666666667,0.0,0.0024999999999999467,38175.0,19950.0,0.016746495042892894,0.0227821428571429,b50_lb3_k3_eps0p0025,False,0.05,q95,max_ssr,0.016746495042892894
stratified_size_rep028,stratified_size,28,b50_lb3_k3_eps0p0025,local_only_offline_aggregate,shot_proportional,300,60,5,0.0029089347994540426,0.009096288149482448,0.01703911087979647,0.0227821428571429,0.7833333333333333,1.0,1.0,0.05291666666666667,0.0,0.0024999999999999467,38175.0,19950.0,0.01703911087979647,0.0227821428571429,b50_lb3_k3_eps0p0025,False,0.05,q95,max_ssr,0.01703911087979647
stratified_size_rep028,stratified_size,28,b50_lb3_k3_eps0p0025,local_only_offline_aggregate,uniform,300,60,5,0.003065330607022753,0.008838390467969581,0.01674526037376939,0.0227821428571429,0.78,1.0,1.0,0.05291666666666667,0.0,0.0024999999999999467,38175.0,19950.0,0.01674526037376939,0.0227821428571429,b50_lb3_k3_eps0p0025,False,0.05,q95,max_ssr,0.01674526037376939
stratified_size_rep029,stratified_size,29,b50_lb3_k3_eps0p0025,aggregate_only_sync,confidence,300,60,5,0.009695279370279383,0.013744007924458198,0.019575820324922198,0.0227821428571429,0.51,1.0,1.0,0.44562499999999994,0.0,0.44562499999999994,21050.0,11087.5,0.019575820324922198,0.0227821428571429,b50_lb3_k3_eps0p0025,False,0.05,q95,max_ssr,0.019575820324922198
stratified_size_rep029,stratified_size,29,b50_lb3_k3_eps0p0025,aggregate_only_sync,shot_proportional,300,60,5,0.009695279370279383,0.013744007924458198,0.019575820324922198,0.0227821428571429,0.51,1.0,1.0,0.44562499999999994,0.0,0.44562499999999994,21050.0,11087.5,0.019575820324922198,0.0227821428571429,b50_lb3_k3_eps0p0025,False,0.05,q95,max_ssr,0.019575820324922198
stratified_size_rep029,stratified_size,29,b50_lb3_k3_eps0p0025,aggregate_only_sync,uniform,300,60,5,0.009695279370279383,0.013744007924458198,0.019575820324922198,0.0227821428571429,0.51,1.0,1.0,0.44562499999999994,0.0,0.44562499999999994,21050.0,11087.5,0.019575820324922198,0.0227821428571429,b50_lb3_k3_eps0p0025,False,0.05,q95,max_ssr,0.019575820324922198
stratified_size_rep029,stratified_size,29,b50_lb3_k3_eps0p0025,hierarchical_local_aggregate,confidence,300,60,5,0.009194938149520866,0.013636569516899748,0.019427911391992802,0.0227821428571429,0.53,1.0,1.0,0.44562499999999994,0.0,0.44562499999999994,20875.0,11087.5,0.019427911391992802,0.0227821428571429,b50_lb3_k3_eps0p0025,False,0.05,q95,max_ssr,0.019427911391992802
stratified_size_rep029,stratified_size,29,b50_lb3_k3_eps0p0025,hierarchical_local_aggregate,shot_proportional,300,60,5,0.009725420003140178,0.013744007924458198,0.02025954205934088,0.02287320705610179,0.5133333333333333,1.0,1.0,0.44562499999999994,0.0,0.44562499999999994,20875.0,11087.5,0.02025954205934088,0.02287320705610179,b50_lb3_k3_eps0p0025,False,0.05,q95,max_ssr,0.02025954205934088
stratified_size_rep029,stratified_size,29,b50_lb3_k3_eps0p0025,hierarchical_local_aggregate,uniform,300,60,5,0.00969069538441877,0.013744007924458198,0.020223780730874562,0.02287320705610179,0.5133333333333333,1.0,1.0,0.44562499999999994,0.0,0.44562499999999994,20875.0,11087.5,0.020223780730874562,0.02287320705610179,b50_lb3_k3_eps0p0025,False,0.05,q95,max_ssr,0.020223780730874562
stratified_size_rep029,stratified_size,29,b50_lb3_k3_eps0p0025,local_only_offline_aggregate,confidence,300,60,5,0.004731938919194351,0.009845366115578645,0.016749590053763447,0.0227821428571429,0.7566666666666667,1.0,1.0,0.14812499999999998,0.0,0.09499999999999997,33575.0,18100.0,0.016749590053763447,0.0227821428571429,b50_lb3_k3_eps0p0025,False,0.05,q95,max_ssr,0.016749590053763447
stratified_size_rep029,stratified_size,29,b50_lb3_k3_eps0p0025,local_only_offline_aggregate,shot_proportional,300,60,5,0.004770301605291745,0.00986820156328787,0.01713782059634551,0.0227821428571429,0.76,1.0,1.0,0.14812499999999998,0.0,0.09499999999999997,33575.0,18100.0,0.01713782059634551,0.0227821428571429,b50_lb3_k3_eps0p0025,False,0.05,q95,max_ssr,0.01713782059634551
stratified_size_rep029,stratified_size,29,b50_lb3_k3_eps0p0025,local_only_offline_aggregate,uniform,300,60,5,0.004733362316670353,0.009799609987725276,0.016749590053763447,0.0227821428571429,0.7566666666666667,1.0,1.0,0.14812499999999998,0.0,0.09499999999999997,33575.0,18100.0,0.016749590053763447,0.0227821428571429,b50_lb3_k3_eps0p0025,False,0.05,q95,max_ssr,0.016749590053763447
stratified_size_rep030,stratified_size,30,b50_lb3_k3_eps0p0025,aggregate_only_sync,confidence,300,60,5,0.009911841423442728,0.014247100126347861,0.020567917219328376,0.023395161290322875,0.5033333333333333,1.0,1.0,0.49375,0.0,0.49375,21425.0,10125.0,0.020567917219328376,0.023395161290322875,b50_lb3_k3_eps0p0025,False,0.05,q95,max_ssr,0.020567917219328376
stratified_size_rep030,stratified_size,30,b50_lb3_k3_eps0p0025,aggregate_only_sync,shot_proportional,300,60,5,0.009911841423442728,0.014247100126347861,0.020567917219328376,0.023395161290322875,0.5033333333333333,1.0,1.0,0.49375,0.0,0.49375,21425.0,10125.0,0.020567917219328376,0.023395161290322875,b50_lb3_k3_eps0p0025,False,0.05,q95,max_ssr,0.020567917219328376
stratified_size_rep030,stratified_size,30,b50_lb3_k3_eps0p0025,aggregate_only_sync,uniform,300,60,5,0.009911841423442728,0.014247100126347861,0.020567917219328376,0.023395161290322875,0.5033333333333333,1.0,1.0,0.49375,0.0,0.49375,21425.0,10125.0,0.020567917219328376,0.023395161290322875,b50_lb3_k3_eps0p0025,False,0.05,q95,max_ssr,0.020567917219328376
stratified_size_rep030,stratified_size,30,b50_lb3_k3_eps0p0025,hierarchical_local_aggregate,confidence,300,60,5,0.009367391452093782,0.01412815742930174,0.020404099933087245,0.023395161290322875,0.52,1.0,1.0,0.505,0.0,0.503125,21000.0,9937.5,0.020404099933087245,0.023395161290322875,b50_lb3_k3_eps0p0025,False,0.05,q95,max_ssr,0.020404099933087245
stratified_size_rep030,stratified_size,30,b50_lb3_k3_eps0p0025,hierarchical_local_aggregate,shot_proportional,300,60,5,0.009815150029598978,0.014247100126347861,0.020820985643462686,0.0243791461577096,0.5066666666666667,1.0,1.0,0.505,0.0,0.503125,21000.0,9937.5,0.020820985643462686,0.0243791461577096,b50_lb3_k3_eps0p0025,False,0.05,q95,max_ssr,0.020820985643462686
stratified_size_rep030,stratified_size,30,b50_lb3_k3_eps0p0025,hierarchical_local_aggregate,uniform,300,60,5,0.009783744775339607,0.014247100126347861,0.020736526159228868,0.024283947937394024,0.5066666666666667,1.0,1.0,0.505,0.0,0.503125,21000.0,9937.5,0.020736526159228868,0.024283947937394024,b50_lb3_k3_eps0p0025,False,0.05,q95,max_ssr,0.020736526159228868
stratified_size_rep030,stratified_size,30,b50_lb3_k3_eps0p0025,local_only_offline_aggregate,confidence,300,60,5,0.004812484831229452,0.010817328764271335,0.01753312428789988,0.023395161290322875,0.73,1.0,1.0,0.27208333333333334,0.0,0.20750000000000002,32925.0,15850.0,0.01753312428789988,0.023395161290322875,b50_lb3_k3_eps0p0025,False,0.05,q95,max_ssr,0.01753312428789988
stratified_size_rep030,stratified_size,30,b50_lb3_k3_eps0p0025,local_only_offline_aggregate,shot_proportional,300,60,5,0.004817077877098666,0.010673811890689684,0.01723961767014212,0.023395161290322875,0.7333333333333333,1.0,1.0,0.27208333333333334,0.0,0.20750000000000002,32925.0,15850.0,0.01723961767014212,0.023395161290322875,b50_lb3_k3_eps0p0025,False,0.05,q95,max_ssr,0.01723961767014212
stratified_size_rep030,stratified_size,30,b50_lb3_k3_eps0p0025,local_only_offline_aggregate,uniform,300,60,5,0.004764927655300916,0.010681854805476797,0.0173864574108747,0.023395161290322875,0.7333333333333333,1.0,1.0,0.27208333333333334,0.0,0.20750000000000002,32925.0,15850.0,0.0173864574108747,0.023395161290322875,b50_lb3_k3_eps0p0025,False,0.05,q95,max_ssr,0.0173864574108747
stratified_size_rep031,stratified_size,31,b50_lb3_k3_eps0p0025,aggregate_only_sync,confidence,300,60,5,0.009423654326772911,0.014055179312181991,0.020491576508468976,0.023395161290322875,0.5133333333333333,1.0,1.0,0.46749999999999997,0.0,0.46749999999999997,22000.0,10650.0,0.020491576508468976,0.023395161290322875,b50_lb3_k3_eps0p0025,False,0.05,q95,max_ssr,0.020491576508468976
stratified_size_rep031,stratified_size,31,b50_lb3_k3_eps0p0025,aggregate_only_sync,shot_proportional,300,60,5,0.009423654326772911,0.014055179312181991,0.020491576508468976,0.023395161290322875,0.5133333333333333,1.0,1.0,0.46749999999999997,0.0,0.46749999999999997,22000.0,10650.0,0.020491576508468976,0.023395161290322875,b50_lb3_k3_eps0p0025,False,0.05,q95,max_ssr,0.020491576508468976
stratified_size_rep031,stratified_size,31,b50_lb3_k3_eps0p0025,aggregate_only_sync,uniform,300,60,5,0.009423654326772911,0.014055179312181991,0.020491576508468976,0.023395161290322875,0.5133333333333333,1.0,1.0,0.46749999999999997,0.0,0.46749999999999997,22000.0,10650.0,0.020491576508468976,0.023395161290322875,b50_lb3_k3_eps0p0025,False,0.05,q95,max_ssr,0.020491576508468976
stratified_size_rep031,stratified_size,31,b50_lb3_k3_eps0p0025,hierarchical_local_aggregate,confidence,300,60,5,0.009314986600476576,0.014030525139761902,0.020404099933087245,0.023395161290322875,0.52,1.0,1.0,0.4725,0.0,0.4725,21525.0,10550.0,0.020404099933087245,0.023395161290322875,b50_lb3_k3_eps0p0025,False,0.05,q95,max_ssr,0.020404099933087245
stratified_size_rep031,stratified_size,31,b50_lb3_k3_eps0p0025,hierarchical_local_aggregate,shot_proportional,300,60,5,0.009485975053120361,0.014075019237664889,0.020733815865383053,0.023395161290322875,0.5133333333333333,1.0,1.0,0.4725,0.0,0.4725,21525.0,10550.0,0.020733815865383053,0.023395161290322875,b50_lb3_k3_eps0p0025,False,0.05,q95,max_ssr,0.020733815865383053
stratified_size_rep031,stratified_size,31,b50_lb3_k3_eps0p0025,hierarchical_local_aggregate,uniform,300,60,5,0.009446902432833543,0.014055179312181991,0.020709801726608,0.023395161290322875,0.5133333333333333,1.0,1.0,0.4725,0.0,0.4725,21525.0,10550.0,0.020709801726608,0.023395161290322875,b50_lb3_k3_eps0p0025,False,0.05,q95,max_ssr,0.020709801726608
stratified_size_rep031,stratified_size,31,b50_lb3_k3_eps0p0025,local_only_offline_aggregate,confidence,300,60,5,0.004269681626318877,0.010305075080853947,0.017141297242627498,0.023395161290322875,0.7433333333333333,1.0,1.0,0.14812499999999998,0.0,0.09499999999999997,34825.0,18100.0,0.017141297242627498,0.023395161290322875,b50_lb3_k3_eps0p0025,False,0.05,q95,max_ssr,0.017141297242627498
stratified_size_rep031,stratified_size,31,b50_lb3_k3_eps0p0025,local_only_offline_aggregate,shot_proportional,300,60,5,0.004283498752544866,0.01013078716505958,0.017144011815717303,0.023395161290322875,0.7466666666666667,1.0,1.0,0.14812499999999998,0.0,0.09499999999999997,34825.0,18100.0,0.017144011815717303,0.023395161290322875,b50_lb3_k3_eps0p0025,False,0.05,q95,max_ssr,0.017144011815717303
stratified_size_rep031,stratified_size,31,b50_lb3_k3_eps0p0025,local_only_offline_aggregate,uniform,300,60,5,0.0042603383325525435,0.010217548857465876,0.017141297242627498,0.023395161290322875,0.7433333333333333,1.0,1.0,0.14812499999999998,0.0,0.09499999999999997,34825.0,18100.0,0.017141297242627498,0.023395161290322875,b50_lb3_k3_eps0p0025,False,0.05,q95,max_ssr,0.017141297242627498
stratified_size_rep032,stratified_size,32,b50_lb3_k3_eps0p0025,aggregate_only_sync,confidence,300,60,5,0.010713556830907012,0.014328474009264014,0.020567917219328376,0.023395161290322875,0.45666666666666667,1.0,1.0,0.51875,0.0,0.51875,21050.0,9625.0,0.020567917219328376,0.023395161290322875,b50_lb3_k3_eps0p0025,False,0.05,q95,max_ssr,0.020567917219328376
stratified_size_rep032,stratified_size,32,b50_lb3_k3_eps0p0025,aggregate_only_sync,shot_proportional,300,60,5,0.010713556830907012,0.014328474009264014,0.020567917219328376,0.023395161290322875,0.45666666666666667,1.0,1.0,0.51875,0.0,0.51875,21050.0,9625.0,0.020567917219328376,0.023395161290322875,b50_lb3_k3_eps0p0025,False,0.05,q95,max_ssr,0.020567917219328376
stratified_size_rep032,stratified_size,32,b50_lb3_k3_eps0p0025,aggregate_only_sync,uniform,300,60,5,0.010713556830907012,0.014328474009264014,0.020567917219328376,0.023395161290322875,0.45666666666666667,1.0,1.0,0.51875,0.0,0.51875,21050.0,9625.0,0.020567917219328376,0.023395161290322875,b50_lb3_k3_eps0p0025,False,0.05,q95,max_ssr,0.020567917219328376
stratified_size_rep032,stratified_size,32,b50_lb3_k3_eps0p0025,hierarchical_local_aggregate,confidence,300,60,5,0.010875804468330277,0.014369224980685326,0.020404099933087245,0.023395161290322875,0.4766666666666667,1.0,1.0,0.51875,0.0,0.51875,20875.0,9625.0,0.020404099933087245,0.023395161290322875,b50_lb3_k3_eps0p0025,False,0.05,q95,max_ssr,0.020404099933087245
stratified_size_rep032,stratified_size,32,b50_lb3_k3_eps0p0025,hierarchical_local_aggregate,shot_proportional,300,60,5,0.010947553191489379,0.014328474009264014,0.020820985643462686,0.0243791461577096,0.46,1.0,1.0,0.51875,0.0,0.51875,20875.0,9625.0,0.020820985643462686,0.0243791461577096,b50_lb3_k3_eps0p0025,False,0.05,q95,max_ssr,0.020820985643462686
stratified_size_rep032,stratified_size,32,b50_lb3_k3_eps0p0025,hierarchical_local_aggregate,uniform,300,60,5,0.010867553191489368,0.014328474009264014,0.020736526159228868,0.024283947937394024,0.46,1.0,1.0,0.51875,0.0,0.51875,20875.0,9625.0,0.020736526159228868,0.024283947937394024,b50_lb3_k3_eps0p0025,False,0.05,q95,max_ssr,0.020736526159228868
stratified_size_rep032,stratified_size,32,b50_lb3_k3_eps0p0025,local_only_offline_aggregate,confidence,300,60,5,0.005774908761239707,0.011049021306817437,0.01753312428789988,0.023395161290322875,0.7166666666666667,1.0,1.0,0.31062500000000004,0.0,0.22750000000000004,33575.0,15450.0,0.01753312428789988,0.023395161290322875,b50_lb3_k3_eps0p0025,False,0.05,q95,max_ssr,0.01753312428789988
stratified_size_rep032,stratified_size,32,b50_lb3_k3_eps0p0025,local_only_offline_aggregate,shot_proportional,300,60,5,0.005776210170398102,0.011124357707509868,0.01723961767014212,0.023395161290322875,0.72,1.0,1.0,0.31062500000000004,0.0,0.22750000000000004,33575.0,15450.0,0.01723961767014212,0.023395161290322875,b50_lb3_k3_eps0p0025,False,0.05,q95,max_ssr,0.01723961767014212
stratified_size_rep032,stratified_size,32,b50_lb3_k3_eps0p0025,local_only_offline_aggregate,uniform,300,60,5,0.005788441540545974,0.010963783928293131,0.0173864574108747,0.023395161290322875,0.72,1.0,1.0,0.31062500000000004,0.0,0.22750000000000004,33575.0,15450.0,0.0173864574108747,0.023395161290322875,b50_lb3_k3_eps0p0025,False,0.05,q95,max_ssr,0.0173864574108747
stratified_size_rep033,stratified_size,33,b50_lb3_k3_eps0p0025,aggregate_only_sync,confidence,300,60,5,0.010360384615384605,0.014294902136196054,0.020586866760031977,0.023395161290322875,0.4866666666666667,1.0,1.0,0.51,0.0,0.51,20325.0,9800.0,0.020586866760031977,0.023395161290322875,b50_lb3_k3_eps0p0025,False,0.05,q95,max_ssr,0.020586866760031977
stratified_size_rep033,stratified_size,33,b50_lb3_k3_eps0p0025,aggregate_only_sync,shot_proportional,300,60,5,0.010360384615384605,0.014294902136196054,0.020586866760031977,0.023395161290322875,0.4866666666666667,1.0,1.0,0.51,0.0,0.51,20325.0,9800.0,0.020586866760031977,0.023395161290322875,b50_lb3_k3_eps0p0025,False,0.05,q95,max_ssr,0.020586866760031977
stratified_size_rep033,stratified_size,33,b50_lb3_k3_eps0p0025,aggregate_only_sync,uniform,300,60,5,0.010360384615384605,0.014294902136196054,0.020586866760031977,0.023395161290322875,0.4866666666666667,1.0,1.0,0.51,0.0,0.51,20325.0,9800.0,0.020586866760031977,0.023395161290322875,b50_lb3_k3_eps0p0025,False,0.05,q95,max_ssr,0.020586866760031977
stratified_size_rep033,stratified_size,33,b50_lb3_k3_eps0p0025,hierarchical_local_aggregate,confidence,300,60,5,0.009690665272926217,0.014306050098855704,0.020516172759754914,0.023395161290322875,0.5033333333333333,1.0,1.0,0.51725,0.0,0.5162500000000001,20325.0,9675.0,0.020516172759754914,0.023395161290322875,b50_lb3_k3_eps0p0025,False,0.05,q95,max_ssr,0.020516172759754914
stratified_size_rep033,stratified_size,33,b50_lb3_k3_eps0p0025,hierarchical_local_aggregate,shot_proportional,300,60,5,0.010390384615384586,0.014294902136196054,0.021052861255037112,0.0243791461577096,0.49,1.0,1.0,0.51725,0.0,0.5162500000000001,20325.0,9675.0,0.021052861255037112,0.0243791461577096,b50_lb3_k3_eps0p0025,False,0.05,q95,max_ssr,0.021052861255037112
stratified_size_rep033,stratified_size,33,b50_lb3_k3_eps0p0025,hierarchical_local_aggregate,uniform,300,60,5,0.010390384615384586,0.014294902136196054,0.02105046433200669,0.024283947937394024,0.49,1.0,1.0,0.51725,0.0,0.5162500000000001,20325.0,9675.0,0.02105046433200669,0.024283947937394024,b50_lb3_k3_eps0p0025,False,0.05,q95,max_ssr,0.02105046433200669
stratified_size_rep033,stratified_size,33,b50_lb3_k3_eps0p0025,local_only_offline_aggregate,confidence,300,60,5,0.005388646247134693,0.011042321915422301,0.017226062168186028,0.023395161290322875,0.72,1.0,1.0,0.31062500000000004,0.0,0.21999999999999997,31562.5,15600.0,0.017226062168186028,0.023395161290322875,b50_lb3_k3_eps0p0025,False,0.05,q95,max_ssr,0.017226062168186028
stratified_size_rep033,stratified_size,33,b50_lb3_k3_eps0p0025,local_only_offline_aggregate,shot_proportional,300,60,5,0.005376059062994983,0.010864248475893812,0.01719525420246556,0.023395161290322875,0.7233333333333334,1.0,1.0,0.31062500000000004,0.0,0.21999999999999997,31562.5,15600.0,0.01719525420246556,0.023395161290322875,b50_lb3_k3_eps0p0025,False,0.05,q95,max_ssr,0.01719525420246556
stratified_size_rep033,stratified_size,33,b50_lb3_k3_eps0p0025,local_only_offline_aggregate,uniform,300,60,5,0.005425211312600231,0.010963783928293131,0.017218581480194096,0.023395161290322875,0.72,1.0,1.0,0.31062500000000004,0.0,0.21999999999999997,31562.5,15600.0,0.017218581480194096,0.023395161290322875,b50_lb3_k3_eps0p0025,False,0.05,q95,max_ssr,0.017218581480194096
stratified_size_rep034,stratified_size,34,b50_lb3_k3_eps0p0025,aggregate_only_sync,confidence,300,60,5,0.010187639229336212,0.014246261859222833,0.020586866760031977,0.023395161290322875,0.49,1.0,1.0,0.39249999999999996,0.0,0.39249999999999996,24450.0,12150.0,0.020586866760031977,0.023395161290322875,b50_lb3_k3_eps0p0025,False,0.05,q95,max_ssr,0.020586866760031977
stratified_size_rep034,stratified_size,34,b50_lb3_k3_eps0p0025,aggregate_only_sync,shot_proportional,300,60,5,0.010187639229336212,0.014246261859222833,0.020586866760031977,0.023395161290322875,0.49,1.0,1.0,0.39249999999999996,0.0,0.39249999999999996,24450.0,12150.0,0.020586866760031977,0.023395161290322875,b50_lb3_k3_eps0p0025,False,0.05,q95,max_ssr,0.020586866760031977
stratified_size_rep034,stratified_size,34,b50_lb3_k3_eps0p0025,aggregate_only_sync,uniform,300,60,5,0.010187639229336212,0.014246261859222833,0.020586866760031977,0.023395161290322875,0.49,1.0,1.0,0.39249999999999996,0.0,0.39249999999999996,24450.0,12150.0,0.020586866760031977,0.023395161290322875,b50_lb3_k3_eps0p0025,False,0.05,q95,max_ssr,0.020586866760031977
stratified_size_rep034,stratified_size,34,b50_lb3_k3_eps0p0025,hierarchical_local_aggregate,confidence,300,60,5,0.009657344189714027,0.01412815742930174,0.02042689616373583,0.023395161290322875,0.5066666666666667,1.0,1.0,0.39249999999999996,0.0,0.39249999999999996,24350.0,12150.0,0.02042689616373583,0.023395161290322875,b50_lb3_k3_eps0p0025,False,0.05,q95,max_ssr,0.02042689616373583
stratified_size_rep034,stratified_size,34,b50_lb3_k3_eps0p0025,hierarchical_local_aggregate,shot_proportional,300,60,5,0.010291639784946172,0.014246576505602238,0.021052861255037112,0.0243791461577096,0.49333333333333335,1.0,1.0,0.39249999999999996,0.0,0.39249999999999996,24350.0,12150.0,0.021052861255037112,0.0243791461577096,b50_lb3_k3_eps0p0025,False,0.05,q95,max_ssr,0.021052861255037112
stratified_size_rep034,stratified_size,34,b50_lb3_k3_eps0p0025,hierarchical_local_aggregate,uniform,300,60,5,0.0102266637115839,0.014246261859222833,0.02105046433200669,0.024283947937394024,0.49333333333333335,1.0,1.0,0.39249999999999996,0.0,0.39249999999999996,24350.0,12150.0,0.02105046433200669,0.024283947937394024,b50_lb3_k3_eps0p0025,False,0.05,q95,max_ssr,0.02105046433200669
stratified_size_rep034,stratified_size,34,b50_lb3_k3_eps0p0025,local_only_offline_aggregate,confidence,300,60,5,0.0038755273644324956,0.010390490952856914,0.01707882920206171,0.023395161290322875,0.74,1.0,1.0,0.1096875,0.0,0.044999999999999984,39337.5,19100.0,0.01707882920206171,0.023395161290322875,b50_lb3_k3_eps0p0025,False,0.05,q95,max_ssr,0.01707882920206171
stratified_size_rep034,stratified_size,34,b50_lb3_k3_eps0p0025,local_only_offline_aggregate,shot_proportional,300,60,5,0.003622676945413424,0.010181704957128553,0.01713782059634551,0.023395161290322875,0.7433333333333333,1.0,1.0,0.1096875,0.0,0.044999999999999984,39337.5,19100.0,0.01713782059634551,0.023395161290322875,b50_lb3_k3_eps0p0025,False,0.05,q95,max_ssr,0.01713782059634551
stratified_size_rep034,stratified_size,34,b50_lb3_k3_eps0p0025,local_only_offline_aggregate,uniform,300,60,5,0.003869512434185781,0.010356585068618338,0.01705537048871507,0.023395161290322875,0.74,1.0,1.0,0.1096875,0.0,0.044999999999999984,39337.5,19100.0,0.01705537048871507,0.023395161290322875,b50_lb3_k3_eps0p0025,False,0.05,q95,max_ssr,0.01705537048871507
stratified_size_rep035,stratified_size,35,b50_lb3_k3_eps0p0025,aggregate_only_sync,confidence,300,60,5,0.006996453793381756,0.01362020147884612,0.019824919506847095,0.023395161290322875,0.56,1.0,1.0,0.306875,0.0,0.306875,24900.0,13862.5,0.019824919506847095,0.023395161290322875,b50_lb3_k3_eps0p0025,False,0.05,q95,max_ssr,0.019824919506847095
stratified_size_rep035,stratified_size,35,b50_lb3_k3_eps0p0025,aggregate_only_sync,shot_proportional,300,60,5,0.006996453793381756,0.01362020147884612,0.019824919506847095,0.023395161290322875,0.56,1.0,1.0,0.306875,0.0,0.306875,24900.0,13862.5,0.019824919506847095,0.023395161290322875,b50_lb3_k3_eps0p0025,False,0.05,q95,max_ssr,0.019824919506847095
stratified_size_rep035,stratified_size,35,b50_lb3_k3_eps0p0025,aggregate_only_sync,uniform,300,60,5,0.006996453793381756,0.01362020147884612,0.019824919506847095,0.023395161290322875,0.56,1.0,1.0,0.306875,0.0,0.306875,24900.0,13862.5,0.019824919506847095,0.023395161290322875,b50_lb3_k3_eps0p0025,False,0.05,q95,max_ssr,0.019824919506847095
stratified_size_rep035,stratified_size,35,b50_lb3_k3_eps0p0025,hierarchical_local_aggregate,confidence,300,60,5,0.007314641208614534,0.013543467745985091,0.019547142579417177,0.023395161290322875,0.58,1.0,1.0,0.306875,0.0,0.306875,24625.0,13862.5,0.019547142579417177,0.023395161290322875,b50_lb3_k3_eps0p0025,False,0.05,q95,max_ssr,0.019547142579417177
stratified_size_rep035,stratified_size,35,b50_lb3_k3_eps0p0025,hierarchical_local_aggregate,shot_proportional,300,60,5,0.007392086614173226,0.01362020147884612,0.02041088171288181,0.023395161290322875,0.5633333333333334,1.0,1.0,0.306875,0.0,0.306875,24625.0,13862.5,0.02041088171288181,0.023395161290322875,b50_lb3_k3_eps0p0025,False,0.05,q95,max_ssr,0.02041088171288181
stratified_size_rep035,stratified_size,35,b50_lb3_k3_eps0p0025,hierarchical_local_aggregate,uniform,300,60,5,0.0073234108926112365,0.01362020147884612,0.020408574257046008,0.023395161290322875,0.5633333333333334,1.0,1.0,0.306875,0.0,0.306875,24625.0,13862.5,0.020408574257046008,0.023395161290322875,b50_lb3_k3_eps0p0025,False,0.05,q95,max_ssr,0.020408574257046008
stratified_size_rep035,stratified_size,35,b50_lb3_k3_eps0p0025,local_only_offline_aggregate,confidence,300,60,5,0.0025449736980209196,0.008766641625772256,0.015780912622233263,0.023395161290322875,0.7933333333333333,1.0,1.0,0.013333333333333308,0.0,0.0,39337.5,20000.0,0.015780912622233263,0.023395161290322875,b50_lb3_k3_eps0p0025,False,0.05,q95,max_ssr,0.015780912622233263
stratified_size_rep035,stratified_size,35,b50_lb3_k3_eps0p0025,local_only_offline_aggregate,shot_proportional,300,60,5,0.002213781292506417,0.00894280949072808,0.015802954314239392,0.023395161290322875,0.7966666666666666,1.0,1.0,0.013333333333333308,0.0,0.0,39337.5,20000.0,0.015802954314239392,0.023395161290322875,b50_lb3_k3_eps0p0025,False,0.05,q95,max_ssr,0.015802954314239392
stratified_size_rep035,stratified_size,35,b50_lb3_k3_eps0p0025,local_only_offline_aggregate,uniform,300,60,5,0.002191049698916013,0.008641769496021868,0.015709699947273913,0.023395161290322875,0.7933333333333333,1.0,1.0,0.013333333333333308,0.0,0.0,39337.5,20000.0,0.015709699947273913,0.023395161290322875,b50_lb3_k3_eps0p0025,False,0.05,q95,max_ssr,0.015709699947273913
stratified_size_rep036,stratified_size,36,b50_lb3_k3_eps0p0025,aggregate_only_sync,confidence,300,60,5,0.008568237990075351,0.013802461311717012,0.020586866760031977,0.023395161290322875,0.5366666666666666,1.0,1.0,0.44999999999999996,0.0,0.44999999999999996,22000.0,11000.0,0.020586866760031977,0.023395161290322875,b50_lb3_k3_eps0p0025,False,0.05,q95,max_ssr,0.020586866760031977
stratified_size_rep036,stratified_size,36,b50_lb3_k3_eps0p0025,aggregate_only_sync,shot_proportional,300,60,5,0.008568237990075351,0.013802461311717012,0.020586866760031977,0.023395161290322875,0.5366666666666666,1.0,1.0,0.44999999999999996,0.0,0.44999999999999996,22000.0,11000.0,0.020586866760031977,0.023395161290322875,b50_lb3_k3_eps0p0025,False,0.05,q95,max_ssr,0.020586866760031977
stratified_size_rep036,stratified_size,36,b50_lb3_k3_eps0p0025,aggregate_only_sync,uniform,300,60,5,0.008568237990075351,0.013802461311717012,0.020586866760031977,0.023395161290322875,0.5366666666666666,1.0,1.0,0.44999999999999996,0.0,0.44999999999999996,22000.0,11000.0,0.020586866760031977,0.023395161290322875,b50_lb3_k3_eps0p0025,False,0.05,q95,max_ssr,0.020586866760031977
stratified_size_rep036,stratified_size,36,b50_lb3_k3_eps0p0025,hierarchical_local_aggregate,confidence,300,60,5,0.00796293086830569,0.013647022388871444,0.020516172759754914,0.023395161290322875,0.5566666666666666,1.0,1.0,0.456875,0.0,0.456875,21875.0,10862.5,0.020516172759754914,0.023395161290322875,b50_lb3_k3_eps0p0025,False,0.05,q95,max_ssr,0.020516172759754914
stratified_size_rep036,stratified_size,36,b50_lb3_k3_eps0p0025,hierarchical_local_aggregate,shot_proportional,300,60,5,0.008835963212294285,0.013802461311717012,0.021052861255037112,0.0243791461577096,0.54,1.0,1.0,0.456875,0.0,0.456875,21875.0,10862.5,0.021052861255037112,0.0243791461577096,b50_lb3_k3_eps0p0025,False,0.05,q95,max_ssr,0.021052861255037112
stratified_size_rep036,stratified_size,36,b50_lb3_k3_eps0p0025,hierarchical_local_aggregate,uniform,300,60,5,0.008753962796031708,0.013802461311717012,0.02105046433200669,0.024283947937394024,0.54,1.0,1.0,0.456875,0.0,0.456875,21875.0,10862.5,0.02105046433200669,0.024283947937394024,b50_lb3_k3_eps0p0025,False,0.05,q95,max_ssr,0.02105046433200669
stratified_size_rep036,stratified_size,36,b50_lb3_k3_eps0p0025,local_only_offline_aggregate,confidence,300,60,5,0.004231983923640383,0.009760510736788571,0.016940186665384976,0.023395161290322875,0.76,1.0,1.0,0.14812499999999998,0.0,0.09499999999999997,34600.0,18100.0,0.016940186665384976,0.023395161290322875,b50_lb3_k3_eps0p0025,False,0.05,q95,max_ssr,0.016940186665384976
stratified_size_rep036,stratified_size,36,b50_lb3_k3_eps0p0025,local_only_offline_aggregate,shot_proportional,300,60,5,0.004283498752544866,0.00986820156328787,0.01683773317893923,0.023395161290322875,0.76,1.0,1.0,0.14812499999999998,0.0,0.09499999999999997,34600.0,18100.0,0.01683773317893923,0.023395161290322875,b50_lb3_k3_eps0p0025,False,0.05,q95,max_ssr,0.01683773317893923
stratified_size_rep036,stratified_size,36,b50_lb3_k3_eps0p0025,local_only_offline_aggregate,uniform,300,60,5,0.0042603383325525435,0.009726759500867408,0.0169737518486924,0.023395161290322875,0.7566666666666667,1.0,1.0,0.14812499999999998,0.0,0.09499999999999997,34600.0,18100.0,0.0169737518486924,0.023395161290322875,b50_lb3_k3_eps0p0025,False,0.05,q95,max_ssr,0.0169737518486924
stratified_size_rep037,stratified_size,37,b50_lb3_k3_eps0p0025,aggregate_only_sync,confidence,300,60,5,0.00983567240567888,0.014208947956577317,0.020586866760031977,0.023395161290322875,0.5033333333333333,1.0,1.0,0.47,0.0,0.47,21925.0,10600.0,0.020586866760031977,0.023395161290322875,b50_lb3_k3_eps0p0025,False,0.05,q95,max_ssr,0.020586866760031977
stratified_size_rep037,stratified_size,37,b50_lb3_k3_eps0p0025,aggregate_only_sync,shot_proportional,300,60,5,0.00983567240567888,0.014208947956577317,0.020586866760031977,0.023395161290322875,0.5033333333333333,1.0,1.0,0.47,0.0,0.47,21925.0,10600.0,0.020586866760031977,0.023395161290322875,b50_lb3_k3_eps0p0025,False,0.05,q95,max_ssr,0.020586866760031977
stratified_size_rep037,stratified_size,37,b50_lb3_k3_eps0p0025,aggregate_only_sync,uniform,300,60,5,0.00983567240567888,0.014208947956577317,0.020586866760031977,0.023395161290322875,0.5033333333333333,1.0,1.0,0.47,0.0,0.47,21925.0,10600.0,0.020586866760031977,0.023395161290322875,b50_lb3_k3_eps0p0025,False,0.05,q95,max_ssr,0.020586866760031977
stratified_size_rep037,stratified_size,37,b50_lb3_k3_eps0p0025,hierarchical_local_aggregate,confidence,300,60,5,0.00929691753554997,0.014065776152395348,0.020516172759754914,0.023395161290322875,0.5233333333333333,1.0,1.0,0.476875,0.0,0.476875,21525.0,10462.5,0.020516172759754914,0.023395161290322875,b50_lb3_k3_eps0p0025,False,0.05,q95,max_ssr,0.020516172759754914
stratified_size_rep037,stratified_size,37,b50_lb3_k3_eps0p0025,hierarchical_local_aggregate,shot_proportional,300,60,5,0.00975682525739955,0.014206827110129005,0.021052861255037112,0.0243791461577096,0.5066666666666667,1.0,1.0,0.476875,0.0,0.476875,21525.0,10462.5,0.021052861255037112,0.0243791461577096,b50_lb3_k3_eps0p0025,False,0.05,q95,max_ssr,0.021052861255037112
stratified_size_rep037,stratified_size,37,b50_lb3_k3_eps0p0025,hierarchical_local_aggregate,uniform,300,60,5,0.009702308322308272,0.014206827110129005,0.02105046433200669,0.024283947937394024,0.5066666666666667,1.0,1.0,0.476875,0.0,0.476875,21525.0,10462.5,0.02105046433200669,0.024283947937394024,b50_lb3_k3_eps0p0025,False,0.05,q95,max_ssr,0.02105046433200669
stratified_size_rep037,stratified_size,37,b50_lb3_k3_eps0p0025,local_only_offline_aggregate,confidence,300,60,5,0.00453264181300585,0.010681865560836014,0.01708249203608705,0.023395161290322875,0.7366666666666667,1.0,1.0,0.25749999999999995,0.0,0.15749999999999997,34212.5,16850.0,0.01708249203608705,0.023395161290322875,b50_lb3_k3_eps0p0025,False,0.05,q95,max_ssr,0.01708249203608705
stratified_size_rep037,stratified_size,37,b50_lb3_k3_eps0p0025,local_only_offline_aggregate,shot_proportional,300,60,5,0.004534978063024321,0.010492835397421478,0.01719525420246556,0.023395161290322875,0.74,1.0,1.0,0.25749999999999995,0.0,0.15749999999999997,34212.5,16850.0,0.01719525420246556,0.023395161290322875,b50_lb3_k3_eps0p0025,False,0.05,q95,max_ssr,0.01719525420246556
stratified_size_rep037,stratified_size,37,b50_lb3_k3_eps0p0025,local_only_offline_aggregate,uniform,300,60,5,0.004573693670733644,0.010639721657590587,0.01705903332274041,0.023395161290322875,0.7366666666666667,1.0,1.0,0.25749999999999995,0.0,0.15749999999999997,34212.5,16850.0,0.01705903332274041,0.023395161290322875,b50_lb3_k3_eps0p0025,False,0.05,q95,max_ssr,0.01705903332274041
stratified_size_rep038,stratified_size,38,b50_lb3_k3_eps0p0025,aggregate_only_sync,confidence,300,60,5,0.007391094657068638,0.013498635293260825,0.020059231965174177,0.023395161290322875,0.55,1.0,1.0,0.380625,0.0,0.380625,21500.0,12387.5,0.020059231965174177,0.023395161290322875,b50_lb3_k3_eps0p0025,False,0.05,q95,max_ssr,0.020059231965174177
stratified_size_rep038,stratified_size,38,b50_lb3_k3_eps0p0025,aggregate_only_sync,shot_proportional,300,60,5,0.007391094657068638,0.013498635293260825,0.020059231965174177,0.023395161290322875,0.55,1.0,1.0,0.380625,0.0,0.380625,21500.0,12387.5,0.020059231965174177,0.023395161290322875,b50_lb3_k3_eps0p0025,False,0.05,q95,max_ssr,0.020059231965174177
stratified_size_rep038,stratified_size,38,b50_lb3_k3_eps0p0025,aggregate_only_sync,uniform,300,60,5,0.007391094657068638,0.013498635293260825,0.020059231965174177,0.023395161290322875,0.55,1.0,1.0,0.380625,0.0,0.380625,21500.0,12387.5,0.020059231965174177,0.023395161290322875,b50_lb3_k3_eps0p0025,False,0.05,q95,max_ssr,0.020059231965174177
stratified_size_rep038,stratified_size,38,b50_lb3_k3_eps0p0025,hierarchical_local_aggregate,confidence,300,60,5,0.007402871090362336,0.013545799106276546,0.01969803925776046,0.023395161290322875,0.57,1.0,1.0,0.380625,0.0,0.380625,21075.0,12387.5,0.01969803925776046,0.023395161290322875,b50_lb3_k3_eps0p0025,False,0.05,q95,max_ssr,0.01969803925776046
stratified_size_rep038,stratified_size,38,b50_lb3_k3_eps0p0025,hierarchical_local_aggregate,shot_proportional,300,60,5,0.0077627776079620524,0.013498635293260825,0.020351140554170796,0.023395161290322875,0.5533333333333333,1.0,1.0,0.380625,0.0,0.380625,21075.0,12387.5,0.020351140554170796,0.023395161290322875,b50_lb3_k3_eps0p0025,False,0.05,q95,max_ssr,0.020351140554170796
stratified_size_rep038,stratified_size,38,b50_lb3_k3_eps0p0025,hierarchical_local_aggregate,uniform,300,60,5,0.007646297008975844,0.013498635293260825,0.020351140554170796,0.023395161290322875,0.5533333333333333,1.0,1.0,0.380625,0.0,0.380625,21075.0,12387.5,0.020351140554170796,0.023395161290322875,b50_lb3_k3_eps0p0025,False,0.05,q95,max_ssr,0.020351140554170796
stratified_size_rep038,stratified_size,38,b50_lb3_k3_eps0p0025,local_only_offline_aggregate,confidence,300,60,5,0.003201872882596834,0.009222402603264922,0.016504192699188812,0.023395161290322875,0.7833333333333333,1.0,1.0,0.05291666666666667,0.0,0.0024999999999999467,34275.0,19950.0,0.016504192699188812,0.023395161290322875,b50_lb3_k3_eps0p0025,False,0.05,q95,max_ssr,0.016504192699188812
stratified_size_rep038,stratified_size,38,b50_lb3_k3_eps0p0025,local_only_offline_aggregate,shot_proportional,300,60,5,0.0029089347994540426,0.009223196098655696,0.01672740761467105,0.023395161290322875,0.7866666666666666,1.0,1.0,0.05291666666666667,0.0,0.0024999999999999467,34275.0,19950.0,0.01672740761467105,0.023395161290322875,b50_lb3_k3_eps0p0025,False,0.05,q95,max_ssr,0.01672740761467105
stratified_size_rep038,stratified_size,38,b50_lb3_k3_eps0p0025,local_only_offline_aggregate,uniform,300,60,5,0.003065330607022753,0.009184505815840235,0.016457099863879,0.023395161290322875,0.7833333333333333,1.0,1.0,0.05291666666666667,0.0,0.0024999999999999467,34275.0,19950.0,0.016457099863879,0.023395161290322875,b50_lb3_k3_eps0p0025,False,0.05,q95,max_ssr,0.016457099863879
stratified_size_rep039,stratified_size,39,b50_lb3_k3_eps0p0025,aggregate_only_sync,confidence,300,60,5,0.010260257887274013,0.01451155288065016,0.020586866760031977,0.023395161290322875,0.49,1.0,1.0,0.50125,0.0,0.50125,21425.0,9975.0,0.020586866760031977,0.023395161290322875,b50_lb3_k3_eps0p0025,False,0.05,q95,max_ssr,0.020586866760031977
stratified_size_rep039,stratified_size,39,b50_lb3_k3_eps0p0025,aggregate_only_sync,shot_proportional,300,60,5,0.010260257887274013,0.01451155288065016,0.020586866760031977,0.023395161290322875,0.49,1.0,1.0,0.50125,0.0,0.50125,21425.0,9975.0,0.020586866760031977,0.023395161290322875,b50_lb3_k3_eps0p0025,False,0.05,q95,max_ssr,0.020586866760031977
stratified_size_rep039,stratified_size,39,b50_lb3_k3_eps0p0025,aggregate_only_sync,uniform,300,60,5,0.010260257887274013,0.01451155288065016,0.020586866760031977,0.023395161290322875,0.49,1.0,1.0,0.50125,0.0,0.50125,21425.0,9975.0,0.020586866760031977,0.023395161290322875,b50_lb3_k3_eps0p0025,False,0.05,q95,max_ssr,0.020586866760031977
stratified_size_rep039,stratified_size,39,b50_lb3_k3_eps0p0025,hierarchical_local_aggregate,confidence,300,60,5,0.009690665272926217,0.014522114520723108,0.020516172759754914,0.023395161290322875,0.5033333333333333,1.0,1.0,0.5128125,0.0,0.509375,21000.0,9812.5,0.020516172759754914,0.023395161290322875,b50_lb3_k3_eps0p0025,False,0.05,q95,max_ssr,0.020516172759754914
stratified_size_rep039,stratified_size,39,b50_lb3_k3_eps0p0025,hierarchical_local_aggregate,shot_proportional,300,60,5,0.010360384615384605,0.01451155288065016,0.021052861255037112,0.0243791461577096,0.49333333333333335,1.0,1.0,0.5128125,0.0,0.509375,21000.0,9812.5,0.021052861255037112,0.0243791461577096,b50_lb3_k3_eps0p0025,False,0.05,q95,max_ssr,0.021052861255037112
stratified_size_rep039,stratified_size,39,b50_lb3_k3_eps0p0025,hierarchical_local_aggregate,uniform,300,60,5,0.010360384615384605,0.01451155288065016,0.02105046433200669,0.024283947937394024,0.49333333333333335,1.0,1.0,0.5128125,0.0,0.509375,21000.0,9812.5,0.02105046433200669,0.024283947937394024,b50_lb3_k3_eps0p0025,False,0.05,q95,max_ssr,0.02105046433200669
stratified_size_rep039,stratified_size,39,b50_lb3_k3_eps0p0025,local_only_offline_aggregate,confidence,300,60,5,0.005388646247134693,0.01109353818945094,0.01753312428789988,0.023395161290322875,0.7166666666666667,1.0,1.0,0.2725,0.0,0.20750000000000002,31562.5,15850.0,0.01753312428789988,0.023395161290322875,b50_lb3_k3_eps0p0025,False,0.05,q95,max_ssr,0.01753312428789988
stratified_size_rep039,stratified_size,39,b50_lb3_k3_eps0p0025,local_only_offline_aggregate,shot_proportional,300,60,5,0.005376059062994983,0.010942238878143138,0.01723961767014212,0.023395161290322875,0.72,1.0,1.0,0.2725,0.0,0.20750000000000002,31562.5,15850.0,0.01723961767014212,0.023395161290322875,b50_lb3_k3_eps0p0025,False,0.05,q95,max_ssr,0.01723961767014212
stratified_size_rep039,stratified_size,39,b50_lb3_k3_eps0p0025,local_only_offline_aggregate,uniform,300,60,5,0.005425211312600231,0.01100322582185946,0.0173864574108747,0.023395161290322875,0.7166666666666667,1.0,1.0,0.2725,0.0,0.20750000000000002,31562.5,15850.0,0.0173864574108747,0.023395161290322875,b50_lb3_k3_eps0p0025,False,0.05,q95,max_ssr,0.0173864574108747
stratified_size_rep040,stratified_size,40,b50_lb3_k3_eps0p0025,aggregate_only_sync,confidence,300,60,5,0.006996453793381756,0.013647297493521813,0.020516368725868806,0.023395161290322875,0.55,1.0,1.0,0.33875,0.0,0.33875,24350.0,13225.0,0.020516368725868806,0.023395161290322875,b50_lb3_k3_eps0p0025,False,0.05,q95,max_ssr,0.020516368725868806
stratified_size_rep040,stratified_size,40,b50_lb3_k3_eps0p0025,aggregate_only_sync,shot_proportional,300,60,5,0.006996453793381756,0.013647297493521813,0.020516368725868806,0.023395161290322875,0.55,1.0,1.0,0.33875,0.0,0.33875,24350.0,13225.0,0.020516368725868806,0.023395161290322875,b50_lb3_k3_eps0p0025,False,0.05,q95,max_ssr,0.020516368725868806
stratified_size_rep040,stratified_size,40,b50_lb3_k3_eps0p0025,aggregate_only_sync,uniform,300,60,5,0.006996453793381756,0.013647297493521813,0.020516368725868806,0.023395161290322875,0.55,1.0,1.0,0.33875,0.0,0.33875,24350.0,13225.0,0.020516368725868806,0.023395161290322875,b50_lb3_k3_eps0p0025,False,0.05,q95,max_ssr,0.020516368725868806
stratified_size_rep040,stratified_size,40,b50_lb3_k3_eps0p0025,hierarchical_local_aggregate,confidence,300,60,5,0.007076337278912709,0.01360524108922908,0.020058447312818493,0.023395161290322875,0.5733333333333334,1.0,1.0,0.33875,0.0,0.33875,23875.0,13225.0,0.020058447312818493,0.023395161290322875,b50_lb3_k3_eps0p0025,False,0.05,q95,max_ssr,0.020058447312818493
stratified_size_rep040,stratified_size,40,b50_lb3_k3_eps0p0025,hierarchical_local_aggregate,shot_proportional,300,60,5,0.007349008042895393,0.013647297493521813,0.020620477419388713,0.0243791461577096,0.5533333333333333,1.0,1.0,0.33875,0.0,0.33875,23875.0,13225.0,0.020620477419388713,0.0243791461577096,b50_lb3_k3_eps0p0025,False,0.05,q95,max_ssr,0.020620477419388713
stratified_size_rep040,stratified_size,40,b50_lb3_k3_eps0p0025,hierarchical_local_aggregate,uniform,300,60,5,0.0072385684824558694,0.013647297493521813,0.02061944747713804,0.024283947937394024,0.5533333333333333,1.0,1.0,0.33875,0.0,0.33875,23875.0,13225.0,0.02061944747713804,0.024283947937394024,b50_lb3_k3_eps0p0025,False,0.05,q95,max_ssr,0.02061944747713804
stratified_size_rep040,stratified_size,40,b50_lb3_k3_eps0p0025,local_only_offline_aggregate,confidence,300,60,5,0.0025449736980209196,0.008943417463955244,0.016739360962587303,0.023395161290322875,0.7766666666666666,1.0,1.0,0.013333333333333308,0.0,0.0012499999999999734,39725.0,19975.0,0.016739360962587303,0.023395161290322875,b50_lb3_k3_eps0p0025,False,0.05,q95,max_ssr,0.016739360962587303
stratified_size_rep040,stratified_size,40,b50_lb3_k3_eps0p0025,local_only_offline_aggregate,shot_proportional,300,60,5,0.002213781292506417,0.00895669108551106,0.01683773317893923,0.023395161290322875,0.78,1.0,1.0,0.013333333333333308,0.0,0.0012499999999999734,39725.0,19975.0,0.01683773317893923,0.023395161290322875,b50_lb3_k3_eps0p0025,False,0.05,q95,max_ssr,0.01683773317893923
stratified_size_rep040,stratified_size,40,b50_lb3_k3_eps0p0025,local_only_offline_aggregate,uniform,300,60,5,0.002191049698916013,0.008739568771921082,0.01674119253376788,0.023395161290322875,0.78,1.0,1.0,0.013333333333333308,0.0,0.0012499999999999734,39725.0,19975.0,0.01674119253376788,0.023395161290322875,b50_lb3_k3_eps0p0025,False,0.05,q95,max_ssr,0.01674119253376788
stratified_size_rep041,stratified_size,41,b50_lb3_k3_eps0p0025,aggregate_only_sync,confidence,300,60,5,0.009579993581388016,0.014247100126347861,0.020557116976468236,0.023395161290322875,0.5133333333333333,1.0,1.0,0.476875,0.0,0.476875,21675.0,10462.5,0.020557116976468236,0.023395161290322875,b50_lb3_k3_eps0p0025,False,0.05,q95,max_ssr,0.020557116976468236
stratified_size_rep041,stratified_size,41,b50_lb3_k3_eps0p0025,aggregate_only_sync,shot_proportional,300,60,5,0.009579993581388016,0.014247100126347861,0.020557116976468236,0.023395161290322875,0.5133333333333333,1.0,1.0,0.476875,0.0,0.476875,21675.0,10462.5,0.020557116976468236,0.023395161290322875,b50_lb3_k3_eps0p0025,False,0.05,q95,max_ssr,0.020557116976468236
stratified_size_rep041,stratified_size,41,b50_lb3_k3_eps0p0025,aggregate_only_sync,uniform,300,60,5,0.009579993581388016,0.014247100126347861,0.020557116976468236,0.023395161290322875,0.5133333333333333,1.0,1.0,0.476875,0.0,0.476875,21675.0,10462.5,0.020557116976468236,0.023395161290322875,b50_lb3_k3_eps0p0025,False,0.05,q95,max_ssr,0.020557116976468236
stratified_size_rep041,stratified_size,41,b50_lb3_k3_eps0p0025,hierarchical_local_aggregate,confidence,300,60,5,0.009029605847780313,0.014116077587818646,0.020404099933087245,0.023395161290322875,0.5266666666666666,1.0,1.0,0.479375,0.0,0.479375,21175.0,10412.5,0.020404099933087245,0.023395161290322875,b50_lb3_k3_eps0p0025,False,0.05,q95,max_ssr,0.020404099933087245
stratified_size_rep041,stratified_size,41,b50_lb3_k3_eps0p0025,hierarchical_local_aggregate,shot_proportional,300,60,5,0.009579993581388016,0.014247100126347861,0.02097663515003319,0.0243791461577096,0.5166666666666667,1.0,1.0,0.479375,0.0,0.479375,21175.0,10412.5,0.02097663515003319,0.0243791461577096,b50_lb3_k3_eps0p0025,False,0.05,q95,max_ssr,0.02097663515003319
stratified_size_rep041,stratified_size,41,b50_lb3_k3_eps0p0025,hierarchical_local_aggregate,uniform,300,60,5,0.009579993581388016,0.014247100126347861,0.02097663515003319,0.024283947937394024,0.5166666666666667,1.0,1.0,0.479375,0.0,0.479375,21175.0,10412.5,0.02097663515003319,0.024283947937394024,b50_lb3_k3_eps0p0025,False,0.05,q95,max_ssr,0.02097663515003319
stratified_size_rep041,stratified_size,41,b50_lb3_k3_eps0p0025,local_only_offline_aggregate,confidence,300,60,5,0.004731938919194351,0.01046850763499529,0.017226062168186028,0.023395161290322875,0.7366666666666667,1.0,1.0,0.25749999999999995,0.0,0.15749999999999997,34062.5,16850.0,0.017226062168186028,0.023395161290322875,b50_lb3_k3_eps0p0025,False,0.05,q95,max_ssr,0.017226062168186028
stratified_size_rep041,stratified_size,41,b50_lb3_k3_eps0p0025,local_only_offline_aggregate,shot_proportional,300,60,5,0.004770301605291745,0.010292305561511225,0.01719525420246556,0.023395161290322875,0.74,1.0,1.0,0.25749999999999995,0.0,0.15749999999999997,34062.5,16850.0,0.01719525420246556,0.023395161290322875,b50_lb3_k3_eps0p0025,False,0.05,q95,max_ssr,0.01719525420246556
stratified_size_rep041,stratified_size,41,b50_lb3_k3_eps0p0025,local_only_offline_aggregate,uniform,300,60,5,0.004733362316670353,0.010525644314008199,0.017218581480194096,0.023395161290322875,0.7366666666666667,1.0,1.0,0.25749999999999995,0.0,0.15749999999999997,34062.5,16850.0,0.017218581480194096,0.023395161290322875,b50_lb3_k3_eps0p0025,False,0.05,q95,max_ssr,0.017218581480194096
stratified_size_rep042,stratified_size,42,b50_lb3_k3_eps0p0025,aggregate_only_sync,confidence,300,60,5,0.008568237990075351,0.013802461311717012,0.020516368725868806,0.023395161290322875,0.53,1.0,1.0,0.403125,0.0,0.403125,22375.0,11937.5,0.020516368725868806,0.023395161290322875,b50_lb3_k3_eps0p0025,False,0.05,q95,max_ssr,0.020516368725868806
stratified_size_rep042,stratified_size,42,b50_lb3_k3_eps0p0025,aggregate_only_sync,shot_proportional,300,60,5,0.008568237990075351,0.013802461311717012,0.020516368725868806,0.023395161290322875,0.53,1.0,1.0,0.403125,0.0,0.403125,22375.0,11937.5,0.020516368725868806,0.023395161290322875,b50_lb3_k3_eps0p0025,False,0.05,q95,max_ssr,0.020516368725868806
stratified_size_rep042,stratified_size,42,b50_lb3_k3_eps0p0025,aggregate_only_sync,uniform,300,60,5,0.008568237990075351,0.013802461311717012,0.020516368725868806,0.023395161290322875,0.53,1.0,1.0,0.403125,0.0,0.403125,22375.0,11937.5,0.020516368725868806,0.023395161290322875,b50_lb3_k3_eps0p0025,False,0.05,q95,max_ssr,0.020516368725868806
stratified_size_rep042,stratified_size,42,b50_lb3_k3_eps0p0025,hierarchical_local_aggregate,confidence,300,60,5,0.00796293086830569,0.01370470670342061,0.020058447312818493,0.023395161290322875,0.5533333333333333,1.0,1.0,0.403125,0.0,0.403125,22100.0,11937.5,0.020058447312818493,0.023395161290322875,b50_lb3_k3_eps0p0025,False,0.05,q95,max_ssr,0.020058447312818493
stratified_size_rep042,stratified_size,42,b50_lb3_k3_eps0p0025,hierarchical_local_aggregate,shot_proportional,300,60,5,0.008835963212294285,0.013802461311717012,0.0206214319205899,0.0243791461577096,0.5333333333333333,1.0,1.0,0.403125,0.0,0.403125,22100.0,11937.5,0.0206214319205899,0.0243791461577096,b50_lb3_k3_eps0p0025,False,0.05,q95,max_ssr,0.0206214319205899
stratified_size_rep042,stratified_size,42,b50_lb3_k3_eps0p0025,hierarchical_local_aggregate,uniform,300,60,5,0.008753962796031708,0.013802461311717012,0.02061944747713804,0.024283947937394024,0.5333333333333333,1.0,1.0,0.403125,0.0,0.403125,22100.0,11937.5,0.02061944747713804,0.024283947937394024,b50_lb3_k3_eps0p0025,False,0.05,q95,max_ssr,0.02061944747713804
stratified_size_rep042,stratified_size,42,b50_lb3_k3_eps0p0025,local_only_offline_aggregate,confidence,300,60,5,0.003461168573621479,0.009701263017215222,0.01707882920206171,0.023395161290322875,0.76,1.0,1.0,0.1096875,0.0,0.044999999999999984,36187.5,19100.0,0.01707882920206171,0.023395161290322875,b50_lb3_k3_eps0p0025,False,0.05,q95,max_ssr,0.01707882920206171
stratified_size_rep042,stratified_size,42,b50_lb3_k3_eps0p0025,local_only_offline_aggregate,shot_proportional,300,60,5,0.003486506373448209,0.00980398217253621,0.01713782059634551,0.023395161290322875,0.7633333333333333,1.0,1.0,0.1096875,0.0,0.044999999999999984,36187.5,19100.0,0.01713782059634551,0.023395161290322875,b50_lb3_k3_eps0p0025,False,0.05,q95,max_ssr,0.01713782059634551
stratified_size_rep042,stratified_size,42,b50_lb3_k3_eps0p0025,local_only_offline_aggregate,uniform,300,60,5,0.0034969506261491165,0.009647104446898749,0.01705537048871507,0.023395161290322875,0.7633333333333333,1.0,1.0,0.1096875,0.0,0.044999999999999984,36187.5,19100.0,0.01705537048871507,0.023395161290322875,b50_lb3_k3_eps0p0025,False,0.05,q95,max_ssr,0.01705537048871507
stratified_size_rep043,stratified_size,43,b50_lb3_k3_eps0p0025,aggregate_only_sync,confidence,300,60,5,0.008439556589644823,0.013802461311717012,0.020242445362473195,0.02325794573643404,0.54,1.0,1.0,0.41437500000000005,0.0,0.41437500000000005,22800.0,11712.5,0.020242445362473195,0.02325794573643404,b50_lb3_k3_eps0p0025,False,0.05,q95,max_ssr,0.020242445362473195
stratified_size_rep043,stratified_size,43,b50_lb3_k3_eps0p0025,aggregate_only_sync,shot_proportional,300,60,5,0.008439556589644823,0.013802461311717012,0.020242445362473195,0.02325794573643404,0.54,1.0,1.0,0.41437500000000005,0.0,0.41437500000000005,22800.0,11712.5,0.020242445362473195,0.02325794573643404,b50_lb3_k3_eps0p0025,False,0.05,q95,max_ssr,0.020242445362473195
stratified_size_rep043,stratified_size,43,b50_lb3_k3_eps0p0025,aggregate_only_sync,uniform,300,60,5,0.008439556589644823,0.013802461311717012,0.020242445362473195,0.02325794573643404,0.54,1.0,1.0,0.41437500000000005,0.0,0.41437500000000005,22800.0,11712.5,0.020242445362473195,0.02325794573643404,b50_lb3_k3_eps0p0025,False,0.05,q95,max_ssr,0.020242445362473195
stratified_size_rep043,stratified_size,43,b50_lb3_k3_eps0p0025,hierarchical_local_aggregate,confidence,300,60,5,0.007982415734592924,0.013689134256127947,0.019553507633038206,0.022830540163994877,0.5433333333333333,1.0,1.0,0.41437500000000005,0.0,0.41437500000000005,22550.0,11712.5,0.019553507633038206,0.022830540163994877,b50_lb3_k3_eps0p0025,False,0.05,q95,max_ssr,0.019553507633038206
stratified_size_rep043,stratified_size,43,b50_lb3_k3_eps0p0025,hierarchical_local_aggregate,shot_proportional,300,60,5,0.008568237990075351,0.013802461311717012,0.020614796434716035,0.0243791461577096,0.54,1.0,1.0,0.41437500000000005,0.0,0.41437500000000005,22550.0,11712.5,0.020614796434716035,0.0243791461577096,b50_lb3_k3_eps0p0025,False,0.05,q95,max_ssr,0.020614796434716035
stratified_size_rep043,stratified_size,43,b50_lb3_k3_eps0p0025,hierarchical_local_aggregate,uniform,300,60,5,0.008568237990075351,0.013802461311717012,0.02051930873846202,0.024283947937394024,0.54,1.0,1.0,0.41437500000000005,0.0,0.41437500000000005,22550.0,11712.5,0.02051930873846202,0.024283947937394024,b50_lb3_k3_eps0p0025,False,0.05,q95,max_ssr,0.02051930873846202
stratified_size_rep043,stratified_size,43,b50_lb3_k3_eps0p0025,local_only_offline_aggregate,confidence,300,60,5,0.003461168573621479,0.009760510736788571,0.016746495042892894,0.0227821428571429,0.76,1.0,1.0,0.1096875,0.0,0.044999999999999984,35487.5,19100.0,0.016746495042892894,0.0227821428571429,b50_lb3_k3_eps0p0025,False,0.05,q95,max_ssr,0.016746495042892894
stratified_size_rep043,stratified_size,43,b50_lb3_k3_eps0p0025,local_only_offline_aggregate,shot_proportional,300,60,5,0.003486506373448209,0.009677713200071733,0.017039297067539823,0.0227821428571429,0.7633333333333333,1.0,1.0,0.1096875,0.0,0.044999999999999984,35487.5,19100.0,0.017039297067539823,0.0227821428571429,b50_lb3_k3_eps0p0025,False,0.05,q95,max_ssr,0.017039297067539823
stratified_size_rep043,stratified_size,43,b50_lb3_k3_eps0p0025,local_only_offline_aggregate,uniform,300,60,5,0.0034969506261491165,0.009726759500867408,0.01674526037376939,0.0227821428571429,0.76,1.0,1.0,0.1096875,0.0,0.044999999999999984,35487.5,19100.0,0.01674526037376939,0.0227821428571429,b50_lb3_k3_eps0p0025,False,0.05,q95,max_ssr,0.01674526037376939
stratified_size_rep044,stratified_size,44,b50_lb3_k3_eps0p0025,aggregate_only_sync,confidence,300,60,5,0.00762105971324014,0.01362020147884612,0.019162656029441456,0.02325794573643404,0.5433333333333333,1.0,1.0,0.3525,0.0,0.3525,22550.0,12950.0,0.019162656029441456,0.02325794573643404,b50_lb3_k3_eps0p0025,False,0.05,q95,max_ssr,0.019162656029441456
stratified_size_rep044,stratified_size,44,b50_lb3_k3_eps0p0025,aggregate_only_sync,shot_proportional,300,60,5,0.00762105971324014,0.01362020147884612,0.019162656029441456,0.02325794573643404,0.5433333333333333,1.0,1.0,0.3525,0.0,0.3525,22550.0,12950.0,0.019162656029441456,0.02325794573643404,b50_lb3_k3_eps0p0025,False,0.05,q95,max_ssr,0.019162656029441456
stratified_size_rep044,stratified_size,44,b50_lb3_k3_eps0p0025,aggregate_only_sync,uniform,300,60,5,0.00762105971324014,0.01362020147884612,0.019162656029441456,0.02325794573643404,0.5433333333333333,1.0,1.0,0.3525,0.0,0.3525,22550.0,12950.0,0.019162656029441456,0.02325794573643404,b50_lb3_k3_eps0p0025,False,0.05,q95,max_ssr,0.019162656029441456
stratified_size_rep044,stratified_size,44,b50_lb3_k3_eps0p0025,hierarchical_local_aggregate,confidence,300,60,5,0.007402871090362336,0.013590583593475744,0.01893530163715108,0.022830540163994877,0.5633333333333334,1.0,1.0,0.3525,0.0,0.3525,22375.0,12950.0,0.01893530163715108,0.022830540163994877,b50_lb3_k3_eps0p0025,False,0.05,q95,max_ssr,0.01893530163715108
stratified_size_rep044,stratified_size,44,b50_lb3_k3_eps0p0025,hierarchical_local_aggregate,shot_proportional,300,60,5,0.00794966409285572,0.01362020147884612,0.01981808479658897,0.0243791461577096,0.5466666666666666,1.0,1.0,0.3525,0.0,0.3525,22375.0,12950.0,0.01981808479658897,0.0243791461577096,b50_lb3_k3_eps0p0025,False,0.05,q95,max_ssr,0.01981808479658897
stratified_size_rep044,stratified_size,44,b50_lb3_k3_eps0p0025,hierarchical_local_aggregate,uniform,300,60,5,0.007833183493869512,0.01362020147884612,0.019681987074413727,0.024283947937394024,0.5466666666666666,1.0,1.0,0.3525,0.0,0.3525,22375.0,12950.0,0.019681987074413727,0.024283947937394024,b50_lb3_k3_eps0p0025,False,0.05,q95,max_ssr,0.019681987074413727
stratified_size_rep044,stratified_size,44,b50_lb3_k3_eps0p0025,local_only_offline_aggregate,confidence,300,60,5,0.0025518585650835595,0.009076992827333106,0.0166369241054521,0.0227821428571429,0.7833333333333333,1.0,1.0,0.013333333333333308,0.0,0.0,37650.0,20000.0,0.0166369241054521,0.0227821428571429,b50_lb3_k3_eps0p0025,False,0.05,q95,max_ssr,0.0166369241054521
stratified_size_rep044,stratified_size,44,b50_lb3_k3_eps0p0025,local_only_offline_aggregate,shot_proportional,300,60,5,0.002213781292506417,0.009096288149482448,0.016746376901949973,0.0227821428571429,0.7866666666666666,1.0,1.0,0.013333333333333308,0.0,0.0,37650.0,20000.0,0.016746376901949973,0.0227821428571429,b50_lb3_k3_eps0p0025,False,0.05,q95,max_ssr,0.016746376901949973
stratified_size_rep044,stratified_size,44,b50_lb3_k3_eps0p0025,local_only_offline_aggregate,uniform,300,60,5,0.0024029051582714882,0.009184505815840235,0.01649097673828532,0.0227821428571429,0.7866666666666666,1.0,1.0,0.013333333333333308,0.0,0.0,37650.0,20000.0,0.01649097673828532,0.0227821428571429,b50_lb3_k3_eps0p0025,False,0.05,q95,max_ssr,0.01649097673828532
stratified_size_rep045,stratified_size,45,b50_lb3_k3_eps0p0025,aggregate_only_sync,confidence,300,60,5,0.010464501312753834,0.014602343847672686,0.020586866760031977,0.023395161290322875,0.47,1.0,1.0,0.521875,0.0,0.521875,20100.0,9562.5,0.020586866760031977,0.023395161290322875,b50_lb3_k3_eps0p0025,False,0.05,q95,max_ssr,0.020586866760031977
stratified_size_rep045,stratified_size,45,b50_lb3_k3_eps0p0025,aggregate_only_sync,shot_proportional,300,60,5,0.010464501312753834,0.014602343847672686,0.020586866760031977,0.023395161290322875,0.47,1.0,1.0,0.521875,0.0,0.521875,20100.0,9562.5,0.020586866760031977,0.023395161290322875,b50_lb3_k3_eps0p0025,False,0.05,q95,max_ssr,0.020586866760031977
stratified_size_rep045,stratified_size,45,b50_lb3_k3_eps0p0025,aggregate_only_sync,uniform,300,60,5,0.010464501312753834,0.014602343847672686,0.020586866760031977,0.023395161290322875,0.47,1.0,1.0,0.521875,0.0,0.521875,20100.0,9562.5,0.020586866760031977,0.023395161290322875,b50_lb3_k3_eps0p0025,False,0.05,q95,max_ssr,0.020586866760031977
stratified_size_rep045,stratified_size,45,b50_lb3_k3_eps0p0025,hierarchical_local_aggregate,confidence,300,60,5,0.010513933580255846,0.014538043867606754,0.020516172759754914,0.023395161290322875,0.49,1.0,1.0,0.525,0.0,0.525,20000.0,9500.0,0.020516172759754914,0.023395161290322875,b50_lb3_k3_eps0p0025,False,0.05,q95,max_ssr,0.020516172759754914
stratified_size_rep045,stratified_size,45,b50_lb3_k3_eps0p0025,hierarchical_local_aggregate,shot_proportional,300,60,5,0.010618106747364848,0.014602343847672686,0.021052861255037112,0.0243791461577096,0.47333333333333333,1.0,1.0,0.525,0.0,0.525,20000.0,9500.0,0.021052861255037112,0.0243791461577096,b50_lb3_k3_eps0p0025,False,0.05,q95,max_ssr,0.021052861255037112
stratified_size_rep045,stratified_size,45,b50_lb3_k3_eps0p0025,hierarchical_local_aggregate,uniform,300,60,5,0.01058314763914138,0.014602343847672686,0.02105046433200669,0.024283947937394024,0.47333333333333333,1.0,1.0,0.525,0.0,0.525,20000.0,9500.0,0.02105046433200669,0.024283947937394024,b50_lb3_k3_eps0p0025,False,0.05,q95,max_ssr,0.02105046433200669
stratified_size_rep045,stratified_size,45,b50_lb3_k3_eps0p0025,local_only_offline_aggregate,confidence,300,60,5,0.005782918866203794,0.011119734433437022,0.01753312428789988,0.023395161290322875,0.71,1.0,1.0,0.33,0.0,0.24375000000000002,31025.0,15125.0,0.01753312428789988,0.023395161290322875,b50_lb3_k3_eps0p0025,False,0.05,q95,max_ssr,0.01753312428789988
stratified_size_rep045,stratified_size,45,b50_lb3_k3_eps0p0025,local_only_offline_aggregate,shot_proportional,300,60,5,0.005808447918554137,0.011172475952087053,0.01723961767014212,0.023395161290322875,0.7133333333333334,1.0,1.0,0.33,0.0,0.24375000000000002,31025.0,15125.0,0.01723961767014212,0.023395161290322875,b50_lb3_k3_eps0p0025,False,0.05,q95,max_ssr,0.01723961767014212
stratified_size_rep045,stratified_size,45,b50_lb3_k3_eps0p0025,local_only_offline_aggregate,uniform,300,60,5,0.005788441540545974,0.011156577290663132,0.0173864574108747,0.023395161290322875,0.71,1.0,1.0,0.33,0.0,0.24375000000000002,31025.0,15125.0,0.0173864574108747,0.023395161290322875,b50_lb3_k3_eps0p0025,False,0.05,q95,max_ssr,0.0173864574108747
stratified_size_rep046,stratified_size,46,b50_lb3_k3_eps0p0025,aggregate_only_sync,confidence,300,60,5,0.007924255636806602,0.013750041996047421,0.020350516240673338,0.023395161290322875,0.54,1.0,1.0,0.42937499999999995,0.0,0.42937499999999995,22000.0,11412.5,0.020350516240673338,0.023395161290322875,b50_lb3_k3_eps0p0025,False,0.05,q95,max_ssr,0.020350516240673338
stratified_size_rep046,stratified_size,46,b50_lb3_k3_eps0p0025,aggregate_only_sync,shot_proportional,300,60,5,0.007924255636806602,0.013750041996047421,0.020350516240673338,0.023395161290322875,0.54,1.0,1.0,0.42937499999999995,0.0,0.42937499999999995,22000.0,11412.5,0.020350516240673338,0.023395161290322875,b50_lb3_k3_eps0p0025,False,0.05,q95,max_ssr,0.020350516240673338
stratified_size_rep046,stratified_size,46,b50_lb3_k3_eps0p0025,aggregate_only_sync,uniform,300,60,5,0.007924255636806602,0.013750041996047421,0.020350516240673338,0.023395161290322875,0.54,1.0,1.0,0.42937499999999995,0.0,0.42937499999999995,22000.0,11412.5,0.020350516240673338,0.023395161290322875,b50_lb3_k3_eps0p0025,False,0.05,q95,max_ssr,0.020350516240673338
stratified_size_rep046,stratified_size,46,b50_lb3_k3_eps0p0025,hierarchical_local_aggregate,confidence,300,60,5,0.007820320862420559,0.013689134256127947,0.019972890703361043,0.023395161290322875,0.5466666666666666,1.0,1.0,0.42937499999999995,0.0,0.42937499999999995,21850.0,11412.5,0.019972890703361043,0.023395161290322875,b50_lb3_k3_eps0p0025,False,0.05,q95,max_ssr,0.019972890703361043
stratified_size_rep046,stratified_size,46,b50_lb3_k3_eps0p0025,hierarchical_local_aggregate,shot_proportional,300,60,5,0.008266424448713281,0.013750041996047421,0.02055893619544497,0.023395161290322875,0.54,1.0,1.0,0.42937499999999995,0.0,0.42937499999999995,21850.0,11412.5,0.02055893619544497,0.023395161290322875,b50_lb3_k3_eps0p0025,False,0.05,q95,max_ssr,0.02055893619544497
stratified_size_rep046,stratified_size,46,b50_lb3_k3_eps0p0025,hierarchical_local_aggregate,uniform,300,60,5,0.008101005810761862,0.013750041996047421,0.02051210428506616,0.023395161290322875,0.54,1.0,1.0,0.42937499999999995,0.0,0.42937499999999995,21850.0,11412.5,0.02051210428506616,0.023395161290322875,b50_lb3_k3_eps0p0025,False,0.05,q95,max_ssr,0.02051210428506616
stratified_size_rep046,stratified_size,46,b50_lb3_k3_eps0p0025,local_only_offline_aggregate,confidence,300,60,5,0.003461168573621479,0.00968406653294198,0.016943281676255525,0.023395161290322875,0.7666666666666667,1.0,1.0,0.1096875,0.0,0.044999999999999984,36537.5,19100.0,0.016943281676255525,0.023395161290322875,b50_lb3_k3_eps0p0025,False,0.05,q95,max_ssr,0.016943281676255525
stratified_size_rep046,stratified_size,46,b50_lb3_k3_eps0p0025,local_only_offline_aggregate,shot_proportional,300,60,5,0.003486506373448209,0.009620383480378353,0.01713782059634551,0.023395161290322875,0.77,1.0,1.0,0.1096875,0.0,0.044999999999999984,36537.5,19100.0,0.01713782059634551,0.023395161290322875,b50_lb3_k3_eps0p0025,False,0.05,q95,max_ssr,0.01713782059634551
stratified_size_rep046,stratified_size,46,b50_lb3_k3_eps0p0025,local_only_offline_aggregate,uniform,300,60,5,0.0034969506261491165,0.009528269862794793,0.016978081528686458,0.023395161290322875,0.7666666666666667,1.0,1.0,0.1096875,0.0,0.044999999999999984,36537.5,19100.0,0.016978081528686458,0.023395161290322875,b50_lb3_k3_eps0p0025,False,0.05,q95,max_ssr,0.016978081528686458
stratified_size_rep047,stratified_size,47,b50_lb3_k3_eps0p0025,aggregate_only_sync,confidence,300,60,5,0.008568237990075351,0.013700799757746206,0.020557116976468236,0.023395161290322875,0.53,1.0,1.0,0.38875,0.0,0.38875,22125.0,12225.0,0.020557116976468236,0.023395161290322875,b50_lb3_k3_eps0p0025,False,0.05,q95,max_ssr,0.020557116976468236
stratified_size_rep047,stratified_size,47,b50_lb3_k3_eps0p0025,aggregate_only_sync,shot_proportional,300,60,5,0.008568237990075351,0.013700799757746206,0.020557116976468236,0.023395161290322875,0.53,1.0,1.0,0.38875,0.0,0.38875,22125.0,12225.0,0.020557116976468236,0.023395161290322875,b50_lb3_k3_eps0p0025,False,0.05,q95,max_ssr,0.020557116976468236
stratified_size_rep047,stratified_size,47,b50_lb3_k3_eps0p0025,aggregate_only_sync,uniform,300,60,5,0.008568237990075351,0.013700799757746206,0.020557116976468236,0.023395161290322875,0.53,1.0,1.0,0.38875,0.0,0.38875,22125.0,12225.0,0.020557116976468236,0.023395161290322875,b50_lb3_k3_eps0p0025,False,0.05,q95,max_ssr,0.020557116976468236
stratified_size_rep047,stratified_size,47,b50_lb3_k3_eps0p0025,hierarchical_local_aggregate,confidence,300,60,5,0.00796293086830569,0.013615890708834818,0.020228161281212634,0.023395161290322875,0.5533333333333333,1.0,1.0,0.38875,0.0,0.38875,21975.0,12225.0,0.020228161281212634,0.023395161290322875,b50_lb3_k3_eps0p0025,False,0.05,q95,max_ssr,0.020228161281212634
stratified_size_rep047,stratified_size,47,b50_lb3_k3_eps0p0025,hierarchical_local_aggregate,shot_proportional,300,60,5,0.008835963212294285,0.013700799757746206,0.02097663515003319,0.0243791461577096,0.5333333333333333,1.0,1.0,0.38875,0.0,0.38875,21975.0,12225.0,0.02097663515003319,0.0243791461577096,b50_lb3_k3_eps0p0025,False,0.05,q95,max_ssr,0.02097663515003319
stratified_size_rep047,stratified_size,47,b50_lb3_k3_eps0p0025,hierarchical_local_aggregate,uniform,300,60,5,0.008753962796031708,0.013700799757746206,0.02097663515003319,0.024283947937394024,0.5333333333333333,1.0,1.0,0.38875,0.0,0.38875,21975.0,12225.0,0.02097663515003319,0.024283947937394024,b50_lb3_k3_eps0p0025,False,0.05,q95,max_ssr,0.02097663515003319
stratified_size_rep047,stratified_size,47,b50_lb3_k3_eps0p0025,local_only_offline_aggregate,confidence,300,60,5,0.003338002116868792,0.0095354412754403,0.016940186665384976,0.023395161290322875,0.77,1.0,1.0,0.1096875,0.0,0.044999999999999984,36187.5,19100.0,0.016940186665384976,0.023395161290322875,b50_lb3_k3_eps0p0025,False,0.05,q95,max_ssr,0.016940186665384976
stratified_size_rep047,stratified_size,47,b50_lb3_k3_eps0p0025,local_only_offline_aggregate,shot_proportional,300,60,5,0.0033456367812825637,0.009709172846446047,0.01703911087979647,0.023395161290322875,0.7733333333333333,1.0,1.0,0.1096875,0.0,0.044999999999999984,36187.5,19100.0,0.01703911087979647,0.023395161290322875,b50_lb3_k3_eps0p0025,False,0.05,q95,max_ssr,0.01703911087979647
stratified_size_rep047,stratified_size,47,b50_lb3_k3_eps0p0025,local_only_offline_aggregate,uniform,300,60,5,0.003190687926644875,0.009528269862794793,0.0169737518486924,0.023395161290322875,0.77,1.0,1.0,0.1096875,0.0,0.044999999999999984,36187.5,19100.0,0.0169737518486924,0.023395161290322875,b50_lb3_k3_eps0p0025,False,0.05,q95,max_ssr,0.0169737518486924
stratified_size_rep048,stratified_size,48,b50_lb3_k3_eps0p0025,aggregate_only_sync,confidence,300,60,5,0.00850370807554543,0.013744007924458198,0.020350516240673338,0.02325794573643404,0.5366666666666666,1.0,1.0,0.41437500000000005,0.0,0.41437500000000005,20625.0,11712.5,0.020350516240673338,0.02325794573643404,b50_lb3_k3_eps0p0025,False,0.05,q95,max_ssr,0.020350516240673338
stratified_size_rep048,stratified_size,48,b50_lb3_k3_eps0p0025,aggregate_only_sync,shot_proportional,300,60,5,0.00850370807554543,0.013744007924458198,0.020350516240673338,0.02325794573643404,0.5366666666666666,1.0,1.0,0.41437500000000005,0.0,0.41437500000000005,20625.0,11712.5,0.020350516240673338,0.02325794573643404,b50_lb3_k3_eps0p0025,False,0.05,q95,max_ssr,0.020350516240673338
stratified_size_rep048,stratified_size,48,b50_lb3_k3_eps0p0025,aggregate_only_sync,uniform,300,60,5,0.00850370807554543,0.013744007924458198,0.020350516240673338,0.02325794573643404,0.5366666666666666,1.0,1.0,0.41437500000000005,0.0,0.41437500000000005,20625.0,11712.5,0.020350516240673338,0.02325794573643404,b50_lb3_k3_eps0p0025,False,0.05,q95,max_ssr,0.020350516240673338
stratified_size_rep048,stratified_size,48,b50_lb3_k3_eps0p0025,hierarchical_local_aggregate,confidence,300,60,5,0.007873565731333177,0.013624189983139369,0.019425093071962295,0.022830540163994877,0.5533333333333333,1.0,1.0,0.41437500000000005,0.0,0.41437500000000005,20625.0,11712.5,0.019425093071962295,0.022830540163994877,b50_lb3_k3_eps0p0025,False,0.05,q95,max_ssr,0.019425093071962295
stratified_size_rep048,stratified_size,48,b50_lb3_k3_eps0p0025,hierarchical_local_aggregate,shot_proportional,300,60,5,0.008693952429149793,0.013744007924458198,0.020446355059523854,0.0243791461577096,0.54,1.0,1.0,0.41437500000000005,0.0,0.41437500000000005,20625.0,11712.5,0.020446355059523854,0.0243791461577096,b50_lb3_k3_eps0p0025,False,0.05,q95,max_ssr,0.020446355059523854
stratified_size_rep048,stratified_size,48,b50_lb3_k3_eps0p0025,hierarchical_local_aggregate,uniform,300,60,5,0.00868907019594175,0.013744007924458198,0.02042886592640466,0.024283947937394024,0.54,1.0,1.0,0.41437500000000005,0.0,0.41437500000000005,20625.0,11712.5,0.02042886592640466,0.024283947937394024,b50_lb3_k3_eps0p0025,False,0.05,q95,max_ssr,0.02042886592640466
stratified_size_rep048,stratified_size,48,b50_lb3_k3_eps0p0025,local_only_offline_aggregate,confidence,300,60,5,0.003461168573621479,0.0095354412754403,0.01707882920206171,0.0227821428571429,0.77,1.0,1.0,0.1096875,0.0,0.044999999999999984,34425.0,19100.0,0.01707882920206171,0.0227821428571429,b50_lb3_k3_eps0p0025,False,0.05,q95,max_ssr,0.01707882920206171
stratified_size_rep048,stratified_size,48,b50_lb3_k3_eps0p0025,local_only_offline_aggregate,shot_proportional,300,60,5,0.003486506373448209,0.009709172846446047,0.01703911087979647,0.0227821428571429,0.7733333333333333,1.0,1.0,0.1096875,0.0,0.044999999999999984,34425.0,19100.0,0.01703911087979647,0.0227821428571429,b50_lb3_k3_eps0p0025,False,0.05,q95,max_ssr,0.01703911087979647
stratified_size_rep048,stratified_size,48,b50_lb3_k3_eps0p0025,local_only_offline_aggregate,uniform,300,60,5,0.0034969506261491165,0.009516116548061983,0.01705537048871507,0.0227821428571429,0.7733333333333333,1.0,1.0,0.1096875,0.0,0.044999999999999984,34425.0,19100.0,0.01705537048871507,0.0227821428571429,b50_lb3_k3_eps0p0025,False,0.05,q95,max_ssr,0.01705537048871507
stratified_size_rep049,stratified_size,49,b50_lb3_k3_eps0p0025,aggregate_only_sync,confidence,300,60,5,0.010187639229336212,0.014204871490716505,0.020491576508468976,0.023395161290322875,0.49,1.0,1.0,0.44499999999999995,0.0,0.44499999999999995,22000.0,11100.0,0.020491576508468976,0.023395161290322875,b50_lb3_k3_eps0p0025,False,0.05,q95,max_ssr,0.020491576508468976
stratified_size_rep049,stratified_size,49,b50_lb3_k3_eps0p0025,aggregate_only_sync,shot_proportional,300,60,5,0.010187639229336212,0.014204871490716505,0.020491576508468976,0.023395161290322875,0.49,1.0,1.0,0.44499999999999995,0.0,0.44499999999999995,22000.0,11100.0,0.020491576508468976,0.023395161290322875,b50_lb3_k3_eps0p0025,False,0.05,q95,max_ssr,0.020491576508468976
stratified_size_rep049,stratified_size,49,b50_lb3_k3_eps0p0025,aggregate_only_sync,uniform,300,60,5,0.010187639229336212,0.014204871490716505,0.020491576508468976,0.023395161290322875,0.49,1.0,1.0,0.44499999999999995,0.0,0.44499999999999995,22000.0,11100.0,0.020491576508468976,0.023395161290322875,b50_lb3_k3_eps0p0025,False,0.05,q95,max_ssr,0.020491576508468976
stratified_size_rep049,stratified_size,49,b50_lb3_k3_eps0p0025,hierarchical_local_aggregate,confidence,300,60,5,0.009657344189714027,0.014055580408710144,0.020404099933087245,0.023395161290322875,0.5066666666666667,1.0,1.0,0.44562499999999994,0.0,0.44562499999999994,21975.0,11087.5,0.020404099933087245,0.023395161290322875,b50_lb3_k3_eps0p0025,False,0.05,q95,max_ssr,0.020404099933087245
stratified_size_rep049,stratified_size,49,b50_lb3_k3_eps0p0025,hierarchical_local_aggregate,shot_proportional,300,60,5,0.010291639784946172,0.014206827110129005,0.0206214319205899,0.023395161290322875,0.49333333333333335,1.0,1.0,0.44562499999999994,0.0,0.44562499999999994,21975.0,11087.5,0.0206214319205899,0.023395161290322875,b50_lb3_k3_eps0p0025,False,0.05,q95,max_ssr,0.0206214319205899
stratified_size_rep049,stratified_size,49,b50_lb3_k3_eps0p0025,hierarchical_local_aggregate,uniform,300,60,5,0.0102266637115839,0.014193895037471524,0.020620477419388713,0.023395161290322875,0.49333333333333335,1.0,1.0,0.44562499999999994,0.0,0.44562499999999994,21975.0,11087.5,0.020620477419388713,0.023395161290322875,b50_lb3_k3_eps0p0025,False,0.05,q95,max_ssr,0.020620477419388713
stratified_size_rep049,stratified_size,49,b50_lb3_k3_eps0p0025,local_only_offline_aggregate,confidence,300,60,5,0.004231983923640383,0.009928548842145585,0.016943281676255525,0.023395161290322875,0.7533333333333333,1.0,1.0,0.14812499999999998,0.0,0.09499999999999997,34825.0,18100.0,0.016943281676255525,0.023395161290322875,b50_lb3_k3_eps0p0025,False,0.05,q95,max_ssr,0.016943281676255525
stratified_size_rep049,stratified_size,49,b50_lb3_k3_eps0p0025,local_only_offline_aggregate,shot_proportional,300,60,5,0.004283498752544866,0.00987459909534628,0.01684291862782374,0.023395161290322875,0.7566666666666667,1.0,1.0,0.14812499999999998,0.0,0.09499999999999997,34825.0,18100.0,0.01684291862782374,0.023395161290322875,b50_lb3_k3_eps0p0025,False,0.05,q95,max_ssr,0.01684291862782374
stratified_size_rep049,stratified_size,49,b50_lb3_k3_eps0p0025,local_only_offline_aggregate,uniform,300,60,5,0.0042603383325525435,0.009883067268150537,0.016978081528686458,0.023395161290322875,0.7533333333333333,1.0,1.0,0.14812499999999998,0.0,0.09499999999999997,34825.0,18100.0,0.016978081528686458,0.023395161290322875,b50_lb3_k3_eps0p0025,False,0.05,q95,max_ssr,0.016978081528686458
stratified_size_rep050,stratified_size,50,b50_lb3_k3_eps0p0025,aggregate_only_sync,confidence,300,60,5,0.010260257887274013,0.014328474009264014,0.020556119632220676,0.023395161290322875,0.49,1.0,1.0,0.479375,0.0,0.479375,21975.0,10412.5,0.020556119632220676,0.023395161290322875,b50_lb3_k3_eps0p0025,False,0.05,q95,max_ssr,0.020556119632220676
stratified_size_rep050,stratified_size,50,b50_lb3_k3_eps0p0025,aggregate_only_sync,shot_proportional,300,60,5,0.010260257887274013,0.014328474009264014,0.020556119632220676,0.023395161290322875,0.49,1.0,1.0,0.479375,0.0,0.479375,21975.0,10412.5,0.020556119632220676,0.023395161290322875,b50_lb3_k3_eps0p0025,False,0.05,q95,max_ssr,0.020556119632220676
stratified_size_rep050,stratified_size,50,b50_lb3_k3_eps0p0025,aggregate_only_sync,uniform,300,60,5,0.010260257887274013,0.014328474009264014,0.020556119632220676,0.023395161290322875,0.49,1.0,1.0,0.479375,0.0,0.479375,21975.0,10412.5,0.020556119632220676,0.023395161290322875,b50_lb3_k3_eps0p0025,False,0.05,q95,max_ssr,0.020556119632220676
stratified_size_rep050,stratified_size,50,b50_lb3_k3_eps0p0025,hierarchical_local_aggregate,confidence,300,60,5,0.009520144905354735,0.014306050098855704,0.020404099933087245,0.023395161290322875,0.51,1.0,1.0,0.49,0.0,0.485,21675.0,10300.0,0.020404099933087245,0.023395161290322875,b50_lb3_k3_eps0p0025,False,0.05,q95,max_ssr,0.020404099933087245
stratified_size_rep050,stratified_size,50,b50_lb3_k3_eps0p0025,hierarchical_local_aggregate,shot_proportional,300,60,5,0.010360384615384605,0.014328474009264014,0.02097663515003319,0.0243791461577096,0.49333333333333335,1.0,1.0,0.49,0.0,0.485,21675.0,10300.0,0.02097663515003319,0.0243791461577096,b50_lb3_k3_eps0p0025,False,0.05,q95,max_ssr,0.02097663515003319
stratified_size_rep050,stratified_size,50,b50_lb3_k3_eps0p0025,hierarchical_local_aggregate,uniform,300,60,5,0.010360384615384605,0.014328474009264014,0.02097663515003319,0.024283947937394024,0.49333333333333335,1.0,1.0,0.49,0.0,0.485,21675.0,10300.0,0.02097663515003319,0.024283947937394024,b50_lb3_k3_eps0p0025,False,0.05,q95,max_ssr,0.02097663515003319
stratified_size_rep050,stratified_size,50,b50_lb3_k3_eps0p0025,local_only_offline_aggregate,confidence,300,60,5,0.004759532348197093,0.010681865560836014,0.017141297242627498,0.023395161290322875,0.7333333333333333,1.0,1.0,0.25749999999999995,0.0,0.15749999999999997,34212.5,16850.0,0.017141297242627498,0.023395161290322875,b50_lb3_k3_eps0p0025,False,0.05,q95,max_ssr,0.017141297242627498
stratified_size_rep050,stratified_size,50,b50_lb3_k3_eps0p0025,local_only_offline_aggregate,shot_proportional,300,60,5,0.004903118051585036,0.010492835397421478,0.017144011815717303,0.023395161290322875,0.7366666666666667,1.0,1.0,0.25749999999999995,0.0,0.15749999999999997,34212.5,16850.0,0.017144011815717303,0.023395161290322875,b50_lb3_k3_eps0p0025,False,0.05,q95,max_ssr,0.017144011815717303
stratified_size_rep050,stratified_size,50,b50_lb3_k3_eps0p0025,local_only_offline_aggregate,uniform,300,60,5,0.004799215442150227,0.010639721657590587,0.017141297242627498,0.023395161290322875,0.7333333333333333,1.0,1.0,0.25749999999999995,0.0,0.15749999999999997,34212.5,16850.0,0.017141297242627498,0.023395161290322875,b50_lb3_k3_eps0p0025,False,0.05,q95,max_ssr,0.017141297242627498
stratified_size_rep051,stratified_size,51,b50_lb3_k3_eps0p0025,aggregate_only_sync,confidence,300,60,5,0.010187639229336212,0.014204871490716505,0.020407603479939997,0.02325794573643404,0.49333333333333335,1.0,1.0,0.5025,0.0,0.5025,21050.0,9950.0,0.020407603479939997,0.02325794573643404,b50_lb3_k3_eps0p0025,False,0.05,q95,max_ssr,0.020407603479939997
stratified_size_rep051,stratified_size,51,b50_lb3_k3_eps0p0025,aggregate_only_sync,shot_proportional,300,60,5,0.010187639229336212,0.014204871490716505,0.020407603479939997,0.02325794573643404,0.49333333333333335,1.0,1.0,0.5025,0.0,0.5025,21050.0,9950.0,0.020407603479939997,0.02325794573643404,b50_lb3_k3_eps0p0025,False,0.05,q95,max_ssr,0.020407603479939997
stratified_size_rep051,stratified_size,51,b50_lb3_k3_eps0p0025,aggregate_only_sync,uniform,300,60,5,0.010187639229336212,0.014204871490716505,0.020407603479939997,0.02325794573643404,0.49333333333333335,1.0,1.0,0.5025,0.0,0.5025,21050.0,9950.0,0.020407603479939997,0.02325794573643404,b50_lb3_k3_eps0p0025,False,0.05,q95,max_ssr,0.020407603479939997
stratified_size_rep051,stratified_size,51,b50_lb3_k3_eps0p0025,hierarchical_local_aggregate,confidence,300,60,5,0.009520144905354735,0.014055580408710144,0.020058447312818493,0.022830540163994877,0.5133333333333333,1.0,1.0,0.5163125,0.0,0.5137499999999999,20875.0,9725.0,0.020058447312818493,0.022830540163994877,b50_lb3_k3_eps0p0025,False,0.05,q95,max_ssr,0.020058447312818493
stratified_size_rep051,stratified_size,51,b50_lb3_k3_eps0p0025,hierarchical_local_aggregate,shot_proportional,300,60,5,0.010117199203403827,0.014206827110129005,0.020733815865383053,0.0243791461577096,0.49666666666666665,1.0,1.0,0.5163125,0.0,0.5137499999999999,20875.0,9725.0,0.020733815865383053,0.0243791461577096,b50_lb3_k3_eps0p0025,False,0.05,q95,max_ssr,0.020733815865383053
stratified_size_rep051,stratified_size,51,b50_lb3_k3_eps0p0025,hierarchical_local_aggregate,uniform,300,60,5,0.010052223130041556,0.014193895037471524,0.020709801726608,0.024283947937394024,0.49666666666666665,1.0,1.0,0.5163125,0.0,0.5137499999999999,20875.0,9725.0,0.020709801726608,0.024283947937394024,b50_lb3_k3_eps0p0025,False,0.05,q95,max_ssr,0.020709801726608
stratified_size_rep051,stratified_size,51,b50_lb3_k3_eps0p0025,local_only_offline_aggregate,confidence,300,60,5,0.004748706079234565,0.010681865560836014,0.017226062168186028,0.0227821428571429,0.7366666666666667,1.0,1.0,0.2775,0.0,0.21999999999999997,32450.0,15600.0,0.017226062168186028,0.0227821428571429,b50_lb3_k3_eps0p0025,False,0.05,q95,max_ssr,0.017226062168186028
stratified_size_rep051,stratified_size,51,b50_lb3_k3_eps0p0025,local_only_offline_aggregate,shot_proportional,300,60,5,0.004903118051585036,0.010492835397421478,0.01719525420246556,0.0227821428571429,0.7366666666666667,1.0,1.0,0.2775,0.0,0.21999999999999997,32450.0,15600.0,0.01719525420246556,0.0227821428571429,b50_lb3_k3_eps0p0025,False,0.05,q95,max_ssr,0.01719525420246556
stratified_size_rep051,stratified_size,51,b50_lb3_k3_eps0p0025,local_only_offline_aggregate,uniform,300,60,5,0.004799215442150227,0.010639721657590587,0.017218581480194096,0.0227821428571429,0.7333333333333333,1.0,1.0,0.2775,0.0,0.21999999999999997,32450.0,15600.0,0.017218581480194096,0.0227821428571429,b50_lb3_k3_eps0p0025,False,0.05,q95,max_ssr,0.017218581480194096
stratified_size_rep052,stratified_size,52,b50_lb3_k3_eps0p0025,aggregate_only_sync,confidence,300,60,5,0.009911841423442728,0.014145351714267812,0.020567917219328376,0.023395161290322875,0.5033333333333333,1.0,1.0,0.49375,0.0,0.49375,20750.0,10125.0,0.020567917219328376,0.023395161290322875,b50_lb3_k3_eps0p0025,False,0.05,q95,max_ssr,0.020567917219328376
stratified_size_rep052,stratified_size,52,b50_lb3_k3_eps0p0025,aggregate_only_sync,shot_proportional,300,60,5,0.009911841423442728,0.014145351714267812,0.020567917219328376,0.023395161290322875,0.5033333333333333,1.0,1.0,0.49375,0.0,0.49375,20750.0,10125.0,0.020567917219328376,0.023395161290322875,b50_lb3_k3_eps0p0025,False,0.05,q95,max_ssr,0.020567917219328376
stratified_size_rep052,stratified_size,52,b50_lb3_k3_eps0p0025,aggregate_only_sync,uniform,300,60,5,0.009911841423442728,0.014145351714267812,0.020567917219328376,0.023395161290322875,0.5033333333333333,1.0,1.0,0.49375,0.0,0.49375,20750.0,10125.0,0.020567917219328376,0.023395161290322875,b50_lb3_k3_eps0p0025,False,0.05,q95,max_ssr,0.020567917219328376
stratified_size_rep052,stratified_size,52,b50_lb3_k3_eps0p0025,hierarchical_local_aggregate,confidence,300,60,5,0.009314986600476576,0.013955944580718225,0.020404099933087245,0.023395161290322875,0.5233333333333333,1.0,1.0,0.50125,0.0,0.50125,20575.0,9975.0,0.020404099933087245,0.023395161290322875,b50_lb3_k3_eps0p0025,False,0.05,q95,max_ssr,0.020404099933087245
stratified_size_rep052,stratified_size,52,b50_lb3_k3_eps0p0025,hierarchical_local_aggregate,shot_proportional,300,60,5,0.009815150029598978,0.01420616775913247,0.020820985643462686,0.0243791461577096,0.5066666666666667,1.0,1.0,0.50125,0.0,0.50125,20575.0,9975.0,0.020820985643462686,0.0243791461577096,b50_lb3_k3_eps0p0025,False,0.05,q95,max_ssr,0.020820985643462686
stratified_size_rep052,stratified_size,52,b50_lb3_k3_eps0p0025,hierarchical_local_aggregate,uniform,300,60,5,0.009783744775339607,0.01414122159730875,0.020736526159228868,0.024283947937394024,0.5066666666666667,1.0,1.0,0.50125,0.0,0.50125,20575.0,9975.0,0.020736526159228868,0.024283947937394024,b50_lb3_k3_eps0p0025,False,0.05,q95,max_ssr,0.020736526159228868
stratified_size_rep052,stratified_size,52,b50_lb3_k3_eps0p0025,local_only_offline_aggregate,confidence,300,60,5,0.004887766797304266,0.010681865560836014,0.017226062168186028,0.023395161290322875,0.7366666666666667,1.0,1.0,0.27208333333333334,0.0,0.20750000000000002,31550.0,15850.0,0.017226062168186028,0.023395161290322875,b50_lb3_k3_eps0p0025,False,0.05,q95,max_ssr,0.017226062168186028
stratified_size_rep052,stratified_size,52,b50_lb3_k3_eps0p0025,local_only_offline_aggregate,shot_proportional,300,60,5,0.005057245991006267,0.010673811890689684,0.01719525420246556,0.023395161290322875,0.74,1.0,1.0,0.27208333333333334,0.0,0.20750000000000002,31550.0,15850.0,0.01719525420246556,0.023395161290322875,b50_lb3_k3_eps0p0025,False,0.05,q95,max_ssr,0.01719525420246556
stratified_size_rep052,stratified_size,52,b50_lb3_k3_eps0p0025,local_only_offline_aggregate,uniform,300,60,5,0.0049016329392907575,0.010677583449726273,0.017218581480194096,0.023395161290322875,0.74,1.0,1.0,0.27208333333333334,0.0,0.20750000000000002,31550.0,15850.0,0.017218581480194096,0.023395161290322875,b50_lb3_k3_eps0p0025,False,0.05,q95,max_ssr,0.017218581480194096
stratified_size_rep053,stratified_size,53,b50_lb3_k3_eps0p0025,aggregate_only_sync,confidence,300,60,5,0.009423654326772911,0.013820479425725375,0.02024306967597065,0.023395161290322875,0.52,1.0,1.0,0.44499999999999995,0.0,0.44499999999999995,21975.0,11100.0,0.02024306967597065,0.023395161290322875,b50_lb3_k3_eps0p0025,False,0.05,q95,max_ssr,0.02024306967597065
stratified_size_rep053,stratified_size,53,b50_lb3_k3_eps0p0025,aggregate_only_sync,shot_proportional,300,60,5,0.009423654326772911,0.013820479425725375,0.02024306967597065,0.023395161290322875,0.52,1.0,1.0,0.44499999999999995,0.0,0.44499999999999995,21975.0,11100.0,0.02024306967597065,0.023395161290322875,b50_lb3_k3_eps0p0025,False,0.05,q95,max_ssr,0.02024306967597065
stratified_size_rep053,stratified_size,53,b50_lb3_k3_eps0p0025,aggregate_only_sync,uniform,300,60,5,0.009423654326772911,0.013820479425725375,0.02024306967597065,0.023395161290322875,0.52,1.0,1.0,0.44499999999999995,0.0,0.44499999999999995,21975.0,11100.0,0.02024306967597065,0.023395161290322875,b50_lb3_k3_eps0p0025,False,0.05,q95,max_ssr,0.02024306967597065
stratified_size_rep053,stratified_size,53,b50_lb3_k3_eps0p0025,hierarchical_local_aggregate,confidence,300,60,5,0.008702441893997229,0.013801115497564555,0.01969803925776046,0.023395161290322875,0.5366666666666666,1.0,1.0,0.44499999999999995,0.0,0.44499999999999995,21675.0,11100.0,0.01969803925776046,0.023395161290322875,b50_lb3_k3_eps0p0025,False,0.05,q95,max_ssr,0.01969803925776046
stratified_size_rep053,stratified_size,53,b50_lb3_k3_eps0p0025,hierarchical_local_aggregate,shot_proportional,300,60,5,0.009579993581388016,0.013820479425725375,0.020558885958539642,0.0243791461577096,0.5233333333333333,1.0,1.0,0.44499999999999995,0.0,0.44499999999999995,21675.0,11100.0,0.020558885958539642,0.0243791461577096,b50_lb3_k3_eps0p0025,False,0.05,q95,max_ssr,0.020558885958539642
stratified_size_rep053,stratified_size,53,b50_lb3_k3_eps0p0025,hierarchical_local_aggregate,uniform,300,60,5,0.009579993581388016,0.013820479425725375,0.020558885958539642,0.024283947937394024,0.5233333333333333,1.0,1.0,0.44499999999999995,0.0,0.44499999999999995,21675.0,11100.0,0.020558885958539642,0.024283947937394024,b50_lb3_k3_eps0p0025,False,0.05,q95,max_ssr,0.020558885958539642
stratified_size_rep053,stratified_size,53,b50_lb3_k3_eps0p0025,local_only_offline_aggregate,confidence,300,60,5,0.004654148511641438,0.009760510736788571,0.016739360962587303,0.023395161290322875,0.7566666666666667,1.0,1.0,0.14812499999999998,0.0,0.09499999999999997,34525.0,18100.0,0.016739360962587303,0.023395161290322875,b50_lb3_k3_eps0p0025,False,0.05,q95,max_ssr,0.016739360962587303
stratified_size_rep053,stratified_size,53,b50_lb3_k3_eps0p0025,local_only_offline_aggregate,shot_proportional,300,60,5,0.004622314513452203,0.00986820156328787,0.01683773317893923,0.023395161290322875,0.76,1.0,1.0,0.14812499999999998,0.0,0.09499999999999997,34525.0,18100.0,0.01683773317893923,0.023395161290322875,b50_lb3_k3_eps0p0025,False,0.05,q95,max_ssr,0.01683773317893923
stratified_size_rep053,stratified_size,53,b50_lb3_k3_eps0p0025,local_only_offline_aggregate,uniform,300,60,5,0.00463514569341514,0.009726759500867408,0.01674119253376788,0.023395161290322875,0.7566666666666667,1.0,1.0,0.14812499999999998,0.0,0.09499999999999997,34525.0,18100.0,0.01674119253376788,0.023395161290322875,b50_lb3_k3_eps0p0025,False,0.05,q95,max_ssr,0.01674119253376788
stratified_size_rep054,stratified_size,54,b50_lb3_k3_eps0p0025,aggregate_only_sync,confidence,300,60,5,0.00850370807554543,0.014075019237664889,0.020556119632220676,0.023395161290322875,0.5333333333333333,1.0,1.0,0.44499999999999995,0.0,0.44499999999999995,22375.0,11100.0,0.020556119632220676,0.023395161290322875,b50_lb3_k3_eps0p0025,False,0.05,q95,max_ssr,0.020556119632220676
stratified_size_rep054,stratified_size,54,b50_lb3_k3_eps0p0025,aggregate_only_sync,shot_proportional,300,60,5,0.00850370807554543,0.014075019237664889,0.020556119632220676,0.023395161290322875,0.5333333333333333,1.0,1.0,0.44499999999999995,0.0,0.44499999999999995,22375.0,11100.0,0.020556119632220676,0.023395161290322875,b50_lb3_k3_eps0p0025,False,0.05,q95,max_ssr,0.020556119632220676
stratified_size_rep054,stratified_size,54,b50_lb3_k3_eps0p0025,aggregate_only_sync,uniform,300,60,5,0.00850370807554543,0.014075019237664889,0.020556119632220676,0.023395161290322875,0.5333333333333333,1.0,1.0,0.44499999999999995,0.0,0.44499999999999995,22375.0,11100.0,0.020556119632220676,0.023395161290322875,b50_lb3_k3_eps0p0025,False,0.05,q95,max_ssr,0.020556119632220676
stratified_size_rep054,stratified_size,54,b50_lb3_k3_eps0p0025,hierarchical_local_aggregate,confidence,300,60,5,0.007873565731333177,0.013943716132575754,0.02022901446105305,0.023395161290322875,0.55,1.0,1.0,0.44562499999999994,0.0,0.44562499999999994,22100.0,11087.5,0.02022901446105305,0.023395161290322875,b50_lb3_k3_eps0p0025,False,0.05,q95,max_ssr,0.02022901446105305
stratified_size_rep054,stratified_size,54,b50_lb3_k3_eps0p0025,hierarchical_local_aggregate,shot_proportional,300,60,5,0.008693952429149793,0.014074799453999377,0.02087750470619005,0.0243791461577096,0.5366666666666666,1.0,1.0,0.44562499999999994,0.0,0.44562499999999994,22100.0,11087.5,0.02087750470619005,0.0243791461577096,b50_lb3_k3_eps0p0025,False,0.05,q95,max_ssr,0.02087750470619005
stratified_size_rep054,stratified_size,54,b50_lb3_k3_eps0p0025,hierarchical_local_aggregate,uniform,300,60,5,0.00868907019594175,0.01407159606952193,0.02087750470619005,0.024283947937394024,0.5366666666666666,1.0,1.0,0.44562499999999994,0.0,0.44562499999999994,22100.0,11087.5,0.02087750470619005,0.024283947937394024,b50_lb3_k3_eps0p0025,False,0.05,q95,max_ssr,0.02087750470619005
stratified_size_rep054,stratified_size,54,b50_lb3_k3_eps0p0025,local_only_offline_aggregate,confidence,300,60,5,0.004231983923640383,0.010005535654509613,0.016940186665384976,0.023395161290322875,0.75,1.0,1.0,0.14812499999999998,0.0,0.09499999999999997,35487.5,18100.0,0.016940186665384976,0.023395161290322875,b50_lb3_k3_eps0p0025,False,0.05,q95,max_ssr,0.016940186665384976
stratified_size_rep054,stratified_size,54,b50_lb3_k3_eps0p0025,local_only_offline_aggregate,shot_proportional,300,60,5,0.004283498752544866,0.00986820156328787,0.017041950719787948,0.023395161290322875,0.7533333333333333,1.0,1.0,0.14812499999999998,0.0,0.09499999999999997,35487.5,18100.0,0.017041950719787948,0.023395161290322875,b50_lb3_k3_eps0p0025,False,0.05,q95,max_ssr,0.017041950719787948
stratified_size_rep054,stratified_size,54,b50_lb3_k3_eps0p0025,local_only_offline_aggregate,uniform,300,60,5,0.0042603383325525435,0.0100034309638106,0.0169737518486924,0.023395161290322875,0.75,1.0,1.0,0.14812499999999998,0.0,0.09499999999999997,35487.5,18100.0,0.0169737518486924,0.023395161290322875,b50_lb3_k3_eps0p0025,False,0.05,q95,max_ssr,0.0169737518486924
stratified_size_rep055,stratified_size,55,b50_lb3_k3_eps0p0025,aggregate_only_sync,confidence,300,60,5,0.010360384615384605,0.014602343847672686,0.020586866760031977,0.023395161290322875,0.48333333333333334,1.0,1.0,0.50125,0.0,0.50125,21225.0,9975.0,0.020586866760031977,0.023395161290322875,b50_lb3_k3_eps0p0025,False,0.05,q95,max_ssr,0.020586866760031977
stratified_size_rep055,stratified_size,55,b50_lb3_k3_eps0p0025,aggregate_only_sync,shot_proportional,300,60,5,0.010360384615384605,0.014602343847672686,0.020586866760031977,0.023395161290322875,0.48333333333333334,1.0,1.0,0.50125,0.0,0.50125,21225.0,9975.0,0.020586866760031977,0.023395161290322875,b50_lb3_k3_eps0p0025,False,0.05,q95,max_ssr,0.020586866760031977
stratified_size_rep055,stratified_size,55,b50_lb3_k3_eps0p0025,aggregate_only_sync,uniform,300,60,5,0.010360384615384605,0.014602343847672686,0.020586866760031977,0.023395161290322875,0.48333333333333334,1.0,1.0,0.50125,0.0,0.50125,21225.0,9975.0,0.020586866760031977,0.023395161290322875,b50_lb3_k3_eps0p0025,False,0.05,q95,max_ssr,0.020586866760031977
stratified_size_rep055,stratified_size,55,b50_lb3_k3_eps0p0025,hierarchical_local_aggregate,confidence,300,60,5,0.009690665272926217,0.014538043867606754,0.020516172759754914,0.023395161290322875,0.5066666666666667,1.0,1.0,0.5128125,0.0,0.509375,20875.0,9812.5,0.020516172759754914,0.023395161290322875,b50_lb3_k3_eps0p0025,False,0.05,q95,max_ssr,0.020516172759754914
stratified_size_rep055,stratified_size,55,b50_lb3_k3_eps0p0025,hierarchical_local_aggregate,shot_proportional,300,60,5,0.010390384615384586,0.014602343847672686,0.021052861255037112,0.0243791461577096,0.4866666666666667,1.0,1.0,0.5128125,0.0,0.509375,20875.0,9812.5,0.021052861255037112,0.0243791461577096,b50_lb3_k3_eps0p0025,False,0.05,q95,max_ssr,0.021052861255037112
stratified_size_rep055,stratified_size,55,b50_lb3_k3_eps0p0025,hierarchical_local_aggregate,uniform,300,60,5,0.010390384615384586,0.014602343847672686,0.02105046433200669,0.024283947937394024,0.4866666666666667,1.0,1.0,0.5128125,0.0,0.509375,20875.0,9812.5,0.02105046433200669,0.024283947937394024,b50_lb3_k3_eps0p0025,False,0.05,q95,max_ssr,0.02105046433200669
stratified_size_rep055,stratified_size,55,b50_lb3_k3_eps0p0025,local_only_offline_aggregate,confidence,300,60,5,0.005325395198976993,0.01109353818945094,0.01753312428789988,0.023395161290322875,0.7133333333333334,1.0,1.0,0.2725,0.0,0.20750000000000002,32450.0,15850.0,0.01753312428789988,0.023395161290322875,b50_lb3_k3_eps0p0025,False,0.05,q95,max_ssr,0.01753312428789988
stratified_size_rep055,stratified_size,55,b50_lb3_k3_eps0p0025,local_only_offline_aggregate,shot_proportional,300,60,5,0.005274708370242763,0.010942238878143138,0.01723961767014212,0.023395161290322875,0.7166666666666667,1.0,1.0,0.2725,0.0,0.20750000000000002,32450.0,15850.0,0.01723961767014212,0.023395161290322875,b50_lb3_k3_eps0p0025,False,0.05,q95,max_ssr,0.01723961767014212
stratified_size_rep055,stratified_size,55,b50_lb3_k3_eps0p0025,local_only_offline_aggregate,uniform,300,60,5,0.005423227607623201,0.01100322582185946,0.0173864574108747,0.023395161290322875,0.7133333333333334,1.0,1.0,0.2725,0.0,0.20750000000000002,32450.0,15850.0,0.0173864574108747,0.023395161290322875,b50_lb3_k3_eps0p0025,False,0.05,q95,max_ssr,0.0173864574108747
stratified_size_rep056,stratified_size,56,b50_lb3_k3_eps0p0025,aggregate_only_sync,confidence,300,60,5,0.008771070612204328,0.014055179312181991,0.020586866760031977,0.023395161290322875,0.5266666666666666,1.0,1.0,0.403125,0.0,0.403125,23450.0,11937.5,0.020586866760031977,0.023395161290322875,b50_lb3_k3_eps0p0025,False,0.05,q95,max_ssr,0.020586866760031977
stratified_size_rep056,stratified_size,56,b50_lb3_k3_eps0p0025,aggregate_only_sync,shot_proportional,300,60,5,0.008771070612204328,0.014055179312181991,0.020586866760031977,0.023395161290322875,0.5266666666666666,1.0,1.0,0.403125,0.0,0.403125,23450.0,11937.5,0.020586866760031977,0.023395161290322875,b50_lb3_k3_eps0p0025,False,0.05,q95,max_ssr,0.020586866760031977
stratified_size_rep056,stratified_size,56,b50_lb3_k3_eps0p0025,aggregate_only_sync,uniform,300,60,5,0.008771070612204328,0.014055179312181991,0.020586866760031977,0.023395161290322875,0.5266666666666666,1.0,1.0,0.403125,0.0,0.403125,23450.0,11937.5,0.020586866760031977,0.023395161290322875,b50_lb3_k3_eps0p0025,False,0.05,q95,max_ssr,0.020586866760031977
stratified_size_rep056,stratified_size,56,b50_lb3_k3_eps0p0025,hierarchical_local_aggregate,confidence,300,60,5,0.008553252619999153,0.014019747623164575,0.02042689616373583,0.023395161290322875,0.5366666666666666,1.0,1.0,0.403125,0.0,0.403125,22950.0,11937.5,0.02042689616373583,0.023395161290322875,b50_lb3_k3_eps0p0025,False,0.05,q95,max_ssr,0.02042689616373583
stratified_size_rep056,stratified_size,56,b50_lb3_k3_eps0p0025,hierarchical_local_aggregate,shot_proportional,300,60,5,0.009013714883138057,0.014074799453999377,0.021052861255037112,0.0243791461577096,0.5266666666666666,1.0,1.0,0.403125,0.0,0.403125,22950.0,11937.5,0.021052861255037112,0.0243791461577096,b50_lb3_k3_eps0p0025,False,0.05,q95,max_ssr,0.021052861255037112
stratified_size_rep056,stratified_size,56,b50_lb3_k3_eps0p0025,hierarchical_local_aggregate,uniform,300,60,5,0.008835963212294285,0.014055179312181991,0.02105046433200669,0.024283947937394024,0.5266666666666666,1.0,1.0,0.403125,0.0,0.403125,22950.0,11937.5,0.02105046433200669,0.024283947937394024,b50_lb3_k3_eps0p0025,False,0.05,q95,max_ssr,0.02105046433200669
stratified_size_rep056,stratified_size,56,b50_lb3_k3_eps0p0025,local_only_offline_aggregate,confidence,300,60,5,0.003461168573621479,0.009928548842145585,0.01707882920206171,0.023395161290322875,0.7533333333333333,1.0,1.0,0.1096875,0.0,0.044999999999999984,37650.0,19100.0,0.01707882920206171,0.023395161290322875,b50_lb3_k3_eps0p0025,False,0.05,q95,max_ssr,0.01707882920206171
stratified_size_rep056,stratified_size,56,b50_lb3_k3_eps0p0025,local_only_offline_aggregate,shot_proportional,300,60,5,0.003486506373448209,0.009893617760358776,0.01713782059634551,0.023395161290322875,0.7533333333333333,1.0,1.0,0.1096875,0.0,0.044999999999999984,37650.0,19100.0,0.01713782059634551,0.023395161290322875,b50_lb3_k3_eps0p0025,False,0.05,q95,max_ssr,0.01713782059634551
stratified_size_rep056,stratified_size,56,b50_lb3_k3_eps0p0025,local_only_offline_aggregate,uniform,300,60,5,0.0034969506261491165,0.00989075243538106,0.01705537048871507,0.023395161290322875,0.75,1.0,1.0,0.1096875,0.0,0.044999999999999984,37650.0,19100.0,0.01705537048871507,0.023395161290322875,b50_lb3_k3_eps0p0025,False,0.05,q95,max_ssr,0.01705537048871507
stratified_size_rep057,stratified_size,57,b50_lb3_k3_eps0p0025,aggregate_only_sync,confidence,300,60,5,0.009047049956933671,0.014022655330487707,0.020491576508468976,0.023395161290322875,0.5233333333333333,1.0,1.0,0.39249999999999996,0.0,0.39249999999999996,22550.0,12150.0,0.020491576508468976,0.023395161290322875,b50_lb3_k3_eps0p0025,False,0.05,q95,max_ssr,0.020491576508468976
stratified_size_rep057,stratified_size,57,b50_lb3_k3_eps0p0025,aggregate_only_sync,shot_proportional,300,60,5,0.009047049956933671,0.014022655330487707,0.020491576508468976,0.023395161290322875,0.5233333333333333,1.0,1.0,0.39249999999999996,0.0,0.39249999999999996,22550.0,12150.0,0.020491576508468976,0.023395161290322875,b50_lb3_k3_eps0p0025,False,0.05,q95,max_ssr,0.020491576508468976
stratified_size_rep057,stratified_size,57,b50_lb3_k3_eps0p0025,aggregate_only_sync,uniform,300,60,5,0.009047049956933671,0.014022655330487707,0.020491576508468976,0.023395161290322875,0.5233333333333333,1.0,1.0,0.39249999999999996,0.0,0.39249999999999996,22550.0,12150.0,0.020491576508468976,0.023395161290322875,b50_lb3_k3_eps0p0025,False,0.05,q95,max_ssr,0.020491576508468976
stratified_size_rep057,stratified_size,57,b50_lb3_k3_eps0p0025,hierarchical_local_aggregate,confidence,300,60,5,0.008066354982865752,0.013942261430510942,0.02022901446105305,0.023395161290322875,0.5466666666666666,1.0,1.0,0.39249999999999996,0.0,0.39249999999999996,22375.0,12150.0,0.02022901446105305,0.023395161290322875,b50_lb3_k3_eps0p0025,False,0.05,q95,max_ssr,0.02022901446105305
stratified_size_rep057,stratified_size,57,b50_lb3_k3_eps0p0025,hierarchical_local_aggregate,shot_proportional,300,60,5,0.00928351006332626,0.014022655330487707,0.020733815865383053,0.023395161290322875,0.5266666666666666,1.0,1.0,0.39249999999999996,0.0,0.39249999999999996,22375.0,12150.0,0.020733815865383053,0.023395161290322875,b50_lb3_k3_eps0p0025,False,0.05,q95,max_ssr,0.020733815865383053
stratified_size_rep057,stratified_size,57,b50_lb3_k3_eps0p0025,hierarchical_local_aggregate,uniform,300,60,5,0.009143803955250203,0.014022655330487707,0.020709801726608,0.023395161290322875,0.5266666666666666,1.0,1.0,0.39249999999999996,0.0,0.39249999999999996,22375.0,12150.0,0.020709801726608,0.023395161290322875,b50_lb3_k3_eps0p0025,False,0.05,q95,max_ssr,0.020709801726608
stratified_size_rep057,stratified_size,57,b50_lb3_k3_eps0p0025,local_only_offline_aggregate,confidence,300,60,5,0.003461168573621479,0.009715547841069315,0.0166369241054521,0.023395161290322875,0.7566666666666667,1.0,1.0,0.1096875,0.0,0.044999999999999984,36537.5,19100.0,0.0166369241054521,0.023395161290322875,b50_lb3_k3_eps0p0025,False,0.05,q95,max_ssr,0.0166369241054521
stratified_size_rep057,stratified_size,57,b50_lb3_k3_eps0p0025,local_only_offline_aggregate,shot_proportional,300,60,5,0.003486506373448209,0.00986820156328787,0.016736050993951406,0.023395161290322875,0.76,1.0,1.0,0.1096875,0.0,0.044999999999999984,36537.5,19100.0,0.016736050993951406,0.023395161290322875,b50_lb3_k3_eps0p0025,False,0.05,q95,max_ssr,0.016736050993951406
stratified_size_rep057,stratified_size,57,b50_lb3_k3_eps0p0025,local_only_offline_aggregate,uniform,300,60,5,0.0034969506261491165,0.009726759500867408,0.01649097673828532,0.023395161290322875,0.7566666666666667,1.0,1.0,0.1096875,0.0,0.044999999999999984,36537.5,19100.0,0.01649097673828532,0.023395161290322875,b50_lb3_k3_eps0p0025,False,0.05,q95,max_ssr,0.01649097673828532
stratified_size_rep058,stratified_size,58,b50_lb3_k3_eps0p0025,aggregate_only_sync,confidence,300,60,5,0.007184127090514443,0.013647297493521813,0.019824919506847095,0.0227821428571429,0.56,1.0,1.0,0.38875,0.0,0.38875,22375.0,12225.0,0.019824919506847095,0.0227821428571429,b50_lb3_k3_eps0p0025,False,0.05,q95,max_ssr,0.019824919506847095
stratified_size_rep058,stratified_size,58,b50_lb3_k3_eps0p0025,aggregate_only_sync,shot_proportional,300,60,5,0.007184127090514443,0.013647297493521813,0.019824919506847095,0.0227821428571429,0.56,1.0,1.0,0.38875,0.0,0.38875,22375.0,12225.0,0.019824919506847095,0.0227821428571429,b50_lb3_k3_eps0p0025,False,0.05,q95,max_ssr,0.019824919506847095
stratified_size_rep058,stratified_size,58,b50_lb3_k3_eps0p0025,aggregate_only_sync,uniform,300,60,5,0.007184127090514443,0.013647297493521813,0.019824919506847095,0.0227821428571429,0.56,1.0,1.0,0.38875,0.0,0.38875,22375.0,12225.0,0.019824919506847095,0.0227821428571429,b50_lb3_k3_eps0p0025,False,0.05,q95,max_ssr,0.019824919506847095
stratified_size_rep058,stratified_size,58,b50_lb3_k3_eps0p0025,hierarchical_local_aggregate,confidence,300,60,5,0.007340257222278011,0.013590583593475744,0.019427911391992802,0.0227821428571429,0.58,1.0,1.0,0.38875,0.0,0.38875,22125.0,12225.0,0.019427911391992802,0.0227821428571429,b50_lb3_k3_eps0p0025,False,0.05,q95,max_ssr,0.019427911391992802
stratified_size_rep058,stratified_size,58,b50_lb3_k3_eps0p0025,hierarchical_local_aggregate,shot_proportional,300,60,5,0.007578973099066895,0.013647297493521813,0.02025954205934088,0.02287320705610179,0.5633333333333334,1.0,1.0,0.38875,0.0,0.38875,22125.0,12225.0,0.02025954205934088,0.02287320705610179,b50_lb3_k3_eps0p0025,False,0.05,q95,max_ssr,0.02025954205934088
stratified_size_rep058,stratified_size,58,b50_lb3_k3_eps0p0025,hierarchical_local_aggregate,uniform,300,60,5,0.007577981141962307,0.013647297493521813,0.020223780730874562,0.02287320705610179,0.5633333333333334,1.0,1.0,0.38875,0.0,0.38875,22125.0,12225.0,0.020223780730874562,0.02287320705610179,b50_lb3_k3_eps0p0025,False,0.05,q95,max_ssr,0.020223780730874562
stratified_size_rep058,stratified_size,58,b50_lb3_k3_eps0p0025,local_only_offline_aggregate,confidence,300,60,5,0.003201872882596834,0.00935181162341733,0.0166369241054521,0.0227821428571429,0.78,1.0,1.0,0.05291666666666667,0.0,0.0024999999999999467,36537.5,19950.0,0.0166369241054521,0.0227821428571429,b50_lb3_k3_eps0p0025,False,0.05,q95,max_ssr,0.0166369241054521
stratified_size_rep058,stratified_size,58,b50_lb3_k3_eps0p0025,local_only_offline_aggregate,shot_proportional,300,60,5,0.0029089347994540426,0.009345127670741698,0.016751562350834488,0.0227821428571429,0.7833333333333333,1.0,1.0,0.05291666666666667,0.0,0.0024999999999999467,36537.5,19950.0,0.016751562350834488,0.0227821428571429,b50_lb3_k3_eps0p0025,False,0.05,q95,max_ssr,0.016751562350834488
stratified_size_rep058,stratified_size,58,b50_lb3_k3_eps0p0025,local_only_offline_aggregate,uniform,300,60,5,0.003065330607022753,0.009184505815840235,0.01649097673828532,0.0227821428571429,0.78,1.0,1.0,0.05291666666666667,0.0,0.0024999999999999467,36537.5,19950.0,0.01649097673828532,0.0227821428571429,b50_lb3_k3_eps0p0025,False,0.05,q95,max_ssr,0.01649097673828532
stratified_size_rep059,stratified_size,59,b50_lb3_k3_eps0p0025,aggregate_only_sync,confidence,300,60,5,0.009173156318082774,0.014022655330487707,0.020391384796795156,0.023395161290322875,0.5233333333333333,1.0,1.0,0.44999999999999996,0.0,0.44999999999999996,21675.0,11000.0,0.020391384796795156,0.023395161290322875,b50_lb3_k3_eps0p0025,False,0.05,q95,max_ssr,0.020391384796795156
stratified_size_rep059,stratified_size,59,b50_lb3_k3_eps0p0025,aggregate_only_sync,shot_proportional,300,60,5,0.009173156318082774,0.014022655330487707,0.020391384796795156,0.023395161290322875,0.5233333333333333,1.0,1.0,0.44999999999999996,0.0,0.44999999999999996,21675.0,11000.0,0.020391384796795156,0.023395161290322875,b50_lb3_k3_eps0p0025,False,0.05,q95,max_ssr,0.020391384796795156
stratified_size_rep059,stratified_size,59,b50_lb3_k3_eps0p0025,aggregate_only_sync,uniform,300,60,5,0.009173156318082774,0.014022655330487707,0.020391384796795156,0.023395161290322875,0.5233333333333333,1.0,1.0,0.44999999999999996,0.0,0.44999999999999996,21675.0,11000.0,0.020391384796795156,0.023395161290322875,b50_lb3_k3_eps0p0025,False,0.05,q95,max_ssr,0.020391384796795156
stratified_size_rep059,stratified_size,59,b50_lb3_k3_eps0p0025,hierarchical_local_aggregate,confidence,300,60,5,0.008290139966752414,0.013942261430510942,0.020058447312818493,0.023395161290322875,0.54,1.0,1.0,0.45062499999999994,0.0,0.45062499999999994,21350.0,10987.5,0.020058447312818493,0.023395161290322875,b50_lb3_k3_eps0p0025,False,0.05,q95,max_ssr,0.020058447312818493
stratified_size_rep059,stratified_size,59,b50_lb3_k3_eps0p0025,hierarchical_local_aggregate,shot_proportional,300,60,5,0.009308982936686125,0.014022655330487707,0.020558885958539642,0.023395161290322875,0.5266666666666666,1.0,1.0,0.45062499999999994,0.0,0.45062499999999994,21350.0,10987.5,0.020558885958539642,0.023395161290322875,b50_lb3_k3_eps0p0025,False,0.05,q95,max_ssr,0.020558885958539642
stratified_size_rep059,stratified_size,59,b50_lb3_k3_eps0p0025,hierarchical_local_aggregate,uniform,300,60,5,0.009269910316399305,0.014022655330487707,0.020558885958539642,0.023395161290322875,0.5266666666666666,1.0,1.0,0.45062499999999994,0.0,0.45062499999999994,21350.0,10987.5,0.020558885958539642,0.023395161290322875,b50_lb3_k3_eps0p0025,False,0.05,q95,max_ssr,0.020558885958539642
stratified_size_rep059,stratified_size,59,b50_lb3_k3_eps0p0025,local_only_offline_aggregate,confidence,300,60,5,0.004337022577706034,0.009863402512922646,0.016739360962587303,0.023395161290322875,0.7533333333333333,1.0,1.0,0.14812499999999998,0.0,0.09499999999999997,34062.5,18100.0,0.016739360962587303,0.023395161290322875,b50_lb3_k3_eps0p0025,False,0.05,q95,max_ssr,0.016739360962587303
stratified_size_rep059,stratified_size,59,b50_lb3_k3_eps0p0025,local_only_offline_aggregate,shot_proportional,300,60,5,0.004358760476934214,0.00986820156328787,0.01684310481556709,0.023395161290322875,0.7566666666666667,1.0,1.0,0.14812499999999998,0.0,0.09499999999999997,34062.5,18100.0,0.01684310481556709,0.023395161290322875,b50_lb3_k3_eps0p0025,False,0.05,q95,max_ssr,0.01684310481556709
stratified_size_rep059,stratified_size,59,b50_lb3_k3_eps0p0025,local_only_offline_aggregate,uniform,300,60,5,0.004422980189021897,0.00983716949720179,0.01674119253376788,0.023395161290322875,0.7533333333333333,1.0,1.0,0.14812499999999998,0.0,0.09499999999999997,34062.5,18100.0,0.01674119253376788,0.023395161290322875,b50_lb3_k3_eps0p0025,False,0.05,q95,max_ssr,0.01674119253376788
stratified_size_rep060,stratified_size,60,b50_lb3_k3_eps0p0025,aggregate_only_sync,confidence,300,60,5,0.005938552188552143,0.013351416797060246,0.01945608333333325,0.02325794573643404,0.5966666666666667,1.0,1.0,0.23249999999999998,0.0,0.23249999999999998,27000.0,15350.0,0.01945608333333325,0.02325794573643404,b50_lb3_k3_eps0p0025,False,0.05,q95,max_ssr,0.01945608333333325
stratified_size_rep060,stratified_size,60,b50_lb3_k3_eps0p0025,aggregate_only_sync,shot_proportional,300,60,5,0.005938552188552143,0.013351416797060246,0.01945608333333325,0.02325794573643404,0.5966666666666667,1.0,1.0,0.23249999999999998,0.0,0.23249999999999998,27000.0,15350.0,0.01945608333333325,0.02325794573643404,b50_lb3_k3_eps0p0025,False,0.05,q95,max_ssr,0.01945608333333325
stratified_size_rep060,stratified_size,60,b50_lb3_k3_eps0p0025,aggregate_only_sync,uniform,300,60,5,0.005938552188552143,0.013351416797060246,0.01945608333333325,0.02325794573643404,0.5966666666666667,1.0,1.0,0.23249999999999998,0.0,0.23249999999999998,27000.0,15350.0,0.01945608333333325,0.02325794573643404,b50_lb3_k3_eps0p0025,False,0.05,q95,max_ssr,0.01945608333333325
stratified_size_rep060,stratified_size,60,b50_lb3_k3_eps0p0025,hierarchical_local_aggregate,confidence,300,60,5,0.006340730528272004,0.013469762150512796,0.01893083413838724,0.022830540163994877,0.6,1.0,1.0,0.23249999999999998,0.0,0.23249999999999998,26975.0,15350.0,0.01893083413838724,0.022830540163994877,b50_lb3_k3_eps0p0025,False,0.05,q95,max_ssr,0.01893083413838724
stratified_size_rep060,stratified_size,60,b50_lb3_k3_eps0p0025,hierarchical_local_aggregate,shot_proportional,300,60,5,0.006302273976859863,0.013351416797060246,0.0198072526507308,0.0243791461577096,0.5966666666666667,1.0,1.0,0.23249999999999998,0.0,0.23249999999999998,26975.0,15350.0,0.0198072526507308,0.0243791461577096,b50_lb3_k3_eps0p0025,False,0.05,q95,max_ssr,0.0198072526507308
stratified_size_rep060,stratified_size,60,b50_lb3_k3_eps0p0025,hierarchical_local_aggregate,uniform,300,60,5,0.006174468367889383,0.013351416797060246,0.019704447294132954,0.024283947937394024,0.5966666666666667,1.0,1.0,0.23249999999999998,0.0,0.23249999999999998,26975.0,15350.0,0.019704447294132954,0.024283947937394024,b50_lb3_k3_eps0p0025,False,0.05,q95,max_ssr,0.019704447294132954
stratified_size_rep060,stratified_size,60,b50_lb3_k3_eps0p0025,local_only_offline_aggregate,confidence,300,60,5,0.0,0.008263084598130134,0.015390536598628945,0.0227821428571429,0.81,1.0,1.0,0.0,0.0,0.0,40000.0,20000.0,0.015390536598628945,0.0227821428571429,b50_lb3_k3_eps0p0025,False,0.05,q95,max_ssr,0.015390536598628945
stratified_size_rep060,stratified_size,60,b50_lb3_k3_eps0p0025,local_only_offline_aggregate,shot_proportional,300,60,5,0.0,0.008237842359385595,0.015397037913673072,0.0227821428571429,0.8133333333333334,1.0,1.0,0.0,0.0,0.0,40000.0,20000.0,0.015397037913673072,0.0227821428571429,b50_lb3_k3_eps0p0025,False,0.05,q95,max_ssr,0.015397037913673072
stratified_size_rep060,stratified_size,60,b50_lb3_k3_eps0p0025,local_only_offline_aggregate,uniform,300,60,5,0.0,0.00816138353334881,0.015391345933160517,0.0227821428571429,0.81,1.0,1.0,0.0,0.0,0.0,40000.0,20000.0,0.015391345933160517,0.0227821428571429,b50_lb3_k3_eps0p0025,False,0.05,q95,max_ssr,0.015391345933160517
stratified_size_rep061,stratified_size,61,b50_lb3_k3_eps0p0025,aggregate_only_sync,confidence,300,60,5,0.010002443945348653,0.014220663967079881,0.020567917219328376,0.023395161290322875,0.5,1.0,1.0,0.52,0.0,0.52,20000.0,9600.0,0.020567917219328376,0.023395161290322875,b50_lb3_k3_eps0p0025,False,0.05,q95,max_ssr,0.020567917219328376
stratified_size_rep061,stratified_size,61,b50_lb3_k3_eps0p0025,aggregate_only_sync,shot_proportional,300,60,5,0.010002443945348653,0.014220663967079881,0.020567917219328376,0.023395161290322875,0.5,1.0,1.0,0.52,0.0,0.52,20000.0,9600.0,0.020567917219328376,0.023395161290322875,b50_lb3_k3_eps0p0025,False,0.05,q95,max_ssr,0.020567917219328376
stratified_size_rep061,stratified_size,61,b50_lb3_k3_eps0p0025,aggregate_only_sync,uniform,300,60,5,0.010002443945348653,0.014220663967079881,0.020567917219328376,0.023395161290322875,0.5,1.0,1.0,0.52,0.0,0.52,20000.0,9600.0,0.020567917219328376,0.023395161290322875,b50_lb3_k3_eps0p0025,False,0.05,q95,max_ssr,0.020567917219328376
stratified_size_rep061,stratified_size,61,b50_lb3_k3_eps0p0025,hierarchical_local_aggregate,confidence,300,60,5,0.009349376129034897,0.014116077587818646,0.020404099933087245,0.023395161290322875,0.52,1.0,1.0,0.52,0.0,0.52,20000.0,9600.0,0.020404099933087245,0.023395161290322875,b50_lb3_k3_eps0p0025,False,0.05,q95,max_ssr,0.020404099933087245
stratified_size_rep061,stratified_size,61,b50_lb3_k3_eps0p0025,hierarchical_local_aggregate,shot_proportional,300,60,5,0.009896070975747191,0.014238316306001544,0.020820985643462686,0.0243791461577096,0.5033333333333333,1.0,1.0,0.52,0.0,0.52,20000.0,9600.0,0.020820985643462686,0.0243791461577096,b50_lb3_k3_eps0p0025,False,0.05,q95,max_ssr,0.020820985643462686
stratified_size_rep061,stratified_size,61,b50_lb3_k3_eps0p0025,hierarchical_local_aggregate,uniform,300,60,5,0.009868103195024111,0.014220663967079881,0.020736526159228868,0.024283947937394024,0.5033333333333333,1.0,1.0,0.52,0.0,0.52,20000.0,9600.0,0.020736526159228868,0.024283947937394024,b50_lb3_k3_eps0p0025,False,0.05,q95,max_ssr,0.020736526159228868
stratified_size_rep061,stratified_size,61,b50_lb3_k3_eps0p0025,local_only_offline_aggregate,confidence,300,60,5,0.005055772253308462,0.010817328764271335,0.01753312428789988,0.023395161290322875,0.7366666666666667,1.0,1.0,0.33,0.0,0.24375000000000002,30875.0,15125.0,0.01753312428789988,0.023395161290322875,b50_lb3_k3_eps0p0025,False,0.05,q95,max_ssr,0.01753312428789988
stratified_size_rep061,stratified_size,61,b50_lb3_k3_eps0p0025,local_only_offline_aggregate,shot_proportional,300,60,5,0.005072834841203051,0.010675407825591213,0.01723961767014212,0.023395161290322875,0.7366666666666667,1.0,1.0,0.33,0.0,0.24375000000000002,30875.0,15125.0,0.01723961767014212,0.023395161290322875,b50_lb3_k3_eps0p0025,False,0.05,q95,max_ssr,0.01723961767014212
stratified_size_rep061,stratified_size,61,b50_lb3_k3_eps0p0025,local_only_offline_aggregate,uniform,300,60,5,0.0050160667716009355,0.010681854805476797,0.0173864574108747,0.023395161290322875,0.7366666666666667,1.0,1.0,0.33,0.0,0.24375000000000002,30875.0,15125.0,0.0173864574108747,0.023395161290322875,b50_lb3_k3_eps0p0025,False,0.05,q95,max_ssr,0.0173864574108747
stratified_size_rep062,stratified_size,62,b50_lb3_k3_eps0p0025,aggregate_only_sync,confidence,300,60,5,0.009254524410774425,0.01380819915254237,0.020567917219328376,0.023395161290322875,0.5233333333333333,1.0,1.0,0.48375,0.0,0.48375,20325.0,10325.0,0.020567917219328376,0.023395161290322875,b50_lb3_k3_eps0p0025,False,0.05,q95,max_ssr,0.020567917219328376
stratified_size_rep062,stratified_size,62,b50_lb3_k3_eps0p0025,aggregate_only_sync,shot_proportional,300,60,5,0.009254524410774425,0.01380819915254237,0.020567917219328376,0.023395161290322875,0.5233333333333333,1.0,1.0,0.48375,0.0,0.48375,20325.0,10325.0,0.020567917219328376,0.023395161290322875,b50_lb3_k3_eps0p0025,False,0.05,q95,max_ssr,0.020567917219328376
stratified_size_rep062,stratified_size,62,b50_lb3_k3_eps0p0025,aggregate_only_sync,uniform,300,60,5,0.009254524410774425,0.01380819915254237,0.020567917219328376,0.023395161290322875,0.5233333333333333,1.0,1.0,0.48375,0.0,0.48375,20325.0,10325.0,0.020567917219328376,0.023395161290322875,b50_lb3_k3_eps0p0025,False,0.05,q95,max_ssr,0.020567917219328376
stratified_size_rep062,stratified_size,62,b50_lb3_k3_eps0p0025,hierarchical_local_aggregate,confidence,300,60,5,0.008553252619999153,0.013651995654846809,0.020228161281212634,0.023395161290322875,0.54,1.0,1.0,0.49,0.0,0.49,20325.0,10200.0,0.020228161281212634,0.023395161290322875,b50_lb3_k3_eps0p0025,False,0.05,q95,max_ssr,0.020228161281212634
stratified_size_rep062,stratified_size,62,b50_lb3_k3_eps0p0025,hierarchical_local_aggregate,shot_proportional,300,60,5,0.009485975053120361,0.01380819915254237,0.020820985643462686,0.0243791461577096,0.5266666666666666,1.0,1.0,0.49,0.0,0.49,20325.0,10200.0,0.020820985643462686,0.0243791461577096,b50_lb3_k3_eps0p0025,False,0.05,q95,max_ssr,0.020820985643462686
stratified_size_rep062,stratified_size,62,b50_lb3_k3_eps0p0025,hierarchical_local_aggregate,uniform,300,60,5,0.009446902432833543,0.01380819915254237,0.020736526159228868,0.024283947937394024,0.5266666666666666,1.0,1.0,0.49,0.0,0.49,20325.0,10200.0,0.020736526159228868,0.024283947937394024,b50_lb3_k3_eps0p0025,False,0.05,q95,max_ssr,0.020736526159228868
stratified_size_rep062,stratified_size,62,b50_lb3_k3_eps0p0025,local_only_offline_aggregate,confidence,300,60,5,0.004654148511641438,0.009845366115578645,0.017226062168186028,0.023395161290322875,0.7533333333333333,1.0,1.0,0.27208333333333334,0.0,0.20750000000000002,31175.0,15850.0,0.017226062168186028,0.023395161290322875,b50_lb3_k3_eps0p0025,False,0.05,q95,max_ssr,0.017226062168186028
stratified_size_rep062,stratified_size,62,b50_lb3_k3_eps0p0025,local_only_offline_aggregate,shot_proportional,300,60,5,0.004622314513452203,0.009893617760358776,0.01719525420246556,0.023395161290322875,0.7533333333333333,1.0,1.0,0.27208333333333334,0.0,0.20750000000000002,31175.0,15850.0,0.01719525420246556,0.023395161290322875,b50_lb3_k3_eps0p0025,False,0.05,q95,max_ssr,0.01719525420246556
stratified_size_rep062,stratified_size,62,b50_lb3_k3_eps0p0025,local_only_offline_aggregate,uniform,300,60,5,0.00463514569341514,0.009799609987725276,0.017218581480194096,0.023395161290322875,0.7533333333333333,1.0,1.0,0.27208333333333334,0.0,0.20750000000000002,31175.0,15850.0,0.017218581480194096,0.023395161290322875,b50_lb3_k3_eps0p0025,False,0.05,q95,max_ssr,0.017218581480194096
stratified_size_rep063,stratified_size,63,b50_lb3_k3_eps0p0025,aggregate_only_sync,confidence,300,60,5,0.01011312698602522,0.014294902136196054,0.020586866760031977,0.023395161290322875,0.49666666666666665,1.0,1.0,0.476875,0.0,0.476875,22250.0,10462.5,0.020586866760031977,0.023395161290322875,b50_lb3_k3_eps0p0025,False,0.05,q95,max_ssr,0.020586866760031977
stratified_size_rep063,stratified_size,63,b50_lb3_k3_eps0p0025,aggregate_only_sync,shot_proportional,300,60,5,0.01011312698602522,0.014294902136196054,0.020586866760031977,0.023395161290322875,0.49666666666666665,1.0,1.0,0.476875,0.0,0.476875,22250.0,10462.5,0.020586866760031977,0.023395161290322875,b50_lb3_k3_eps0p0025,False,0.05,q95,max_ssr,0.020586866760031977
stratified_size_rep063,stratified_size,63,b50_lb3_k3_eps0p0025,aggregate_only_sync,uniform,300,60,5,0.01011312698602522,0.014294902136196054,0.020586866760031977,0.023395161290322875,0.49666666666666665,1.0,1.0,0.476875,0.0,0.476875,22250.0,10462.5,0.020586866760031977,0.023395161290322875,b50_lb3_k3_eps0p0025,False,0.05,q95,max_ssr,0.020586866760031977
stratified_size_rep063,stratified_size,63,b50_lb3_k3_eps0p0025,hierarchical_local_aggregate,confidence,300,60,5,0.009417479084754639,0.014306050098855704,0.020516172759754914,0.023395161290322875,0.5166666666666667,1.0,1.0,0.479375,0.0,0.479375,21975.0,10412.5,0.020516172759754914,0.023395161290322875,b50_lb3_k3_eps0p0025,False,0.05,q95,max_ssr,0.020516172759754914
stratified_size_rep063,stratified_size,63,b50_lb3_k3_eps0p0025,hierarchical_local_aggregate,shot_proportional,300,60,5,0.009986673497653115,0.014294902136196054,0.021052861255037112,0.0243791461577096,0.5,1.0,1.0,0.479375,0.0,0.479375,21975.0,10412.5,0.021052861255037112,0.0243791461577096,b50_lb3_k3_eps0p0025,False,0.05,q95,max_ssr,0.021052861255037112
stratified_size_rep063,stratified_size,63,b50_lb3_k3_eps0p0025,hierarchical_local_aggregate,uniform,300,60,5,0.009958705716930036,0.014294902136196054,0.02105046433200669,0.024283947937394024,0.5,1.0,1.0,0.479375,0.0,0.479375,21975.0,10412.5,0.02105046433200669,0.024283947937394024,b50_lb3_k3_eps0p0025,False,0.05,q95,max_ssr,0.02105046433200669
stratified_size_rep063,stratified_size,63,b50_lb3_k3_eps0p0025,local_only_offline_aggregate,confidence,300,60,5,0.004654148511641438,0.01092070052587017,0.017226062168186028,0.023395161290322875,0.73,1.0,1.0,0.25749999999999995,0.0,0.15749999999999997,34600.0,16850.0,0.017226062168186028,0.023395161290322875,b50_lb3_k3_eps0p0025,False,0.05,q95,max_ssr,0.017226062168186028
stratified_size_rep063,stratified_size,63,b50_lb3_k3_eps0p0025,local_only_offline_aggregate,shot_proportional,300,60,5,0.004622314513452203,0.010804377224057422,0.01719525420246556,0.023395161290322875,0.73,1.0,1.0,0.25749999999999995,0.0,0.15749999999999997,34600.0,16850.0,0.01719525420246556,0.023395161290322875,b50_lb3_k3_eps0p0025,False,0.05,q95,max_ssr,0.01719525420246556
stratified_size_rep063,stratified_size,63,b50_lb3_k3_eps0p0025,local_only_offline_aggregate,uniform,300,60,5,0.00463514569341514,0.010963783928293131,0.017218581480194096,0.023395161290322875,0.7266666666666667,1.0,1.0,0.25749999999999995,0.0,0.15749999999999997,34600.0,16850.0,0.017218581480194096,0.023395161290322875,b50_lb3_k3_eps0p0025,False,0.05,q95,max_ssr,0.017218581480194096
stratified_size_rep064,stratified_size,64,b50_lb3_k3_eps0p0025,aggregate_only_sync,confidence,300,60,5,0.006839942982456137,0.013591801899650733,0.019824919506847095,0.0227821428571429,0.5533333333333333,1.0,1.0,0.31875,0.0,0.31875,23200.0,13625.0,0.019824919506847095,0.0227821428571429,b50_lb3_k3_eps0p0025,False,0.05,q95,max_ssr,0.019824919506847095
stratified_size_rep064,stratified_size,64,b50_lb3_k3_eps0p0025,aggregate_only_sync,shot_proportional,300,60,5,0.006839942982456137,0.013591801899650733,0.019824919506847095,0.0227821428571429,0.5533333333333333,1.0,1.0,0.31875,0.0,0.31875,23200.0,13625.0,0.019824919506847095,0.0227821428571429,b50_lb3_k3_eps0p0025,False,0.05,q95,max_ssr,0.019824919506847095
stratified_size_rep064,stratified_size,64,b50_lb3_k3_eps0p0025,aggregate_only_sync,uniform,300,60,5,0.006839942982456137,0.013591801899650733,0.019824919506847095,0.0227821428571429,0.5533333333333333,1.0,1.0,0.31875,0.0,0.31875,23200.0,13625.0,0.019824919506847095,0.0227821428571429,b50_lb3_k3_eps0p0025,False,0.05,q95,max_ssr,0.019824919506847095
stratified_size_rep064,stratified_size,64,b50_lb3_k3_eps0p0025,hierarchical_local_aggregate,confidence,300,60,5,0.00715338038066813,0.013590583593475744,0.019427911391992802,0.0227821428571429,0.57,1.0,1.0,0.31875,0.0,0.31875,22800.0,13625.0,0.019427911391992802,0.0227821428571429,b50_lb3_k3_eps0p0025,False,0.05,q95,max_ssr,0.019427911391992802
stratified_size_rep064,stratified_size,64,b50_lb3_k3_eps0p0025,hierarchical_local_aggregate,shot_proportional,300,60,5,0.006922001412429383,0.013591801899650733,0.02025954205934088,0.02287320705610179,0.5566666666666666,1.0,1.0,0.31875,0.0,0.31875,22800.0,13625.0,0.02025954205934088,0.02287320705610179,b50_lb3_k3_eps0p0025,False,0.05,q95,max_ssr,0.02025954205934088
stratified_size_rep064,stratified_size,64,b50_lb3_k3_eps0p0025,hierarchical_local_aggregate,uniform,300,60,5,0.006922001412429383,0.013591801899650733,0.020223780730874562,0.02287320705610179,0.5566666666666666,1.0,1.0,0.31875,0.0,0.31875,22800.0,13625.0,0.020223780730874562,0.02287320705610179,b50_lb3_k3_eps0p0025,False,0.05,q95,max_ssr,0.020223780730874562
stratified_size_rep064,stratified_size,64,b50_lb3_k3_eps0p0025,local_only_offline_aggregate,confidence,300,60,5,0.0025449736980209196,0.009245011193563298,0.016504192699188812,0.0227821428571429,0.78,1.0,1.0,0.013333333333333308,0.0,0.0,39012.5,20000.0,0.016504192699188812,0.0227821428571429,b50_lb3_k3_eps0p0025,False,0.05,q95,max_ssr,0.016504192699188812
stratified_size_rep064,stratified_size,64,b50_lb3_k3_eps0p0025,local_only_offline_aggregate,shot_proportional,300,60,5,0.002213781292506417,0.009096288149482448,0.016729270471775668,0.0227821428571429,0.7833333333333333,1.0,1.0,0.013333333333333308,0.0,0.0,39012.5,20000.0,0.016729270471775668,0.0227821428571429,b50_lb3_k3_eps0p0025,False,0.05,q95,max_ssr,0.016729270471775668
stratified_size_rep064,stratified_size,64,b50_lb3_k3_eps0p0025,local_only_offline_aggregate,uniform,300,60,5,0.002191049698916013,0.009184505815840235,0.016457099863879,0.0227821428571429,0.78,1.0,1.0,0.013333333333333308,0.0,0.0,39012.5,20000.0,0.016457099863879,0.0227821428571429,b50_lb3_k3_eps0p0025,False,0.05,q95,max_ssr,0.016457099863879
stratified_size_rep065,stratified_size,65,b50_lb3_k3_eps0p0025,aggregate_only_sync,confidence,300,60,5,0.009173156318082774,0.013711279176904168,0.020557116976468236,0.023395161290322875,0.5233333333333333,1.0,1.0,0.42937499999999995,0.0,0.42937499999999995,21825.0,11412.5,0.020557116976468236,0.023395161290322875,b50_lb3_k3_eps0p0025,False,0.05,q95,max_ssr,0.020557116976468236
stratified_size_rep065,stratified_size,65,b50_lb3_k3_eps0p0025,aggregate_only_sync,shot_proportional,300,60,5,0.009173156318082774,0.013711279176904168,0.020557116976468236,0.023395161290322875,0.5233333333333333,1.0,1.0,0.42937499999999995,0.0,0.42937499999999995,21825.0,11412.5,0.020557116976468236,0.023395161290322875,b50_lb3_k3_eps0p0025,False,0.05,q95,max_ssr,0.020557116976468236
stratified_size_rep065,stratified_size,65,b50_lb3_k3_eps0p0025,aggregate_only_sync,uniform,300,60,5,0.009173156318082774,0.013711279176904168,0.020557116976468236,0.023395161290322875,0.5233333333333333,1.0,1.0,0.42937499999999995,0.0,0.42937499999999995,21825.0,11412.5,0.020557116976468236,0.023395161290322875,b50_lb3_k3_eps0p0025,False,0.05,q95,max_ssr,0.020557116976468236
stratified_size_rep065,stratified_size,65,b50_lb3_k3_eps0p0025,hierarchical_local_aggregate,confidence,300,60,5,0.008066354982865752,0.013636569516899748,0.02022901446105305,0.023395161290322875,0.5433333333333333,1.0,1.0,0.42937499999999995,0.0,0.42937499999999995,21525.0,11412.5,0.02022901446105305,0.023395161290322875,b50_lb3_k3_eps0p0025,False,0.05,q95,max_ssr,0.02022901446105305
stratified_size_rep065,stratified_size,65,b50_lb3_k3_eps0p0025,hierarchical_local_aggregate,shot_proportional,300,60,5,0.009308982936686125,0.013711279176904168,0.02097663515003319,0.0243791461577096,0.5266666666666666,1.0,1.0,0.42937499999999995,0.0,0.42937499999999995,21525.0,11412.5,0.02097663515003319,0.0243791461577096,b50_lb3_k3_eps0p0025,False,0.05,q95,max_ssr,0.02097663515003319
stratified_size_rep065,stratified_size,65,b50_lb3_k3_eps0p0025,hierarchical_local_aggregate,uniform,300,60,5,0.009269910316399305,0.013711279176904168,0.02097663515003319,0.024283947937394024,0.5266666666666666,1.0,1.0,0.42937499999999995,0.0,0.42937499999999995,21525.0,11412.5,0.02097663515003319,0.024283947937394024,b50_lb3_k3_eps0p0025,False,0.05,q95,max_ssr,0.02097663515003319
stratified_size_rep065,stratified_size,65,b50_lb3_k3_eps0p0025,local_only_offline_aggregate,confidence,300,60,5,0.004231983923640383,0.009845366115578645,0.016940186665384976,0.023395161290322875,0.7566666666666667,1.0,1.0,0.14812499999999998,0.0,0.09499999999999997,34425.0,18100.0,0.016940186665384976,0.023395161290322875,b50_lb3_k3_eps0p0025,False,0.05,q95,max_ssr,0.016940186665384976
stratified_size_rep065,stratified_size,65,b50_lb3_k3_eps0p0025,local_only_offline_aggregate,shot_proportional,300,60,5,0.004392767233098122,0.00986820156328787,0.01683773317893923,0.023395161290322875,0.76,1.0,1.0,0.14812499999999998,0.0,0.09499999999999997,34425.0,18100.0,0.01683773317893923,0.023395161290322875,b50_lb3_k3_eps0p0025,False,0.05,q95,max_ssr,0.01683773317893923
stratified_size_rep065,stratified_size,65,b50_lb3_k3_eps0p0025,local_only_offline_aggregate,uniform,300,60,5,0.004283398756972694,0.009799609987725276,0.0169737518486924,0.023395161290322875,0.7566666666666667,1.0,1.0,0.14812499999999998,0.0,0.09499999999999997,34425.0,18100.0,0.0169737518486924,0.023395161290322875,b50_lb3_k3_eps0p0025,False,0.05,q95,max_ssr,0.0169737518486924
stratified_size_rep066,stratified_size,66,b50_lb3_k3_eps0p0025,aggregate_only_sync,confidence,300,60,5,0.009601130666749252,0.014204871490716505,0.020350516240673338,0.02325794573643404,0.51,1.0,1.0,0.4725,0.0,0.4725,21675.0,10550.0,0.020350516240673338,0.02325794573643404,b50_lb3_k3_eps0p0025,False,0.05,q95,max_ssr,0.020350516240673338
stratified_size_rep066,stratified_size,66,b50_lb3_k3_eps0p0025,aggregate_only_sync,shot_proportional,300,60,5,0.009601130666749252,0.014204871490716505,0.020350516240673338,0.02325794573643404,0.51,1.0,1.0,0.4725,0.0,0.4725,21675.0,10550.0,0.020350516240673338,0.02325794573643404,b50_lb3_k3_eps0p0025,False,0.05,q95,max_ssr,0.020350516240673338
stratified_size_rep066,stratified_size,66,b50_lb3_k3_eps0p0025,aggregate_only_sync,uniform,300,60,5,0.009601130666749252,0.014204871490716505,0.020350516240673338,0.02325794573643404,0.51,1.0,1.0,0.4725,0.0,0.4725,21675.0,10550.0,0.020350516240673338,0.02325794573643404,b50_lb3_k3_eps0p0025,False,0.05,q95,max_ssr,0.020350516240673338
stratified_size_rep066,stratified_size,66,b50_lb3_k3_eps0p0025,hierarchical_local_aggregate,confidence,300,60,5,0.009029605847780313,0.01404653592118669,0.019553507633038206,0.022830540163994877,0.5266666666666666,1.0,1.0,0.4725,0.0,0.4725,21175.0,10550.0,0.019553507633038206,0.022830540163994877,b50_lb3_k3_eps0p0025,False,0.05,q95,max_ssr,0.019553507633038206
stratified_size_rep066,stratified_size,66,b50_lb3_k3_eps0p0025,hierarchical_local_aggregate,shot_proportional,300,60,5,0.009601130666749252,0.014203505190903866,0.02051930873846202,0.0243791461577096,0.5133333333333333,1.0,1.0,0.4725,0.0,0.4725,21175.0,10550.0,0.02051930873846202,0.0243791461577096,b50_lb3_k3_eps0p0025,False,0.05,q95,max_ssr,0.02051930873846202
stratified_size_rep066,stratified_size,66,b50_lb3_k3_eps0p0025,hierarchical_local_aggregate,uniform,300,60,5,0.009601130666749252,0.014193895037471524,0.02051002127348313,0.024283947937394024,0.5133333333333333,1.0,1.0,0.4725,0.0,0.4725,21175.0,10550.0,0.02051002127348313,0.024283947937394024,b50_lb3_k3_eps0p0025,False,0.05,q95,max_ssr,0.02051002127348313
stratified_size_rep066,stratified_size,66,b50_lb3_k3_eps0p0025,local_only_offline_aggregate,confidence,300,60,5,0.004654148511641438,0.010305075080853947,0.017226062168186028,0.0227821428571429,0.7433333333333333,1.0,1.0,0.20281249999999998,0.0,0.1725,34287.5,16550.0,0.017226062168186028,0.0227821428571429,b50_lb3_k3_eps0p0025,False,0.05,q95,max_ssr,0.017226062168186028
stratified_size_rep066,stratified_size,66,b50_lb3_k3_eps0p0025,local_only_offline_aggregate,shot_proportional,300,60,5,0.004622314513452203,0.010146191446512425,0.01719525420246556,0.0227821428571429,0.7466666666666667,1.0,1.0,0.20281249999999998,0.0,0.1725,34287.5,16550.0,0.01719525420246556,0.0227821428571429,b50_lb3_k3_eps0p0025,False,0.05,q95,max_ssr,0.01719525420246556
stratified_size_rep066,stratified_size,66,b50_lb3_k3_eps0p0025,local_only_offline_aggregate,uniform,300,60,5,0.00463514569341514,0.010217548857465876,0.017218581480194096,0.0227821428571429,0.7466666666666667,1.0,1.0,0.20281249999999998,0.0,0.1725,34287.5,16550.0,0.017218581480194096,0.0227821428571429,b50_lb3_k3_eps0p0025,False,0.05,q95,max_ssr,0.017218581480194096
stratified_size_rep067,stratified_size,67,b50_lb3_k3_eps0p0025,aggregate_only_sync,confidence,300,60,5,0.010682947448489346,0.014328474009264014,0.020586866760031977,0.023395161290322875,0.47333333333333333,1.0,1.0,0.51,0.0,0.51,20625.0,9800.0,0.020586866760031977,0.023395161290322875,b50_lb3_k3_eps0p0025,False,0.05,q95,max_ssr,0.020586866760031977
stratified_size_rep067,stratified_size,67,b50_lb3_k3_eps0p0025,aggregate_only_sync,shot_proportional,300,60,5,0.010682947448489346,0.014328474009264014,0.020586866760031977,0.023395161290322875,0.47333333333333333,1.0,1.0,0.51,0.0,0.51,20625.0,9800.0,0.020586866760031977,0.023395161290322875,b50_lb3_k3_eps0p0025,False,0.05,q95,max_ssr,0.020586866760031977
stratified_size_rep067,stratified_size,67,b50_lb3_k3_eps0p0025,aggregate_only_sync,uniform,300,60,5,0.010682947448489346,0.014328474009264014,0.020586866760031977,0.023395161290322875,0.47333333333333333,1.0,1.0,0.51,0.0,0.51,20625.0,9800.0,0.020586866760031977,0.023395161290322875,b50_lb3_k3_eps0p0025,False,0.05,q95,max_ssr,0.020586866760031977
stratified_size_rep067,stratified_size,67,b50_lb3_k3_eps0p0025,hierarchical_local_aggregate,confidence,300,60,5,0.010875804468330277,0.014369224980685326,0.020516172759754914,0.023395161290322875,0.48,1.0,1.0,0.51725,0.0,0.5162500000000001,20625.0,9675.0,0.020516172759754914,0.023395161290322875,b50_lb3_k3_eps0p0025,False,0.05,q95,max_ssr,0.020516172759754914
stratified_size_rep067,stratified_size,67,b50_lb3_k3_eps0p0025,hierarchical_local_aggregate,shot_proportional,300,60,5,0.010819407894736809,0.014328474009264014,0.021052861255037112,0.0243791461577096,0.47333333333333333,1.0,1.0,0.51725,0.0,0.5162500000000001,20625.0,9675.0,0.021052861255037112,0.0243791461577096,b50_lb3_k3_eps0p0025,False,0.05,q95,max_ssr,0.021052861255037112
stratified_size_rep067,stratified_size,67,b50_lb3_k3_eps0p0025,hierarchical_local_aggregate,uniform,300,60,5,0.010819407894736809,0.014328474009264014,0.02105046433200669,0.024283947937394024,0.47333333333333333,1.0,1.0,0.51725,0.0,0.5162500000000001,20625.0,9675.0,0.02105046433200669,0.024283947937394024,b50_lb3_k3_eps0p0025,False,0.05,q95,max_ssr,0.02105046433200669
stratified_size_rep067,stratified_size,67,b50_lb3_k3_eps0p0025,local_only_offline_aggregate,confidence,300,60,5,0.005325395198976993,0.01109353818945094,0.01753312428789988,0.023395161290322875,0.7233333333333334,1.0,1.0,0.2725,0.0,0.20750000000000002,31562.5,15850.0,0.01753312428789988,0.023395161290322875,b50_lb3_k3_eps0p0025,False,0.05,q95,max_ssr,0.01753312428789988
stratified_size_rep067,stratified_size,67,b50_lb3_k3_eps0p0025,local_only_offline_aggregate,shot_proportional,300,60,5,0.0052175921044924824,0.010942238878143138,0.01723961767014212,0.023395161290322875,0.7266666666666667,1.0,1.0,0.2725,0.0,0.20750000000000002,31562.5,15850.0,0.01723961767014212,0.023395161290322875,b50_lb3_k3_eps0p0025,False,0.05,q95,max_ssr,0.01723961767014212
stratified_size_rep067,stratified_size,67,b50_lb3_k3_eps0p0025,local_only_offline_aggregate,uniform,300,60,5,0.005308710076297166,0.01100322582185946,0.0173864574108747,0.023395161290322875,0.7233333333333334,1.0,1.0,0.2725,0.0,0.20750000000000002,31562.5,15850.0,0.0173864574108747,0.023395161290322875,b50_lb3_k3_eps0p0025,False,0.05,q95,max_ssr,0.0173864574108747
stratified_size_rep068,stratified_size,68,b50_lb3_k3_eps0p0025,aggregate_only_sync,confidence,300,60,5,0.008236258717304358,0.013532425507903628,0.020557116976468236,0.023395161290322875,0.5433333333333333,1.0,1.0,0.39249999999999996,0.0,0.39249999999999996,22000.0,12150.0,0.020557116976468236,0.023395161290322875,b50_lb3_k3_eps0p0025,False,0.05,q95,max_ssr,0.020557116976468236
stratified_size_rep068,stratified_size,68,b50_lb3_k3_eps0p0025,aggregate_only_sync,shot_proportional,300,60,5,0.008236258717304358,0.013532425507903628,0.020557116976468236,0.023395161290322875,0.5433333333333333,1.0,1.0,0.39249999999999996,0.0,0.39249999999999996,22000.0,12150.0,0.020557116976468236,0.023395161290322875,b50_lb3_k3_eps0p0025,False,0.05,q95,max_ssr,0.020557116976468236
stratified_size_rep068,stratified_size,68,b50_lb3_k3_eps0p0025,aggregate_only_sync,uniform,300,60,5,0.008236258717304358,0.013532425507903628,0.020557116976468236,0.023395161290322875,0.5433333333333333,1.0,1.0,0.39249999999999996,0.0,0.39249999999999996,22000.0,12150.0,0.020557116976468236,0.023395161290322875,b50_lb3_k3_eps0p0025,False,0.05,q95,max_ssr,0.020557116976468236
stratified_size_rep068,stratified_size,68,b50_lb3_k3_eps0p0025,hierarchical_local_aggregate,confidence,300,60,5,0.007792768315596296,0.013543467745985091,0.02022901446105305,0.023395161290322875,0.5633333333333334,1.0,1.0,0.39249999999999996,0.0,0.39249999999999996,21975.0,12150.0,0.02022901446105305,0.023395161290322875,b50_lb3_k3_eps0p0025,False,0.05,q95,max_ssr,0.02022901446105305
stratified_size_rep068,stratified_size,68,b50_lb3_k3_eps0p0025,hierarchical_local_aggregate,shot_proportional,300,60,5,0.00850370807554543,0.013532425507903628,0.02097663515003319,0.0243791461577096,0.5466666666666666,1.0,1.0,0.39249999999999996,0.0,0.39249999999999996,21975.0,12150.0,0.02097663515003319,0.0243791461577096,b50_lb3_k3_eps0p0025,False,0.05,q95,max_ssr,0.02097663515003319
stratified_size_rep068,stratified_size,68,b50_lb3_k3_eps0p0025,hierarchical_local_aggregate,uniform,300,60,5,0.00850370807554543,0.013532425507903628,0.02097663515003319,0.024283947937394024,0.5466666666666666,1.0,1.0,0.39249999999999996,0.0,0.39249999999999996,21975.0,12150.0,0.02097663515003319,0.024283947937394024,b50_lb3_k3_eps0p0025,False,0.05,q95,max_ssr,0.02097663515003319
stratified_size_rep068,stratified_size,68,b50_lb3_k3_eps0p0025,local_only_offline_aggregate,confidence,300,60,5,0.0033068338481630453,0.00935181162341733,0.016940186665384976,0.023395161290322875,0.78,1.0,1.0,0.09729166666666667,0.0,0.044999999999999984,35262.5,19100.0,0.016940186665384976,0.023395161290322875,b50_lb3_k3_eps0p0025,False,0.05,q95,max_ssr,0.016940186665384976
stratified_size_rep068,stratified_size,68,b50_lb3_k3_eps0p0025,local_only_offline_aggregate,shot_proportional,300,60,5,0.0031379283354928227,0.009620383480378353,0.01683773317893923,0.023395161290322875,0.78,1.0,1.0,0.09729166666666667,0.0,0.044999999999999984,35262.5,19100.0,0.01683773317893923,0.023395161290322875,b50_lb3_k3_eps0p0025,False,0.05,q95,max_ssr,0.01683773317893923
stratified_size_rep068,stratified_size,68,b50_lb3_k3_eps0p0025,local_only_offline_aggregate,uniform,300,60,5,0.0031786498415837428,0.009285491472417409,0.0169737518486924,0.023395161290322875,0.7766666666666666,1.0,1.0,0.09729166666666667,0.0,0.044999999999999984,35262.5,19100.0,0.0169737518486924,0.023395161290322875,b50_lb3_k3_eps0p0025,False,0.05,q95,max_ssr,0.0169737518486924
stratified_size_rep069,stratified_size,69,b50_lb3_k3_eps0p0025,aggregate_only_sync,confidence,300,60,5,0.009783744775339607,0.014247100126347861,0.020586866760031977,0.023395161290322875,0.5066666666666667,1.0,1.0,0.476875,0.0,0.476875,21675.0,10462.5,0.020586866760031977,0.023395161290322875,b50_lb3_k3_eps0p0025,False,0.05,q95,max_ssr,0.020586866760031977
stratified_size_rep069,stratified_size,69,b50_lb3_k3_eps0p0025,aggregate_only_sync,shot_proportional,300,60,5,0.009783744775339607,0.014247100126347861,0.020586866760031977,0.023395161290322875,0.5066666666666667,1.0,1.0,0.476875,0.0,0.476875,21675.0,10462.5,0.020586866760031977,0.023395161290322875,b50_lb3_k3_eps0p0025,False,0.05,q95,max_ssr,0.020586866760031977
stratified_size_rep069,stratified_size,69,b50_lb3_k3_eps0p0025,aggregate_only_sync,uniform,300,60,5,0.009783744775339607,0.014247100126347861,0.020586866760031977,0.023395161290322875,0.5066666666666667,1.0,1.0,0.476875,0.0,0.476875,21675.0,10462.5,0.020586866760031977,0.023395161290322875,b50_lb3_k3_eps0p0025,False,0.05,q95,max_ssr,0.020586866760031977
stratified_size_rep069,stratified_size,69,b50_lb3_k3_eps0p0025,hierarchical_local_aggregate,confidence,300,60,5,0.009278902212491086,0.014116077587818646,0.020516172759754914,0.023395161290322875,0.5233333333333333,1.0,1.0,0.479375,0.0,0.479375,21350.0,10412.5,0.020516172759754914,0.023395161290322875,b50_lb3_k3_eps0p0025,False,0.05,q95,max_ssr,0.020516172759754914
stratified_size_rep069,stratified_size,69,b50_lb3_k3_eps0p0025,hierarchical_local_aggregate,shot_proportional,300,60,5,0.00975682525739955,0.014247414772727266,0.021052861255037112,0.0243791461577096,0.51,1.0,1.0,0.479375,0.0,0.479375,21350.0,10412.5,0.021052861255037112,0.0243791461577096,b50_lb3_k3_eps0p0025,False,0.05,q95,max_ssr,0.021052861255037112
stratified_size_rep069,stratified_size,69,b50_lb3_k3_eps0p0025,hierarchical_local_aggregate,uniform,300,60,5,0.009702308322308272,0.014247100126347861,0.02105046433200669,0.024283947937394024,0.51,1.0,1.0,0.479375,0.0,0.479375,21350.0,10412.5,0.02105046433200669,0.024283947937394024,b50_lb3_k3_eps0p0025,False,0.05,q95,max_ssr,0.02105046433200669
stratified_size_rep069,stratified_size,69,b50_lb3_k3_eps0p0025,local_only_offline_aggregate,confidence,300,60,5,0.004812484831229452,0.010817328764271335,0.017141297242627498,0.023395161290322875,0.7333333333333333,1.0,1.0,0.25749999999999995,0.0,0.15749999999999997,33587.5,16850.0,0.017141297242627498,0.023395161290322875,b50_lb3_k3_eps0p0025,False,0.05,q95,max_ssr,0.017141297242627498
stratified_size_rep069,stratified_size,69,b50_lb3_k3_eps0p0025,local_only_offline_aggregate,shot_proportional,300,60,5,0.004817077877098666,0.010545775766786378,0.01713782059634551,0.023395161290322875,0.7366666666666667,1.0,1.0,0.25749999999999995,0.0,0.15749999999999997,33587.5,16850.0,0.01713782059634551,0.023395161290322875,b50_lb3_k3_eps0p0025,False,0.05,q95,max_ssr,0.01713782059634551
stratified_size_rep069,stratified_size,69,b50_lb3_k3_eps0p0025,local_only_offline_aggregate,uniform,300,60,5,0.004764927655300916,0.010681854805476797,0.017141297242627498,0.023395161290322875,0.7333333333333333,1.0,1.0,0.25749999999999995,0.0,0.15749999999999997,33587.5,16850.0,0.017141297242627498,0.023395161290322875,b50_lb3_k3_eps0p0025,False,0.05,q95,max_ssr,0.017141297242627498
stratified_size_rep070,stratified_size,70,b50_lb3_k3_eps0p0025,aggregate_only_sync,confidence,300,60,5,0.008236258717304358,0.013728366627497053,0.020556119632220676,0.023395161290322875,0.5433333333333333,1.0,1.0,0.44499999999999995,0.0,0.44499999999999995,22125.0,11100.0,0.020556119632220676,0.023395161290322875,b50_lb3_k3_eps0p0025,False,0.05,q95,max_ssr,0.020556119632220676
stratified_size_rep070,stratified_size,70,b50_lb3_k3_eps0p0025,aggregate_only_sync,shot_proportional,300,60,5,0.008236258717304358,0.013728366627497053,0.020556119632220676,0.023395161290322875,0.5433333333333333,1.0,1.0,0.44499999999999995,0.0,0.44499999999999995,22125.0,11100.0,0.020556119632220676,0.023395161290322875,b50_lb3_k3_eps0p0025,False,0.05,q95,max_ssr,0.020556119632220676
stratified_size_rep070,stratified_size,70,b50_lb3_k3_eps0p0025,aggregate_only_sync,uniform,300,60,5,0.008236258717304358,0.013728366627497053,0.020556119632220676,0.023395161290322875,0.5433333333333333,1.0,1.0,0.44499999999999995,0.0,0.44499999999999995,22125.0,11100.0,0.020556119632220676,0.023395161290322875,b50_lb3_k3_eps0p0025,False,0.05,q95,max_ssr,0.020556119632220676
stratified_size_rep070,stratified_size,70,b50_lb3_k3_eps0p0025,hierarchical_local_aggregate,confidence,300,60,5,0.007696435260877021,0.013651995654846809,0.020404099933087245,0.023395161290322875,0.5633333333333334,1.0,1.0,0.44499999999999995,0.0,0.44499999999999995,22125.0,11100.0,0.020404099933087245,0.023395161290322875,b50_lb3_k3_eps0p0025,False,0.05,q95,max_ssr,0.020404099933087245
stratified_size_rep070,stratified_size,70,b50_lb3_k3_eps0p0025,hierarchical_local_aggregate,shot_proportional,300,60,5,0.00850370807554543,0.013728366627497053,0.02097663515003319,0.0243791461577096,0.5466666666666666,1.0,1.0,0.44499999999999995,0.0,0.44499999999999995,22125.0,11100.0,0.02097663515003319,0.0243791461577096,b50_lb3_k3_eps0p0025,False,0.05,q95,max_ssr,0.02097663515003319
stratified_size_rep070,stratified_size,70,b50_lb3_k3_eps0p0025,hierarchical_local_aggregate,uniform,300,60,5,0.00850370807554543,0.013728366627497053,0.02097663515003319,0.024283947937394024,0.5466666666666666,1.0,1.0,0.44499999999999995,0.0,0.44499999999999995,22125.0,11100.0,0.02097663515003319,0.024283947937394024,b50_lb3_k3_eps0p0025,False,0.05,q95,max_ssr,0.02097663515003319
stratified_size_rep070,stratified_size,70,b50_lb3_k3_eps0p0025,local_only_offline_aggregate,confidence,300,60,5,0.004231983923640383,0.009701263017215222,0.016940186665384976,0.023395161290322875,0.7633333333333333,1.0,1.0,0.14812499999999998,0.0,0.09499999999999997,34825.0,18100.0,0.016940186665384976,0.023395161290322875,b50_lb3_k3_eps0p0025,False,0.05,q95,max_ssr,0.016940186665384976
stratified_size_rep070,stratified_size,70,b50_lb3_k3_eps0p0025,local_only_offline_aggregate,shot_proportional,300,60,5,0.004283498752544866,0.009677713200071733,0.01683773317893923,0.023395161290322875,0.7666666666666667,1.0,1.0,0.14812499999999998,0.0,0.09499999999999997,34825.0,18100.0,0.01683773317893923,0.023395161290322875,b50_lb3_k3_eps0p0025,False,0.05,q95,max_ssr,0.01683773317893923
stratified_size_rep070,stratified_size,70,b50_lb3_k3_eps0p0025,local_only_offline_aggregate,uniform,300,60,5,0.0042603383325525435,0.009567500724723826,0.0169737518486924,0.023395161290322875,0.7633333333333333,1.0,1.0,0.14812499999999998,0.0,0.09499999999999997,34825.0,18100.0,0.0169737518486924,0.023395161290322875,b50_lb3_k3_eps0p0025,False,0.05,q95,max_ssr,0.0169737518486924
stratified_size_rep071,stratified_size,71,b50_lb3_k3_eps0p0025,aggregate_only_sync,confidence,300,60,5,0.009911841423442728,0.014055179312181991,0.020391384796795156,0.023395161290322875,0.5033333333333333,1.0,1.0,0.49250000000000005,0.0,0.49250000000000005,20325.0,10150.0,0.020391384796795156,0.023395161290322875,b50_lb3_k3_eps0p0025,False,0.05,q95,max_ssr,0.020391384796795156
stratified_size_rep071,stratified_size,71,b50_lb3_k3_eps0p0025,aggregate_only_sync,shot_proportional,300,60,5,0.009911841423442728,0.014055179312181991,0.020391384796795156,0.023395161290322875,0.5033333333333333,1.0,1.0,0.49250000000000005,0.0,0.49250000000000005,20325.0,10150.0,0.020391384796795156,0.023395161290322875,b50_lb3_k3_eps0p0025,False,0.05,q95,max_ssr,0.020391384796795156
stratified_size_rep071,stratified_size,71,b50_lb3_k3_eps0p0025,aggregate_only_sync,uniform,300,60,5,0.009911841423442728,0.014055179312181991,0.020391384796795156,0.023395161290322875,0.5033333333333333,1.0,1.0,0.49250000000000005,0.0,0.49250000000000005,20325.0,10150.0,0.020391384796795156,0.023395161290322875,b50_lb3_k3_eps0p0025,False,0.05,q95,max_ssr,0.020391384796795156
stratified_size_rep071,stratified_size,71,b50_lb3_k3_eps0p0025,hierarchical_local_aggregate,confidence,300,60,5,0.009278902212491086,0.013943716132575754,0.020058447312818493,0.023395161290322875,0.5233333333333333,1.0,1.0,0.5020833333333333,0.0,0.50125,20325.0,9975.0,0.020058447312818493,0.023395161290322875,b50_lb3_k3_eps0p0025,False,0.05,q95,max_ssr,0.020058447312818493
stratified_size_rep071,stratified_size,71,b50_lb3_k3_eps0p0025,hierarchical_local_aggregate,shot_proportional,300,60,5,0.009815150029598978,0.014074799453999377,0.020558885958539642,0.023395161290322875,0.5066666666666667,1.0,1.0,0.5020833333333333,0.0,0.50125,20325.0,9975.0,0.020558885958539642,0.023395161290322875,b50_lb3_k3_eps0p0025,False,0.05,q95,max_ssr,0.020558885958539642
stratified_size_rep071,stratified_size,71,b50_lb3_k3_eps0p0025,hierarchical_local_aggregate,uniform,300,60,5,0.009783744775339607,0.014055179312181991,0.020558885958539642,0.023395161290322875,0.5066666666666667,1.0,1.0,0.5020833333333333,0.0,0.50125,20325.0,9975.0,0.020558885958539642,0.023395161290322875,b50_lb3_k3_eps0p0025,False,0.05,q95,max_ssr,0.020558885958539642
stratified_size_rep071,stratified_size,71,b50_lb3_k3_eps0p0025,local_only_offline_aggregate,confidence,300,60,5,0.004887766797304266,0.010305075080853947,0.016943281676255525,0.023395161290322875,0.7433333333333333,1.0,1.0,0.2725,0.0,0.15749999999999997,31312.5,16850.0,0.016943281676255525,0.023395161290322875,b50_lb3_k3_eps0p0025,False,0.05,q95,max_ssr,0.016943281676255525
stratified_size_rep071,stratified_size,71,b50_lb3_k3_eps0p0025,local_only_offline_aggregate,shot_proportional,300,60,5,0.005057245991006267,0.01013078716505958,0.01713782059634551,0.023395161290322875,0.7466666666666667,1.0,1.0,0.2725,0.0,0.15749999999999997,31312.5,16850.0,0.01713782059634551,0.023395161290322875,b50_lb3_k3_eps0p0025,False,0.05,q95,max_ssr,0.01713782059634551
stratified_size_rep071,stratified_size,71,b50_lb3_k3_eps0p0025,local_only_offline_aggregate,uniform,300,60,5,0.0049016329392907575,0.010217548857465876,0.016978081528686458,0.023395161290322875,0.7433333333333333,1.0,1.0,0.2725,0.0,0.15749999999999997,31312.5,16850.0,0.016978081528686458,0.023395161290322875,b50_lb3_k3_eps0p0025,False,0.05,q95,max_ssr,0.016978081528686458
stratified_size_rep072,stratified_size,72,b50_lb3_k3_eps0p0025,aggregate_only_sync,confidence,300,60,5,0.009695279370279383,0.014144644765451709,0.020586866760031977,0.023395161290322875,0.5066666666666667,1.0,1.0,0.450625,0.0,0.450625,22425.0,10987.5,0.020586866760031977,0.023395161290322875,b50_lb3_k3_eps0p0025,False,0.05,q95,max_ssr,0.020586866760031977
stratified_size_rep072,stratified_size,72,b50_lb3_k3_eps0p0025,aggregate_only_sync,shot_proportional,300,60,5,0.009695279370279383,0.014144644765451709,0.020586866760031977,0.023395161290322875,0.5066666666666667,1.0,1.0,0.450625,0.0,0.450625,22425.0,10987.5,0.020586866760031977,0.023395161290322875,b50_lb3_k3_eps0p0025,False,0.05,q95,max_ssr,0.020586866760031977
stratified_size_rep072,stratified_size,72,b50_lb3_k3_eps0p0025,aggregate_only_sync,uniform,300,60,5,0.009695279370279383,0.014144644765451709,0.020586866760031977,0.023395161290322875,0.5066666666666667,1.0,1.0,0.450625,0.0,0.450625,22425.0,10987.5,0.020586866760031977,0.023395161290322875,b50_lb3_k3_eps0p0025,False,0.05,q95,max_ssr,0.020586866760031977
stratified_size_rep072,stratified_size,72,b50_lb3_k3_eps0p0025,hierarchical_local_aggregate,confidence,300,60,5,0.009520144905354735,0.014055580408710144,0.020516172759754914,0.023395161290322875,0.5133333333333333,1.0,1.0,0.4575,0.0,0.4575,22125.0,10850.0,0.020516172759754914,0.023395161290322875,b50_lb3_k3_eps0p0025,False,0.05,q95,max_ssr,0.020516172759754914
stratified_size_rep072,stratified_size,72,b50_lb3_k3_eps0p0025,hierarchical_local_aggregate,shot_proportional,300,60,5,0.009695279370279383,0.014206827110129005,0.021052861255037112,0.0243791461577096,0.5066666666666667,1.0,1.0,0.4575,0.0,0.4575,22125.0,10850.0,0.021052861255037112,0.0243791461577096,b50_lb3_k3_eps0p0025,False,0.05,q95,max_ssr,0.021052861255037112
stratified_size_rep072,stratified_size,72,b50_lb3_k3_eps0p0025,hierarchical_local_aggregate,uniform,300,60,5,0.009695279370279383,0.014144644765451709,0.02105046433200669,0.024283947937394024,0.5066666666666667,1.0,1.0,0.4575,0.0,0.4575,22125.0,10850.0,0.02105046433200669,0.024283947937394024,b50_lb3_k3_eps0p0025,False,0.05,q95,max_ssr,0.02105046433200669
stratified_size_rep072,stratified_size,72,b50_lb3_k3_eps0p0025,local_only_offline_aggregate,confidence,300,60,5,0.004654148511641438,0.010817328764271335,0.017141297242627498,0.023395161290322875,0.7366666666666667,1.0,1.0,0.14812499999999998,0.0,0.09499999999999997,36187.5,18100.0,0.017141297242627498,0.023395161290322875,b50_lb3_k3_eps0p0025,False,0.05,q95,max_ssr,0.017141297242627498
stratified_size_rep072,stratified_size,72,b50_lb3_k3_eps0p0025,local_only_offline_aggregate,shot_proportional,300,60,5,0.004622314513452203,0.010559190117622096,0.017144011815717303,0.023395161290322875,0.74,1.0,1.0,0.14812499999999998,0.0,0.09499999999999997,36187.5,18100.0,0.017144011815717303,0.023395161290322875,b50_lb3_k3_eps0p0025,False,0.05,q95,max_ssr,0.017144011815717303
stratified_size_rep072,stratified_size,72,b50_lb3_k3_eps0p0025,local_only_offline_aggregate,uniform,300,60,5,0.00463514569341514,0.010817856732157577,0.017141297242627498,0.023395161290322875,0.7366666666666667,1.0,1.0,0.14812499999999998,0.0,0.09499999999999997,36187.5,18100.0,0.017141297242627498,0.023395161290322875,b50_lb3_k3_eps0p0025,False,0.05,q95,max_ssr,0.017141297242627498
stratified_size_rep073,stratified_size,73,b50_lb3_k3_eps0p0025,aggregate_only_sync,confidence,300,60,5,0.007924255636806602,0.013744007924458198,0.020242445362473195,0.023395161290322875,0.5366666666666666,1.0,1.0,0.374375,0.0,0.374375,22375.0,12512.5,0.020242445362473195,0.023395161290322875,b50_lb3_k3_eps0p0025,False,0.05,q95,max_ssr,0.020242445362473195
stratified_size_rep073,stratified_size,73,b50_lb3_k3_eps0p0025,aggregate_only_sync,shot_proportional,300,60,5,0.007924255636806602,0.013744007924458198,0.020242445362473195,0.023395161290322875,0.5366666666666666,1.0,1.0,0.374375,0.0,0.374375,22375.0,12512.5,0.020242445362473195,0.023395161290322875,b50_lb3_k3_eps0p0025,False,0.05,q95,max_ssr,0.020242445362473195
stratified_size_rep073,stratified_size,73,b50_lb3_k3_eps0p0025,aggregate_only_sync,uniform,300,60,5,0.007924255636806602,0.013744007924458198,0.020242445362473195,0.023395161290322875,0.5366666666666666,1.0,1.0,0.374375,0.0,0.374375,22375.0,12512.5,0.020242445362473195,0.023395161290322875,b50_lb3_k3_eps0p0025,False,0.05,q95,max_ssr,0.020242445362473195
stratified_size_rep073,stratified_size,73,b50_lb3_k3_eps0p0025,hierarchical_local_aggregate,confidence,300,60,5,0.007513607160440959,0.013619374999492048,0.01982646812869835,0.023395161290322875,0.5533333333333333,1.0,1.0,0.374375,0.0,0.374375,22125.0,12512.5,0.01982646812869835,0.023395161290322875,b50_lb3_k3_eps0p0025,False,0.05,q95,max_ssr,0.01982646812869835
stratified_size_rep073,stratified_size,73,b50_lb3_k3_eps0p0025,hierarchical_local_aggregate,shot_proportional,300,60,5,0.008266424448713281,0.013744007924458198,0.020614796434716035,0.023395161290322875,0.54,1.0,1.0,0.374375,0.0,0.374375,22125.0,12512.5,0.020614796434716035,0.023395161290322875,b50_lb3_k3_eps0p0025,False,0.05,q95,max_ssr,0.020614796434716035
stratified_size_rep073,stratified_size,73,b50_lb3_k3_eps0p0025,hierarchical_local_aggregate,uniform,300,60,5,0.008101005810761862,0.013744007924458198,0.020558885958539642,0.023395161290322875,0.54,1.0,1.0,0.374375,0.0,0.374375,22125.0,12512.5,0.020558885958539642,0.023395161290322875,b50_lb3_k3_eps0p0025,False,0.05,q95,max_ssr,0.020558885958539642
stratified_size_rep073,stratified_size,73,b50_lb3_k3_eps0p0025,local_only_offline_aggregate,confidence,300,60,5,0.003201872882596834,0.00938252116964569,0.016458050960328808,0.023395161290322875,0.7766666666666666,1.0,1.0,0.05291666666666667,0.0,0.0024999999999999467,35837.5,19950.0,0.016458050960328808,0.023395161290322875,b50_lb3_k3_eps0p0025,False,0.05,q95,max_ssr,0.016458050960328808
stratified_size_rep073,stratified_size,73,b50_lb3_k3_eps0p0025,local_only_offline_aggregate,shot_proportional,300,60,5,0.0029089347994540426,0.009620383480378353,0.016722599389566353,0.023395161290322875,0.78,1.0,1.0,0.05291666666666667,0.0,0.0024999999999999467,35837.5,19950.0,0.016722599389566353,0.023395161290322875,b50_lb3_k3_eps0p0025,False,0.05,q95,max_ssr,0.016722599389566353
stratified_size_rep073,stratified_size,73,b50_lb3_k3_eps0p0025,local_only_offline_aggregate,uniform,300,60,5,0.003065330607022753,0.009376457706996329,0.016415698913299526,0.023395161290322875,0.7766666666666666,1.0,1.0,0.05291666666666667,0.0,0.0024999999999999467,35837.5,19950.0,0.016415698913299526,0.023395161290322875,b50_lb3_k3_eps0p0025,False,0.05,q95,max_ssr,0.016415698913299526
stratified_size_rep074,stratified_size,74,b50_lb3_k3_eps0p0025,aggregate_only_sync,confidence,300,60,5,0.00995051631500938,0.014246261859222833,0.020586866760031977,0.023395161290322875,0.5,1.0,1.0,0.479375,0.0,0.479375,21675.0,10412.5,0.020586866760031977,0.023395161290322875,b50_lb3_k3_eps0p0025,False,0.05,q95,max_ssr,0.020586866760031977
stratified_size_rep074,stratified_size,74,b50_lb3_k3_eps0p0025,aggregate_only_sync,shot_proportional,300,60,5,0.00995051631500938,0.014246261859222833,0.020586866760031977,0.023395161290322875,0.5,1.0,1.0,0.479375,0.0,0.479375,21675.0,10412.5,0.020586866760031977,0.023395161290322875,b50_lb3_k3_eps0p0025,False,0.05,q95,max_ssr,0.020586866760031977
stratified_size_rep074,stratified_size,74,b50_lb3_k3_eps0p0025,aggregate_only_sync,uniform,300,60,5,0.00995051631500938,0.014246261859222833,0.020586866760031977,0.023395161290322875,0.5,1.0,1.0,0.479375,0.0,0.479375,21675.0,10412.5,0.020586866760031977,0.023395161290322875,b50_lb3_k3_eps0p0025,False,0.05,q95,max_ssr,0.020586866760031977
stratified_size_rep074,stratified_size,74,b50_lb3_k3_eps0p0025,hierarchical_local_aggregate,confidence,300,60,5,0.009314986600476576,0.01412815742930174,0.02042689616373583,0.023395161290322875,0.52,1.0,1.0,0.49,0.0,0.485,21175.0,10300.0,0.02042689616373583,0.023395161290322875,b50_lb3_k3_eps0p0025,False,0.05,q95,max_ssr,0.02042689616373583
stratified_size_rep074,stratified_size,74,b50_lb3_k3_eps0p0025,hierarchical_local_aggregate,shot_proportional,300,60,5,0.009815150029598978,0.014246576505602238,0.021052861255037112,0.0243791461577096,0.5033333333333333,1.0,1.0,0.49,0.0,0.485,21175.0,10300.0,0.021052861255037112,0.0243791461577096,b50_lb3_k3_eps0p0025,False,0.05,q95,max_ssr,0.021052861255037112
stratified_size_rep074,stratified_size,74,b50_lb3_k3_eps0p0025,hierarchical_local_aggregate,uniform,300,60,5,0.009772131837450106,0.014246261859222833,0.02105046433200669,0.024283947937394024,0.5033333333333333,1.0,1.0,0.49,0.0,0.485,21175.0,10300.0,0.02105046433200669,0.024283947937394024,b50_lb3_k3_eps0p0025,False,0.05,q95,max_ssr,0.02105046433200669
stratified_size_rep074,stratified_size,74,b50_lb3_k3_eps0p0025,local_only_offline_aggregate,confidence,300,60,5,0.004731938919194351,0.010817591442052158,0.017141297242627498,0.023395161290322875,0.73,1.0,1.0,0.2725,0.0,0.15749999999999997,34425.0,16850.0,0.017141297242627498,0.023395161290322875,b50_lb3_k3_eps0p0025,False,0.05,q95,max_ssr,0.017141297242627498
stratified_size_rep074,stratified_size,74,b50_lb3_k3_eps0p0025,local_only_offline_aggregate,shot_proportional,300,60,5,0.004770301605291745,0.010545775766786378,0.017144011815717303,0.023395161290322875,0.7333333333333333,1.0,1.0,0.2725,0.0,0.15749999999999997,34425.0,16850.0,0.017144011815717303,0.023395161290322875,b50_lb3_k3_eps0p0025,False,0.05,q95,max_ssr,0.017144011815717303
stratified_size_rep074,stratified_size,74,b50_lb3_k3_eps0p0025,local_only_offline_aggregate,uniform,300,60,5,0.004733362316670353,0.010704271355750519,0.017141297242627498,0.023395161290322875,0.73,1.0,1.0,0.2725,0.0,0.15749999999999997,34425.0,16850.0,0.017141297242627498,0.023395161290322875,b50_lb3_k3_eps0p0025,False,0.05,q95,max_ssr,0.017141297242627498
stratified_size_rep075,stratified_size,75,b50_lb3_k3_eps0p0025,aggregate_only_sync,confidence,300,60,5,0.009579993581388016,0.014222847544190138,0.020557116976468236,0.023395161290322875,0.5166666666666667,1.0,1.0,0.458125,0.0,0.458125,22125.0,10837.5,0.020557116976468236,0.023395161290322875,b50_lb3_k3_eps0p0025,False,0.05,q95,max_ssr,0.020557116976468236
stratified_size_rep075,stratified_size,75,b50_lb3_k3_eps0p0025,aggregate_only_sync,shot_proportional,300,60,5,0.009579993581388016,0.014222847544190138,0.020557116976468236,0.023395161290322875,0.5166666666666667,1.0,1.0,0.458125,0.0,0.458125,22125.0,10837.5,0.020557116976468236,0.023395161290322875,b50_lb3_k3_eps0p0025,False,0.05,q95,max_ssr,0.020557116976468236
stratified_size_rep075,stratified_size,75,b50_lb3_k3_eps0p0025,aggregate_only_sync,uniform,300,60,5,0.009579993581388016,0.014222847544190138,0.020557116976468236,0.023395161290322875,0.5166666666666667,1.0,1.0,0.458125,0.0,0.458125,22125.0,10837.5,0.020557116976468236,0.023395161290322875,b50_lb3_k3_eps0p0025,False,0.05,q95,max_ssr,0.020557116976468236
stratified_size_rep075,stratified_size,75,b50_lb3_k3_eps0p0025,hierarchical_local_aggregate,confidence,300,60,5,0.009314986600476576,0.014116077587818646,0.020404099933087245,0.023395161290322875,0.5233333333333333,1.0,1.0,0.466875,0.0,0.466875,21975.0,10662.5,0.020404099933087245,0.023395161290322875,b50_lb3_k3_eps0p0025,False,0.05,q95,max_ssr,0.020404099933087245
stratified_size_rep075,stratified_size,75,b50_lb3_k3_eps0p0025,hierarchical_local_aggregate,shot_proportional,300,60,5,0.00966184589762177,0.014246576505602238,0.02097663515003319,0.0243791461577096,0.5166666666666667,1.0,1.0,0.466875,0.0,0.466875,21975.0,10662.5,0.02097663515003319,0.0243791461577096,b50_lb3_k3_eps0p0025,False,0.05,q95,max_ssr,0.02097663515003319
stratified_size_rep075,stratified_size,75,b50_lb3_k3_eps0p0025,hierarchical_local_aggregate,uniform,300,60,5,0.00966184589762177,0.014220726697741826,0.02097663515003319,0.024283947937394024,0.5166666666666667,1.0,1.0,0.466875,0.0,0.466875,21975.0,10662.5,0.02097663515003319,0.024283947937394024,b50_lb3_k3_eps0p0025,False,0.05,q95,max_ssr,0.02097663515003319
stratified_size_rep075,stratified_size,75,b50_lb3_k3_eps0p0025,local_only_offline_aggregate,confidence,300,60,5,0.004231983923640383,0.010305075080853947,0.017141297242627498,0.023395161290322875,0.7433333333333333,1.0,1.0,0.14812499999999998,0.0,0.09499999999999997,35487.5,18100.0,0.017141297242627498,0.023395161290322875,b50_lb3_k3_eps0p0025,False,0.05,q95,max_ssr,0.017141297242627498
stratified_size_rep075,stratified_size,75,b50_lb3_k3_eps0p0025,local_only_offline_aggregate,shot_proportional,300,60,5,0.004283498752544866,0.01013078716505958,0.017144011815717303,0.023395161290322875,0.7466666666666667,1.0,1.0,0.14812499999999998,0.0,0.09499999999999997,35487.5,18100.0,0.017144011815717303,0.023395161290322875,b50_lb3_k3_eps0p0025,False,0.05,q95,max_ssr,0.017144011815717303
stratified_size_rep075,stratified_size,75,b50_lb3_k3_eps0p0025,local_only_offline_aggregate,uniform,300,60,5,0.0042603383325525435,0.010217548857465876,0.017141297242627498,0.023395161290322875,0.7433333333333333,1.0,1.0,0.14812499999999998,0.0,0.09499999999999997,35487.5,18100.0,0.017141297242627498,0.023395161290322875,b50_lb3_k3_eps0p0025,False,0.05,q95,max_ssr,0.017141297242627498
stratified_size_rep076,stratified_size,76,b50_lb3_k3_eps0p0025,aggregate_only_sync,confidence,300,60,5,0.007391094657068638,0.013591801899650733,0.020491576508468976,0.023395161290322875,0.55,1.0,1.0,0.36,0.0,0.36,24350.0,12800.0,0.020491576508468976,0.023395161290322875,b50_lb3_k3_eps0p0025,False,0.05,q95,max_ssr,0.020491576508468976
stratified_size_rep076,stratified_size,76,b50_lb3_k3_eps0p0025,aggregate_only_sync,shot_proportional,300,60,5,0.007391094657068638,0.013591801899650733,0.020491576508468976,0.023395161290322875,0.55,1.0,1.0,0.36,0.0,0.36,24350.0,12800.0,0.020491576508468976,0.023395161290322875,b50_lb3_k3_eps0p0025,False,0.05,q95,max_ssr,0.020491576508468976
stratified_size_rep076,stratified_size,76,b50_lb3_k3_eps0p0025,aggregate_only_sync,uniform,300,60,5,0.007391094657068638,0.013591801899650733,0.020491576508468976,0.023395161290322875,0.55,1.0,1.0,0.36,0.0,0.36,24350.0,12800.0,0.020491576508468976,0.023395161290322875,b50_lb3_k3_eps0p0025,False,0.05,q95,max_ssr,0.020491576508468976
stratified_size_rep076,stratified_size,76,b50_lb3_k3_eps0p0025,hierarchical_local_aggregate,confidence,300,60,5,0.007402871090362336,0.013543467745985091,0.01970553210989883,0.023395161290322875,0.5733333333333334,1.0,1.0,0.36,0.0,0.36,23575.0,12800.0,0.01970553210989883,0.023395161290322875,b50_lb3_k3_eps0p0025,False,0.05,q95,max_ssr,0.01970553210989883
stratified_size_rep076,stratified_size,76,b50_lb3_k3_eps0p0025,hierarchical_local_aggregate,shot_proportional,300,60,5,0.0077627776079620524,0.013591801899650733,0.020620477419388713,0.0243791461577096,0.5533333333333333,1.0,1.0,0.36,0.0,0.36,23575.0,12800.0,0.020620477419388713,0.0243791461577096,b50_lb3_k3_eps0p0025,False,0.05,q95,max_ssr,0.020620477419388713
stratified_size_rep076,stratified_size,76,b50_lb3_k3_eps0p0025,hierarchical_local_aggregate,uniform,300,60,5,0.007646297008975844,0.013591801899650733,0.020620477419388713,0.024283947937394024,0.5533333333333333,1.0,1.0,0.36,0.0,0.36,23575.0,12800.0,0.020620477419388713,0.024283947937394024,b50_lb3_k3_eps0p0025,False,0.05,q95,max_ssr,0.020620477419388713
stratified_size_rep076,stratified_size,76,b50_lb3_k3_eps0p0025,local_only_offline_aggregate,confidence,300,60,5,0.003201872882596834,0.008674353939690113,0.016469636175899072,0.023395161290322875,0.7866666666666666,1.0,1.0,0.05291666666666667,0.0,0.0024999999999999467,38537.5,19950.0,0.016469636175899072,0.023395161290322875,b50_lb3_k3_eps0p0025,False,0.05,q95,max_ssr,0.016469636175899072
stratified_size_rep076,stratified_size,76,b50_lb3_k3_eps0p0025,local_only_offline_aggregate,shot_proportional,300,60,5,0.0029089347994540426,0.00895669108551106,0.016729270471775668,0.023395161290322875,0.79,1.0,1.0,0.05291666666666667,0.0,0.0024999999999999467,38537.5,19950.0,0.016729270471775668,0.023395161290322875,b50_lb3_k3_eps0p0025,False,0.05,q95,max_ssr,0.016729270471775668
stratified_size_rep076,stratified_size,76,b50_lb3_k3_eps0p0025,local_only_offline_aggregate,uniform,300,60,5,0.003065330607022753,0.008680284566933129,0.016469636175899072,0.023395161290322875,0.7866666666666666,1.0,1.0,0.05291666666666667,0.0,0.0024999999999999467,38537.5,19950.0,0.016469636175899072,0.023395161290322875,b50_lb3_k3_eps0p0025,False,0.05,q95,max_ssr,0.016469636175899072
stratified_size_rep077,stratified_size,77,b50_lb3_k3_eps0p0025,aggregate_only_sync,confidence,300,60,5,0.00966184589762177,0.013987138394242243,0.020586866760031977,0.023395161290322875,0.51,1.0,1.0,0.476875,0.0,0.476875,21675.0,10462.5,0.020586866760031977,0.023395161290322875,b50_lb3_k3_eps0p0025,False,0.05,q95,max_ssr,0.020586866760031977
stratified_size_rep077,stratified_size,77,b50_lb3_k3_eps0p0025,aggregate_only_sync,shot_proportional,300,60,5,0.00966184589762177,0.013987138394242243,0.020586866760031977,0.023395161290322875,0.51,1.0,1.0,0.476875,0.0,0.476875,21675.0,10462.5,0.020586866760031977,0.023395161290322875,b50_lb3_k3_eps0p0025,False,0.05,q95,max_ssr,0.020586866760031977
stratified_size_rep077,stratified_size,77,b50_lb3_k3_eps0p0025,aggregate_only_sync,uniform,300,60,5,0.00966184589762177,0.013987138394242243,0.020586866760031977,0.023395161290322875,0.51,1.0,1.0,0.476875,0.0,0.476875,21675.0,10462.5,0.020586866760031977,0.023395161290322875,b50_lb3_k3_eps0p0025,False,0.05,q95,max_ssr,0.020586866760031977
stratified_size_rep077,stratified_size,77,b50_lb3_k3_eps0p0025,hierarchical_local_aggregate,confidence,300,60,5,0.008949536360129719,0.01383367855262103,0.020516172759754914,0.023395161290322875,0.53,1.0,1.0,0.479375,0.0,0.479375,21275.0,10412.5,0.020516172759754914,0.023395161290322875,b50_lb3_k3_eps0p0025,False,0.05,q95,max_ssr,0.020516172759754914
stratified_size_rep077,stratified_size,77,b50_lb3_k3_eps0p0025,hierarchical_local_aggregate,shot_proportional,300,60,5,0.009695279370279383,0.013987138394242243,0.021052861255037112,0.0243791461577096,0.5133333333333333,1.0,1.0,0.479375,0.0,0.479375,21275.0,10412.5,0.021052861255037112,0.0243791461577096,b50_lb3_k3_eps0p0025,False,0.05,q95,max_ssr,0.021052861255037112
stratified_size_rep077,stratified_size,77,b50_lb3_k3_eps0p0025,hierarchical_local_aggregate,uniform,300,60,5,0.009683666432389881,0.013987138394242243,0.02105046433200669,0.024283947937394024,0.5133333333333333,1.0,1.0,0.479375,0.0,0.479375,21275.0,10412.5,0.02105046433200669,0.024283947937394024,b50_lb3_k3_eps0p0025,False,0.05,q95,max_ssr,0.02105046433200669
stratified_size_rep077,stratified_size,77,b50_lb3_k3_eps0p0025,local_only_offline_aggregate,confidence,300,60,5,0.004812484831229452,0.010151464130147107,0.01707882920206171,0.023395161290322875,0.7466666666666667,1.0,1.0,0.25749999999999995,0.0,0.15749999999999997,33587.5,16850.0,0.01707882920206171,0.023395161290322875,b50_lb3_k3_eps0p0025,False,0.05,q95,max_ssr,0.01707882920206171
stratified_size_rep077,stratified_size,77,b50_lb3_k3_eps0p0025,local_only_offline_aggregate,shot_proportional,300,60,5,0.004817077877098666,0.009972379769749703,0.01703911087979647,0.023395161290322875,0.75,1.0,1.0,0.25749999999999995,0.0,0.15749999999999997,33587.5,16850.0,0.01703911087979647,0.023395161290322875,b50_lb3_k3_eps0p0025,False,0.05,q95,max_ssr,0.01703911087979647
stratified_size_rep077,stratified_size,77,b50_lb3_k3_eps0p0025,local_only_offline_aggregate,uniform,300,60,5,0.004764927655300916,0.010066318714210366,0.01705537048871507,0.023395161290322875,0.7466666666666667,1.0,1.0,0.25749999999999995,0.0,0.15749999999999997,33587.5,16850.0,0.01705537048871507,0.023395161290322875,b50_lb3_k3_eps0p0025,False,0.05,q95,max_ssr,0.01705537048871507
stratified_size_rep078,stratified_size,78,b50_lb3_k3_eps0p0025,aggregate_only_sync,confidence,300,60,5,0.009674142284918147,0.014144644765451709,0.020556119632220676,0.023395161290322875,0.51,1.0,1.0,0.39249999999999996,0.0,0.39249999999999996,23450.0,12150.0,0.020556119632220676,0.023395161290322875,b50_lb3_k3_eps0p0025,False,0.05,q95,max_ssr,0.020556119632220676
stratified_size_rep078,stratified_size,78,b50_lb3_k3_eps0p0025,aggregate_only_sync,shot_proportional,300,60,5,0.009674142284918147,0.014144644765451709,0.020556119632220676,0.023395161290322875,0.51,1.0,1.0,0.39249999999999996,0.0,0.39249999999999996,23450.0,12150.0,0.020556119632220676,0.023395161290322875,b50_lb3_k3_eps0p0025,False,0.05,q95,max_ssr,0.020556119632220676
stratified_size_rep078,stratified_size,78,b50_lb3_k3_eps0p0025,aggregate_only_sync,uniform,300,60,5,0.009674142284918147,0.014144644765451709,0.020556119632220676,0.023395161290322875,0.51,1.0,1.0,0.39249999999999996,0.0,0.39249999999999996,23450.0,12150.0,0.020556119632220676,0.023395161290322875,b50_lb3_k3_eps0p0025,False,0.05,q95,max_ssr,0.020556119632220676
stratified_size_rep078,stratified_size,78,b50_lb3_k3_eps0p0025,hierarchical_local_aggregate,confidence,300,60,5,0.008949536360129719,0.014036340177501484,0.0200676623376624,0.023395161290322875,0.5266666666666666,1.0,1.0,0.39249999999999996,0.0,0.39249999999999996,22950.0,12150.0,0.0200676623376624,0.023395161290322875,b50_lb3_k3_eps0p0025,False,0.05,q95,max_ssr,0.0200676623376624
stratified_size_rep078,stratified_size,78,b50_lb3_k3_eps0p0025,hierarchical_local_aggregate,shot_proportional,300,60,5,0.009725420003140178,0.014203505190903866,0.02097663515003319,0.0243791461577096,0.5133333333333333,1.0,1.0,0.39249999999999996,0.0,0.39249999999999996,22950.0,12150.0,0.02097663515003319,0.0243791461577096,b50_lb3_k3_eps0p0025,False,0.05,q95,max_ssr,0.02097663515003319
stratified_size_rep078,stratified_size,78,b50_lb3_k3_eps0p0025,hierarchical_local_aggregate,uniform,300,60,5,0.00969069538441877,0.01414122159730875,0.02097663515003319,0.024283947937394024,0.5133333333333333,1.0,1.0,0.39249999999999996,0.0,0.39249999999999996,22950.0,12150.0,0.02097663515003319,0.024283947937394024,b50_lb3_k3_eps0p0025,False,0.05,q95,max_ssr,0.02097663515003319
stratified_size_rep078,stratified_size,78,b50_lb3_k3_eps0p0025,local_only_offline_aggregate,confidence,300,60,5,0.003632610196978257,0.009736594486307901,0.016940186665384976,0.023395161290322875,0.76,1.0,1.0,0.1096875,0.0,0.044999999999999984,37650.0,19100.0,0.016940186665384976,0.023395161290322875,b50_lb3_k3_eps0p0025,False,0.05,q95,max_ssr,0.016940186665384976
stratified_size_rep078,stratified_size,78,b50_lb3_k3_eps0p0025,local_only_offline_aggregate,shot_proportional,300,60,5,0.003486506373448209,0.009747885077870425,0.01703911087979647,0.023395161290322875,0.7633333333333333,1.0,1.0,0.1096875,0.0,0.044999999999999984,37650.0,19100.0,0.01703911087979647,0.023395161290322875,b50_lb3_k3_eps0p0025,False,0.05,q95,max_ssr,0.01703911087979647
stratified_size_rep078,stratified_size,78,b50_lb3_k3_eps0p0025,local_only_offline_aggregate,uniform,300,60,5,0.003626951067988778,0.009647104446898749,0.0169737518486924,0.023395161290322875,0.76,1.0,1.0,0.1096875,0.0,0.044999999999999984,37650.0,19100.0,0.0169737518486924,0.023395161290322875,b50_lb3_k3_eps0p0025,False,0.05,q95,max_ssr,0.0169737518486924
stratified_size_rep079,stratified_size,79,b50_lb3_k3_eps0p0025,aggregate_only_sync,confidence,300,60,5,0.00762105971324014,0.013744007924458198,0.019575820324922198,0.0227821428571429,0.5433333333333333,1.0,1.0,0.29125,0.0,0.29125,26850.0,14175.0,0.019575820324922198,0.0227821428571429,b50_lb3_k3_eps0p0025,False,0.05,q95,max_ssr,0.019575820324922198
stratified_size_rep079,stratified_size,79,b50_lb3_k3_eps0p0025,aggregate_only_sync,shot_proportional,300,60,5,0.00762105971324014,0.013744007924458198,0.019575820324922198,0.0227821428571429,0.5433333333333333,1.0,1.0,0.29125,0.0,0.29125,26850.0,14175.0,0.019575820324922198,0.0227821428571429,b50_lb3_k3_eps0p0025,False,0.05,q95,max_ssr,0.019575820324922198
stratified_size_rep079,stratified_size,79,b50_lb3_k3_eps0p0025,aggregate_only_sync,uniform,300,60,5,0.00762105971324014,0.013744007924458198,0.019575820324922198,0.0227821428571429,0.5433333333333333,1.0,1.0,0.29125,0.0,0.29125,26850.0,14175.0,0.019575820324922198,0.0227821428571429,b50_lb3_k3_eps0p0025,False,0.05,q95,max_ssr,0.019575820324922198
stratified_size_rep079,stratified_size,79,b50_lb3_k3_eps0p0025,hierarchical_local_aggregate,confidence,300,60,5,0.007792768315596296,0.013624189983139369,0.019427911391992802,0.0227821428571429,0.55,1.0,1.0,0.29125,0.0,0.29125,26475.0,14175.0,0.019427911391992802,0.0227821428571429,b50_lb3_k3_eps0p0025,False,0.05,q95,max_ssr,0.019427911391992802
stratified_size_rep079,stratified_size,79,b50_lb3_k3_eps0p0025,hierarchical_local_aggregate,shot_proportional,300,60,5,0.00762105971324014,0.013744007924458198,0.02025954205934088,0.02287320705610179,0.5433333333333333,1.0,1.0,0.29125,0.0,0.29125,26475.0,14175.0,0.02025954205934088,0.02287320705610179,b50_lb3_k3_eps0p0025,False,0.05,q95,max_ssr,0.02025954205934088
stratified_size_rep079,stratified_size,79,b50_lb3_k3_eps0p0025,hierarchical_local_aggregate,uniform,300,60,5,0.00762105971324014,0.013744007924458198,0.020223780730874562,0.02287320705610179,0.5433333333333333,1.0,1.0,0.29125,0.0,0.29125,26475.0,14175.0,0.020223780730874562,0.02287320705610179,b50_lb3_k3_eps0p0025,False,0.05,q95,max_ssr,0.020223780730874562
stratified_size_rep079,stratified_size,79,b50_lb3_k3_eps0p0025,local_only_offline_aggregate,confidence,300,60,5,0.0005081260423534796,0.009076992827333106,0.016345543515380607,0.0227821428571429,0.7866666666666666,1.0,1.0,0.0007291666666666696,0.0,0.0,40000.0,20000.0,0.016345543515380607,0.0227821428571429,b50_lb3_k3_eps0p0025,False,0.05,q95,max_ssr,0.016345543515380607
stratified_size_rep079,stratified_size,79,b50_lb3_k3_eps0p0025,local_only_offline_aggregate,shot_proportional,300,60,5,0.0004673222969318264,0.00894280949072808,0.016469636175899072,0.0227821428571429,0.79,1.0,1.0,0.0007291666666666696,0.0,0.0,40000.0,20000.0,0.016469636175899072,0.0227821428571429,b50_lb3_k3_eps0p0025,False,0.05,q95,max_ssr,0.016469636175899072
stratified_size_rep079,stratified_size,79,b50_lb3_k3_eps0p0025,local_only_offline_aggregate,uniform,300,60,5,0.00046814954051796275,0.009079262526813101,0.016338715961082283,0.0227821428571429,0.7866666666666666,1.0,1.0,0.0007291666666666696,0.0,0.0,40000.0,20000.0,0.016338715961082283,0.0227821428571429,b50_lb3_k3_eps0p0025,False,0.05,q95,max_ssr,0.016338715961082283
stratified_size_rep080,stratified_size,80,b50_lb3_k3_eps0p0025,aggregate_only_sync,confidence,300,60,5,0.011061818181818183,0.014602343847672686,0.020586866760031977,0.023395161290322875,0.47333333333333333,1.0,1.0,0.476875,0.0,0.476875,22375.0,10462.5,0.020586866760031977,0.023395161290322875,b50_lb3_k3_eps0p0025,False,0.05,q95,max_ssr,0.020586866760031977
stratified_size_rep080,stratified_size,80,b50_lb3_k3_eps0p0025,aggregate_only_sync,shot_proportional,300,60,5,0.011061818181818183,0.014602343847672686,0.020586866760031977,0.023395161290322875,0.47333333333333333,1.0,1.0,0.476875,0.0,0.476875,22375.0,10462.5,0.020586866760031977,0.023395161290322875,b50_lb3_k3_eps0p0025,False,0.05,q95,max_ssr,0.020586866760031977
stratified_size_rep080,stratified_size,80,b50_lb3_k3_eps0p0025,aggregate_only_sync,uniform,300,60,5,0.011061818181818183,0.014602343847672686,0.020586866760031977,0.023395161290322875,0.47333333333333333,1.0,1.0,0.476875,0.0,0.476875,22375.0,10462.5,0.020586866760031977,0.023395161290322875,b50_lb3_k3_eps0p0025,False,0.05,q95,max_ssr,0.020586866760031977
stratified_size_rep080,stratified_size,80,b50_lb3_k3_eps0p0025,hierarchical_local_aggregate,confidence,300,60,5,0.011058963781121554,0.014538043867606754,0.020516172759754914,0.023395161290322875,0.4766666666666667,1.0,1.0,0.479375,0.0,0.479375,22125.0,10412.5,0.020516172759754914,0.023395161290322875,b50_lb3_k3_eps0p0025,False,0.05,q95,max_ssr,0.020516172759754914
stratified_size_rep080,stratified_size,80,b50_lb3_k3_eps0p0025,hierarchical_local_aggregate,shot_proportional,300,60,5,0.011123825642442646,0.014602343847672686,0.021052861255037112,0.0243791461577096,0.47333333333333333,1.0,1.0,0.479375,0.0,0.479375,22125.0,10412.5,0.021052861255037112,0.0243791461577096,b50_lb3_k3_eps0p0025,False,0.05,q95,max_ssr,0.021052861255037112
stratified_size_rep080,stratified_size,80,b50_lb3_k3_eps0p0025,hierarchical_local_aggregate,uniform,300,60,5,0.011061818181818183,0.014602343847672686,0.02105046433200669,0.024283947937394024,0.47333333333333333,1.0,1.0,0.479375,0.0,0.479375,22125.0,10412.5,0.02105046433200669,0.024283947937394024,b50_lb3_k3_eps0p0025,False,0.05,q95,max_ssr,0.02105046433200669
stratified_size_rep080,stratified_size,80,b50_lb3_k3_eps0p0025,local_only_offline_aggregate,confidence,300,60,5,0.004887766797304266,0.01109353818945094,0.01753312428789988,0.023395161290322875,0.72,1.0,1.0,0.25749999999999995,0.0,0.15749999999999997,35487.5,16850.0,0.01753312428789988,0.023395161290322875,b50_lb3_k3_eps0p0025,False,0.05,q95,max_ssr,0.01753312428789988
stratified_size_rep080,stratified_size,80,b50_lb3_k3_eps0p0025,local_only_offline_aggregate,shot_proportional,300,60,5,0.005057245991006267,0.010921380971058214,0.01723961767014212,0.023395161290322875,0.7233333333333334,1.0,1.0,0.25749999999999995,0.0,0.15749999999999997,35487.5,16850.0,0.01723961767014212,0.023395161290322875,b50_lb3_k3_eps0p0025,False,0.05,q95,max_ssr,0.01723961767014212
stratified_size_rep080,stratified_size,80,b50_lb3_k3_eps0p0025,local_only_offline_aggregate,uniform,300,60,5,0.0049016329392907575,0.01100322582185946,0.0173864574108747,0.023395161290322875,0.72,1.0,1.0,0.25749999999999995,0.0,0.15749999999999997,35487.5,16850.0,0.0173864574108747,0.023395161290322875,b50_lb3_k3_eps0p0025,False,0.05,q95,max_ssr,0.0173864574108747
stratified_size_rep081,stratified_size,81,b50_lb3_k3_eps0p0025,aggregate_only_sync,confidence,300,60,5,0.01040948651863596,0.014365346185784172,0.020586866760031977,0.023395161290322875,0.47333333333333333,1.0,1.0,0.49250000000000005,0.0,0.49250000000000005,21825.0,10150.0,0.020586866760031977,0.023395161290322875,b50_lb3_k3_eps0p0025,False,0.05,q95,max_ssr,0.020586866760031977
stratified_size_rep081,stratified_size,81,b50_lb3_k3_eps0p0025,aggregate_only_sync,shot_proportional,300,60,5,0.01040948651863596,0.014365346185784172,0.020586866760031977,0.023395161290322875,0.47333333333333333,1.0,1.0,0.49250000000000005,0.0,0.49250000000000005,21825.0,10150.0,0.020586866760031977,0.023395161290322875,b50_lb3_k3_eps0p0025,False,0.05,q95,max_ssr,0.020586866760031977
stratified_size_rep081,stratified_size,81,b50_lb3_k3_eps0p0025,aggregate_only_sync,uniform,300,60,5,0.01040948651863596,0.014365346185784172,0.020586866760031977,0.023395161290322875,0.47333333333333333,1.0,1.0,0.49250000000000005,0.0,0.49250000000000005,21825.0,10150.0,0.020586866760031977,0.023395161290322875,b50_lb3_k3_eps0p0025,False,0.05,q95,max_ssr,0.020586866760031977
stratified_size_rep081,stratified_size,81,b50_lb3_k3_eps0p0025,hierarchical_local_aggregate,confidence,300,60,5,0.010513933580255846,0.014472758654863643,0.020516172759754914,0.023395161290322875,0.49333333333333335,1.0,1.0,0.50625,0.0,0.504375,21175.0,9912.5,0.020516172759754914,0.023395161290322875,b50_lb3_k3_eps0p0025,False,0.05,q95,max_ssr,0.020516172759754914
stratified_size_rep081,stratified_size,81,b50_lb3_k3_eps0p0025,hierarchical_local_aggregate,shot_proportional,300,60,5,0.010587497364947181,0.014365346185784172,0.021052861255037112,0.0243791461577096,0.4766666666666667,1.0,1.0,0.50625,0.0,0.504375,21175.0,9912.5,0.021052861255037112,0.0243791461577096,b50_lb3_k3_eps0p0025,False,0.05,q95,max_ssr,0.021052861255037112
stratified_size_rep081,stratified_size,81,b50_lb3_k3_eps0p0025,hierarchical_local_aggregate,uniform,300,60,5,0.010573657799163907,0.014365346185784172,0.02105046433200669,0.024283947937394024,0.4766666666666667,1.0,1.0,0.50625,0.0,0.504375,21175.0,9912.5,0.02105046433200669,0.024283947937394024,b50_lb3_k3_eps0p0025,False,0.05,q95,max_ssr,0.02105046433200669
stratified_size_rep081,stratified_size,81,b50_lb3_k3_eps0p0025,local_only_offline_aggregate,confidence,300,60,5,0.005050209930306222,0.011042321915422301,0.017226062168186028,0.023395161290322875,0.7233333333333334,1.0,1.0,0.2725,0.0,0.20750000000000002,34200.0,15850.0,0.017226062168186028,0.023395161290322875,b50_lb3_k3_eps0p0025,False,0.05,q95,max_ssr,0.017226062168186028
stratified_size_rep081,stratified_size,81,b50_lb3_k3_eps0p0025,local_only_offline_aggregate,shot_proportional,300,60,5,0.005062595892450315,0.010804377224057422,0.01719525420246556,0.023395161290322875,0.7266666666666667,1.0,1.0,0.2725,0.0,0.20750000000000002,34200.0,15850.0,0.01719525420246556,0.023395161290322875,b50_lb3_k3_eps0p0025,False,0.05,q95,max_ssr,0.01719525420246556
stratified_size_rep081,stratified_size,81,b50_lb3_k3_eps0p0025,local_only_offline_aggregate,uniform,300,60,5,0.004979209783376478,0.010963783928293131,0.017218581480194096,0.023395161290322875,0.7233333333333334,1.0,1.0,0.2725,0.0,0.20750000000000002,34200.0,15850.0,0.017218581480194096,0.023395161290322875,b50_lb3_k3_eps0p0025,False,0.05,q95,max_ssr,0.017218581480194096
stratified_size_rep082,stratified_size,82,b50_lb3_k3_eps0p0025,aggregate_only_sync,confidence,300,60,5,0.006839942982456137,0.01362020147884612,0.019575820324922198,0.02325794573643404,0.5533333333333333,1.0,1.0,0.32625,0.0,0.32625,24350.0,13475.0,0.019575820324922198,0.02325794573643404,b50_lb3_k3_eps0p0025,False,0.05,q95,max_ssr,0.019575820324922198
stratified_size_rep082,stratified_size,82,b50_lb3_k3_eps0p0025,aggregate_only_sync,shot_proportional,300,60,5,0.006839942982456137,0.01362020147884612,0.019575820324922198,0.02325794573643404,0.5533333333333333,1.0,1.0,0.32625,0.0,0.32625,24350.0,13475.0,0.019575820324922198,0.02325794573643404,b50_lb3_k3_eps0p0025,False,0.05,q95,max_ssr,0.019575820324922198
stratified_size_rep082,stratified_size,82,b50_lb3_k3_eps0p0025,aggregate_only_sync,uniform,300,60,5,0.006839942982456137,0.01362020147884612,0.019575820324922198,0.02325794573643404,0.5533333333333333,1.0,1.0,0.32625,0.0,0.32625,24350.0,13475.0,0.019575820324922198,0.02325794573643404,b50_lb3_k3_eps0p0025,False,0.05,q95,max_ssr,0.019575820324922198
stratified_size_rep082,stratified_size,82,b50_lb3_k3_eps0p0025,hierarchical_local_aggregate,confidence,300,60,5,0.007076337278912709,0.013581061430796015,0.01906040287271328,0.022830540163994877,0.5733333333333334,1.0,1.0,0.32625,0.0,0.32625,23625.0,13475.0,0.01906040287271328,0.022830540163994877,b50_lb3_k3_eps0p0025,False,0.05,q95,max_ssr,0.01906040287271328
stratified_size_rep082,stratified_size,82,b50_lb3_k3_eps0p0025,hierarchical_local_aggregate,shot_proportional,300,60,5,0.007335214939447133,0.01362020147884612,0.0200696389880953,0.0243791461577096,0.5566666666666666,1.0,1.0,0.32625,0.0,0.32625,23625.0,13475.0,0.0200696389880953,0.0243791461577096,b50_lb3_k3_eps0p0025,False,0.05,q95,max_ssr,0.0200696389880953
stratified_size_rep082,stratified_size,82,b50_lb3_k3_eps0p0025,hierarchical_local_aggregate,uniform,300,60,5,0.007170884717998467,0.01362020147884612,0.020068730320260224,0.024283947937394024,0.5566666666666666,1.0,1.0,0.32625,0.0,0.32625,23625.0,13475.0,0.020068730320260224,0.024283947937394024,b50_lb3_k3_eps0p0025,False,0.05,q95,max_ssr,0.020068730320260224
stratified_size_rep082,stratified_size,82,b50_lb3_k3_eps0p0025,local_only_offline_aggregate,confidence,300,60,5,0.0016935842054330904,0.009076992827333106,0.016504192699188812,0.0227821428571429,0.7866666666666666,1.0,1.0,0.009166666666666656,0.0,0.0,39500.0,20000.0,0.016504192699188812,0.0227821428571429,b50_lb3_k3_eps0p0025,False,0.05,q95,max_ssr,0.016504192699188812
stratified_size_rep082,stratified_size,82,b50_lb3_k3_eps0p0025,local_only_offline_aggregate,shot_proportional,300,60,5,0.0015407038015218494,0.00929422422781247,0.016729270471775668,0.0227821428571429,0.79,1.0,1.0,0.009166666666666656,0.0,0.0,39500.0,20000.0,0.016729270471775668,0.0227821428571429,b50_lb3_k3_eps0p0025,False,0.05,q95,max_ssr,0.016729270471775668
stratified_size_rep082,stratified_size,82,b50_lb3_k3_eps0p0025,local_only_offline_aggregate,uniform,300,60,5,0.0015001908572961134,0.009079262526813101,0.016416822100793538,0.0227821428571429,0.79,1.0,1.0,0.009166666666666656,0.0,0.0,39500.0,20000.0,0.016416822100793538,0.0227821428571429,b50_lb3_k3_eps0p0025,False,0.05,q95,max_ssr,0.016416822100793538
stratified_size_rep083,stratified_size,83,b50_lb3_k3_eps0p0025,aggregate_only_sync,confidence,300,60,5,0.010540669732485762,0.014328474009264014,0.020586866760031977,0.023395161290322875,0.48333333333333334,1.0,1.0,0.50125,0.0,0.50125,21425.0,9975.0,0.020586866760031977,0.023395161290322875,b50_lb3_k3_eps0p0025,False,0.05,q95,max_ssr,0.020586866760031977
stratified_size_rep083,stratified_size,83,b50_lb3_k3_eps0p0025,aggregate_only_sync,shot_proportional,300,60,5,0.010540669732485762,0.014328474009264014,0.020586866760031977,0.023395161290322875,0.48333333333333334,1.0,1.0,0.50125,0.0,0.50125,21425.0,9975.0,0.020586866760031977,0.023395161290322875,b50_lb3_k3_eps0p0025,False,0.05,q95,max_ssr,0.020586866760031977
stratified_size_rep083,stratified_size,83,b50_lb3_k3_eps0p0025,aggregate_only_sync,uniform,300,60,5,0.010540669732485762,0.014328474009264014,0.020586866760031977,0.023395161290322875,0.48333333333333334,1.0,1.0,0.50125,0.0,0.50125,21425.0,9975.0,0.020586866760031977,0.023395161290322875,b50_lb3_k3_eps0p0025,False,0.05,q95,max_ssr,0.020586866760031977
stratified_size_rep083,stratified_size,83,b50_lb3_k3_eps0p0025,hierarchical_local_aggregate,confidence,300,60,5,0.010513933580255846,0.014369224980685326,0.020516172759754914,0.023395161290322875,0.49,1.0,1.0,0.5128125,0.0,0.509375,21000.0,9812.5,0.020516172759754914,0.023395161290322875,b50_lb3_k3_eps0p0025,False,0.05,q95,max_ssr,0.020516172759754914
stratified_size_rep083,stratified_size,83,b50_lb3_k3_eps0p0025,hierarchical_local_aggregate,shot_proportional,300,60,5,0.010693365705931449,0.014328474009264014,0.021052861255037112,0.0243791461577096,0.48333333333333334,1.0,1.0,0.5128125,0.0,0.509375,21000.0,9812.5,0.021052861255037112,0.0243791461577096,b50_lb3_k3_eps0p0025,False,0.05,q95,max_ssr,0.021052861255037112
stratified_size_rep083,stratified_size,83,b50_lb3_k3_eps0p0025,hierarchical_local_aggregate,uniform,300,60,5,0.010689015980125649,0.014328474009264014,0.02105046433200669,0.024283947937394024,0.48333333333333334,1.0,1.0,0.5128125,0.0,0.509375,21000.0,9812.5,0.02105046433200669,0.024283947937394024,b50_lb3_k3_eps0p0025,False,0.05,q95,max_ssr,0.02105046433200669
stratified_size_rep083,stratified_size,83,b50_lb3_k3_eps0p0025,local_only_offline_aggregate,confidence,300,60,5,0.005256043294029256,0.01109353818945094,0.01753312428789988,0.023395161290322875,0.72,1.0,1.0,0.2725,0.0,0.20750000000000002,31562.5,15850.0,0.01753312428789988,0.023395161290322875,b50_lb3_k3_eps0p0025,False,0.05,q95,max_ssr,0.01753312428789988
stratified_size_rep083,stratified_size,83,b50_lb3_k3_eps0p0025,local_only_offline_aggregate,shot_proportional,300,60,5,0.005138695545926732,0.011124357707509868,0.01723961767014212,0.023395161290322875,0.7233333333333334,1.0,1.0,0.2725,0.0,0.20750000000000002,31562.5,15850.0,0.01723961767014212,0.023395161290322875,b50_lb3_k3_eps0p0025,False,0.05,q95,max_ssr,0.01723961767014212
stratified_size_rep083,stratified_size,83,b50_lb3_k3_eps0p0025,local_only_offline_aggregate,uniform,300,60,5,0.005161591065757783,0.011124357707509868,0.0173864574108747,0.023395161290322875,0.72,1.0,1.0,0.2725,0.0,0.20750000000000002,31562.5,15850.0,0.0173864574108747,0.023395161290322875,b50_lb3_k3_eps0p0025,False,0.05,q95,max_ssr,0.0173864574108747
stratified_size_rep084,stratified_size,84,b50_lb3_k3_eps0p0025,aggregate_only_sync,confidence,300,60,5,0.010002443945348653,0.014277140713060514,0.020556119632220676,0.023395161290322875,0.5,1.0,1.0,0.479375,0.0,0.479375,22000.0,10412.5,0.020556119632220676,0.023395161290322875,b50_lb3_k3_eps0p0025,False,0.05,q95,max_ssr,0.020556119632220676
stratified_size_rep084,stratified_size,84,b50_lb3_k3_eps0p0025,aggregate_only_sync,shot_proportional,300,60,5,0.010002443945348653,0.014277140713060514,0.020556119632220676,0.023395161290322875,0.5,1.0,1.0,0.479375,0.0,0.479375,22000.0,10412.5,0.020556119632220676,0.023395161290322875,b50_lb3_k3_eps0p0025,False,0.05,q95,max_ssr,0.020556119632220676
stratified_size_rep084,stratified_size,84,b50_lb3_k3_eps0p0025,aggregate_only_sync,uniform,300,60,5,0.010002443945348653,0.014277140713060514,0.020556119632220676,0.023395161290322875,0.5,1.0,1.0,0.479375,0.0,0.479375,22000.0,10412.5,0.020556119632220676,0.023395161290322875,b50_lb3_k3_eps0p0025,False,0.05,q95,max_ssr,0.020556119632220676
stratified_size_rep084,stratified_size,84,b50_lb3_k3_eps0p0025,hierarchical_local_aggregate,confidence,300,60,5,0.009194938149520866,0.01418199880336471,0.020404099933087245,0.023395161290322875,0.5233333333333333,1.0,1.0,0.49,0.0,0.485,21850.0,10300.0,0.020404099933087245,0.023395161290322875,b50_lb3_k3_eps0p0025,False,0.05,q95,max_ssr,0.020404099933087245
stratified_size_rep084,stratified_size,84,b50_lb3_k3_eps0p0025,hierarchical_local_aggregate,shot_proportional,300,60,5,0.009851307212242713,0.014277140713060514,0.02097663515003319,0.0243791461577096,0.5033333333333333,1.0,1.0,0.49,0.0,0.485,21850.0,10300.0,0.02097663515003319,0.0243791461577096,b50_lb3_k3_eps0p0025,False,0.05,q95,max_ssr,0.02097663515003319
stratified_size_rep084,stratified_size,84,b50_lb3_k3_eps0p0025,hierarchical_local_aggregate,uniform,300,60,5,0.009791934177260264,0.014277140713060514,0.02097663515003319,0.024283947937394024,0.5033333333333333,1.0,1.0,0.49,0.0,0.485,21850.0,10300.0,0.02097663515003319,0.024283947937394024,b50_lb3_k3_eps0p0025,False,0.05,q95,max_ssr,0.02097663515003319
stratified_size_rep084,stratified_size,84,b50_lb3_k3_eps0p0025,local_only_offline_aggregate,confidence,300,60,5,0.004654148511641438,0.01046850763499529,0.017141297242627498,0.023395161290322875,0.7366666666666667,1.0,1.0,0.25749999999999995,0.0,0.15749999999999997,34287.5,16850.0,0.017141297242627498,0.023395161290322875,b50_lb3_k3_eps0p0025,False,0.05,q95,max_ssr,0.017141297242627498
stratified_size_rep084,stratified_size,84,b50_lb3_k3_eps0p0025,local_only_offline_aggregate,shot_proportional,300,60,5,0.004622314513452203,0.010292305561511225,0.017144011815717303,0.023395161290322875,0.74,1.0,1.0,0.25749999999999995,0.0,0.15749999999999997,34287.5,16850.0,0.017144011815717303,0.023395161290322875,b50_lb3_k3_eps0p0025,False,0.05,q95,max_ssr,0.017144011815717303
stratified_size_rep084,stratified_size,84,b50_lb3_k3_eps0p0025,local_only_offline_aggregate,uniform,300,60,5,0.00463514569341514,0.010525644314008199,0.017141297242627498,0.023395161290322875,0.7366666666666667,1.0,1.0,0.25749999999999995,0.0,0.15749999999999997,34287.5,16850.0,0.017141297242627498,0.023395161290322875,b50_lb3_k3_eps0p0025,False,0.05,q95,max_ssr,0.017141297242627498
stratified_size_rep085,stratified_size,85,b50_lb3_k3_eps0p0025,aggregate_only_sync,confidence,300,60,5,0.01039249999999994,0.014208947956577317,0.020557116976468236,0.023395161290322875,0.4766666666666667,1.0,1.0,0.476875,0.0,0.476875,21825.0,10462.5,0.020557116976468236,0.023395161290322875,b50_lb3_k3_eps0p0025,False,0.05,q95,max_ssr,0.020557116976468236
stratified_size_rep085,stratified_size,85,b50_lb3_k3_eps0p0025,aggregate_only_sync,shot_proportional,300,60,5,0.01039249999999994,0.014208947956577317,0.020557116976468236,0.023395161290322875,0.4766666666666667,1.0,1.0,0.476875,0.0,0.476875,21825.0,10462.5,0.020557116976468236,0.023395161290322875,b50_lb3_k3_eps0p0025,False,0.05,q95,max_ssr,0.020557116976468236
stratified_size_rep085,stratified_size,85,b50_lb3_k3_eps0p0025,aggregate_only_sync,uniform,300,60,5,0.01039249999999994,0.014208947956577317,0.020557116976468236,0.023395161290322875,0.4766666666666667,1.0,1.0,0.476875,0.0,0.476875,21825.0,10462.5,0.020557116976468236,0.023395161290322875,b50_lb3_k3_eps0p0025,False,0.05,q95,max_ssr,0.020557116976468236
stratified_size_rep085,stratified_size,85,b50_lb3_k3_eps0p0025,hierarchical_local_aggregate,confidence,300,60,5,0.010281137601380207,0.014083221265614098,0.020228161281212634,0.023395161290322875,0.49666666666666665,1.0,1.0,0.479375,0.0,0.479375,21350.0,10412.5,0.020228161281212634,0.023395161290322875,b50_lb3_k3_eps0p0025,False,0.05,q95,max_ssr,0.020228161281212634
stratified_size_rep085,stratified_size,85,b50_lb3_k3_eps0p0025,hierarchical_local_aggregate,shot_proportional,300,60,5,0.01050091068777315,0.014220663967079881,0.02097663515003319,0.0243791461577096,0.48,1.0,1.0,0.479375,0.0,0.479375,21350.0,10412.5,0.02097663515003319,0.0243791461577096,b50_lb3_k3_eps0p0025,False,0.05,q95,max_ssr,0.02097663515003319
stratified_size_rep085,stratified_size,85,b50_lb3_k3_eps0p0025,hierarchical_local_aggregate,uniform,300,60,5,0.01049748937943198,0.014206827110129005,0.02097663515003319,0.024283947937394024,0.48,1.0,1.0,0.479375,0.0,0.479375,21350.0,10412.5,0.02097663515003319,0.024283947937394024,b50_lb3_k3_eps0p0025,False,0.05,q95,max_ssr,0.02097663515003319
stratified_size_rep085,stratified_size,85,b50_lb3_k3_eps0p0025,local_only_offline_aggregate,confidence,300,60,5,0.005080651591686325,0.010390490952856914,0.017141297242627498,0.023395161290322875,0.74,1.0,1.0,0.25749999999999995,0.0,0.15749999999999997,34425.0,16850.0,0.017141297242627498,0.023395161290322875,b50_lb3_k3_eps0p0025,False,0.05,q95,max_ssr,0.017141297242627498
stratified_size_rep085,stratified_size,85,b50_lb3_k3_eps0p0025,local_only_offline_aggregate,shot_proportional,300,60,5,0.005151731399768801,0.010181704957128553,0.017144011815717303,0.023395161290322875,0.7433333333333333,1.0,1.0,0.25749999999999995,0.0,0.15749999999999997,34425.0,16850.0,0.017144011815717303,0.023395161290322875,b50_lb3_k3_eps0p0025,False,0.05,q95,max_ssr,0.017144011815717303
stratified_size_rep085,stratified_size,85,b50_lb3_k3_eps0p0025,local_only_offline_aggregate,uniform,300,60,5,0.005274757796511549,0.010356585068618338,0.017141297242627498,0.023395161290322875,0.74,1.0,1.0,0.25749999999999995,0.0,0.15749999999999997,34425.0,16850.0,0.017141297242627498,0.023395161290322875,b50_lb3_k3_eps0p0025,False,0.05,q95,max_ssr,0.017141297242627498
stratified_size_rep086,stratified_size,86,b50_lb3_k3_eps0p0025,aggregate_only_sync,confidence,300,60,5,0.009674142284918147,0.014022655330487707,0.020586866760031977,0.023395161290322875,0.51,1.0,1.0,0.42937499999999995,0.0,0.42937499999999995,22250.0,11412.5,0.020586866760031977,0.023395161290322875,b50_lb3_k3_eps0p0025,False,0.05,q95,max_ssr,0.020586866760031977
stratified_size_rep086,stratified_size,86,b50_lb3_k3_eps0p0025,aggregate_only_sync,shot_proportional,300,60,5,0.009674142284918147,0.014022655330487707,0.020586866760031977,0.023395161290322875,0.51,1.0,1.0,0.42937499999999995,0.0,0.42937499999999995,22250.0,11412.5,0.020586866760031977,0.023395161290322875,b50_lb3_k3_eps0p0025,False,0.05,q95,max_ssr,0.020586866760031977
stratified_size_rep086,stratified_size,86,b50_lb3_k3_eps0p0025,aggregate_only_sync,uniform,300,60,5,0.009674142284918147,0.014022655330487707,0.020586866760031977,0.023395161290322875,0.51,1.0,1.0,0.42937499999999995,0.0,0.42937499999999995,22250.0,11412.5,0.020586866760031977,0.023395161290322875,b50_lb3_k3_eps0p0025,False,0.05,q95,max_ssr,0.020586866760031977
stratified_size_rep086,stratified_size,86,b50_lb3_k3_eps0p0025,hierarchical_local_aggregate,confidence,300,60,5,0.009114868661870272,0.014019747623164575,0.02042689616373583,0.023395161290322875,0.5266666666666666,1.0,1.0,0.42937499999999995,0.0,0.42937499999999995,21975.0,11412.5,0.02042689616373583,0.023395161290322875,b50_lb3_k3_eps0p0025,False,0.05,q95,max_ssr,0.02042689616373583
stratified_size_rep086,stratified_size,86,b50_lb3_k3_eps0p0025,hierarchical_local_aggregate,shot_proportional,300,60,5,0.009725420003140178,0.014022655330487707,0.021052861255037112,0.0243791461577096,0.5133333333333333,1.0,1.0,0.42937499999999995,0.0,0.42937499999999995,21975.0,11412.5,0.021052861255037112,0.0243791461577096,b50_lb3_k3_eps0p0025,False,0.05,q95,max_ssr,0.021052861255037112
stratified_size_rep086,stratified_size,86,b50_lb3_k3_eps0p0025,hierarchical_local_aggregate,uniform,300,60,5,0.00969069538441877,0.014022655330487707,0.02105046433200669,0.024283947937394024,0.5133333333333333,1.0,1.0,0.42937499999999995,0.0,0.42937499999999995,21975.0,11412.5,0.02105046433200669,0.024283947937394024,b50_lb3_k3_eps0p0025,False,0.05,q95,max_ssr,0.02105046433200669
stratified_size_rep086,stratified_size,86,b50_lb3_k3_eps0p0025,local_only_offline_aggregate,confidence,300,60,5,0.004050288023835117,0.010125372165741303,0.01707882920206171,0.023395161290322875,0.7466666666666667,1.0,1.0,0.1121875,0.0,0.05624999999999997,36187.5,18875.0,0.01707882920206171,0.023395161290322875,b50_lb3_k3_eps0p0025,False,0.05,q95,max_ssr,0.01707882920206171
stratified_size_rep086,stratified_size,86,b50_lb3_k3_eps0p0025,local_only_offline_aggregate,shot_proportional,300,60,5,0.003820436363245089,0.009972379769749703,0.01713782059634551,0.023395161290322875,0.75,1.0,1.0,0.1121875,0.0,0.05624999999999997,36187.5,18875.0,0.01713782059634551,0.023395161290322875,b50_lb3_k3_eps0p0025,False,0.05,q95,max_ssr,0.01713782059634551
stratified_size_rep086,stratified_size,86,b50_lb3_k3_eps0p0025,local_only_offline_aggregate,uniform,300,60,5,0.0039040718444059573,0.010066318714210366,0.01705537048871507,0.023395161290322875,0.7466666666666667,1.0,1.0,0.1121875,0.0,0.05624999999999997,36187.5,18875.0,0.01705537048871507,0.023395161290322875,b50_lb3_k3_eps0p0025,False,0.05,q95,max_ssr,0.01705537048871507
stratified_size_rep087,stratified_size,87,b50_lb3_k3_eps0p0025,aggregate_only_sync,confidence,300,60,5,0.010002443945348653,0.014246261859222833,0.020556119632220676,0.023395161290322875,0.5,1.0,1.0,0.49875,0.0,0.49875,21050.0,10025.0,0.020556119632220676,0.023395161290322875,b50_lb3_k3_eps0p0025,False,0.05,q95,max_ssr,0.020556119632220676
stratified_size_rep087,stratified_size,87,b50_lb3_k3_eps0p0025,aggregate_only_sync,shot_proportional,300,60,5,0.010002443945348653,0.014246261859222833,0.020556119632220676,0.023395161290322875,0.5,1.0,1.0,0.49875,0.0,0.49875,21050.0,10025.0,0.020556119632220676,0.023395161290322875,b50_lb3_k3_eps0p0025,False,0.05,q95,max_ssr,0.020556119632220676
stratified_size_rep087,stratified_size,87,b50_lb3_k3_eps0p0025,aggregate_only_sync,uniform,300,60,5,0.010002443945348653,0.014246261859222833,0.020556119632220676,0.023395161290322875,0.5,1.0,1.0,0.49875,0.0,0.49875,21050.0,10025.0,0.020556119632220676,0.023395161290322875,b50_lb3_k3_eps0p0025,False,0.05,q95,max_ssr,0.020556119632220676
stratified_size_rep087,stratified_size,87,b50_lb3_k3_eps0p0025,hierarchical_local_aggregate,confidence,300,60,5,0.009278902212491086,0.014083221265614098,0.020404099933087245,0.023395161290322875,0.52,1.0,1.0,0.50625,0.0,0.504375,20875.0,9912.5,0.020404099933087245,0.023395161290322875,b50_lb3_k3_eps0p0025,False,0.05,q95,max_ssr,0.020404099933087245
stratified_size_rep087,stratified_size,87,b50_lb3_k3_eps0p0025,hierarchical_local_aggregate,shot_proportional,300,60,5,0.009896070975747191,0.014246576505602238,0.02087750470619005,0.0243791461577096,0.5033333333333333,1.0,1.0,0.50625,0.0,0.504375,20875.0,9912.5,0.02087750470619005,0.0243791461577096,b50_lb3_k3_eps0p0025,False,0.05,q95,max_ssr,0.02087750470619005
stratified_size_rep087,stratified_size,87,b50_lb3_k3_eps0p0025,hierarchical_local_aggregate,uniform,300,60,5,0.009868103195024111,0.014246261859222833,0.02087750470619005,0.024283947937394024,0.5033333333333333,1.0,1.0,0.50625,0.0,0.504375,20875.0,9912.5,0.02087750470619005,0.024283947937394024,b50_lb3_k3_eps0p0025,False,0.05,q95,max_ssr,0.02087750470619005
stratified_size_rep087,stratified_size,87,b50_lb3_k3_eps0p0025,local_only_offline_aggregate,confidence,300,60,5,0.005055772253308462,0.010817328764271335,0.017141297242627498,0.023395161290322875,0.7333333333333333,1.0,1.0,0.2725,0.0,0.20750000000000002,32450.0,15850.0,0.017141297242627498,0.023395161290322875,b50_lb3_k3_eps0p0025,False,0.05,q95,max_ssr,0.017141297242627498
stratified_size_rep087,stratified_size,87,b50_lb3_k3_eps0p0025,local_only_offline_aggregate,shot_proportional,300,60,5,0.005072834841203051,0.010545775766786378,0.017144011815717303,0.023395161290322875,0.7366666666666667,1.0,1.0,0.2725,0.0,0.20750000000000002,32450.0,15850.0,0.017144011815717303,0.023395161290322875,b50_lb3_k3_eps0p0025,False,0.05,q95,max_ssr,0.017144011815717303
stratified_size_rep087,stratified_size,87,b50_lb3_k3_eps0p0025,local_only_offline_aggregate,uniform,300,60,5,0.0050160667716009355,0.010681854805476797,0.017141297242627498,0.023395161290322875,0.7333333333333333,1.0,1.0,0.2725,0.0,0.20750000000000002,32450.0,15850.0,0.017141297242627498,0.023395161290322875,b50_lb3_k3_eps0p0025,False,0.05,q95,max_ssr,0.017141297242627498
stratified_size_rep088,stratified_size,88,b50_lb3_k3_eps0p0025,aggregate_only_sync,confidence,300,60,5,0.009695279370279383,0.014055179312181991,0.020491576508468976,0.023395161290322875,0.51,1.0,1.0,0.4725,0.0,0.4725,21925.0,10550.0,0.020491576508468976,0.023395161290322875,b50_lb3_k3_eps0p0025,False,0.05,q95,max_ssr,0.020491576508468976
stratified_size_rep088,stratified_size,88,b50_lb3_k3_eps0p0025,aggregate_only_sync,shot_proportional,300,60,5,0.009695279370279383,0.014055179312181991,0.020491576508468976,0.023395161290322875,0.51,1.0,1.0,0.4725,0.0,0.4725,21925.0,10550.0,0.020491576508468976,0.023395161290322875,b50_lb3_k3_eps0p0025,False,0.05,q95,max_ssr,0.020491576508468976
stratified_size_rep088,stratified_size,88,b50_lb3_k3_eps0p0025,aggregate_only_sync,uniform,300,60,5,0.009695279370279383,0.014055179312181991,0.020491576508468976,0.023395161290322875,0.51,1.0,1.0,0.4725,0.0,0.4725,21925.0,10550.0,0.020491576508468976,0.023395161290322875,b50_lb3_k3_eps0p0025,False,0.05,q95,max_ssr,0.020491576508468976
stratified_size_rep088,stratified_size,88,b50_lb3_k3_eps0p0025,hierarchical_local_aggregate,confidence,300,60,5,0.009194938149520866,0.014019747623164575,0.02022901446105305,0.023395161290322875,0.5266666666666666,1.0,1.0,0.476875,0.0,0.476875,21525.0,10462.5,0.02022901446105305,0.023395161290322875,b50_lb3_k3_eps0p0025,False,0.05,q95,max_ssr,0.02022901446105305
stratified_size_rep088,stratified_size,88,b50_lb3_k3_eps0p0025,hierarchical_local_aggregate,shot_proportional,300,60,5,0.009725420003140178,0.014074799453999377,0.020733815865383053,0.023395161290322875,0.5133333333333333,1.0,1.0,0.476875,0.0,0.476875,21525.0,10462.5,0.020733815865383053,0.023395161290322875,b50_lb3_k3_eps0p0025,False,0.05,q95,max_ssr,0.020733815865383053
stratified_size_rep088,stratified_size,88,b50_lb3_k3_eps0p0025,hierarchical_local_aggregate,uniform,300,60,5,0.00969069538441877,0.014055179312181991,0.020709801726608,0.023395161290322875,0.5133333333333333,1.0,1.0,0.476875,0.0,0.476875,21525.0,10462.5,0.020709801726608,0.023395161290322875,b50_lb3_k3_eps0p0025,False,0.05,q95,max_ssr,0.020709801726608
stratified_size_rep088,stratified_size,88,b50_lb3_k3_eps0p0025,local_only_offline_aggregate,confidence,300,60,5,0.004654148511641438,0.010005535654509613,0.016943281676255525,0.023395161290322875,0.75,1.0,1.0,0.25749999999999995,0.0,0.15749999999999997,34212.5,16850.0,0.016943281676255525,0.023395161290322875,b50_lb3_k3_eps0p0025,False,0.05,q95,max_ssr,0.016943281676255525
stratified_size_rep088,stratified_size,88,b50_lb3_k3_eps0p0025,local_only_offline_aggregate,shot_proportional,300,60,5,0.004622314513452203,0.009893617760358776,0.017140474248593635,0.023395161290322875,0.7533333333333333,1.0,1.0,0.25749999999999995,0.0,0.15749999999999997,34212.5,16850.0,0.017140474248593635,0.023395161290322875,b50_lb3_k3_eps0p0025,False,0.05,q95,max_ssr,0.017140474248593635
stratified_size_rep088,stratified_size,88,b50_lb3_k3_eps0p0025,local_only_offline_aggregate,uniform,300,60,5,0.00463514569341514,0.0100034309638106,0.016978081528686458,0.023395161290322875,0.75,1.0,1.0,0.25749999999999995,0.0,0.15749999999999997,34212.5,16850.0,0.016978081528686458,0.023395161290322875,b50_lb3_k3_eps0p0025,False,0.05,q95,max_ssr,0.016978081528686458
stratified_size_rep089,stratified_size,89,b50_lb3_k3_eps0p0025,aggregate_only_sync,confidence,300,60,5,0.00903918775649792,0.013820479425725375,0.020567917219328376,0.023395161290322875,0.5233333333333333,1.0,1.0,0.38875,0.0,0.38875,22800.0,12225.0,0.020567917219328376,0.023395161290322875,b50_lb3_k3_eps0p0025,False,0.05,q95,max_ssr,0.020567917219328376
stratified_size_rep089,stratified_size,89,b50_lb3_k3_eps0p0025,aggregate_only_sync,shot_proportional,300,60,5,0.00903918775649792,0.013820479425725375,0.020567917219328376,0.023395161290322875,0.5233333333333333,1.0,1.0,0.38875,0.0,0.38875,22800.0,12225.0,0.020567917219328376,0.023395161290322875,b50_lb3_k3_eps0p0025,False,0.05,q95,max_ssr,0.020567917219328376
stratified_size_rep089,stratified_size,89,b50_lb3_k3_eps0p0025,aggregate_only_sync,uniform,300,60,5,0.00903918775649792,0.013820479425725375,0.020567917219328376,0.023395161290322875,0.5233333333333333,1.0,1.0,0.38875,0.0,0.38875,22800.0,12225.0,0.020567917219328376,0.023395161290322875,b50_lb3_k3_eps0p0025,False,0.05,q95,max_ssr,0.020567917219328376
stratified_size_rep089,stratified_size,89,b50_lb3_k3_eps0p0025,hierarchical_local_aggregate,confidence,300,60,5,0.008290139966752414,0.013809852188264787,0.020404099933087245,0.023395161290322875,0.54,1.0,1.0,0.38875,0.0,0.38875,22300.0,12225.0,0.020404099933087245,0.023395161290322875,b50_lb3_k3_eps0p0025,False,0.05,q95,max_ssr,0.020404099933087245
stratified_size_rep089,stratified_size,89,b50_lb3_k3_eps0p0025,hierarchical_local_aggregate,shot_proportional,300,60,5,0.00913982124428716,0.013820479425725375,0.020820985643462686,0.0243791461577096,0.5266666666666666,1.0,1.0,0.38875,0.0,0.38875,22300.0,12225.0,0.020820985643462686,0.0243791461577096,b50_lb3_k3_eps0p0025,False,0.05,q95,max_ssr,0.020820985643462686
stratified_size_rep089,stratified_size,89,b50_lb3_k3_eps0p0025,hierarchical_local_aggregate,uniform,300,60,5,0.00903918775649792,0.013820479425725375,0.020736526159228868,0.024283947937394024,0.5266666666666666,1.0,1.0,0.38875,0.0,0.38875,22300.0,12225.0,0.020736526159228868,0.024283947937394024,b50_lb3_k3_eps0p0025,False,0.05,q95,max_ssr,0.020736526159228868
stratified_size_rep089,stratified_size,89,b50_lb3_k3_eps0p0025,local_only_offline_aggregate,confidence,300,60,5,0.003920133725114861,0.009845366115578645,0.01707882920206171,0.023395161290322875,0.7533333333333333,1.0,1.0,0.1096875,0.0,0.044999999999999984,36187.5,19100.0,0.01707882920206171,0.023395161290322875,b50_lb3_k3_eps0p0025,False,0.05,q95,max_ssr,0.01707882920206171
stratified_size_rep089,stratified_size,89,b50_lb3_k3_eps0p0025,local_only_offline_aggregate,shot_proportional,300,60,5,0.003820436363245089,0.00986820156328787,0.01713782059634551,0.023395161290322875,0.7566666666666667,1.0,1.0,0.1096875,0.0,0.044999999999999984,36187.5,19100.0,0.01713782059634551,0.023395161290322875,b50_lb3_k3_eps0p0025,False,0.05,q95,max_ssr,0.01713782059634551
stratified_size_rep089,stratified_size,89,b50_lb3_k3_eps0p0025,local_only_offline_aggregate,uniform,300,60,5,0.0037686142179534574,0.009742058757850326,0.01705537048871507,0.023395161290322875,0.7566666666666667,1.0,1.0,0.1096875,0.0,0.044999999999999984,36187.5,19100.0,0.01705537048871507,0.023395161290322875,b50_lb3_k3_eps0p0025,False,0.05,q95,max_ssr,0.01705537048871507
stratified_size_rep090,stratified_size,90,b50_lb3_k3_eps0p0025,aggregate_only_sync,confidence,300,60,5,0.010185333525014374,0.014246261859222833,0.020491576508468976,0.023395161290322875,0.49333333333333335,1.0,1.0,0.49250000000000005,0.0,0.49250000000000005,20625.0,10150.0,0.020491576508468976,0.023395161290322875,b50_lb3_k3_eps0p0025,False,0.05,q95,max_ssr,0.020491576508468976
stratified_size_rep090,stratified_size,90,b50_lb3_k3_eps0p0025,aggregate_only_sync,shot_proportional,300,60,5,0.010185333525014374,0.014246261859222833,0.020491576508468976,0.023395161290322875,0.49333333333333335,1.0,1.0,0.49250000000000005,0.0,0.49250000000000005,20625.0,10150.0,0.020491576508468976,0.023395161290322875,b50_lb3_k3_eps0p0025,False,0.05,q95,max_ssr,0.020491576508468976
stratified_size_rep090,stratified_size,90,b50_lb3_k3_eps0p0025,aggregate_only_sync,uniform,300,60,5,0.010185333525014374,0.014246261859222833,0.020491576508468976,0.023395161290322875,0.49333333333333335,1.0,1.0,0.49250000000000005,0.0,0.49250000000000005,20625.0,10150.0,0.020491576508468976,0.023395161290322875,b50_lb3_k3_eps0p0025,False,0.05,q95,max_ssr,0.020491576508468976
stratified_size_rep090,stratified_size,90,b50_lb3_k3_eps0p0025,hierarchical_local_aggregate,confidence,300,60,5,0.0095044468012522,0.014121350155854948,0.020404099933087245,0.023395161290322875,0.5133333333333333,1.0,1.0,0.50625,0.0,0.504375,20625.0,9912.5,0.020404099933087245,0.023395161290322875,b50_lb3_k3_eps0p0025,False,0.05,q95,max_ssr,0.020404099933087245
stratified_size_rep090,stratified_size,90,b50_lb3_k3_eps0p0025,hierarchical_local_aggregate,shot_proportional,300,60,5,0.010117199203403827,0.014246576505602238,0.020733815865383053,0.023395161290322875,0.49666666666666665,1.0,1.0,0.50625,0.0,0.504375,20625.0,9912.5,0.020733815865383053,0.023395161290322875,b50_lb3_k3_eps0p0025,False,0.05,q95,max_ssr,0.020733815865383053
stratified_size_rep090,stratified_size,90,b50_lb3_k3_eps0p0025,hierarchical_local_aggregate,uniform,300,60,5,0.010052223130041556,0.014246261859222833,0.020709801726608,0.023395161290322875,0.49666666666666665,1.0,1.0,0.50625,0.0,0.504375,20625.0,9912.5,0.020709801726608,0.023395161290322875,b50_lb3_k3_eps0p0025,False,0.05,q95,max_ssr,0.020709801726608
stratified_size_rep090,stratified_size,90,b50_lb3_k3_eps0p0025,local_only_offline_aggregate,confidence,300,60,5,0.004887766797304266,0.010681865560836014,0.017226062168186028,0.023395161290322875,0.7366666666666667,1.0,1.0,0.2725,0.0,0.20750000000000002,31562.5,15850.0,0.017226062168186028,0.023395161290322875,b50_lb3_k3_eps0p0025,False,0.05,q95,max_ssr,0.017226062168186028
stratified_size_rep090,stratified_size,90,b50_lb3_k3_eps0p0025,local_only_offline_aggregate,shot_proportional,300,60,5,0.005057245991006267,0.010492835397421478,0.01719525420246556,0.023395161290322875,0.74,1.0,1.0,0.2725,0.0,0.20750000000000002,31562.5,15850.0,0.01719525420246556,0.023395161290322875,b50_lb3_k3_eps0p0025,False,0.05,q95,max_ssr,0.01719525420246556
stratified_size_rep090,stratified_size,90,b50_lb3_k3_eps0p0025,local_only_offline_aggregate,uniform,300,60,5,0.0049016329392907575,0.010639721657590587,0.017218581480194096,0.023395161290322875,0.7366666666666667,1.0,1.0,0.2725,0.0,0.20750000000000002,31562.5,15850.0,0.017218581480194096,0.023395161290322875,b50_lb3_k3_eps0p0025,False,0.05,q95,max_ssr,0.017218581480194096
stratified_size_rep091,stratified_size,91,b50_lb3_k3_eps0p0025,aggregate_only_sync,confidence,300,60,5,0.008439556589644823,0.01380819915254237,0.020391384796795156,0.023395161290322875,0.53,1.0,1.0,0.38875,0.0,0.38875,22375.0,12225.0,0.020391384796795156,0.023395161290322875,b50_lb3_k3_eps0p0025,False,0.05,q95,max_ssr,0.020391384796795156
stratified_size_rep091,stratified_size,91,b50_lb3_k3_eps0p0025,aggregate_only_sync,shot_proportional,300,60,5,0.008439556589644823,0.01380819915254237,0.020391384796795156,0.023395161290322875,0.53,1.0,1.0,0.38875,0.0,0.38875,22375.0,12225.0,0.020391384796795156,0.023395161290322875,b50_lb3_k3_eps0p0025,False,0.05,q95,max_ssr,0.020391384796795156
stratified_size_rep091,stratified_size,91,b50_lb3_k3_eps0p0025,aggregate_only_sync,uniform,300,60,5,0.008439556589644823,0.01380819915254237,0.020391384796795156,0.023395161290322875,0.53,1.0,1.0,0.38875,0.0,0.38875,22375.0,12225.0,0.020391384796795156,0.023395161290322875,b50_lb3_k3_eps0p0025,False,0.05,q95,max_ssr,0.020391384796795156
stratified_size_rep091,stratified_size,91,b50_lb3_k3_eps0p0025,hierarchical_local_aggregate,confidence,300,60,5,0.007909685999393071,0.013719626501346708,0.01969803925776046,0.023395161290322875,0.5466666666666666,1.0,1.0,0.38875,0.0,0.38875,22125.0,12225.0,0.01969803925776046,0.023395161290322875,b50_lb3_k3_eps0p0025,False,0.05,q95,max_ssr,0.01969803925776046
stratified_size_rep091,stratified_size,91,b50_lb3_k3_eps0p0025,hierarchical_local_aggregate,shot_proportional,300,60,5,0.008835963212294285,0.01380819915254237,0.020446355059523854,0.0243791461577096,0.5333333333333333,1.0,1.0,0.38875,0.0,0.38875,22125.0,12225.0,0.020446355059523854,0.0243791461577096,b50_lb3_k3_eps0p0025,False,0.05,q95,max_ssr,0.020446355059523854
stratified_size_rep091,stratified_size,91,b50_lb3_k3_eps0p0025,hierarchical_local_aggregate,uniform,300,60,5,0.008753962796031708,0.01380819915254237,0.020429090370657432,0.024283947937394024,0.5333333333333333,1.0,1.0,0.38875,0.0,0.38875,22125.0,12225.0,0.020429090370657432,0.024283947937394024,b50_lb3_k3_eps0p0025,False,0.05,q95,max_ssr,0.020429090370657432
stratified_size_rep091,stratified_size,91,b50_lb3_k3_eps0p0025,local_only_offline_aggregate,confidence,300,60,5,0.003201872882596834,0.0095354412754403,0.016940186665384976,0.023395161290322875,0.77,1.0,1.0,0.05291666666666667,0.0,0.0024999999999999467,36537.5,19950.0,0.016940186665384976,0.023395161290322875,b50_lb3_k3_eps0p0025,False,0.05,q95,max_ssr,0.016940186665384976
stratified_size_rep091,stratified_size,91,b50_lb3_k3_eps0p0025,local_only_offline_aggregate,shot_proportional,300,60,5,0.0029089347994540426,0.009709172846446047,0.01703911087979647,0.023395161290322875,0.7733333333333333,1.0,1.0,0.05291666666666667,0.0,0.0024999999999999467,36537.5,19950.0,0.01703911087979647,0.023395161290322875,b50_lb3_k3_eps0p0025,False,0.05,q95,max_ssr,0.01703911087979647
stratified_size_rep091,stratified_size,91,b50_lb3_k3_eps0p0025,local_only_offline_aggregate,uniform,300,60,5,0.003065330607022753,0.009376457706996329,0.0169737518486924,0.023395161290322875,0.7733333333333333,1.0,1.0,0.05291666666666667,0.0,0.0024999999999999467,36537.5,19950.0,0.0169737518486924,0.023395161290322875,b50_lb3_k3_eps0p0025,False,0.05,q95,max_ssr,0.0169737518486924
stratified_size_rep092,stratified_size,92,b50_lb3_k3_eps0p0025,aggregate_only_sync,confidence,300,60,5,0.009695279370279383,0.01387882582042869,0.020516368725868806,0.023395161290322875,0.51,1.0,1.0,0.46062499999999995,0.0,0.46062499999999995,21975.0,10787.5,0.020516368725868806,0.023395161290322875,b50_lb3_k3_eps0p0025,False,0.05,q95,max_ssr,0.020516368725868806
stratified_size_rep092,stratified_size,92,b50_lb3_k3_eps0p0025,aggregate_only_sync,shot_proportional,300,60,5,0.009695279370279383,0.01387882582042869,0.020516368725868806,0.023395161290322875,0.51,1.0,1.0,0.46062499999999995,0.0,0.46062499999999995,21975.0,10787.5,0.020516368725868806,0.023395161290322875,b50_lb3_k3_eps0p0025,False,0.05,q95,max_ssr,0.020516368725868806
stratified_size_rep092,stratified_size,92,b50_lb3_k3_eps0p0025,aggregate_only_sync,uniform,300,60,5,0.009695279370279383,0.01387882582042869,0.020516368725868806,0.023395161290322875,0.51,1.0,1.0,0.46062499999999995,0.0,0.46062499999999995,21975.0,10787.5,0.020516368725868806,0.023395161290322875,b50_lb3_k3_eps0p0025,False,0.05,q95,max_ssr,0.020516368725868806
stratified_size_rep092,stratified_size,92,b50_lb3_k3_eps0p0025,hierarchical_local_aggregate,confidence,300,60,5,0.009417479084754639,0.01383367855262103,0.020058447312818493,0.023395161290322875,0.5166666666666667,1.0,1.0,0.466875,0.0,0.466875,21675.0,10662.5,0.020058447312818493,0.023395161290322875,b50_lb3_k3_eps0p0025,False,0.05,q95,max_ssr,0.020058447312818493
stratified_size_rep092,stratified_size,92,b50_lb3_k3_eps0p0025,hierarchical_local_aggregate,shot_proportional,300,60,5,0.009725420003140178,0.01387882582042869,0.0206214319205899,0.0243791461577096,0.51,1.0,1.0,0.466875,0.0,0.466875,21675.0,10662.5,0.0206214319205899,0.0243791461577096,b50_lb3_k3_eps0p0025,False,0.05,q95,max_ssr,0.0206214319205899
stratified_size_rep092,stratified_size,92,b50_lb3_k3_eps0p0025,hierarchical_local_aggregate,uniform,300,60,5,0.009702308322308272,0.01387882582042869,0.02061944747713804,0.024283947937394024,0.51,1.0,1.0,0.466875,0.0,0.466875,21675.0,10662.5,0.02061944747713804,0.024283947937394024,b50_lb3_k3_eps0p0025,False,0.05,q95,max_ssr,0.02061944747713804
stratified_size_rep092,stratified_size,92,b50_lb3_k3_eps0p0025,local_only_offline_aggregate,confidence,300,60,5,0.004231983923640383,0.009845366115578645,0.017226062168186028,0.023395161290322875,0.7533333333333333,1.0,1.0,0.20281249999999998,0.0,0.15499999999999997,34525.0,16900.0,0.017226062168186028,0.023395161290322875,b50_lb3_k3_eps0p0025,False,0.05,q95,max_ssr,0.017226062168186028
stratified_size_rep092,stratified_size,92,b50_lb3_k3_eps0p0025,local_only_offline_aggregate,shot_proportional,300,60,5,0.004283498752544866,0.009893617760358776,0.01719525420246556,0.023395161290322875,0.7533333333333333,1.0,1.0,0.20281249999999998,0.0,0.15499999999999997,34525.0,16900.0,0.01719525420246556,0.023395161290322875,b50_lb3_k3_eps0p0025,False,0.05,q95,max_ssr,0.01719525420246556
stratified_size_rep092,stratified_size,92,b50_lb3_k3_eps0p0025,local_only_offline_aggregate,uniform,300,60,5,0.0042603383325525435,0.009799609987725276,0.017218581480194096,0.023395161290322875,0.7533333333333333,1.0,1.0,0.20281249999999998,0.0,0.15499999999999997,34525.0,16900.0,0.017218581480194096,0.023395161290322875,b50_lb3_k3_eps0p0025,False,0.05,q95,max_ssr,0.017218581480194096
stratified_size_rep093,stratified_size,93,b50_lb3_k3_eps0p0025,aggregate_only_sync,confidence,300,60,5,0.009423654326772911,0.013744007924458198,0.020089158048369762,0.0227821428571429,0.5166666666666667,1.0,1.0,0.44562499999999994,0.0,0.44562499999999994,21050.0,11087.5,0.020089158048369762,0.0227821428571429,b50_lb3_k3_eps0p0025,False,0.05,q95,max_ssr,0.020089158048369762
stratified_size_rep093,stratified_size,93,b50_lb3_k3_eps0p0025,aggregate_only_sync,shot_proportional,300,60,5,0.009423654326772911,0.013744007924458198,0.020089158048369762,0.0227821428571429,0.5166666666666667,1.0,1.0,0.44562499999999994,0.0,0.44562499999999994,21050.0,11087.5,0.020089158048369762,0.0227821428571429,b50_lb3_k3_eps0p0025,False,0.05,q95,max_ssr,0.020089158048369762
stratified_size_rep093,stratified_size,93,b50_lb3_k3_eps0p0025,aggregate_only_sync,uniform,300,60,5,0.009423654326772911,0.013744007924458198,0.020089158048369762,0.0227821428571429,0.5166666666666667,1.0,1.0,0.44562499999999994,0.0,0.44562499999999994,21050.0,11087.5,0.020089158048369762,0.0227821428571429,b50_lb3_k3_eps0p0025,False,0.05,q95,max_ssr,0.020089158048369762
stratified_size_rep093,stratified_size,93,b50_lb3_k3_eps0p0025,hierarchical_local_aggregate,confidence,300,60,5,0.008649189273998069,0.013636569516899748,0.019427911391992802,0.0227821428571429,0.5366666666666666,1.0,1.0,0.44562499999999994,0.0,0.44562499999999994,20975.0,11087.5,0.019427911391992802,0.0227821428571429,b50_lb3_k3_eps0p0025,False,0.05,q95,max_ssr,0.019427911391992802
stratified_size_rep093,stratified_size,93,b50_lb3_k3_eps0p0025,hierarchical_local_aggregate,shot_proportional,300,60,5,0.009485975053120361,0.013744007924458198,0.02040522340367973,0.02287320705610179,0.52,1.0,1.0,0.44562499999999994,0.0,0.44562499999999994,20975.0,11087.5,0.02040522340367973,0.02287320705610179,b50_lb3_k3_eps0p0025,False,0.05,q95,max_ssr,0.02040522340367973
stratified_size_rep093,stratified_size,93,b50_lb3_k3_eps0p0025,hierarchical_local_aggregate,uniform,300,60,5,0.009446902432833543,0.013744007924458198,0.020404314735844652,0.02287320705610179,0.52,1.0,1.0,0.44562499999999994,0.0,0.44562499999999994,20975.0,11087.5,0.020404314735844652,0.02287320705610179,b50_lb3_k3_eps0p0025,False,0.05,q95,max_ssr,0.020404314735844652
stratified_size_rep093,stratified_size,93,b50_lb3_k3_eps0p0025,local_only_offline_aggregate,confidence,300,60,5,0.004366685523077887,0.009760510736788571,0.016749590053763447,0.0227821428571429,0.76,1.0,1.0,0.14812499999999998,0.0,0.09499999999999997,33587.5,18100.0,0.016749590053763447,0.0227821428571429,b50_lb3_k3_eps0p0025,False,0.05,q95,max_ssr,0.016749590053763447
stratified_size_rep093,stratified_size,93,b50_lb3_k3_eps0p0025,local_only_offline_aggregate,shot_proportional,300,60,5,0.004503344470914432,0.00980398217253621,0.016751562350834488,0.0227821428571429,0.7633333333333333,1.0,1.0,0.14812499999999998,0.0,0.09499999999999997,33587.5,18100.0,0.016751562350834488,0.0227821428571429,b50_lb3_k3_eps0p0025,False,0.05,q95,max_ssr,0.016751562350834488
stratified_size_rep093,stratified_size,93,b50_lb3_k3_eps0p0025,local_only_offline_aggregate,uniform,300,60,5,0.004370183402278538,0.009726759500867408,0.016749590053763447,0.0227821428571429,0.76,1.0,1.0,0.14812499999999998,0.0,0.09499999999999997,33587.5,18100.0,0.016749590053763447,0.0227821428571429,b50_lb3_k3_eps0p0025,False,0.05,q95,max_ssr,0.016749590053763447
stratified_size_rep094,stratified_size,94,b50_lb3_k3_eps0p0025,aggregate_only_sync,confidence,300,60,5,0.01011312698602522,0.014204871490716505,0.020586866760031977,0.023395161290322875,0.49666666666666665,1.0,1.0,0.450625,0.0,0.450625,21975.0,10987.5,0.020586866760031977,0.023395161290322875,b50_lb3_k3_eps0p0025,False,0.05,q95,max_ssr,0.020586866760031977
stratified_size_rep094,stratified_size,94,b50_lb3_k3_eps0p0025,aggregate_only_sync,shot_proportional,300,60,5,0.01011312698602522,0.014204871490716505,0.020586866760031977,0.023395161290322875,0.49666666666666665,1.0,1.0,0.450625,0.0,0.450625,21975.0,10987.5,0.020586866760031977,0.023395161290322875,b50_lb3_k3_eps0p0025,False,0.05,q95,max_ssr,0.020586866760031977
stratified_size_rep094,stratified_size,94,b50_lb3_k3_eps0p0025,aggregate_only_sync,uniform,300,60,5,0.01011312698602522,0.014204871490716505,0.020586866760031977,0.023395161290322875,0.49666666666666665,1.0,1.0,0.450625,0.0,0.450625,21975.0,10987.5,0.020586866760031977,0.023395161290322875,b50_lb3_k3_eps0p0025,False,0.05,q95,max_ssr,0.020586866760031977
stratified_size_rep094,stratified_size,94,b50_lb3_k3_eps0p0025,hierarchical_local_aggregate,confidence,300,60,5,0.009417479084754639,0.014055580408710144,0.02042689616373583,0.023395161290322875,0.5166666666666667,1.0,1.0,0.4575,0.0,0.4575,21675.0,10850.0,0.02042689616373583,0.023395161290322875,b50_lb3_k3_eps0p0025,False,0.05,q95,max_ssr,0.02042689616373583
stratified_size_rep094,stratified_size,94,b50_lb3_k3_eps0p0025,hierarchical_local_aggregate,shot_proportional,300,60,5,0.009986673497653115,0.014206827110129005,0.021052861255037112,0.0243791461577096,0.5,1.0,1.0,0.4575,0.0,0.4575,21675.0,10850.0,0.021052861255037112,0.0243791461577096,b50_lb3_k3_eps0p0025,False,0.05,q95,max_ssr,0.021052861255037112
stratified_size_rep094,stratified_size,94,b50_lb3_k3_eps0p0025,hierarchical_local_aggregate,uniform,300,60,5,0.009958705716930036,0.014193895037471524,0.02105046433200669,0.024283947937394024,0.5,1.0,1.0,0.4575,0.0,0.4575,21675.0,10850.0,0.02105046433200669,0.024283947937394024,b50_lb3_k3_eps0p0025,False,0.05,q95,max_ssr,0.02105046433200669
stratified_size_rep094,stratified_size,94,b50_lb3_k3_eps0p0025,local_only_offline_aggregate,confidence,300,60,5,0.00453264181300585,0.010390490952856914,0.017141297242627498,0.023395161290322875,0.74,1.0,1.0,0.25749999999999995,0.0,0.15749999999999997,34600.0,16850.0,0.017141297242627498,0.023395161290322875,b50_lb3_k3_eps0p0025,False,0.05,q95,max_ssr,0.017141297242627498
stratified_size_rep094,stratified_size,94,b50_lb3_k3_eps0p0025,local_only_offline_aggregate,shot_proportional,300,60,5,0.004534978063024321,0.010181704957128553,0.017144011815717303,0.023395161290322875,0.7433333333333333,1.0,1.0,0.25749999999999995,0.0,0.15749999999999997,34600.0,16850.0,0.017144011815717303,0.023395161290322875,b50_lb3_k3_eps0p0025,False,0.05,q95,max_ssr,0.017144011815717303
stratified_size_rep094,stratified_size,94,b50_lb3_k3_eps0p0025,local_only_offline_aggregate,uniform,300,60,5,0.004573693670733644,0.010356585068618338,0.017141297242627498,0.023395161290322875,0.74,1.0,1.0,0.25749999999999995,0.0,0.15749999999999997,34600.0,16850.0,0.017141297242627498,0.023395161290322875,b50_lb3_k3_eps0p0025,False,0.05,q95,max_ssr,0.017141297242627498
stratified_size_rep095,stratified_size,95,b50_lb3_k3_eps0p0025,aggregate_only_sync,confidence,300,60,5,0.010260257887274013,0.014328474009264014,0.020586866760031977,0.023395161290322875,0.4866666666666667,1.0,1.0,0.50125,0.0,0.50125,21825.0,9975.0,0.020586866760031977,0.023395161290322875,b50_lb3_k3_eps0p0025,False,0.05,q95,max_ssr,0.020586866760031977
stratified_size_rep095,stratified_size,95,b50_lb3_k3_eps0p0025,aggregate_only_sync,shot_proportional,300,60,5,0.010260257887274013,0.014328474009264014,0.020586866760031977,0.023395161290322875,0.4866666666666667,1.0,1.0,0.50125,0.0,0.50125,21825.0,9975.0,0.020586866760031977,0.023395161290322875,b50_lb3_k3_eps0p0025,False,0.05,q95,max_ssr,0.020586866760031977
stratified_size_rep095,stratified_size,95,b50_lb3_k3_eps0p0025,aggregate_only_sync,uniform,300,60,5,0.010260257887274013,0.014328474009264014,0.020586866760031977,0.023395161290322875,0.4866666666666667,1.0,1.0,0.50125,0.0,0.50125,21825.0,9975.0,0.020586866760031977,0.023395161290322875,b50_lb3_k3_eps0p0025,False,0.05,q95,max_ssr,0.020586866760031977
stratified_size_rep095,stratified_size,95,b50_lb3_k3_eps0p0025,hierarchical_local_aggregate,confidence,300,60,5,0.009690665272926217,0.014369224980685326,0.020516172759754914,0.023395161290322875,0.5066666666666667,1.0,1.0,0.5128125,0.0,0.509375,21350.0,9812.5,0.020516172759754914,0.023395161290322875,b50_lb3_k3_eps0p0025,False,0.05,q95,max_ssr,0.020516172759754914
stratified_size_rep095,stratified_size,95,b50_lb3_k3_eps0p0025,hierarchical_local_aggregate,shot_proportional,300,60,5,0.010360384615384605,0.014328474009264014,0.021052861255037112,0.0243791461577096,0.49,1.0,1.0,0.5128125,0.0,0.509375,21350.0,9812.5,0.021052861255037112,0.0243791461577096,b50_lb3_k3_eps0p0025,False,0.05,q95,max_ssr,0.021052861255037112
stratified_size_rep095,stratified_size,95,b50_lb3_k3_eps0p0025,hierarchical_local_aggregate,uniform,300,60,5,0.010360384615384605,0.014328474009264014,0.02105046433200669,0.024283947937394024,0.49,1.0,1.0,0.5128125,0.0,0.509375,21350.0,9812.5,0.02105046433200669,0.024283947937394024,b50_lb3_k3_eps0p0025,False,0.05,q95,max_ssr,0.02105046433200669
stratified_size_rep095,stratified_size,95,b50_lb3_k3_eps0p0025,local_only_offline_aggregate,confidence,300,60,5,0.005055772253308462,0.01109353818945094,0.01753312428789988,0.023395161290322875,0.7233333333333334,1.0,1.0,0.2725,0.0,0.20750000000000002,33575.0,15850.0,0.01753312428789988,0.023395161290322875,b50_lb3_k3_eps0p0025,False,0.05,q95,max_ssr,0.01753312428789988
stratified_size_rep095,stratified_size,95,b50_lb3_k3_eps0p0025,local_only_offline_aggregate,shot_proportional,300,60,5,0.005072834841203051,0.011124357707509868,0.01723961767014212,0.023395161290322875,0.7233333333333334,1.0,1.0,0.2725,0.0,0.20750000000000002,33575.0,15850.0,0.01723961767014212,0.023395161290322875,b50_lb3_k3_eps0p0025,False,0.05,q95,max_ssr,0.01723961767014212
stratified_size_rep095,stratified_size,95,b50_lb3_k3_eps0p0025,local_only_offline_aggregate,uniform,300,60,5,0.0050160667716009355,0.011124357707509868,0.0173864574108747,0.023395161290322875,0.72,1.0,1.0,0.2725,0.0,0.20750000000000002,33575.0,15850.0,0.0173864574108747,0.023395161290322875,b50_lb3_k3_eps0p0025,False,0.05,q95,max_ssr,0.0173864574108747
stratified_size_rep096,stratified_size,96,b50_lb3_k3_eps0p0025,aggregate_only_sync,confidence,300,60,5,0.009695279370279383,0.014204871490716505,0.020586866760031977,0.023395161290322875,0.5066666666666667,1.0,1.0,0.458125,0.0,0.458125,21675.0,10837.5,0.020586866760031977,0.023395161290322875,b50_lb3_k3_eps0p0025,False,0.05,q95,max_ssr,0.020586866760031977
stratified_size_rep096,stratified_size,96,b50_lb3_k3_eps0p0025,aggregate_only_sync,shot_proportional,300,60,5,0.009695279370279383,0.014204871490716505,0.020586866760031977,0.023395161290322875,0.5066666666666667,1.0,1.0,0.458125,0.0,0.458125,21675.0,10837.5,0.020586866760031977,0.023395161290322875,b50_lb3_k3_eps0p0025,False,0.05,q95,max_ssr,0.020586866760031977
stratified_size_rep096,stratified_size,96,b50_lb3_k3_eps0p0025,aggregate_only_sync,uniform,300,60,5,0.009695279370279383,0.014204871490716505,0.020586866760031977,0.023395161290322875,0.5066666666666667,1.0,1.0,0.458125,0.0,0.458125,21675.0,10837.5,0.020586866760031977,0.023395161290322875,b50_lb3_k3_eps0p0025,False,0.05,q95,max_ssr,0.020586866760031977
stratified_size_rep096,stratified_size,96,b50_lb3_k3_eps0p0025,hierarchical_local_aggregate,confidence,300,60,5,0.009114868661870272,0.014055580408710144,0.020516172759754914,0.023395161290322875,0.53,1.0,1.0,0.469375,0.0,0.469375,21275.0,10612.5,0.020516172759754914,0.023395161290322875,b50_lb3_k3_eps0p0025,False,0.05,q95,max_ssr,0.020516172759754914
stratified_size_rep096,stratified_size,96,b50_lb3_k3_eps0p0025,hierarchical_local_aggregate,shot_proportional,300,60,5,0.009725420003140178,0.014206827110129005,0.021052861255037112,0.0243791461577096,0.51,1.0,1.0,0.469375,0.0,0.469375,21275.0,10612.5,0.021052861255037112,0.0243791461577096,b50_lb3_k3_eps0p0025,False,0.05,q95,max_ssr,0.021052861255037112
stratified_size_rep096,stratified_size,96,b50_lb3_k3_eps0p0025,hierarchical_local_aggregate,uniform,300,60,5,0.00969069538441877,0.014193895037471524,0.02105046433200669,0.024283947937394024,0.51,1.0,1.0,0.469375,0.0,0.469375,21275.0,10612.5,0.02105046433200669,0.024283947937394024,b50_lb3_k3_eps0p0025,False,0.05,q95,max_ssr,0.02105046433200669
stratified_size_rep096,stratified_size,96,b50_lb3_k3_eps0p0025,local_only_offline_aggregate,confidence,300,60,5,0.004731938919194351,0.010125372165741303,0.01707882920206171,0.023395161290322875,0.7466666666666667,1.0,1.0,0.25749999999999995,0.0,0.15749999999999997,33587.5,16850.0,0.01707882920206171,0.023395161290322875,b50_lb3_k3_eps0p0025,False,0.05,q95,max_ssr,0.01707882920206171
stratified_size_rep096,stratified_size,96,b50_lb3_k3_eps0p0025,local_only_offline_aggregate,shot_proportional,300,60,5,0.004770301605291745,0.009972379769749703,0.01703911087979647,0.023395161290322875,0.75,1.0,1.0,0.25749999999999995,0.0,0.15749999999999997,33587.5,16850.0,0.01703911087979647,0.023395161290322875,b50_lb3_k3_eps0p0025,False,0.05,q95,max_ssr,0.01703911087979647
stratified_size_rep096,stratified_size,96,b50_lb3_k3_eps0p0025,local_only_offline_aggregate,uniform,300,60,5,0.004733362316670353,0.010066318714210366,0.01705537048871507,0.023395161290322875,0.7466666666666667,1.0,1.0,0.25749999999999995,0.0,0.15749999999999997,33587.5,16850.0,0.01705537048871507,0.023395161290322875,b50_lb3_k3_eps0p0025,False,0.05,q95,max_ssr,0.01705537048871507
stratified_size_rep097,stratified_size,97,b50_lb3_k3_eps0p0025,aggregate_only_sync,confidence,300,60,5,0.010540669732485762,0.014294902136196054,0.020556119632220676,0.023395161290322875,0.4666666666666667,1.0,1.0,0.49875,0.0,0.49875,21925.0,10025.0,0.020556119632220676,0.023395161290322875,b50_lb3_k3_eps0p0025,False,0.05,q95,max_ssr,0.020556119632220676
stratified_size_rep097,stratified_size,97,b50_lb3_k3_eps0p0025,aggregate_only_sync,shot_proportional,300,60,5,0.010540669732485762,0.014294902136196054,0.020556119632220676,0.023395161290322875,0.4666666666666667,1.0,1.0,0.49875,0.0,0.49875,21925.0,10025.0,0.020556119632220676,0.023395161290322875,b50_lb3_k3_eps0p0025,False,0.05,q95,max_ssr,0.020556119632220676
stratified_size_rep097,stratified_size,97,b50_lb3_k3_eps0p0025,aggregate_only_sync,uniform,300,60,5,0.010540669732485762,0.014294902136196054,0.020556119632220676,0.023395161290322875,0.4666666666666667,1.0,1.0,0.49875,0.0,0.49875,21925.0,10025.0,0.020556119632220676,0.023395161290322875,b50_lb3_k3_eps0p0025,False,0.05,q95,max_ssr,0.020556119632220676
stratified_size_rep097,stratified_size,97,b50_lb3_k3_eps0p0025,hierarchical_local_aggregate,confidence,300,60,5,0.010513933580255846,0.014306050098855704,0.020404099933087245,0.023395161290322875,0.49,1.0,1.0,0.5128125,0.0,0.509375,21525.0,9812.5,0.020404099933087245,0.023395161290322875,b50_lb3_k3_eps0p0025,False,0.05,q95,max_ssr,0.020404099933087245
stratified_size_rep097,stratified_size,97,b50_lb3_k3_eps0p0025,hierarchical_local_aggregate,shot_proportional,300,60,5,0.010713556830907012,0.014294902136196054,0.02097663515003319,0.0243791461577096,0.47,1.0,1.0,0.5128125,0.0,0.509375,21525.0,9812.5,0.02097663515003319,0.0243791461577096,b50_lb3_k3_eps0p0025,False,0.05,q95,max_ssr,0.02097663515003319
stratified_size_rep097,stratified_size,97,b50_lb3_k3_eps0p0025,hierarchical_local_aggregate,uniform,300,60,5,0.010613757021559048,0.014294902136196054,0.02097663515003319,0.024283947937394024,0.47,1.0,1.0,0.5128125,0.0,0.509375,21525.0,9812.5,0.02097663515003319,0.024283947937394024,b50_lb3_k3_eps0p0025,False,0.05,q95,max_ssr,0.02097663515003319
stratified_size_rep097,stratified_size,97,b50_lb3_k3_eps0p0025,local_only_offline_aggregate,confidence,300,60,5,0.005448946805385002,0.010831871855897696,0.017141297242627498,0.023395161290322875,0.7266666666666667,1.0,1.0,0.2725,0.0,0.20750000000000002,34062.5,15850.0,0.017141297242627498,0.023395161290322875,b50_lb3_k3_eps0p0025,False,0.05,q95,max_ssr,0.017141297242627498
stratified_size_rep097,stratified_size,97,b50_lb3_k3_eps0p0025,local_only_offline_aggregate,shot_proportional,300,60,5,0.005603482333638589,0.010673811890689684,0.017144011815717303,0.023395161290322875,0.73,1.0,1.0,0.2725,0.0,0.20750000000000002,34062.5,15850.0,0.017144011815717303,0.023395161290322875,b50_lb3_k3_eps0p0025,False,0.05,q95,max_ssr,0.017144011815717303
stratified_size_rep097,stratified_size,97,b50_lb3_k3_eps0p0025,local_only_offline_aggregate,uniform,300,60,5,0.005458725992798681,0.010819995989479338,0.017141297242627498,0.023395161290322875,0.7266666666666667,1.0,1.0,0.2725,0.0,0.20750000000000002,34062.5,15850.0,0.017141297242627498,0.023395161290322875,b50_lb3_k3_eps0p0025,False,0.05,q95,max_ssr,0.017141297242627498
stratified_size_rep098,stratified_size,98,b50_lb3_k3_eps0p0025,aggregate_only_sync,confidence,300,60,5,0.007184127090514443,0.013815416666666686,0.020556119632220676,0.023395161290322875,0.5466666666666666,1.0,1.0,0.36,0.0,0.36,24625.0,12800.0,0.020556119632220676,0.023395161290322875,b50_lb3_k3_eps0p0025,False,0.05,q95,max_ssr,0.020556119632220676
stratified_size_rep098,stratified_size,98,b50_lb3_k3_eps0p0025,aggregate_only_sync,shot_proportional,300,60,5,0.007184127090514443,0.013815416666666686,0.020556119632220676,0.023395161290322875,0.5466666666666666,1.0,1.0,0.36,0.0,0.36,24625.0,12800.0,0.020556119632220676,0.023395161290322875,b50_lb3_k3_eps0p0025,False,0.05,q95,max_ssr,0.020556119632220676
stratified_size_rep098,stratified_size,98,b50_lb3_k3_eps0p0025,aggregate_only_sync,uniform,300,60,5,0.007184127090514443,0.013815416666666686,0.020556119632220676,0.023395161290322875,0.5466666666666666,1.0,1.0,0.36,0.0,0.36,24625.0,12800.0,0.020556119632220676,0.023395161290322875,b50_lb3_k3_eps0p0025,False,0.05,q95,max_ssr,0.020556119632220676
stratified_size_rep098,stratified_size,98,b50_lb3_k3_eps0p0025,hierarchical_local_aggregate,confidence,300,60,5,0.007432023044660875,0.013780500270425152,0.020404099933087245,0.023395161290322875,0.5633333333333334,1.0,1.0,0.36,0.0,0.36,24450.0,12800.0,0.020404099933087245,0.023395161290322875,b50_lb3_k3_eps0p0025,False,0.05,q95,max_ssr,0.020404099933087245
stratified_size_rep098,stratified_size,98,b50_lb3_k3_eps0p0025,hierarchical_local_aggregate,shot_proportional,300,60,5,0.007578973099066895,0.013815416666666686,0.02087750470619005,0.0243791461577096,0.55,1.0,1.0,0.36,0.0,0.36,24450.0,12800.0,0.02087750470619005,0.0243791461577096,b50_lb3_k3_eps0p0025,False,0.05,q95,max_ssr,0.02087750470619005
stratified_size_rep098,stratified_size,98,b50_lb3_k3_eps0p0025,hierarchical_local_aggregate,uniform,300,60,5,0.007577981141962307,0.013815416666666686,0.02087750470619005,0.024283947937394024,0.55,1.0,1.0,0.36,0.0,0.36,24450.0,12800.0,0.02087750470619005,0.024283947937394024,b50_lb3_k3_eps0p0025,False,0.05,q95,max_ssr,0.02087750470619005
stratified_size_rep098,stratified_size,98,b50_lb3_k3_eps0p0025,local_only_offline_aggregate,confidence,300,60,5,0.003201872882596834,0.00965892599480489,0.016940186665384976,0.023395161290322875,0.77,1.0,1.0,0.05291666666666667,0.0,0.0024999999999999467,39337.5,19950.0,0.016940186665384976,0.023395161290322875,b50_lb3_k3_eps0p0025,False,0.05,q95,max_ssr,0.016940186665384976
stratified_size_rep098,stratified_size,98,b50_lb3_k3_eps0p0025,local_only_offline_aggregate,shot_proportional,300,60,5,0.0029089347994540426,0.009655341652293455,0.01683773317893923,0.023395161290322875,0.77,1.0,1.0,0.05291666666666667,0.0,0.0024999999999999467,39337.5,19950.0,0.01683773317893923,0.023395161290322875,b50_lb3_k3_eps0p0025,False,0.05,q95,max_ssr,0.01683773317893923
stratified_size_rep098,stratified_size,98,b50_lb3_k3_eps0p0025,local_only_offline_aggregate,uniform,300,60,5,0.003065330607022753,0.009377092666183775,0.0169737518486924,0.023395161290322875,0.7666666666666667,1.0,1.0,0.05291666666666667,0.0,0.0024999999999999467,39337.5,19950.0,0.0169737518486924,0.023395161290322875,b50_lb3_k3_eps0p0025,False,0.05,q95,max_ssr,0.0169737518486924
stratified_size_rep099,stratified_size,99,b50_lb3_k3_eps0p0025,aggregate_only_sync,confidence,300,60,5,0.009173156318082774,0.013744007924458198,0.020556119632220676,0.023395161290322875,0.5266666666666666,1.0,1.0,0.41437500000000005,0.0,0.41437500000000005,21975.0,11712.5,0.020556119632220676,0.023395161290322875,b50_lb3_k3_eps0p0025,False,0.05,q95,max_ssr,0.020556119632220676
stratified_size_rep099,stratified_size,99,b50_lb3_k3_eps0p0025,aggregate_only_sync,shot_proportional,300,60,5,0.009173156318082774,0.013744007924458198,0.020556119632220676,0.023395161290322875,0.5266666666666666,1.0,1.0,0.41437500000000005,0.0,0.41437500000000005,21975.0,11712.5,0.020556119632220676,0.023395161290322875,b50_lb3_k3_eps0p0025,False,0.05,q95,max_ssr,0.020556119632220676
stratified_size_rep099,stratified_size,99,b50_lb3_k3_eps0p0025,aggregate_only_sync,uniform,300,60,5,0.009173156318082774,0.013744007924458198,0.020556119632220676,0.023395161290322875,0.5266666666666666,1.0,1.0,0.41437500000000005,0.0,0.41437500000000005,21975.0,11712.5,0.020556119632220676,0.023395161290322875,b50_lb3_k3_eps0p0025,False,0.05,q95,max_ssr,0.020556119632220676
stratified_size_rep099,stratified_size,99,b50_lb3_k3_eps0p0025,hierarchical_local_aggregate,confidence,300,60,5,0.008290139966752414,0.013636569516899748,0.019991406220863803,0.023395161290322875,0.5466666666666666,1.0,1.0,0.41437500000000005,0.0,0.41437500000000005,21850.0,11712.5,0.019991406220863803,0.023395161290322875,b50_lb3_k3_eps0p0025,False,0.05,q95,max_ssr,0.019991406220863803
stratified_size_rep099,stratified_size,99,b50_lb3_k3_eps0p0025,hierarchical_local_aggregate,shot_proportional,300,60,5,0.009308982936686125,0.013744007924458198,0.02097663515003319,0.0243791461577096,0.53,1.0,1.0,0.41437500000000005,0.0,0.41437500000000005,21850.0,11712.5,0.02097663515003319,0.0243791461577096,b50_lb3_k3_eps0p0025,False,0.05,q95,max_ssr,0.02097663515003319
stratified_size_rep099,stratified_size,99,b50_lb3_k3_eps0p0025,hierarchical_local_aggregate,uniform,300,60,5,0.009269910316399305,0.013744007924458198,0.02097663515003319,0.024283947937394024,0.53,1.0,1.0,0.41437500000000005,0.0,0.41437500000000005,21850.0,11712.5,0.02097663515003319,0.024283947937394024,b50_lb3_k3_eps0p0025,False,0.05,q95,max_ssr,0.02097663515003319
stratified_size_rep099,stratified_size,99,b50_lb3_k3_eps0p0025,local_only_offline_aggregate,confidence,300,60,5,0.004231983923640383,0.009715547841069315,0.016739360962587303,0.023395161290322875,0.76,1.0,1.0,0.14812499999999998,0.0,0.09499999999999997,34425.0,18100.0,0.016739360962587303,0.023395161290322875,b50_lb3_k3_eps0p0025,False,0.05,q95,max_ssr,0.016739360962587303
stratified_size_rep099,stratified_size,99,b50_lb3_k3_eps0p0025,local_only_offline_aggregate,shot_proportional,300,60,5,0.004392767233098122,0.00980398217253621,0.016736050993951406,0.023395161290322875,0.7633333333333333,1.0,1.0,0.14812499999999998,0.0,0.09499999999999997,34425.0,18100.0,0.016736050993951406,0.023395161290322875,b50_lb3_k3_eps0p0025,False,0.05,q95,max_ssr,0.016736050993951406
stratified_size_rep099,stratified_size,99,b50_lb3_k3_eps0p0025,local_only_offline_aggregate,uniform,300,60,5,0.004308731379597043,0.009647104446898749,0.01674119253376788,0.023395161290322875,0.76,1.0,1.0,0.14812499999999998,0.0,0.09499999999999997,34425.0,18100.0,0.01674119253376788,0.023395161290322875,b50_lb3_k3_eps0p0025,False,0.05,q95,max_ssr,0.01674119253376788
