policy_id,source_backend,failure_fraction,rows,random_expected_tvd_n,random_expected_tvd_min,random_expected_tvd_q25,random_expected_tvd_median,random_expected_tvd_mean,random_expected_tvd_q75,random_expected_tvd_max,random_expected_tvd_std,best_tvd_n,best_tvd_min,best_tvd_q25,best_tvd_median,best_tvd_mean,best_tvd_q75,best_tvd_max,best_tvd_std,r_tvd_n,r_tvd_min,r_tvd_q25,r_tvd_median,r_tvd_mean,r_tvd_q75,r_tvd_max,r_tvd_std,r_shots_n,r_shots_min,r_shots_q25,r_shots_median,r_shots_mean,r_shots_q75,r_shots_max,r_shots_std,r_shots_fraction_of_source_no_failure_n,r_shots_fraction_of_source_no_failure_min,r_shots_fraction_of_source_no_failure_q25,r_shots_fraction_of_source_no_failure_median,r_shots_fraction_of_source_no_failure_mean,r_shots_fraction_of_source_no_failure_q75,r_shots_fraction_of_source_no_failure_max,r_shots_fraction_of_source_no_failure_std,random_expected_physical_shots_n,random_expected_physical_shots_min,random_expected_physical_shots_q25,random_expected_physical_shots_median,random_expected_physical_shots_mean,random_expected_physical_shots_q75,random_expected_physical_shots_max,random_expected_physical_shots_std,best_physical_shots_n,best_physical_shots_min,best_physical_shots_q25,best_physical_shots_median,best_physical_shots_mean,best_physical_shots_q75,best_physical_shots_max,best_physical_shots_std,random_minus_best_tvd_shots_n,random_minus_best_tvd_shots_min,random_minus_best_tvd_shots_q25,random_minus_best_tvd_shots_median,random_minus_best_tvd_shots_mean,random_minus_best_tvd_shots_q75,random_minus_best_tvd_shots_max,random_minus_best_tvd_shots_std,random_minus_best_shots_tvd_n,random_minus_best_shots_tvd_min,random_minus_best_shots_tvd_q25,random_minus_best_shots_tvd_median,random_minus_best_shots_tvd_mean,random_minus_best_shots_tvd_q75,random_minus_best_shots_tvd_max,random_minus_best_shots_tvd_std,random_delta_tvd_vs_no_failure_n,random_delta_tvd_vs_no_failure_min,random_delta_tvd_vs_no_failure_q25,random_delta_tvd_vs_no_failure_median,random_delta_tvd_vs_no_failure_mean,random_delta_tvd_vs_no_failure_q75,random_delta_tvd_vs_no_failure_max,random_delta_tvd_vs_no_failure_std,best_tvd_delta_vs_no_failure_n,best_tvd_delta_vs_no_failure_min,best_tvd_delta_vs_no_failure_q25,best_tvd_delta_vs_no_failure_median,best_tvd_delta_vs_no_failure_mean,best_tvd_delta_vs_no_failure_q75,best_tvd_delta_vs_no_failure_max,best_tvd_delta_vs_no_failure_std,random_delta_shots_vs_no_failure_n,random_delta_shots_vs_no_failure_min,random_delta_shots_vs_no_failure_q25,random_delta_shots_vs_no_failure_median,random_delta_shots_vs_no_failure_mean,random_delta_shots_vs_no_failure_q75,random_delta_shots_vs_no_failure_max,random_delta_shots_vs_no_failure_std,best_shots_delta_vs_no_failure_n,best_shots_delta_vs_no_failure_min,best_shots_delta_vs_no_failure_q25,best_shots_delta_vs_no_failure_median,best_shots_delta_vs_no_failure_mean,best_shots_delta_vs_no_failure_q75,best_shots_delta_vs_no_failure_max,best_shots_delta_vs_no_failure_std,candidate_tvd_gap_mean_n,candidate_tvd_gap_mean_min,candidate_tvd_gap_mean_q25,candidate_tvd_gap_mean_median,candidate_tvd_gap_mean_mean,candidate_tvd_gap_mean_q75,candidate_tvd_gap_mean_max,candidate_tvd_gap_mean_std,candidate_tvd_gap_median_n,candidate_tvd_gap_median_min,candidate_tvd_gap_median_q25,candidate_tvd_gap_median_median,candidate_tvd_gap_median_mean,candidate_tvd_gap_median_q75,candidate_tvd_gap_median_max,candidate_tvd_gap_median_std,candidate_tvd_gap_max_n,candidate_tvd_gap_max_min,candidate_tvd_gap_max_q25,candidate_tvd_gap_max_median,candidate_tvd_gap_max_mean,candidate_tvd_gap_max_q75,candidate_tvd_gap_max_max,candidate_tvd_gap_max_std,candidate_tvd_gap_std_n,candidate_tvd_gap_std_min,candidate_tvd_gap_std_q25,candidate_tvd_gap_std_median,candidate_tvd_gap_std_mean,candidate_tvd_gap_std_q75,candidate_tvd_gap_std_max,candidate_tvd_gap_std_std,candidate_shot_gap_mean_n,candidate_shot_gap_mean_min,candidate_shot_gap_mean_q25,candidate_shot_gap_mean_median,candidate_shot_gap_mean_mean,candidate_shot_gap_mean_q75,candidate_shot_gap_mean_max,candidate_shot_gap_mean_std,candidate_shot_gap_median_n,candidate_shot_gap_median_min,candidate_shot_gap_median_q25,candidate_shot_gap_median_median,candidate_shot_gap_median_mean,candidate_shot_gap_median_q75,candidate_shot_gap_median_max,candidate_shot_gap_median_std,candidate_shot_gap_max_n,candidate_shot_gap_max_min,candidate_shot_gap_max_q25,candidate_shot_gap_max_median,candidate_shot_gap_max_mean,candidate_shot_gap_max_q75,candidate_shot_gap_max_max,candidate_shot_gap_max_std,candidate_shot_gap_std_n,candidate_shot_gap_std_min,candidate_shot_gap_std_q25,candidate_shot_gap_std_median,candidate_shot_gap_std_mean,candidate_shot_gap_std_q75,candidate_shot_gap_std_max,candidate_shot_gap_std_std,jnr_5pct_n,jnr_5pct_min,jnr_5pct_q25,jnr_5pct_median_x,jnr_5pct_mean_x,jnr_5pct_q75,jnr_5pct_max,jnr_5pct_std,jnr_excess_5pct_n,jnr_excess_5pct_min,jnr_excess_5pct_q25,jnr_excess_5pct_median,jnr_excess_5pct_mean_x,jnr_excess_5pct_q75,jnr_excess_5pct_max,jnr_excess_5pct_std,jnr_10pct_n,jnr_10pct_min,jnr_10pct_q25,jnr_10pct_median_x,jnr_10pct_mean_x,jnr_10pct_q75,jnr_10pct_max,jnr_10pct_std,jnr_excess_10pct_n,jnr_excess_10pct_min,jnr_excess_10pct_q25,jnr_excess_10pct_median,jnr_excess_10pct_mean_x,jnr_excess_10pct_q75,jnr_excess_10pct_max,jnr_excess_10pct_std,p_tvd_pass_5pct,p_shots_pass_5pct,p_joint_pass_5pct,jnr_5pct_mean_y,jnr_5pct_median_y,jnr_excess_5pct_mean_y,p_tvd_pass_10pct,p_shots_pass_10pct,p_joint_pass_10pct,jnr_10pct_mean_y,jnr_10pct_median_y,jnr_excess_10pct_mean_y
fixed_10k_discard,fake_fez,0.1,30,30,0.021611249999999974,0.12702499999999997,0.21083124999999997,0.24696204166666663,0.310894375,0.7093137500000001,0.17454557704878537,30,0.018775,0.06684999999999999,0.1270275,0.1753896666666667,0.20316,0.652315,0.1622555643853948,30,0.0024399999999999977,0.026133749999999963,0.08112687500000008,0.07157237499999998,0.10704812500000004,0.1779925,0.047516505728352365,30,0.0,0.0,0.0,0.0,0.0,0.0,0.0,30,0.0,0.0,0.0,0.0,0.0,0.0,0.0,30,11000.0,11000.0,11000.0,11000.0,11000.0,11000.0,0.0,30,11000.0,11000.0,11000.0,11000.0,11000.0,11000.0,0.0,30,0.0,0.0,0.0,0.0,0.0,0.0,0.0,30,0.0,0.0,0.0,0.0,0.0,0.0,0.0,30,-0.003097500000000031,0.01725906250000002,0.04683124999999998,0.046781375,0.06724531250000003,0.1430925,0.03525540072094788,30,-0.0946499999999999,-0.03978625000000007,-0.013599999999999932,-0.024790999999999997,-0.005005000000000029,0.002894999999999981,0.026271666605049947,30,1000.0,1000.0,1000.0,1000.0,1000.0,1000.0,0.0,30,1000.0,1000.0,1000.0,1000.0,1000.0,1000.0,0.0,30,0.002439999999999984,0.02613374999999997,0.08112687500000004,0.07157237499999998,0.10704812500000001,0.1779925,0.047516505728352365,30,0.00047999999999998044,0.02927687499999994,0.09830000000000003,0.08539925,0.12306687499999999,0.20740999999999998,0.05731214151976783,30,0.0040599999999999005,0.04598125,0.12883000000000006,0.11549100000000001,0.16963625000000002,0.29714999999999997,0.07656919286186345,30,0.0019010496004400444,0.020358002538735077,0.05811176487573122,0.05132551171305574,0.07705542433020413,0.13265012536116702,0.03384968499897882,30,0.0,0.0,0.0,0.0,0.0,0.0,0.0,30,0.0,0.0,0.0,0.0,0.0,0.0,0.0,30,0.0,0.0,0.0,0.0,0.0,0.0,0.0,30,0.0,0.0,0.0,0.0,0.0,0.0,0.0,30,0.048799999999999955,0.5226749999999991,1.6225375000000017,1.4314475000000002,2.1409625000000005,3.55985,0.9503301145670473,30,0.0,0.0,0.6225375000000016,0.6692233333333333,1.1409625000000005,2.55985,0.6533321632327369,30,0.024399999999999977,0.26133749999999956,0.8112687500000009,0.7157237500000001,1.0704812500000003,1.779925,0.47516505728352365,30,0.0,0.0,0.0,0.06536374999999993,0.07048125000000027,0.779925,0.15867841942245783,0.3,1.0,0.3,1.4314475000000002,1.6225375000000017,0.6692233333333333,0.6333333333333333,1.0,0.6333333333333333,0.7157237500000001,0.8112687500000009,0.06536374999999993
fixed_10k_discard,fake_fez,0.25,30,30,0.021611249999999974,0.12702499999999997,0.21083124999999997,0.24696204166666663,0.310894375,0.7093137500000001,0.17454557704878537,30,0.018775,0.06684999999999999,0.1270275,0.1753896666666667,0.20316,0.652315,0.1622555643853948,30,0.0024399999999999977,0.026133749999999963,0.08112687500000008,0.07157237499999998,0.10704812500000004,0.1779925,0.047516505728352365,30,0.0,0.0,0.0,0.0,0.0,0.0,0.0,30,0.0,0.0,0.0,0.0,0.0,0.0,0.0,30,12500.0,12500.0,12500.0,12500.0,12500.0,12500.0,0.0,30,12500.0,12500.0,12500.0,12500.0,12500.0,12500.0,0.0,30,0.0,0.0,0.0,0.0,0.0,0.0,0.0,30,0.0,0.0,0.0,0.0,0.0,0.0,0.0,30,-0.003097500000000031,0.01725906250000002,0.04683124999999998,0.046781375,0.06724531250000003,0.1430925,0.03525540072094788,30,-0.0946499999999999,-0.03978625000000007,-0.013599999999999932,-0.024790999999999997,-0.005005000000000029,0.002894999999999981,0.026271666605049947,30,2500.0,2500.0,2500.0,2500.0,2500.0,2500.0,0.0,30,2500.0,2500.0,2500.0,2500.0,2500.0,2500.0,0.0,30,0.002439999999999984,0.02613374999999997,0.08112687500000004,0.07157237499999998,0.10704812500000001,0.1779925,0.047516505728352365,30,0.00047999999999998044,0.02927687499999994,0.09830000000000003,0.08539925,0.12306687499999999,0.20740999999999998,0.05731214151976783,30,0.0040599999999999005,0.04598125,0.12883000000000006,0.11549100000000001,0.16963625000000002,0.29714999999999997,0.07656919286186345,30,0.0019010496004400444,0.020358002538735077,0.05811176487573122,0.05132551171305574,0.07705542433020413,0.13265012536116702,0.03384968499897882,30,0.0,0.0,0.0,0.0,0.0,0.0,0.0,30,0.0,0.0,0.0,0.0,0.0,0.0,0.0,30,0.0,0.0,0.0,0.0,0.0,0.0,0.0,30,0.0,0.0,0.0,0.0,0.0,0.0,0.0,30,0.048799999999999955,0.5226749999999991,1.6225375000000017,1.4314475000000002,2.1409625000000005,3.55985,0.9503301145670473,30,0.0,0.0,0.6225375000000016,0.6692233333333333,1.1409625000000005,2.55985,0.6533321632327369,30,0.024399999999999977,0.26133749999999956,0.8112687500000009,0.7157237500000001,1.0704812500000003,1.779925,0.47516505728352365,30,0.0,0.0,0.0,0.06536374999999993,0.07048125000000027,0.779925,0.15867841942245783,0.3,1.0,0.3,1.4314475000000002,1.6225375000000017,0.6692233333333333,0.6333333333333333,1.0,0.6333333333333333,0.7157237500000001,0.8112687500000009,0.06536374999999993
fixed_10k_discard,fake_fez,0.5,30,30,0.021611249999999974,0.12702499999999997,0.21083124999999997,0.24696204166666663,0.310894375,0.7093137500000001,0.17454557704878537,30,0.018775,0.06684999999999999,0.1270275,0.1753896666666667,0.20316,0.652315,0.1622555643853948,30,0.0024399999999999977,0.026133749999999963,0.08112687500000008,0.07157237499999998,0.10704812500000004,0.1779925,0.047516505728352365,30,0.0,0.0,0.0,0.0,0.0,0.0,0.0,30,0.0,0.0,0.0,0.0,0.0,0.0,0.0,30,15000.0,15000.0,15000.0,15000.0,15000.0,15000.0,0.0,30,15000.0,15000.0,15000.0,15000.0,15000.0,15000.0,0.0,30,0.0,0.0,0.0,0.0,0.0,0.0,0.0,30,0.0,0.0,0.0,0.0,0.0,0.0,0.0,30,-0.003097500000000031,0.01725906250000002,0.04683124999999998,0.046781375,0.06724531250000003,0.1430925,0.03525540072094788,30,-0.0946499999999999,-0.03978625000000007,-0.013599999999999932,-0.024790999999999997,-0.005005000000000029,0.002894999999999981,0.026271666605049947,30,5000.0,5000.0,5000.0,5000.0,5000.0,5000.0,0.0,30,5000.0,5000.0,5000.0,5000.0,5000.0,5000.0,0.0,30,0.002439999999999984,0.02613374999999997,0.08112687500000004,0.07157237499999998,0.10704812500000001,0.1779925,0.047516505728352365,30,0.00047999999999998044,0.02927687499999994,0.09830000000000003,0.08539925,0.12306687499999999,0.20740999999999998,0.05731214151976783,30,0.0040599999999999005,0.04598125,0.12883000000000006,0.11549100000000001,0.16963625000000002,0.29714999999999997,0.07656919286186345,30,0.0019010496004400444,0.020358002538735077,0.05811176487573122,0.05132551171305574,0.07705542433020413,0.13265012536116702,0.03384968499897882,30,0.0,0.0,0.0,0.0,0.0,0.0,0.0,30,0.0,0.0,0.0,0.0,0.0,0.0,0.0,30,0.0,0.0,0.0,0.0,0.0,0.0,0.0,30,0.0,0.0,0.0,0.0,0.0,0.0,0.0,30,0.048799999999999955,0.5226749999999991,1.6225375000000017,1.4314475000000002,2.1409625000000005,3.55985,0.9503301145670473,30,0.0,0.0,0.6225375000000016,0.6692233333333333,1.1409625000000005,2.55985,0.6533321632327369,30,0.024399999999999977,0.26133749999999956,0.8112687500000009,0.7157237500000001,1.0704812500000003,1.779925,0.47516505728352365,30,0.0,0.0,0.0,0.06536374999999993,0.07048125000000027,0.779925,0.15867841942245783,0.3,1.0,0.3,1.4314475000000002,1.6225375000000017,0.6692233333333333,0.6333333333333333,1.0,0.6333333333333333,0.7157237500000001,0.8112687500000009,0.06536374999999993
fixed_10k_discard,fake_fez,0.75,30,30,0.021611249999999974,0.12702499999999997,0.21083124999999997,0.24696204166666663,0.310894375,0.7093137500000001,0.17454557704878537,30,0.018775,0.06684999999999999,0.1270275,0.1753896666666667,0.20316,0.652315,0.1622555643853948,30,0.0024399999999999977,0.026133749999999963,0.08112687500000008,0.07157237499999998,0.10704812500000004,0.1779925,0.047516505728352365,30,0.0,0.0,0.0,0.0,0.0,0.0,0.0,30,0.0,0.0,0.0,0.0,0.0,0.0,0.0,30,17500.0,17500.0,17500.0,17500.0,17500.0,17500.0,0.0,30,17500.0,17500.0,17500.0,17500.0,17500.0,17500.0,0.0,30,0.0,0.0,0.0,0.0,0.0,0.0,0.0,30,0.0,0.0,0.0,0.0,0.0,0.0,0.0,30,-0.003097500000000031,0.01725906250000002,0.04683124999999998,0.046781375,0.06724531250000003,0.1430925,0.03525540072094788,30,-0.0946499999999999,-0.03978625000000007,-0.013599999999999932,-0.024790999999999997,-0.005005000000000029,0.002894999999999981,0.026271666605049947,30,7500.0,7500.0,7500.0,7500.0,7500.0,7500.0,0.0,30,7500.0,7500.0,7500.0,7500.0,7500.0,7500.0,0.0,30,0.002439999999999984,0.02613374999999997,0.08112687500000004,0.07157237499999998,0.10704812500000001,0.1779925,0.047516505728352365,30,0.00047999999999998044,0.02927687499999994,0.09830000000000003,0.08539925,0.12306687499999999,0.20740999999999998,0.05731214151976783,30,0.0040599999999999005,0.04598125,0.12883000000000006,0.11549100000000001,0.16963625000000002,0.29714999999999997,0.07656919286186345,30,0.0019010496004400444,0.020358002538735077,0.05811176487573122,0.05132551171305574,0.07705542433020413,0.13265012536116702,0.03384968499897882,30,0.0,0.0,0.0,0.0,0.0,0.0,0.0,30,0.0,0.0,0.0,0.0,0.0,0.0,0.0,30,0.0,0.0,0.0,0.0,0.0,0.0,0.0,30,0.0,0.0,0.0,0.0,0.0,0.0,0.0,30,0.048799999999999955,0.5226749999999991,1.6225375000000017,1.4314475000000002,2.1409625000000005,3.55985,0.9503301145670473,30,0.0,0.0,0.6225375000000016,0.6692233333333333,1.1409625000000005,2.55985,0.6533321632327369,30,0.024399999999999977,0.26133749999999956,0.8112687500000009,0.7157237500000001,1.0704812500000003,1.779925,0.47516505728352365,30,0.0,0.0,0.0,0.06536374999999993,0.07048125000000027,0.779925,0.15867841942245783,0.3,1.0,0.3,1.4314475000000002,1.6225375000000017,0.6692233333333333,0.6333333333333333,1.0,0.6333333333333333,0.7157237500000001,0.8112687500000009,0.06536374999999993
fixed_10k_discard,fake_fez,0.9,30,30,0.021611249999999974,0.12702499999999997,0.21083124999999997,0.24696204166666663,0.310894375,0.7093137500000001,0.17454557704878537,30,0.018775,0.06684999999999999,0.1270275,0.1753896666666667,0.20316,0.652315,0.1622555643853948,30,0.0024399999999999977,0.026133749999999963,0.08112687500000008,0.07157237499999998,0.10704812500000004,0.1779925,0.047516505728352365,30,0.0,0.0,0.0,0.0,0.0,0.0,0.0,30,0.0,0.0,0.0,0.0,0.0,0.0,0.0,30,19000.0,19000.0,19000.0,19000.0,19000.0,19000.0,0.0,30,19000.0,19000.0,19000.0,19000.0,19000.0,19000.0,0.0,30,0.0,0.0,0.0,0.0,0.0,0.0,0.0,30,0.0,0.0,0.0,0.0,0.0,0.0,0.0,30,-0.003097500000000031,0.01725906250000002,0.04683124999999998,0.046781375,0.06724531250000003,0.1430925,0.03525540072094788,30,-0.0946499999999999,-0.03978625000000007,-0.013599999999999932,-0.024790999999999997,-0.005005000000000029,0.002894999999999981,0.026271666605049947,30,9000.0,9000.0,9000.0,9000.0,9000.0,9000.0,0.0,30,9000.0,9000.0,9000.0,9000.0,9000.0,9000.0,0.0,30,0.002439999999999984,0.02613374999999997,0.08112687500000004,0.07157237499999998,0.10704812500000001,0.1779925,0.047516505728352365,30,0.00047999999999998044,0.02927687499999994,0.09830000000000003,0.08539925,0.12306687499999999,0.20740999999999998,0.05731214151976783,30,0.0040599999999999005,0.04598125,0.12883000000000006,0.11549100000000001,0.16963625000000002,0.29714999999999997,0.07656919286186345,30,0.0019010496004400444,0.020358002538735077,0.05811176487573122,0.05132551171305574,0.07705542433020413,0.13265012536116702,0.03384968499897882,30,0.0,0.0,0.0,0.0,0.0,0.0,0.0,30,0.0,0.0,0.0,0.0,0.0,0.0,0.0,30,0.0,0.0,0.0,0.0,0.0,0.0,0.0,30,0.0,0.0,0.0,0.0,0.0,0.0,0.0,30,0.048799999999999955,0.5226749999999991,1.6225375000000017,1.4314475000000002,2.1409625000000005,3.55985,0.9503301145670473,30,0.0,0.0,0.6225375000000016,0.6692233333333333,1.1409625000000005,2.55985,0.6533321632327369,30,0.024399999999999977,0.26133749999999956,0.8112687500000009,0.7157237500000001,1.0704812500000003,1.779925,0.47516505728352365,30,0.0,0.0,0.0,0.06536374999999993,0.07048125000000027,0.779925,0.15867841942245783,0.3,1.0,0.3,1.4314475000000002,1.6225375000000017,0.6692233333333333,0.6333333333333333,1.0,0.6333333333333333,0.7157237500000001,0.8112687500000009,0.06536374999999993
fixed_10k_discard,fake_kyiv,0.1,30,30,0.021909999999999975,0.11084374999999999,0.19805125,0.22613649999999996,0.2722625,0.69061125,0.16960704768746676,30,0.018775,0.06684999999999999,0.1270275,0.175274,0.20316,0.64942,0.1619900117525343,30,0.0023387500000000283,0.018211249999999943,0.05908812500000007,0.050862500000000005,0.07258875000000002,0.122145,0.03358039180523514,30,0.0,0.0,0.0,0.0,0.0,0.0,0.0,30,0.0,0.0,0.0,0.0,0.0,0.0,0.0,30,11000.0,11000.0,11000.0,11000.0,11000.0,11000.0,0.0,30,11000.0,11000.0,11000.0,11000.0,11000.0,11000.0,0.0,30,0.0,0.0,0.0,0.0,0.0,0.0,0.0,30,0.0,0.0,0.0,0.0,0.0,0.0,0.0,30,-0.13614499999999996,-0.09922531249999998,-0.06276250000000001,-0.05734633333333334,-0.01808749999999994,0.00542624999999998,0.04503768463614728,30,-0.25828999999999996,-0.16919499999999998,-0.11845000000000008,-0.10820883333333334,-0.03789999999999992,0.0005449999999999899,0.07602589185410877,30,1000.0,1000.0,1000.0,1000.0,1000.0,1000.0,0.0,30,1000.0,1000.0,1000.0,1000.0,1000.0,1000.0,0.0,30,0.0023387500000000006,0.01821124999999994,0.05908812500000006,0.050862500000000005,0.07258875,0.12214499999999999,0.03358039180523514,30,0.00038000000000000533,0.011311249999999915,0.06117500000000004,0.05109591666666665,0.07202624999999997,0.1314174999999999,0.03522865413539228,30,0.0048400000000000006,0.04620749999999997,0.11511000000000003,0.10125816666666668,0.1441,0.29714999999999997,0.06806812635126122,30,0.0021483249288689874,0.020712134100258548,0.053754431971914395,0.04789456664869363,0.06477162700032757,0.13458599394686901,0.03138515419749481,30,0.0,0.0,0.0,0.0,0.0,0.0,0.0,30,0.0,0.0,0.0,0.0,0.0,0.0,0.0,30,0.0,0.0,0.0,0.0,0.0,0.0,0.0,30,0.0,0.0,0.0,0.0,0.0,0.0,0.0,30,0.046775000000000566,0.3642249999999988,1.1817625000000014,1.0172499999999998,1.4517750000000005,2.4429,0.6716078361047026,30,0.0,0.0,0.18176250000000127,0.2884733333333333,0.4517750000000004,1.4428999999999998,0.3739076401455247,30,0.023387500000000283,0.1821124999999994,0.5908812500000007,0.5086249999999999,0.7258875000000002,1.22145,0.3358039180523513,30,0.0,0.0,0.0,0.010841666666666638,0.0,0.22144999999999992,0.0440565038514087,0.43333333333333335,1.0,0.43333333333333335,1.0172499999999998,1.1817625000000014,0.2884733333333333,0.9333333333333333,1.0,0.9333333333333333,0.5086249999999999,0.5908812500000007,0.010841666666666638
fixed_10k_discard,fake_kyiv,0.25,30,30,0.021909999999999975,0.11084374999999999,0.19805125,0.22613649999999996,0.2722625,0.69061125,0.16960704768746676,30,0.018775,0.06684999999999999,0.1270275,0.175274,0.20316,0.64942,0.1619900117525343,30,0.0023387500000000283,0.018211249999999943,0.05908812500000007,0.050862500000000005,0.07258875000000002,0.122145,0.03358039180523514,30,0.0,0.0,0.0,0.0,0.0,0.0,0.0,30,0.0,0.0,0.0,0.0,0.0,0.0,0.0,30,12500.0,12500.0,12500.0,12500.0,12500.0,12500.0,0.0,30,12500.0,12500.0,12500.0,12500.0,12500.0,12500.0,0.0,30,0.0,0.0,0.0,0.0,0.0,0.0,0.0,30,0.0,0.0,0.0,0.0,0.0,0.0,0.0,30,-0.13614499999999996,-0.09922531249999998,-0.06276250000000001,-0.05734633333333334,-0.01808749999999994,0.00542624999999998,0.04503768463614728,30,-0.25828999999999996,-0.16919499999999998,-0.11845000000000008,-0.10820883333333334,-0.03789999999999992,0.0005449999999999899,0.07602589185410877,30,2500.0,2500.0,2500.0,2500.0,2500.0,2500.0,0.0,30,2500.0,2500.0,2500.0,2500.0,2500.0,2500.0,0.0,30,0.0023387500000000006,0.01821124999999994,0.05908812500000006,0.050862500000000005,0.07258875,0.12214499999999999,0.03358039180523514,30,0.00038000000000000533,0.011311249999999915,0.06117500000000004,0.05109591666666665,0.07202624999999997,0.1314174999999999,0.03522865413539228,30,0.0048400000000000006,0.04620749999999997,0.11511000000000003,0.10125816666666668,0.1441,0.29714999999999997,0.06806812635126122,30,0.0021483249288689874,0.020712134100258548,0.053754431971914395,0.04789456664869363,0.06477162700032757,0.13458599394686901,0.03138515419749481,30,0.0,0.0,0.0,0.0,0.0,0.0,0.0,30,0.0,0.0,0.0,0.0,0.0,0.0,0.0,30,0.0,0.0,0.0,0.0,0.0,0.0,0.0,30,0.0,0.0,0.0,0.0,0.0,0.0,0.0,30,0.046775000000000566,0.3642249999999988,1.1817625000000014,1.0172499999999998,1.4517750000000005,2.4429,0.6716078361047026,30,0.0,0.0,0.18176250000000127,0.2884733333333333,0.4517750000000004,1.4428999999999998,0.3739076401455247,30,0.023387500000000283,0.1821124999999994,0.5908812500000007,0.5086249999999999,0.7258875000000002,1.22145,0.3358039180523513,30,0.0,0.0,0.0,0.010841666666666638,0.0,0.22144999999999992,0.0440565038514087,0.43333333333333335,1.0,0.43333333333333335,1.0172499999999998,1.1817625000000014,0.2884733333333333,0.9333333333333333,1.0,0.9333333333333333,0.5086249999999999,0.5908812500000007,0.010841666666666638
fixed_10k_discard,fake_kyiv,0.5,30,30,0.021909999999999975,0.11084374999999999,0.19805125,0.22613649999999996,0.2722625,0.69061125,0.16960704768746676,30,0.018775,0.06684999999999999,0.1270275,0.175274,0.20316,0.64942,0.1619900117525343,30,0.0023387500000000283,0.018211249999999943,0.05908812500000007,0.050862500000000005,0.07258875000000002,0.122145,0.03358039180523514,30,0.0,0.0,0.0,0.0,0.0,0.0,0.0,30,0.0,0.0,0.0,0.0,0.0,0.0,0.0,30,15000.0,15000.0,15000.0,15000.0,15000.0,15000.0,0.0,30,15000.0,15000.0,15000.0,15000.0,15000.0,15000.0,0.0,30,0.0,0.0,0.0,0.0,0.0,0.0,0.0,30,0.0,0.0,0.0,0.0,0.0,0.0,0.0,30,-0.13614499999999996,-0.09922531249999998,-0.06276250000000001,-0.05734633333333334,-0.01808749999999994,0.00542624999999998,0.04503768463614728,30,-0.25828999999999996,-0.16919499999999998,-0.11845000000000008,-0.10820883333333334,-0.03789999999999992,0.0005449999999999899,0.07602589185410877,30,5000.0,5000.0,5000.0,5000.0,5000.0,5000.0,0.0,30,5000.0,5000.0,5000.0,5000.0,5000.0,5000.0,0.0,30,0.0023387500000000006,0.01821124999999994,0.05908812500000006,0.050862500000000005,0.07258875,0.12214499999999999,0.03358039180523514,30,0.00038000000000000533,0.011311249999999915,0.06117500000000004,0.05109591666666665,0.07202624999999997,0.1314174999999999,0.03522865413539228,30,0.0048400000000000006,0.04620749999999997,0.11511000000000003,0.10125816666666668,0.1441,0.29714999999999997,0.06806812635126122,30,0.0021483249288689874,0.020712134100258548,0.053754431971914395,0.04789456664869363,0.06477162700032757,0.13458599394686901,0.03138515419749481,30,0.0,0.0,0.0,0.0,0.0,0.0,0.0,30,0.0,0.0,0.0,0.0,0.0,0.0,0.0,30,0.0,0.0,0.0,0.0,0.0,0.0,0.0,30,0.0,0.0,0.0,0.0,0.0,0.0,0.0,30,0.046775000000000566,0.3642249999999988,1.1817625000000014,1.0172499999999998,1.4517750000000005,2.4429,0.6716078361047026,30,0.0,0.0,0.18176250000000127,0.2884733333333333,0.4517750000000004,1.4428999999999998,0.3739076401455247,30,0.023387500000000283,0.1821124999999994,0.5908812500000007,0.5086249999999999,0.7258875000000002,1.22145,0.3358039180523513,30,0.0,0.0,0.0,0.010841666666666638,0.0,0.22144999999999992,0.0440565038514087,0.43333333333333335,1.0,0.43333333333333335,1.0172499999999998,1.1817625000000014,0.2884733333333333,0.9333333333333333,1.0,0.9333333333333333,0.5086249999999999,0.5908812500000007,0.010841666666666638
fixed_10k_discard,fake_kyiv,0.75,30,30,0.021909999999999975,0.11084374999999999,0.19805125,0.22613649999999996,0.2722625,0.69061125,0.16960704768746676,30,0.018775,0.06684999999999999,0.1270275,0.175274,0.20316,0.64942,0.1619900117525343,30,0.0023387500000000283,0.018211249999999943,0.05908812500000007,0.050862500000000005,0.07258875000000002,0.122145,0.03358039180523514,30,0.0,0.0,0.0,0.0,0.0,0.0,0.0,30,0.0,0.0,0.0,0.0,0.0,0.0,0.0,30,17500.0,17500.0,17500.0,17500.0,17500.0,17500.0,0.0,30,17500.0,17500.0,17500.0,17500.0,17500.0,17500.0,0.0,30,0.0,0.0,0.0,0.0,0.0,0.0,0.0,30,0.0,0.0,0.0,0.0,0.0,0.0,0.0,30,-0.13614499999999996,-0.09922531249999998,-0.06276250000000001,-0.05734633333333334,-0.01808749999999994,0.00542624999999998,0.04503768463614728,30,-0.25828999999999996,-0.16919499999999998,-0.11845000000000008,-0.10820883333333334,-0.03789999999999992,0.0005449999999999899,0.07602589185410877,30,7500.0,7500.0,7500.0,7500.0,7500.0,7500.0,0.0,30,7500.0,7500.0,7500.0,7500.0,7500.0,7500.0,0.0,30,0.0023387500000000006,0.01821124999999994,0.05908812500000006,0.050862500000000005,0.07258875,0.12214499999999999,0.03358039180523514,30,0.00038000000000000533,0.011311249999999915,0.06117500000000004,0.05109591666666665,0.07202624999999997,0.1314174999999999,0.03522865413539228,30,0.0048400000000000006,0.04620749999999997,0.11511000000000003,0.10125816666666668,0.1441,0.29714999999999997,0.06806812635126122,30,0.0021483249288689874,0.020712134100258548,0.053754431971914395,0.04789456664869363,0.06477162700032757,0.13458599394686901,0.03138515419749481,30,0.0,0.0,0.0,0.0,0.0,0.0,0.0,30,0.0,0.0,0.0,0.0,0.0,0.0,0.0,30,0.0,0.0,0.0,0.0,0.0,0.0,0.0,30,0.0,0.0,0.0,0.0,0.0,0.0,0.0,30,0.046775000000000566,0.3642249999999988,1.1817625000000014,1.0172499999999998,1.4517750000000005,2.4429,0.6716078361047026,30,0.0,0.0,0.18176250000000127,0.2884733333333333,0.4517750000000004,1.4428999999999998,0.3739076401455247,30,0.023387500000000283,0.1821124999999994,0.5908812500000007,0.5086249999999999,0.7258875000000002,1.22145,0.3358039180523513,30,0.0,0.0,0.0,0.010841666666666638,0.0,0.22144999999999992,0.0440565038514087,0.43333333333333335,1.0,0.43333333333333335,1.0172499999999998,1.1817625000000014,0.2884733333333333,0.9333333333333333,1.0,0.9333333333333333,0.5086249999999999,0.5908812500000007,0.010841666666666638
fixed_10k_discard,fake_kyiv,0.9,30,30,0.021909999999999975,0.11084374999999999,0.19805125,0.22613649999999996,0.2722625,0.69061125,0.16960704768746676,30,0.018775,0.06684999999999999,0.1270275,0.175274,0.20316,0.64942,0.1619900117525343,30,0.0023387500000000283,0.018211249999999943,0.05908812500000007,0.050862500000000005,0.07258875000000002,0.122145,0.03358039180523514,30,0.0,0.0,0.0,0.0,0.0,0.0,0.0,30,0.0,0.0,0.0,0.0,0.0,0.0,0.0,30,19000.0,19000.0,19000.0,19000.0,19000.0,19000.0,0.0,30,19000.0,19000.0,19000.0,19000.0,19000.0,19000.0,0.0,30,0.0,0.0,0.0,0.0,0.0,0.0,0.0,30,0.0,0.0,0.0,0.0,0.0,0.0,0.0,30,-0.13614499999999996,-0.09922531249999998,-0.06276250000000001,-0.05734633333333334,-0.01808749999999994,0.00542624999999998,0.04503768463614728,30,-0.25828999999999996,-0.16919499999999998,-0.11845000000000008,-0.10820883333333334,-0.03789999999999992,0.0005449999999999899,0.07602589185410877,30,9000.0,9000.0,9000.0,9000.0,9000.0,9000.0,0.0,30,9000.0,9000.0,9000.0,9000.0,9000.0,9000.0,0.0,30,0.0023387500000000006,0.01821124999999994,0.05908812500000006,0.050862500000000005,0.07258875,0.12214499999999999,0.03358039180523514,30,0.00038000000000000533,0.011311249999999915,0.06117500000000004,0.05109591666666665,0.07202624999999997,0.1314174999999999,0.03522865413539228,30,0.0048400000000000006,0.04620749999999997,0.11511000000000003,0.10125816666666668,0.1441,0.29714999999999997,0.06806812635126122,30,0.0021483249288689874,0.020712134100258548,0.053754431971914395,0.04789456664869363,0.06477162700032757,0.13458599394686901,0.03138515419749481,30,0.0,0.0,0.0,0.0,0.0,0.0,0.0,30,0.0,0.0,0.0,0.0,0.0,0.0,0.0,30,0.0,0.0,0.0,0.0,0.0,0.0,0.0,30,0.0,0.0,0.0,0.0,0.0,0.0,0.0,30,0.046775000000000566,0.3642249999999988,1.1817625000000014,1.0172499999999998,1.4517750000000005,2.4429,0.6716078361047026,30,0.0,0.0,0.18176250000000127,0.2884733333333333,0.4517750000000004,1.4428999999999998,0.3739076401455247,30,0.023387500000000283,0.1821124999999994,0.5908812500000007,0.5086249999999999,0.7258875000000002,1.22145,0.3358039180523513,30,0.0,0.0,0.0,0.010841666666666638,0.0,0.22144999999999992,0.0440565038514087,0.43333333333333335,1.0,0.43333333333333335,1.0172499999999998,1.1817625000000014,0.2884733333333333,0.9333333333333333,1.0,0.9333333333333333,0.5086249999999999,0.5908812500000007,0.010841666666666638
fixed_10k_discard,fake_marrakesh,0.1,30,30,0.022821249999999977,0.1313875,0.22103124999999998,0.2530323333333333,0.31864000000000003,0.7250262500000001,0.17732664971155312,30,0.022415,0.08646124999999993,0.1721,0.1997075,0.23965499999999998,0.692335,0.17019122534388115,30,0.0004062499999999761,0.02219718749999995,0.05732250000000006,0.05332483333333334,0.07300843750000002,0.1518175,0.03647549299602626,30,0.0,0.0,0.0,0.0,0.0,0.0,0.0,30,0.0,0.0,0.0,0.0,0.0,0.0,0.0,30,11000.0,11000.0,11000.0,11000.0,11000.0,11000.0,0.0,30,11000.0,11000.0,11000.0,11000.0,11000.0,11000.0,0.0,30,0.0,0.0,0.0,0.0,0.0,0.0,0.0,30,0.0,0.0,0.0,0.0,0.0,0.0,0.0,30,-0.005342500000000028,0.027445937499999976,0.09060437500000001,0.07713283333333333,0.11619125,0.18671749999999998,0.05317618519172412,30,-0.008614999999999998,0.002484999999999931,0.013599999999999932,0.023807999999999992,0.03978625000000007,0.0946499999999999,0.02720620636596705,30,1000.0,1000.0,1000.0,1000.0,1000.0,1000.0,0.0,30,1000.0,1000.0,1000.0,1000.0,1000.0,1000.0,0.0,30,0.00040624999999997434,0.02219718749999995,0.05732250000000004,0.053324833333333335,0.07300843750000002,0.1518175,0.03647549299602626,30,0.00021249999999994884,0.023044374999999923,0.06548250000000005,0.06106508333333334,0.08350062499999994,0.17251,0.043242820818761414,30,0.0011999999999999997,0.04073249999999997,0.09340000000000004,0.09116916666666668,0.1299075,0.26225,0.061203871976953095,30,0.0005645850245977124,0.01812360889959707,0.04228983081426514,0.04032918888889601,0.05520542181421824,0.11729989808890143,0.026987133164093586,30,0.0,0.0,0.0,0.0,0.0,0.0,0.0,30,0.0,0.0,0.0,0.0,0.0,0.0,0.0,30,0.0,0.0,0.0,0.0,0.0,0.0,0.0,30,0.0,0.0,0.0,0.0,0.0,0.0,0.0,30,0.008124999999999521,0.44394374999999897,1.146450000000001,1.0664966666666669,1.4601687500000002,3.0363499999999997,0.7295098599205252,30,0.0,0.0,0.1464500000000012,0.3286883333333333,0.46016875000000024,2.0363499999999997,0.4562058748021806,30,0.004062499999999761,0.22197187499999949,0.5732250000000005,0.5332483333333334,0.7300843750000001,1.5181749999999998,0.3647549299602626,30,0.0,0.0,0.0,0.01810166666666667,0.0,0.5181749999999998,0.09455777036701742,0.4,1.0,0.4,1.0664966666666669,1.146450000000001,0.3286883333333333,0.9333333333333333,1.0,0.9333333333333333,0.5332483333333334,0.5732250000000005,0.01810166666666667
fixed_10k_discard,fake_marrakesh,0.25,30,30,0.022821249999999977,0.1313875,0.22103124999999998,0.2530323333333333,0.31864000000000003,0.7250262500000001,0.17732664971155312,30,0.022415,0.08646124999999993,0.1721,0.1997075,0.23965499999999998,0.692335,0.17019122534388115,30,0.0004062499999999761,0.02219718749999995,0.05732250000000006,0.05332483333333334,0.07300843750000002,0.1518175,0.03647549299602626,30,0.0,0.0,0.0,0.0,0.0,0.0,0.0,30,0.0,0.0,0.0,0.0,0.0,0.0,0.0,30,12500.0,12500.0,12500.0,12500.0,12500.0,12500.0,0.0,30,12500.0,12500.0,12500.0,12500.0,12500.0,12500.0,0.0,30,0.0,0.0,0.0,0.0,0.0,0.0,0.0,30,0.0,0.0,0.0,0.0,0.0,0.0,0.0,30,-0.005342500000000028,0.027445937499999976,0.09060437500000001,0.07713283333333333,0.11619125,0.18671749999999998,0.05317618519172412,30,-0.008614999999999998,0.002484999999999931,0.013599999999999932,0.023807999999999992,0.03978625000000007,0.0946499999999999,0.02720620636596705,30,2500.0,2500.0,2500.0,2500.0,2500.0,2500.0,0.0,30,2500.0,2500.0,2500.0,2500.0,2500.0,2500.0,0.0,30,0.00040624999999997434,0.02219718749999995,0.05732250000000004,0.053324833333333335,0.07300843750000002,0.1518175,0.03647549299602626,30,0.00021249999999994884,0.023044374999999923,0.06548250000000005,0.06106508333333334,0.08350062499999994,0.17251,0.043242820818761414,30,0.0011999999999999997,0.04073249999999997,0.09340000000000004,0.09116916666666668,0.1299075,0.26225,0.061203871976953095,30,0.0005645850245977124,0.01812360889959707,0.04228983081426514,0.04032918888889601,0.05520542181421824,0.11729989808890143,0.026987133164093586,30,0.0,0.0,0.0,0.0,0.0,0.0,0.0,30,0.0,0.0,0.0,0.0,0.0,0.0,0.0,30,0.0,0.0,0.0,0.0,0.0,0.0,0.0,30,0.0,0.0,0.0,0.0,0.0,0.0,0.0,30,0.008124999999999521,0.44394374999999897,1.146450000000001,1.0664966666666669,1.4601687500000002,3.0363499999999997,0.7295098599205252,30,0.0,0.0,0.1464500000000012,0.3286883333333333,0.46016875000000024,2.0363499999999997,0.4562058748021806,30,0.004062499999999761,0.22197187499999949,0.5732250000000005,0.5332483333333334,0.7300843750000001,1.5181749999999998,0.3647549299602626,30,0.0,0.0,0.0,0.01810166666666667,0.0,0.5181749999999998,0.09455777036701742,0.4,1.0,0.4,1.0664966666666669,1.146450000000001,0.3286883333333333,0.9333333333333333,1.0,0.9333333333333333,0.5332483333333334,0.5732250000000005,0.01810166666666667
fixed_10k_discard,fake_marrakesh,0.5,30,30,0.022821249999999977,0.1313875,0.22103124999999998,0.2530323333333333,0.31864000000000003,0.7250262500000001,0.17732664971155312,30,0.022415,0.08646124999999993,0.1721,0.1997075,0.23965499999999998,0.692335,0.17019122534388115,30,0.0004062499999999761,0.02219718749999995,0.05732250000000006,0.05332483333333334,0.07300843750000002,0.1518175,0.03647549299602626,30,0.0,0.0,0.0,0.0,0.0,0.0,0.0,30,0.0,0.0,0.0,0.0,0.0,0.0,0.0,30,15000.0,15000.0,15000.0,15000.0,15000.0,15000.0,0.0,30,15000.0,15000.0,15000.0,15000.0,15000.0,15000.0,0.0,30,0.0,0.0,0.0,0.0,0.0,0.0,0.0,30,0.0,0.0,0.0,0.0,0.0,0.0,0.0,30,-0.005342500000000028,0.027445937499999976,0.09060437500000001,0.07713283333333333,0.11619125,0.18671749999999998,0.05317618519172412,30,-0.008614999999999998,0.002484999999999931,0.013599999999999932,0.023807999999999992,0.03978625000000007,0.0946499999999999,0.02720620636596705,30,5000.0,5000.0,5000.0,5000.0,5000.0,5000.0,0.0,30,5000.0,5000.0,5000.0,5000.0,5000.0,5000.0,0.0,30,0.00040624999999997434,0.02219718749999995,0.05732250000000004,0.053324833333333335,0.07300843750000002,0.1518175,0.03647549299602626,30,0.00021249999999994884,0.023044374999999923,0.06548250000000005,0.06106508333333334,0.08350062499999994,0.17251,0.043242820818761414,30,0.0011999999999999997,0.04073249999999997,0.09340000000000004,0.09116916666666668,0.1299075,0.26225,0.061203871976953095,30,0.0005645850245977124,0.01812360889959707,0.04228983081426514,0.04032918888889601,0.05520542181421824,0.11729989808890143,0.026987133164093586,30,0.0,0.0,0.0,0.0,0.0,0.0,0.0,30,0.0,0.0,0.0,0.0,0.0,0.0,0.0,30,0.0,0.0,0.0,0.0,0.0,0.0,0.0,30,0.0,0.0,0.0,0.0,0.0,0.0,0.0,30,0.008124999999999521,0.44394374999999897,1.146450000000001,1.0664966666666669,1.4601687500000002,3.0363499999999997,0.7295098599205252,30,0.0,0.0,0.1464500000000012,0.3286883333333333,0.46016875000000024,2.0363499999999997,0.4562058748021806,30,0.004062499999999761,0.22197187499999949,0.5732250000000005,0.5332483333333334,0.7300843750000001,1.5181749999999998,0.3647549299602626,30,0.0,0.0,0.0,0.01810166666666667,0.0,0.5181749999999998,0.09455777036701742,0.4,1.0,0.4,1.0664966666666669,1.146450000000001,0.3286883333333333,0.9333333333333333,1.0,0.9333333333333333,0.5332483333333334,0.5732250000000005,0.01810166666666667
fixed_10k_discard,fake_marrakesh,0.75,30,30,0.022821249999999977,0.1313875,0.22103124999999998,0.2530323333333333,0.31864000000000003,0.7250262500000001,0.17732664971155312,30,0.022415,0.08646124999999993,0.1721,0.1997075,0.23965499999999998,0.692335,0.17019122534388115,30,0.0004062499999999761,0.02219718749999995,0.05732250000000006,0.05332483333333334,0.07300843750000002,0.1518175,0.03647549299602626,30,0.0,0.0,0.0,0.0,0.0,0.0,0.0,30,0.0,0.0,0.0,0.0,0.0,0.0,0.0,30,17500.0,17500.0,17500.0,17500.0,17500.0,17500.0,0.0,30,17500.0,17500.0,17500.0,17500.0,17500.0,17500.0,0.0,30,0.0,0.0,0.0,0.0,0.0,0.0,0.0,30,0.0,0.0,0.0,0.0,0.0,0.0,0.0,30,-0.005342500000000028,0.027445937499999976,0.09060437500000001,0.07713283333333333,0.11619125,0.18671749999999998,0.05317618519172412,30,-0.008614999999999998,0.002484999999999931,0.013599999999999932,0.023807999999999992,0.03978625000000007,0.0946499999999999,0.02720620636596705,30,7500.0,7500.0,7500.0,7500.0,7500.0,7500.0,0.0,30,7500.0,7500.0,7500.0,7500.0,7500.0,7500.0,0.0,30,0.00040624999999997434,0.02219718749999995,0.05732250000000004,0.053324833333333335,0.07300843750000002,0.1518175,0.03647549299602626,30,0.00021249999999994884,0.023044374999999923,0.06548250000000005,0.06106508333333334,0.08350062499999994,0.17251,0.043242820818761414,30,0.0011999999999999997,0.04073249999999997,0.09340000000000004,0.09116916666666668,0.1299075,0.26225,0.061203871976953095,30,0.0005645850245977124,0.01812360889959707,0.04228983081426514,0.04032918888889601,0.05520542181421824,0.11729989808890143,0.026987133164093586,30,0.0,0.0,0.0,0.0,0.0,0.0,0.0,30,0.0,0.0,0.0,0.0,0.0,0.0,0.0,30,0.0,0.0,0.0,0.0,0.0,0.0,0.0,30,0.0,0.0,0.0,0.0,0.0,0.0,0.0,30,0.008124999999999521,0.44394374999999897,1.146450000000001,1.0664966666666669,1.4601687500000002,3.0363499999999997,0.7295098599205252,30,0.0,0.0,0.1464500000000012,0.3286883333333333,0.46016875000000024,2.0363499999999997,0.4562058748021806,30,0.004062499999999761,0.22197187499999949,0.5732250000000005,0.5332483333333334,0.7300843750000001,1.5181749999999998,0.3647549299602626,30,0.0,0.0,0.0,0.01810166666666667,0.0,0.5181749999999998,0.09455777036701742,0.4,1.0,0.4,1.0664966666666669,1.146450000000001,0.3286883333333333,0.9333333333333333,1.0,0.9333333333333333,0.5332483333333334,0.5732250000000005,0.01810166666666667
fixed_10k_discard,fake_marrakesh,0.9,30,30,0.022821249999999977,0.1313875,0.22103124999999998,0.2530323333333333,0.31864000000000003,0.7250262500000001,0.17732664971155312,30,0.022415,0.08646124999999993,0.1721,0.1997075,0.23965499999999998,0.692335,0.17019122534388115,30,0.0004062499999999761,0.02219718749999995,0.05732250000000006,0.05332483333333334,0.07300843750000002,0.1518175,0.03647549299602626,30,0.0,0.0,0.0,0.0,0.0,0.0,0.0,30,0.0,0.0,0.0,0.0,0.0,0.0,0.0,30,19000.0,19000.0,19000.0,19000.0,19000.0,19000.0,0.0,30,19000.0,19000.0,19000.0,19000.0,19000.0,19000.0,0.0,30,0.0,0.0,0.0,0.0,0.0,0.0,0.0,30,0.0,0.0,0.0,0.0,0.0,0.0,0.0,30,-0.005342500000000028,0.027445937499999976,0.09060437500000001,0.07713283333333333,0.11619125,0.18671749999999998,0.05317618519172412,30,-0.008614999999999998,0.002484999999999931,0.013599999999999932,0.023807999999999992,0.03978625000000007,0.0946499999999999,0.02720620636596705,30,9000.0,9000.0,9000.0,9000.0,9000.0,9000.0,0.0,30,9000.0,9000.0,9000.0,9000.0,9000.0,9000.0,0.0,30,0.00040624999999997434,0.02219718749999995,0.05732250000000004,0.053324833333333335,0.07300843750000002,0.1518175,0.03647549299602626,30,0.00021249999999994884,0.023044374999999923,0.06548250000000005,0.06106508333333334,0.08350062499999994,0.17251,0.043242820818761414,30,0.0011999999999999997,0.04073249999999997,0.09340000000000004,0.09116916666666668,0.1299075,0.26225,0.061203871976953095,30,0.0005645850245977124,0.01812360889959707,0.04228983081426514,0.04032918888889601,0.05520542181421824,0.11729989808890143,0.026987133164093586,30,0.0,0.0,0.0,0.0,0.0,0.0,0.0,30,0.0,0.0,0.0,0.0,0.0,0.0,0.0,30,0.0,0.0,0.0,0.0,0.0,0.0,0.0,30,0.0,0.0,0.0,0.0,0.0,0.0,0.0,30,0.008124999999999521,0.44394374999999897,1.146450000000001,1.0664966666666669,1.4601687500000002,3.0363499999999997,0.7295098599205252,30,0.0,0.0,0.1464500000000012,0.3286883333333333,0.46016875000000024,2.0363499999999997,0.4562058748021806,30,0.004062499999999761,0.22197187499999949,0.5732250000000005,0.5332483333333334,0.7300843750000001,1.5181749999999998,0.3647549299602626,30,0.0,0.0,0.0,0.01810166666666667,0.0,0.5181749999999998,0.09455777036701742,0.4,1.0,0.4,1.0664966666666669,1.146450000000001,0.3286883333333333,0.9333333333333333,1.0,0.9333333333333333,0.5332483333333334,0.5732250000000005,0.01810166666666667
fixed_10k_discard,fake_sherbrooke,0.1,30,30,0.021806250000000003,0.10865624999999995,0.1976175,0.22834820833333327,0.28292125,0.69742125,0.17101092809268376,30,0.018775,0.06684999999999999,0.1270275,0.17524900000000002,0.20316,0.64942,0.16200003499041768,30,0.002088750000000028,0.017593124999999953,0.05905437500000001,0.05309920833333333,0.07853312499999998,0.12091624999999995,0.035695538774672554,30,0.0,0.0,0.0,0.0,0.0,0.0,0.0,30,0.0,0.0,0.0,0.0,0.0,0.0,0.0,30,11000.0,11000.0,11000.0,11000.0,11000.0,11000.0,0.0,30,11000.0,11000.0,11000.0,11000.0,11000.0,11000.0,0.0,30,0.0,0.0,0.0,0.0,0.0,0.0,0.0,30,0.0,0.0,0.0,0.0,0.0,0.0,0.0,30,-0.18472,-0.06305843750000006,-0.04412250000000004,-0.04628779166666667,-0.015673437500000064,0.0022875000000000256,0.03891394250248318,30,-0.29714999999999997,-0.1441,-0.11316000000000002,-0.09938699999999999,-0.0292574999999999,-0.00020499999999998297,0.06904578429289286,30,1000.0,1000.0,1000.0,1000.0,1000.0,1000.0,0.0,30,1000.0,1000.0,1000.0,1000.0,1000.0,1000.0,0.0,30,0.002088750000000023,0.01759312499999996,0.059054375000000006,0.053099208333333335,0.07853312499999998,0.12091624999999995,0.035695538774672554,30,0.0005849999999999883,0.013086249999999914,0.05720874999999995,0.05072616666666665,0.07233062499999997,0.13666749999999994,0.035826783564460715,30,0.004584999999999999,0.044199999999999996,0.11845000000000008,0.1109445,0.16919499999999998,0.25828999999999996,0.07376595568312544,30,0.0020981991286179997,0.020933231357910226,0.055633812950139735,0.05121267566989093,0.07909568841566034,0.11814024913917637,0.03313732169608251,30,0.0,0.0,0.0,0.0,0.0,0.0,0.0,30,0.0,0.0,0.0,0.0,0.0,0.0,0.0,30,0.0,0.0,0.0,0.0,0.0,0.0,0.0,30,0.0,0.0,0.0,0.0,0.0,0.0,0.0,30,0.04177500000000056,0.3518624999999991,1.1810875000000003,1.0619841666666665,1.5706624999999994,2.418324999999999,0.713910775493451,30,0.0,0.0,0.18108750000000018,0.3393533333333332,0.5706624999999994,1.418324999999999,0.40238210769361227,30,0.02088750000000028,0.17593124999999954,0.5905437500000001,0.5309920833333333,0.7853312499999997,1.2091624999999995,0.3569553877467255,30,0.0,0.0,0.0,0.011115416666666636,0.0,0.20916249999999947,0.04374410966299718,0.43333333333333335,1.0,0.43333333333333335,1.0619841666666665,1.1810875000000003,0.3393533333333332,0.9333333333333333,1.0,0.9333333333333333,0.5309920833333333,0.5905437500000001,0.011115416666666636
fixed_10k_discard,fake_sherbrooke,0.25,30,30,0.021806250000000003,0.10865624999999995,0.1976175,0.22834820833333327,0.28292125,0.69742125,0.17101092809268376,30,0.018775,0.06684999999999999,0.1270275,0.17524900000000002,0.20316,0.64942,0.16200003499041768,30,0.002088750000000028,0.017593124999999953,0.05905437500000001,0.05309920833333333,0.07853312499999998,0.12091624999999995,0.035695538774672554,30,0.0,0.0,0.0,0.0,0.0,0.0,0.0,30,0.0,0.0,0.0,0.0,0.0,0.0,0.0,30,12500.0,12500.0,12500.0,12500.0,12500.0,12500.0,0.0,30,12500.0,12500.0,12500.0,12500.0,12500.0,12500.0,0.0,30,0.0,0.0,0.0,0.0,0.0,0.0,0.0,30,0.0,0.0,0.0,0.0,0.0,0.0,0.0,30,-0.18472,-0.06305843750000006,-0.04412250000000004,-0.04628779166666667,-0.015673437500000064,0.0022875000000000256,0.03891394250248318,30,-0.29714999999999997,-0.1441,-0.11316000000000002,-0.09938699999999999,-0.0292574999999999,-0.00020499999999998297,0.06904578429289286,30,2500.0,2500.0,2500.0,2500.0,2500.0,2500.0,0.0,30,2500.0,2500.0,2500.0,2500.0,2500.0,2500.0,0.0,30,0.002088750000000023,0.01759312499999996,0.059054375000000006,0.053099208333333335,0.07853312499999998,0.12091624999999995,0.035695538774672554,30,0.0005849999999999883,0.013086249999999914,0.05720874999999995,0.05072616666666665,0.07233062499999997,0.13666749999999994,0.035826783564460715,30,0.004584999999999999,0.044199999999999996,0.11845000000000008,0.1109445,0.16919499999999998,0.25828999999999996,0.07376595568312544,30,0.0020981991286179997,0.020933231357910226,0.055633812950139735,0.05121267566989093,0.07909568841566034,0.11814024913917637,0.03313732169608251,30,0.0,0.0,0.0,0.0,0.0,0.0,0.0,30,0.0,0.0,0.0,0.0,0.0,0.0,0.0,30,0.0,0.0,0.0,0.0,0.0,0.0,0.0,30,0.0,0.0,0.0,0.0,0.0,0.0,0.0,30,0.04177500000000056,0.3518624999999991,1.1810875000000003,1.0619841666666665,1.5706624999999994,2.418324999999999,0.713910775493451,30,0.0,0.0,0.18108750000000018,0.3393533333333332,0.5706624999999994,1.418324999999999,0.40238210769361227,30,0.02088750000000028,0.17593124999999954,0.5905437500000001,0.5309920833333333,0.7853312499999997,1.2091624999999995,0.3569553877467255,30,0.0,0.0,0.0,0.011115416666666636,0.0,0.20916249999999947,0.04374410966299718,0.43333333333333335,1.0,0.43333333333333335,1.0619841666666665,1.1810875000000003,0.3393533333333332,0.9333333333333333,1.0,0.9333333333333333,0.5309920833333333,0.5905437500000001,0.011115416666666636
fixed_10k_discard,fake_sherbrooke,0.5,30,30,0.021806250000000003,0.10865624999999995,0.1976175,0.22834820833333327,0.28292125,0.69742125,0.17101092809268376,30,0.018775,0.06684999999999999,0.1270275,0.17524900000000002,0.20316,0.64942,0.16200003499041768,30,0.002088750000000028,0.017593124999999953,0.05905437500000001,0.05309920833333333,0.07853312499999998,0.12091624999999995,0.035695538774672554,30,0.0,0.0,0.0,0.0,0.0,0.0,0.0,30,0.0,0.0,0.0,0.0,0.0,0.0,0.0,30,15000.0,15000.0,15000.0,15000.0,15000.0,15000.0,0.0,30,15000.0,15000.0,15000.0,15000.0,15000.0,15000.0,0.0,30,0.0,0.0,0.0,0.0,0.0,0.0,0.0,30,0.0,0.0,0.0,0.0,0.0,0.0,0.0,30,-0.18472,-0.06305843750000006,-0.04412250000000004,-0.04628779166666667,-0.015673437500000064,0.0022875000000000256,0.03891394250248318,30,-0.29714999999999997,-0.1441,-0.11316000000000002,-0.09938699999999999,-0.0292574999999999,-0.00020499999999998297,0.06904578429289286,30,5000.0,5000.0,5000.0,5000.0,5000.0,5000.0,0.0,30,5000.0,5000.0,5000.0,5000.0,5000.0,5000.0,0.0,30,0.002088750000000023,0.01759312499999996,0.059054375000000006,0.053099208333333335,0.07853312499999998,0.12091624999999995,0.035695538774672554,30,0.0005849999999999883,0.013086249999999914,0.05720874999999995,0.05072616666666665,0.07233062499999997,0.13666749999999994,0.035826783564460715,30,0.004584999999999999,0.044199999999999996,0.11845000000000008,0.1109445,0.16919499999999998,0.25828999999999996,0.07376595568312544,30,0.0020981991286179997,0.020933231357910226,0.055633812950139735,0.05121267566989093,0.07909568841566034,0.11814024913917637,0.03313732169608251,30,0.0,0.0,0.0,0.0,0.0,0.0,0.0,30,0.0,0.0,0.0,0.0,0.0,0.0,0.0,30,0.0,0.0,0.0,0.0,0.0,0.0,0.0,30,0.0,0.0,0.0,0.0,0.0,0.0,0.0,30,0.04177500000000056,0.3518624999999991,1.1810875000000003,1.0619841666666665,1.5706624999999994,2.418324999999999,0.713910775493451,30,0.0,0.0,0.18108750000000018,0.3393533333333332,0.5706624999999994,1.418324999999999,0.40238210769361227,30,0.02088750000000028,0.17593124999999954,0.5905437500000001,0.5309920833333333,0.7853312499999997,1.2091624999999995,0.3569553877467255,30,0.0,0.0,0.0,0.011115416666666636,0.0,0.20916249999999947,0.04374410966299718,0.43333333333333335,1.0,0.43333333333333335,1.0619841666666665,1.1810875000000003,0.3393533333333332,0.9333333333333333,1.0,0.9333333333333333,0.5309920833333333,0.5905437500000001,0.011115416666666636
fixed_10k_discard,fake_sherbrooke,0.75,30,30,0.021806250000000003,0.10865624999999995,0.1976175,0.22834820833333327,0.28292125,0.69742125,0.17101092809268376,30,0.018775,0.06684999999999999,0.1270275,0.17524900000000002,0.20316,0.64942,0.16200003499041768,30,0.002088750000000028,0.017593124999999953,0.05905437500000001,0.05309920833333333,0.07853312499999998,0.12091624999999995,0.035695538774672554,30,0.0,0.0,0.0,0.0,0.0,0.0,0.0,30,0.0,0.0,0.0,0.0,0.0,0.0,0.0,30,17500.0,17500.0,17500.0,17500.0,17500.0,17500.0,0.0,30,17500.0,17500.0,17500.0,17500.0,17500.0,17500.0,0.0,30,0.0,0.0,0.0,0.0,0.0,0.0,0.0,30,0.0,0.0,0.0,0.0,0.0,0.0,0.0,30,-0.18472,-0.06305843750000006,-0.04412250000000004,-0.04628779166666667,-0.015673437500000064,0.0022875000000000256,0.03891394250248318,30,-0.29714999999999997,-0.1441,-0.11316000000000002,-0.09938699999999999,-0.0292574999999999,-0.00020499999999998297,0.06904578429289286,30,7500.0,7500.0,7500.0,7500.0,7500.0,7500.0,0.0,30,7500.0,7500.0,7500.0,7500.0,7500.0,7500.0,0.0,30,0.002088750000000023,0.01759312499999996,0.059054375000000006,0.053099208333333335,0.07853312499999998,0.12091624999999995,0.035695538774672554,30,0.0005849999999999883,0.013086249999999914,0.05720874999999995,0.05072616666666665,0.07233062499999997,0.13666749999999994,0.035826783564460715,30,0.004584999999999999,0.044199999999999996,0.11845000000000008,0.1109445,0.16919499999999998,0.25828999999999996,0.07376595568312544,30,0.0020981991286179997,0.020933231357910226,0.055633812950139735,0.05121267566989093,0.07909568841566034,0.11814024913917637,0.03313732169608251,30,0.0,0.0,0.0,0.0,0.0,0.0,0.0,30,0.0,0.0,0.0,0.0,0.0,0.0,0.0,30,0.0,0.0,0.0,0.0,0.0,0.0,0.0,30,0.0,0.0,0.0,0.0,0.0,0.0,0.0,30,0.04177500000000056,0.3518624999999991,1.1810875000000003,1.0619841666666665,1.5706624999999994,2.418324999999999,0.713910775493451,30,0.0,0.0,0.18108750000000018,0.3393533333333332,0.5706624999999994,1.418324999999999,0.40238210769361227,30,0.02088750000000028,0.17593124999999954,0.5905437500000001,0.5309920833333333,0.7853312499999997,1.2091624999999995,0.3569553877467255,30,0.0,0.0,0.0,0.011115416666666636,0.0,0.20916249999999947,0.04374410966299718,0.43333333333333335,1.0,0.43333333333333335,1.0619841666666665,1.1810875000000003,0.3393533333333332,0.9333333333333333,1.0,0.9333333333333333,0.5309920833333333,0.5905437500000001,0.011115416666666636
fixed_10k_discard,fake_sherbrooke,0.9,30,30,0.021806250000000003,0.10865624999999995,0.1976175,0.22834820833333327,0.28292125,0.69742125,0.17101092809268376,30,0.018775,0.06684999999999999,0.1270275,0.17524900000000002,0.20316,0.64942,0.16200003499041768,30,0.002088750000000028,0.017593124999999953,0.05905437500000001,0.05309920833333333,0.07853312499999998,0.12091624999999995,0.035695538774672554,30,0.0,0.0,0.0,0.0,0.0,0.0,0.0,30,0.0,0.0,0.0,0.0,0.0,0.0,0.0,30,19000.0,19000.0,19000.0,19000.0,19000.0,19000.0,0.0,30,19000.0,19000.0,19000.0,19000.0,19000.0,19000.0,0.0,30,0.0,0.0,0.0,0.0,0.0,0.0,0.0,30,0.0,0.0,0.0,0.0,0.0,0.0,0.0,30,-0.18472,-0.06305843750000006,-0.04412250000000004,-0.04628779166666667,-0.015673437500000064,0.0022875000000000256,0.03891394250248318,30,-0.29714999999999997,-0.1441,-0.11316000000000002,-0.09938699999999999,-0.0292574999999999,-0.00020499999999998297,0.06904578429289286,30,9000.0,9000.0,9000.0,9000.0,9000.0,9000.0,0.0,30,9000.0,9000.0,9000.0,9000.0,9000.0,9000.0,0.0,30,0.002088750000000023,0.01759312499999996,0.059054375000000006,0.053099208333333335,0.07853312499999998,0.12091624999999995,0.035695538774672554,30,0.0005849999999999883,0.013086249999999914,0.05720874999999995,0.05072616666666665,0.07233062499999997,0.13666749999999994,0.035826783564460715,30,0.004584999999999999,0.044199999999999996,0.11845000000000008,0.1109445,0.16919499999999998,0.25828999999999996,0.07376595568312544,30,0.0020981991286179997,0.020933231357910226,0.055633812950139735,0.05121267566989093,0.07909568841566034,0.11814024913917637,0.03313732169608251,30,0.0,0.0,0.0,0.0,0.0,0.0,0.0,30,0.0,0.0,0.0,0.0,0.0,0.0,0.0,30,0.0,0.0,0.0,0.0,0.0,0.0,0.0,30,0.0,0.0,0.0,0.0,0.0,0.0,0.0,30,0.04177500000000056,0.3518624999999991,1.1810875000000003,1.0619841666666665,1.5706624999999994,2.418324999999999,0.713910775493451,30,0.0,0.0,0.18108750000000018,0.3393533333333332,0.5706624999999994,1.418324999999999,0.40238210769361227,30,0.02088750000000028,0.17593124999999954,0.5905437500000001,0.5309920833333333,0.7853312499999997,1.2091624999999995,0.3569553877467255,30,0.0,0.0,0.0,0.011115416666666636,0.0,0.20916249999999947,0.04374410966299718,0.43333333333333335,1.0,0.43333333333333335,1.0619841666666665,1.1810875000000003,0.3393533333333332,0.9333333333333333,1.0,0.9333333333333333,0.5309920833333333,0.5905437500000001,0.011115416666666636
fixed_10k_discard,fake_torino,0.1,30,30,0.021911249999999976,0.10990624999999997,0.19909312499999998,0.23354974999999994,0.293001875,0.7072175,0.17398083425628505,30,0.018775,0.06684999999999999,0.1270275,0.17535133333333333,0.20316,0.64942,0.16211905981957092,30,0.0003437500000000038,0.018214687499999944,0.065516875,0.05819841666666667,0.08956562500000001,0.14758499999999997,0.04022727941122818,30,0.0,0.0,0.0,0.0,0.0,0.0,0.0,30,0.0,0.0,0.0,0.0,0.0,0.0,0.0,30,11000.0,11000.0,11000.0,11000.0,11000.0,11000.0,0.0,30,11000.0,11000.0,11000.0,11000.0,11000.0,11000.0,0.0,30,0.0,0.0,0.0,0.0,0.0,0.0,0.0,30,0.0,0.0,0.0,0.0,0.0,0.0,0.0,30,-0.060393750000000024,-0.03813125000000002,-0.01771875000000002,-0.020280083333333324,1.7499999999975868e-05,0.007589999999999986,0.021280582551772776,30,-0.17868499999999998,-0.11129249999999999,-0.08950000000000008,-0.07847849999999998,-0.026327499999999997,0.003070000000000017,0.051028686018849675,30,1000.0,1000.0,1000.0,1000.0,1000.0,1000.0,0.0,30,1000.0,1000.0,1000.0,1000.0,1000.0,1000.0,0.0,30,0.0003437499999999899,0.01821468749999995,0.065516875,0.05819841666666667,0.089565625,0.14758499999999997,0.04022727941122818,30,0.00030999999999999084,0.016475624999999952,0.06322500000000003,0.05894949999999998,0.09108625000000002,0.14659499999999998,0.04259834067919417,30,0.0007549999999999779,0.039907499999999894,0.12883000000000006,0.11489466666666666,0.16963625000000002,0.29714999999999997,0.07733515550815982,30,0.0003222932153593403,0.0188408295902931,0.06373675988520353,0.05532417457760078,0.0828567089736481,0.15177233794953104,0.037491251697209155,30,0.0,0.0,0.0,0.0,0.0,0.0,0.0,30,0.0,0.0,0.0,0.0,0.0,0.0,0.0,30,0.0,0.0,0.0,0.0,0.0,0.0,0.0,30,0.0,0.0,0.0,0.0,0.0,0.0,0.0,30,0.0068750000000000755,0.3642937499999989,1.3103374999999997,1.163968333333333,1.7913125,2.9516999999999993,0.8045455882245637,30,0.0,0.0,0.3103374999999998,0.43349833333333326,0.7913125,1.9516999999999993,0.5024492640338531,30,0.0034375000000000377,0.18214687499999946,0.6551687499999999,0.5819841666666665,0.89565625,1.4758499999999997,0.40227279411228184,30,0.0,0.0,0.0,0.022879583333333287,0.0,0.47584999999999966,0.0918673126319058,0.43333333333333335,1.0,0.43333333333333335,1.163968333333333,1.3103374999999997,0.43349833333333326,0.8666666666666667,1.0,0.8666666666666667,0.5819841666666665,0.6551687499999999,0.022879583333333287
fixed_10k_discard,fake_torino,0.25,30,30,0.021911249999999976,0.10990624999999997,0.19909312499999998,0.23354974999999994,0.293001875,0.7072175,0.17398083425628505,30,0.018775,0.06684999999999999,0.1270275,0.17535133333333333,0.20316,0.64942,0.16211905981957092,30,0.0003437500000000038,0.018214687499999944,0.065516875,0.05819841666666667,0.08956562500000001,0.14758499999999997,0.04022727941122818,30,0.0,0.0,0.0,0.0,0.0,0.0,0.0,30,0.0,0.0,0.0,0.0,0.0,0.0,0.0,30,12500.0,12500.0,12500.0,12500.0,12500.0,12500.0,0.0,30,12500.0,12500.0,12500.0,12500.0,12500.0,12500.0,0.0,30,0.0,0.0,0.0,0.0,0.0,0.0,0.0,30,0.0,0.0,0.0,0.0,0.0,0.0,0.0,30,-0.060393750000000024,-0.03813125000000002,-0.01771875000000002,-0.020280083333333324,1.7499999999975868e-05,0.007589999999999986,0.021280582551772776,30,-0.17868499999999998,-0.11129249999999999,-0.08950000000000008,-0.07847849999999998,-0.026327499999999997,0.003070000000000017,0.051028686018849675,30,2500.0,2500.0,2500.0,2500.0,2500.0,2500.0,0.0,30,2500.0,2500.0,2500.0,2500.0,2500.0,2500.0,0.0,30,0.0003437499999999899,0.01821468749999995,0.065516875,0.05819841666666667,0.089565625,0.14758499999999997,0.04022727941122818,30,0.00030999999999999084,0.016475624999999952,0.06322500000000003,0.05894949999999998,0.09108625000000002,0.14659499999999998,0.04259834067919417,30,0.0007549999999999779,0.039907499999999894,0.12883000000000006,0.11489466666666666,0.16963625000000002,0.29714999999999997,0.07733515550815982,30,0.0003222932153593403,0.0188408295902931,0.06373675988520353,0.05532417457760078,0.0828567089736481,0.15177233794953104,0.037491251697209155,30,0.0,0.0,0.0,0.0,0.0,0.0,0.0,30,0.0,0.0,0.0,0.0,0.0,0.0,0.0,30,0.0,0.0,0.0,0.0,0.0,0.0,0.0,30,0.0,0.0,0.0,0.0,0.0,0.0,0.0,30,0.0068750000000000755,0.3642937499999989,1.3103374999999997,1.163968333333333,1.7913125,2.9516999999999993,0.8045455882245637,30,0.0,0.0,0.3103374999999998,0.43349833333333326,0.7913125,1.9516999999999993,0.5024492640338531,30,0.0034375000000000377,0.18214687499999946,0.6551687499999999,0.5819841666666665,0.89565625,1.4758499999999997,0.40227279411228184,30,0.0,0.0,0.0,0.022879583333333287,0.0,0.47584999999999966,0.0918673126319058,0.43333333333333335,1.0,0.43333333333333335,1.163968333333333,1.3103374999999997,0.43349833333333326,0.8666666666666667,1.0,0.8666666666666667,0.5819841666666665,0.6551687499999999,0.022879583333333287
fixed_10k_discard,fake_torino,0.5,30,30,0.021911249999999976,0.10990624999999997,0.19909312499999998,0.23354974999999994,0.293001875,0.7072175,0.17398083425628505,30,0.018775,0.06684999999999999,0.1270275,0.17535133333333333,0.20316,0.64942,0.16211905981957092,30,0.0003437500000000038,0.018214687499999944,0.065516875,0.05819841666666667,0.08956562500000001,0.14758499999999997,0.04022727941122818,30,0.0,0.0,0.0,0.0,0.0,0.0,0.0,30,0.0,0.0,0.0,0.0,0.0,0.0,0.0,30,15000.0,15000.0,15000.0,15000.0,15000.0,15000.0,0.0,30,15000.0,15000.0,15000.0,15000.0,15000.0,15000.0,0.0,30,0.0,0.0,0.0,0.0,0.0,0.0,0.0,30,0.0,0.0,0.0,0.0,0.0,0.0,0.0,30,-0.060393750000000024,-0.03813125000000002,-0.01771875000000002,-0.020280083333333324,1.7499999999975868e-05,0.007589999999999986,0.021280582551772776,30,-0.17868499999999998,-0.11129249999999999,-0.08950000000000008,-0.07847849999999998,-0.026327499999999997,0.003070000000000017,0.051028686018849675,30,5000.0,5000.0,5000.0,5000.0,5000.0,5000.0,0.0,30,5000.0,5000.0,5000.0,5000.0,5000.0,5000.0,0.0,30,0.0003437499999999899,0.01821468749999995,0.065516875,0.05819841666666667,0.089565625,0.14758499999999997,0.04022727941122818,30,0.00030999999999999084,0.016475624999999952,0.06322500000000003,0.05894949999999998,0.09108625000000002,0.14659499999999998,0.04259834067919417,30,0.0007549999999999779,0.039907499999999894,0.12883000000000006,0.11489466666666666,0.16963625000000002,0.29714999999999997,0.07733515550815982,30,0.0003222932153593403,0.0188408295902931,0.06373675988520353,0.05532417457760078,0.0828567089736481,0.15177233794953104,0.037491251697209155,30,0.0,0.0,0.0,0.0,0.0,0.0,0.0,30,0.0,0.0,0.0,0.0,0.0,0.0,0.0,30,0.0,0.0,0.0,0.0,0.0,0.0,0.0,30,0.0,0.0,0.0,0.0,0.0,0.0,0.0,30,0.0068750000000000755,0.3642937499999989,1.3103374999999997,1.163968333333333,1.7913125,2.9516999999999993,0.8045455882245637,30,0.0,0.0,0.3103374999999998,0.43349833333333326,0.7913125,1.9516999999999993,0.5024492640338531,30,0.0034375000000000377,0.18214687499999946,0.6551687499999999,0.5819841666666665,0.89565625,1.4758499999999997,0.40227279411228184,30,0.0,0.0,0.0,0.022879583333333287,0.0,0.47584999999999966,0.0918673126319058,0.43333333333333335,1.0,0.43333333333333335,1.163968333333333,1.3103374999999997,0.43349833333333326,0.8666666666666667,1.0,0.8666666666666667,0.5819841666666665,0.6551687499999999,0.022879583333333287
fixed_10k_discard,fake_torino,0.75,30,30,0.021911249999999976,0.10990624999999997,0.19909312499999998,0.23354974999999994,0.293001875,0.7072175,0.17398083425628505,30,0.018775,0.06684999999999999,0.1270275,0.17535133333333333,0.20316,0.64942,0.16211905981957092,30,0.0003437500000000038,0.018214687499999944,0.065516875,0.05819841666666667,0.08956562500000001,0.14758499999999997,0.04022727941122818,30,0.0,0.0,0.0,0.0,0.0,0.0,0.0,30,0.0,0.0,0.0,0.0,0.0,0.0,0.0,30,17500.0,17500.0,17500.0,17500.0,17500.0,17500.0,0.0,30,17500.0,17500.0,17500.0,17500.0,17500.0,17500.0,0.0,30,0.0,0.0,0.0,0.0,0.0,0.0,0.0,30,0.0,0.0,0.0,0.0,0.0,0.0,0.0,30,-0.060393750000000024,-0.03813125000000002,-0.01771875000000002,-0.020280083333333324,1.7499999999975868e-05,0.007589999999999986,0.021280582551772776,30,-0.17868499999999998,-0.11129249999999999,-0.08950000000000008,-0.07847849999999998,-0.026327499999999997,0.003070000000000017,0.051028686018849675,30,7500.0,7500.0,7500.0,7500.0,7500.0,7500.0,0.0,30,7500.0,7500.0,7500.0,7500.0,7500.0,7500.0,0.0,30,0.0003437499999999899,0.01821468749999995,0.065516875,0.05819841666666667,0.089565625,0.14758499999999997,0.04022727941122818,30,0.00030999999999999084,0.016475624999999952,0.06322500000000003,0.05894949999999998,0.09108625000000002,0.14659499999999998,0.04259834067919417,30,0.0007549999999999779,0.039907499999999894,0.12883000000000006,0.11489466666666666,0.16963625000000002,0.29714999999999997,0.07733515550815982,30,0.0003222932153593403,0.0188408295902931,0.06373675988520353,0.05532417457760078,0.0828567089736481,0.15177233794953104,0.037491251697209155,30,0.0,0.0,0.0,0.0,0.0,0.0,0.0,30,0.0,0.0,0.0,0.0,0.0,0.0,0.0,30,0.0,0.0,0.0,0.0,0.0,0.0,0.0,30,0.0,0.0,0.0,0.0,0.0,0.0,0.0,30,0.0068750000000000755,0.3642937499999989,1.3103374999999997,1.163968333333333,1.7913125,2.9516999999999993,0.8045455882245637,30,0.0,0.0,0.3103374999999998,0.43349833333333326,0.7913125,1.9516999999999993,0.5024492640338531,30,0.0034375000000000377,0.18214687499999946,0.6551687499999999,0.5819841666666665,0.89565625,1.4758499999999997,0.40227279411228184,30,0.0,0.0,0.0,0.022879583333333287,0.0,0.47584999999999966,0.0918673126319058,0.43333333333333335,1.0,0.43333333333333335,1.163968333333333,1.3103374999999997,0.43349833333333326,0.8666666666666667,1.0,0.8666666666666667,0.5819841666666665,0.6551687499999999,0.022879583333333287
fixed_10k_discard,fake_torino,0.9,30,30,0.021911249999999976,0.10990624999999997,0.19909312499999998,0.23354974999999994,0.293001875,0.7072175,0.17398083425628505,30,0.018775,0.06684999999999999,0.1270275,0.17535133333333333,0.20316,0.64942,0.16211905981957092,30,0.0003437500000000038,0.018214687499999944,0.065516875,0.05819841666666667,0.08956562500000001,0.14758499999999997,0.04022727941122818,30,0.0,0.0,0.0,0.0,0.0,0.0,0.0,30,0.0,0.0,0.0,0.0,0.0,0.0,0.0,30,19000.0,19000.0,19000.0,19000.0,19000.0,19000.0,0.0,30,19000.0,19000.0,19000.0,19000.0,19000.0,19000.0,0.0,30,0.0,0.0,0.0,0.0,0.0,0.0,0.0,30,0.0,0.0,0.0,0.0,0.0,0.0,0.0,30,-0.060393750000000024,-0.03813125000000002,-0.01771875000000002,-0.020280083333333324,1.7499999999975868e-05,0.007589999999999986,0.021280582551772776,30,-0.17868499999999998,-0.11129249999999999,-0.08950000000000008,-0.07847849999999998,-0.026327499999999997,0.003070000000000017,0.051028686018849675,30,9000.0,9000.0,9000.0,9000.0,9000.0,9000.0,0.0,30,9000.0,9000.0,9000.0,9000.0,9000.0,9000.0,0.0,30,0.0003437499999999899,0.01821468749999995,0.065516875,0.05819841666666667,0.089565625,0.14758499999999997,0.04022727941122818,30,0.00030999999999999084,0.016475624999999952,0.06322500000000003,0.05894949999999998,0.09108625000000002,0.14659499999999998,0.04259834067919417,30,0.0007549999999999779,0.039907499999999894,0.12883000000000006,0.11489466666666666,0.16963625000000002,0.29714999999999997,0.07733515550815982,30,0.0003222932153593403,0.0188408295902931,0.06373675988520353,0.05532417457760078,0.0828567089736481,0.15177233794953104,0.037491251697209155,30,0.0,0.0,0.0,0.0,0.0,0.0,0.0,30,0.0,0.0,0.0,0.0,0.0,0.0,0.0,30,0.0,0.0,0.0,0.0,0.0,0.0,0.0,30,0.0,0.0,0.0,0.0,0.0,0.0,0.0,30,0.0068750000000000755,0.3642937499999989,1.3103374999999997,1.163968333333333,1.7913125,2.9516999999999993,0.8045455882245637,30,0.0,0.0,0.3103374999999998,0.43349833333333326,0.7913125,1.9516999999999993,0.5024492640338531,30,0.0034375000000000377,0.18214687499999946,0.6551687499999999,0.5819841666666665,0.89565625,1.4758499999999997,0.40227279411228184,30,0.0,0.0,0.0,0.022879583333333287,0.0,0.47584999999999966,0.0918673126319058,0.43333333333333335,1.0,0.43333333333333335,1.163968333333333,1.3103374999999997,0.43349833333333326,0.8666666666666667,1.0,0.8666666666666667,0.5819841666666665,0.6551687499999999,0.022879583333333287
fixed_10k_keep,fake_fez,0.1,30,30,0.02150499999999995,0.12221249999999996,0.20576749999999994,0.24055887499999998,0.3030015625,0.7025174999999999,0.17198339974942237,30,0.01972,0.0689999999999999,0.13542749999999998,0.1765088333333333,0.2071575,0.647085,0.16108465441844297,30,0.0017849999999999498,0.023549375000000046,0.07261374999999996,0.06405004166666667,0.09528906249999997,0.16269374999999997,0.04292297697907322,30,0.0,0.0,0.0,0.0,0.0,0.0,0.0,30,0.0,0.0,0.0,0.0,0.0,0.0,0.0,30,10000.0,10000.0,10000.0,10000.0,10000.0,10000.0,0.0,30,10000.0,10000.0,10000.0,10000.0,10000.0,10000.0,0.0,30,0.0,0.0,0.0,0.0,0.0,0.0,0.0,30,0.0,0.0,0.0,0.0,0.0,0.0,0.0,30,-0.013586250000000022,0.011468124999999892,0.04293375000000001,0.04037820833333334,0.060077500000000034,0.12438874999999999,0.03247157871117525,30,-0.0845449999999999,-0.03743250000000008,-0.014819999999999986,-0.023671833333333333,-0.0072750000000000314,-0.00021499999999990277,0.02347144157905199,30,0.0,0.0,0.0,0.0,0.0,0.0,0.0,30,0.0,0.0,0.0,0.0,0.0,0.0,0.0,30,0.001784999999999949,0.023549375000000046,0.07261375,0.06405004166666667,0.09528906250000001,0.16269375,0.04292297697907321,30,0.0006324999999999803,0.026151875000000054,0.08809999999999998,0.07641841666666667,0.10909250000000001,0.19019,0.05189444837959188,30,0.003094999999999997,0.04189375000000008,0.11433499999999999,0.10336333333333333,0.1553175,0.270395,0.06887306921172948,30,0.0013010444522254542,0.01835175536026946,0.051602873501598645,0.045949885135537244,0.07006079676669189,0.12131044372291283,0.030572672569385777,30,0.0,0.0,0.0,0.0,0.0,0.0,0.0,30,0.0,0.0,0.0,0.0,0.0,0.0,0.0,30,0.0,0.0,0.0,0.0,0.0,0.0,0.0,30,0.0,0.0,0.0,0.0,0.0,0.0,0.0,30,0.035699999999998996,0.4709875000000009,1.4522749999999993,1.2810008333333334,1.9057812499999995,3.2538749999999994,0.8584595395814644,30,0.0,0.0,0.4522749999999992,0.5312983333333333,0.9057812499999994,2.2538749999999994,0.5550388569782723,30,0.017849999999999498,0.23549375000000045,0.7261374999999997,0.6405004166666667,0.9528906249999998,1.6269374999999997,0.4292297697907322,30,0.0,0.0,0.0,0.03147416666666662,0.0,0.6269374999999997,0.12102210768636679,0.3333333333333333,1.0,0.3333333333333333,1.2810008333333334,1.4522749999999993,0.5312983333333333,0.8666666666666667,1.0,0.8666666666666667,0.6405004166666667,0.7261374999999997,0.03147416666666662
fixed_10k_keep,fake_fez,0.25,30,30,0.023588749999999974,0.11481874999999997,0.197551875,0.23198499999999997,0.2910278125,0.69265625,0.16881584876001618,30,0.019535,0.07102499999999991,0.14484999999999995,0.17830649999999998,0.209945,0.63047,0.1591518805350563,30,0.002326250000000002,0.020104375000000063,0.060443124999999986,0.05367850000000001,0.07997875000000002,0.13257750000000001,0.03487091398848389,30,0.0,0.0,0.0,0.0,0.0,0.0,0.0,30,0.0,0.0,0.0,0.0,0.0,0.0,0.0,30,10000.0,10000.0,10000.0,10000.0,10000.0,10000.0,0.0,30,10000.0,10000.0,10000.0,10000.0,10000.0,10000.0,0.0,30,0.0,0.0,0.0,0.0,0.0,0.0,0.0,30,0.0,0.0,0.0,0.0,0.0,0.0,0.0,30,-0.022068750000000026,0.009099999999999941,0.03322562499999998,0.03180433333333334,0.050197500000000006,0.10240250000000001,0.028781436513741643,30,-0.06785,-0.030056250000000007,-0.015074999999999998,-0.021874166666666688,-0.007000000000000072,-0.0004000000000000947,0.02004586241955377,30,0.0,0.0,0.0,0.0,0.0,0.0,0.0,30,0.0,0.0,0.0,0.0,0.0,0.0,0.0,30,0.002326250000000002,0.020104375000000067,0.060443125000000014,0.05367850000000001,0.07997875,0.13257750000000001,0.03487091398848389,30,0.0018375000000000058,0.022391875000000096,0.07243000000000002,0.06424033333333337,0.09027187500000002,0.15589750000000002,0.04230421190784291,30,0.005629999999999996,0.035633750000000075,0.0924375,0.08623333333333336,0.12887500000000002,0.21851500000000007,0.05579422569822407,30,0.0026186172400715635,0.015286376109241235,0.04164021570020337,0.0384095491491911,0.057221041831432846,0.09852015314137512,0.024907777506331788,30,0.0,0.0,0.0,0.0,0.0,0.0,0.0,30,0.0,0.0,0.0,0.0,0.0,0.0,0.0,30,0.0,0.0,0.0,0.0,0.0,0.0,0.0,30,0.0,0.0,0.0,0.0,0.0,0.0,0.0,30,0.04652500000000004,0.40208750000000126,1.2088624999999997,1.0735700000000001,1.5995750000000002,2.6515500000000003,0.6974182797696779,30,0.0,0.0,0.20886249999999973,0.3321616666666668,0.5995750000000003,1.6515500000000003,0.39958497875561655,30,0.02326250000000002,0.20104375000000063,0.6044312499999999,0.5367850000000001,0.7997875000000001,1.3257750000000001,0.3487091398848389,30,0.0,0.0,0.0,0.012296250000000016,0.0,0.32577500000000015,0.05972699538658786,0.4,1.0,0.4,1.0735700000000001,1.2088624999999997,0.3321616666666668,0.9333333333333333,1.0,0.9333333333333333,0.5367850000000001,0.6044312499999999,0.012296250000000016
fixed_10k_keep,fake_fez,0.5,30,30,0.023057499999999974,0.10312499999999997,0.18645125,0.21948508333333333,0.2710909375,0.68178875,0.1661812095348667,30,0.0216849999999999,0.075325,0.15692499999999995,0.18399749999999995,0.21747375,0.637445,0.15958625915672672,30,0.0006925000000000264,0.013635624999999992,0.039186249999999985,0.035487583333333336,0.05156624999999998,0.08656999999999998,0.023126274342644648,30,0.0,0.0,0.0,0.0,0.0,0.0,0.0,30,0.0,0.0,0.0,0.0,0.0,0.0,0.0,30,10000.0,10000.0,10000.0,10000.0,10000.0,10000.0,0.0,30,10000.0,10000.0,10000.0,10000.0,10000.0,10000.0,0.0,30,0.0,0.0,0.0,0.0,0.0,0.0,0.0,30,0.0,0.0,0.0,0.0,0.0,0.0,0.0,30,-0.02317625000000001,0.004798124999999992,0.02255437499999996,0.019304416666666664,0.033010625,0.06605,0.02123023862013369,30,-0.054889999999999994,-0.021671249999999996,-0.009892499999999992,-0.016183166666666672,-0.005199999999999925,0.0008999999999999841,0.015283834399023746,30,0.0,0.0,0.0,0.0,0.0,0.0,0.0,30,0.0,0.0,0.0,0.0,0.0,0.0,0.0,30,0.0006925000000000247,0.013635624999999995,0.03918624999999998,0.035487583333333336,0.05156625000000002,0.08657,0.023126274342644654,30,0.0005649999999999995,0.014829375000000013,0.04804999999999997,0.04256850000000001,0.059645625,0.1026425,0.028001892959411603,30,0.0016400000000000997,0.024883749999999955,0.05957749999999999,0.056813333333333334,0.08536125000000001,0.14099499999999998,0.03699477561749099,30,0.0007427033952617938,0.010400798465864608,0.026908421797674997,0.02533760318346254,0.03802661135752033,0.06470423002658583,0.016552997594652258,30,0.0,0.0,0.0,0.0,0.0,0.0,0.0,30,0.0,0.0,0.0,0.0,0.0,0.0,0.0,30,0.0,0.0,0.0,0.0,0.0,0.0,0.0,30,0.0,0.0,0.0,0.0,0.0,0.0,0.0,30,0.013850000000000529,0.2727124999999998,0.7837249999999997,0.7097516666666668,1.0313249999999996,1.7313999999999996,0.46252548685289296,30,0.0,0.0,0.0,0.06085083333333338,0.0313249999999996,0.7313999999999996,0.15459233200796516,30,0.006925000000000264,0.1363562499999999,0.39186249999999984,0.3548758333333334,0.5156624999999998,0.8656999999999998,0.23126274342644648,30,0.0,0.0,0.0,0.0,0.0,0.0,0.0,0.6666666666666666,1.0,0.6666666666666666,0.7097516666666668,0.7837249999999997,0.06085083333333338,1.0,1.0,1.0,0.3548758333333334,0.39186249999999984,0.0
fixed_10k_keep,fake_fez,0.75,30,30,0.022667499999999972,0.09368374999999998,0.17940812499999997,0.20887075,0.2536075,0.6861437499999999,0.16716381611866082,30,0.019855,0.08182499999999993,0.16896,0.19133749999999997,0.22557249999999995,0.665415,0.16424612800112542,30,0.0010212500000000013,0.00647499999999997,0.018879374999999983,0.017533249999999997,0.025645000000000022,0.04175125000000002,0.011028492681185657,30,0.0,0.0,0.0,0.0,0.0,0.0,0.0,30,0.0,0.0,0.0,0.0,0.0,0.0,0.0,30,10000.0,10000.0,10000.0,10000.0,10000.0,10000.0,0.0,30,10000.0,10000.0,10000.0,10000.0,10000.0,10000.0,0.0,30,0.0,0.0,0.0,0.0,0.0,0.0,0.0,30,0.0,0.0,0.0,0.0,0.0,0.0,0.0,30,-0.017677500000000013,0.0002671874999999931,0.009616874999999962,0.008690083333333327,0.015231250000000047,0.030426250000000044,0.011485239425869211,30,-0.02703,-0.012056249999999998,-0.005367500000000004,-0.008843166666666668,-0.0028437499999999765,0.0024000000000000965,0.008280435550277472,30,0.0,0.0,0.0,0.0,0.0,0.0,0.0,30,0.0,0.0,0.0,0.0,0.0,0.0,0.0,30,0.0010212500000000152,0.006474999999999968,0.018879374999999983,0.017533249999999997,0.025645000000000005,0.041751249999999976,0.011028492681185654,30,0.0006700000000000178,0.007432499999999948,0.022359999999999977,0.02110483333333333,0.030486249999999958,0.050137499999999974,0.013464806776296067,30,0.0026449999999999946,0.011034999999999975,0.02921249999999994,0.027923333333333335,0.04091875,0.06672999999999996,0.017375450990591207,30,0.0011601795838001377,0.004675527412655041,0.01303456761427667,0.01251275898253333,0.018123219614908644,0.030657454334141954,0.007734006281822758,30,0.0,0.0,0.0,0.0,0.0,0.0,0.0,30,0.0,0.0,0.0,0.0,0.0,0.0,0.0,30,0.0,0.0,0.0,0.0,0.0,0.0,0.0,30,0.0,0.0,0.0,0.0,0.0,0.0,0.0,30,0.020425000000000026,0.1294999999999994,0.37758749999999963,0.35066499999999995,0.5129000000000005,0.8350250000000004,0.22056985362371315,30,0.0,0.0,0.0,0.0,0.0,0.0,0.0,30,0.010212500000000013,0.0647499999999997,0.18879374999999982,0.17533249999999997,0.25645000000000023,0.4175125000000002,0.11028492681185657,30,0.0,0.0,0.0,0.0,0.0,0.0,0.0,1.0,1.0,1.0,0.35066499999999995,0.37758749999999963,0.0,1.0,1.0,1.0,0.17533249999999997,0.18879374999999982,0.0
fixed_10k_keep,fake_fez,0.9,30,30,0.023014999999999928,0.09110874999999999,0.17524,0.20316799999999996,0.24606499999999998,0.68848,0.16864421282976133,30,0.021915,0.08656374999999993,0.17004750000000002,0.19576816666666666,0.23297125,0.6803400000000001,0.16751128957055988,30,0.0003462500000000063,0.0032393750000000755,0.007765000000000022,0.0073998333333333355,0.010268124999999996,0.01825500000000002,0.0046243827259715795,30,0.0,0.0,0.0,0.0,0.0,0.0,0.0,30,0.0,0.0,0.0,0.0,0.0,0.0,0.0,30,10000.0,10000.0,10000.0,10000.0,10000.0,10000.0,0.0,30,10000.0,10000.0,10000.0,10000.0,10000.0,10000.0,0.0,30,0.0,0.0,0.0,0.0,0.0,0.0,0.0,30,0.0,0.0,0.0,0.0,0.0,0.0,0.0,30,-0.00925999999999999,0.0005534374999999932,0.004000000000000017,0.002987333333333331,0.006536562500000006,0.010460000000000025,0.004904224875629912,30,-0.011994999999999978,-0.006878749999999989,-0.003589999999999996,-0.004412500000000004,-0.001550000000000001,0.001899999999999999,0.00377702349284687,30,0.0,0.0,0.0,0.0,0.0,0.0,0.0,30,0.0,0.0,0.0,0.0,0.0,0.0,0.0,30,0.0003462500000000028,0.003239375000000074,0.007765000000000022,0.0073998333333333355,0.010268125000000006,0.018255000000000007,0.0046243827259715795,30,0.0001275000000000026,0.003572500000000098,0.008848749999999985,0.008813583333333335,0.012645,0.021650000000000003,0.00570903121059131,30,0.001130000000000006,0.005812500000000099,0.013020000000000004,0.011972166666666673,0.01708624999999999,0.029720000000000024,0.007216524701292708,30,0.0005264246543112025,0.002433231589006098,0.005612170394824199,0.005331993950162136,0.007347222223787311,0.013184934584593137,0.003195432685052565,30,0.0,0.0,0.0,0.0,0.0,0.0,0.0,30,0.0,0.0,0.0,0.0,0.0,0.0,0.0,30,0.0,0.0,0.0,0.0,0.0,0.0,0.0,30,0.0,0.0,0.0,0.0,0.0,0.0,0.0,30,0.0069250000000001255,0.06478750000000151,0.15530000000000044,0.14799666666666672,0.20536249999999992,0.3651000000000004,0.0924876545194316,30,0.0,0.0,0.0,0.0,0.0,0.0,0.0,30,0.0034625000000000627,0.032393750000000755,0.07765000000000022,0.07399833333333336,0.10268124999999996,0.1825500000000002,0.0462438272597158,30,0.0,0.0,0.0,0.0,0.0,0.0,0.0,1.0,1.0,1.0,0.14799666666666672,0.15530000000000044,0.0,1.0,1.0,1.0,0.07399833333333336,0.07765000000000022,0.0
fixed_10k_keep,fake_kyiv,0.1,30,30,0.020599999999999924,0.11384999999999997,0.19602312499999996,0.22977787499999996,0.283276875,0.6927587499999999,0.16964214954636164,30,0.016375,0.07585,0.14461499999999994,0.18379816666666662,0.21980875,0.64447,0.16154929247480226,30,0.0021224999999999716,0.01719531250000003,0.05366250000000001,0.04597970833333332,0.0654325,0.11187749999999996,0.030276712570948116,30,0.0,0.0,0.0,0.0,0.0,0.0,0.0,30,0.0,0.0,0.0,0.0,0.0,0.0,0.0,30,10000.0,10000.0,10000.0,10000.0,10000.0,10000.0,0.0,30,10000.0,10000.0,10000.0,10000.0,10000.0,10000.0,0.0,30,0.0,0.0,0.0,0.0,0.0,0.0,0.0,30,0.0,0.0,0.0,0.0,0.0,0.0,0.0,30,-0.12713249999999998,-0.0916753125,-0.056875000000000016,-0.05370495833333333,-0.016018749999999964,0.0033724999999999866,0.04073044119744211,30,-0.23900999999999994,-0.1577075,-0.10625000000000004,-0.09968466666666666,-0.035087499999999994,-0.000905000000000003,0.06863685794710138,30,0.0,0.0,0.0,0.0,0.0,0.0,0.0,30,0.0,0.0,0.0,0.0,0.0,0.0,0.0,30,0.0021224999999999924,0.017195312500000025,0.053662500000000016,0.045979708333333334,0.06543249999999998,0.11187749999999999,0.03027671257094811,30,0.0013324999999999865,0.012754374999999978,0.05456375000000005,0.04619333333333333,0.06615124999999997,0.11691999999999991,0.03149770415370019,30,0.005824999999999997,0.04274500000000005,0.10582249999999997,0.09153216666666665,0.13108624999999993,0.27098,0.06181756067716287,30,0.002557800161597202,0.019065732263040727,0.048621337813894425,0.0431595234576151,0.0581561522638857,0.12237249912323712,0.028459805031357647,30,0.0,0.0,0.0,0.0,0.0,0.0,0.0,30,0.0,0.0,0.0,0.0,0.0,0.0,0.0,30,0.0,0.0,0.0,0.0,0.0,0.0,0.0,30,0.0,0.0,0.0,0.0,0.0,0.0,0.0,30,0.04244999999999943,0.3439062500000005,1.0732500000000003,0.9195941666666664,1.30865,2.2375499999999993,0.6055342514189622,30,0.0,0.0,0.07325000000000015,0.2072316666666665,0.30865,1.2375499999999993,0.30439253715911113,30,0.021224999999999716,0.17195312500000026,0.5366250000000001,0.4597970833333332,0.654325,1.1187749999999996,0.3027671257094811,30,0.0,0.0,0.0,0.003959166666666654,0.0,0.11877499999999963,0.021685248922558634,0.4666666666666667,1.0,0.4666666666666667,0.9195941666666664,1.0732500000000003,0.2072316666666665,0.9666666666666667,1.0,0.9666666666666667,0.4597970833333332,0.5366250000000001,0.003959166666666654
fixed_10k_keep,fake_kyiv,0.25,30,30,0.019887499999999975,0.11829374999999998,0.20135624999999993,0.23701391666666666,0.2984259375,0.70036875,0.17082350544612504,30,0.01828,0.0864375,0.16145999999999994,0.19875099999999996,0.24508875,0.6507000000000001,0.16294637563236605,30,0.0016074999999999735,0.014418125000000016,0.0443875,0.038262916666666674,0.054222187500000046,0.09082250000000003,0.025054444761336274,30,0.0,0.0,0.0,0.0,0.0,0.0,0.0,30,0.0,0.0,0.0,0.0,0.0,0.0,0.0,30,10000.0,10000.0,10000.0,10000.0,10000.0,10000.0,0.0,30,10000.0,10000.0,10000.0,10000.0,10000.0,10000.0,0.0,30,0.0,0.0,0.0,0.0,0.0,0.0,0.0,30,0.0,0.0,0.0,0.0,0.0,0.0,0.0,30,-0.10802249999999997,-0.07509406249999996,-0.04892499999999998,-0.04646891666666666,-0.014324999999999966,0.003004999999999994,0.033804762773582075,30,-0.198845,-0.12996625,-0.08925,-0.08473183333333333,-0.030503749999999996,-0.0008900000000000019,0.05663732797192016,30,0.0,0.0,0.0,0.0,0.0,0.0,0.0,30,0.0,0.0,0.0,0.0,0.0,0.0,0.0,30,0.0016074999999999735,0.014418125000000018,0.04438749999999999,0.038262916666666674,0.05422218750000001,0.09082250000000001,0.025054444761336274,30,0.0020124999999999484,0.01089687500000001,0.04396375000000001,0.038292166666666676,0.05579249999999997,0.09842000000000001,0.026281265015849854,30,0.0024049999999999974,0.03587875000000005,0.085445,0.07646733333333336,0.11141375000000002,0.220505,0.05081881841122089,30,0.0010893614337460773,0.01626153496431902,0.040336594659830714,0.03616832287958117,0.049462688498664545,0.09967671062824388,0.023433342420712315,30,0.0,0.0,0.0,0.0,0.0,0.0,0.0,30,0.0,0.0,0.0,0.0,0.0,0.0,0.0,30,0.0,0.0,0.0,0.0,0.0,0.0,0.0,30,0.0,0.0,0.0,0.0,0.0,0.0,0.0,30,0.03214999999999947,0.2883625000000003,0.88775,0.7652583333333335,1.084443750000001,1.8164500000000006,0.5010888952267255,30,0.0,0.0,0.0,0.09155333333333344,0.08444375000000093,0.8164500000000006,0.19833216638070694,30,0.016074999999999735,0.14418125000000015,0.443875,0.38262916666666674,0.5422218750000005,0.9082250000000003,0.25054444761336275,30,0.0,0.0,0.0,0.0,0.0,0.0,0.0,0.6,1.0,0.6,0.7652583333333335,0.88775,0.09155333333333344,1.0,1.0,1.0,0.38262916666666674,0.443875,0.0
fixed_10k_keep,fake_kyiv,0.5,30,30,0.019173749999999976,0.12729374999999998,0.22110749999999996,0.25076979166666663,0.3287040625,0.7128574999999999,0.17528111121393716,30,0.01706,0.10607499999999993,0.18184250000000002,0.22506400000000001,0.29293625,0.677605,0.16879741436265322,30,0.0021137499999999768,0.009965937500000039,0.028837500000000002,0.02570579166666668,0.03609343749999998,0.05850875,0.016342205063076248,30,0.0,0.0,0.0,0.0,0.0,0.0,0.0,30,0.0,0.0,0.0,0.0,0.0,0.0,0.0,30,10000.0,10000.0,10000.0,10000.0,10000.0,10000.0,0.0,30,10000.0,10000.0,10000.0,10000.0,10000.0,10000.0,0.0,30,0.0,0.0,0.0,0.0,0.0,0.0,0.0,30,0.0,0.0,0.0,0.0,0.0,0.0,0.0,30,-0.07103124999999999,-0.052571874999999935,-0.03351249999999997,-0.03271304166666667,-0.012802812499999969,-6.125000000001268e-05,0.021985435982310095,30,-0.12954,-0.09029375,-0.05979999999999999,-0.05841883333333334,-0.024366250000000002,-0.00520000000000001,0.0364906699620822,30,0.0,0.0,0.0,0.0,0.0,0.0,0.0,30,0.0,0.0,0.0,0.0,0.0,0.0,0.0,30,0.002113749999999975,0.009965937500000037,0.028837499999999988,0.025705791666666682,0.03609343749999997,0.05850875,0.016342205063076248,30,0.001915,0.006870625000000088,0.030049999999999973,0.025818083333333353,0.037755,0.06743750000000001,0.016914929944753517,30,0.0046249999999999,0.025350000000000025,0.05504999999999999,0.051187,0.07351374999999999,0.14312999999999998,0.03372158759607857,30,0.001913854640074101,0.01142043397386397,0.02715337982251502,0.024242067254804874,0.03406688048507693,0.06482903520992733,0.015488739615941011,30,0.0,0.0,0.0,0.0,0.0,0.0,0.0,30,0.0,0.0,0.0,0.0,0.0,0.0,0.0,30,0.0,0.0,0.0,0.0,0.0,0.0,0.0,30,0.0,0.0,0.0,0.0,0.0,0.0,0.0,30,0.042274999999999535,0.19931875000000077,0.5767500000000001,0.5141158333333335,0.7218687499999996,1.170175,0.3268441012615249,30,0.0,0.0,0.0,0.01026833333333336,0.0,0.17017499999999997,0.03930687671987271,30,0.021137499999999768,0.09965937500000038,0.28837500000000005,0.2570579166666668,0.3609343749999998,0.5850875,0.16342205063076246,30,0.0,0.0,0.0,0.0,0.0,0.0,0.0,0.9333333333333333,1.0,0.9333333333333333,0.5141158333333335,0.5767500000000001,0.01026833333333336,1.0,1.0,1.0,0.2570579166666668,0.28837500000000005,0.0
fixed_10k_keep,fake_kyiv,0.75,30,30,0.021036249999999947,0.1364375,0.23842874999999994,0.2656199583333333,0.33943500000000004,0.737435,0.18206625515928124,30,0.0193,0.1243,0.2187749999999999,0.2524861666666666,0.33121,0.72161,0.17822281465414894,30,0.0017362499999999462,0.004715624999999987,0.013487500000000041,0.013133791666666662,0.019195937500000024,0.028789999999999927,0.007843568242043955,30,0.0,0.0,0.0,0.0,0.0,0.0,0.0,30,0.0,0.0,0.0,0.0,0.0,0.0,0.0,30,10000.0,10000.0,10000.0,10000.0,10000.0,10000.0,0.0,30,10000.0,10000.0,10000.0,10000.0,10000.0,10000.0,0.0,30,0.0,0.0,0.0,0.0,0.0,0.0,0.0,30,0.0,0.0,0.0,0.0,0.0,0.0,0.0,30,-0.03888124999999998,-0.027553749999999974,-0.01770062499999997,-0.017862875000000004,-0.007594687500000065,-0.00022250000000000048,0.011374134663703449,30,-0.06630499999999995,-0.04736249999999992,-0.02975000000000004,-0.03099666666666667,-0.0191575,-0.0031199999999999978,0.018238834389430077,30,0.0,0.0,0.0,0.0,0.0,0.0,0.0,30,0.0,0.0,0.0,0.0,0.0,0.0,0.0,30,0.0017362499999999488,0.004715624999999985,0.013487500000000034,0.01313379166666667,0.019195937500000045,0.028789999999999955,0.007843568242043965,30,0.0004674999999999957,0.004791875000000037,0.013925000000000066,0.013125250000000001,0.019399375000000055,0.033897499999999914,0.008378900027336733,30,0.003799999999999998,0.011824999999999971,0.02705000000000002,0.026284666666666675,0.03767625000000008,0.065975,0.01564400567879471,30,0.0016214705259938245,0.00562836774055082,0.013153328185346612,0.012434378047912236,0.017493118753160182,0.029972079055625538,0.007227576698618432,30,0.0,0.0,0.0,0.0,0.0,0.0,0.0,30,0.0,0.0,0.0,0.0,0.0,0.0,0.0,30,0.0,0.0,0.0,0.0,0.0,0.0,0.0,30,0.0,0.0,0.0,0.0,0.0,0.0,0.0,30,0.03472499999999892,0.09431249999999974,0.2697500000000008,0.2626758333333333,0.3839187500000005,0.5757999999999985,0.1568713648408791,30,0.0,0.0,0.0,0.0,0.0,0.0,0.0,30,0.01736249999999946,0.04715624999999987,0.1348750000000004,0.13133791666666664,0.19195937500000024,0.28789999999999927,0.07843568242043955,30,0.0,0.0,0.0,0.0,0.0,0.0,0.0,1.0,1.0,1.0,0.2626758333333333,0.2697500000000008,0.0,1.0,1.0,1.0,0.13133791666666664,0.1348750000000004,0.0
fixed_10k_keep,fake_kyiv,0.9,30,30,0.0208862499999999,0.14156874999999994,0.24877749999999998,0.2757496666666666,0.35298093750000004,0.7514575000000001,0.1869252525201831,30,0.0201999999999999,0.13602499999999992,0.24247499999999994,0.27015883333333335,0.347565,0.74564,0.18511000869326202,30,0.00036999999999998145,0.0023618750000000306,0.005250000000000012,0.005590833333333344,0.008514375000000018,0.012467500000000076,0.0034352040033366624,30,0.0,0.0,0.0,0.0,0.0,0.0,0.0,30,0.0,0.0,0.0,0.0,0.0,0.0,0.0,30,10000.0,10000.0,10000.0,10000.0,10000.0,10000.0,0.0,30,10000.0,10000.0,10000.0,10000.0,10000.0,10000.0,0.0,30,0.0,0.0,0.0,0.0,0.0,0.0,0.0,30,0.0,0.0,0.0,0.0,0.0,0.0,0.0,30,-0.015687499999999854,-0.011350937500000005,-0.008218749999999983,-0.00773316666666665,-0.003800000000000015,-0.0007962499999999983,0.0047391474109243605,30,-0.027229999999999976,-0.01921000000000002,-0.01299750000000005,-0.013323999999999996,-0.007250000000000041,-0.0020000000000000018,0.007599732799295605,30,0.0,0.0,0.0,0.0,0.0,0.0,0.0,30,0.0,0.0,0.0,0.0,0.0,0.0,0.0,30,0.000369999999999978,0.0023618749999999985,0.00525000000000001,0.005590833333333336,0.008514375000000005,0.01246750000000002,0.003435204003336661,30,0.00037250000000000477,0.0020868750000000227,0.005433749999999994,0.005552166666666669,0.00909562500000001,0.012457499999999955,0.003662945555653013,30,0.0007349999999999024,0.0052925000000000715,0.010677500000000027,0.011259,0.015628749999999997,0.029505000000000003,0.006926571575686155,30,0.00033148655075780886,0.0023717067208113285,0.0051860760188654625,0.005242795041522387,0.007627111037492264,0.013479225064273286,0.0032385887220706916,30,0.0,0.0,0.0,0.0,0.0,0.0,0.0,30,0.0,0.0,0.0,0.0,0.0,0.0,0.0,30,0.0,0.0,0.0,0.0,0.0,0.0,0.0,30,0.0,0.0,0.0,0.0,0.0,0.0,0.0,30,0.007399999999999629,0.04723750000000061,0.10500000000000023,0.11181666666666691,0.17028750000000037,0.24935000000000151,0.06870408006673326,30,0.0,0.0,0.0,0.0,0.0,0.0,0.0,30,0.0036999999999998145,0.023618750000000306,0.052500000000000116,0.055908333333333456,0.08514375000000018,0.12467500000000076,0.03435204003336663,30,0.0,0.0,0.0,0.0,0.0,0.0,0.0,1.0,1.0,1.0,0.11181666666666691,0.10500000000000023,0.0,1.0,1.0,1.0,0.055908333333333456,0.052500000000000116,0.0
fixed_10k_keep,fake_marrakesh,0.1,30,30,0.023034999999999924,0.12481874999999996,0.21117874999999992,0.24348041666666667,0.30402375000000004,0.70907375,0.17308507265879072,30,0.0210349999999999,0.08613499999999993,0.17004750000000002,0.1956796666666666,0.23297125,0.6803400000000001,0.16735155951558642,30,0.0020000000000000226,0.02076562500000006,0.051683125000000024,0.047800750000000024,0.06527468750000005,0.1374225,0.0327641880125342,30,0.0,0.0,0.0,0.0,0.0,0.0,0.0,30,0.0,0.0,0.0,0.0,0.0,0.0,0.0,30,10000.0,10000.0,10000.0,10000.0,10000.0,10000.0,0.0,30,10000.0,10000.0,10000.0,10000.0,10000.0,10000.0,0.0,30,0.0,0.0,0.0,0.0,0.0,0.0,0.0,30,0.0,0.0,0.0,0.0,0.0,0.0,0.0,30,-0.009873750000000014,0.02273562500000003,0.07954437500000003,0.06758091666666664,0.10153656250000001,0.1645275,0.04820760070604359,30,-0.013280000000000014,0.0026949999999999023,0.011752500000000013,0.01978016666666665,0.035373750000000065,0.08576500000000001,0.02469041104123335,30,0.0,0.0,0.0,0.0,0.0,0.0,0.0,30,0.0,0.0,0.0,0.0,0.0,0.0,0.0,30,0.0020000000000000235,0.020765625000000055,0.05168312500000003,0.04780075000000002,0.06527468750000004,0.1374225,0.032764188012534196,30,0.0012374999999999504,0.021204375000000025,0.059388750000000004,0.054757000000000014,0.074225625,0.1566775,0.03879136871535142,30,0.003879999999999998,0.037885000000000106,0.08510000000000001,0.081689,0.11724874999999998,0.23633499999999996,0.05503514189854609,30,0.0019171506635282363,0.01665227052136523,0.038282178852968585,0.036085293944928584,0.04983504647019455,0.1062708179213215,0.024352245322198058,30,0.0,0.0,0.0,0.0,0.0,0.0,0.0,30,0.0,0.0,0.0,0.0,0.0,0.0,0.0,30,0.0,0.0,0.0,0.0,0.0,0.0,0.0,30,0.0,0.0,0.0,0.0,0.0,0.0,0.0,30,0.04000000000000045,0.4153125000000011,1.0336625000000006,0.9560150000000001,1.305493750000001,2.74845,0.655283760250684,30,0.0,0.0,0.033662500000000484,0.23248583333333334,0.30549375000000106,1.74845,0.3817038036138061,30,0.020000000000000226,0.20765625000000054,0.5168312500000003,0.47800750000000003,0.6527468750000005,1.374225,0.327641880125342,30,0.0,0.0,0.0,0.012474166666666668,0.0,0.37422500000000003,0.06832382469412358,0.43333333333333335,1.0,0.43333333333333335,0.9560150000000001,1.0336625000000006,0.23248583333333334,0.9666666666666667,1.0,0.9666666666666667,0.47800750000000003,0.5168312500000003,0.012474166666666668
fixed_10k_keep,fake_marrakesh,0.25,30,30,0.021717499999999973,0.11366249999999996,0.19644124999999996,0.23087129166666662,0.2867778125,0.6880737499999999,0.16819344946853715,30,0.02017,0.08182499999999993,0.168925,0.19123166666666666,0.22557249999999995,0.665415,0.16408947934468315,30,0.0015474999999999725,0.017870937499999965,0.043851875000000026,0.039639624999999984,0.05595781249999995,0.1124175,0.02687195882582536,30,0.0,0.0,0.0,0.0,0.0,0.0,0.0,30,0.0,0.0,0.0,0.0,0.0,0.0,0.0,30,10000.0,10000.0,10000.0,10000.0,10000.0,10000.0,0.0,30,10000.0,10000.0,10000.0,10000.0,10000.0,10000.0,0.0,30,0.0,0.0,0.0,0.0,0.0,0.0,0.0,30,0.0,0.0,0.0,0.0,0.0,0.0,0.0,30,-0.02043499999999998,0.019930937500000016,0.06426250000000007,0.05497179166666665,0.08274281249999997,0.13599250000000002,0.0416987464340172,30,-0.02387499999999998,0.0021712500000000013,0.009535000000000016,0.015332166666666659,0.030170000000000002,0.0721449999999999,0.02178604336865506,30,0.0,0.0,0.0,0.0,0.0,0.0,0.0,30,0.0,0.0,0.0,0.0,0.0,0.0,0.0,30,0.0015474999999999742,0.017870937499999982,0.04385187500000004,0.03963962499999999,0.05595781249999996,0.11241749999999999,0.02687195882582536,30,0.0005199999999999493,0.017129999999999965,0.04853750000000002,0.04548383333333333,0.06214249999999992,0.12872499999999998,0.03204968791023835,30,0.0048749999999999905,0.03256124999999997,0.07094999999999999,0.06759083333333332,0.09819375,0.19222,0.04488562831746954,30,0.0022353984544147758,0.01406664997089748,0.03166789771397888,0.0299760972653526,0.04171376980955091,0.08696321228925866,0.019965333721366312,30,0.0,0.0,0.0,0.0,0.0,0.0,0.0,30,0.0,0.0,0.0,0.0,0.0,0.0,0.0,30,0.0,0.0,0.0,0.0,0.0,0.0,0.0,30,0.0,0.0,0.0,0.0,0.0,0.0,0.0,30,0.03094999999999945,0.3574187499999993,0.8770375000000006,0.7927924999999997,1.1191562499999987,2.24835,0.5374391765165073,30,0.0,0.0,0.0,0.11611583333333328,0.11915624999999885,1.2483499999999998,0.2603303297373899,30,0.015474999999999725,0.17870937499999964,0.4385187500000003,0.39639624999999984,0.5595781249999994,1.124175,0.26871958825825365,30,0.0,0.0,0.0,0.004139166666666664,0.0,0.12417499999999992,0.022671149526067986,0.6666666666666666,1.0,0.6666666666666666,0.7927924999999997,0.8770375000000006,0.11611583333333328,0.9666666666666667,1.0,0.9666666666666667,0.39639624999999984,0.4385187500000003,0.004139166666666664
fixed_10k_keep,fake_marrakesh,0.5,30,30,0.02300375,0.09661874999999999,0.17421187499999996,0.21049495833333332,0.25873375,0.6539675,0.16202094601459988,30,0.019235,0.075325,0.15637249999999997,0.183923,0.21747375,0.637445,0.15964843909730814,30,0.0019050000000000455,0.01201281249999995,0.029677499999999968,0.02657195833333333,0.03690968749999998,0.07461749999999995,0.01755795342328235,30,0.0,0.0,0.0,0.0,0.0,0.0,0.0,30,0.0,0.0,0.0,0.0,0.0,0.0,0.0,30,10000.0,10000.0,10000.0,10000.0,10000.0,10000.0,0.0,30,10000.0,10000.0,10000.0,10000.0,10000.0,10000.0,0.0,30,0.0,0.0,0.0,0.0,0.0,0.0,0.0,30,0.0,0.0,0.0,0.0,0.0,0.0,0.0,30,-0.02363499999999996,0.011954687500000004,0.0439125000000001,0.034595458333333315,0.055402187500000005,0.08899749999999995,0.029563408560222458,30,-0.025540000000000007,0.0007949999999999988,0.006200000000000046,0.008023499999999989,0.018563749999999997,0.050184999999999896,0.01639042893286957,30,0.0,0.0,0.0,0.0,0.0,0.0,0.0,30,0.0,0.0,0.0,0.0,0.0,0.0,0.0,30,0.001905000000000004,0.012012812499999952,0.02967749999999996,0.02657195833333333,0.03690968749999998,0.07461749999999999,0.01755795342328235,30,0.002087499999999992,0.011341249999999914,0.03325124999999998,0.03055958333333332,0.042199374999999935,0.0866525,0.020925826087629436,30,0.0034049999999999914,0.022668749999999925,0.04733999999999995,0.04516866666666664,0.06499249999999994,0.12516499999999997,0.029238749588025557,30,0.0014647354709980897,0.009665817372966902,0.02079835353303435,0.02002108628426541,0.027962280865723294,0.05758768133608667,0.013070082305701648,30,0.0,0.0,0.0,0.0,0.0,0.0,0.0,30,0.0,0.0,0.0,0.0,0.0,0.0,0.0,30,0.0,0.0,0.0,0.0,0.0,0.0,0.0,30,0.0,0.0,0.0,0.0,0.0,0.0,0.0,30,0.03810000000000091,0.240256249999999,0.5935499999999994,0.5314391666666665,0.7381937499999998,1.492349999999999,0.351159068465647,30,0.0,0.0,0.0,0.017349166666666638,0.0,0.49234999999999896,0.08985999274813775,30,0.019050000000000455,0.1201281249999995,0.2967749999999997,0.26571958333333323,0.3690968749999999,0.7461749999999995,0.1755795342328235,30,0.0,0.0,0.0,0.0,0.0,0.0,0.0,0.9333333333333333,1.0,0.9333333333333333,0.5314391666666665,0.5935499999999994,0.017349166666666638,1.0,1.0,1.0,0.26571958333333323,0.2967749999999997,0.0
fixed_10k_keep,fake_marrakesh,0.75,30,30,0.023344999999999977,0.08455624999999997,0.15859562499999996,0.1919566666666666,0.22945968749999998,0.63822375,0.16000256892345477,30,0.02037,0.07102499999999991,0.14484999999999995,0.17860133333333333,0.209945,0.63047,0.15917212748193837,30,0.001428750000000048,0.0065134375000000175,0.014437499999999971,0.01335533333333334,0.018690312500000007,0.03544750000000002,0.008372796351447716,30,0.0,0.0,0.0,0.0,0.0,0.0,0.0,30,0.0,0.0,0.0,0.0,0.0,0.0,0.0,30,10000.0,10000.0,10000.0,10000.0,10000.0,10000.0,0.0,30,10000.0,10000.0,10000.0,10000.0,10000.0,10000.0,0.0,30,0.0,0.0,0.0,0.0,0.0,0.0,0.0,30,0.0,0.0,0.0,0.0,0.0,0.0,0.0,30,-0.019613749999999985,0.005264999999999985,0.020816250000000057,0.01605716666666665,0.02758968749999998,0.04235499999999992,0.0157073502929544,30,-0.023969999999999936,-0.0015300000000000001,0.003742499999999954,0.0027018333333333087,0.008915,0.026799999999999907,0.010055803992559785,30,0.0,0.0,0.0,0.0,0.0,0.0,0.0,30,0.0,0.0,0.0,0.0,0.0,0.0,0.0,30,0.0014287500000000498,0.006513437500000026,0.014437499999999975,0.013355333333333346,0.018690312500000014,0.03544750000000001,0.008372796351447713,30,0.0009974999999999914,0.005909374999999998,0.017312499999999995,0.015523750000000015,0.021527500000000036,0.04156750000000001,0.01017128924435057,30,0.0026250000000000995,0.011132500000000075,0.023155000000000002,0.022373833333333346,0.03240000000000007,0.05865500000000001,0.013502326024604525,30,0.001187633325848813,0.004868306293247118,0.010351916641217224,0.009990725763960633,0.01379809563688991,0.02717841438225073,0.006020337225003149,30,0.0,0.0,0.0,0.0,0.0,0.0,0.0,30,0.0,0.0,0.0,0.0,0.0,0.0,0.0,30,0.0,0.0,0.0,0.0,0.0,0.0,0.0,30,0.0,0.0,0.0,0.0,0.0,0.0,0.0,30,0.02857500000000096,0.13026875000000035,0.2887499999999994,0.2671066666666669,0.3738062500000001,0.7089500000000004,0.16745592702895432,30,0.0,0.0,0.0,0.0,0.0,0.0,0.0,30,0.01428750000000048,0.06513437500000017,0.1443749999999997,0.13355333333333344,0.18690312500000006,0.3544750000000002,0.08372796351447716,30,0.0,0.0,0.0,0.0,0.0,0.0,0.0,1.0,1.0,1.0,0.2671066666666669,0.2887499999999994,0.0,1.0,1.0,1.0,0.13355333333333344,0.1443749999999997,0.0
fixed_10k_keep,fake_marrakesh,0.9,30,30,0.017712500000000003,0.07543749999999994,0.14167874999999994,0.18190179166666665,0.2141615625,0.64782,0.16113424420850747,30,0.016375,0.0689999999999999,0.13542749999999998,0.17657966666666666,0.2071575,0.64627,0.16094693596473586,30,0.0006312500000000276,0.002566875000000012,0.004957499999999976,0.005322125,0.007319062500000025,0.015669999999999962,0.003485010159752407,30,0.0,0.0,0.0,0.0,0.0,0.0,0.0,30,0.0,0.0,0.0,0.0,0.0,0.0,0.0,30,10000.0,10000.0,10000.0,10000.0,10000.0,10000.0,0.0,30,10000.0,10000.0,10000.0,10000.0,10000.0,10000.0,0.0,30,0.0,0.0,0.0,0.0,0.0,0.0,0.0,30,0.0,0.0,0.0,0.0,0.0,0.0,0.0,30,-0.01186374999999995,0.0015909374999999682,0.008024999999999984,0.0060022916666666514,0.010770312499999983,0.017557499999999948,0.006695546271938485,30,-0.013400000000000023,-0.0016587500000000734,0.0005999999999999478,0.0006801666666666535,0.004024999999999949,0.010105000000000003,0.004885084350264116,30,0.0,0.0,0.0,0.0,0.0,0.0,0.0,30,0.0,0.0,0.0,0.0,0.0,0.0,0.0,30,0.0006312500000000137,0.002566875000000012,0.004957499999999983,0.005322125,0.007319062500000023,0.01566999999999999,0.0034850101597524107,30,0.0005750000000000199,0.0029631250000000126,0.005337499999999981,0.006113333333333331,0.008800000000000016,0.018559999999999993,0.004346401966853867,30,0.001375000000000015,0.004522500000000013,0.008749999999999994,0.00906183333333334,0.012275000000000001,0.02555999999999997,0.005464905665863,30,0.0005765323783911356,0.0020576375482094906,0.00380455904010842,0.004042380693174944,0.0052731413217793404,0.011461478235085264,0.0024207094252741853,30,0.0,0.0,0.0,0.0,0.0,0.0,0.0,30,0.0,0.0,0.0,0.0,0.0,0.0,0.0,30,0.0,0.0,0.0,0.0,0.0,0.0,0.0,30,0.0,0.0,0.0,0.0,0.0,0.0,0.0,30,0.012625000000000552,0.05133750000000024,0.09914999999999952,0.10644249999999998,0.14638125000000052,0.31339999999999923,0.06970020319504816,30,0.0,0.0,0.0,0.0,0.0,0.0,0.0,30,0.006312500000000276,0.02566875000000012,0.04957499999999976,0.05322124999999999,0.07319062500000026,0.15669999999999962,0.03485010159752408,30,0.0,0.0,0.0,0.0,0.0,0.0,0.0,1.0,1.0,1.0,0.10644249999999998,0.09914999999999952,0.0,1.0,1.0,1.0,0.05322124999999999,0.04957499999999976,0.0
fixed_10k_keep,fake_sherbrooke,0.1,30,30,0.02038749999999995,0.11243749999999993,0.19859124999999997,0.23132895833333328,0.289269375,0.69483125,0.17028242932258267,30,0.016655,0.07782499999999991,0.14275749999999993,0.18343583333333333,0.21630500000000003,0.6429050000000001,0.1609231200255711,30,0.0019312500000000718,0.016767187500000027,0.053391875000000054,0.04789312500000001,0.072336875,0.10692874999999999,0.03209462075380886,30,0.0,0.0,0.0,0.0,0.0,0.0,0.0,30,0.0,0.0,0.0,0.0,0.0,0.0,0.0,30,10000.0,10000.0,10000.0,10000.0,10000.0,10000.0,0.0,30,10000.0,10000.0,10000.0,10000.0,10000.0,10000.0,0.0,30,0.0,0.0,0.0,0.0,0.0,0.0,0.0,30,0.0,0.0,0.0,0.0,0.0,0.0,0.0,30,-0.171145,-0.05821593749999998,-0.04228125000000005,-0.04330704166666668,-0.018317812499999947,0.00010000000000007225,0.03486595682482706,30,-0.274995,-0.13166375000000002,-0.10380000000000003,-0.09120016666666667,-0.02979124999999994,-0.006179999999999901,0.06182862312101274,30,0.0,0.0,0.0,0.0,0.0,0.0,0.0,30,0.0,0.0,0.0,0.0,0.0,0.0,0.0,30,0.001931250000000077,0.01676718750000003,0.05339187500000006,0.047893125000000016,0.072336875,0.10692875000000002,0.032094620753808874,30,0.0016475000000000031,0.012282500000000038,0.050858750000000036,0.04582466666666667,0.06710062500000002,0.12190500000000001,0.032207998449285784,30,0.003595000000000105,0.041301249999999956,0.1050000000000001,0.09992316666666667,0.15398,0.23841,0.06643597625148971,30,0.0015437636639071847,0.01968327410370145,0.05021514306866277,0.046094458972731706,0.07152078208060425,0.10825437543120371,0.029828769303444115,30,0.0,0.0,0.0,0.0,0.0,0.0,0.0,30,0.0,0.0,0.0,0.0,0.0,0.0,0.0,30,0.0,0.0,0.0,0.0,0.0,0.0,0.0,30,0.0,0.0,0.0,0.0,0.0,0.0,0.0,30,0.038625000000001436,0.33534375000000055,1.0678375000000009,0.9578625,1.4467374999999998,2.1385749999999994,0.6418924150761773,30,0.0,0.0,0.067837500000001,0.25213416666666677,0.4467374999999998,1.1385749999999994,0.32597543146284047,30,0.019312500000000718,0.16767187500000028,0.5339187500000004,0.47893125,0.7233687499999999,1.0692874999999997,0.32094620753808867,30,0.0,0.0,0.0,0.0035929166666666566,0.0,0.06928749999999972,0.014258374612403842,0.4666666666666667,1.0,0.4666666666666667,0.9578625,1.0678375000000009,0.25213416666666677,0.9333333333333333,1.0,0.9333333333333333,0.47893125,0.5339187500000004,0.0035929166666666566
fixed_10k_keep,fake_sherbrooke,0.25,30,30,0.02191624999999995,0.11982499999999993,0.20196312499999997,0.23654591666666666,0.29597906249999995,0.6953725,0.17025679231948293,30,0.018535,0.08552499999999999,0.1602575,0.19638366666666665,0.23440875,0.63997,0.1612803675437822,30,0.00200125000000001,0.014385625000000016,0.04393749999999994,0.04016224999999998,0.060647499999999986,0.08995125000000001,0.026314713283112426,30,0.0,0.0,0.0,0.0,0.0,0.0,0.0,30,0.0,0.0,0.0,0.0,0.0,0.0,0.0,30,10000.0,10000.0,10000.0,10000.0,10000.0,10000.0,0.0,30,10000.0,10000.0,10000.0,10000.0,10000.0,10000.0,0.0,30,0.0,0.0,0.0,0.0,0.0,0.0,0.0,30,0.0,0.0,0.0,0.0,0.0,0.0,0.0,30,-0.14983625,-0.050218750000000034,-0.03479750000000002,-0.038090083333333344,-0.02166968750000002,0.0015750000000000486,0.029786869877958595,30,-0.23376999999999998,-0.11278875000000005,-0.08434999999999998,-0.07825233333333333,-0.03427874999999998,-0.004299999999999901,0.051135164274717045,30,0.0,0.0,0.0,0.0,0.0,0.0,0.0,30,0.0,0.0,0.0,0.0,0.0,0.0,0.0,30,0.002001249999999996,0.014385625000000011,0.04393749999999995,0.04016224999999999,0.060647499999999986,0.08995124999999998,0.02631471328311243,30,0.001365000000000005,0.010617500000000012,0.04155374999999996,0.03836158333333332,0.055682499999999975,0.10340749999999999,0.026508004902580463,30,0.005274999999999974,0.03530250000000007,0.08719999999999994,0.08392583333333332,0.128585,0.19458000000000003,0.05451787429261212,30,0.0024462262603174283,0.016750217165367683,0.04260041909290796,0.03874303112450817,0.059127517088424654,0.08842195686734151,0.024492207510038205,30,0.0,0.0,0.0,0.0,0.0,0.0,0.0,30,0.0,0.0,0.0,0.0,0.0,0.0,0.0,30,0.0,0.0,0.0,0.0,0.0,0.0,0.0,30,0.0,0.0,0.0,0.0,0.0,0.0,0.0,30,0.0400250000000002,0.2877125000000003,0.8787499999999988,0.8032449999999998,1.2129499999999998,1.799025,0.5262942656622485,30,0.0,0.0,0.0,0.1274233333333332,0.2129499999999997,0.7990250000000001,0.20747480216067,30,0.0200125000000001,0.14385625000000016,0.4393749999999994,0.4016224999999999,0.6064749999999999,0.8995125,0.26314713283112423,30,0.0,0.0,0.0,0.0,0.0,0.0,0.0,0.5333333333333333,1.0,0.5333333333333333,0.8032449999999998,0.8787499999999988,0.1274233333333332,1.0,1.0,1.0,0.4016224999999999,0.4393749999999994,0.0
fixed_10k_keep,fake_sherbrooke,0.5,30,30,0.020075,0.13608749999999994,0.21751874999999998,0.24700249999999996,0.3142946875,0.69947375,0.1723024885429166,30,0.01706,0.109325,0.18038999999999994,0.21992333333333333,0.27346875,0.657565,0.16480068168869166,30,0.0025200000000000083,0.009265937500000059,0.028055625000000035,0.027079166666666675,0.03993468750000001,0.0625662500000001,0.01746748620076315,30,0.0,0.0,0.0,0.0,0.0,0.0,0.0,30,0.0,0.0,0.0,0.0,0.0,0.0,0.0,30,10000.0,10000.0,10000.0,10000.0,10000.0,10000.0,0.0,30,10000.0,10000.0,10000.0,10000.0,10000.0,10000.0,0.0,30,0.0,0.0,0.0,0.0,0.0,0.0,0.0,30,0.0,0.0,0.0,0.0,0.0,0.0,0.0,30,-0.10174749999999999,-0.03627593749999999,-0.025545625000000044,-0.027633500000000002,-0.016391562500000012,0.0004000000000000184,0.019666707486015993,30,-0.157605,-0.07499750000000002,-0.05430000000000006,-0.05471266666666667,-0.030396249999999996,-0.005774999999999902,0.03318215387444171,30,0.0,0.0,0.0,0.0,0.0,0.0,0.0,30,0.0,0.0,0.0,0.0,0.0,0.0,0.0,30,0.0025200000000000014,0.009265937500000059,0.028055625000000035,0.027079166666666685,0.03993468750000001,0.06256625000000006,0.017467486200763147,30,0.0019675000000000005,0.006707500000000084,0.028563750000000054,0.025840000000000016,0.03732437500000003,0.07211750000000011,0.01750974750699225,30,0.005860000000000001,0.02364875000000007,0.05575000000000005,0.056636666666666675,0.08795500000000005,0.13233499999999998,0.036544218405249476,30,0.00279248395996587,0.01112458795169988,0.02742224696317694,0.026131718581682555,0.03938663426215963,0.060408940080642584,0.016356538173765665,30,0.0,0.0,0.0,0.0,0.0,0.0,0.0,30,0.0,0.0,0.0,0.0,0.0,0.0,0.0,30,0.0,0.0,0.0,0.0,0.0,0.0,0.0,30,0.0,0.0,0.0,0.0,0.0,0.0,0.0,30,0.05040000000000017,0.18531875000000117,0.5611125000000007,0.5415833333333335,0.7986937500000002,1.251325000000002,0.34934972401526293,30,0.0,0.0,0.0,0.01228250000000007,0.0,0.251325000000002,0.049952592676319026,30,0.025200000000000083,0.09265937500000059,0.28055625000000034,0.27079166666666676,0.3993468750000001,0.625662500000001,0.17467486200763147,30,0.0,0.0,0.0,0.0,0.0,0.0,0.0,0.9333333333333333,1.0,0.9333333333333333,0.5415833333333335,0.5611125000000007,0.01228250000000007,1.0,1.0,1.0,0.27079166666666676,0.28055625000000034,0.0
fixed_10k_keep,fake_sherbrooke,0.75,30,30,0.02229374999999995,0.14551874999999997,0.22898687499999998,0.260136625,0.3313475,0.71709875,0.1767643861854179,30,0.020685,0.1324,0.2137,0.24652916666666672,0.30907874999999996,0.696605,0.1724850060004384,30,0.0009500000000000064,0.004692812499999989,0.013662500000000008,0.01360745833333334,0.020837500000000057,0.030825000000000047,0.00868155817322066,30,0.0,0.0,0.0,0.0,0.0,0.0,0.0,30,0.0,0.0,0.0,0.0,0.0,0.0,0.0,30,10000.0,10000.0,10000.0,10000.0,10000.0,10000.0,0.0,30,10000.0,10000.0,10000.0,10000.0,10000.0,10000.0,0.0,30,0.0,0.0,0.0,0.0,0.0,0.0,0.0,30,0.0,0.0,0.0,0.0,0.0,0.0,0.0,30,-0.054457499999999937,-0.020910312499999972,-0.012267500000000035,-0.014499374999999991,-0.007858750000000005,0.001075000000000069,0.011182676795735792,30,-0.08135499999999996,-0.040078749999999996,-0.02864999999999998,-0.028106833333333334,-0.018477500000000004,-0.002149999999999902,0.01742408625632393,30,0.0,0.0,0.0,0.0,0.0,0.0,0.0,30,0.0,0.0,0.0,0.0,0.0,0.0,0.0,30,0.0009500000000000029,0.004692812499999987,0.013662499999999998,0.013607458333333338,0.02083750000000005,0.030825000000000033,0.008681558173220664,30,0.0007524999999999511,0.004015000000000012,0.013424999999999986,0.013189083333333343,0.02007812500000003,0.03623500000000007,0.008900590581996992,30,0.0018800000000000067,0.010741249999999924,0.028000000000000053,0.02805166666666666,0.04357375000000002,0.06415499999999996,0.01769638124576329,30,0.0007684725108941791,0.005124025752825406,0.013790483242093074,0.012960445528796544,0.019500941705494386,0.029284069190147255,0.008004771302604312,30,0.0,0.0,0.0,0.0,0.0,0.0,0.0,30,0.0,0.0,0.0,0.0,0.0,0.0,0.0,30,0.0,0.0,0.0,0.0,0.0,0.0,0.0,30,0.0,0.0,0.0,0.0,0.0,0.0,0.0,30,0.019000000000000128,0.09385624999999978,0.27325000000000016,0.27214916666666683,0.4167500000000012,0.6165000000000009,0.17363116346441318,30,0.0,0.0,0.0,0.0,0.0,0.0,0.0,30,0.009500000000000064,0.04692812499999989,0.13662500000000008,0.13607458333333342,0.2083750000000006,0.30825000000000047,0.08681558173220659,30,0.0,0.0,0.0,0.0,0.0,0.0,0.0,1.0,1.0,1.0,0.27214916666666683,0.27325000000000016,0.0,1.0,1.0,1.0,0.13607458333333342,0.13662500000000008,0.0
fixed_10k_keep,fake_sherbrooke,0.9,30,30,0.021537499999999925,0.15205375,0.23822562499999994,0.2684200416666666,0.3403159375,0.7312062500000001,0.1811069777850174,30,0.0205299999999999,0.1472975,0.23114999999999997,0.262527,0.33052875000000004,0.72246,0.17908777746468735,30,0.0009525000000000089,0.0025937499999999867,0.005400000000000002,0.005893041666666668,0.008695000000000064,0.012329999999999952,0.0036017844249014415,30,0.0,0.0,0.0,0.0,0.0,0.0,0.0,30,0.0,0.0,0.0,0.0,0.0,0.0,0.0,30,10000.0,10000.0,10000.0,10000.0,10000.0,10000.0,0.0,30,10000.0,10000.0,10000.0,10000.0,10000.0,10000.0,0.0,30,0.0,0.0,0.0,0.0,0.0,0.0,0.0,30,0.0,0.0,0.0,0.0,0.0,0.0,0.0,30,-0.02196374999999995,-0.009130937499999978,-0.005187500000000109,-0.006215958333333331,-0.003169375000000009,0.000650000000000095,0.004857411215439391,30,-0.03371000000000002,-0.016358749999999936,-0.01162750000000004,-0.012109000000000002,-0.007999999999999993,-0.00102,0.007350812575303596,30,0.0,0.0,0.0,0.0,0.0,0.0,0.0,30,0.0,0.0,0.0,0.0,0.0,0.0,0.0,30,0.000952499999999995,0.002593749999999987,0.0053999999999999986,0.005893041666666663,0.008695000000000012,0.012329999999999952,0.0036017844249014424,30,0.0007824999999999915,0.002787499999999987,0.005681249999999985,0.005964499999999997,0.008864375000000028,0.014137499999999942,0.0037662434064398595,30,0.001395000000000101,0.004799999999999974,0.011399999999999993,0.011643166666666661,0.01705124999999999,0.026820000000000066,0.007140313728659125,30,0.000675259209489235,0.0023646889380550505,0.005445207325946657,0.005355462059024557,0.007831581657618884,0.012329849536118999,0.003210097208828807,30,0.0,0.0,0.0,0.0,0.0,0.0,0.0,30,0.0,0.0,0.0,0.0,0.0,0.0,0.0,30,0.0,0.0,0.0,0.0,0.0,0.0,0.0,30,0.0,0.0,0.0,0.0,0.0,0.0,0.0,30,0.019050000000000178,0.051874999999999734,0.10800000000000004,0.11786083333333337,0.17390000000000128,0.24659999999999904,0.07203568849802883,30,0.0,0.0,0.0,0.0,0.0,0.0,0.0,30,0.009525000000000089,0.025937499999999867,0.05400000000000002,0.058930416666666686,0.08695000000000064,0.12329999999999952,0.036017844249014414,30,0.0,0.0,0.0,0.0,0.0,0.0,0.0,1.0,1.0,1.0,0.11786083333333337,0.10800000000000004,0.0,1.0,1.0,1.0,0.058930416666666686,0.05400000000000002,0.0
fixed_10k_keep,fake_torino,0.1,30,30,0.020671249999999974,0.11411874999999996,0.199395,0.23403620833333336,0.2942971875,0.6995750000000001,0.17197265676193696,30,0.0181,0.0776249999999999,0.14210749999999994,0.18167866666666663,0.21388874999999996,0.643645,0.16057397878759236,30,0.002571249999999973,0.016381249999999986,0.05907499999999999,0.05235754166666668,0.08018718749999998,0.13488000000000006,0.035946107674526266,30,0.0,0.0,0.0,0.0,0.0,0.0,0.0,30,0.0,0.0,0.0,0.0,0.0,0.0,0.0,30,10000.0,10000.0,10000.0,10000.0,10000.0,10000.0,0.0,30,10000.0,10000.0,10000.0,10000.0,10000.0,10000.0,0.0,30,0.0,0.0,0.0,0.0,0.0,0.0,0.0,30,0.0,0.0,0.0,0.0,0.0,0.0,0.0,30,-0.05338875000000004,-0.033806250000000024,-0.021428750000000052,-0.019793625,-0.0022050000000000134,0.005903750000000096,0.018140649748936172,30,-0.15770500000000007,-0.10079875000000006,-0.08089750000000001,-0.07215116666666668,-0.029708749999999978,-0.0021049999999999958,0.044737295705487505,30,0.0,0.0,0.0,0.0,0.0,0.0,0.0,30,0.0,0.0,0.0,0.0,0.0,0.0,0.0,30,0.0025712499999999737,0.01638124999999999,0.05907499999999999,0.05235754166666666,0.0801871875,0.13488,0.03594610767452626,30,0.0030450000000000997,0.015022499999999966,0.05507499999999998,0.053076916666666675,0.08041437500000004,0.13524750000000002,0.038099781459705245,30,0.0038249999999999985,0.035480000000000025,0.11513250000000005,0.10327633333333334,0.15738875000000002,0.269025,0.06904346258515086,30,0.0018014409741463433,0.016735305035993197,0.05671543974344735,0.049732607097622575,0.07413727392696284,0.1376542718189305,0.03356004218867055,30,0.0,0.0,0.0,0.0,0.0,0.0,0.0,30,0.0,0.0,0.0,0.0,0.0,0.0,0.0,30,0.0,0.0,0.0,0.0,0.0,0.0,0.0,30,0.0,0.0,0.0,0.0,0.0,0.0,0.0,30,0.05142499999999946,0.3276249999999997,1.1814999999999998,1.0471508333333335,1.6037437499999996,2.697600000000001,0.7189221534905254,30,0.0,0.0,0.18149999999999966,0.3304608333333334,0.6037437499999996,1.6976000000000009,0.41472278369283855,30,0.02571249999999973,0.16381249999999986,0.5907499999999999,0.5235754166666667,0.8018718749999998,1.3488000000000004,0.3594610767452627,30,0.0,0.0,0.0,0.013065416666666689,0.0,0.34880000000000044,0.0638973551948592,0.43333333333333335,1.0,0.43333333333333335,1.0471508333333335,1.1814999999999998,0.3304608333333334,0.9333333333333333,1.0,0.9333333333333333,0.5235754166666667,0.5907499999999999,0.013065416666666689
fixed_10k_keep,fake_torino,0.25,30,30,0.021362499999999975,0.12107499999999999,0.200000625,0.23576158333333333,0.2965940625,0.692515,0.16933558097089768,30,0.0193,0.087545,0.15929,0.19193983333333337,0.22851375,0.632045,0.15848149861823493,30,0.0018837499999999618,0.013348124999999983,0.04887499999999998,0.04382175,0.06649812500000002,0.11037125000000003,0.029808501908952675,30,0.0,0.0,0.0,0.0,0.0,0.0,0.0,30,0.0,0.0,0.0,0.0,0.0,0.0,0.0,30,10000.0,10000.0,10000.0,10000.0,10000.0,10000.0,0.0,30,10000.0,10000.0,10000.0,10000.0,10000.0,10000.0,0.0,30,0.0,0.0,0.0,0.0,0.0,0.0,0.0,30,0.0,0.0,0.0,0.0,0.0,0.0,0.0,30,-0.043914999999999926,-0.029746249999999974,-0.01943749999999997,-0.018068249999999987,-0.006135625000000033,0.004320000000000004,0.014754922624652502,30,-0.13144000000000008,-0.08156375000000002,-0.06774750000000002,-0.061889999999999994,-0.03433625,0.0005950000000000122,0.03687036280602994,30,0.0,0.0,0.0,0.0,0.0,0.0,0.0,30,0.0,0.0,0.0,0.0,0.0,0.0,0.0,30,0.0018837499999999896,0.013348124999999985,0.048874999999999974,0.04382175,0.066498125,0.11037124999999999,0.029808501908952668,30,0.0014899999999999497,0.012704374999999959,0.045124999999999964,0.04456725000000001,0.06721687500000001,0.11141999999999999,0.03173935136625926,30,0.0040999999999999925,0.027983750000000016,0.09430500000000006,0.08615250000000002,0.1316675,0.21864499999999998,0.05698144649266595,30,0.0017134924131725813,0.013261778774786017,0.04711548915269248,0.0415150907339537,0.06187482920424707,0.11224476523614216,0.027741363577198874,30,0.0,0.0,0.0,0.0,0.0,0.0,0.0,30,0.0,0.0,0.0,0.0,0.0,0.0,0.0,30,0.0,0.0,0.0,0.0,0.0,0.0,0.0,30,0.0,0.0,0.0,0.0,0.0,0.0,0.0,30,0.03767499999999924,0.26696249999999966,0.9774999999999996,0.876435,1.3299625000000004,2.2074250000000006,0.5961700381790536,30,0.0,0.0,0.0,0.18751583333333344,0.32996250000000044,1.2074250000000006,0.28649534663153453,30,0.01883749999999962,0.13348124999999983,0.4887499999999998,0.4382175,0.6649812500000002,1.1037125000000003,0.2980850190895268,30,0.0,0.0,0.0,0.003457083333333344,0.0,0.10371250000000032,0.018935225248418237,0.5333333333333333,1.0,0.5333333333333333,0.876435,0.9774999999999996,0.18751583333333344,0.9666666666666667,1.0,0.9666666666666667,0.4382175,0.4887499999999998,0.003457083333333344
fixed_10k_keep,fake_torino,0.5,30,30,0.021187499999999998,0.13017499999999999,0.21261687499999993,0.2398359166666667,0.2976025,0.6860325,0.16709617342755265,30,0.0184,0.1028749999999999,0.17677499999999996,0.21053083333333328,0.2511375,0.643255,0.15889765710867623,30,0.0014062499999999978,0.008508437500000023,0.030775000000000066,0.029305083333333357,0.04476156250000001,0.07173374999999999,0.01976972691131541,30,0.0,0.0,0.0,0.0,0.0,0.0,0.0,30,0.0,0.0,0.0,0.0,0.0,0.0,0.0,30,10000.0,10000.0,10000.0,10000.0,10000.0,10000.0,0.0,30,10000.0,10000.0,10000.0,10000.0,10000.0,10000.0,0.0,30,0.0,0.0,0.0,0.0,0.0,0.0,0.0,30,0.0,0.0,0.0,0.0,0.0,0.0,0.0,30,-0.03391874999999994,-0.020817187500000042,-0.014287499999999967,-0.013993916666666658,-0.005871562499999983,0.001668750000000066,0.009642970286228816,30,-0.08849500000000007,-0.05631499999999999,-0.046564999999999995,-0.04329900000000001,-0.023575000000000075,-0.004015000000000001,0.02401081298800245,30,0.0,0.0,0.0,0.0,0.0,0.0,0.0,30,0.0,0.0,0.0,0.0,0.0,0.0,0.0,30,0.0014062500000000047,0.00850843750000002,0.030775000000000066,0.029305083333333353,0.044761562500000004,0.07173374999999999,0.019769726911315403,30,0.0015800000000000536,0.008325000000000027,0.028975000000000008,0.029921333333333352,0.04520124999999999,0.07271999999999998,0.020955071805360534,30,0.0021700000000000053,0.017383750000000024,0.06277500000000004,0.05737766666666669,0.0884375,0.14149499999999998,0.03803398216779607,30,0.0009640658258991817,0.008371604656471658,0.03170314403940724,0.027713962489235053,0.04067508333377569,0.0742819248286553,0.01857254054913147,30,0.0,0.0,0.0,0.0,0.0,0.0,0.0,30,0.0,0.0,0.0,0.0,0.0,0.0,0.0,30,0.0,0.0,0.0,0.0,0.0,0.0,0.0,30,0.0,0.0,0.0,0.0,0.0,0.0,0.0,30,0.028124999999999956,0.17016875000000045,0.6155000000000013,0.5861016666666672,0.8952312500000003,1.4346749999999997,0.3953945382263082,30,0.0,0.0,0.0,0.023397500000000102,0.0,0.4346749999999997,0.0882319880881236,30,0.014062499999999978,0.08508437500000023,0.30775000000000063,0.2930508333333336,0.44761562500000013,0.7173374999999999,0.1976972691131541,30,0.0,0.0,0.0,0.0,0.0,0.0,0.0,0.9,1.0,0.9,0.5861016666666672,0.6155000000000013,0.023397500000000102,1.0,1.0,1.0,0.2930508333333336,0.30775000000000063,0.0
fixed_10k_keep,fake_torino,0.75,30,30,0.01913,0.13676249999999995,0.22011375,0.2455937083333333,0.30842499999999995,0.690085,0.16766971260020608,30,0.01828,0.12229999999999992,0.19978249999999995,0.23112433333333332,0.28649874999999997,0.668665,0.16301668231076596,30,0.0008500000000000001,0.0041037499999999946,0.015362499999999994,0.014469374999999991,0.021681875000000017,0.034172499999999995,0.00966958265060355,30,0.0,0.0,0.0,0.0,0.0,0.0,0.0,30,0.0,0.0,0.0,0.0,0.0,0.0,0.0,30,10000.0,10000.0,10000.0,10000.0,10000.0,10000.0,0.0,30,10000.0,10000.0,10000.0,10000.0,10000.0,10000.0,0.0,30,0.0,0.0,0.0,0.0,0.0,0.0,0.0,30,0.0,0.0,0.0,0.0,0.0,0.0,0.0,30,-0.02218874999999998,-0.011161875000000057,-0.007575000000000054,-0.008236125000000009,-0.0046609375000000244,0.0024250000000000244,0.005322049058394406,30,-0.04391500000000004,-0.03247875000000004,-0.024099999999999983,-0.0227055,-0.015502499999999975,-0.0029650000000000024,0.011953685072409452,30,0.0,0.0,0.0,0.0,0.0,0.0,0.0,30,0.0,0.0,0.0,0.0,0.0,0.0,0.0,30,0.0008499999999999992,0.0041037500000000015,0.015362499999999992,0.014469375000000003,0.021681875000000003,0.03417250000000002,0.009669582650603562,30,0.0007549999999999987,0.004111250000000006,0.014149999999999961,0.014906833333333336,0.022767500000000072,0.03584750000000003,0.010314522652913764,30,0.0016100000000000003,0.008192499999999993,0.02954749999999999,0.028063833333333336,0.04368375000000001,0.06499500000000002,0.018397591750352646,30,0.0007155577661284235,0.00437833944851202,0.015151645911425562,0.013660773130199037,0.020487204440600856,0.03455791190161814,0.008880247666578902,30,0.0,0.0,0.0,0.0,0.0,0.0,0.0,30,0.0,0.0,0.0,0.0,0.0,0.0,0.0,30,0.0,0.0,0.0,0.0,0.0,0.0,0.0,30,0.0,0.0,0.0,0.0,0.0,0.0,0.0,30,0.017,0.0820749999999999,0.3072499999999999,0.2893874999999998,0.43363750000000034,0.6834499999999999,0.19339165301207104,30,0.0,0.0,0.0,0.0,0.0,0.0,0.0,30,0.0085,0.04103749999999995,0.15362499999999996,0.1446937499999999,0.21681875000000017,0.34172499999999995,0.09669582650603552,30,0.0,0.0,0.0,0.0,0.0,0.0,0.0,1.0,1.0,1.0,0.2893874999999998,0.3072499999999999,0.0,1.0,1.0,1.0,0.1446937499999999,0.15362499999999996,0.0
fixed_10k_keep,fake_torino,0.9,30,30,0.023047499999999974,0.14043749999999997,0.225790625,0.2499428333333333,0.3168859375,0.69686125,0.1691305921097217,30,0.02238,0.1352,0.21766249999999998,0.24375266666666667,0.30818249999999997,0.687855,0.16734845854421976,30,0.0006387500000000212,0.00289031249999999,0.006089374999999994,0.0061901666666666685,0.009004687499999983,0.01404500000000003,0.0038802858793840315,30,0.0,0.0,0.0,0.0,0.0,0.0,0.0,30,0.0,0.0,0.0,0.0,0.0,0.0,0.0,30,10000.0,10000.0,10000.0,10000.0,10000.0,10000.0,0.0,30,10000.0,10000.0,10000.0,10000.0,10000.0,10000.0,0.0,30,0.0,0.0,0.0,0.0,0.0,0.0,0.0,30,0.0,0.0,0.0,0.0,0.0,0.0,0.0,30,-0.011776249999999933,-0.005772499999999986,-0.003941875000000011,-0.0038869999999999946,-0.0016306250000000001,0.0006324999999999734,0.0027976753280856584,30,-0.020025000000000015,-0.01280500000000001,-0.01104999999999999,-0.010077166666666667,-0.0070250000000000035,-3.500000000000031e-05,0.005051217962264031,30,0.0,0.0,0.0,0.0,0.0,0.0,0.0,30,0.0,0.0,0.0,0.0,0.0,0.0,0.0,30,0.0006387499999999935,0.002890312499999995,0.006089375000000015,0.006190166666666664,0.009004687500000007,0.014045000000000002,0.0038802858793840333,30,0.00031749999999994803,0.002935000000000026,0.006125000000000054,0.006327249999999999,0.010131250000000015,0.014105000000000006,0.004179844564322528,30,0.0012900000000000134,0.005508750000000026,0.012555000000000038,0.012106166666666663,0.017067499999999916,0.027969999999999995,0.007420204788898704,30,0.0005812683688853745,0.0026564628874985105,0.006142234768889775,0.005780126702805529,0.00799942647448216,0.014843531700149175,0.003607928333762566,30,0.0,0.0,0.0,0.0,0.0,0.0,0.0,30,0.0,0.0,0.0,0.0,0.0,0.0,0.0,30,0.0,0.0,0.0,0.0,0.0,0.0,0.0,30,0.0,0.0,0.0,0.0,0.0,0.0,0.0,30,0.012775000000000425,0.0578062499999998,0.12178749999999988,0.12380333333333339,0.18009374999999966,0.2809000000000006,0.07760571758768064,30,0.0,0.0,0.0,0.0,0.0,0.0,0.0,30,0.0063875000000002125,0.0289031249999999,0.06089374999999994,0.061901666666666695,0.09004687499999983,0.1404500000000003,0.03880285879384032,30,0.0,0.0,0.0,0.0,0.0,0.0,0.0,1.0,1.0,1.0,0.12380333333333339,0.12178749999999988,0.0,1.0,1.0,1.0,0.061901666666666695,0.06089374999999994,0.0
fixed_20k_discard,fake_fez,0.1,30,30,0.02087499999999995,0.12586562499999993,0.21344062499999994,0.23908491666666662,0.3091021875,0.6781437499999999,0.16422160371169003,30,0.018865,0.06611249999999991,0.128075,0.1658895,0.20106374999999999,0.59012,0.14764388713218035,30,0.0020099999999999493,0.027061562500000073,0.08667437499999996,0.07319541666666668,0.1095075,0.18121375,0.047941343669056044,30,0.0,0.0,0.0,0.0,0.0,0.0,0.0,30,0.0,0.0,0.0,0.0,0.0,0.0,0.0,30,22000.0,22000.0,22000.0,22000.0,22000.0,22000.0,0.0,30,22000.0,22000.0,22000.0,22000.0,22000.0,22000.0,0.0,30,0.0,0.0,0.0,0.0,0.0,0.0,0.0,30,0.0,0.0,0.0,0.0,0.0,0.0,0.0,30,-0.004167499999999991,0.018265937499999968,0.046088125000000035,0.04691274999999998,0.0657559375,0.14636375000000001,0.03470996710644037,30,-0.09499999999999989,-0.03975875000000007,-0.016944999999999995,-0.026282666666666676,-0.006371249999999926,0.003595000000000001,0.026752548597036147,30,2000.0,2000.0,2000.0,2000.0,2000.0,2000.0,0.0,30,2000.0,2000.0,2000.0,2000.0,2000.0,2000.0,0.0,30,0.00200999999999995,0.027061562500000077,0.08667437499999998,0.07319541666666668,0.10950750000000001,0.18121375,0.047941343669056044,30,0.0018024999999999534,0.031200000000000103,0.10239750000000002,0.08744033333333336,0.12417000000000003,0.21112999999999998,0.05767273665922545,30,0.003249999999999899,0.0458462500000001,0.13200000000000006,0.117901,0.17424250000000002,0.302595,0.07757494349070584,30,0.0013995177740921667,0.02029661019233786,0.060102544017716475,0.05231514490866125,0.07874668195884701,0.13407298549515237,0.034235691912234266,30,0.0,0.0,0.0,0.0,0.0,0.0,0.0,30,0.0,0.0,0.0,0.0,0.0,0.0,0.0,30,0.0,0.0,0.0,0.0,0.0,0.0,0.0,30,0.0,0.0,0.0,0.0,0.0,0.0,0.0,30,0.04019999999999899,0.5412312500000014,1.733487499999999,1.4639083333333331,2.19015,3.624275,0.9588268733811207,30,0.0,0.0,0.7334874999999991,0.6947383333333333,1.1901499999999998,2.624275,0.6687424597619815,30,0.020099999999999493,0.2706156250000007,0.8667437499999995,0.7319541666666666,1.095075,1.8121375,0.47941343669056036,30,0.0,0.0,0.0,0.07426541666666661,0.09507499999999991,0.8121375,0.16413143041882322,0.3,1.0,0.3,1.4639083333333331,1.733487499999999,0.6947383333333333,0.6333333333333333,1.0,0.6333333333333333,0.7319541666666666,0.8667437499999995,0.07426541666666661
fixed_20k_discard,fake_fez,0.25,30,30,0.02087499999999995,0.12586562499999993,0.21344062499999994,0.23908491666666662,0.3091021875,0.6781437499999999,0.16422160371169003,30,0.018865,0.06611249999999991,0.128075,0.1658895,0.20106374999999999,0.59012,0.14764388713218035,30,0.0020099999999999493,0.027061562500000073,0.08667437499999996,0.07319541666666668,0.1095075,0.18121375,0.047941343669056044,30,0.0,0.0,0.0,0.0,0.0,0.0,0.0,30,0.0,0.0,0.0,0.0,0.0,0.0,0.0,30,25000.0,25000.0,25000.0,25000.0,25000.0,25000.0,0.0,30,25000.0,25000.0,25000.0,25000.0,25000.0,25000.0,0.0,30,0.0,0.0,0.0,0.0,0.0,0.0,0.0,30,0.0,0.0,0.0,0.0,0.0,0.0,0.0,30,-0.004167499999999991,0.018265937499999968,0.046088125000000035,0.04691274999999998,0.0657559375,0.14636375000000001,0.03470996710644037,30,-0.09499999999999989,-0.03975875000000007,-0.016944999999999995,-0.026282666666666676,-0.006371249999999926,0.003595000000000001,0.026752548597036147,30,5000.0,5000.0,5000.0,5000.0,5000.0,5000.0,0.0,30,5000.0,5000.0,5000.0,5000.0,5000.0,5000.0,0.0,30,0.00200999999999995,0.027061562500000077,0.08667437499999998,0.07319541666666668,0.10950750000000001,0.18121375,0.047941343669056044,30,0.0018024999999999534,0.031200000000000103,0.10239750000000002,0.08744033333333336,0.12417000000000003,0.21112999999999998,0.05767273665922545,30,0.003249999999999899,0.0458462500000001,0.13200000000000006,0.117901,0.17424250000000002,0.302595,0.07757494349070584,30,0.0013995177740921667,0.02029661019233786,0.060102544017716475,0.05231514490866125,0.07874668195884701,0.13407298549515237,0.034235691912234266,30,0.0,0.0,0.0,0.0,0.0,0.0,0.0,30,0.0,0.0,0.0,0.0,0.0,0.0,0.0,30,0.0,0.0,0.0,0.0,0.0,0.0,0.0,30,0.0,0.0,0.0,0.0,0.0,0.0,0.0,30,0.04019999999999899,0.5412312500000014,1.733487499999999,1.4639083333333331,2.19015,3.624275,0.9588268733811207,30,0.0,0.0,0.7334874999999991,0.6947383333333333,1.1901499999999998,2.624275,0.6687424597619815,30,0.020099999999999493,0.2706156250000007,0.8667437499999995,0.7319541666666666,1.095075,1.8121375,0.47941343669056036,30,0.0,0.0,0.0,0.07426541666666661,0.09507499999999991,0.8121375,0.16413143041882322,0.3,1.0,0.3,1.4639083333333331,1.733487499999999,0.6947383333333333,0.6333333333333333,1.0,0.6333333333333333,0.7319541666666666,0.8667437499999995,0.07426541666666661
fixed_20k_discard,fake_fez,0.5,30,30,0.02087499999999995,0.12586562499999993,0.21344062499999994,0.23908491666666662,0.3091021875,0.6781437499999999,0.16422160371169003,30,0.018865,0.06611249999999991,0.128075,0.1658895,0.20106374999999999,0.59012,0.14764388713218035,30,0.0020099999999999493,0.027061562500000073,0.08667437499999996,0.07319541666666668,0.1095075,0.18121375,0.047941343669056044,30,0.0,0.0,0.0,0.0,0.0,0.0,0.0,30,0.0,0.0,0.0,0.0,0.0,0.0,0.0,30,30000.0,30000.0,30000.0,30000.0,30000.0,30000.0,0.0,30,30000.0,30000.0,30000.0,30000.0,30000.0,30000.0,0.0,30,0.0,0.0,0.0,0.0,0.0,0.0,0.0,30,0.0,0.0,0.0,0.0,0.0,0.0,0.0,30,-0.004167499999999991,0.018265937499999968,0.046088125000000035,0.04691274999999998,0.0657559375,0.14636375000000001,0.03470996710644037,30,-0.09499999999999989,-0.03975875000000007,-0.016944999999999995,-0.026282666666666676,-0.006371249999999926,0.003595000000000001,0.026752548597036147,30,10000.0,10000.0,10000.0,10000.0,10000.0,10000.0,0.0,30,10000.0,10000.0,10000.0,10000.0,10000.0,10000.0,0.0,30,0.00200999999999995,0.027061562500000077,0.08667437499999998,0.07319541666666668,0.10950750000000001,0.18121375,0.047941343669056044,30,0.0018024999999999534,0.031200000000000103,0.10239750000000002,0.08744033333333336,0.12417000000000003,0.21112999999999998,0.05767273665922545,30,0.003249999999999899,0.0458462500000001,0.13200000000000006,0.117901,0.17424250000000002,0.302595,0.07757494349070584,30,0.0013995177740921667,0.02029661019233786,0.060102544017716475,0.05231514490866125,0.07874668195884701,0.13407298549515237,0.034235691912234266,30,0.0,0.0,0.0,0.0,0.0,0.0,0.0,30,0.0,0.0,0.0,0.0,0.0,0.0,0.0,30,0.0,0.0,0.0,0.0,0.0,0.0,0.0,30,0.0,0.0,0.0,0.0,0.0,0.0,0.0,30,0.04019999999999899,0.5412312500000014,1.733487499999999,1.4639083333333331,2.19015,3.624275,0.9588268733811207,30,0.0,0.0,0.7334874999999991,0.6947383333333333,1.1901499999999998,2.624275,0.6687424597619815,30,0.020099999999999493,0.2706156250000007,0.8667437499999995,0.7319541666666666,1.095075,1.8121375,0.47941343669056036,30,0.0,0.0,0.0,0.07426541666666661,0.09507499999999991,0.8121375,0.16413143041882322,0.3,1.0,0.3,1.4639083333333331,1.733487499999999,0.6947383333333333,0.6333333333333333,1.0,0.6333333333333333,0.7319541666666666,0.8667437499999995,0.07426541666666661
fixed_20k_discard,fake_fez,0.75,30,30,0.02087499999999995,0.12586562499999993,0.21344062499999994,0.23908491666666662,0.3091021875,0.6781437499999999,0.16422160371169003,30,0.018865,0.06611249999999991,0.128075,0.1658895,0.20106374999999999,0.59012,0.14764388713218035,30,0.0020099999999999493,0.027061562500000073,0.08667437499999996,0.07319541666666668,0.1095075,0.18121375,0.047941343669056044,30,0.0,0.0,0.0,0.0,0.0,0.0,0.0,30,0.0,0.0,0.0,0.0,0.0,0.0,0.0,30,35000.0,35000.0,35000.0,35000.0,35000.0,35000.0,0.0,30,35000.0,35000.0,35000.0,35000.0,35000.0,35000.0,0.0,30,0.0,0.0,0.0,0.0,0.0,0.0,0.0,30,0.0,0.0,0.0,0.0,0.0,0.0,0.0,30,-0.004167499999999991,0.018265937499999968,0.046088125000000035,0.04691274999999998,0.0657559375,0.14636375000000001,0.03470996710644037,30,-0.09499999999999989,-0.03975875000000007,-0.016944999999999995,-0.026282666666666676,-0.006371249999999926,0.003595000000000001,0.026752548597036147,30,15000.0,15000.0,15000.0,15000.0,15000.0,15000.0,0.0,30,15000.0,15000.0,15000.0,15000.0,15000.0,15000.0,0.0,30,0.00200999999999995,0.027061562500000077,0.08667437499999998,0.07319541666666668,0.10950750000000001,0.18121375,0.047941343669056044,30,0.0018024999999999534,0.031200000000000103,0.10239750000000002,0.08744033333333336,0.12417000000000003,0.21112999999999998,0.05767273665922545,30,0.003249999999999899,0.0458462500000001,0.13200000000000006,0.117901,0.17424250000000002,0.302595,0.07757494349070584,30,0.0013995177740921667,0.02029661019233786,0.060102544017716475,0.05231514490866125,0.07874668195884701,0.13407298549515237,0.034235691912234266,30,0.0,0.0,0.0,0.0,0.0,0.0,0.0,30,0.0,0.0,0.0,0.0,0.0,0.0,0.0,30,0.0,0.0,0.0,0.0,0.0,0.0,0.0,30,0.0,0.0,0.0,0.0,0.0,0.0,0.0,30,0.04019999999999899,0.5412312500000014,1.733487499999999,1.4639083333333331,2.19015,3.624275,0.9588268733811207,30,0.0,0.0,0.7334874999999991,0.6947383333333333,1.1901499999999998,2.624275,0.6687424597619815,30,0.020099999999999493,0.2706156250000007,0.8667437499999995,0.7319541666666666,1.095075,1.8121375,0.47941343669056036,30,0.0,0.0,0.0,0.07426541666666661,0.09507499999999991,0.8121375,0.16413143041882322,0.3,1.0,0.3,1.4639083333333331,1.733487499999999,0.6947383333333333,0.6333333333333333,1.0,0.6333333333333333,0.7319541666666666,0.8667437499999995,0.07426541666666661
fixed_20k_discard,fake_fez,0.9,30,30,0.02087499999999995,0.12586562499999993,0.21344062499999994,0.23908491666666662,0.3091021875,0.6781437499999999,0.16422160371169003,30,0.018865,0.06611249999999991,0.128075,0.1658895,0.20106374999999999,0.59012,0.14764388713218035,30,0.0020099999999999493,0.027061562500000073,0.08667437499999996,0.07319541666666668,0.1095075,0.18121375,0.047941343669056044,30,0.0,0.0,0.0,0.0,0.0,0.0,0.0,30,0.0,0.0,0.0,0.0,0.0,0.0,0.0,30,38000.0,38000.0,38000.0,38000.0,38000.0,38000.0,0.0,30,38000.0,38000.0,38000.0,38000.0,38000.0,38000.0,0.0,30,0.0,0.0,0.0,0.0,0.0,0.0,0.0,30,0.0,0.0,0.0,0.0,0.0,0.0,0.0,30,-0.004167499999999991,0.018265937499999968,0.046088125000000035,0.04691274999999998,0.0657559375,0.14636375000000001,0.03470996710644037,30,-0.09499999999999989,-0.03975875000000007,-0.016944999999999995,-0.026282666666666676,-0.006371249999999926,0.003595000000000001,0.026752548597036147,30,18000.0,18000.0,18000.0,18000.0,18000.0,18000.0,0.0,30,18000.0,18000.0,18000.0,18000.0,18000.0,18000.0,0.0,30,0.00200999999999995,0.027061562500000077,0.08667437499999998,0.07319541666666668,0.10950750000000001,0.18121375,0.047941343669056044,30,0.0018024999999999534,0.031200000000000103,0.10239750000000002,0.08744033333333336,0.12417000000000003,0.21112999999999998,0.05767273665922545,30,0.003249999999999899,0.0458462500000001,0.13200000000000006,0.117901,0.17424250000000002,0.302595,0.07757494349070584,30,0.0013995177740921667,0.02029661019233786,0.060102544017716475,0.05231514490866125,0.07874668195884701,0.13407298549515237,0.034235691912234266,30,0.0,0.0,0.0,0.0,0.0,0.0,0.0,30,0.0,0.0,0.0,0.0,0.0,0.0,0.0,30,0.0,0.0,0.0,0.0,0.0,0.0,0.0,30,0.0,0.0,0.0,0.0,0.0,0.0,0.0,30,0.04019999999999899,0.5412312500000014,1.733487499999999,1.4639083333333331,2.19015,3.624275,0.9588268733811207,30,0.0,0.0,0.7334874999999991,0.6947383333333333,1.1901499999999998,2.624275,0.6687424597619815,30,0.020099999999999493,0.2706156250000007,0.8667437499999995,0.7319541666666666,1.095075,1.8121375,0.47941343669056036,30,0.0,0.0,0.0,0.07426541666666661,0.09507499999999991,0.8121375,0.16413143041882322,0.3,1.0,0.3,1.4639083333333331,1.733487499999999,0.6947383333333333,0.6333333333333333,1.0,0.6333333333333333,0.7319541666666666,0.8667437499999995,0.07426541666666661
fixed_20k_discard,fake_kyiv,0.1,30,30,0.01982124999999995,0.10945624999999995,0.18815312499999998,0.2181532499999999,0.2712621875,0.6567675,0.15817814032535846,30,0.0170149999999999,0.06611249999999991,0.128075,0.1656115,0.20106374999999999,0.59012,0.1478999575793812,30,0.0028062500000000483,0.019854062500000054,0.059659375000000056,0.05254175000000001,0.07294125000000008,0.12519999999999998,0.03384590180553875,30,0.0,0.0,0.0,0.0,0.0,0.0,0.0,30,0.0,0.0,0.0,0.0,0.0,0.0,0.0,30,22000.0,22000.0,22000.0,22000.0,22000.0,22000.0,0.0,30,22000.0,22000.0,22000.0,22000.0,22000.0,22000.0,0.0,30,0.0,0.0,0.0,0.0,0.0,0.0,0.0,30,0.0,0.0,0.0,0.0,0.0,0.0,0.0,30,-0.13370500000000002,-0.09756656250000001,-0.06394374999999998,-0.05774558333333334,-0.015681250000000042,0.004794999999999994,0.045028148991354766,30,-0.258905,-0.17138750000000003,-0.11997500000000001,-0.11028733333333333,-0.03885000000000008,-0.0012150000000000216,0.07637394404409513,30,2000.0,2000.0,2000.0,2000.0,2000.0,2000.0,0.0,30,2000.0,2000.0,2000.0,2000.0,2000.0,2000.0,0.0,30,0.0028062500000000483,0.019854062500000054,0.05965937500000004,0.05254175000000001,0.07294125000000007,0.12519999999999998,0.03384590180553876,30,0.003062500000000098,0.014969374999999984,0.06208375000000002,0.053018416666666665,0.07519999999999999,0.1304674999999999,0.03525359538085864,30,0.005099999999999997,0.046570000000000084,0.11860000000000004,0.10413016666666668,0.14692500000000003,0.302595,0.06893375572547558,30,0.0023243614714583503,0.02078390007427886,0.05365325160603761,0.048849312043118896,0.06726400519193827,0.13755356841366687,0.03166439298623766,30,0.0,0.0,0.0,0.0,0.0,0.0,0.0,30,0.0,0.0,0.0,0.0,0.0,0.0,0.0,30,0.0,0.0,0.0,0.0,0.0,0.0,0.0,30,0.0,0.0,0.0,0.0,0.0,0.0,0.0,30,0.056125000000000966,0.39708125000000105,1.193187500000001,1.050835,1.4588250000000016,2.5039999999999996,0.6769180361107752,30,0.0,0.0,0.19318750000000107,0.309945,0.45882500000000154,1.5039999999999996,0.3889499868899907,30,0.028062500000000483,0.19854062500000053,0.5965937500000005,0.5254175,0.7294125000000008,1.2519999999999998,0.3384590180553876,30,0.0,0.0,0.0,0.0119270833333333,0.0,0.2519999999999998,0.04928195642774599,0.43333333333333335,1.0,0.43333333333333335,1.050835,1.193187500000001,0.309945,0.9333333333333333,1.0,0.9333333333333333,0.5254175,0.5965937500000005,0.0119270833333333
fixed_20k_discard,fake_kyiv,0.25,30,30,0.01982124999999995,0.10945624999999995,0.18815312499999998,0.2181532499999999,0.2712621875,0.6567675,0.15817814032535846,30,0.0170149999999999,0.06611249999999991,0.128075,0.1656115,0.20106374999999999,0.59012,0.1478999575793812,30,0.0028062500000000483,0.019854062500000054,0.059659375000000056,0.05254175000000001,0.07294125000000008,0.12519999999999998,0.03384590180553875,30,0.0,0.0,0.0,0.0,0.0,0.0,0.0,30,0.0,0.0,0.0,0.0,0.0,0.0,0.0,30,25000.0,25000.0,25000.0,25000.0,25000.0,25000.0,0.0,30,25000.0,25000.0,25000.0,25000.0,25000.0,25000.0,0.0,30,0.0,0.0,0.0,0.0,0.0,0.0,0.0,30,0.0,0.0,0.0,0.0,0.0,0.0,0.0,30,-0.13370500000000002,-0.09756656250000001,-0.06394374999999998,-0.05774558333333334,-0.015681250000000042,0.004794999999999994,0.045028148991354766,30,-0.258905,-0.17138750000000003,-0.11997500000000001,-0.11028733333333333,-0.03885000000000008,-0.0012150000000000216,0.07637394404409513,30,5000.0,5000.0,5000.0,5000.0,5000.0,5000.0,0.0,30,5000.0,5000.0,5000.0,5000.0,5000.0,5000.0,0.0,30,0.0028062500000000483,0.019854062500000054,0.05965937500000004,0.05254175000000001,0.07294125000000007,0.12519999999999998,0.03384590180553876,30,0.003062500000000098,0.014969374999999984,0.06208375000000002,0.053018416666666665,0.07519999999999999,0.1304674999999999,0.03525359538085864,30,0.005099999999999997,0.046570000000000084,0.11860000000000004,0.10413016666666668,0.14692500000000003,0.302595,0.06893375572547558,30,0.0023243614714583503,0.02078390007427886,0.05365325160603761,0.048849312043118896,0.06726400519193827,0.13755356841366687,0.03166439298623766,30,0.0,0.0,0.0,0.0,0.0,0.0,0.0,30,0.0,0.0,0.0,0.0,0.0,0.0,0.0,30,0.0,0.0,0.0,0.0,0.0,0.0,0.0,30,0.0,0.0,0.0,0.0,0.0,0.0,0.0,30,0.056125000000000966,0.39708125000000105,1.193187500000001,1.050835,1.4588250000000016,2.5039999999999996,0.6769180361107752,30,0.0,0.0,0.19318750000000107,0.309945,0.45882500000000154,1.5039999999999996,0.3889499868899907,30,0.028062500000000483,0.19854062500000053,0.5965937500000005,0.5254175,0.7294125000000008,1.2519999999999998,0.3384590180553876,30,0.0,0.0,0.0,0.0119270833333333,0.0,0.2519999999999998,0.04928195642774599,0.43333333333333335,1.0,0.43333333333333335,1.050835,1.193187500000001,0.309945,0.9333333333333333,1.0,0.9333333333333333,0.5254175,0.5965937500000005,0.0119270833333333
fixed_20k_discard,fake_kyiv,0.5,30,30,0.01982124999999995,0.10945624999999995,0.18815312499999998,0.2181532499999999,0.2712621875,0.6567675,0.15817814032535846,30,0.0170149999999999,0.06611249999999991,0.128075,0.1656115,0.20106374999999999,0.59012,0.1478999575793812,30,0.0028062500000000483,0.019854062500000054,0.059659375000000056,0.05254175000000001,0.07294125000000008,0.12519999999999998,0.03384590180553875,30,0.0,0.0,0.0,0.0,0.0,0.0,0.0,30,0.0,0.0,0.0,0.0,0.0,0.0,0.0,30,30000.0,30000.0,30000.0,30000.0,30000.0,30000.0,0.0,30,30000.0,30000.0,30000.0,30000.0,30000.0,30000.0,0.0,30,0.0,0.0,0.0,0.0,0.0,0.0,0.0,30,0.0,0.0,0.0,0.0,0.0,0.0,0.0,30,-0.13370500000000002,-0.09756656250000001,-0.06394374999999998,-0.05774558333333334,-0.015681250000000042,0.004794999999999994,0.045028148991354766,30,-0.258905,-0.17138750000000003,-0.11997500000000001,-0.11028733333333333,-0.03885000000000008,-0.0012150000000000216,0.07637394404409513,30,10000.0,10000.0,10000.0,10000.0,10000.0,10000.0,0.0,30,10000.0,10000.0,10000.0,10000.0,10000.0,10000.0,0.0,30,0.0028062500000000483,0.019854062500000054,0.05965937500000004,0.05254175000000001,0.07294125000000007,0.12519999999999998,0.03384590180553876,30,0.003062500000000098,0.014969374999999984,0.06208375000000002,0.053018416666666665,0.07519999999999999,0.1304674999999999,0.03525359538085864,30,0.005099999999999997,0.046570000000000084,0.11860000000000004,0.10413016666666668,0.14692500000000003,0.302595,0.06893375572547558,30,0.0023243614714583503,0.02078390007427886,0.05365325160603761,0.048849312043118896,0.06726400519193827,0.13755356841366687,0.03166439298623766,30,0.0,0.0,0.0,0.0,0.0,0.0,0.0,30,0.0,0.0,0.0,0.0,0.0,0.0,0.0,30,0.0,0.0,0.0,0.0,0.0,0.0,0.0,30,0.0,0.0,0.0,0.0,0.0,0.0,0.0,30,0.056125000000000966,0.39708125000000105,1.193187500000001,1.050835,1.4588250000000016,2.5039999999999996,0.6769180361107752,30,0.0,0.0,0.19318750000000107,0.309945,0.45882500000000154,1.5039999999999996,0.3889499868899907,30,0.028062500000000483,0.19854062500000053,0.5965937500000005,0.5254175,0.7294125000000008,1.2519999999999998,0.3384590180553876,30,0.0,0.0,0.0,0.0119270833333333,0.0,0.2519999999999998,0.04928195642774599,0.43333333333333335,1.0,0.43333333333333335,1.050835,1.193187500000001,0.309945,0.9333333333333333,1.0,0.9333333333333333,0.5254175,0.5965937500000005,0.0119270833333333
fixed_20k_discard,fake_kyiv,0.75,30,30,0.01982124999999995,0.10945624999999995,0.18815312499999998,0.2181532499999999,0.2712621875,0.6567675,0.15817814032535846,30,0.0170149999999999,0.06611249999999991,0.128075,0.1656115,0.20106374999999999,0.59012,0.1478999575793812,30,0.0028062500000000483,0.019854062500000054,0.059659375000000056,0.05254175000000001,0.07294125000000008,0.12519999999999998,0.03384590180553875,30,0.0,0.0,0.0,0.0,0.0,0.0,0.0,30,0.0,0.0,0.0,0.0,0.0,0.0,0.0,30,35000.0,35000.0,35000.0,35000.0,35000.0,35000.0,0.0,30,35000.0,35000.0,35000.0,35000.0,35000.0,35000.0,0.0,30,0.0,0.0,0.0,0.0,0.0,0.0,0.0,30,0.0,0.0,0.0,0.0,0.0,0.0,0.0,30,-0.13370500000000002,-0.09756656250000001,-0.06394374999999998,-0.05774558333333334,-0.015681250000000042,0.004794999999999994,0.045028148991354766,30,-0.258905,-0.17138750000000003,-0.11997500000000001,-0.11028733333333333,-0.03885000000000008,-0.0012150000000000216,0.07637394404409513,30,15000.0,15000.0,15000.0,15000.0,15000.0,15000.0,0.0,30,15000.0,15000.0,15000.0,15000.0,15000.0,15000.0,0.0,30,0.0028062500000000483,0.019854062500000054,0.05965937500000004,0.05254175000000001,0.07294125000000007,0.12519999999999998,0.03384590180553876,30,0.003062500000000098,0.014969374999999984,0.06208375000000002,0.053018416666666665,0.07519999999999999,0.1304674999999999,0.03525359538085864,30,0.005099999999999997,0.046570000000000084,0.11860000000000004,0.10413016666666668,0.14692500000000003,0.302595,0.06893375572547558,30,0.0023243614714583503,0.02078390007427886,0.05365325160603761,0.048849312043118896,0.06726400519193827,0.13755356841366687,0.03166439298623766,30,0.0,0.0,0.0,0.0,0.0,0.0,0.0,30,0.0,0.0,0.0,0.0,0.0,0.0,0.0,30,0.0,0.0,0.0,0.0,0.0,0.0,0.0,30,0.0,0.0,0.0,0.0,0.0,0.0,0.0,30,0.056125000000000966,0.39708125000000105,1.193187500000001,1.050835,1.4588250000000016,2.5039999999999996,0.6769180361107752,30,0.0,0.0,0.19318750000000107,0.309945,0.45882500000000154,1.5039999999999996,0.3889499868899907,30,0.028062500000000483,0.19854062500000053,0.5965937500000005,0.5254175,0.7294125000000008,1.2519999999999998,0.3384590180553876,30,0.0,0.0,0.0,0.0119270833333333,0.0,0.2519999999999998,0.04928195642774599,0.43333333333333335,1.0,0.43333333333333335,1.050835,1.193187500000001,0.309945,0.9333333333333333,1.0,0.9333333333333333,0.5254175,0.5965937500000005,0.0119270833333333
fixed_20k_discard,fake_kyiv,0.9,30,30,0.01982124999999995,0.10945624999999995,0.18815312499999998,0.2181532499999999,0.2712621875,0.6567675,0.15817814032535846,30,0.0170149999999999,0.06611249999999991,0.128075,0.1656115,0.20106374999999999,0.59012,0.1478999575793812,30,0.0028062500000000483,0.019854062500000054,0.059659375000000056,0.05254175000000001,0.07294125000000008,0.12519999999999998,0.03384590180553875,30,0.0,0.0,0.0,0.0,0.0,0.0,0.0,30,0.0,0.0,0.0,0.0,0.0,0.0,0.0,30,38000.0,38000.0,38000.0,38000.0,38000.0,38000.0,0.0,30,38000.0,38000.0,38000.0,38000.0,38000.0,38000.0,0.0,30,0.0,0.0,0.0,0.0,0.0,0.0,0.0,30,0.0,0.0,0.0,0.0,0.0,0.0,0.0,30,-0.13370500000000002,-0.09756656250000001,-0.06394374999999998,-0.05774558333333334,-0.015681250000000042,0.004794999999999994,0.045028148991354766,30,-0.258905,-0.17138750000000003,-0.11997500000000001,-0.11028733333333333,-0.03885000000000008,-0.0012150000000000216,0.07637394404409513,30,18000.0,18000.0,18000.0,18000.0,18000.0,18000.0,0.0,30,18000.0,18000.0,18000.0,18000.0,18000.0,18000.0,0.0,30,0.0028062500000000483,0.019854062500000054,0.05965937500000004,0.05254175000000001,0.07294125000000007,0.12519999999999998,0.03384590180553876,30,0.003062500000000098,0.014969374999999984,0.06208375000000002,0.053018416666666665,0.07519999999999999,0.1304674999999999,0.03525359538085864,30,0.005099999999999997,0.046570000000000084,0.11860000000000004,0.10413016666666668,0.14692500000000003,0.302595,0.06893375572547558,30,0.0023243614714583503,0.02078390007427886,0.05365325160603761,0.048849312043118896,0.06726400519193827,0.13755356841366687,0.03166439298623766,30,0.0,0.0,0.0,0.0,0.0,0.0,0.0,30,0.0,0.0,0.0,0.0,0.0,0.0,0.0,30,0.0,0.0,0.0,0.0,0.0,0.0,0.0,30,0.0,0.0,0.0,0.0,0.0,0.0,0.0,30,0.056125000000000966,0.39708125000000105,1.193187500000001,1.050835,1.4588250000000016,2.5039999999999996,0.6769180361107752,30,0.0,0.0,0.19318750000000107,0.309945,0.45882500000000154,1.5039999999999996,0.3889499868899907,30,0.028062500000000483,0.19854062500000053,0.5965937500000005,0.5254175,0.7294125000000008,1.2519999999999998,0.3384590180553876,30,0.0,0.0,0.0,0.0119270833333333,0.0,0.2519999999999998,0.04928195642774599,0.43333333333333335,1.0,0.43333333333333335,1.050835,1.193187500000001,0.309945,0.9333333333333333,1.0,0.9333333333333333,0.5254175,0.5965937500000005,0.0119270833333333
fixed_20k_discard,fake_marrakesh,0.1,30,30,0.019806249999999928,0.12998437499999999,0.22181624999999996,0.24542766666666666,0.3136834375,0.6939774999999999,0.1676323325628007,30,0.0170149999999999,0.08252124999999998,0.16252250000000001,0.19162833333333332,0.23986624999999995,0.653455,0.15779460973341117,30,0.0027912500000000263,0.022260625000000006,0.056528125,0.05379933333333334,0.07342343750000004,0.15507624999999997,0.03620010442112805,30,0.0,0.0,0.0,0.0,0.0,0.0,0.0,30,0.0,0.0,0.0,0.0,0.0,0.0,0.0,30,22000.0,22000.0,22000.0,22000.0,22000.0,22000.0,0.0,30,22000.0,22000.0,22000.0,22000.0,22000.0,22000.0,0.0,30,0.0,0.0,0.0,0.0,0.0,0.0,0.0,30,0.0,0.0,0.0,0.0,0.0,0.0,0.0,30,-0.00844750000000001,0.028661875000000107,0.09152125,0.07862650000000002,0.11650750000000003,0.18992624999999996,0.05459171845390104,30,-0.012730000000000005,0.002737499999999976,0.016944999999999995,0.02482716666666668,0.03975875000000007,0.09499999999999989,0.02826733327515181,30,2000.0,2000.0,2000.0,2000.0,2000.0,2000.0,0.0,30,2000.0,2000.0,2000.0,2000.0,2000.0,2000.0,0.0,30,0.0027912500000000237,0.022260625000000003,0.05652812499999997,0.05379933333333334,0.07342343750000004,0.15507625,0.03620010442112805,30,0.003032500000000049,0.02479875,0.06588125,0.06157575,0.08158937499999996,0.17628,0.04244617151590658,30,0.005099999999999997,0.03938749999999998,0.0918425,0.09204583333333334,0.13298375,0.267745,0.061620803978058414,30,0.0023118837016597384,0.017368428231864803,0.041685751853085706,0.04053814141781597,0.0563721240228147,0.11861280119047017,0.027047534829353702,30,0.0,0.0,0.0,0.0,0.0,0.0,0.0,30,0.0,0.0,0.0,0.0,0.0,0.0,0.0,30,0.0,0.0,0.0,0.0,0.0,0.0,0.0,30,0.0,0.0,0.0,0.0,0.0,0.0,0.0,30,0.05582500000000053,0.44521250000000007,1.1305625,1.0759866666666664,1.4684687500000004,3.101524999999999,0.724002088422561,30,0.0,0.0,0.13056249999999991,0.3261258333333334,0.4684687500000005,2.101524999999999,0.464588004333768,30,0.027912500000000263,0.22260625000000003,0.56528125,0.5379933333333332,0.7342343750000002,1.5507624999999996,0.3620010442112805,30,0.0,0.0,0.0,0.01851874999999999,0.0,0.5507624999999996,0.10052861118887814,0.4,1.0,0.4,1.0759866666666664,1.1305625,0.3261258333333334,0.9333333333333333,1.0,0.9333333333333333,0.5379933333333332,0.56528125,0.01851874999999999
fixed_20k_discard,fake_marrakesh,0.25,30,30,0.019806249999999928,0.12998437499999999,0.22181624999999996,0.24542766666666666,0.3136834375,0.6939774999999999,0.1676323325628007,30,0.0170149999999999,0.08252124999999998,0.16252250000000001,0.19162833333333332,0.23986624999999995,0.653455,0.15779460973341117,30,0.0027912500000000263,0.022260625000000006,0.056528125,0.05379933333333334,0.07342343750000004,0.15507624999999997,0.03620010442112805,30,0.0,0.0,0.0,0.0,0.0,0.0,0.0,30,0.0,0.0,0.0,0.0,0.0,0.0,0.0,30,25000.0,25000.0,25000.0,25000.0,25000.0,25000.0,0.0,30,25000.0,25000.0,25000.0,25000.0,25000.0,25000.0,0.0,30,0.0,0.0,0.0,0.0,0.0,0.0,0.0,30,0.0,0.0,0.0,0.0,0.0,0.0,0.0,30,-0.00844750000000001,0.028661875000000107,0.09152125,0.07862650000000002,0.11650750000000003,0.18992624999999996,0.05459171845390104,30,-0.012730000000000005,0.002737499999999976,0.016944999999999995,0.02482716666666668,0.03975875000000007,0.09499999999999989,0.02826733327515181,30,5000.0,5000.0,5000.0,5000.0,5000.0,5000.0,0.0,30,5000.0,5000.0,5000.0,5000.0,5000.0,5000.0,0.0,30,0.0027912500000000237,0.022260625000000003,0.05652812499999997,0.05379933333333334,0.07342343750000004,0.15507625,0.03620010442112805,30,0.003032500000000049,0.02479875,0.06588125,0.06157575,0.08158937499999996,0.17628,0.04244617151590658,30,0.005099999999999997,0.03938749999999998,0.0918425,0.09204583333333334,0.13298375,0.267745,0.061620803978058414,30,0.0023118837016597384,0.017368428231864803,0.041685751853085706,0.04053814141781597,0.0563721240228147,0.11861280119047017,0.027047534829353702,30,0.0,0.0,0.0,0.0,0.0,0.0,0.0,30,0.0,0.0,0.0,0.0,0.0,0.0,0.0,30,0.0,0.0,0.0,0.0,0.0,0.0,0.0,30,0.0,0.0,0.0,0.0,0.0,0.0,0.0,30,0.05582500000000053,0.44521250000000007,1.1305625,1.0759866666666664,1.4684687500000004,3.101524999999999,0.724002088422561,30,0.0,0.0,0.13056249999999991,0.3261258333333334,0.4684687500000005,2.101524999999999,0.464588004333768,30,0.027912500000000263,0.22260625000000003,0.56528125,0.5379933333333332,0.7342343750000002,1.5507624999999996,0.3620010442112805,30,0.0,0.0,0.0,0.01851874999999999,0.0,0.5507624999999996,0.10052861118887814,0.4,1.0,0.4,1.0759866666666664,1.1305625,0.3261258333333334,0.9333333333333333,1.0,0.9333333333333333,0.5379933333333332,0.56528125,0.01851874999999999
fixed_20k_discard,fake_marrakesh,0.5,30,30,0.019806249999999928,0.12998437499999999,0.22181624999999996,0.24542766666666666,0.3136834375,0.6939774999999999,0.1676323325628007,30,0.0170149999999999,0.08252124999999998,0.16252250000000001,0.19162833333333332,0.23986624999999995,0.653455,0.15779460973341117,30,0.0027912500000000263,0.022260625000000006,0.056528125,0.05379933333333334,0.07342343750000004,0.15507624999999997,0.03620010442112805,30,0.0,0.0,0.0,0.0,0.0,0.0,0.0,30,0.0,0.0,0.0,0.0,0.0,0.0,0.0,30,30000.0,30000.0,30000.0,30000.0,30000.0,30000.0,0.0,30,30000.0,30000.0,30000.0,30000.0,30000.0,30000.0,0.0,30,0.0,0.0,0.0,0.0,0.0,0.0,0.0,30,0.0,0.0,0.0,0.0,0.0,0.0,0.0,30,-0.00844750000000001,0.028661875000000107,0.09152125,0.07862650000000002,0.11650750000000003,0.18992624999999996,0.05459171845390104,30,-0.012730000000000005,0.002737499999999976,0.016944999999999995,0.02482716666666668,0.03975875000000007,0.09499999999999989,0.02826733327515181,30,10000.0,10000.0,10000.0,10000.0,10000.0,10000.0,0.0,30,10000.0,10000.0,10000.0,10000.0,10000.0,10000.0,0.0,30,0.0027912500000000237,0.022260625000000003,0.05652812499999997,0.05379933333333334,0.07342343750000004,0.15507625,0.03620010442112805,30,0.003032500000000049,0.02479875,0.06588125,0.06157575,0.08158937499999996,0.17628,0.04244617151590658,30,0.005099999999999997,0.03938749999999998,0.0918425,0.09204583333333334,0.13298375,0.267745,0.061620803978058414,30,0.0023118837016597384,0.017368428231864803,0.041685751853085706,0.04053814141781597,0.0563721240228147,0.11861280119047017,0.027047534829353702,30,0.0,0.0,0.0,0.0,0.0,0.0,0.0,30,0.0,0.0,0.0,0.0,0.0,0.0,0.0,30,0.0,0.0,0.0,0.0,0.0,0.0,0.0,30,0.0,0.0,0.0,0.0,0.0,0.0,0.0,30,0.05582500000000053,0.44521250000000007,1.1305625,1.0759866666666664,1.4684687500000004,3.101524999999999,0.724002088422561,30,0.0,0.0,0.13056249999999991,0.3261258333333334,0.4684687500000005,2.101524999999999,0.464588004333768,30,0.027912500000000263,0.22260625000000003,0.56528125,0.5379933333333332,0.7342343750000002,1.5507624999999996,0.3620010442112805,30,0.0,0.0,0.0,0.01851874999999999,0.0,0.5507624999999996,0.10052861118887814,0.4,1.0,0.4,1.0759866666666664,1.1305625,0.3261258333333334,0.9333333333333333,1.0,0.9333333333333333,0.5379933333333332,0.56528125,0.01851874999999999
fixed_20k_discard,fake_marrakesh,0.75,30,30,0.019806249999999928,0.12998437499999999,0.22181624999999996,0.24542766666666666,0.3136834375,0.6939774999999999,0.1676323325628007,30,0.0170149999999999,0.08252124999999998,0.16252250000000001,0.19162833333333332,0.23986624999999995,0.653455,0.15779460973341117,30,0.0027912500000000263,0.022260625000000006,0.056528125,0.05379933333333334,0.07342343750000004,0.15507624999999997,0.03620010442112805,30,0.0,0.0,0.0,0.0,0.0,0.0,0.0,30,0.0,0.0,0.0,0.0,0.0,0.0,0.0,30,35000.0,35000.0,35000.0,35000.0,35000.0,35000.0,0.0,30,35000.0,35000.0,35000.0,35000.0,35000.0,35000.0,0.0,30,0.0,0.0,0.0,0.0,0.0,0.0,0.0,30,0.0,0.0,0.0,0.0,0.0,0.0,0.0,30,-0.00844750000000001,0.028661875000000107,0.09152125,0.07862650000000002,0.11650750000000003,0.18992624999999996,0.05459171845390104,30,-0.012730000000000005,0.002737499999999976,0.016944999999999995,0.02482716666666668,0.03975875000000007,0.09499999999999989,0.02826733327515181,30,15000.0,15000.0,15000.0,15000.0,15000.0,15000.0,0.0,30,15000.0,15000.0,15000.0,15000.0,15000.0,15000.0,0.0,30,0.0027912500000000237,0.022260625000000003,0.05652812499999997,0.05379933333333334,0.07342343750000004,0.15507625,0.03620010442112805,30,0.003032500000000049,0.02479875,0.06588125,0.06157575,0.08158937499999996,0.17628,0.04244617151590658,30,0.005099999999999997,0.03938749999999998,0.0918425,0.09204583333333334,0.13298375,0.267745,0.061620803978058414,30,0.0023118837016597384,0.017368428231864803,0.041685751853085706,0.04053814141781597,0.0563721240228147,0.11861280119047017,0.027047534829353702,30,0.0,0.0,0.0,0.0,0.0,0.0,0.0,30,0.0,0.0,0.0,0.0,0.0,0.0,0.0,30,0.0,0.0,0.0,0.0,0.0,0.0,0.0,30,0.0,0.0,0.0,0.0,0.0,0.0,0.0,30,0.05582500000000053,0.44521250000000007,1.1305625,1.0759866666666664,1.4684687500000004,3.101524999999999,0.724002088422561,30,0.0,0.0,0.13056249999999991,0.3261258333333334,0.4684687500000005,2.101524999999999,0.464588004333768,30,0.027912500000000263,0.22260625000000003,0.56528125,0.5379933333333332,0.7342343750000002,1.5507624999999996,0.3620010442112805,30,0.0,0.0,0.0,0.01851874999999999,0.0,0.5507624999999996,0.10052861118887814,0.4,1.0,0.4,1.0759866666666664,1.1305625,0.3261258333333334,0.9333333333333333,1.0,0.9333333333333333,0.5379933333333332,0.56528125,0.01851874999999999
fixed_20k_discard,fake_marrakesh,0.9,30,30,0.019806249999999928,0.12998437499999999,0.22181624999999996,0.24542766666666666,0.3136834375,0.6939774999999999,0.1676323325628007,30,0.0170149999999999,0.08252124999999998,0.16252250000000001,0.19162833333333332,0.23986624999999995,0.653455,0.15779460973341117,30,0.0027912500000000263,0.022260625000000006,0.056528125,0.05379933333333334,0.07342343750000004,0.15507624999999997,0.03620010442112805,30,0.0,0.0,0.0,0.0,0.0,0.0,0.0,30,0.0,0.0,0.0,0.0,0.0,0.0,0.0,30,38000.0,38000.0,38000.0,38000.0,38000.0,38000.0,0.0,30,38000.0,38000.0,38000.0,38000.0,38000.0,38000.0,0.0,30,0.0,0.0,0.0,0.0,0.0,0.0,0.0,30,0.0,0.0,0.0,0.0,0.0,0.0,0.0,30,-0.00844750000000001,0.028661875000000107,0.09152125,0.07862650000000002,0.11650750000000003,0.18992624999999996,0.05459171845390104,30,-0.012730000000000005,0.002737499999999976,0.016944999999999995,0.02482716666666668,0.03975875000000007,0.09499999999999989,0.02826733327515181,30,18000.0,18000.0,18000.0,18000.0,18000.0,18000.0,0.0,30,18000.0,18000.0,18000.0,18000.0,18000.0,18000.0,0.0,30,0.0027912500000000237,0.022260625000000003,0.05652812499999997,0.05379933333333334,0.07342343750000004,0.15507625,0.03620010442112805,30,0.003032500000000049,0.02479875,0.06588125,0.06157575,0.08158937499999996,0.17628,0.04244617151590658,30,0.005099999999999997,0.03938749999999998,0.0918425,0.09204583333333334,0.13298375,0.267745,0.061620803978058414,30,0.0023118837016597384,0.017368428231864803,0.041685751853085706,0.04053814141781597,0.0563721240228147,0.11861280119047017,0.027047534829353702,30,0.0,0.0,0.0,0.0,0.0,0.0,0.0,30,0.0,0.0,0.0,0.0,0.0,0.0,0.0,30,0.0,0.0,0.0,0.0,0.0,0.0,0.0,30,0.0,0.0,0.0,0.0,0.0,0.0,0.0,30,0.05582500000000053,0.44521250000000007,1.1305625,1.0759866666666664,1.4684687500000004,3.101524999999999,0.724002088422561,30,0.0,0.0,0.13056249999999991,0.3261258333333334,0.4684687500000005,2.101524999999999,0.464588004333768,30,0.027912500000000263,0.22260625000000003,0.56528125,0.5379933333333332,0.7342343750000002,1.5507624999999996,0.3620010442112805,30,0.0,0.0,0.0,0.01851874999999999,0.0,0.5507624999999996,0.10052861118887814,0.4,1.0,0.4,1.0759866666666664,1.1305625,0.3261258333333334,0.9333333333333333,1.0,0.9333333333333333,0.5379933333333332,0.56528125,0.01851874999999999
fixed_20k_discard,fake_sherbrooke,0.1,30,30,0.01959999999999995,0.10874687499999994,0.19075937499999995,0.22008562499999995,0.28057,0.663885,0.1597847763577127,30,0.0170149999999999,0.06611249999999991,0.128075,0.1656115,0.20106374999999999,0.59012,0.1478999575793812,30,0.002585000000000049,0.019284687499999998,0.05845,0.05447412500000001,0.08026875000000008,0.1208749999999999,0.036030884347293776,30,0.0,0.0,0.0,0.0,0.0,0.0,0.0,30,0.0,0.0,0.0,0.0,0.0,0.0,0.0,30,22000.0,22000.0,22000.0,22000.0,22000.0,22000.0,0.0,30,22000.0,22000.0,22000.0,22000.0,22000.0,22000.0,0.0,30,0.0,0.0,0.0,0.0,0.0,0.0,0.0,30,0.0,0.0,0.0,0.0,0.0,0.0,0.0,30,-0.18831750000000003,-0.06510062500000001,-0.04599937500000001,-0.04808370833333334,-0.01743593749999999,0.0018262499999999737,0.03927494017709196,30,-0.302595,-0.14692500000000003,-0.11860000000000004,-0.10255783333333333,-0.034420000000000076,-0.00359000000000001,0.06952877445374848,30,2000.0,2000.0,2000.0,2000.0,2000.0,2000.0,0.0,30,2000.0,2000.0,2000.0,2000.0,2000.0,2000.0,0.0,30,0.002585000000000049,0.019284687499999998,0.058450000000000016,0.054474125000000005,0.08026875000000006,0.12087499999999994,0.03603088434729378,30,0.003032500000000049,0.016456874999999985,0.05895500000000005,0.05258216666666667,0.07519999999999999,0.13819499999999996,0.036144860622971314,30,0.004275000000000098,0.04207500000000008,0.11997500000000001,0.11273216666666667,0.17138750000000003,0.258905,0.0743612225220327,30,0.0020603761792449605,0.020418660149769906,0.05802105478643429,0.051737947140955386,0.07814416532792706,0.11929485812473227,0.033368593289478984,30,0.0,0.0,0.0,0.0,0.0,0.0,0.0,30,0.0,0.0,0.0,0.0,0.0,0.0,0.0,30,0.0,0.0,0.0,0.0,0.0,0.0,0.0,30,0.0,0.0,0.0,0.0,0.0,0.0,0.0,30,0.05170000000000098,0.38569374999999995,1.169,1.0894825,1.6053750000000018,2.4174999999999978,0.7206176869458755,30,0.0,0.0,0.16900000000000004,0.3590324999999999,0.6053750000000017,1.4174999999999978,0.4160910429195089,30,0.02585000000000049,0.19284687499999997,0.5845,0.54474125,0.8026875000000009,1.2087499999999989,0.36030884347293773,30,0.0,0.0,0.0,0.011717499999999952,0.0,0.20874999999999888,0.04542605546474609,0.43333333333333335,1.0,0.43333333333333335,1.0894825,1.169,0.3590324999999999,0.9333333333333333,1.0,0.9333333333333333,0.54474125,0.5845,0.011717499999999952
fixed_20k_discard,fake_sherbrooke,0.25,30,30,0.01959999999999995,0.10874687499999994,0.19075937499999995,0.22008562499999995,0.28057,0.663885,0.1597847763577127,30,0.0170149999999999,0.06611249999999991,0.128075,0.1656115,0.20106374999999999,0.59012,0.1478999575793812,30,0.002585000000000049,0.019284687499999998,0.05845,0.05447412500000001,0.08026875000000008,0.1208749999999999,0.036030884347293776,30,0.0,0.0,0.0,0.0,0.0,0.0,0.0,30,0.0,0.0,0.0,0.0,0.0,0.0,0.0,30,25000.0,25000.0,25000.0,25000.0,25000.0,25000.0,0.0,30,25000.0,25000.0,25000.0,25000.0,25000.0,25000.0,0.0,30,0.0,0.0,0.0,0.0,0.0,0.0,0.0,30,0.0,0.0,0.0,0.0,0.0,0.0,0.0,30,-0.18831750000000003,-0.06510062500000001,-0.04599937500000001,-0.04808370833333334,-0.01743593749999999,0.0018262499999999737,0.03927494017709196,30,-0.302595,-0.14692500000000003,-0.11860000000000004,-0.10255783333333333,-0.034420000000000076,-0.00359000000000001,0.06952877445374848,30,5000.0,5000.0,5000.0,5000.0,5000.0,5000.0,0.0,30,5000.0,5000.0,5000.0,5000.0,5000.0,5000.0,0.0,30,0.002585000000000049,0.019284687499999998,0.058450000000000016,0.054474125000000005,0.08026875000000006,0.12087499999999994,0.03603088434729378,30,0.003032500000000049,0.016456874999999985,0.05895500000000005,0.05258216666666667,0.07519999999999999,0.13819499999999996,0.036144860622971314,30,0.004275000000000098,0.04207500000000008,0.11997500000000001,0.11273216666666667,0.17138750000000003,0.258905,0.0743612225220327,30,0.0020603761792449605,0.020418660149769906,0.05802105478643429,0.051737947140955386,0.07814416532792706,0.11929485812473227,0.033368593289478984,30,0.0,0.0,0.0,0.0,0.0,0.0,0.0,30,0.0,0.0,0.0,0.0,0.0,0.0,0.0,30,0.0,0.0,0.0,0.0,0.0,0.0,0.0,30,0.0,0.0,0.0,0.0,0.0,0.0,0.0,30,0.05170000000000098,0.38569374999999995,1.169,1.0894825,1.6053750000000018,2.4174999999999978,0.7206176869458755,30,0.0,0.0,0.16900000000000004,0.3590324999999999,0.6053750000000017,1.4174999999999978,0.4160910429195089,30,0.02585000000000049,0.19284687499999997,0.5845,0.54474125,0.8026875000000009,1.2087499999999989,0.36030884347293773,30,0.0,0.0,0.0,0.011717499999999952,0.0,0.20874999999999888,0.04542605546474609,0.43333333333333335,1.0,0.43333333333333335,1.0894825,1.169,0.3590324999999999,0.9333333333333333,1.0,0.9333333333333333,0.54474125,0.5845,0.011717499999999952
fixed_20k_discard,fake_sherbrooke,0.5,30,30,0.01959999999999995,0.10874687499999994,0.19075937499999995,0.22008562499999995,0.28057,0.663885,0.1597847763577127,30,0.0170149999999999,0.06611249999999991,0.128075,0.1656115,0.20106374999999999,0.59012,0.1478999575793812,30,0.002585000000000049,0.019284687499999998,0.05845,0.05447412500000001,0.08026875000000008,0.1208749999999999,0.036030884347293776,30,0.0,0.0,0.0,0.0,0.0,0.0,0.0,30,0.0,0.0,0.0,0.0,0.0,0.0,0.0,30,30000.0,30000.0,30000.0,30000.0,30000.0,30000.0,0.0,30,30000.0,30000.0,30000.0,30000.0,30000.0,30000.0,0.0,30,0.0,0.0,0.0,0.0,0.0,0.0,0.0,30,0.0,0.0,0.0,0.0,0.0,0.0,0.0,30,-0.18831750000000003,-0.06510062500000001,-0.04599937500000001,-0.04808370833333334,-0.01743593749999999,0.0018262499999999737,0.03927494017709196,30,-0.302595,-0.14692500000000003,-0.11860000000000004,-0.10255783333333333,-0.034420000000000076,-0.00359000000000001,0.06952877445374848,30,10000.0,10000.0,10000.0,10000.0,10000.0,10000.0,0.0,30,10000.0,10000.0,10000.0,10000.0,10000.0,10000.0,0.0,30,0.002585000000000049,0.019284687499999998,0.058450000000000016,0.054474125000000005,0.08026875000000006,0.12087499999999994,0.03603088434729378,30,0.003032500000000049,0.016456874999999985,0.05895500000000005,0.05258216666666667,0.07519999999999999,0.13819499999999996,0.036144860622971314,30,0.004275000000000098,0.04207500000000008,0.11997500000000001,0.11273216666666667,0.17138750000000003,0.258905,0.0743612225220327,30,0.0020603761792449605,0.020418660149769906,0.05802105478643429,0.051737947140955386,0.07814416532792706,0.11929485812473227,0.033368593289478984,30,0.0,0.0,0.0,0.0,0.0,0.0,0.0,30,0.0,0.0,0.0,0.0,0.0,0.0,0.0,30,0.0,0.0,0.0,0.0,0.0,0.0,0.0,30,0.0,0.0,0.0,0.0,0.0,0.0,0.0,30,0.05170000000000098,0.38569374999999995,1.169,1.0894825,1.6053750000000018,2.4174999999999978,0.7206176869458755,30,0.0,0.0,0.16900000000000004,0.3590324999999999,0.6053750000000017,1.4174999999999978,0.4160910429195089,30,0.02585000000000049,0.19284687499999997,0.5845,0.54474125,0.8026875000000009,1.2087499999999989,0.36030884347293773,30,0.0,0.0,0.0,0.011717499999999952,0.0,0.20874999999999888,0.04542605546474609,0.43333333333333335,1.0,0.43333333333333335,1.0894825,1.169,0.3590324999999999,0.9333333333333333,1.0,0.9333333333333333,0.54474125,0.5845,0.011717499999999952
fixed_20k_discard,fake_sherbrooke,0.75,30,30,0.01959999999999995,0.10874687499999994,0.19075937499999995,0.22008562499999995,0.28057,0.663885,0.1597847763577127,30,0.0170149999999999,0.06611249999999991,0.128075,0.1656115,0.20106374999999999,0.59012,0.1478999575793812,30,0.002585000000000049,0.019284687499999998,0.05845,0.05447412500000001,0.08026875000000008,0.1208749999999999,0.036030884347293776,30,0.0,0.0,0.0,0.0,0.0,0.0,0.0,30,0.0,0.0,0.0,0.0,0.0,0.0,0.0,30,35000.0,35000.0,35000.0,35000.0,35000.0,35000.0,0.0,30,35000.0,35000.0,35000.0,35000.0,35000.0,35000.0,0.0,30,0.0,0.0,0.0,0.0,0.0,0.0,0.0,30,0.0,0.0,0.0,0.0,0.0,0.0,0.0,30,-0.18831750000000003,-0.06510062500000001,-0.04599937500000001,-0.04808370833333334,-0.01743593749999999,0.0018262499999999737,0.03927494017709196,30,-0.302595,-0.14692500000000003,-0.11860000000000004,-0.10255783333333333,-0.034420000000000076,-0.00359000000000001,0.06952877445374848,30,15000.0,15000.0,15000.0,15000.0,15000.0,15000.0,0.0,30,15000.0,15000.0,15000.0,15000.0,15000.0,15000.0,0.0,30,0.002585000000000049,0.019284687499999998,0.058450000000000016,0.054474125000000005,0.08026875000000006,0.12087499999999994,0.03603088434729378,30,0.003032500000000049,0.016456874999999985,0.05895500000000005,0.05258216666666667,0.07519999999999999,0.13819499999999996,0.036144860622971314,30,0.004275000000000098,0.04207500000000008,0.11997500000000001,0.11273216666666667,0.17138750000000003,0.258905,0.0743612225220327,30,0.0020603761792449605,0.020418660149769906,0.05802105478643429,0.051737947140955386,0.07814416532792706,0.11929485812473227,0.033368593289478984,30,0.0,0.0,0.0,0.0,0.0,0.0,0.0,30,0.0,0.0,0.0,0.0,0.0,0.0,0.0,30,0.0,0.0,0.0,0.0,0.0,0.0,0.0,30,0.0,0.0,0.0,0.0,0.0,0.0,0.0,30,0.05170000000000098,0.38569374999999995,1.169,1.0894825,1.6053750000000018,2.4174999999999978,0.7206176869458755,30,0.0,0.0,0.16900000000000004,0.3590324999999999,0.6053750000000017,1.4174999999999978,0.4160910429195089,30,0.02585000000000049,0.19284687499999997,0.5845,0.54474125,0.8026875000000009,1.2087499999999989,0.36030884347293773,30,0.0,0.0,0.0,0.011717499999999952,0.0,0.20874999999999888,0.04542605546474609,0.43333333333333335,1.0,0.43333333333333335,1.0894825,1.169,0.3590324999999999,0.9333333333333333,1.0,0.9333333333333333,0.54474125,0.5845,0.011717499999999952
fixed_20k_discard,fake_sherbrooke,0.9,30,30,0.01959999999999995,0.10874687499999994,0.19075937499999995,0.22008562499999995,0.28057,0.663885,0.1597847763577127,30,0.0170149999999999,0.06611249999999991,0.128075,0.1656115,0.20106374999999999,0.59012,0.1478999575793812,30,0.002585000000000049,0.019284687499999998,0.05845,0.05447412500000001,0.08026875000000008,0.1208749999999999,0.036030884347293776,30,0.0,0.0,0.0,0.0,0.0,0.0,0.0,30,0.0,0.0,0.0,0.0,0.0,0.0,0.0,30,38000.0,38000.0,38000.0,38000.0,38000.0,38000.0,0.0,30,38000.0,38000.0,38000.0,38000.0,38000.0,38000.0,0.0,30,0.0,0.0,0.0,0.0,0.0,0.0,0.0,30,0.0,0.0,0.0,0.0,0.0,0.0,0.0,30,-0.18831750000000003,-0.06510062500000001,-0.04599937500000001,-0.04808370833333334,-0.01743593749999999,0.0018262499999999737,0.03927494017709196,30,-0.302595,-0.14692500000000003,-0.11860000000000004,-0.10255783333333333,-0.034420000000000076,-0.00359000000000001,0.06952877445374848,30,18000.0,18000.0,18000.0,18000.0,18000.0,18000.0,0.0,30,18000.0,18000.0,18000.0,18000.0,18000.0,18000.0,0.0,30,0.002585000000000049,0.019284687499999998,0.058450000000000016,0.054474125000000005,0.08026875000000006,0.12087499999999994,0.03603088434729378,30,0.003032500000000049,0.016456874999999985,0.05895500000000005,0.05258216666666667,0.07519999999999999,0.13819499999999996,0.036144860622971314,30,0.004275000000000098,0.04207500000000008,0.11997500000000001,0.11273216666666667,0.17138750000000003,0.258905,0.0743612225220327,30,0.0020603761792449605,0.020418660149769906,0.05802105478643429,0.051737947140955386,0.07814416532792706,0.11929485812473227,0.033368593289478984,30,0.0,0.0,0.0,0.0,0.0,0.0,0.0,30,0.0,0.0,0.0,0.0,0.0,0.0,0.0,30,0.0,0.0,0.0,0.0,0.0,0.0,0.0,30,0.0,0.0,0.0,0.0,0.0,0.0,0.0,30,0.05170000000000098,0.38569374999999995,1.169,1.0894825,1.6053750000000018,2.4174999999999978,0.7206176869458755,30,0.0,0.0,0.16900000000000004,0.3590324999999999,0.6053750000000017,1.4174999999999978,0.4160910429195089,30,0.02585000000000049,0.19284687499999997,0.5845,0.54474125,0.8026875000000009,1.2087499999999989,0.36030884347293773,30,0.0,0.0,0.0,0.011717499999999952,0.0,0.20874999999999888,0.04542605546474609,0.43333333333333335,1.0,0.43333333333333335,1.0894825,1.169,0.3590324999999999,0.9333333333333333,1.0,0.9333333333333333,0.54474125,0.5845,0.011717499999999952
fixed_20k_discard,fake_torino,0.1,30,30,0.020412499999999927,0.11042812499999996,0.19437749999999998,0.225760375,0.292843125,0.67325625,0.1627987653397189,30,0.0170149999999999,0.06611249999999991,0.128075,0.16587933333333332,0.20106374999999999,0.59012,0.1479872776203119,30,0.003297499999999981,0.020279687500000053,0.06558375,0.05988104166666667,0.09191031250000001,0.14908749999999998,0.04063265027049883,30,0.0,0.0,0.0,0.0,0.0,0.0,0.0,30,0.0,0.0,0.0,0.0,0.0,0.0,0.0,30,22000.0,22000.0,22000.0,22000.0,22000.0,22000.0,0.0,30,22000.0,22000.0,22000.0,22000.0,22000.0,22000.0,0.0,30,0.0,0.0,0.0,0.0,0.0,0.0,0.0,30,0.0,0.0,0.0,0.0,0.0,0.0,0.0,30,-0.0643787500000001,-0.038187500000000055,-0.016158749999999958,-0.01970995833333334,0.0002934374999999795,0.008833750000000029,0.021146865478278185,30,-0.18139,-0.11079,-0.08587500000000005,-0.079591,-0.029442500000000024,0.00464500000000001,0.05207149816722493,30,2000.0,2000.0,2000.0,2000.0,2000.0,2000.0,0.0,30,2000.0,2000.0,2000.0,2000.0,2000.0,2000.0,0.0,30,0.0032975000000000088,0.020279687500000053,0.06558375,0.05988104166666667,0.09191031250000001,0.14908749999999998,0.04063265027049883,30,0.0024025000000000157,0.01888687500000006,0.06726249999999998,0.06093950000000001,0.09396,0.1468775,0.04315183234412151,30,0.005099999999999997,0.04334500000000008,0.13200000000000006,0.11764516666666668,0.17424250000000002,0.302595,0.07794473255834516,30,0.0023007118463640886,0.020035891299212412,0.06653340926611406,0.05639003188393731,0.0848105083326864,0.15373323748732196,0.03762741849680285,30,0.0,0.0,0.0,0.0,0.0,0.0,0.0,30,0.0,0.0,0.0,0.0,0.0,0.0,0.0,30,0.0,0.0,0.0,0.0,0.0,0.0,0.0,30,0.0,0.0,0.0,0.0,0.0,0.0,0.0,30,0.06594999999999962,0.4055937500000011,1.3116749999999997,1.1976208333333338,1.8382062500000003,2.9817499999999995,0.8126530054099765,30,0.0,0.0,0.3116749999999998,0.45666166666666663,0.8382062500000002,1.9817499999999995,0.5182608886830121,30,0.03297499999999981,0.20279687500000054,0.6558374999999999,0.5988104166666669,0.9191031250000001,1.4908749999999997,0.40632650270498827,30,0.0,0.0,0.0,0.025565833333333256,0.0,0.49087499999999973,0.09373711566252646,0.4,1.0,0.4,1.1976208333333338,1.3116749999999997,0.45666166666666663,0.8333333333333334,1.0,0.8333333333333334,0.5988104166666669,0.6558374999999999,0.025565833333333256
fixed_20k_discard,fake_torino,0.25,30,30,0.020412499999999927,0.11042812499999996,0.19437749999999998,0.225760375,0.292843125,0.67325625,0.1627987653397189,30,0.0170149999999999,0.06611249999999991,0.128075,0.16587933333333332,0.20106374999999999,0.59012,0.1479872776203119,30,0.003297499999999981,0.020279687500000053,0.06558375,0.05988104166666667,0.09191031250000001,0.14908749999999998,0.04063265027049883,30,0.0,0.0,0.0,0.0,0.0,0.0,0.0,30,0.0,0.0,0.0,0.0,0.0,0.0,0.0,30,25000.0,25000.0,25000.0,25000.0,25000.0,25000.0,0.0,30,25000.0,25000.0,25000.0,25000.0,25000.0,25000.0,0.0,30,0.0,0.0,0.0,0.0,0.0,0.0,0.0,30,0.0,0.0,0.0,0.0,0.0,0.0,0.0,30,-0.0643787500000001,-0.038187500000000055,-0.016158749999999958,-0.01970995833333334,0.0002934374999999795,0.008833750000000029,0.021146865478278185,30,-0.18139,-0.11079,-0.08587500000000005,-0.079591,-0.029442500000000024,0.00464500000000001,0.05207149816722493,30,5000.0,5000.0,5000.0,5000.0,5000.0,5000.0,0.0,30,5000.0,5000.0,5000.0,5000.0,5000.0,5000.0,0.0,30,0.0032975000000000088,0.020279687500000053,0.06558375,0.05988104166666667,0.09191031250000001,0.14908749999999998,0.04063265027049883,30,0.0024025000000000157,0.01888687500000006,0.06726249999999998,0.06093950000000001,0.09396,0.1468775,0.04315183234412151,30,0.005099999999999997,0.04334500000000008,0.13200000000000006,0.11764516666666668,0.17424250000000002,0.302595,0.07794473255834516,30,0.0023007118463640886,0.020035891299212412,0.06653340926611406,0.05639003188393731,0.0848105083326864,0.15373323748732196,0.03762741849680285,30,0.0,0.0,0.0,0.0,0.0,0.0,0.0,30,0.0,0.0,0.0,0.0,0.0,0.0,0.0,30,0.0,0.0,0.0,0.0,0.0,0.0,0.0,30,0.0,0.0,0.0,0.0,0.0,0.0,0.0,30,0.06594999999999962,0.4055937500000011,1.3116749999999997,1.1976208333333338,1.8382062500000003,2.9817499999999995,0.8126530054099765,30,0.0,0.0,0.3116749999999998,0.45666166666666663,0.8382062500000002,1.9817499999999995,0.5182608886830121,30,0.03297499999999981,0.20279687500000054,0.6558374999999999,0.5988104166666669,0.9191031250000001,1.4908749999999997,0.40632650270498827,30,0.0,0.0,0.0,0.025565833333333256,0.0,0.49087499999999973,0.09373711566252646,0.4,1.0,0.4,1.1976208333333338,1.3116749999999997,0.45666166666666663,0.8333333333333334,1.0,0.8333333333333334,0.5988104166666669,0.6558374999999999,0.025565833333333256
fixed_20k_discard,fake_torino,0.5,30,30,0.020412499999999927,0.11042812499999996,0.19437749999999998,0.225760375,0.292843125,0.67325625,0.1627987653397189,30,0.0170149999999999,0.06611249999999991,0.128075,0.16587933333333332,0.20106374999999999,0.59012,0.1479872776203119,30,0.003297499999999981,0.020279687500000053,0.06558375,0.05988104166666667,0.09191031250000001,0.14908749999999998,0.04063265027049883,30,0.0,0.0,0.0,0.0,0.0,0.0,0.0,30,0.0,0.0,0.0,0.0,0.0,0.0,0.0,30,30000.0,30000.0,30000.0,30000.0,30000.0,30000.0,0.0,30,30000.0,30000.0,30000.0,30000.0,30000.0,30000.0,0.0,30,0.0,0.0,0.0,0.0,0.0,0.0,0.0,30,0.0,0.0,0.0,0.0,0.0,0.0,0.0,30,-0.0643787500000001,-0.038187500000000055,-0.016158749999999958,-0.01970995833333334,0.0002934374999999795,0.008833750000000029,0.021146865478278185,30,-0.18139,-0.11079,-0.08587500000000005,-0.079591,-0.029442500000000024,0.00464500000000001,0.05207149816722493,30,10000.0,10000.0,10000.0,10000.0,10000.0,10000.0,0.0,30,10000.0,10000.0,10000.0,10000.0,10000.0,10000.0,0.0,30,0.0032975000000000088,0.020279687500000053,0.06558375,0.05988104166666667,0.09191031250000001,0.14908749999999998,0.04063265027049883,30,0.0024025000000000157,0.01888687500000006,0.06726249999999998,0.06093950000000001,0.09396,0.1468775,0.04315183234412151,30,0.005099999999999997,0.04334500000000008,0.13200000000000006,0.11764516666666668,0.17424250000000002,0.302595,0.07794473255834516,30,0.0023007118463640886,0.020035891299212412,0.06653340926611406,0.05639003188393731,0.0848105083326864,0.15373323748732196,0.03762741849680285,30,0.0,0.0,0.0,0.0,0.0,0.0,0.0,30,0.0,0.0,0.0,0.0,0.0,0.0,0.0,30,0.0,0.0,0.0,0.0,0.0,0.0,0.0,30,0.0,0.0,0.0,0.0,0.0,0.0,0.0,30,0.06594999999999962,0.4055937500000011,1.3116749999999997,1.1976208333333338,1.8382062500000003,2.9817499999999995,0.8126530054099765,30,0.0,0.0,0.3116749999999998,0.45666166666666663,0.8382062500000002,1.9817499999999995,0.5182608886830121,30,0.03297499999999981,0.20279687500000054,0.6558374999999999,0.5988104166666669,0.9191031250000001,1.4908749999999997,0.40632650270498827,30,0.0,0.0,0.0,0.025565833333333256,0.0,0.49087499999999973,0.09373711566252646,0.4,1.0,0.4,1.1976208333333338,1.3116749999999997,0.45666166666666663,0.8333333333333334,1.0,0.8333333333333334,0.5988104166666669,0.6558374999999999,0.025565833333333256
fixed_20k_discard,fake_torino,0.75,30,30,0.020412499999999927,0.11042812499999996,0.19437749999999998,0.225760375,0.292843125,0.67325625,0.1627987653397189,30,0.0170149999999999,0.06611249999999991,0.128075,0.16587933333333332,0.20106374999999999,0.59012,0.1479872776203119,30,0.003297499999999981,0.020279687500000053,0.06558375,0.05988104166666667,0.09191031250000001,0.14908749999999998,0.04063265027049883,30,0.0,0.0,0.0,0.0,0.0,0.0,0.0,30,0.0,0.0,0.0,0.0,0.0,0.0,0.0,30,35000.0,35000.0,35000.0,35000.0,35000.0,35000.0,0.0,30,35000.0,35000.0,35000.0,35000.0,35000.0,35000.0,0.0,30,0.0,0.0,0.0,0.0,0.0,0.0,0.0,30,0.0,0.0,0.0,0.0,0.0,0.0,0.0,30,-0.0643787500000001,-0.038187500000000055,-0.016158749999999958,-0.01970995833333334,0.0002934374999999795,0.008833750000000029,0.021146865478278185,30,-0.18139,-0.11079,-0.08587500000000005,-0.079591,-0.029442500000000024,0.00464500000000001,0.05207149816722493,30,15000.0,15000.0,15000.0,15000.0,15000.0,15000.0,0.0,30,15000.0,15000.0,15000.0,15000.0,15000.0,15000.0,0.0,30,0.0032975000000000088,0.020279687500000053,0.06558375,0.05988104166666667,0.09191031250000001,0.14908749999999998,0.04063265027049883,30,0.0024025000000000157,0.01888687500000006,0.06726249999999998,0.06093950000000001,0.09396,0.1468775,0.04315183234412151,30,0.005099999999999997,0.04334500000000008,0.13200000000000006,0.11764516666666668,0.17424250000000002,0.302595,0.07794473255834516,30,0.0023007118463640886,0.020035891299212412,0.06653340926611406,0.05639003188393731,0.0848105083326864,0.15373323748732196,0.03762741849680285,30,0.0,0.0,0.0,0.0,0.0,0.0,0.0,30,0.0,0.0,0.0,0.0,0.0,0.0,0.0,30,0.0,0.0,0.0,0.0,0.0,0.0,0.0,30,0.0,0.0,0.0,0.0,0.0,0.0,0.0,30,0.06594999999999962,0.4055937500000011,1.3116749999999997,1.1976208333333338,1.8382062500000003,2.9817499999999995,0.8126530054099765,30,0.0,0.0,0.3116749999999998,0.45666166666666663,0.8382062500000002,1.9817499999999995,0.5182608886830121,30,0.03297499999999981,0.20279687500000054,0.6558374999999999,0.5988104166666669,0.9191031250000001,1.4908749999999997,0.40632650270498827,30,0.0,0.0,0.0,0.025565833333333256,0.0,0.49087499999999973,0.09373711566252646,0.4,1.0,0.4,1.1976208333333338,1.3116749999999997,0.45666166666666663,0.8333333333333334,1.0,0.8333333333333334,0.5988104166666669,0.6558374999999999,0.025565833333333256
fixed_20k_discard,fake_torino,0.9,30,30,0.020412499999999927,0.11042812499999996,0.19437749999999998,0.225760375,0.292843125,0.67325625,0.1627987653397189,30,0.0170149999999999,0.06611249999999991,0.128075,0.16587933333333332,0.20106374999999999,0.59012,0.1479872776203119,30,0.003297499999999981,0.020279687500000053,0.06558375,0.05988104166666667,0.09191031250000001,0.14908749999999998,0.04063265027049883,30,0.0,0.0,0.0,0.0,0.0,0.0,0.0,30,0.0,0.0,0.0,0.0,0.0,0.0,0.0,30,38000.0,38000.0,38000.0,38000.0,38000.0,38000.0,0.0,30,38000.0,38000.0,38000.0,38000.0,38000.0,38000.0,0.0,30,0.0,0.0,0.0,0.0,0.0,0.0,0.0,30,0.0,0.0,0.0,0.0,0.0,0.0,0.0,30,-0.0643787500000001,-0.038187500000000055,-0.016158749999999958,-0.01970995833333334,0.0002934374999999795,0.008833750000000029,0.021146865478278185,30,-0.18139,-0.11079,-0.08587500000000005,-0.079591,-0.029442500000000024,0.00464500000000001,0.05207149816722493,30,18000.0,18000.0,18000.0,18000.0,18000.0,18000.0,0.0,30,18000.0,18000.0,18000.0,18000.0,18000.0,18000.0,0.0,30,0.0032975000000000088,0.020279687500000053,0.06558375,0.05988104166666667,0.09191031250000001,0.14908749999999998,0.04063265027049883,30,0.0024025000000000157,0.01888687500000006,0.06726249999999998,0.06093950000000001,0.09396,0.1468775,0.04315183234412151,30,0.005099999999999997,0.04334500000000008,0.13200000000000006,0.11764516666666668,0.17424250000000002,0.302595,0.07794473255834516,30,0.0023007118463640886,0.020035891299212412,0.06653340926611406,0.05639003188393731,0.0848105083326864,0.15373323748732196,0.03762741849680285,30,0.0,0.0,0.0,0.0,0.0,0.0,0.0,30,0.0,0.0,0.0,0.0,0.0,0.0,0.0,30,0.0,0.0,0.0,0.0,0.0,0.0,0.0,30,0.0,0.0,0.0,0.0,0.0,0.0,0.0,30,0.06594999999999962,0.4055937500000011,1.3116749999999997,1.1976208333333338,1.8382062500000003,2.9817499999999995,0.8126530054099765,30,0.0,0.0,0.3116749999999998,0.45666166666666663,0.8382062500000002,1.9817499999999995,0.5182608886830121,30,0.03297499999999981,0.20279687500000054,0.6558374999999999,0.5988104166666669,0.9191031250000001,1.4908749999999997,0.40632650270498827,30,0.0,0.0,0.0,0.025565833333333256,0.0,0.49087499999999973,0.09373711566252646,0.4,1.0,0.4,1.1976208333333338,1.3116749999999997,0.45666166666666663,0.8333333333333334,1.0,0.8333333333333334,0.5988104166666669,0.6558374999999999,0.025565833333333256
fixed_20k_keep,fake_fez,0.1,30,30,0.020602499999999923,0.12106562499999994,0.20702749999999992,0.23229100000000003,0.300270625,0.6680412499999999,0.1610920636461118,30,0.01655,0.06874999999999991,0.13606249999999992,0.16636566666666663,0.20267124999999997,0.589935,0.14569199491495355,30,0.002488750000000081,0.023945000000000063,0.07738437499999996,0.06592533333333335,0.09961187500000004,0.16323500000000002,0.043313256725654684,30,0.0,0.0,0.0,0.0,0.0,0.0,0.0,30,0.0,0.0,0.0,0.0,0.0,0.0,0.0,30,20000.0,20000.0,20000.0,20000.0,20000.0,20000.0,0.0,30,20000.0,20000.0,20000.0,20000.0,20000.0,20000.0,0.0,30,0.0,0.0,0.0,0.0,0.0,0.0,0.0,30,0.0,0.0,0.0,0.0,0.0,0.0,0.0,30,-0.008935000000000026,0.01415593749999996,0.04096625000000001,0.040118833333333326,0.0578546875,0.12865000000000004,0.03236196694785711,30,-0.08492499999999997,-0.03663125000000002,-0.016682499999999996,-0.02580650000000002,-0.008675000000000073,0.0033399999999998986,0.024393329576850042,30,0.0,0.0,0.0,0.0,0.0,0.0,0.0,30,0.0,0.0,0.0,0.0,0.0,0.0,0.0,30,0.0024887500000000777,0.023945000000000063,0.077384375,0.06592533333333334,0.09961187500000004,0.163235,0.043313256725654684,30,0.0006925000000001028,0.02732312500000009,0.09044625000000002,0.07872700000000002,0.1130025,0.19115,0.052348629211707416,30,0.0066649999999999,0.04113375000000008,0.119135,0.10624733333333335,0.15751125,0.27064,0.06953359869743612,30,0.002849720746552733,0.018348146765558127,0.05423485231940188,0.04719451334313771,0.07133289904986995,0.12028610636034959,0.030724158128416647,30,0.0,0.0,0.0,0.0,0.0,0.0,0.0,30,0.0,0.0,0.0,0.0,0.0,0.0,0.0,30,0.0,0.0,0.0,0.0,0.0,0.0,0.0,30,0.0,0.0,0.0,0.0,0.0,0.0,0.0,30,0.049775000000001624,0.47890000000000127,1.5476874999999992,1.3185066666666667,1.9922375000000005,3.2647000000000004,0.8662651345130936,30,0.0,0.0,0.5476874999999992,0.5578566666666667,0.9922375000000005,2.2647000000000004,0.5725451518459473,30,0.024887500000000812,0.23945000000000063,0.7738437499999996,0.6592533333333334,0.9961187500000003,1.6323500000000002,0.4331325672565468,30,0.0,0.0,0.0,0.03555458333333333,0.001781250000000345,0.6323500000000002,0.12195073206203791,0.3333333333333333,1.0,0.3333333333333333,1.3185066666666667,1.5476874999999992,0.5578566666666667,0.7333333333333333,1.0,0.7333333333333333,0.6592533333333334,0.7738437499999996,0.03555458333333333
fixed_20k_keep,fake_fez,0.25,30,30,0.01972249999999995,0.11402187499999995,0.19787999999999994,0.22315766666666664,0.28755375,0.65567125,0.15753829232500322,30,0.01608,0.070725,0.140705,0.16841816666666665,0.2070825,0.58809,0.14434585206277972,30,0.002695000000000003,0.02001812499999999,0.06457937499999997,0.0547395,0.08102624999999997,0.135955,0.036068625159022476,30,0.0,0.0,0.0,0.0,0.0,0.0,0.0,30,0.0,0.0,0.0,0.0,0.0,0.0,0.0,30,20000.0,20000.0,20000.0,20000.0,20000.0,20000.0,0.0,30,20000.0,20000.0,20000.0,20000.0,20000.0,20000.0,0.0,30,0.0,0.0,0.0,0.0,0.0,0.0,0.0,30,0.0,0.0,0.0,0.0,0.0,0.0,0.0,30,-0.01946250000000005,0.008831249999999936,0.034513125000000006,0.030985499999999996,0.046564062500000024,0.10516999999999999,0.029085273790451366,30,-0.069905,-0.03204124999999999,-0.017247499999999985,-0.023754000000000008,-0.006449999999999987,-0.0006050000000001055,0.02113147327468249,30,0.0,0.0,0.0,0.0,0.0,0.0,0.0,30,0.0,0.0,0.0,0.0,0.0,0.0,0.0,30,0.002694999999999996,0.020018124999999994,0.06457937499999997,0.0547395,0.08102625,0.135955,0.036068625159022476,30,0.0007474999999999982,0.022475625000000013,0.07726874999999998,0.06543866666666669,0.09302437500000006,0.1601175,0.04364285584450641,30,0.005834999999999899,0.03512124999999995,0.09753499999999998,0.08808066666666667,0.1315475,0.22358499999999998,0.05780218027347945,30,0.00269317811021351,0.015641950440496447,0.044500819208803055,0.03914402414333931,0.05902939397794179,0.10008262295057353,0.025640563498638323,30,0.0,0.0,0.0,0.0,0.0,0.0,0.0,30,0.0,0.0,0.0,0.0,0.0,0.0,0.0,30,0.0,0.0,0.0,0.0,0.0,0.0,0.0,30,0.0,0.0,0.0,0.0,0.0,0.0,0.0,30,0.05390000000000006,0.4003624999999998,1.2915874999999992,1.0947900000000002,1.6205249999999993,2.7190999999999996,0.7213725031804494,30,0.0,0.0,0.2915874999999992,0.3573308333333333,0.6205249999999993,1.7190999999999996,0.4189187644320161,30,0.02695000000000003,0.2001812499999999,0.6457937499999996,0.5473950000000001,0.8102624999999997,1.3595499999999998,0.3606862515902247,30,0.0,0.0,0.0,0.013536666666666648,0.0,0.3595499999999998,0.06590114453159907,0.43333333333333335,1.0,0.43333333333333335,1.0947900000000002,1.2915874999999992,0.3573308333333333,0.9333333333333333,1.0,0.9333333333333333,0.5473950000000001,0.6457937499999996,0.013536666666666648
fixed_20k_keep,fake_fez,0.5,30,30,0.018778749999999948,0.10363437499999995,0.18130999999999994,0.20976854166666667,0.26756781250000006,0.6442225,0.15419827157071805,30,0.0163,0.0743625,0.14681749999999993,0.17342599999999997,0.21413,0.60147,0.14583198701552605,30,0.0010062499999999863,0.013526562499999993,0.041982500000000006,0.036342541666666665,0.054125625000000004,0.09041500000000002,0.02411162903649322,30,0.0,0.0,0.0,0.0,0.0,0.0,0.0,30,0.0,0.0,0.0,0.0,0.0,0.0,0.0,30,20000.0,20000.0,20000.0,20000.0,20000.0,20000.0,0.0,30,20000.0,20000.0,20000.0,20000.0,20000.0,20000.0,0.0,30,0.0,0.0,0.0,0.0,0.0,0.0,0.0,30,0.0,0.0,0.0,0.0,0.0,0.0,0.0,30,-0.03424874999999994,0.005135312499999904,0.02087437500000003,0.017596374999999994,0.028818437500000023,0.06964000000000004,0.02245500821650335,30,-0.05198500000000006,-0.025271250000000002,-0.013594999999999982,-0.018746166666666675,-0.004716249999999998,-0.0007149999999999032,0.015943180343144302,30,0.0,0.0,0.0,0.0,0.0,0.0,0.0,30,0.0,0.0,0.0,0.0,0.0,0.0,0.0,30,0.0010062500000000002,0.013526562499999993,0.041982499999999985,0.03634254166666666,0.054125625,0.090415,0.02411162903649322,30,0.0004224999999999004,0.015231874999999987,0.05029000000000005,0.04346508333333333,0.06351187500000002,0.10629749999999999,0.02917191996479615,30,0.0027900000000000147,0.023642499999999997,0.0663925,0.05844000000000001,0.08631124999999999,0.149065,0.03860016997907902,30,0.001233810999842908,0.010288240773136004,0.02999207491905665,0.025964385416701527,0.03971363813347553,0.06694414325888909,0.01712324934846281,30,0.0,0.0,0.0,0.0,0.0,0.0,0.0,30,0.0,0.0,0.0,0.0,0.0,0.0,0.0,30,0.0,0.0,0.0,0.0,0.0,0.0,0.0,30,0.0,0.0,0.0,0.0,0.0,0.0,0.0,30,0.020124999999999726,0.27053124999999983,0.8396500000000001,0.7268508333333334,1.0825125,1.8083000000000005,0.4822325807298644,30,0.0,0.0,0.0,0.07254416666666673,0.08251250000000004,0.8083000000000005,0.1658960279766203,30,0.010062499999999863,0.13526562499999992,0.41982500000000006,0.3634254166666667,0.54125625,0.9041500000000002,0.2411162903649322,30,0.0,0.0,0.0,0.0,0.0,0.0,0.0,0.6333333333333333,1.0,0.6333333333333333,0.7268508333333334,0.8396500000000001,0.07254416666666673,1.0,1.0,1.0,0.3634254166666667,0.41982500000000006,0.0
fixed_20k_keep,fake_fez,0.75,30,30,0.017757499999999975,0.09377312499999996,0.16810499999999995,0.1994868333333333,0.25179343749999994,0.6443675,0.1540413817161017,30,0.0151,0.07910875,0.1556775,0.1814935,0.22391124999999998,0.622,0.1503283534819811,30,0.0009249999999999502,0.007097812499999976,0.019753749999999952,0.017993333333333323,0.02576593749999999,0.04439124999999999,0.011458839802808868,30,0.0,0.0,0.0,0.0,0.0,0.0,0.0,30,0.0,0.0,0.0,0.0,0.0,0.0,0.0,30,20000.0,20000.0,20000.0,20000.0,20000.0,20000.0,0.0,30,20000.0,20000.0,20000.0,20000.0,20000.0,20000.0,0.0,30,0.0,0.0,0.0,0.0,0.0,0.0,0.0,30,0.0,0.0,0.0,0.0,0.0,0.0,0.0,30,-0.026466250000000024,0.0009350000000000426,0.009978749999999988,0.007314666666666656,0.014937499999999923,0.033476249999999985,0.012800885151461968,30,-0.03145500000000001,-0.015917499999999994,-0.007747500000000046,-0.010678666666666666,-0.0028874999999999977,0.0,0.009280593297522679,30,0.0,0.0,0.0,0.0,0.0,0.0,0.0,30,0.0,0.0,0.0,0.0,0.0,0.0,0.0,30,0.000924999999999951,0.007097812499999974,0.019753749999999952,0.017993333333333323,0.0257659375,0.04439125000000001,0.011458839802808872,30,0.0007099999999999503,0.0077793749999999495,0.023769999999999975,0.02161549999999999,0.03008187500000001,0.052887500000000004,0.013970285374618372,30,0.0022799999999999036,0.012832499999999998,0.03092999999999995,0.028742333333333328,0.042739999999999924,0.07179000000000002,0.018162838896538427,30,0.0009981482855768217,0.005451078650111286,0.013985265960396847,0.012857785844952473,0.01884919490535996,0.03273792967771991,0.008130723543661717,30,0.0,0.0,0.0,0.0,0.0,0.0,0.0,30,0.0,0.0,0.0,0.0,0.0,0.0,0.0,30,0.0,0.0,0.0,0.0,0.0,0.0,0.0,30,0.0,0.0,0.0,0.0,0.0,0.0,0.0,30,0.018499999999999003,0.1419562499999995,0.39507499999999907,0.3598666666666665,0.5153187499999998,0.8878249999999999,0.22917679605617733,30,0.0,0.0,0.0,0.0,0.0,0.0,0.0,30,0.009249999999999502,0.07097812499999975,0.19753749999999953,0.17993333333333325,0.2576593749999999,0.44391249999999993,0.11458839802808866,30,0.0,0.0,0.0,0.0,0.0,0.0,0.0,1.0,1.0,1.0,0.3598666666666665,0.39507499999999907,0.0,1.0,1.0,1.0,0.17993333333333325,0.19753749999999953,0.0
fixed_20k_keep,fake_fez,0.9,30,30,0.015716249999999973,0.08716593749999994,0.16670937499999997,0.194477,0.24388406249999997,0.6475475,0.15558839870260419,30,0.014265,0.08095874999999997,0.16186249999999996,0.1874233333333333,0.23234375,0.639445,0.15428244127826607,30,0.0004887499999999961,0.0027956250000000186,0.0075812500000000185,0.0070536666666666786,0.010237500000000031,0.01644125000000002,0.004438550530497718,30,0.0,0.0,0.0,0.0,0.0,0.0,0.0,30,0.0,0.0,0.0,0.0,0.0,0.0,0.0,30,20000.0,20000.0,20000.0,20000.0,20000.0,20000.0,0.0,30,20000.0,20000.0,20000.0,20000.0,20000.0,20000.0,0.0,30,0.0,0.0,0.0,0.0,0.0,0.0,0.0,30,0.0,0.0,0.0,0.0,0.0,0.0,0.0,30,-0.013534999999999964,-0.0004231249999999548,0.0036518750000000127,0.002304833333333335,0.006129687500000026,0.013181250000000033,0.0055540990099008395,30,-0.014064999999999994,-0.0067324999999999885,-0.0035000000000000586,-0.0047488333333333445,-0.0016875000000000709,0.001249999999999897,0.004155047757585453,30,0.0,0.0,0.0,0.0,0.0,0.0,0.0,30,0.0,0.0,0.0,0.0,0.0,0.0,0.0,30,0.0004887499999999979,0.002795625000000018,0.007581250000000003,0.007053666666666672,0.010237500000000017,0.01644124999999999,0.004438550530497717,30,0.0002874999999999961,0.003341250000000024,0.008888750000000025,0.008504583333333343,0.012371875000000046,0.01949999999999999,0.00549420816057979,30,0.0013799999999999993,0.004500000000000025,0.012350000000000048,0.011205500000000009,0.015934999999999984,0.026764999999999983,0.0068689078776057524,30,0.0006115605039568862,0.001972270199879189,0.005415794000440892,0.005033384325248505,0.007161562079784524,0.012159063406227742,0.0030915655811293184,30,0.0,0.0,0.0,0.0,0.0,0.0,0.0,30,0.0,0.0,0.0,0.0,0.0,0.0,0.0,30,0.0,0.0,0.0,0.0,0.0,0.0,0.0,30,0.0,0.0,0.0,0.0,0.0,0.0,0.0,30,0.009774999999999923,0.05591250000000037,0.15162500000000037,0.14107333333333355,0.20475000000000063,0.32882500000000037,0.08877101060995436,30,0.0,0.0,0.0,0.0,0.0,0.0,0.0,30,0.004887499999999961,0.027956250000000186,0.07581250000000019,0.07053666666666678,0.10237500000000031,0.16441250000000018,0.04438550530497718,30,0.0,0.0,0.0,0.0,0.0,0.0,0.0,1.0,1.0,1.0,0.14107333333333355,0.15162500000000037,0.0,1.0,1.0,1.0,0.07053666666666678,0.07581250000000019,0.0
fixed_20k_keep,fake_kyiv,0.1,30,30,0.018124999999999922,0.11354062499999998,0.19438562499999995,0.22149941666666667,0.28027874999999997,0.6573275,0.15808861195044865,30,0.0147199999999999,0.07499124999999993,0.14321,0.17409049999999995,0.21591874999999996,0.59671,0.1472493490082794,30,0.0034050000000000226,0.016849062500000043,0.05446124999999995,0.047408916666666676,0.06628312500000008,0.11319875000000013,0.030817856360573163,30,0.0,0.0,0.0,0.0,0.0,0.0,0.0,30,0.0,0.0,0.0,0.0,0.0,0.0,0.0,30,20000.0,20000.0,20000.0,20000.0,20000.0,20000.0,0.0,30,20000.0,20000.0,20000.0,20000.0,20000.0,20000.0,0.0,30,0.0,0.0,0.0,0.0,0.0,0.0,0.0,30,0.0,0.0,0.0,0.0,0.0,0.0,0.0,30,-0.12182624999999997,-0.08901687500000001,-0.05811250000000002,-0.054399416666666686,-0.01389375000000002,0.0017962499999999715,0.04046796226397928,30,-0.2350250000000001,-0.15673875000000012,-0.10839999999999995,-0.10180833333333338,-0.03456375000000008,-0.0018600000000000005,0.06901836266572449,30,0.0,0.0,0.0,0.0,0.0,0.0,0.0,30,0.0,0.0,0.0,0.0,0.0,0.0,0.0,30,0.003405000000000025,0.016849062500000036,0.05446124999999997,0.047408916666666676,0.06628312500000003,0.11319875000000007,0.030817856360573163,30,0.0030649999999999497,0.011550000000000013,0.05573374999999997,0.047571000000000016,0.06891125,0.11622250000000005,0.032053914405371725,30,0.006505,0.04109625000000008,0.10852000000000002,0.09449366666666668,0.1349225,0.2717850000000001,0.06259514855241459,30,0.002662445617597977,0.018407696061215433,0.04897249943496698,0.044273989934835875,0.06212974279560111,0.12357816456093694,0.02872135680306988,30,0.0,0.0,0.0,0.0,0.0,0.0,0.0,30,0.0,0.0,0.0,0.0,0.0,0.0,0.0,30,0.0,0.0,0.0,0.0,0.0,0.0,0.0,30,0.0,0.0,0.0,0.0,0.0,0.0,0.0,30,0.06810000000000045,0.33698125000000084,1.089224999999999,0.9481783333333336,1.3256625000000013,2.2639750000000025,0.6163571272114633,30,0.0,0.0,0.08922499999999889,0.2289408333333334,0.3256625000000014,1.2639750000000025,0.3175861915646801,30,0.034050000000000226,0.16849062500000042,0.5446124999999995,0.4740891666666668,0.6628312500000006,1.1319875000000013,0.30817856360573165,30,0.0,0.0,0.0,0.004399583333333375,0.0,0.13198750000000126,0.024097510352904604,0.4666666666666667,1.0,0.4666666666666667,0.9481783333333336,1.089224999999999,0.2289408333333334,0.9666666666666667,1.0,0.9666666666666667,0.4740891666666668,0.5446124999999995,0.004399583333333375
fixed_20k_keep,fake_kyiv,0.25,30,30,0.0179399999999999,0.11894062499999992,0.20435999999999996,0.2282120416666667,0.2948096875,0.6610437499999999,0.15939295979688284,30,0.0169499999999999,0.0835999999999999,0.15245499999999995,0.1886705,0.24464625,0.60747,0.1486288184240213,30,0.0009900000000000013,0.013791562499999929,0.04535,0.03954154166666668,0.05607125,0.09403250000000002,0.02576986330818953,30,0.0,0.0,0.0,0.0,0.0,0.0,0.0,30,0.0,0.0,0.0,0.0,0.0,0.0,0.0,30,20000.0,20000.0,20000.0,20000.0,20000.0,20000.0,0.0,30,20000.0,20000.0,20000.0,20000.0,20000.0,20000.0,0.0,30,0.0,0.0,0.0,0.0,0.0,0.0,0.0,30,0.0,0.0,0.0,0.0,0.0,0.0,0.0,30,-0.1028675,-0.07713718750000002,-0.04853124999999999,-0.047686791666666686,-0.01900062500000008,-0.0012150000000000563,0.03291093295456715,30,-0.19690000000000002,-0.13228875,-0.08990000000000001,-0.08722833333333334,-0.034447500000000006,-0.0042800000000000026,0.056443976165772534,30,0.0,0.0,0.0,0.0,0.0,0.0,0.0,30,0.0,0.0,0.0,0.0,0.0,0.0,0.0,30,0.0009900000000000004,0.01379156249999993,0.04534999999999999,0.03954154166666668,0.05607125,0.0940325,0.025769863308189537,30,0.0011125000000000006,0.009438749999999939,0.04694250000000005,0.03980766666666668,0.05970562500000003,0.09758250000000002,0.02666264328520381,30,0.0017350000000000004,0.034573749999999896,0.09196499999999999,0.07855083333333333,0.11193625000000003,0.22502499999999998,0.052577699843501455,30,0.000744793036129277,0.015393871460105232,0.04169713679659447,0.036811833449062394,0.05180761517182311,0.10197882496708159,0.02409407353071729,30,0.0,0.0,0.0,0.0,0.0,0.0,0.0,30,0.0,0.0,0.0,0.0,0.0,0.0,0.0,30,0.0,0.0,0.0,0.0,0.0,0.0,0.0,30,0.0,0.0,0.0,0.0,0.0,0.0,0.0,30,0.019800000000000026,0.27583124999999853,0.907,0.7908308333333333,1.121425,1.8806500000000004,0.5153972661637907,30,0.0,0.0,0.0,0.11068250000000006,0.121425,0.8806500000000004,0.21025400659903806,30,0.009900000000000013,0.13791562499999926,0.4535,0.39541541666666663,0.5607125,0.9403250000000002,0.25769863308189533,30,0.0,0.0,0.0,0.0,0.0,0.0,0.0,0.5666666666666667,1.0,0.5666666666666667,0.7908308333333333,0.907,0.11068250000000006,1.0,1.0,1.0,0.39541541666666663,0.4535,0.0
fixed_20k_keep,fake_kyiv,0.5,30,30,0.01982249999999995,0.12748437499999996,0.22104249999999992,0.24140162499999998,0.305284375,0.6723675,0.16378406503369045,30,0.01872,0.10658749999999997,0.1788749999999999,0.2151598333333333,0.2850325,0.63754,0.15521580641538466,30,0.0010950000000000126,0.009774062499999962,0.029843750000000044,0.026241791666666663,0.03707062500000001,0.062466249999999945,0.017348842769476434,30,0.0,0.0,0.0,0.0,0.0,0.0,0.0,30,0.0,0.0,0.0,0.0,0.0,0.0,0.0,30,20000.0,20000.0,20000.0,20000.0,20000.0,20000.0,0.0,30,20000.0,20000.0,20000.0,20000.0,20000.0,20000.0,0.0,30,0.0,0.0,0.0,0.0,0.0,0.0,0.0,30,0.0,0.0,0.0,0.0,0.0,0.0,0.0,30,-0.06981375000000006,-0.053284374999999995,-0.03579874999999996,-0.03449720833333334,-0.012746250000000042,-0.0014074999999999505,0.022250964938596136,30,-0.13228,-0.09426250000000003,-0.05872499999999996,-0.06073900000000001,-0.028368749999999988,-0.002509999999999901,0.03731392079603019,30,0.0,0.0,0.0,0.0,0.0,0.0,0.0,30,0.0,0.0,0.0,0.0,0.0,0.0,0.0,30,0.0010949999999999988,0.009774062499999956,0.029843750000000033,0.026241791666666663,0.037070624999999996,0.06246624999999999,0.01734884276947643,30,0.0005224999999999501,0.007706874999999937,0.03217500000000005,0.026537666666666668,0.039673750000000015,0.06651750000000003,0.01806065174213199,30,0.0023050000000000015,0.023682499999999954,0.05995000000000002,0.05189183333333335,0.07463750000000008,0.15040499999999996,0.035209370482853726,30,0.0011213607804805767,0.01047403436825648,0.0271414095885988,0.02441922925023628,0.034815305531384996,0.0677952689321558,0.01611204344401769,30,0.0,0.0,0.0,0.0,0.0,0.0,0.0,30,0.0,0.0,0.0,0.0,0.0,0.0,0.0,30,0.0,0.0,0.0,0.0,0.0,0.0,0.0,30,0.0,0.0,0.0,0.0,0.0,0.0,0.0,30,0.021900000000000253,0.19548124999999922,0.5968750000000009,0.5248358333333333,0.7414125000000003,1.249324999999999,0.34697685538952866,30,0.0,0.0,0.0,0.012295833333333306,0.0,0.2493249999999989,0.04979943657213687,30,0.010950000000000126,0.09774062499999961,0.29843750000000047,0.26241791666666664,0.3707062500000001,0.6246624999999995,0.17348842769476433,30,0.0,0.0,0.0,0.0,0.0,0.0,0.0,0.9333333333333333,1.0,0.9333333333333333,0.5248358333333333,0.5968750000000009,0.012295833333333306,1.0,1.0,1.0,0.26241791666666664,0.29843750000000047,0.0
fixed_20k_keep,fake_kyiv,0.75,30,30,0.020133749999999923,0.13557437499999997,0.23920875000000003,0.25746729166666665,0.3310240625,0.701375,0.1720982465398121,30,0.0188349999999999,0.12666249999999993,0.220175,0.24458466666666664,0.31202375,0.683245,0.16768587258741358,30,0.0008187499999999792,0.0049843750000000304,0.014418750000000008,0.012882625000000007,0.018038437499999976,0.029810000000000003,0.008339292047174046,30,0.0,0.0,0.0,0.0,0.0,0.0,0.0,30,0.0,0.0,0.0,0.0,0.0,0.0,0.0,30,20000.0,20000.0,20000.0,20000.0,20000.0,20000.0,0.0,30,20000.0,20000.0,20000.0,20000.0,20000.0,20000.0,0.0,30,0.0,0.0,0.0,0.0,0.0,0.0,0.0,30,0.0,0.0,0.0,0.0,0.0,0.0,0.0,30,-0.03758499999999998,-0.028357187500000006,-0.020249999999999962,-0.018431541666666662,-0.007587812500000013,-0.0010962499999999792,0.011625534691463785,30,-0.06679000000000002,-0.04776375000000002,-0.02984999999999996,-0.03131416666666667,-0.01687,-0.0023950000000000013,0.01836488567908187,30,0.0,0.0,0.0,0.0,0.0,0.0,0.0,30,0.0,0.0,0.0,0.0,0.0,0.0,0.0,30,0.000818750000000007,0.004984375000000032,0.014418749999999998,0.012882625000000003,0.018038437500000004,0.029810000000000017,0.008339292047174042,30,0.0005025000000000168,0.003350000000000049,0.015024999999999983,0.012840666666666669,0.019229374999999993,0.03411749999999997,0.00870275147070852,30,0.0022699999999999942,0.012737500000000023,0.027134999999999992,0.025849166666666677,0.036762500000000024,0.07183000000000006,0.016979627350777297,30,0.0010476193249458433,0.005732809559104407,0.013485721669731884,0.012198789916529507,0.01755021261580476,0.03248009133813104,0.007798521378613388,30,0.0,0.0,0.0,0.0,0.0,0.0,0.0,30,0.0,0.0,0.0,0.0,0.0,0.0,0.0,30,0.0,0.0,0.0,0.0,0.0,0.0,0.0,30,0.0,0.0,0.0,0.0,0.0,0.0,0.0,30,0.016374999999999584,0.09968750000000061,0.28837500000000016,0.2576525000000001,0.3607687499999995,0.5962000000000001,0.16678584094348092,30,0.0,0.0,0.0,0.0,0.0,0.0,0.0,30,0.008187499999999792,0.049843750000000304,0.14418750000000008,0.12882625000000006,0.18038437499999976,0.29810000000000003,0.08339292047174046,30,0.0,0.0,0.0,0.0,0.0,0.0,0.0,1.0,1.0,1.0,0.2576525000000001,0.28837500000000016,0.0,1.0,1.0,1.0,0.12882625000000006,0.14418750000000008,0.0
fixed_20k_keep,fake_kyiv,0.9,30,30,0.0217299999999999,0.14220312499999999,0.25019625,0.2682067083333333,0.34859625,0.72139625,0.17783401062891974,30,0.0207149999999999,0.1387512499999999,0.24335249999999997,0.262793,0.34001374999999995,0.71509,0.17608587403740608,30,0.0006037499999999515,0.00233218750000002,0.005475000000000035,0.005413708333333333,0.007932812500000011,0.011966250000000012,0.003147943867173693,30,0.0,0.0,0.0,0.0,0.0,0.0,0.0,30,0.0,0.0,0.0,0.0,0.0,0.0,0.0,30,20000.0,20000.0,20000.0,20000.0,20000.0,20000.0,0.0,30,20000.0,20000.0,20000.0,20000.0,20000.0,20000.0,0.0,30,0.0,0.0,0.0,0.0,0.0,0.0,0.0,30,0.0,0.0,0.0,0.0,0.0,0.0,0.0,30,-0.01756374999999999,-0.011826875000000014,-0.008437499999999959,-0.0076921250000000115,-0.0029053125000000415,0.000499999999999997,0.005213936998543843,30,-0.025980000000000003,-0.019821250000000026,-0.01370499999999994,-0.013105833333333346,-0.00647250000000002,-0.0005150000000000016,0.007608971800960754,30,0.0,0.0,0.0,0.0,0.0,0.0,0.0,30,0.0,0.0,0.0,0.0,0.0,0.0,0.0,30,0.0006037499999999498,0.002332187500000012,0.00547500000000007,0.005413708333333339,0.007932812499999997,0.011966249999999998,0.0031479438671736903,30,0.0005749999999999991,0.0023281250000000055,0.005497500000000023,0.005409750000000003,0.007998124999999964,0.013839999999999991,0.003297861137449027,30,0.00102,0.004787500000000024,0.010900000000000104,0.010835333333333348,0.015358749999999977,0.026610000000000023,0.006428577755151053,30,0.0004332700274270702,0.002360503613097517,0.005278818949692526,0.005082913515693837,0.007062209322629492,0.012411098863517291,0.002985901495645883,30,0.0,0.0,0.0,0.0,0.0,0.0,0.0,30,0.0,0.0,0.0,0.0,0.0,0.0,0.0,30,0.0,0.0,0.0,0.0,0.0,0.0,0.0,30,0.0,0.0,0.0,0.0,0.0,0.0,0.0,30,0.012074999999999031,0.0466437500000004,0.10950000000000071,0.10827416666666667,0.15865625000000022,0.23932500000000023,0.06295887734347386,30,0.0,0.0,0.0,0.0,0.0,0.0,0.0,30,0.0060374999999995155,0.0233218750000002,0.054750000000000354,0.054137083333333336,0.07932812500000011,0.11966250000000012,0.03147943867173693,30,0.0,0.0,0.0,0.0,0.0,0.0,0.0,1.0,1.0,1.0,0.10827416666666667,0.10950000000000071,0.0,1.0,1.0,1.0,0.054137083333333336,0.054750000000000354,0.0
fixed_20k_keep,fake_marrakesh,0.1,30,30,0.01979999999999993,0.12354062499999995,0.21160312499999995,0.235736875,0.30263749999999995,0.67485,0.162844044541866,30,0.017715,0.08095874999999997,0.15857749999999993,0.18727616666666663,0.23234375,0.639445,0.15407559160048756,30,0.002084999999999927,0.01997437500000008,0.05142375000000001,0.04846070833333334,0.06610687500000004,0.13896999999999993,0.032779517774461246,30,0.0,0.0,0.0,0.0,0.0,0.0,0.0,30,0.0,0.0,0.0,0.0,0.0,0.0,0.0,30,20000.0,20000.0,20000.0,20000.0,20000.0,20000.0,0.0,30,20000.0,20000.0,20000.0,20000.0,20000.0,20000.0,0.0,30,0.0,0.0,0.0,0.0,0.0,0.0,0.0,30,0.0,0.0,0.0,0.0,0.0,0.0,0.0,30,-0.013602500000000073,0.025750625000000082,0.08172749999999997,0.06893570833333333,0.10223843750000004,0.17055999999999993,0.05012650674242756,30,-0.01697000000000004,0.0024374999999999206,0.013325000000000038,0.020475,0.035418750000000075,0.08413999999999999,0.02569861562083814,30,0.0,0.0,0.0,0.0,0.0,0.0,0.0,30,0.0,0.0,0.0,0.0,0.0,0.0,0.0,30,0.0020849999999999237,0.019974375000000075,0.05142374999999997,0.04846070833333334,0.06610687500000004,0.13896999999999998,0.03277951777446125,30,0.0017800000000000038,0.022190625000000103,0.06015000000000007,0.05545925,0.07339500000000009,0.15863249999999998,0.03863103937356458,30,0.0038149999999998983,0.0355162500000001,0.08349250000000005,0.08292433333333334,0.12055750000000007,0.23861499999999997,0.05535268126909626,30,0.0019320239819077098,0.01589509770223049,0.03782261582143204,0.03657402091396499,0.051124829145366646,0.10592768248511181,0.024310516578762438,30,0.0,0.0,0.0,0.0,0.0,0.0,0.0,30,0.0,0.0,0.0,0.0,0.0,0.0,0.0,30,0.0,0.0,0.0,0.0,0.0,0.0,0.0,30,0.0,0.0,0.0,0.0,0.0,0.0,0.0,30,0.041699999999998544,0.3994875000000016,1.0284750000000003,0.9692141666666666,1.3221375000000006,2.7793999999999985,0.655590355489225,30,0.0,0.0,0.02847500000000014,0.23730000000000012,0.32213750000000074,1.7793999999999985,0.3903113992764907,30,0.020849999999999272,0.1997437500000008,0.5142375000000001,0.4846070833333333,0.6610687500000003,1.3896999999999993,0.3277951777446125,30,0.0,0.0,0.0,0.012989999999999976,0.0,0.38969999999999927,0.07114916021992096,0.4,1.0,0.4,0.9692141666666666,1.0284750000000003,0.23730000000000012,0.9666666666666667,1.0,0.9666666666666667,0.4846070833333333,0.5142375000000001,0.012989999999999976
fixed_20k_keep,fake_marrakesh,0.25,30,30,0.01930625,0.11285937499999997,0.19501124999999997,0.221942125,0.2858128125,0.6491475,0.15661446789490183,30,0.017615,0.07910875,0.1539325,0.1815548333333333,0.22391124999999998,0.622,0.1499791596355016,30,0.0016912500000000018,0.01689624999999998,0.04320250000000006,0.040387291666666665,0.055413437499999996,0.11479249999999996,0.027091473190305627,30,0.0,0.0,0.0,0.0,0.0,0.0,0.0,30,0.0,0.0,0.0,0.0,0.0,0.0,0.0,30,20000.0,20000.0,20000.0,20000.0,20000.0,20000.0,0.0,30,20000.0,20000.0,20000.0,20000.0,20000.0,20000.0,0.0,30,0.0,0.0,0.0,0.0,0.0,0.0,0.0,30,0.0,0.0,0.0,0.0,0.0,0.0,0.0,30,-0.02538499999999999,0.020905000000000097,0.06602500000000004,0.055140958333333344,0.08489906250000001,0.13872749999999995,0.04349247340712326,30,-0.029249999999999998,0.0014624999999998996,0.011650000000000098,0.014753666666666675,0.029855000000000076,0.06857499999999991,0.02280830467075584,30,0.0,0.0,0.0,0.0,0.0,0.0,0.0,30,0.0,0.0,0.0,0.0,0.0,0.0,0.0,30,0.001691250000000001,0.01689624999999998,0.043202500000000046,0.04038729166666667,0.05541343749999999,0.11479249999999999,0.027091473190305627,30,0.0013099999999999987,0.01769312499999997,0.04811000000000004,0.04628933333333334,0.06209062500000005,0.1316075,0.031943214054149204,30,0.002620000000000001,0.030566249999999996,0.07056750000000005,0.06897050000000002,0.09875875,0.195955,0.045753497950882176,30,0.0011662216413129485,0.013764949046236829,0.03170995246684619,0.03042217535584318,0.041945179605351664,0.08756950272973653,0.02013505879540081,30,0.0,0.0,0.0,0.0,0.0,0.0,0.0,30,0.0,0.0,0.0,0.0,0.0,0.0,0.0,30,0.0,0.0,0.0,0.0,0.0,0.0,0.0,30,0.0,0.0,0.0,0.0,0.0,0.0,0.0,30,0.033825000000000036,0.33792499999999964,0.8640500000000012,0.8077458333333336,1.1082687499999997,2.2958499999999993,0.5418294638061126,30,0.0,0.0,0.0,0.12210499999999999,0.10826874999999969,1.2958499999999993,0.2727476918736687,30,0.016912500000000018,0.16896249999999982,0.4320250000000006,0.4038729166666668,0.5541343749999998,1.1479249999999996,0.2709147319030563,30,0.0,0.0,0.0,0.004930833333333321,0.0,0.14792499999999964,0.027007286439650502,0.6666666666666666,1.0,0.6666666666666666,0.8077458333333336,0.8640500000000012,0.12210499999999999,0.9666666666666667,1.0,0.9666666666666667,0.4038729166666668,0.4320250000000006,0.004930833333333321
fixed_20k_keep,fake_marrakesh,0.5,30,30,0.017631249999999973,0.09599374999999999,0.16731999999999994,0.20017724999999997,0.255484375,0.61700375,0.14915298328560406,30,0.01626,0.0743625,0.14478249999999995,0.17335299999999998,0.21413,0.60147,0.14582660597317343,30,0.000443749999999965,0.01135531250000006,0.028966875000000017,0.026824250000000008,0.036967500000000014,0.07556999999999997,0.017824564851171558,30,0.0,0.0,0.0,0.0,0.0,0.0,0.0,30,0.0,0.0,0.0,0.0,0.0,0.0,0.0,30,20000.0,20000.0,20000.0,20000.0,20000.0,20000.0,0.0,30,20000.0,20000.0,20000.0,20000.0,20000.0,20000.0,0.0,30,0.0,0.0,0.0,0.0,0.0,0.0,0.0,30,0.0,0.0,0.0,0.0,0.0,0.0,0.0,30,-0.03237374999999998,0.012935000000000073,0.04241687500000012,0.03337608333333334,0.05501937499999997,0.08964499999999997,0.031216389309166367,30,-0.03878499999999996,0.0007874999999998959,0.007810000000000102,0.006551833333333335,0.014660000000000006,0.04553499999999991,0.017494101591350876,30,0.0,0.0,0.0,0.0,0.0,0.0,0.0,30,0.0,0.0,0.0,0.0,0.0,0.0,0.0,30,0.0004437499999999789,0.011355312500000065,0.028966875000000024,0.026824250000000008,0.03696750000000002,0.07557,0.017824564851171558,30,0.0003299999999999692,0.011283125000000088,0.031751250000000064,0.030871916666666673,0.04205625000000001,0.08666499999999999,0.021049286504855824,30,0.0011149999999999771,0.021001250000000048,0.0474925000000001,0.04555316666666668,0.06539375000000008,0.12895,0.030027530915849518,30,0.0004748925317023439,0.009332774082249758,0.02151109477046014,0.020084922014116165,0.02784364672239598,0.05815643787807732,0.013282443025364396,30,0.0,0.0,0.0,0.0,0.0,0.0,0.0,30,0.0,0.0,0.0,0.0,0.0,0.0,0.0,30,0.0,0.0,0.0,0.0,0.0,0.0,0.0,30,0.0,0.0,0.0,0.0,0.0,0.0,0.0,30,0.0088749999999993,0.2271062500000012,0.5793375000000003,0.5364850000000002,0.7393500000000003,1.5113999999999994,0.35649129702343113,30,0.0,0.0,0.0,0.017454999999999984,0.0,0.5113999999999994,0.09331809000624568,30,0.00443749999999965,0.1135531250000006,0.28966875000000014,0.2682425000000001,0.36967500000000014,0.7556999999999997,0.17824564851171557,30,0.0,0.0,0.0,0.0,0.0,0.0,0.0,0.9333333333333333,1.0,0.9333333333333333,0.5364850000000002,0.5793375000000003,0.017454999999999984,1.0,1.0,1.0,0.2682425000000001,0.28966875000000014,0.0
fixed_20k_keep,fake_marrakesh,0.75,30,30,0.019999999999999973,0.08093124999999995,0.148706875,0.18184304166666668,0.2279875,0.5962937500000001,0.1455329199763438,30,0.0186849999999999,0.070725,0.13885999999999998,0.16869049999999997,0.2070825,0.58809,0.14434048022518817,30,0.0010074999999999945,0.006076874999999971,0.014085625000000018,0.013152541666666668,0.01842187499999997,0.03789874999999998,0.00875174609107237,30,0.0,0.0,0.0,0.0,0.0,0.0,0.0,30,0.0,0.0,0.0,0.0,0.0,0.0,0.0,30,20000.0,20000.0,20000.0,20000.0,20000.0,20000.0,0.0,30,20000.0,20000.0,20000.0,20000.0,20000.0,20000.0,0.0,30,0.0,0.0,0.0,0.0,0.0,0.0,0.0,30,0.0,0.0,0.0,0.0,0.0,0.0,0.0,30,-0.02487000000000006,0.004970937500000041,0.02071250000000005,0.015041875000000005,0.026350624999999968,0.041963749999999966,0.016916245857029687,30,-0.026510000000000034,-0.001573749999999978,0.003324999999999946,0.0018893333333333373,0.006972499999999972,0.025094999999999895,0.010437691954322722,30,0.0,0.0,0.0,0.0,0.0,0.0,0.0,30,0.0,0.0,0.0,0.0,0.0,0.0,0.0,30,0.0010075000000000084,0.0060768749999999695,0.014085625000000004,0.013152541666666665,0.01842187499999999,0.037898749999999995,0.008751746091072371,30,0.0008150000000000102,0.005729374999999973,0.015060000000000053,0.01512341666666667,0.021290624999999928,0.044399999999999995,0.01049915580521245,30,0.0022100000000000036,0.011347499999999927,0.02298750000000005,0.022363333333333325,0.032154999999999996,0.06279499999999999,0.014396364683209236,30,0.0009436321670368603,0.004802122125193015,0.010025982289045518,0.009887254044792586,0.013899444102929447,0.02890982658053601,0.006430793199396289,30,0.0,0.0,0.0,0.0,0.0,0.0,0.0,30,0.0,0.0,0.0,0.0,0.0,0.0,0.0,30,0.0,0.0,0.0,0.0,0.0,0.0,0.0,30,0.0,0.0,0.0,0.0,0.0,0.0,0.0,30,0.02014999999999989,0.12153749999999942,0.28171250000000037,0.26305083333333334,0.3684374999999994,0.7579749999999996,0.17503492182144742,30,0.0,0.0,0.0,0.0,0.0,0.0,0.0,30,0.010074999999999945,0.06076874999999971,0.14085625000000018,0.13152541666666667,0.1842187499999997,0.3789874999999998,0.08751746091072371,30,0.0,0.0,0.0,0.0,0.0,0.0,0.0,1.0,1.0,1.0,0.26305083333333334,0.28171250000000037,0.0,1.0,1.0,1.0,0.13152541666666667,0.14085625000000018,0.0
fixed_20k_keep,fake_marrakesh,0.9,30,30,0.019767499999999952,0.07404374999999994,0.14196937499999995,0.17217299999999996,0.21000156249999996,0.5919512499999999,0.14588580277702334,30,0.01819,0.06874999999999991,0.13606249999999992,0.16685049999999996,0.20267124999999997,0.588455,0.14550218238883497,30,0.0008399999999999519,0.0025900000000000055,0.005878124999999991,0.005322499999999998,0.006986250000000031,0.015467499999999967,0.003388926884875875,30,0.0,0.0,0.0,0.0,0.0,0.0,0.0,30,0.0,0.0,0.0,0.0,0.0,0.0,0.0,30,20000.0,20000.0,20000.0,20000.0,20000.0,20000.0,0.0,30,20000.0,20000.0,20000.0,20000.0,20000.0,20000.0,0.0,30,0.0,0.0,0.0,0.0,0.0,0.0,0.0,30,0.0,0.0,0.0,0.0,0.0,0.0,0.0,30,-0.01299500000000009,0.0013746875000000044,0.00662500000000002,0.005371833333333326,0.010137499999999987,0.016526249999999965,0.00695519822139173,30,-0.014480000000000048,-0.001628750000000019,0.0006099999999999925,4.9333333333328316e-05,0.0020137500000000814,0.010074999999999917,0.004724602470657934,30,0.0,0.0,0.0,0.0,0.0,0.0,0.0,30,0.0,0.0,0.0,0.0,0.0,0.0,0.0,30,0.0008399999999999797,0.002590000000000007,0.005878124999999996,0.005322500000000003,0.006986250000000024,0.015467499999999954,0.003388926884875866,30,0.000697499999999962,0.002892500000000047,0.006613749999999995,0.00617983333333334,0.008316250000000068,0.018184999999999923,0.004195985300698522,30,0.0013000000000000025,0.004335,0.008925000000000044,0.008930333333333328,0.012834999999999992,0.025499999999999967,0.005305940381622596,30,0.0006128825336065637,0.0018921766026881157,0.0041254256681260435,0.003975578124302378,0.005504106127266952,0.01174214666631841,0.002393056699620688,30,0.0,0.0,0.0,0.0,0.0,0.0,0.0,30,0.0,0.0,0.0,0.0,0.0,0.0,0.0,30,0.0,0.0,0.0,0.0,0.0,0.0,0.0,30,0.0,0.0,0.0,0.0,0.0,0.0,0.0,30,0.016799999999999038,0.05180000000000011,0.11756249999999982,0.10644999999999993,0.1397250000000006,0.30934999999999935,0.06777853769751749,30,0.0,0.0,0.0,0.0,0.0,0.0,0.0,30,0.008399999999999519,0.025900000000000055,0.05878124999999991,0.05322499999999997,0.0698625000000003,0.15467499999999967,0.033889268848758744,30,0.0,0.0,0.0,0.0,0.0,0.0,0.0,1.0,1.0,1.0,0.10644999999999993,0.11756249999999982,0.0,1.0,1.0,1.0,0.05322499999999997,0.05878124999999991,0.0
fixed_20k_keep,fake_sherbrooke,0.1,30,30,0.018681249999999948,0.11200312499999995,0.197078125,0.22259412499999998,0.28475812500000003,0.6595175,0.15865766893731906,30,0.016165,0.073875,0.14331249999999995,0.1733303333333333,0.21214249999999996,0.592705,0.14632579945481916,30,0.002516249999999949,0.016410000000000056,0.052331249999999975,0.04926379166666666,0.07292187500000005,0.10851999999999995,0.03278378670206084,30,0.0,0.0,0.0,0.0,0.0,0.0,0.0,30,0.0,0.0,0.0,0.0,0.0,0.0,0.0,30,20000.0,20000.0,20000.0,20000.0,20000.0,20000.0,0.0,30,20000.0,20000.0,20000.0,20000.0,20000.0,20000.0,0.0,30,0.0,0.0,0.0,0.0,0.0,0.0,0.0,30,0.0,0.0,0.0,0.0,0.0,0.0,0.0,30,-0.17335875,-0.058353125000000006,-0.04145437499999996,-0.04557520833333335,-0.02658343749999999,-0.0016875000000000431,0.03522347004227897,30,-0.27683,-0.13540000000000002,-0.10874999999999999,-0.09483899999999999,-0.03894125000000007,-0.0059499999999999,0.06247561425509735,30,0.0,0.0,0.0,0.0,0.0,0.0,0.0,30,0.0,0.0,0.0,0.0,0.0,0.0,0.0,30,0.002516249999999951,0.01641000000000005,0.052331249999999996,0.04926379166666666,0.07292187500000005,0.10851999999999995,0.032783786702060835,30,0.0005824999999999997,0.012582500000000049,0.05127125000000002,0.04750183333333335,0.06885500000000006,0.12406499999999994,0.03292723126870809,30,0.0048749999999999,0.0381250000000001,0.108175,0.10205150000000002,0.15703125,0.23377000000000003,0.0674679146878543,30,0.0021955750955045586,0.01869027581361147,0.05159533460751633,0.046899596047577846,0.07227256972035195,0.10746929533398522,0.030182733316658106,30,0.0,0.0,0.0,0.0,0.0,0.0,0.0,30,0.0,0.0,0.0,0.0,0.0,0.0,0.0,30,0.0,0.0,0.0,0.0,0.0,0.0,0.0,30,0.0,0.0,0.0,0.0,0.0,0.0,0.0,30,0.05032499999999898,0.3282000000000011,1.0466249999999995,0.9852758333333332,1.458437500000001,2.170399999999999,0.6556757340412169,30,0.0,0.0,0.04662499999999947,0.27279416666666667,0.45843750000000105,1.170399999999999,0.34202242677547495,30,0.02516249999999949,0.16410000000000055,0.5233124999999997,0.4926379166666666,0.7292187500000005,1.0851999999999995,0.32783786702060846,30,0.0,0.0,0.0,0.003997083333333321,0.0,0.0851999999999995,0.016593203221179607,0.4666666666666667,1.0,0.4666666666666667,0.9852758333333332,1.0466249999999995,0.27279416666666667,0.9333333333333333,1.0,0.9333333333333333,0.4926379166666666,0.5233124999999997,0.003997083333333321
fixed_20k_keep,fake_sherbrooke,0.25,30,30,0.017926249999999977,0.12024999999999997,0.20352812499999995,0.22720629166666664,0.2920071875,0.6576912500000001,0.15881687608861905,30,0.01488,0.08576249999999999,0.15141,0.18593966666666664,0.23558749999999998,0.598825,0.1467080633372308,30,0.002186249999999973,0.013924062500000072,0.04302500000000002,0.041266625,0.060140312499999994,0.09028375000000002,0.027296903864294005,30,0.0,0.0,0.0,0.0,0.0,0.0,0.0,30,0.0,0.0,0.0,0.0,0.0,0.0,0.0,30,20000.0,20000.0,20000.0,20000.0,20000.0,20000.0,0.0,30,20000.0,20000.0,20000.0,20000.0,20000.0,20000.0,0.0,30,0.0,0.0,0.0,0.0,0.0,0.0,0.0,30,0.0,0.0,0.0,0.0,0.0,0.0,0.0,30,-0.14872249999999998,-0.05249906249999993,-0.03805437500000003,-0.04096304166666667,-0.02645843750000002,-0.00156250000000005,0.02894692594803247,30,-0.23573500000000003,-0.11515999999999996,-0.091225,-0.08222966666666667,-0.04677,-0.007234999999999898,0.051100237311908187,30,0.0,0.0,0.0,0.0,0.0,0.0,0.0,30,0.0,0.0,0.0,0.0,0.0,0.0,0.0,30,0.002186249999999973,0.01392406250000007,0.04302500000000001,0.041266625,0.060140312499999994,0.09028375000000002,0.027296903864294005,30,0.0010700000000000015,0.010329375000000087,0.043475,0.03981141666666666,0.05941437499999995,0.10330250000000002,0.02731899873906226,30,0.0048899999999999985,0.0330125000000001,0.087725,0.08544366666666668,0.134795,0.19708500000000007,0.05641749700979809,30,0.002128471184520305,0.015976741130975993,0.04280554198285938,0.03924698099173241,0.06097700687095213,0.08999887929857797,0.025195633209125295,30,0.0,0.0,0.0,0.0,0.0,0.0,0.0,30,0.0,0.0,0.0,0.0,0.0,0.0,0.0,30,0.0,0.0,0.0,0.0,0.0,0.0,0.0,30,0.0,0.0,0.0,0.0,0.0,0.0,0.0,30,0.04372499999999946,0.2784812500000014,0.8605000000000004,0.8253325,1.2028062499999999,1.8056750000000004,0.5459380772858801,30,0.0,0.0,0.0,0.1501725000000001,0.2028062499999998,0.8056750000000004,0.22017223238101113,30,0.02186249999999973,0.1392406250000007,0.4302500000000002,0.41266625,0.6014031249999999,0.9028375000000002,0.27296903864294003,30,0.0,0.0,0.0,0.0,0.0,0.0,0.0,0.5333333333333333,1.0,0.5333333333333333,0.8253325,0.8605000000000004,0.1501725000000001,1.0,1.0,1.0,0.41266625,0.4302500000000002,0.0
fixed_20k_keep,fake_sherbrooke,0.5,30,30,0.017317499999999975,0.13354999999999995,0.21762312499999992,0.23768837499999998,0.296721875,0.6618025000000001,0.16145426355591402,30,0.015795,0.10605,0.1822725,0.21011016666666663,0.27025625,0.62311,0.1524309884917023,30,0.0015224999999999753,0.009050624999999965,0.02941874999999998,0.027578208333333316,0.040785312500000004,0.06101625000000002,0.018426663436360676,30,0.0,0.0,0.0,0.0,0.0,0.0,0.0,30,0.0,0.0,0.0,0.0,0.0,0.0,0.0,30,20000.0,20000.0,20000.0,20000.0,20000.0,20000.0,0.0,30,20000.0,20000.0,20000.0,20000.0,20000.0,20000.0,0.0,30,0.0,0.0,0.0,0.0,0.0,0.0,0.0,30,0.0,0.0,0.0,0.0,0.0,0.0,0.0,30,-0.10065999999999997,-0.038730625000000046,-0.028958125000000015,-0.03048095833333334,-0.01979687500000006,-0.0015375000000000735,0.019668334600500756,30,-0.15957,-0.08078749999999997,-0.059375,-0.058059166666666655,-0.03738750000000002,-0.006319999999999899,0.03374950122449662,30,0.0,0.0,0.0,0.0,0.0,0.0,0.0,30,0.0,0.0,0.0,0.0,0.0,0.0,0.0,30,0.0015224999999999753,0.009050624999999961,0.029418749999999987,0.027578208333333316,0.0407853125,0.061016250000000015,0.01842666343636067,30,0.0008424999999999475,0.007131874999999937,0.029774999999999975,0.026584499999999987,0.039017499999999955,0.06922000000000003,0.018469199679746414,30,0.0027249999999999774,0.021938749999999972,0.059224999999999986,0.057143833333333324,0.08714749999999999,0.13400499999999993,0.03805180868607443,30,0.0013185629804197115,0.010501684506993153,0.028822363846578915,0.026286499293300535,0.040866523882023525,0.060898580306385876,0.016986149626636457,30,0.0,0.0,0.0,0.0,0.0,0.0,0.0,30,0.0,0.0,0.0,0.0,0.0,0.0,0.0,30,0.0,0.0,0.0,0.0,0.0,0.0,0.0,30,0.0,0.0,0.0,0.0,0.0,0.0,0.0,30,0.030449999999999505,0.1810124999999993,0.5883749999999996,0.5515641666666664,0.8157062500000001,1.2203250000000003,0.3685332687272135,30,0.0,0.0,0.0,0.013284166666666689,0.0,0.22032500000000033,0.05085621146891768,30,0.015224999999999753,0.09050624999999965,0.2941874999999998,0.2757820833333332,0.40785312500000004,0.6101625000000002,0.18426663436360674,30,0.0,0.0,0.0,0.0,0.0,0.0,0.0,0.9333333333333333,1.0,0.9333333333333333,0.5515641666666664,0.5883749999999996,0.013284166666666689,1.0,1.0,1.0,0.2757820833333332,0.2941874999999998,0.0
fixed_20k_keep,fake_sherbrooke,0.75,30,30,0.01868999999999995,0.1430484375,0.23133312499999997,0.25182637499999994,0.3132928125,0.6810625,0.16708009319568595,30,0.01767,0.12984125,0.21307500000000001,0.23800683333333328,0.296195,0.65924,0.16221479736322442,30,0.001019999999999948,0.00461468749999998,0.013849374999999997,0.013819541666666657,0.020468125000000004,0.03172249999999999,0.008757746278562174,30,0.0,0.0,0.0,0.0,0.0,0.0,0.0,30,0.0,0.0,0.0,0.0,0.0,0.0,0.0,30,20000.0,20000.0,20000.0,20000.0,20000.0,20000.0,0.0,30,20000.0,20000.0,20000.0,20000.0,20000.0,20000.0,0.0,30,0.0,0.0,0.0,0.0,0.0,0.0,0.0,30,0.0,0.0,0.0,0.0,0.0,0.0,0.0,30,-0.054460000000000064,-0.021090625000000057,-0.014426250000000002,-0.016342958333333334,-0.010111562499999942,-0.0006875000000000769,0.01097043223657372,30,-0.08270500000000003,-0.039652499999999966,-0.029300000000000062,-0.03016249999999999,-0.02078625,-0.002700000000000105,0.016898433958761404,30,0.0,0.0,0.0,0.0,0.0,0.0,0.0,30,0.0,0.0,0.0,0.0,0.0,0.0,0.0,30,0.001019999999999949,0.00461468749999998,0.01384937499999999,0.01381954166666666,0.020468125,0.03172249999999997,0.008757746278562175,30,0.0005399999999999988,0.004551249999999962,0.014116250000000004,0.013258083333333325,0.019243125000000003,0.03652999999999998,0.00879059378470214,30,0.0018349999999999998,0.010798749999999932,0.027874999999999955,0.028761999999999992,0.044105000000000005,0.06713999999999998,0.018296165256781217,30,0.0008642434070715571,0.005060117546263837,0.013711123481588459,0.013275643509112086,0.019821835621490022,0.03069725014828961,0.008168638121032343,30,0.0,0.0,0.0,0.0,0.0,0.0,0.0,30,0.0,0.0,0.0,0.0,0.0,0.0,0.0,30,0.0,0.0,0.0,0.0,0.0,0.0,0.0,30,0.0,0.0,0.0,0.0,0.0,0.0,0.0,30,0.02039999999999896,0.09229374999999959,0.27698749999999994,0.27639083333333314,0.4093625000000001,0.6344499999999997,0.17515492557124346,30,0.0,0.0,0.0,0.0,0.0,0.0,0.0,30,0.01019999999999948,0.046146874999999796,0.13849374999999997,0.13819541666666657,0.20468125000000004,0.31722499999999987,0.08757746278562173,30,0.0,0.0,0.0,0.0,0.0,0.0,0.0,1.0,1.0,1.0,0.27639083333333314,0.27698749999999994,0.0,1.0,1.0,1.0,0.13819541666666657,0.13849374999999997,0.0
fixed_20k_keep,fake_sherbrooke,0.9,30,30,0.021119999999999903,0.14850562499999997,0.24252562499999997,0.2614895833333333,0.32775656249999996,0.69760625,0.17220079561420507,30,0.0207749999999999,0.14403125,0.2356,0.25589799999999996,0.31996375,0.689655,0.17031941890520558,30,0.00034500000000000156,0.0020224999999999757,0.0056375000000000175,0.005591583333333328,0.008366562499999994,0.012948750000000009,0.003410746580177923,30,0.0,0.0,0.0,0.0,0.0,0.0,0.0,30,0.0,0.0,0.0,0.0,0.0,0.0,0.0,30,20000.0,20000.0,20000.0,20000.0,20000.0,20000.0,0.0,30,20000.0,20000.0,20000.0,20000.0,20000.0,20000.0,0.0,30,0.0,0.0,0.0,0.0,0.0,0.0,0.0,30,0.0,0.0,0.0,0.0,0.0,0.0,0.0,30,-0.02255375000000004,-0.00854249999999998,-0.005603124999999959,-0.006679750000000014,-0.004026250000000023,-0.0006412500000000029,0.004680083390153756,30,-0.03239000000000003,-0.016475000000000073,-0.012065000000000034,-0.01227133333333334,-0.008753750000000005,-0.0013399999999999974,0.006766829458434735,30,0.0,0.0,0.0,0.0,0.0,0.0,0.0,30,0.0,0.0,0.0,0.0,0.0,0.0,0.0,30,0.00034499999999999895,0.0020224999999999787,0.005637500000000004,0.005591583333333331,0.0083665625,0.012948750000000009,0.003410746580177922,30,0.0003999999999999993,0.0021962500000000038,0.005462500000000016,0.005498249999999997,0.008063124999999921,0.015165000000000012,0.00352386134397364,30,0.0005799999999999972,0.0043574999999999985,0.011184999999999945,0.011369833333333327,0.01711,0.025460000000000038,0.006981833629737483,30,0.0002485290056847815,0.002063171567238509,0.005313235386883181,0.005296311320674845,0.007837527737776772,0.01204904655633245,0.0031938732215322893,30,0.0,0.0,0.0,0.0,0.0,0.0,0.0,30,0.0,0.0,0.0,0.0,0.0,0.0,0.0,30,0.0,0.0,0.0,0.0,0.0,0.0,0.0,30,0.0,0.0,0.0,0.0,0.0,0.0,0.0,30,0.006900000000000031,0.040449999999999514,0.11275000000000035,0.11183166666666654,0.16733124999999988,0.2589750000000002,0.06821493160355847,30,0.0,0.0,0.0,0.0,0.0,0.0,0.0,30,0.0034500000000000156,0.020224999999999757,0.056375000000000175,0.05591583333333327,0.08366562499999994,0.1294875000000001,0.03410746580177924,30,0.0,0.0,0.0,0.0,0.0,0.0,0.0,1.0,1.0,1.0,0.11183166666666654,0.11275000000000035,0.0,1.0,1.0,1.0,0.05591583333333327,0.056375000000000175,0.0
fixed_20k_keep,fake_torino,0.1,30,30,0.01894499999999995,0.11394687499999995,0.19730812499999995,0.22574945833333332,0.2929471875,0.6625875,0.16016023849001063,30,0.014265,0.07502500000000001,0.14210749999999994,0.17168266666666662,0.20927374999999998,0.588455,0.14558743932494797,30,0.001587499999999964,0.017357812500000038,0.05810000000000002,0.05406679166666666,0.08387968750000002,0.13419124999999998,0.03681620593529686,30,0.0,0.0,0.0,0.0,0.0,0.0,0.0,30,0.0,0.0,0.0,0.0,0.0,0.0,0.0,30,20000.0,20000.0,20000.0,20000.0,20000.0,20000.0,0.0,30,20000.0,20000.0,20000.0,20000.0,20000.0,20000.0,0.0,30,0.0,0.0,0.0,0.0,0.0,0.0,0.0,30,0.0,0.0,0.0,0.0,0.0,0.0,0.0,30,-0.057487500000000025,-0.03294187500000003,-0.01889375000000003,-0.01972087500000001,-0.0032653124999999644,0.005559999999999982,0.017948960396817093,30,-0.16232,-0.10011624999999998,-0.082835,-0.07378766666666665,-0.03319250000000007,0.0025650000000000117,0.04618122296683625,30,0.0,0.0,0.0,0.0,0.0,0.0,0.0,30,0.0,0.0,0.0,0.0,0.0,0.0,0.0,30,0.0015875000000000056,0.01735781250000003,0.05810000000000001,0.05406679166666666,0.08387968750000001,0.13419124999999998,0.03681620593529685,30,0.0010749999999999926,0.015542500000000015,0.060000000000000026,0.0550535,0.08551437500000003,0.1331975,0.03922965042211541,30,0.0035600000000000076,0.0383462500000001,0.1199275,0.10616016666666668,0.158745,0.27037,0.07031967827399009,30,0.0017511401048079145,0.01776178154012107,0.05987139965309496,0.0509657730168306,0.07689863189133013,0.1373109847739187,0.03395518981763161,30,0.0,0.0,0.0,0.0,0.0,0.0,0.0,30,0.0,0.0,0.0,0.0,0.0,0.0,0.0,30,0.0,0.0,0.0,0.0,0.0,0.0,0.0,30,0.0,0.0,0.0,0.0,0.0,0.0,0.0,30,0.03174999999999928,0.3471562500000008,1.1620000000000004,1.0813358333333334,1.6775937500000002,2.6838249999999997,0.7363241187059372,30,0.0,0.0,0.16200000000000037,0.3581750000000001,0.6775937500000002,1.6838249999999997,0.43159844708462747,30,0.01587499999999964,0.1735781250000004,0.5810000000000002,0.5406679166666667,0.8387968750000001,1.3419124999999998,0.3681620593529686,30,0.0,0.0,0.0,0.013007916666666645,0.0,0.34191249999999984,0.06274284858302002,0.43333333333333335,1.0,0.43333333333333335,1.0813358333333334,1.1620000000000004,0.3581750000000001,0.9333333333333333,1.0,0.9333333333333333,0.5406679166666667,0.5810000000000002,0.013007916666666645
fixed_20k_keep,fake_torino,0.25,30,30,0.018067499999999976,0.12050312499999999,0.20269749999999995,0.22663954166666667,0.29273781249999997,0.65478625,0.15759865761160155,30,0.0151,0.084975,0.15025749999999996,0.18177166666666664,0.22463375,0.59079,0.14411589189052781,30,0.0010199999999999931,0.013782187500000046,0.048268750000000006,0.044867875,0.06929749999999997,0.11184500000000003,0.030769859577536855,30,0.0,0.0,0.0,0.0,0.0,0.0,0.0,30,0.0,0.0,0.0,0.0,0.0,0.0,0.0,30,20000.0,20000.0,20000.0,20000.0,20000.0,20000.0,0.0,30,20000.0,20000.0,20000.0,20000.0,20000.0,20000.0,0.0,30,0.0,0.0,0.0,0.0,0.0,0.0,0.0,30,0.0,0.0,0.0,0.0,0.0,0.0,0.0,30,-0.04833750000000003,-0.03194374999999998,-0.017936874999999977,-0.018830791666666666,-0.005728750000000024,0.003698749999999973,0.014762483070603055,30,-0.1361400000000001,-0.08712249999999999,-0.06872,-0.06369866666666667,-0.03166625000000008,-0.0016299999999999926,0.03790595256078166,30,0.0,0.0,0.0,0.0,0.0,0.0,0.0,30,0.0,0.0,0.0,0.0,0.0,0.0,0.0,30,0.0010199999999999931,0.013782187500000043,0.04826875000000001,0.044867874999999995,0.06929749999999998,0.111845,0.030769859577536852,30,0.0010125000000000273,0.012035000000000073,0.048962499999999964,0.04574950000000001,0.07065499999999998,0.1121675,0.032773628297921874,30,0.0018849999999999978,0.03105875000000002,0.09879750000000001,0.0879725,0.13452875,0.223045,0.058799623074530814,30,0.0008618681260301128,0.014419053645554361,0.05026378982015244,0.042252412587152746,0.06297041496421349,0.1137496478382827,0.02845401999901971,30,0.0,0.0,0.0,0.0,0.0,0.0,0.0,30,0.0,0.0,0.0,0.0,0.0,0.0,0.0,30,0.0,0.0,0.0,0.0,0.0,0.0,0.0,30,0.0,0.0,0.0,0.0,0.0,0.0,0.0,30,0.020399999999999863,0.2756437500000009,0.9653750000000001,0.8973575,1.3859499999999993,2.2369000000000003,0.6153971915507371,30,0.0,0.0,0.0,0.20710500000000004,0.3859499999999994,1.2369000000000003,0.29958923296510637,30,0.010199999999999931,0.13782187500000045,0.48268750000000005,0.44867875,0.6929749999999997,1.1184500000000002,0.30769859577536857,30,0.0,0.0,0.0,0.003948333333333339,0.0,0.11845000000000017,0.021625912312162335,0.5333333333333333,1.0,0.5333333333333333,0.8973575,0.9653750000000001,0.20710500000000004,0.9666666666666667,1.0,0.9666666666666667,0.44867875,0.48268750000000005,0.003948333333333339
fixed_20k_keep,fake_torino,0.5,30,30,0.0172025,0.12787812499999998,0.21328437499999994,0.23019629166666664,0.29323875,0.64707875,0.15592918673593364,30,0.015795,0.1022,0.17225499999999988,0.2005135,0.25240499999999993,0.605895,0.14614279169378053,30,0.0006300000000000194,0.009089999999999928,0.03265000000000003,0.029682791666666663,0.046637499999999985,0.07530124999999999,0.02062992402998901,30,0.0,0.0,0.0,0.0,0.0,0.0,0.0,30,0.0,0.0,0.0,0.0,0.0,0.0,0.0,30,20000.0,20000.0,20000.0,20000.0,20000.0,20000.0,0.0,30,20000.0,20000.0,20000.0,20000.0,20000.0,20000.0,0.0,30,0.0,0.0,0.0,0.0,0.0,0.0,0.0,30,0.0,0.0,0.0,0.0,0.0,0.0,0.0,30,-0.04292874999999996,-0.023206250000000032,-0.014906249999999989,-0.015274041666666672,-0.0052715625,0.0021287500000000126,0.011285805118118608,30,-0.0937350000000001,-0.061588749999999984,-0.04631500000000002,-0.044956833333333335,-0.024666249999999987,-0.0016250000000000014,0.025032455638951852,30,0.0,0.0,0.0,0.0,0.0,0.0,0.0,30,0.0,0.0,0.0,0.0,0.0,0.0,0.0,30,0.0006300000000000194,0.009089999999999935,0.032650000000000026,0.029682791666666663,0.046637500000000005,0.07530124999999999,0.020629924029989012,30,0.00011500000000003174,0.008256249999999908,0.031612499999999946,0.03020933333333334,0.04617750000000002,0.07575749999999998,0.021946337884097857,30,0.0020050000000000068,0.019847499999999928,0.06570749999999999,0.05831249999999999,0.08932749999999999,0.14969,0.039392343640611185,30,0.0009177054719970559,0.00936168096601914,0.032614100218780515,0.027981471425753336,0.04229886503823485,0.07631614359306074,0.019029808698015717,30,0.0,0.0,0.0,0.0,0.0,0.0,0.0,30,0.0,0.0,0.0,0.0,0.0,0.0,0.0,30,0.0,0.0,0.0,0.0,0.0,0.0,0.0,30,0.0,0.0,0.0,0.0,0.0,0.0,0.0,30,0.012600000000000389,0.18179999999999857,0.6530000000000007,0.5936558333333333,0.9327499999999997,1.5060249999999997,0.4125984805997802,30,0.0,0.0,0.0,0.025854166666666654,0.0,0.5060249999999997,0.09765315536935784,30,0.006300000000000194,0.09089999999999929,0.32650000000000035,0.29682791666666664,0.4663749999999999,0.7530124999999999,0.2062992402998901,30,0.0,0.0,0.0,0.0,0.0,0.0,0.0,0.8333333333333334,1.0,0.8333333333333334,0.5936558333333333,0.6530000000000007,0.025854166666666654,1.0,1.0,1.0,0.29682791666666664,0.32650000000000035,0.0
fixed_20k_keep,fake_torino,0.75,30,30,0.016381249999999976,0.13337499999999997,0.22005625,0.23653412499999996,0.300368125,0.65524125,0.15759799068314706,30,0.01488,0.11976249999999992,0.199875,0.2217458333333333,0.2827212499999999,0.632105,0.1523810804228443,30,0.0015012499999999748,0.004358437499999965,0.015387500000000047,0.014788291666666679,0.02219468750000006,0.036107500000000015,0.009756568347229082,30,0.0,0.0,0.0,0.0,0.0,0.0,0.0,30,0.0,0.0,0.0,0.0,0.0,0.0,0.0,30,20000.0,20000.0,20000.0,20000.0,20000.0,20000.0,0.0,30,20000.0,20000.0,20000.0,20000.0,20000.0,20000.0,0.0,30,0.0,0.0,0.0,0.0,0.0,0.0,0.0,30,0.0,0.0,0.0,0.0,0.0,0.0,0.0,30,-0.03002875000000005,-0.012686562499999991,-0.008289374999999988,-0.008936208333333329,-0.003745312500000009,0.00010750000000003812,0.00678445483607732,30,-0.04475499999999999,-0.03040624999999996,-0.024089999999999986,-0.023724500000000016,-0.017562499999999995,-0.0022799999999999904,0.012356708100712207,30,0.0,0.0,0.0,0.0,0.0,0.0,0.0,30,0.0,0.0,0.0,0.0,0.0,0.0,0.0,30,0.001501249999999974,0.004358437499999958,0.015387500000000052,0.014788291666666675,0.022194687499999997,0.03610750000000003,0.009756568347229079,30,0.001634999999999949,0.004592500000000034,0.014487500000000007,0.015168500000000007,0.022863124999999998,0.03722000000000003,0.010390020444040825,30,0.002734999999999998,0.008619999999999904,0.031042500000000063,0.02881616666666668,0.04396250000000002,0.06999000000000005,0.018659966676030672,30,0.0011818232735904127,0.004307517469618891,0.01570154474478912,0.013992321606573732,0.020161580398524507,0.03706912225828934,0.009110625105664514,30,0.0,0.0,0.0,0.0,0.0,0.0,0.0,30,0.0,0.0,0.0,0.0,0.0,0.0,0.0,30,0.0,0.0,0.0,0.0,0.0,0.0,0.0,30,0.0,0.0,0.0,0.0,0.0,0.0,0.0,30,0.030024999999999497,0.0871687499999993,0.30775000000000097,0.29576583333333356,0.4438937500000012,0.7221500000000003,0.1951313669445817,30,0.0,0.0,0.0,0.0,0.0,0.0,0.0,30,0.015012499999999748,0.04358437499999965,0.15387500000000048,0.14788291666666678,0.2219468750000006,0.36107500000000015,0.09756568347229085,30,0.0,0.0,0.0,0.0,0.0,0.0,0.0,1.0,1.0,1.0,0.29576583333333356,0.30775000000000097,0.0,1.0,1.0,1.0,0.14788291666666678,0.15387500000000048,0.0
fixed_20k_keep,fake_torino,0.9,30,30,0.01781999999999995,0.13569062499999995,0.22449249999999998,0.24152458333333332,0.30808499999999994,0.6638225,0.15956511833229087,30,0.01655,0.13097499999999998,0.21594750000000001,0.23554549999999994,0.29984125,0.65521,0.15753950018826696,30,0.0006499999999999978,0.0020450000000000555,0.006414999999999962,0.005979083333333327,0.008787499999999997,0.013028749999999978,0.0037497406509934303,30,0.0,0.0,0.0,0.0,0.0,0.0,0.0,30,0.0,0.0,0.0,0.0,0.0,0.0,0.0,30,20000.0,20000.0,20000.0,20000.0,20000.0,20000.0,0.0,30,20000.0,20000.0,20000.0,20000.0,20000.0,20000.0,0.0,30,0.0,0.0,0.0,0.0,0.0,0.0,0.0,30,0.0,0.0,0.0,0.0,0.0,0.0,0.0,30,-0.014514999999999945,-0.005434374999999998,-0.003015625000000008,-0.003945750000000006,-0.0017406250000000165,0.0011550000000000032,0.00323902225229497,30,-0.018680000000000085,-0.013675000000000007,-0.009742500000000001,-0.009924833333333329,-0.006819999999999916,0.0005050000000000054,0.0052156472939993035,30,0.0,0.0,0.0,0.0,0.0,0.0,0.0,30,0.0,0.0,0.0,0.0,0.0,0.0,0.0,30,0.0006500000000000013,0.0020450000000000147,0.006414999999999969,0.005979083333333329,0.008787500000000004,0.013028750000000006,0.003749740650993434,30,0.0002375000000000016,0.00226062500000003,0.006412499999999953,0.006173416666666668,0.009300000000000013,0.01389250000000003,0.004042129511061644,30,0.00145,0.003887499999999997,0.012859999999999996,0.011569499999999984,0.017304999999999987,0.025770000000000015,0.007065369935649954,30,0.0007577433602481024,0.002067484577273756,0.006173154906687709,0.005614360394773213,0.008144670301584856,0.014428978004349434,0.0034959849502296035,30,0.0,0.0,0.0,0.0,0.0,0.0,0.0,30,0.0,0.0,0.0,0.0,0.0,0.0,0.0,30,0.0,0.0,0.0,0.0,0.0,0.0,0.0,30,0.0,0.0,0.0,0.0,0.0,0.0,0.0,30,0.012999999999999956,0.04090000000000111,0.12829999999999925,0.11958166666666652,0.17574999999999993,0.26057499999999956,0.07499481301986861,30,0.0,0.0,0.0,0.0,0.0,0.0,0.0,30,0.006499999999999978,0.020450000000000555,0.06414999999999962,0.05979083333333326,0.08787499999999997,0.13028749999999978,0.03749740650993431,30,0.0,0.0,0.0,0.0,0.0,0.0,0.0,1.0,1.0,1.0,0.11958166666666652,0.12829999999999925,0.0,1.0,1.0,1.0,0.05979083333333326,0.06414999999999962,0.0
stableshots_discard,fake_fez,0.1,30,30,0.0281540101466118,0.12749904129386375,0.2128629713055955,0.24028866177308308,0.307994897425625,0.6781437499999999,0.16306811871577886,30,0.0192435294117647,0.06641474906629313,0.1323032558139535,0.16870715892167626,0.20030063663821007,0.59012,0.14643439039678732,30,0.004217500000000013,0.021902843617274553,0.08165940445500167,0.07158150285140673,0.10673073950963763,0.18043628067484657,0.047359672687188215,30,0.0,231.25,618.75,881.25,1312.5,2775.0,849.8526114608912,30,0.0,0.0387993762993763,0.15912605145967343,0.1772036598936012,0.3009544334975369,0.45294117647058824,0.14635352707010063,30,987.5,4153.125,7525.0,10672.916666666666,20100.0,22000.0,8051.828398144171,30,900.0,3412.5,6275.0,9791.666666666666,18112.5,22000.0,8097.020347371441,30,-300.0,0.0,506.25,797.9166666666666,1312.5,2775.0,910.5824403902847,30,-0.08824828417896002,0.0,0.06029453363356598,0.052397356814900514,0.0943592551530898,0.18043628067484657,0.05902732581285692,30,-0.004657479215090299,0.021536401699789706,0.047735500861340714,0.047375250774454064,0.06833834489829482,0.14504034830218288,0.03472711436495362,30,-0.0949049999999999,-0.03631321202798312,-0.016774140260476238,-0.02420625207695267,-0.0052061611062335575,0.012888888888888898,0.026965318114337746,30,-112.5,781.25,1368.75,1442.9166666666667,2000.0,3575.0,952.4790891299846,30,-850.0,25.0,350.0,561.6666666666666,1212.5,2000.0,890.5329025784015,30,0.004217500000000013,0.02190284361727455,0.08165940445500168,0.07158150285140673,0.10673073950963764,0.1804362806748466,0.047359672687188215,30,0.0024025000000000157,0.025532981032503056,0.09859635332112478,0.08579291392086784,0.12163277444919726,0.2100933742331288,0.057172901560889534,30,0.01134492089031909,0.03654541240409208,0.12425029247520371,0.11474018356389133,0.17998062689969602,0.3015583742331288,0.07631393169646694,30,0.005391057165264259,0.015921900023513076,0.05697450131351784,0.05123857315181602,0.0793257481955815,0.1336061383050478,0.033707537808191565,30,0.0,231.25,618.75,881.25,1312.5,2775.0,849.8526114608912,30,0.0,181.25,775.0,1045.8333333333333,1693.75,3700.0,1075.8934405424634,30,0.0,425.0,1150.0,1433.3333333333333,1887.5,4000.0,1276.9395884863459,30,0.0,198.67574005552336,500.524934087634,645.9607909105805,894.5928465297072,1850.0,579.0945577658076,30,0.08435000000000026,1.9819264816183175,3.2635010956386514,3.8502998978214715,6.0190886699507375,9.058823529411764,2.6418423122650956,30,0.0,0.9819264816183175,2.2635010956386514,2.948322063993578,5.0190886699507375,8.058823529411764,2.512334935612837,30,0.04217500000000013,0.9909632408091588,1.6317505478193257,1.9251499489107358,3.0095443349753688,4.529411764705882,1.3209211561325478,30,0.0,0.011796574142492133,0.6317505478193256,1.0647678447397526,2.0095443349753688,3.5294117647058822,1.1602224493690256,0.3,0.26666666666666666,0.13333333333333333,3.8502998978214715,3.2635010956386514,2.948322063993578,0.6666666666666666,0.4,0.26666666666666666,1.9251499489107358,1.6317505478193257,1.0647678447397526
stableshots_discard,fake_fez,0.25,30,30,0.0281540101466118,0.12749904129386375,0.2128629713055955,0.24028866177308308,0.307994897425625,0.6781437499999999,0.16306811871577886,30,0.0192435294117647,0.06641474906629313,0.1323032558139535,0.16870715892167626,0.20030063663821007,0.59012,0.14643439039678732,30,0.004217500000000013,0.021902843617274553,0.08165940445500167,0.07158150285140673,0.10673073950963763,0.18043628067484657,0.047359672687188215,30,0.0,231.25,618.75,881.25,1312.5,2775.0,849.8526114608912,30,0.0,0.0387993762993763,0.15912605145967343,0.1772036598936012,0.3009544334975369,0.45294117647058824,0.14635352707010063,30,1137.5,4631.25,8531.25,12062.916666666666,22687.5,25000.0,9148.062779743395,30,1050.0,3912.5,7250.0,11181.666666666666,20675.0,25000.0,9194.48375979834,30,-300.0,0.0,506.25,797.9166666666666,1312.5,2775.0,910.5824403902847,30,-0.08824828417896002,0.0,0.06029453363356598,0.052397356814900514,0.0943592551530898,0.18043628067484657,0.05902732581285692,30,-0.004657479215090299,0.021536401699789706,0.047735500861340714,0.047375250774454064,0.06833834489829482,0.14504034830218288,0.03472711436495362,30,-0.0949049999999999,-0.03631321202798312,-0.016774140260476238,-0.02420625207695267,-0.0052061611062335575,0.012888888888888898,0.026965318114337746,30,237.5,1312.5,2325.0,2832.9166666666665,5000.0,6175.0,1912.5224906648418,30,-150.0,550.0,975.0,1951.6666666666667,3512.5,5000.0,1914.4857657152838,30,0.004217500000000013,0.02190284361727455,0.08165940445500168,0.07158150285140673,0.10673073950963764,0.1804362806748466,0.047359672687188215,30,0.0024025000000000157,0.025532981032503056,0.09859635332112478,0.08579291392086784,0.12163277444919726,0.2100933742331288,0.057172901560889534,30,0.01134492089031909,0.03654541240409208,0.12425029247520371,0.11474018356389133,0.17998062689969602,0.3015583742331288,0.07631393169646694,30,0.005391057165264259,0.015921900023513076,0.05697450131351784,0.05123857315181602,0.0793257481955815,0.1336061383050478,0.033707537808191565,30,0.0,231.25,618.75,881.25,1312.5,2775.0,849.8526114608912,30,0.0,181.25,775.0,1045.8333333333333,1693.75,3700.0,1075.8934405424634,30,0.0,425.0,1150.0,1433.3333333333333,1887.5,4000.0,1276.9395884863459,30,0.0,198.67574005552336,500.524934087634,645.9607909105805,894.5928465297072,1850.0,579.0945577658076,30,0.08435000000000026,1.9819264816183175,3.2635010956386514,3.8502998978214715,6.0190886699507375,9.058823529411764,2.6418423122650956,30,0.0,0.9819264816183175,2.2635010956386514,2.948322063993578,5.0190886699507375,8.058823529411764,2.512334935612837,30,0.04217500000000013,0.9909632408091588,1.6317505478193257,1.9251499489107358,3.0095443349753688,4.529411764705882,1.3209211561325478,30,0.0,0.011796574142492133,0.6317505478193256,1.0647678447397526,2.0095443349753688,3.5294117647058822,1.1602224493690256,0.3,0.26666666666666666,0.13333333333333333,3.8502998978214715,3.2635010956386514,2.948322063993578,0.6666666666666666,0.4,0.26666666666666666,1.9251499489107358,1.6317505478193257,1.0647678447397526
stableshots_discard,fake_fez,0.5,30,30,0.0281540101466118,0.12749904129386375,0.2128629713055955,0.24028866177308308,0.307994897425625,0.6781437499999999,0.16306811871577886,30,0.0192435294117647,0.06641474906629313,0.1323032558139535,0.16870715892167626,0.20030063663821007,0.59012,0.14643439039678732,30,0.004217500000000013,0.021902843617274553,0.08165940445500167,0.07158150285140673,0.10673073950963763,0.18043628067484657,0.047359672687188215,30,0.0,231.25,618.75,881.25,1312.5,2775.0,849.8526114608912,30,0.0,0.0387993762993763,0.15912605145967343,0.1772036598936012,0.3009544334975369,0.45294117647058824,0.14635352707010063,30,1387.5,5468.75,10156.25,14376.25,26962.5,30000.0,10970.980702045517,30,1300.0,4750.0,8875.0,13495.0,24900.0,30000.0,11019.483919951468,30,-300.0,0.0,506.25,797.9166666666666,1312.5,2775.0,910.5824403902847,30,-0.08824828417896002,0.0,0.06029453363356598,0.052397356814900514,0.0943592551530898,0.18043628067484657,0.05902732581285692,30,-0.004657479215090299,0.021536401699789706,0.047735500861340714,0.047375250774454064,0.06833834489829482,0.14504034830218288,0.03472711436495362,30,-0.0949049999999999,-0.03631321202798312,-0.016774140260476238,-0.02420625207695267,-0.0052061611062335575,0.012888888888888898,0.026965318114337746,30,487.5,2153.125,3562.5,5146.25,9787.5,10475.0,3683.158826872053,30,350.0,1200.0,2425.0,4265.0,7812.5,10000.0,3713.2602553736965,30,0.004217500000000013,0.02190284361727455,0.08165940445500168,0.07158150285140673,0.10673073950963764,0.1804362806748466,0.047359672687188215,30,0.0024025000000000157,0.025532981032503056,0.09859635332112478,0.08579291392086784,0.12163277444919726,0.2100933742331288,0.057172901560889534,30,0.01134492089031909,0.03654541240409208,0.12425029247520371,0.11474018356389133,0.17998062689969602,0.3015583742331288,0.07631393169646694,30,0.005391057165264259,0.015921900023513076,0.05697450131351784,0.05123857315181602,0.0793257481955815,0.1336061383050478,0.033707537808191565,30,0.0,231.25,618.75,881.25,1312.5,2775.0,849.8526114608912,30,0.0,181.25,775.0,1045.8333333333333,1693.75,3700.0,1075.8934405424634,30,0.0,425.0,1150.0,1433.3333333333333,1887.5,4000.0,1276.9395884863459,30,0.0,198.67574005552336,500.524934087634,645.9607909105805,894.5928465297072,1850.0,579.0945577658076,30,0.08435000000000026,1.9819264816183175,3.2635010956386514,3.8502998978214715,6.0190886699507375,9.058823529411764,2.6418423122650956,30,0.0,0.9819264816183175,2.2635010956386514,2.948322063993578,5.0190886699507375,8.058823529411764,2.512334935612837,30,0.04217500000000013,0.9909632408091588,1.6317505478193257,1.9251499489107358,3.0095443349753688,4.529411764705882,1.3209211561325478,30,0.0,0.011796574142492133,0.6317505478193256,1.0647678447397526,2.0095443349753688,3.5294117647058822,1.1602224493690256,0.3,0.26666666666666666,0.13333333333333333,3.8502998978214715,3.2635010956386514,2.948322063993578,0.6666666666666666,0.4,0.26666666666666666,1.9251499489107358,1.6317505478193257,1.0647678447397526
stableshots_discard,fake_fez,0.75,30,30,0.0281540101466118,0.12749904129386375,0.2128629713055955,0.24028866177308308,0.307994897425625,0.6781437499999999,0.16306811871577886,30,0.0192435294117647,0.06641474906629313,0.1323032558139535,0.16870715892167626,0.20030063663821007,0.59012,0.14643439039678732,30,0.004217500000000013,0.021902843617274553,0.08165940445500167,0.07158150285140673,0.10673073950963763,0.18043628067484657,0.047359672687188215,30,0.0,231.25,618.75,881.25,1312.5,2775.0,849.8526114608912,30,0.0,0.0387993762993763,0.15912605145967343,0.1772036598936012,0.3009544334975369,0.45294117647058824,0.14635352707010063,30,1587.5,6306.25,11756.25,16677.916666666668,31237.5,35000.0,12802.696915563596,30,1500.0,5575.0,10475.0,15796.666666666666,29175.0,35000.0,12852.417814487706,30,-300.0,0.0,506.25,797.9166666666666,1312.5,2775.0,910.5824403902847,30,-0.08824828417896002,0.0,0.06029453363356598,0.052397356814900514,0.0943592551530898,0.18043628067484657,0.05902732581285692,30,-0.004657479215090299,0.021536401699789706,0.047735500861340714,0.047375250774454064,0.06833834489829482,0.14504034830218288,0.03472711436495362,30,-0.0949049999999999,-0.03631321202798312,-0.016774140260476238,-0.02420625207695267,-0.0052061611062335575,0.012888888888888898,0.026965318114337746,30,687.5,2978.125,5100.0,7447.916666666667,14165.625,15000.0,5498.681349891415,30,600.0,2125.0,4025.0,6566.666666666667,12112.5,15000.0,5537.790754152924,30,0.004217500000000013,0.02190284361727455,0.08165940445500168,0.07158150285140673,0.10673073950963764,0.1804362806748466,0.047359672687188215,30,0.0024025000000000157,0.025532981032503056,0.09859635332112478,0.08579291392086784,0.12163277444919726,0.2100933742331288,0.057172901560889534,30,0.01134492089031909,0.03654541240409208,0.12425029247520371,0.11474018356389133,0.17998062689969602,0.3015583742331288,0.07631393169646694,30,0.005391057165264259,0.015921900023513076,0.05697450131351784,0.05123857315181602,0.0793257481955815,0.1336061383050478,0.033707537808191565,30,0.0,231.25,618.75,881.25,1312.5,2775.0,849.8526114608912,30,0.0,181.25,775.0,1045.8333333333333,1693.75,3700.0,1075.8934405424634,30,0.0,425.0,1150.0,1433.3333333333333,1887.5,4000.0,1276.9395884863459,30,0.0,198.67574005552336,500.524934087634,645.9607909105805,894.5928465297072,1850.0,579.0945577658076,30,0.08435000000000026,1.9819264816183175,3.2635010956386514,3.8502998978214715,6.0190886699507375,9.058823529411764,2.6418423122650956,30,0.0,0.9819264816183175,2.2635010956386514,2.948322063993578,5.0190886699507375,8.058823529411764,2.512334935612837,30,0.04217500000000013,0.9909632408091588,1.6317505478193257,1.9251499489107358,3.0095443349753688,4.529411764705882,1.3209211561325478,30,0.0,0.011796574142492133,0.6317505478193256,1.0647678447397526,2.0095443349753688,3.5294117647058822,1.1602224493690256,0.3,0.26666666666666666,0.13333333333333333,3.8502998978214715,3.2635010956386514,2.948322063993578,0.6666666666666666,0.4,0.26666666666666666,1.9251499489107358,1.6317505478193257,1.0647678447397526
stableshots_discard,fake_fez,0.9,30,30,0.0281540101466118,0.12749904129386375,0.2128629713055955,0.24028866177308308,0.307994897425625,0.6781437499999999,0.16306811871577886,30,0.0192435294117647,0.06641474906629313,0.1323032558139535,0.16870715892167626,0.20030063663821007,0.59012,0.14643439039678732,30,0.004217500000000013,0.021902843617274553,0.08165940445500167,0.07158150285140673,0.10673073950963763,0.18043628067484657,0.047359672687188215,30,0.0,231.25,618.75,881.25,1312.5,2775.0,849.8526114608912,30,0.0,0.0387993762993763,0.15912605145967343,0.1772036598936012,0.3009544334975369,0.45294117647058824,0.14635352707010063,30,1737.5,6781.25,12731.25,18062.916666666668,33787.5,38000.0,13897.126068614114,30,1650.0,6037.5,11450.0,17181.666666666668,31725.0,38000.0,13947.886277468544,30,-300.0,0.0,506.25,797.9166666666666,1312.5,2775.0,910.5824403902847,30,-0.08824828417896002,0.0,0.06029453363356598,0.052397356814900514,0.0943592551530898,0.18043628067484657,0.05902732581285692,30,-0.004657479215090299,0.021536401699789706,0.047735500861340714,0.047375250774454064,0.06833834489829482,0.14504034830218288,0.03472711436495362,30,-0.0949049999999999,-0.03631321202798312,-0.016774140260476238,-0.02420625207695267,-0.0052061611062335575,0.012888888888888898,0.026965318114337746,30,837.5,3540.625,6150.0,8832.916666666666,16675.0,18000.0,6587.889296333624,30,750.0,2687.5,5000.0,7951.666666666667,14662.5,18000.0,6630.968142416846,30,0.004217500000000013,0.02190284361727455,0.08165940445500168,0.07158150285140673,0.10673073950963764,0.1804362806748466,0.047359672687188215,30,0.0024025000000000157,0.025532981032503056,0.09859635332112478,0.08579291392086784,0.12163277444919726,0.2100933742331288,0.057172901560889534,30,0.01134492089031909,0.03654541240409208,0.12425029247520371,0.11474018356389133,0.17998062689969602,0.3015583742331288,0.07631393169646694,30,0.005391057165264259,0.015921900023513076,0.05697450131351784,0.05123857315181602,0.0793257481955815,0.1336061383050478,0.033707537808191565,30,0.0,231.25,618.75,881.25,1312.5,2775.0,849.8526114608912,30,0.0,181.25,775.0,1045.8333333333333,1693.75,3700.0,1075.8934405424634,30,0.0,425.0,1150.0,1433.3333333333333,1887.5,4000.0,1276.9395884863459,30,0.0,198.67574005552336,500.524934087634,645.9607909105805,894.5928465297072,1850.0,579.0945577658076,30,0.08435000000000026,1.9819264816183175,3.2635010956386514,3.8502998978214715,6.0190886699507375,9.058823529411764,2.6418423122650956,30,0.0,0.9819264816183175,2.2635010956386514,2.948322063993578,5.0190886699507375,8.058823529411764,2.512334935612837,30,0.04217500000000013,0.9909632408091588,1.6317505478193257,1.9251499489107358,3.0095443349753688,4.529411764705882,1.3209211561325478,30,0.0,0.011796574142492133,0.6317505478193256,1.0647678447397526,2.0095443349753688,3.5294117647058822,1.1602224493690256,0.3,0.26666666666666666,0.13333333333333333,3.8502998978214715,3.2635010956386514,2.948322063993578,0.6666666666666666,0.4,0.26666666666666666,1.9251499489107358,1.6317505478193257,1.0647678447397526
stableshots_discard,fake_kyiv,0.1,30,30,0.03154600013409615,0.11255676268537447,0.1866178231898224,0.2197045039479436,0.26994660267543164,0.6567675,0.15694682881842836,30,0.0244444444444444,0.06641474906629313,0.13001438524590164,0.16791410582547311,0.20030063663821007,0.59012,0.14698036975218257,30,0.003064571562667647,0.02011884148895338,0.054845062079116255,0.05179039812247054,0.07157203940957947,0.12481817020973035,0.033060399576248956,30,0.0,184.375,487.5,662.5,962.5,2075.0,623.2388981264977,30,0.0,0.030082614942528736,0.10569936260623229,0.10440939639564159,0.15878678335870117,0.23837209302325582,0.07979789811712834,30,1000.0,4078.125,7337.5,10535.833333333334,19771.875,22000.0,8054.500330542711,30,950.0,3562.5,6425.0,9873.333333333334,18287.5,22000.0,8106.050670410614,30,-487.5,0.0,387.5,569.1666666666666,843.75,2075.0,680.1189466624169,30,-0.029262458195183277,0.0,0.043434712968031045,0.03597389560203343,0.06175818600384081,0.12481817020973035,0.039287415398049565,30,-0.13305020402339846,-0.09659286330383535,-0.0583837985629746,-0.05554553835124298,-0.01400108216188993,0.012302470722331448,0.045216526642966666,30,-0.2578683742331288,-0.1716458017843843,-0.1098985544639005,-0.10733593647371352,-0.03943458951598652,0.0092378991596638,0.07565258312551554,30,-1487.5,-137.5,168.75,357.5,815.625,2000.0,988.0296484452765,30,-2800.0,-1400.0,-525.0,-305.0,412.5,2000.0,1427.5219667371991,30,0.003064571562667648,0.020118841488953376,0.05484506207911624,0.05179039812247055,0.07157203940957947,0.12481817020973032,0.033060399576248956,30,0.0021894960965029506,0.017308453260657525,0.055618601981689914,0.05226463775362145,0.07366574904068085,0.13105904458598722,0.034073760800575274,30,0.0061471008403361956,0.045858459434498455,0.1115128390431296,0.10263231698263925,0.14708675956164252,0.3015583742331288,0.06782934428398811,30,0.0027167557030441398,0.020441173223368667,0.05351122318545605,0.04836969620700314,0.0666318217935844,0.13689323973364934,0.031244664934862595,30,0.0,184.375,487.5,662.5,962.5,2075.0,623.2388981264977,30,0.0,112.5,475.0,662.5,1043.75,2300.0,652.7709504819462,30,0.0,412.5,1050.0,1325.0,1912.5,4000.0,1215.8259573724727,30,0.0,176.4991764020877,485.5341892647742,619.9027285674505,1028.5455084796608,1912.0233610846217,568.9636135701987,30,0.1202000000000003,1.3401865751914634,2.3246689542219494,2.3083997223287853,3.175735667174023,4.767441860465116,1.3921642535796,30,0.0,0.34018657519146334,1.3246689542219492,1.422032790575646,2.175735667174023,3.767441860465116,1.2353196550663372,30,0.06010000000000015,0.6700932875957317,1.1623344771109747,1.1541998611643927,1.5878678335870116,2.383720930232558,0.6960821267898,30,0.0,0.0,0.1623344771109746,0.3769511499442421,0.5878678335870116,1.383720930232558,0.4546514132191809,0.4,0.3333333333333333,0.23333333333333334,2.3083997223287853,2.3246689542219494,1.422032790575646,0.9333333333333333,0.4666666666666667,0.4666666666666667,1.1541998611643927,1.1623344771109747,0.3769511499442421
stableshots_discard,fake_kyiv,0.25,30,30,0.03154600013409615,0.11255676268537447,0.1866178231898224,0.2197045039479436,0.26994660267543164,0.6567675,0.15694682881842836,30,0.0244444444444444,0.06641474906629313,0.13001438524590164,0.16791410582547311,0.20030063663821007,0.59012,0.14698036975218257,30,0.003064571562667647,0.02011884148895338,0.054845062079116255,0.05179039812247054,0.07157203940957947,0.12481817020973035,0.033060399576248956,30,0.0,184.375,487.5,662.5,962.5,2075.0,623.2388981264977,30,0.0,0.030082614942528736,0.10569936260623229,0.10440939639564159,0.15878678335870117,0.23837209302325582,0.07979789811712834,30,1150.0,4640.625,8537.5,12065.833333333334,22684.375,25000.0,9144.895017716577,30,1100.0,4175.0,7625.0,11403.333333333334,21200.0,25000.0,9188.579243046617,30,-487.5,0.0,387.5,569.1666666666666,843.75,2075.0,680.1189466624169,30,-0.029262458195183277,0.0,0.043434712968031045,0.03597389560203343,0.06175818600384081,0.12481817020973035,0.039287415398049565,30,-0.13305020402339846,-0.09659286330383535,-0.0583837985629746,-0.05554553835124298,-0.01400108216188993,0.012302470722331448,0.045216526642966666,30,-0.2578683742331288,-0.1716458017843843,-0.1098985544639005,-0.10733593647371352,-0.03943458951598652,0.0092378991596638,0.07565258312551554,30,-387.5,190.625,1062.5,1887.5,3328.125,5000.0,1931.906553390842,30,-1550.0,-325.0,375.0,1225.0,2162.5,5000.0,2182.127639365479,30,0.003064571562667648,0.020118841488953376,0.05484506207911624,0.05179039812247055,0.07157203940957947,0.12481817020973032,0.033060399576248956,30,0.0021894960965029506,0.017308453260657525,0.055618601981689914,0.05226463775362145,0.07366574904068085,0.13105904458598722,0.034073760800575274,30,0.0061471008403361956,0.045858459434498455,0.1115128390431296,0.10263231698263925,0.14708675956164252,0.3015583742331288,0.06782934428398811,30,0.0027167557030441398,0.020441173223368667,0.05351122318545605,0.04836969620700314,0.0666318217935844,0.13689323973364934,0.031244664934862595,30,0.0,184.375,487.5,662.5,962.5,2075.0,623.2388981264977,30,0.0,112.5,475.0,662.5,1043.75,2300.0,652.7709504819462,30,0.0,412.5,1050.0,1325.0,1912.5,4000.0,1215.8259573724727,30,0.0,176.4991764020877,485.5341892647742,619.9027285674505,1028.5455084796608,1912.0233610846217,568.9636135701987,30,0.1202000000000003,1.3401865751914634,2.3246689542219494,2.3083997223287853,3.175735667174023,4.767441860465116,1.3921642535796,30,0.0,0.34018657519146334,1.3246689542219492,1.422032790575646,2.175735667174023,3.767441860465116,1.2353196550663372,30,0.06010000000000015,0.6700932875957317,1.1623344771109747,1.1541998611643927,1.5878678335870116,2.383720930232558,0.6960821267898,30,0.0,0.0,0.1623344771109746,0.3769511499442421,0.5878678335870116,1.383720930232558,0.4546514132191809,0.4,0.3333333333333333,0.23333333333333334,2.3083997223287853,2.3246689542219494,1.422032790575646,0.9333333333333333,0.4666666666666667,0.4666666666666667,1.1541998611643927,1.1623344771109747,0.3769511499442421
stableshots_discard,fake_kyiv,0.5,30,30,0.03154600013409615,0.11255676268537447,0.1866178231898224,0.2197045039479436,0.26994660267543164,0.6567675,0.15694682881842836,30,0.0244444444444444,0.06641474906629313,0.13001438524590164,0.16791410582547311,0.20030063663821007,0.59012,0.14698036975218257,30,0.003064571562667647,0.02011884148895338,0.054845062079116255,0.05179039812247054,0.07157203940957947,0.12481817020973035,0.033060399576248956,30,0.0,184.375,487.5,662.5,962.5,2075.0,623.2388981264977,30,0.0,0.030082614942528736,0.10569936260623229,0.10440939639564159,0.15878678335870117,0.23837209302325582,0.07979789811712834,30,1400.0,5681.25,10337.5,14614.166666666666,27546.875,30000.0,10968.40571143203,30,1350.0,5200.0,9600.0,13951.666666666666,26062.5,30000.0,11002.26844425913,30,-487.5,0.0,387.5,569.1666666666666,843.75,2075.0,680.1189466624169,30,-0.029262458195183277,0.0,0.043434712968031045,0.03597389560203343,0.06175818600384081,0.12481817020973035,0.039287415398049565,30,-0.13305020402339846,-0.09659286330383535,-0.0583837985629746,-0.05554553835124298,-0.01400108216188993,0.012302470722331448,0.045216526642966666,30,-0.2578683742331288,-0.1716458017843843,-0.1098985544639005,-0.10733593647371352,-0.03943458951598652,0.0092378991596638,0.07565258312551554,30,350.0,1481.25,2587.5,4435.833333333333,8121.875,10000.0,3698.2080547329883,30,200.0,600.0,2100.0,3773.3333333333335,6412.5,10000.0,3827.435743133526,30,0.003064571562667648,0.020118841488953376,0.05484506207911624,0.05179039812247055,0.07157203940957947,0.12481817020973032,0.033060399576248956,30,0.0021894960965029506,0.017308453260657525,0.055618601981689914,0.05226463775362145,0.07366574904068085,0.13105904458598722,0.034073760800575274,30,0.0061471008403361956,0.045858459434498455,0.1115128390431296,0.10263231698263925,0.14708675956164252,0.3015583742331288,0.06782934428398811,30,0.0027167557030441398,0.020441173223368667,0.05351122318545605,0.04836969620700314,0.0666318217935844,0.13689323973364934,0.031244664934862595,30,0.0,184.375,487.5,662.5,962.5,2075.0,623.2388981264977,30,0.0,112.5,475.0,662.5,1043.75,2300.0,652.7709504819462,30,0.0,412.5,1050.0,1325.0,1912.5,4000.0,1215.8259573724727,30,0.0,176.4991764020877,485.5341892647742,619.9027285674505,1028.5455084796608,1912.0233610846217,568.9636135701987,30,0.1202000000000003,1.3401865751914634,2.3246689542219494,2.3083997223287853,3.175735667174023,4.767441860465116,1.3921642535796,30,0.0,0.34018657519146334,1.3246689542219492,1.422032790575646,2.175735667174023,3.767441860465116,1.2353196550663372,30,0.06010000000000015,0.6700932875957317,1.1623344771109747,1.1541998611643927,1.5878678335870116,2.383720930232558,0.6960821267898,30,0.0,0.0,0.1623344771109746,0.3769511499442421,0.5878678335870116,1.383720930232558,0.4546514132191809,0.4,0.3333333333333333,0.23333333333333334,2.3083997223287853,2.3246689542219494,1.422032790575646,0.9333333333333333,0.4666666666666667,0.4666666666666667,1.1541998611643927,1.1623344771109747,0.3769511499442421
stableshots_discard,fake_kyiv,0.75,30,30,0.03154600013409615,0.11255676268537447,0.1866178231898224,0.2197045039479436,0.26994660267543164,0.6567675,0.15694682881842836,30,0.0244444444444444,0.06641474906629313,0.13001438524590164,0.16791410582547311,0.20030063663821007,0.59012,0.14698036975218257,30,0.003064571562667647,0.02011884148895338,0.054845062079116255,0.05179039812247054,0.07157203940957947,0.12481817020973035,0.033060399576248956,30,0.0,184.375,487.5,662.5,962.5,2075.0,623.2388981264977,30,0.0,0.030082614942528736,0.10569936260623229,0.10440939639564159,0.15878678335870117,0.23837209302325582,0.07979789811712834,30,1650.0,6768.75,12087.5,17152.5,32396.875,35000.0,12795.210748692194,30,1600.0,6175.0,11575.0,16490.0,30912.5,35000.0,12822.175026640103,30,-487.5,0.0,387.5,569.1666666666666,843.75,2075.0,680.1189466624169,30,-0.029262458195183277,0.0,0.043434712968031045,0.03597389560203343,0.06175818600384081,0.12481817020973035,0.039287415398049565,30,-0.13305020402339846,-0.09659286330383535,-0.0583837985629746,-0.05554553835124298,-0.01400108216188993,0.012302470722331448,0.045216526642966666,30,-0.2578683742331288,-0.1716458017843843,-0.1098985544639005,-0.10733593647371352,-0.03943458951598652,0.0092378991596638,0.07565258312551554,30,600.0,2696.875,4562.5,6974.166666666667,12971.875,15000.0,5507.217964875159,30,550.0,1750.0,3650.0,6311.666666666667,11412.5,15000.0,5590.057111134655,30,0.003064571562667648,0.020118841488953376,0.05484506207911624,0.05179039812247055,0.07157203940957947,0.12481817020973032,0.033060399576248956,30,0.0021894960965029506,0.017308453260657525,0.055618601981689914,0.05226463775362145,0.07366574904068085,0.13105904458598722,0.034073760800575274,30,0.0061471008403361956,0.045858459434498455,0.1115128390431296,0.10263231698263925,0.14708675956164252,0.3015583742331288,0.06782934428398811,30,0.0027167557030441398,0.020441173223368667,0.05351122318545605,0.04836969620700314,0.0666318217935844,0.13689323973364934,0.031244664934862595,30,0.0,184.375,487.5,662.5,962.5,2075.0,623.2388981264977,30,0.0,112.5,475.0,662.5,1043.75,2300.0,652.7709504819462,30,0.0,412.5,1050.0,1325.0,1912.5,4000.0,1215.8259573724727,30,0.0,176.4991764020877,485.5341892647742,619.9027285674505,1028.5455084796608,1912.0233610846217,568.9636135701987,30,0.1202000000000003,1.3401865751914634,2.3246689542219494,2.3083997223287853,3.175735667174023,4.767441860465116,1.3921642535796,30,0.0,0.34018657519146334,1.3246689542219492,1.422032790575646,2.175735667174023,3.767441860465116,1.2353196550663372,30,0.06010000000000015,0.6700932875957317,1.1623344771109747,1.1541998611643927,1.5878678335870116,2.383720930232558,0.6960821267898,30,0.0,0.0,0.1623344771109746,0.3769511499442421,0.5878678335870116,1.383720930232558,0.4546514132191809,0.4,0.3333333333333333,0.23333333333333334,2.3083997223287853,2.3246689542219494,1.422032790575646,0.9333333333333333,0.4666666666666667,0.4666666666666667,1.1541998611643927,1.1623344771109747,0.3769511499442421
stableshots_discard,fake_kyiv,0.9,30,30,0.03154600013409615,0.11255676268537447,0.1866178231898224,0.2197045039479436,0.26994660267543164,0.6567675,0.15694682881842836,30,0.0244444444444444,0.06641474906629313,0.13001438524590164,0.16791410582547311,0.20030063663821007,0.59012,0.14698036975218257,30,0.003064571562667647,0.02011884148895338,0.054845062079116255,0.05179039812247054,0.07157203940957947,0.12481817020973035,0.033060399576248956,30,0.0,184.375,487.5,662.5,962.5,2075.0,623.2388981264977,30,0.0,0.030082614942528736,0.10569936260623229,0.10440939639564159,0.15878678335870117,0.23837209302325582,0.07979789811712834,30,1800.0,7431.25,13112.5,18679.166666666668,35309.375,38000.0,13890.760439036898,30,1750.0,6850.0,12750.0,18016.666666666668,33825.0,38000.0,13914.178661210726,30,-487.5,0.0,387.5,569.1666666666666,843.75,2075.0,680.1189466624169,30,-0.029262458195183277,0.0,0.043434712968031045,0.03597389560203343,0.06175818600384081,0.12481817020973035,0.039287415398049565,30,-0.13305020402339846,-0.09659286330383535,-0.0583837985629746,-0.05554553835124298,-0.01400108216188993,0.012302470722331448,0.045216526642966666,30,-0.2578683742331288,-0.1716458017843843,-0.1098985544639005,-0.10733593647371352,-0.03943458951598652,0.0092378991596638,0.07565258312551554,30,750.0,3284.375,5737.5,8500.833333333334,15884.375,18000.0,6596.845619418176,30,700.0,2550.0,4825.0,7838.333333333333,14412.5,18000.0,6663.186088544632,30,0.003064571562667648,0.020118841488953376,0.05484506207911624,0.05179039812247055,0.07157203940957947,0.12481817020973032,0.033060399576248956,30,0.0021894960965029506,0.017308453260657525,0.055618601981689914,0.05226463775362145,0.07366574904068085,0.13105904458598722,0.034073760800575274,30,0.0061471008403361956,0.045858459434498455,0.1115128390431296,0.10263231698263925,0.14708675956164252,0.3015583742331288,0.06782934428398811,30,0.0027167557030441398,0.020441173223368667,0.05351122318545605,0.04836969620700314,0.0666318217935844,0.13689323973364934,0.031244664934862595,30,0.0,184.375,487.5,662.5,962.5,2075.0,623.2388981264977,30,0.0,112.5,475.0,662.5,1043.75,2300.0,652.7709504819462,30,0.0,412.5,1050.0,1325.0,1912.5,4000.0,1215.8259573724727,30,0.0,176.4991764020877,485.5341892647742,619.9027285674505,1028.5455084796608,1912.0233610846217,568.9636135701987,30,0.1202000000000003,1.3401865751914634,2.3246689542219494,2.3083997223287853,3.175735667174023,4.767441860465116,1.3921642535796,30,0.0,0.34018657519146334,1.3246689542219492,1.422032790575646,2.175735667174023,3.767441860465116,1.2353196550663372,30,0.06010000000000015,0.6700932875957317,1.1623344771109747,1.1541998611643927,1.5878678335870116,2.383720930232558,0.6960821267898,30,0.0,0.0,0.1623344771109746,0.3769511499442421,0.5878678335870116,1.383720930232558,0.4546514132191809,0.4,0.3333333333333333,0.23333333333333334,2.3083997223287853,2.3246689542219494,1.422032790575646,0.9333333333333333,0.4666666666666667,0.4666666666666667,1.1541998611643927,1.1623344771109747,0.3769511499442421
stableshots_discard,fake_marrakesh,0.1,30,30,0.027699750134096153,0.13158476446046927,0.21946169344011057,0.24603580878490183,0.3132463785941001,0.6939774999999999,0.16668635629926595,30,0.0192435294117647,0.08474796592775032,0.1631308333333333,0.19200350814833644,0.24043212230215824,0.653455,0.15760597096064274,30,0.002070278280463897,0.02409236512205746,0.05757098214285712,0.05403230063656546,0.0727771819140633,0.15388933139534883,0.03557441168412233,30,0.0,196.875,431.25,667.9166666666666,1059.375,2100.0,636.5373337824348,30,0.0,0.046235747820254865,0.11581441087073127,0.15287396420277766,0.26071428571428573,0.43037974683544306,0.1386075717254803,30,1000.0,4143.75,7562.5,10721.25,20187.5,22000.0,8050.040258787744,30,900.0,3475.0,6950.0,10053.333333333334,18712.5,22000.0,8087.942636539531,30,-275.0,12.5,368.75,619.5833333333334,1059.375,2100.0,677.1094380467266,30,-0.07271098735749065,0.0,0.03316842220965451,0.03656657912035131,0.0727771819140633,0.15388933139534883,0.049476076158198476,30,-0.010138108555252295,0.019916779727166267,0.08398031088775021,0.07611098583354829,0.11814815445795707,0.18928526376801252,0.0544850106257159,30,-0.015384999999999996,0.0013605749878125486,0.016774140260476238,0.022078685196982813,0.03631321202798312,0.0949049999999999,0.028910748445321228,30,150.0,868.75,1825.0,1791.25,2206.25,4600.0,1158.6265185480431,30,-100.0,325.0,925.0,1123.3333333333333,2000.0,2500.0,876.6839297281991,30,0.0020702782804639004,0.024092365122057466,0.05757098214285711,0.054032300636565465,0.0727771819140633,0.15388933139534883,0.03557441168412233,30,0.0009239605456671032,0.02783911718621603,0.0684488877726751,0.06246922135210297,0.08775483215540861,0.1746974418604651,0.04191930941003672,30,0.006433192030521395,0.040691226115797806,0.09428563300142245,0.09119075984205595,0.12998579491255954,0.2661624418604651,0.060336304607165776,30,0.0029414552203823816,0.018222685141315274,0.043822106113183656,0.0405803108542839,0.05602652391674557,0.11792375195166954,0.026450853839881744,30,0.0,196.875,431.25,667.9166666666666,1059.375,2100.0,636.5373337824348,30,0.0,118.75,375.0,763.3333333333334,1162.5,2800.0,804.5595639565928,30,0.0,412.5,925.0,1145.0,1825.0,3100.0,979.7387054896233,30,0.0,184.28300858899107,430.8572486914725,520.5061022031547,825.1037559864192,1400.0,441.2590500030555,30,0.1019749999999997,1.1471274459629441,2.316288217414625,3.2117637605344385,5.214285714285714,8.60759493670886,2.6346416294776533,30,0.0,0.14712744596294408,1.316288217414625,2.3260031841054083,4.214285714285714,7.6075949367088604,2.512626107079643,30,0.05098749999999985,0.5735637229814721,1.1581441087073125,1.6058818802672192,2.607142857142857,4.30379746835443,1.3173208147388267,30,0.0,0.0,0.15814410870731255,0.8315165998001023,1.6071428571428572,3.3037974683544302,1.1134651409286649,0.4,0.3333333333333333,0.2,3.2117637605344385,2.316288217414625,2.3260031841054083,0.9666666666666667,0.4,0.4,1.6058818802672192,1.1581441087073125,0.8315165998001023
stableshots_discard,fake_marrakesh,0.25,30,30,0.027699750134096153,0.13158476446046927,0.21946169344011057,0.24603580878490183,0.3132463785941001,0.6939774999999999,0.16668635629926595,30,0.0192435294117647,0.08474796592775032,0.1631308333333333,0.19200350814833644,0.24043212230215824,0.653455,0.15760597096064274,30,0.002070278280463897,0.02409236512205746,0.05757098214285712,0.05403230063656546,0.0727771819140633,0.15388933139534883,0.03557441168412233,30,0.0,196.875,431.25,667.9166666666666,1059.375,2100.0,636.5373337824348,30,0.0,0.046235747820254865,0.11581441087073127,0.15287396420277766,0.26071428571428573,0.43037974683544306,0.1386075717254803,30,1150.0,4659.375,8531.25,12064.583333333334,22675.0,25000.0,9142.91408978346,30,1050.0,3950.0,7800.0,11396.666666666666,21162.5,25000.0,9185.914379554479,30,-275.0,12.5,368.75,619.5833333333334,1059.375,2100.0,677.1094380467266,30,-0.07271098735749065,0.0,0.03316842220965451,0.03656657912035131,0.0727771819140633,0.15388933139534883,0.049476076158198476,30,-0.010138108555252295,0.019916779727166267,0.08398031088775021,0.07611098583354829,0.11814815445795707,0.18928526376801252,0.0544850106257159,30,-0.015384999999999996,0.0013605749878125486,0.016774140260476238,0.022078685196982813,0.03631321202798312,0.0949049999999999,0.028910748445321228,30,300.0,1600.0,2381.25,3134.5833333333335,5000.0,7050.0,1990.4965031426173,30,150.0,812.5,1550.0,2466.6666666666665,4737.5,5000.0,1888.0446614627951,30,0.0020702782804639004,0.024092365122057466,0.05757098214285711,0.054032300636565465,0.0727771819140633,0.15388933139534883,0.03557441168412233,30,0.0009239605456671032,0.02783911718621603,0.0684488877726751,0.06246922135210297,0.08775483215540861,0.1746974418604651,0.04191930941003672,30,0.006433192030521395,0.040691226115797806,0.09428563300142245,0.09119075984205595,0.12998579491255954,0.2661624418604651,0.060336304607165776,30,0.0029414552203823816,0.018222685141315274,0.043822106113183656,0.0405803108542839,0.05602652391674557,0.11792375195166954,0.026450853839881744,30,0.0,196.875,431.25,667.9166666666666,1059.375,2100.0,636.5373337824348,30,0.0,118.75,375.0,763.3333333333334,1162.5,2800.0,804.5595639565928,30,0.0,412.5,925.0,1145.0,1825.0,3100.0,979.7387054896233,30,0.0,184.28300858899107,430.8572486914725,520.5061022031547,825.1037559864192,1400.0,441.2590500030555,30,0.1019749999999997,1.1471274459629441,2.316288217414625,3.2117637605344385,5.214285714285714,8.60759493670886,2.6346416294776533,30,0.0,0.14712744596294408,1.316288217414625,2.3260031841054083,4.214285714285714,7.6075949367088604,2.512626107079643,30,0.05098749999999985,0.5735637229814721,1.1581441087073125,1.6058818802672192,2.607142857142857,4.30379746835443,1.3173208147388267,30,0.0,0.0,0.15814410870731255,0.8315165998001023,1.6071428571428572,3.3037974683544302,1.1134651409286649,0.4,0.3333333333333333,0.2,3.2117637605344385,2.316288217414625,2.3260031841054083,0.9666666666666667,0.4,0.4,1.6058818802672192,1.1581441087073125,0.8315165998001023
stableshots_discard,fake_marrakesh,0.5,30,30,0.027699750134096153,0.13158476446046927,0.21946169344011057,0.24603580878490183,0.3132463785941001,0.6939774999999999,0.16668635629926595,30,0.0192435294117647,0.08474796592775032,0.1631308333333333,0.19200350814833644,0.24043212230215824,0.653455,0.15760597096064274,30,0.002070278280463897,0.02409236512205746,0.05757098214285712,0.05403230063656546,0.0727771819140633,0.15388933139534883,0.03557441168412233,30,0.0,196.875,431.25,667.9166666666666,1059.375,2100.0,636.5373337824348,30,0.0,0.046235747820254865,0.11581441087073127,0.15287396420277766,0.26071428571428573,0.43037974683544306,0.1386075717254803,30,1350.0,5496.875,9956.25,14301.25,26787.5,30000.0,10971.235583883383,30,1250.0,4762.5,9225.0,13633.333333333334,25275.0,30000.0,11020.500750038957,30,-275.0,12.5,368.75,619.5833333333334,1059.375,2100.0,677.1094380467266,30,-0.07271098735749065,0.0,0.03316842220965451,0.03656657912035131,0.0727771819140633,0.15388933139534883,0.049476076158198476,30,-0.010138108555252295,0.019916779727166267,0.08398031088775021,0.07611098583354829,0.11814815445795707,0.18928526376801252,0.0544850106257159,30,-0.015384999999999996,0.0013605749878125486,0.016774140260476238,0.022078685196982813,0.03631321202798312,0.0949049999999999,0.028910748445321228,30,500.0,2381.25,3700.0,5371.25,9956.25,11150.0,3705.4714757718243,30,400.0,1562.5,3250.0,4703.333333333333,8850.0,10000.0,3691.671272148862,30,0.0020702782804639004,0.024092365122057466,0.05757098214285711,0.054032300636565465,0.0727771819140633,0.15388933139534883,0.03557441168412233,30,0.0009239605456671032,0.02783911718621603,0.0684488877726751,0.06246922135210297,0.08775483215540861,0.1746974418604651,0.04191930941003672,30,0.006433192030521395,0.040691226115797806,0.09428563300142245,0.09119075984205595,0.12998579491255954,0.2661624418604651,0.060336304607165776,30,0.0029414552203823816,0.018222685141315274,0.043822106113183656,0.0405803108542839,0.05602652391674557,0.11792375195166954,0.026450853839881744,30,0.0,196.875,431.25,667.9166666666666,1059.375,2100.0,636.5373337824348,30,0.0,118.75,375.0,763.3333333333334,1162.5,2800.0,804.5595639565928,30,0.0,412.5,925.0,1145.0,1825.0,3100.0,979.7387054896233,30,0.0,184.28300858899107,430.8572486914725,520.5061022031547,825.1037559864192,1400.0,441.2590500030555,30,0.1019749999999997,1.1471274459629441,2.316288217414625,3.2117637605344385,5.214285714285714,8.60759493670886,2.6346416294776533,30,0.0,0.14712744596294408,1.316288217414625,2.3260031841054083,4.214285714285714,7.6075949367088604,2.512626107079643,30,0.05098749999999985,0.5735637229814721,1.1581441087073125,1.6058818802672192,2.607142857142857,4.30379746835443,1.3173208147388267,30,0.0,0.0,0.15814410870731255,0.8315165998001023,1.6071428571428572,3.3037974683544302,1.1134651409286649,0.4,0.3333333333333333,0.2,3.2117637605344385,2.316288217414625,2.3260031841054083,0.9666666666666667,0.4,0.4,1.6058818802672192,1.1581441087073125,0.8315165998001023
stableshots_discard,fake_marrakesh,0.75,30,30,0.027699750134096153,0.13158476446046927,0.21946169344011057,0.24603580878490183,0.3132463785941001,0.6939774999999999,0.16668635629926595,30,0.0192435294117647,0.08474796592775032,0.1631308333333333,0.19200350814833644,0.24043212230215824,0.653455,0.15760597096064274,30,0.002070278280463897,0.02409236512205746,0.05757098214285712,0.05403230063656546,0.0727771819140633,0.15388933139534883,0.03557441168412233,30,0.0,196.875,431.25,667.9166666666666,1059.375,2100.0,636.5373337824348,30,0.0,0.046235747820254865,0.11581441087073127,0.15287396420277766,0.26071428571428573,0.43037974683544306,0.1386075717254803,30,1550.0,6328.125,11356.25,16526.25,30887.5,35000.0,12804.325335840014,30,1450.0,5575.0,10625.0,15858.333333333334,29337.5,35000.0,12858.058544750442,30,-275.0,12.5,368.75,619.5833333333334,1059.375,2100.0,677.1094380467266,30,-0.07271098735749065,0.0,0.03316842220965451,0.03656657912035131,0.0727771819140633,0.15388933139534883,0.049476076158198476,30,-0.010138108555252295,0.019916779727166267,0.08398031088775021,0.07611098583354829,0.11814815445795707,0.18928526376801252,0.0544850106257159,30,-0.015384999999999996,0.0013605749878125486,0.016774140260476238,0.022078685196982813,0.03631321202798312,0.0949049999999999,0.028910748445321228,30,700.0,3118.75,5212.5,7596.25,14537.5,15200.0,5502.066764893428,30,600.0,2362.5,4900.0,6928.333333333333,12950.0,15000.0,5519.615231051036,30,0.0020702782804639004,0.024092365122057466,0.05757098214285711,0.054032300636565465,0.0727771819140633,0.15388933139534883,0.03557441168412233,30,0.0009239605456671032,0.02783911718621603,0.0684488877726751,0.06246922135210297,0.08775483215540861,0.1746974418604651,0.04191930941003672,30,0.006433192030521395,0.040691226115797806,0.09428563300142245,0.09119075984205595,0.12998579491255954,0.2661624418604651,0.060336304607165776,30,0.0029414552203823816,0.018222685141315274,0.043822106113183656,0.0405803108542839,0.05602652391674557,0.11792375195166954,0.026450853839881744,30,0.0,196.875,431.25,667.9166666666666,1059.375,2100.0,636.5373337824348,30,0.0,118.75,375.0,763.3333333333334,1162.5,2800.0,804.5595639565928,30,0.0,412.5,925.0,1145.0,1825.0,3100.0,979.7387054896233,30,0.0,184.28300858899107,430.8572486914725,520.5061022031547,825.1037559864192,1400.0,441.2590500030555,30,0.1019749999999997,1.1471274459629441,2.316288217414625,3.2117637605344385,5.214285714285714,8.60759493670886,2.6346416294776533,30,0.0,0.14712744596294408,1.316288217414625,2.3260031841054083,4.214285714285714,7.6075949367088604,2.512626107079643,30,0.05098749999999985,0.5735637229814721,1.1581441087073125,1.6058818802672192,2.607142857142857,4.30379746835443,1.3173208147388267,30,0.0,0.0,0.15814410870731255,0.8315165998001023,1.6071428571428572,3.3037974683544302,1.1134651409286649,0.4,0.3333333333333333,0.2,3.2117637605344385,2.316288217414625,2.3260031841054083,0.9666666666666667,0.4,0.4,1.6058818802672192,1.1581441087073125,0.8315165998001023
stableshots_discard,fake_marrakesh,0.9,30,30,0.027699750134096153,0.13158476446046927,0.21946169344011057,0.24603580878490183,0.3132463785941001,0.6939774999999999,0.16668635629926595,30,0.0192435294117647,0.08474796592775032,0.1631308333333333,0.19200350814833644,0.24043212230215824,0.653455,0.15760597096064274,30,0.002070278280463897,0.02409236512205746,0.05757098214285712,0.05403230063656546,0.0727771819140633,0.15388933139534883,0.03557441168412233,30,0.0,196.875,431.25,667.9166666666666,1059.375,2100.0,636.5373337824348,30,0.0,0.046235747820254865,0.11581441087073127,0.15287396420277766,0.26071428571428573,0.43037974683544306,0.1386075717254803,30,1700.0,6790.625,12206.25,17867.916666666668,33387.5,38000.0,13905.700224829243,30,1600.0,6037.5,11475.0,17200.0,31800.0,38000.0,13961.554354727126,30,-275.0,12.5,368.75,619.5833333333334,1059.375,2100.0,677.1094380467266,30,-0.07271098735749065,0.0,0.03316842220965451,0.03656657912035131,0.0727771819140633,0.15388933139534883,0.049476076158198476,30,-0.010138108555252295,0.019916779727166267,0.08398031088775021,0.07611098583354829,0.11814815445795707,0.18928526376801252,0.0544850106257159,30,-0.015384999999999996,0.0013605749878125486,0.016774140260476238,0.022078685196982813,0.03631321202798312,0.0949049999999999,0.028910748445321228,30,850.0,3568.75,6212.5,8937.916666666666,16937.5,18000.0,6592.103985050042,30,750.0,2825.0,5825.0,8270.0,15450.0,18000.0,6620.183349893483,30,0.0020702782804639004,0.024092365122057466,0.05757098214285711,0.054032300636565465,0.0727771819140633,0.15388933139534883,0.03557441168412233,30,0.0009239605456671032,0.02783911718621603,0.0684488877726751,0.06246922135210297,0.08775483215540861,0.1746974418604651,0.04191930941003672,30,0.006433192030521395,0.040691226115797806,0.09428563300142245,0.09119075984205595,0.12998579491255954,0.2661624418604651,0.060336304607165776,30,0.0029414552203823816,0.018222685141315274,0.043822106113183656,0.0405803108542839,0.05602652391674557,0.11792375195166954,0.026450853839881744,30,0.0,196.875,431.25,667.9166666666666,1059.375,2100.0,636.5373337824348,30,0.0,118.75,375.0,763.3333333333334,1162.5,2800.0,804.5595639565928,30,0.0,412.5,925.0,1145.0,1825.0,3100.0,979.7387054896233,30,0.0,184.28300858899107,430.8572486914725,520.5061022031547,825.1037559864192,1400.0,441.2590500030555,30,0.1019749999999997,1.1471274459629441,2.316288217414625,3.2117637605344385,5.214285714285714,8.60759493670886,2.6346416294776533,30,0.0,0.14712744596294408,1.316288217414625,2.3260031841054083,4.214285714285714,7.6075949367088604,2.512626107079643,30,0.05098749999999985,0.5735637229814721,1.1581441087073125,1.6058818802672192,2.607142857142857,4.30379746835443,1.3173208147388267,30,0.0,0.0,0.15814410870731255,0.8315165998001023,1.6071428571428572,3.3037974683544302,1.1134651409286649,0.4,0.3333333333333333,0.2,3.2117637605344385,2.316288217414625,2.3260031841054083,0.9666666666666667,0.4,0.4,1.6058818802672192,1.1581441087073125,0.8315165998001023
stableshots_discard,fake_sherbrooke,0.1,30,30,0.029236525344180198,0.11064292097353423,0.18908185360068375,0.2214036241045351,0.2794837011487438,0.663885,0.1586427631622059,30,0.0192435294117647,0.06641474906629313,0.13001438524590164,0.1676061758534843,0.20030063663821007,0.59012,0.14729190673052364,30,0.0025784130871193273,0.01941651135991129,0.05296902505948975,0.05379744825105074,0.07970855714112338,0.12027134928827019,0.03468152275008799,30,0.0,156.25,512.5,691.6666666666666,975.0,2075.0,643.8814590693953,30,0.0,0.030388276918587687,0.10604166666666667,0.11737008617461163,0.19330929487179488,0.3333333333333333,0.09720282483230515,30,1000.0,3975.0,7437.5,10553.333333333334,19896.875,22000.0,8051.024601032888,30,900.0,3525.0,6325.0,9861.666666666666,18262.5,22000.0,8109.71834339488,30,-250.0,3.125,418.75,601.6666666666666,859.375,2075.0,691.1052284432591,30,-0.10386872450183324,0.0,0.04152461792868769,0.03473437342101458,0.066640046567011,0.12027134928827019,0.045585718034055485,30,-0.18766270402339852,-0.06424486811041698,-0.04660901957308028,-0.04704993756828588,-0.01922974562315565,0.0018262499999999737,0.03887808844537528,30,-0.3015583742331288,-0.14708675956164252,-0.1110971177032123,-0.10084738581933662,-0.03642041240409205,-0.00359000000000001,0.06836227506343845,30,-762.5,-246.875,212.5,511.6666666666667,1353.125,2000.0,958.2611167192854,30,-2200.0,-1162.5,-400.0,-180.0,837.5,2000.0,1384.3708891119784,30,0.0025784130871193255,0.019416511359911282,0.05296902505948975,0.05379744825105074,0.07970855714112335,0.12027134928827019,0.034681522750088,30,0.0009239605456671032,0.018670479302832263,0.05302824919378507,0.051792170257827945,0.07366574904068085,0.13903151360544214,0.034662052362856494,30,0.005934660155471401,0.0415676574368486,0.1138053447820932,0.11160545248854713,0.1716458017843843,0.2578683742331288,0.07212910025555909,30,0.002585024797452361,0.01890355753713212,0.05598749777439801,0.05129621857192943,0.07722584207947042,0.11861327961314533,0.03251279670122734,30,0.0,156.25,512.5,691.6666666666666,975.0,2075.0,643.8814590693953,30,0.0,118.75,537.5,710.8333333333334,1062.5,2300.0,688.8484685645154,30,0.0,375.0,1000.0,1345.0,1975.0,3700.0,1227.3007949884618,30,0.0,166.47770855815787,490.97242381328834,642.4590536894672,987.1113647617663,1912.0233610846217,591.8233348341736,30,0.10832499999999967,1.4988310137314933,2.2222900354306363,2.592295864232072,3.8661858974358974,6.666666666666666,1.731532189306796,30,0.0,0.4988310137314932,1.222290035430636,1.706922058158918,2.8661858974358974,5.666666666666666,1.5862223540382128,30,0.054162499999999836,0.7494155068657467,1.1111450177153182,1.296147932116036,1.9330929487179487,3.333333333333333,0.865766094653398,30,0.0,0.0,0.11114501771531804,0.4932447619260779,0.9330929487179487,2.333333333333333,0.6677613592939514,0.43333333333333335,0.3333333333333333,0.16666666666666666,2.592295864232072,2.2222900354306363,1.706922058158918,0.9333333333333333,0.43333333333333335,0.43333333333333335,1.296147932116036,1.1111450177153182,0.4932447619260779
stableshots_discard,fake_sherbrooke,0.25,30,30,0.029236525344180198,0.11064292097353423,0.18908185360068375,0.2214036241045351,0.2794837011487438,0.663885,0.1586427631622059,30,0.0192435294117647,0.06641474906629313,0.13001438524590164,0.1676061758534843,0.20030063663821007,0.59012,0.14729190673052364,30,0.0025784130871193273,0.01941651135991129,0.05296902505948975,0.05379744825105074,0.07970855714112338,0.12027134928827019,0.03468152275008799,30,0.0,156.25,512.5,691.6666666666666,975.0,2075.0,643.8814590693953,30,0.0,0.030388276918587687,0.10604166666666667,0.11737008617461163,0.19330929487179488,0.3333333333333333,0.09720282483230515,30,1150.0,4662.5,8537.5,12065.0,22671.875,25000.0,9144.464596608195,30,1050.0,4212.5,7425.0,11373.333333333334,21075.0,25000.0,9195.995505291057,30,-250.0,3.125,418.75,601.6666666666666,859.375,2075.0,691.1052284432591,30,-0.10386872450183324,0.0,0.04152461792868769,0.03473437342101458,0.066640046567011,0.12027134928827019,0.045585718034055485,30,-0.18766270402339852,-0.06424486811041698,-0.04660901957308028,-0.04704993756828588,-0.01922974562315565,0.0018262499999999737,0.03887808844537528,30,-0.3015583742331288,-0.14708675956164252,-0.1110971177032123,-0.10084738581933662,-0.03642041240409205,-0.00359000000000001,0.06836227506343845,30,37.5,378.125,1031.25,2023.3333333333333,3890.625,5000.0,1904.0217568543467,30,-900.0,-225.0,225.0,1331.6666666666667,2100.0,5000.0,2149.4379110207706,30,0.0025784130871193255,0.019416511359911282,0.05296902505948975,0.05379744825105074,0.07970855714112335,0.12027134928827019,0.034681522750088,30,0.0009239605456671032,0.018670479302832263,0.05302824919378507,0.051792170257827945,0.07366574904068085,0.13903151360544214,0.034662052362856494,30,0.005934660155471401,0.0415676574368486,0.1138053447820932,0.11160545248854713,0.1716458017843843,0.2578683742331288,0.07212910025555909,30,0.002585024797452361,0.01890355753713212,0.05598749777439801,0.05129621857192943,0.07722584207947042,0.11861327961314533,0.03251279670122734,30,0.0,156.25,512.5,691.6666666666666,975.0,2075.0,643.8814590693953,30,0.0,118.75,537.5,710.8333333333334,1062.5,2300.0,688.8484685645154,30,0.0,375.0,1000.0,1345.0,1975.0,3700.0,1227.3007949884618,30,0.0,166.47770855815787,490.97242381328834,642.4590536894672,987.1113647617663,1912.0233610846217,591.8233348341736,30,0.10832499999999967,1.4988310137314933,2.2222900354306363,2.592295864232072,3.8661858974358974,6.666666666666666,1.731532189306796,30,0.0,0.4988310137314932,1.222290035430636,1.706922058158918,2.8661858974358974,5.666666666666666,1.5862223540382128,30,0.054162499999999836,0.7494155068657467,1.1111450177153182,1.296147932116036,1.9330929487179487,3.333333333333333,0.865766094653398,30,0.0,0.0,0.11114501771531804,0.4932447619260779,0.9330929487179487,2.333333333333333,0.6677613592939514,0.43333333333333335,0.3333333333333333,0.16666666666666666,2.592295864232072,2.2222900354306363,1.706922058158918,0.9333333333333333,0.43333333333333335,0.43333333333333335,1.296147932116036,1.1111450177153182,0.4932447619260779
stableshots_discard,fake_sherbrooke,0.5,30,30,0.029236525344180198,0.11064292097353423,0.18908185360068375,0.2214036241045351,0.2794837011487438,0.663885,0.1586427631622059,30,0.0192435294117647,0.06641474906629313,0.13001438524590164,0.1676061758534843,0.20030063663821007,0.59012,0.14729190673052364,30,0.0025784130871193273,0.01941651135991129,0.05296902505948975,0.05379744825105074,0.07970855714112338,0.12027134928827019,0.03468152275008799,30,0.0,156.25,512.5,691.6666666666666,975.0,2075.0,643.8814590693953,30,0.0,0.030388276918587687,0.10604166666666667,0.11737008617461163,0.19330929487179488,0.3333333333333333,0.09720282483230515,30,1350.0,5812.5,10306.25,14580.0,27321.875,30000.0,10974.057182030845,30,1250.0,5400.0,9200.0,13888.333333333334,25725.0,30000.0,11016.24727495659,30,-250.0,3.125,418.75,601.6666666666666,859.375,2075.0,691.1052284432591,30,-0.10386872450183324,0.0,0.04152461792868769,0.03473437342101458,0.066640046567011,0.12027134928827019,0.045585718034055485,30,-0.18766270402339852,-0.06424486811041698,-0.04660901957308028,-0.04704993756828588,-0.01922974562315565,0.0018262499999999737,0.03887808844537528,30,-0.3015583742331288,-0.14708675956164252,-0.1110971177032123,-0.10084738581933662,-0.03642041240409205,-0.00359000000000001,0.06836227506343845,30,412.5,1450.0,3093.75,4538.333333333333,8543.75,10000.0,3676.033360072758,30,200.0,675.0,1850.0,3846.6666666666665,6750.0,10000.0,3806.662338705594,30,0.0025784130871193255,0.019416511359911282,0.05296902505948975,0.05379744825105074,0.07970855714112335,0.12027134928827019,0.034681522750088,30,0.0009239605456671032,0.018670479302832263,0.05302824919378507,0.051792170257827945,0.07366574904068085,0.13903151360544214,0.034662052362856494,30,0.005934660155471401,0.0415676574368486,0.1138053447820932,0.11160545248854713,0.1716458017843843,0.2578683742331288,0.07212910025555909,30,0.002585024797452361,0.01890355753713212,0.05598749777439801,0.05129621857192943,0.07722584207947042,0.11861327961314533,0.03251279670122734,30,0.0,156.25,512.5,691.6666666666666,975.0,2075.0,643.8814590693953,30,0.0,118.75,537.5,710.8333333333334,1062.5,2300.0,688.8484685645154,30,0.0,375.0,1000.0,1345.0,1975.0,3700.0,1227.3007949884618,30,0.0,166.47770855815787,490.97242381328834,642.4590536894672,987.1113647617663,1912.0233610846217,591.8233348341736,30,0.10832499999999967,1.4988310137314933,2.2222900354306363,2.592295864232072,3.8661858974358974,6.666666666666666,1.731532189306796,30,0.0,0.4988310137314932,1.222290035430636,1.706922058158918,2.8661858974358974,5.666666666666666,1.5862223540382128,30,0.054162499999999836,0.7494155068657467,1.1111450177153182,1.296147932116036,1.9330929487179487,3.333333333333333,0.865766094653398,30,0.0,0.0,0.11114501771531804,0.4932447619260779,0.9330929487179487,2.333333333333333,0.6677613592939514,0.43333333333333335,0.3333333333333333,0.16666666666666666,2.592295864232072,2.2222900354306363,1.706922058158918,0.9333333333333333,0.43333333333333335,0.43333333333333335,1.296147932116036,1.1111450177153182,0.4932447619260779
stableshots_discard,fake_sherbrooke,0.75,30,30,0.029236525344180198,0.11064292097353423,0.18908185360068375,0.2214036241045351,0.2794837011487438,0.663885,0.1586427631622059,30,0.0192435294117647,0.06641474906629313,0.13001438524590164,0.1676061758534843,0.20030063663821007,0.59012,0.14729190673052364,30,0.0025784130871193273,0.01941651135991129,0.05296902505948975,0.05379744825105074,0.07970855714112338,0.12027134928827019,0.03468152275008799,30,0.0,156.25,512.5,691.6666666666666,975.0,2075.0,643.8814590693953,30,0.0,0.030388276918587687,0.10604166666666667,0.11737008617461163,0.19330929487179488,0.3333333333333333,0.09720282483230515,30,1550.0,6950.0,12031.25,17086.666666666668,31934.375,35000.0,12806.662014515061,30,1450.0,6512.5,10975.0,16395.0,30337.5,35000.0,12842.42262836406,30,-250.0,3.125,418.75,601.6666666666666,859.375,2075.0,691.1052284432591,30,-0.10386872450183324,0.0,0.04152461792868769,0.03473437342101458,0.066640046567011,0.12027134928827019,0.045585718034055485,30,-0.18766270402339852,-0.06424486811041698,-0.04660901957308028,-0.04704993756828588,-0.01922974562315565,0.0018262499999999737,0.03887808844537528,30,-0.3015583742331288,-0.14708675956164252,-0.1110971177032123,-0.10084738581933662,-0.03642041240409205,-0.00359000000000001,0.06836227506343845,30,700.0,2512.5,4962.5,7045.0,13231.25,15000.0,5491.087606608392,30,550.0,1875.0,3850.0,6353.333333333333,11562.5,15000.0,5578.436521373038,30,0.0025784130871193255,0.019416511359911282,0.05296902505948975,0.05379744825105074,0.07970855714112335,0.12027134928827019,0.034681522750088,30,0.0009239605456671032,0.018670479302832263,0.05302824919378507,0.051792170257827945,0.07366574904068085,0.13903151360544214,0.034662052362856494,30,0.005934660155471401,0.0415676574368486,0.1138053447820932,0.11160545248854713,0.1716458017843843,0.2578683742331288,0.07212910025555909,30,0.002585024797452361,0.01890355753713212,0.05598749777439801,0.05129621857192943,0.07722584207947042,0.11861327961314533,0.03251279670122734,30,0.0,156.25,512.5,691.6666666666666,975.0,2075.0,643.8814590693953,30,0.0,118.75,537.5,710.8333333333334,1062.5,2300.0,688.8484685645154,30,0.0,375.0,1000.0,1345.0,1975.0,3700.0,1227.3007949884618,30,0.0,166.47770855815787,490.97242381328834,642.4590536894672,987.1113647617663,1912.0233610846217,591.8233348341736,30,0.10832499999999967,1.4988310137314933,2.2222900354306363,2.592295864232072,3.8661858974358974,6.666666666666666,1.731532189306796,30,0.0,0.4988310137314932,1.222290035430636,1.706922058158918,2.8661858974358974,5.666666666666666,1.5862223540382128,30,0.054162499999999836,0.7494155068657467,1.1111450177153182,1.296147932116036,1.9330929487179487,3.333333333333333,0.865766094653398,30,0.0,0.0,0.11114501771531804,0.4932447619260779,0.9330929487179487,2.333333333333333,0.6677613592939514,0.43333333333333335,0.3333333333333333,0.16666666666666666,2.592295864232072,2.2222900354306363,1.706922058158918,0.9333333333333333,0.43333333333333335,0.43333333333333335,1.296147932116036,1.1111450177153182,0.4932447619260779
stableshots_discard,fake_sherbrooke,0.9,30,30,0.029236525344180198,0.11064292097353423,0.18908185360068375,0.2214036241045351,0.2794837011487438,0.663885,0.1586427631622059,30,0.0192435294117647,0.06641474906629313,0.13001438524590164,0.1676061758534843,0.20030063663821007,0.59012,0.14729190673052364,30,0.0025784130871193273,0.01941651135991129,0.05296902505948975,0.05379744825105074,0.07970855714112338,0.12027134928827019,0.03468152275008799,30,0.0,156.25,512.5,691.6666666666666,975.0,2075.0,643.8814590693953,30,0.0,0.030388276918587687,0.10604166666666667,0.11737008617461163,0.19330929487179488,0.3333333333333333,0.09720282483230515,30,1700.0,7612.5,13081.25,18590.0,34728.125,38000.0,13905.429663909385,30,1600.0,7162.5,12050.0,17898.333333333332,33100.0,38000.0,13938.191661101851,30,-250.0,3.125,418.75,601.6666666666666,859.375,2075.0,691.1052284432591,30,-0.10386872450183324,0.0,0.04152461792868769,0.03473437342101458,0.066640046567011,0.12027134928827019,0.045585718034055485,30,-0.18766270402339852,-0.06424486811041698,-0.04660901957308028,-0.04704993756828588,-0.01922974562315565,0.0018262499999999737,0.03887808844537528,30,-0.3015583742331288,-0.14708675956164252,-0.1110971177032123,-0.10084738581933662,-0.03642041240409205,-0.00359000000000001,0.06836227506343845,30,850.0,3187.5,6037.5,8548.333333333334,16106.25,18000.0,6584.303871425161,30,750.0,2587.5,4925.0,7856.666666666667,14450.0,18000.0,6656.947800830986,30,0.0025784130871193255,0.019416511359911282,0.05296902505948975,0.05379744825105074,0.07970855714112335,0.12027134928827019,0.034681522750088,30,0.0009239605456671032,0.018670479302832263,0.05302824919378507,0.051792170257827945,0.07366574904068085,0.13903151360544214,0.034662052362856494,30,0.005934660155471401,0.0415676574368486,0.1138053447820932,0.11160545248854713,0.1716458017843843,0.2578683742331288,0.07212910025555909,30,0.002585024797452361,0.01890355753713212,0.05598749777439801,0.05129621857192943,0.07722584207947042,0.11861327961314533,0.03251279670122734,30,0.0,156.25,512.5,691.6666666666666,975.0,2075.0,643.8814590693953,30,0.0,118.75,537.5,710.8333333333334,1062.5,2300.0,688.8484685645154,30,0.0,375.0,1000.0,1345.0,1975.0,3700.0,1227.3007949884618,30,0.0,166.47770855815787,490.97242381328834,642.4590536894672,987.1113647617663,1912.0233610846217,591.8233348341736,30,0.10832499999999967,1.4988310137314933,2.2222900354306363,2.592295864232072,3.8661858974358974,6.666666666666666,1.731532189306796,30,0.0,0.4988310137314932,1.222290035430636,1.706922058158918,2.8661858974358974,5.666666666666666,1.5862223540382128,30,0.054162499999999836,0.7494155068657467,1.1111450177153182,1.296147932116036,1.9330929487179487,3.333333333333333,0.865766094653398,30,0.0,0.0,0.11114501771531804,0.4932447619260779,0.9330929487179487,2.333333333333333,0.6677613592939514,0.43333333333333335,0.3333333333333333,0.16666666666666666,2.592295864232072,2.2222900354306363,1.706922058158918,0.9333333333333333,0.43333333333333335,0.43333333333333335,1.296147932116036,1.1111450177153182,0.4932447619260779
stableshots_discard,fake_torino,0.1,30,30,0.028791244189165,0.11162941835328119,0.19186732092336906,0.22663545948049754,0.29173331040287565,0.67325625,0.16198541039345307,30,0.0192435294117647,0.06641474906629313,0.13001438524590164,0.16776100918681763,0.20030063663821007,0.59012,0.14744909938939568,30,0.003297499999999981,0.0218110199232447,0.06065856755483781,0.05887445029367988,0.09323564980614599,0.1487056702097303,0.03938517204050942,30,0.0,262.5,493.75,725.0,1025.0,2100.0,668.1888154582118,30,0.0,0.04740222156544013,0.12124311148791861,0.11949871793014019,0.20057249894470242,0.2687074829931973,0.08988171912692362,30,1012.5,4118.75,7462.5,10573.333333333334,19793.75,22000.0,8044.545119406125,30,950.0,3562.5,6325.0,9848.333333333334,18262.5,22000.0,8107.643087653871,30,-387.5,3.125,412.5,628.3333333333334,987.5,2100.0,728.4544140392954,30,-0.09803015141115573,0.0,0.042052395706465455,0.037998175880544084,0.06941700475422487,0.1487056702097303,0.04957720478743366,30,-0.06687291243234161,-0.04158225265017716,-0.01194803908955891,-0.020890760688473516,-0.0009122184612391166,0.008833750000000029,0.02209671486344823,30,-0.18315802721088434,-0.10983657637845956,-0.087719803907777,-0.07976521098215339,-0.02949133986928108,0.00464500000000001,0.05054493405657646,30,-787.5,18.75,375.0,638.3333333333334,1046.875,2000.0,854.2738228272104,30,-2000.0,-850.0,-550.0,-86.66666666666667,512.5,2000.0,1278.396984733112,30,0.0032975000000000088,0.0218110199232447,0.06065856755483781,0.05887445029367988,0.09323564980614597,0.14870567020973033,0.03938517204050942,30,0.0024025000000000157,0.02318961142222116,0.0581899580495265,0.06016174312877866,0.09311517318292788,0.14663215330289625,0.041728404078461914,30,0.008385000000000004,0.04086485684853648,0.12425029247520371,0.11517431491716225,0.17998062689969602,0.3015583742331288,0.0758955911805831,30,0.003704885288372635,0.01939298667383725,0.06439490314340121,0.05547833835183971,0.08372788366453522,0.15300644661603272,0.03685493568826204,30,0.0,262.5,493.75,725.0,1025.0,2100.0,668.1888154582118,30,0.0,162.5,512.5,727.5,1087.5,2300.0,713.2172735641957,30,0.0,500.0,1150.0,1445.0,1975.0,4000.0,1270.4431754584562,30,0.0,251.15055711083048,510.4909568030623,688.0621765075339,1052.155745015801,1951.0680835549194,608.0881072104107,30,0.06594999999999962,1.6814187500000002,2.679217630455236,2.6755543656195515,4.011449978894047,5.374149659863946,1.5610899261827065,30,0.0,0.6814187500000003,1.679217630455236,1.7802702751574075,3.011449978894048,4.374149659863946,1.4044010552536208,30,0.03297499999999981,0.8407093750000001,1.339608815227618,1.3377771828097758,2.0057249894470237,2.687074829931973,0.7805449630913532,30,0.0,0.0,0.339608815227618,0.5135206146491432,1.005724989447024,1.6870748299319729,0.568432619251944,0.4,0.26666666666666666,0.13333333333333333,2.6755543656195515,2.679217630455236,1.7802702751574075,0.9,0.43333333333333335,0.4,1.3377771828097758,1.339608815227618,0.5135206146491432
stableshots_discard,fake_torino,0.25,30,30,0.028791244189165,0.11162941835328119,0.19186732092336906,0.22663545948049754,0.29173331040287565,0.67325625,0.16198541039345307,30,0.0192435294117647,0.06641474906629313,0.13001438524590164,0.16776100918681763,0.20030063663821007,0.59012,0.14744909938939568,30,0.003297499999999981,0.0218110199232447,0.06065856755483781,0.05887445029367988,0.09323564980614599,0.1487056702097303,0.03938517204050942,30,0.0,262.5,493.75,725.0,1025.0,2100.0,668.1888154582118,30,0.0,0.04740222156544013,0.12124311148791861,0.11949871793014019,0.20057249894470242,0.2687074829931973,0.08988171912692362,30,1162.5,4643.75,8512.5,12065.0,22681.25,25000.0,9143.668550913551,30,1100.0,4162.5,7375.0,11340.0,21150.0,25000.0,9199.975637149151,30,-387.5,3.125,412.5,628.3333333333334,987.5,2100.0,728.4544140392954,30,-0.09803015141115573,0.0,0.042052395706465455,0.037998175880544084,0.06941700475422487,0.1487056702097303,0.04957720478743366,30,-0.06687291243234161,-0.04158225265017716,-0.01194803908955891,-0.020890760688473516,-0.0009122184612391166,0.008833750000000029,0.02209671486344823,30,-0.18315802721088434,-0.10983657637845956,-0.087719803907777,-0.07976521098215339,-0.02949133986928108,0.00464500000000001,0.05054493405657646,30,25.0,509.375,1487.5,2130.0,3543.75,5000.0,1860.8332625559128,30,-1150.0,-150.0,675.0,1405.0,2250.0,5000.0,2093.0653152238474,30,0.0032975000000000088,0.0218110199232447,0.06065856755483781,0.05887445029367988,0.09323564980614597,0.14870567020973033,0.03938517204050942,30,0.0024025000000000157,0.02318961142222116,0.0581899580495265,0.06016174312877866,0.09311517318292788,0.14663215330289625,0.041728404078461914,30,0.008385000000000004,0.04086485684853648,0.12425029247520371,0.11517431491716225,0.17998062689969602,0.3015583742331288,0.0758955911805831,30,0.003704885288372635,0.01939298667383725,0.06439490314340121,0.05547833835183971,0.08372788366453522,0.15300644661603272,0.03685493568826204,30,0.0,262.5,493.75,725.0,1025.0,2100.0,668.1888154582118,30,0.0,162.5,512.5,727.5,1087.5,2300.0,713.2172735641957,30,0.0,500.0,1150.0,1445.0,1975.0,4000.0,1270.4431754584562,30,0.0,251.15055711083048,510.4909568030623,688.0621765075339,1052.155745015801,1951.0680835549194,608.0881072104107,30,0.06594999999999962,1.6814187500000002,2.679217630455236,2.6755543656195515,4.011449978894047,5.374149659863946,1.5610899261827065,30,0.0,0.6814187500000003,1.679217630455236,1.7802702751574075,3.011449978894048,4.374149659863946,1.4044010552536208,30,0.03297499999999981,0.8407093750000001,1.339608815227618,1.3377771828097758,2.0057249894470237,2.687074829931973,0.7805449630913532,30,0.0,0.0,0.339608815227618,0.5135206146491432,1.005724989447024,1.6870748299319729,0.568432619251944,0.4,0.26666666666666666,0.13333333333333333,2.6755543656195515,2.679217630455236,1.7802702751574075,0.9,0.43333333333333335,0.4,1.3377771828097758,1.339608815227618,0.5135206146491432
stableshots_discard,fake_torino,0.5,30,30,0.028791244189165,0.11162941835328119,0.19186732092336906,0.22663545948049754,0.29173331040287565,0.67325625,0.16198541039345307,30,0.0192435294117647,0.06641474906629313,0.13001438524590164,0.16776100918681763,0.20030063663821007,0.59012,0.14744909938939568,30,0.003297499999999981,0.0218110199232447,0.06065856755483781,0.05887445029367988,0.09323564980614599,0.1487056702097303,0.03938517204050942,30,0.0,262.5,493.75,725.0,1025.0,2100.0,668.1888154582118,30,0.0,0.04740222156544013,0.12124311148791861,0.11949871793014019,0.20057249894470242,0.2687074829931973,0.08988171912692362,30,1412.5,5609.375,10268.75,14555.0,27493.75,30000.0,10971.928621368888,30,1350.0,5125.0,9150.0,13830.0,25962.5,30000.0,11020.283806346088,30,-387.5,3.125,412.5,628.3333333333334,987.5,2100.0,728.4544140392954,30,-0.09803015141115573,0.0,0.042052395706465455,0.037998175880544084,0.06941700475422487,0.1487056702097303,0.04957720478743366,30,-0.06687291243234161,-0.04158225265017716,-0.01194803908955891,-0.020890760688473516,-0.0009122184612391166,0.008833750000000029,0.02209671486344823,30,-0.18315802721088434,-0.10983657637845956,-0.087719803907777,-0.07976521098215339,-0.02949133986928108,0.00464500000000001,0.05054493405657646,30,412.5,1543.75,3262.5,4620.0,8328.125,10000.0,3656.628664446962,30,150.0,687.5,2275.0,3895.0,6412.5,10000.0,3784.139997045746,30,0.0032975000000000088,0.0218110199232447,0.06065856755483781,0.05887445029367988,0.09323564980614597,0.14870567020973033,0.03938517204050942,30,0.0024025000000000157,0.02318961142222116,0.0581899580495265,0.06016174312877866,0.09311517318292788,0.14663215330289625,0.041728404078461914,30,0.008385000000000004,0.04086485684853648,0.12425029247520371,0.11517431491716225,0.17998062689969602,0.3015583742331288,0.0758955911805831,30,0.003704885288372635,0.01939298667383725,0.06439490314340121,0.05547833835183971,0.08372788366453522,0.15300644661603272,0.03685493568826204,30,0.0,262.5,493.75,725.0,1025.0,2100.0,668.1888154582118,30,0.0,162.5,512.5,727.5,1087.5,2300.0,713.2172735641957,30,0.0,500.0,1150.0,1445.0,1975.0,4000.0,1270.4431754584562,30,0.0,251.15055711083048,510.4909568030623,688.0621765075339,1052.155745015801,1951.0680835549194,608.0881072104107,30,0.06594999999999962,1.6814187500000002,2.679217630455236,2.6755543656195515,4.011449978894047,5.374149659863946,1.5610899261827065,30,0.0,0.6814187500000003,1.679217630455236,1.7802702751574075,3.011449978894048,4.374149659863946,1.4044010552536208,30,0.03297499999999981,0.8407093750000001,1.339608815227618,1.3377771828097758,2.0057249894470237,2.687074829931973,0.7805449630913532,30,0.0,0.0,0.339608815227618,0.5135206146491432,1.005724989447024,1.6870748299319729,0.568432619251944,0.4,0.26666666666666666,0.13333333333333333,2.6755543656195515,2.679217630455236,1.7802702751574075,0.9,0.43333333333333335,0.4,1.3377771828097758,1.339608815227618,0.5135206146491432
stableshots_discard,fake_torino,0.75,30,30,0.028791244189165,0.11162941835328119,0.19186732092336906,0.22663545948049754,0.29173331040287565,0.67325625,0.16198541039345307,30,0.0192435294117647,0.06641474906629313,0.13001438524590164,0.16776100918681763,0.20030063663821007,0.59012,0.14744909938939568,30,0.003297499999999981,0.0218110199232447,0.06065856755483781,0.05887445029367988,0.09323564980614599,0.1487056702097303,0.03938517204050942,30,0.0,262.5,493.75,725.0,1025.0,2100.0,668.1888154582118,30,0.0,0.04740222156544013,0.12124311148791861,0.11949871793014019,0.20057249894470242,0.2687074829931973,0.08988171912692362,30,1662.5,6609.375,11943.75,17031.666666666668,32306.25,35000.0,12810.606770693312,30,1600.0,6012.5,10900.0,16306.666666666666,30775.0,35000.0,12853.127442668234,30,-387.5,3.125,412.5,628.3333333333334,987.5,2100.0,728.4544140392954,30,-0.09803015141115573,0.0,0.042052395706465455,0.037998175880544084,0.06941700475422487,0.1487056702097303,0.04957720478743366,30,-0.06687291243234161,-0.04158225265017716,-0.01194803908955891,-0.020890760688473516,-0.0009122184612391166,0.008833750000000029,0.02209671486344823,30,-0.18315802721088434,-0.10983657637845956,-0.087719803907777,-0.07976521098215339,-0.02949133986928108,0.00464500000000001,0.05054493405657646,30,662.5,2731.25,5012.5,7096.666666666667,13068.75,15000.0,5485.1915980953745,30,600.0,1837.5,3875.0,6371.666666666667,11412.5,15000.0,5573.500777746445,30,0.0032975000000000088,0.0218110199232447,0.06065856755483781,0.05887445029367988,0.09323564980614597,0.14870567020973033,0.03938517204050942,30,0.0024025000000000157,0.02318961142222116,0.0581899580495265,0.06016174312877866,0.09311517318292788,0.14663215330289625,0.041728404078461914,30,0.008385000000000004,0.04086485684853648,0.12425029247520371,0.11517431491716225,0.17998062689969602,0.3015583742331288,0.0758955911805831,30,0.003704885288372635,0.01939298667383725,0.06439490314340121,0.05547833835183971,0.08372788366453522,0.15300644661603272,0.03685493568826204,30,0.0,262.5,493.75,725.0,1025.0,2100.0,668.1888154582118,30,0.0,162.5,512.5,727.5,1087.5,2300.0,713.2172735641957,30,0.0,500.0,1150.0,1445.0,1975.0,4000.0,1270.4431754584562,30,0.0,251.15055711083048,510.4909568030623,688.0621765075339,1052.155745015801,1951.0680835549194,608.0881072104107,30,0.06594999999999962,1.6814187500000002,2.679217630455236,2.6755543656195515,4.011449978894047,5.374149659863946,1.5610899261827065,30,0.0,0.6814187500000003,1.679217630455236,1.7802702751574075,3.011449978894048,4.374149659863946,1.4044010552536208,30,0.03297499999999981,0.8407093750000001,1.339608815227618,1.3377771828097758,2.0057249894470237,2.687074829931973,0.7805449630913532,30,0.0,0.0,0.339608815227618,0.5135206146491432,1.005724989447024,1.6870748299319729,0.568432619251944,0.4,0.26666666666666666,0.13333333333333333,2.6755543656195515,2.679217630455236,1.7802702751574075,0.9,0.43333333333333335,0.4,1.3377771828097758,1.339608815227618,0.5135206146491432
stableshots_discard,fake_torino,0.9,30,30,0.028791244189165,0.11162941835328119,0.19186732092336906,0.22663545948049754,0.29173331040287565,0.67325625,0.16198541039345307,30,0.0192435294117647,0.06641474906629313,0.13001438524590164,0.16776100918681763,0.20030063663821007,0.59012,0.14744909938939568,30,0.003297499999999981,0.0218110199232447,0.06065856755483781,0.05887445029367988,0.09323564980614599,0.1487056702097303,0.03938517204050942,30,0.0,262.5,493.75,725.0,1025.0,2100.0,668.1888154582118,30,0.0,0.04740222156544013,0.12124311148791861,0.11949871793014019,0.20057249894470242,0.2687074829931973,0.08988171912692362,30,1812.5,7209.375,12968.75,18520.0,35193.75,38000.0,13913.774881947647,30,1750.0,6575.0,11950.0,17795.0,33662.5,38000.0,13953.502526556573,30,-387.5,3.125,412.5,628.3333333333334,987.5,2100.0,728.4544140392954,30,-0.09803015141115573,0.0,0.042052395706465455,0.037998175880544084,0.06941700475422487,0.1487056702097303,0.04957720478743366,30,-0.06687291243234161,-0.04158225265017716,-0.01194803908955891,-0.020890760688473516,-0.0009122184612391166,0.008833750000000029,0.02209671486344823,30,-0.18315802721088434,-0.10983657637845956,-0.087719803907777,-0.07976521098215339,-0.02949133986928108,0.00464500000000001,0.05054493405657646,30,812.5,3318.75,6062.5,8585.0,15956.25,18000.0,6585.475299004097,30,750.0,2512.5,4925.0,7860.0,14412.5,18000.0,6660.400215789045,30,0.0032975000000000088,0.0218110199232447,0.06065856755483781,0.05887445029367988,0.09323564980614597,0.14870567020973033,0.03938517204050942,30,0.0024025000000000157,0.02318961142222116,0.0581899580495265,0.06016174312877866,0.09311517318292788,0.14663215330289625,0.041728404078461914,30,0.008385000000000004,0.04086485684853648,0.12425029247520371,0.11517431491716225,0.17998062689969602,0.3015583742331288,0.0758955911805831,30,0.003704885288372635,0.01939298667383725,0.06439490314340121,0.05547833835183971,0.08372788366453522,0.15300644661603272,0.03685493568826204,30,0.0,262.5,493.75,725.0,1025.0,2100.0,668.1888154582118,30,0.0,162.5,512.5,727.5,1087.5,2300.0,713.2172735641957,30,0.0,500.0,1150.0,1445.0,1975.0,4000.0,1270.4431754584562,30,0.0,251.15055711083048,510.4909568030623,688.0621765075339,1052.155745015801,1951.0680835549194,608.0881072104107,30,0.06594999999999962,1.6814187500000002,2.679217630455236,2.6755543656195515,4.011449978894047,5.374149659863946,1.5610899261827065,30,0.0,0.6814187500000003,1.679217630455236,1.7802702751574075,3.011449978894048,4.374149659863946,1.4044010552536208,30,0.03297499999999981,0.8407093750000001,1.339608815227618,1.3377771828097758,2.0057249894470237,2.687074829931973,0.7805449630913532,30,0.0,0.0,0.339608815227618,0.5135206146491432,1.005724989447024,1.6870748299319729,0.568432619251944,0.4,0.26666666666666666,0.13333333333333333,2.6755543656195515,2.679217630455236,1.7802702751574075,0.9,0.43333333333333335,0.4,1.3377771828097758,1.339608815227618,0.5135206146491432
stableshots_keep,fake_fez,0.1,30,30,0.028325522062876522,0.1253170114606609,0.20921185214149116,0.2351199798525198,0.30215226330616235,0.6680412499999999,0.15974084071459665,30,0.022516690140845,0.06706245933636949,0.1399530004616094,0.16946622172788028,0.20299368211941105,0.589935,0.14429652164957757,30,0.0038987500000000064,0.021752828029362674,0.0748993276644711,0.06565375812463953,0.09752964663053673,0.1658426388888889,0.04347206611118968,30,0.0,200.0,481.25,842.0833333333334,1362.5,2850.0,861.412253454929,30,0.0,0.0338460996902281,0.15061274509803924,0.16963092542478983,0.2573529411764706,0.5192307692307693,0.14829478695548917,30,950.0,3771.875,6912.5,9738.75,18340.625,20000.0,7301.3124336868605,30,750.0,3175.0,5275.0,8896.666666666666,16275.0,20000.0,7316.925740968715,30,-200.0,153.125,481.25,822.0833333333334,1362.5,2850.0,878.8197618684816,30,-0.006429556901736522,0.0014522079805078802,0.0583618044569829,0.054993751135061414,0.09446691999328832,0.1658426388888889,0.047954820532289735,30,-0.008935000000000026,0.018274843134670763,0.04288479025745147,0.04220656885389084,0.06296388735830133,0.12958989556416878,0.03323515198464947,30,-0.08557340206185571,-0.033058894023858115,-0.01711989715133956,-0.023447189270748684,-0.0069698863324794,0.012888888888888901,0.024760280832146406,30,-950.0,0.0,431.25,508.75,862.5,1850.0,661.6263758397912,30,-1550.0,-550.0,-275.0,-333.3333333333333,0.0,350.0,465.9682787289379,30,0.0038987500000000064,0.02175282802936268,0.07489932766447116,0.06565375812463953,0.09752964663053676,0.1658426388888889,0.04347206611118968,30,0.0023575000000000124,0.024982603328797585,0.09033730703259008,0.07847051849034134,0.11255268223411341,0.1939801851851852,0.0525224722918032,30,0.008510000000000018,0.037046105459855545,0.1141115529510684,0.10567399551787544,0.16292457066869304,0.2754101851851852,0.06980344393893165,30,0.003862971654050807,0.016016188227877617,0.05223294188093292,0.047067975494950835,0.07172418996532554,0.12234349069753549,0.030871283944345487,30,0.0,200.0,481.25,842.0833333333334,1362.5,2850.0,861.412253454929,30,0.0,225.0,525.0,999.1666666666666,1531.25,3800.0,1081.655088225936,30,0.0,350.0,900.0,1370.0,2275.0,4100.0,1317.625869142862,30,0.0,149.92548158120283,393.0356750502559,618.3915160751501,1041.5677852630438,1900.0,597.2412531286479,30,0.07797500000000013,1.6548234685145418,3.0122549019607843,3.620728618449095,5.147058823529412,10.384615384615385,2.7561093589525205,30,0.0,0.6548234685145418,2.0122549019607843,2.7474005311872096,4.147058823529412,9.384615384615385,2.607624832042644,30,0.038987500000000064,0.8274117342572709,1.5061274509803921,1.8103643092245476,2.573529411764706,5.1923076923076925,1.3780546794762603,30,0.0,0.0,0.5061274509803921,1.0001973401146977,1.573529411764706,4.1923076923076925,1.1801028254802173,0.3333333333333333,0.3333333333333333,0.23333333333333334,3.620728618449095,3.0122549019607843,2.7474005311872096,0.8,0.4,0.36666666666666664,1.8103643092245476,1.5061274509803921,1.0001973401146977
stableshots_keep,fake_fez,0.25,30,30,0.02863503139863555,0.12190024777421118,0.20135090426040403,0.22703327776983454,0.28963201083844947,0.65567125,0.15601389815077935,30,0.0159410240963855,0.07493764534883715,0.14528557692307692,0.17157007486028372,0.20375370435121523,0.58809,0.14259657027446823,30,0.0025905934923542567,0.016251343701860828,0.06404175548559446,0.055463202909550834,0.08192142083702282,0.141175,0.03690144484906456,30,0.0,184.375,512.5,787.5,1334.375,2475.0,747.2434976817036,30,0.0,0.05167697178310386,0.14694767441860465,0.16695135322969348,0.27523058773058773,0.43666666666666665,0.1395971692089899,30,1062.5,3875.0,6862.5,9745.833333333334,18412.5,20000.0,7302.1211589195245,30,900.0,3100.0,5725.0,8958.333333333334,16675.0,20000.0,7368.632064755785,30,-325.0,0.0,475.0,715.8333333333334,1334.375,2475.0,801.9906089111076,30,-0.009679476798085753,0.0,0.04746774519421376,0.04228517532753542,0.07755935797362914,0.141175,0.0430179467008477,30,-0.01946250000000005,0.015384708497849033,0.034778366548090675,0.03411986677120561,0.052670864346952846,0.10894744186046512,0.03071907952146854,30,-0.06770000000000004,-0.03148814878821395,-0.017151363716689086,-0.021343336138345225,-0.005012108883076641,0.010994152046783601,0.02144341864504714,30,-850.0,6.25,418.75,515.8333333333334,865.625,2050.0,652.3162752748898,30,-1650.0,-487.5,-150.0,-271.6666666666667,0.0,500.0,442.5013799575858,30,0.00259059349235425,0.016251343701860828,0.06404175548559446,0.055463202909550834,0.08192142083702285,0.141175,0.03690144484906456,30,0.0006762109709352003,0.01842432951115571,0.07802659836448672,0.06626474957233566,0.09302079670329673,0.16565249999999998,0.044499703560262054,30,0.007476209649427287,0.028156715785131875,0.0968786352500951,0.08932331249353205,0.1354846618541034,0.23339499999999996,0.05926665594826741,30,0.0033100884065978328,0.012984349054544733,0.04404563460888872,0.039866152343671996,0.05956146259752939,0.10421565629341237,0.02614561391454887,30,0.0,184.375,512.5,787.5,1334.375,2475.0,747.2434976817036,30,0.0,181.25,537.5,927.5,1587.5,3175.0,951.8210767097803,30,0.0,450.0,1025.0,1295.0,2162.5,3600.0,1107.1359446788817,30,0.0,213.58526256123162,467.8755991129848,596.1825807137665,992.5227399881733,1662.5783189572353,513.8984395931133,30,0.05390000000000006,1.5842798076923077,2.9389534883720927,3.542144242341367,5.504611754611754,8.733333333333333,2.593501696542189,30,0.0,0.5842798076923076,1.9389534883720927,2.6599028105906246,4.504611754611754,7.7333333333333325,2.4463513522363978,30,0.02695000000000003,0.7921399038461538,1.4694767441860463,1.7710721211706835,2.752305877305877,4.366666666666666,1.2967508482710945,30,0.0,0.0,0.46947674418604635,0.9521520448684183,1.752305877305877,3.3666666666666663,1.1049651121767288,0.4,0.26666666666666666,0.13333333333333333,3.542144242341367,2.9389534883720927,2.6599028105906246,0.9,0.36666666666666664,0.36666666666666664,1.7710721211706835,1.4694767441860463,0.9521520448684183
stableshots_keep,fake_fez,0.5,30,30,0.027424948240165576,0.11192822775628623,0.18875668183321123,0.21626959642823115,0.2760827643205345,0.6442225,0.15319124351451932,30,0.02,0.07555777669632922,0.14723506756756755,0.17648440922088357,0.2128045922882427,0.60147,0.14453516507841532,30,0.0010062499999999863,0.013327275222028138,0.04188743544980855,0.039785187207347576,0.05700769300144296,0.09910337845757144,0.026513020945459504,30,0.0,153.125,543.75,726.25,1153.125,2787.5,698.5541564422608,30,0.0,0.025725946741603105,0.11283577913194875,0.1593704303311502,0.2748015873015873,0.4864864864864865,0.14655803627789435,30,850.0,3871.875,6837.5,9804.583333333334,18456.25,20000.0,7269.006361545944,30,600.0,3125.0,6100.0,9078.333333333334,16725.0,20000.0,7327.365845232858,30,-275.0,0.0,350.0,619.5833333333334,1153.125,2787.5,777.5797118838257,30,-0.011739460316580824,0.0,0.006307171089779776,0.027149029919649705,0.056512503698576584,0.09910337845757144,0.03213852438165455,30,-0.03424874999999994,0.004145690346790865,0.02679798881671066,0.023356185429602175,0.040761386190376316,0.07952458575013532,0.02701295920170264,30,-0.05198500000000006,-0.025270010385510154,-0.010490019027194444,-0.0164290017777454,-0.004528846489304319,0.007687074829931917,0.016170631674010994,30,-375.0,0.0,425.0,574.5833333333334,1075.0,1787.5,647.9117926785667,30,-1000.0,-337.5,-50.0,-151.66666666666666,37.5,350.0,363.5275764650802,30,0.0010062500000000002,0.013327275222028137,0.04188743544980854,0.03978518720734758,0.057007693001443,0.09910337845757149,0.02651302094545951,30,0.00041423862074539686,0.0134752375833626,0.04959251664126515,0.0468074856402872,0.06521637752120482,0.11580363963119236,0.0319658434889141,30,0.0027900000000000147,0.02635862572138735,0.0690007578397213,0.06552577754881593,0.09442456929354798,0.16480623456790122,0.042478690115437735,30,0.001233810999842908,0.01078833225531188,0.030134637985340565,0.028944070827194086,0.04078986366628426,0.07392633033518921,0.018697365828504058,30,0.0,153.125,543.75,726.25,1153.125,2787.5,698.5541564422608,30,0.0,81.25,550.0,823.3333333333334,1337.5,3675.0,878.6974424694196,30,0.0,450.0,1125.0,1258.3333333333333,2050.0,3800.0,1071.100250735867,30,0.0,193.71217541225735,472.52748440275695,564.870624173637,867.3149819719436,1862.0665043619324,487.2191913334109,30,0.020124999999999726,1.1082124999999996,2.256715582638975,3.2960752732896705,5.496031746031746,9.72972972972973,2.8237600416027755,30,0.0,0.10821249999999955,1.256715582638975,2.441848231599328,4.496031746031746,8.72972972972973,2.6707013906127877,30,0.010062499999999863,0.5541062499999998,1.1283577913194875,1.6480376366448353,2.748015873015873,4.864864864864865,1.4118800208013877,30,0.0,0.0,0.12835779131948755,0.9020734556964036,1.748015873015873,3.864864864864865,1.181592505573953,0.6,0.26666666666666666,0.2,3.2960752732896705,2.256715582638975,2.441848231599328,1.0,0.43333333333333335,0.43333333333333335,1.6480376366448353,1.1283577913194875,0.9020734556964036
stableshots_keep,fake_fez,0.75,30,30,0.0314371980676328,0.10686947280470267,0.17771993167491223,0.20882670576730566,0.26228545362931177,0.6443675,0.15216803639137086,30,0.0266666666666666,0.0816745454545454,0.15466970588235296,0.18325649349102377,0.22347359659266108,0.622,0.14863412176047897,30,0.001273190605984284,0.009184506595676456,0.025511875000000017,0.025570212276281923,0.03526871107305409,0.06478236871039444,0.017870396029764375,30,0.0,146.875,506.25,672.0833333333334,1184.375,1900.0,597.7209169338395,30,0.0,0.03254345147033826,0.10319767441860465,0.15244336424016086,0.21879664179104477,0.45384615384615384,0.14787467745695168,30,1025.0,4025.0,7200.0,9905.416666666666,18437.5,20000.0,7226.459018752727,30,900.0,3112.5,6450.0,9233.333333333334,17137.5,20000.0,7346.537224802057,30,-437.5,6.25,418.75,597.0833333333334,1184.375,1900.0,661.9645146668822,30,-0.004316976127320876,0.00017372421227947188,0.022864347365130835,0.021828597391824058,0.03526871107305409,0.06478236871039444,0.020798858710675466,30,-0.026466250000000024,0.0059841444299641635,0.01719516680275099,0.015913294768676697,0.029914790709839018,0.05178236871039435,0.019332880661732624,30,-0.03145500000000001,-0.015909839743589754,-0.008278055903212303,-0.009656917507605226,-0.0030434629414022307,0.008888888888888901,0.01032943512642268,30,-725.0,146.875,537.5,675.4166666666666,1128.125,2100.0,689.8547708648955,30,-1100.0,-37.5,0.0,3.3333333333333335,187.5,550.0,356.69298431209893,30,0.001273190605984277,0.009184506595676456,0.025511875000000017,0.025570212276281916,0.035268711073054085,0.06478236871039443,0.017870396029764375,30,0.000534968749048001,0.01074405823824394,0.03012576748105726,0.02973988835690364,0.039701179523343864,0.07472098742078881,0.021116284609250014,30,0.002845000000000014,0.015249909906217949,0.0429050083547524,0.04280107239132038,0.062453173966076775,0.1096875000000001,0.029475737317926024,30,0.0013257765020293906,0.006575610325933072,0.018671426267719515,0.018743994655784874,0.027249247225969636,0.04629717510883285,0.012795369310963844,30,0.0,146.875,506.25,672.0833333333334,1184.375,1900.0,597.7209169338395,30,0.0,150.0,525.0,761.6666666666666,1206.25,2500.0,718.5273893147028,30,0.0,287.5,1075.0,1165.0,1975.0,2900.0,998.8053208536272,30,0.0,152.00317547305482,504.45157894709354,521.5875307443947,892.6810828278996,1314.9778198382917,443.41679232763033,30,0.033999999999999586,0.6508690294067653,2.063953488372093,3.102697284803217,4.375932835820895,9.076923076923077,2.90333229458463,30,0.0,0.0,1.0639534883720931,2.2904818390024526,3.375932835820895,8.076923076923077,2.726072822124968,30,0.016999999999999793,0.32543451470338264,1.0319767441860466,1.5513486424016085,2.1879664179104474,4.538461538461538,1.451666147292315,30,0.0,0.0,0.05232558139534882,0.8372017890134489,1.1879664179104474,3.5384615384615383,1.2142326368127834,0.8666666666666667,0.3,0.3,3.102697284803217,2.063953488372093,2.2904818390024526,1.0,0.5,0.5,1.5513486424016085,1.0319767441860466,0.8372017890134489
stableshots_keep,fake_fez,0.9,30,30,0.024166666666666625,0.09884422858557686,0.17327978445401804,0.2042604803385757,0.25401012387918964,0.6475475,0.15395509392620596,30,0.0233333333333333,0.08435092672413785,0.16043125,0.1875126418268102,0.23256940913935514,0.639445,0.15350125815623478,30,0.0005300000000000304,0.003797240426406637,0.013249721285258146,0.016747838511765468,0.029486810098228386,0.050933891183076174,0.01379217265916332,30,0.0,75.0,556.25,630.0,1075.0,1625.0,558.8492641133206,30,0.0,0.016058031465203515,0.07803045582896329,0.1545414596978663,0.30465686274509807,0.5138888888888888,0.1720639624991238,30,900.0,4109.375,7050.0,9893.333333333334,18465.625,20000.0,7220.123289535432,30,900.0,3275.0,6375.0,9263.333333333334,17250.0,20000.0,7325.90977442314,30,-362.5,0.0,506.25,571.6666666666666,1075.0,1625.0,616.2310126239512,30,-0.004016624214524998,0.0,0.01022649435942001,0.014547899603547286,0.029486810098228386,0.050933891183076174,0.015496817668611112,30,-0.013534999999999964,-0.00012895833333332555,0.00979920321132495,0.011347069339946695,0.023338821453796718,0.044933891183076086,0.014452863521041828,30,-0.014414629629629583,-0.008112522332599247,-0.005368782268303035,-0.005400769171818768,-0.002117273158683575,0.0037837837837837035,0.0048340694256316956,30,-287.5,0.0,506.25,663.3333333333334,1156.25,2112.5,692.1351065703333,30,-500.0,-75.0,0.0,33.333333333333336,237.5,700.0,276.7836617329478,30,0.0005300000000000027,0.0037972404264066386,0.013249721285258153,0.016747838511765457,0.02948681009822839,0.0509338911830762,0.013792172659163326,30,0.00033250000000001334,0.0033575135109988,0.013786666666666654,0.018678939895278367,0.031851197083135926,0.057906542056074845,0.015917490827036578,30,0.001454999999999984,0.008439533132530076,0.024354446238879106,0.02963347425650509,0.04811121791020865,0.08792248062015512,0.02372489957298381,30,0.0006412357860672809,0.0037756061871843253,0.01059903946989793,0.012806691816667604,0.02149590575684907,0.036786184946536,0.010084045019543464,30,0.0,75.0,556.25,630.0,1075.0,1625.0,558.8492641133206,30,0.0,0.0,575.0,673.3333333333334,1225.0,1900.0,654.425693647298,30,0.0,250.0,1050.0,1173.3333333333333,2075.0,2950.0,976.6880465275926,30,0.0,109.31247497997998,454.3820556954736,515.1689539206351,891.0485149630293,1218.2637919049662,420.9026343640325,30,0.010600000000000609,0.3211606293040703,1.5606091165792657,3.112520582846215,6.0931372549019605,10.277777777777777,3.42157617248889,30,0.0,0.0,0.5606091165792658,2.4033414878808954,5.0931372549019605,9.277777777777777,3.177830708201436,30,0.0053000000000003045,0.16058031465203515,0.7803045582896329,1.5562602914231074,3.0465686274509802,5.138888888888888,1.710788086244445,30,0.0,0.0,0.0,0.9374224691379872,2.0465686274509802,4.138888888888888,1.4202104174754058,0.9666666666666667,0.36666666666666664,0.36666666666666664,3.112520582846215,1.5606091165792657,2.4033414878808954,1.0,0.6,0.6,1.5562602914231074,0.7803045582896329,0.9374224691379872
stableshots_keep,fake_kyiv,0.1,30,30,0.0323452908465408,0.11741006652661062,0.19078340188625456,0.2239029372911935,0.28253188816123864,0.6573275,0.15664778903352752,30,0.024,0.0769478405572755,0.1449818309859155,0.17829135291010575,0.21939448646125112,0.59671,0.14604524090025958,30,0.0032621827384327028,0.018290527041780975,0.047022951870463035,0.04561158438108784,0.06556699793717469,0.11087913452295128,0.029092972848658933,30,0.0,118.75,506.25,597.5,887.5,1750.0,532.4228938832688,30,0.0,0.027198808978469994,0.09301257082152975,0.09531104675060471,0.13932582032494426,0.26904761904761904,0.07302351888143446,30,937.5,3621.875,6562.5,9595.833333333334,17965.625,20000.0,7314.337989858347,30,800.0,2850.0,5650.0,8998.333333333334,16650.0,20000.0,7350.011533339923,30,-212.5,0.0,293.75,495.8333333333333,840.625,1750.0,579.5856625468621,30,-0.005212908322591886,0.0007632844754694376,0.033385384754242436,0.035216070598052256,0.060795507295884885,0.11087913452295128,0.03276126503186194,30,-0.12034153799166863,-0.08648951045840925,-0.05393315902287525,-0.05134710500799306,-0.01179021560077521,0.0131017614347761,0.040742831660919125,30,-0.23122067251461992,-0.155381406839523,-0.09684343746141505,-0.09695868938908088,-0.03227488363363358,0.009839578696343398,0.06744908722380567,30,-1937.5,-1025.0,-481.25,-582.5,-28.125,662.5,628.4353860841691,30,-3250.0,-1787.5,-875.0,-1180.0,-62.5,100.0,1092.7346272161606,30,0.003262182738432702,0.018290527041780982,0.04702295187046303,0.04561158438108784,0.0655669979371747,0.11087913452295123,0.029092972848658933,30,0.0016329065888619036,0.0151196759259259,0.04837449611629261,0.04558487704241478,0.06656935516417244,0.11009746918425486,0.029626221471324977,30,0.008440000000000003,0.041368984096072675,0.0963017896082412,0.09127658343952177,0.1294272043745727,0.26798067251461993,0.06033222250541229,30,0.003718539980063859,0.018617949411958976,0.04768713852724411,0.04282824782390323,0.06158453869755171,0.1219527464390801,0.02760771599871666,30,0.0,118.75,506.25,597.5,887.5,1750.0,532.4228938832688,30,0.0,106.25,550.0,600.8333333333334,868.75,2025.0,550.0581212759332,30,0.0,262.5,1075.0,1188.3333333333333,1750.0,3950.0,1064.9334877509175,30,0.0,117.57315776835108,453.10196176904645,542.6030353244603,820.1811571606918,1766.8238923748645,502.44946157593535,30,0.0846250000000004,1.2177667703288213,1.9984458608750393,2.0783245321819868,2.7865164064988845,5.3809523809523805,1.305618103919092,30,0.0,0.2177667703288214,0.9984458608750393,1.212522191733363,1.7865164064988845,4.3809523809523805,1.1332536887767923,30,0.0423125000000002,0.6088833851644107,0.9992229304375196,1.0391622660909934,1.3932582032494423,2.6904761904761902,0.652809051959546,30,0.0,0.0,0.00347222222222221,0.283341270539934,0.39325820324944233,1.6904761904761902,0.4137610969450134,0.5333333333333333,0.3,0.2,2.0783245321819868,1.9984458608750393,1.212522191733363,0.9666666666666667,0.5333333333333333,0.5,1.0391622660909934,0.9992229304375196,0.283341270539934
stableshots_keep,fake_kyiv,0.25,30,30,0.02853629820216795,0.12766110325786406,0.20363244135723396,0.23152179734759837,0.29482857428451176,0.6610437499999999,0.1581242827666262,30,0.0215384615384615,0.09348281417830284,0.153972816091954,0.19461402945260317,0.2465743617021276,0.60747,0.14786129272919615,30,0.0016301488822562243,0.015457281835770584,0.0375926045426188,0.036907767894995135,0.05299958548262178,0.08875860906411209,0.022970908273519285,30,0.0,153.125,400.0,478.3333333333333,681.25,1625.0,454.0755734861562,30,0.0,0.016273774757572353,0.0802850566572238,0.0810435741277503,0.12141284542969936,0.2619047619047619,0.06728111285393919,30,925.0,3709.375,6900.0,9716.666666666666,18284.375,20000.0,7286.759021693382,30,650.0,3237.5,6200.0,9238.333333333334,17025.0,20000.0,7320.856876233741,30,-350.0,0.0,143.75,350.0,550.0,1625.0,509.42623235056965,30,-0.02479030632984905,0.0,0.01542824856964875,0.02185586215633737,0.04187579440849652,0.08875860906411209,0.027829438733479685,30,-0.09920692765905181,-0.07249848288900825,-0.041936671728246624,-0.0437282449515883,-0.014489072062242082,0.00929276879040325,0.03302507055013305,30,-0.1879655367231639,-0.12906452623906714,-0.07661518000458614,-0.08063601284658345,-0.030991317567567525,0.003976925133689798,0.05359184338084468,30,-1412.5,-871.875,-368.75,-461.6666666666667,-31.25,637.5,495.387489111116,30,-2850.0,-1250.0,-725.0,-940.0,-275.0,50.0,852.4204887584368,30,0.0016301488822562174,0.015457281835770593,0.0375926045426188,0.03690776789499514,0.0529995854826218,0.08875860906411205,0.02297090827351929,30,0.0013292063190846887,0.015853729603729577,0.038656545536484746,0.03695498605374361,0.054415053842160624,0.08351311561243924,0.022924151918551777,30,0.0038621828908554923,0.03577935746352412,0.07461451621477934,0.07372109947249332,0.1026820749289727,0.21609053672316386,0.04859271311306293,30,0.0016817913145037956,0.015926837123116277,0.03921351354291036,0.03451850256321103,0.04980291887304052,0.09802081363327157,0.022153844830159867,30,0.0,153.125,400.0,478.3333333333333,681.25,1625.0,454.0755734861562,30,0.0,75.0,325.0,485.0,600.0,1825.0,511.32013050736515,30,0.0,262.5,750.0,943.3333333333334,1375.0,3200.0,838.3824052729543,30,0.0,123.17036833176824,349.98214438791365,440.03222194774685,628.935229716636,1451.7231140957974,395.6617899789853,30,0.08837499999999998,1.1006812499999996,1.6761363636363638,1.7893790789714568,2.4282569085939874,5.238095238095238,1.2026241061424254,30,0.0,0.10068124999999961,0.6761363636363636,0.9397164443847951,1.4282569085939874,4.238095238095238,1.026000125536748,30,0.04418749999999999,0.5503406249999998,0.8380681818181819,0.8946895394857284,1.2141284542969937,2.619047619047619,0.6013120530712127,30,0.0,0.0,0.0,0.1856575161149029,0.21412845429699362,1.619047619047619,0.36876491472591416,0.6333333333333333,0.3333333333333333,0.2,1.7893790789714568,1.6761363636363638,0.9397164443847951,1.0,0.6333333333333333,0.6333333333333333,0.8946895394857284,0.8380681818181819,0.1856575161149029
stableshots_keep,fake_kyiv,0.5,30,30,0.023628941049535397,0.12911873514829417,0.22252759226848562,0.24358002278481505,0.3055053863557688,0.6723675,0.16311312797055805,30,0.0216695348837209,0.1044795127353266,0.18795616883116878,0.21857627757279122,0.28462449591280653,0.63754,0.15512871955284072,30,0.0010950000000000126,0.0111420453710231,0.02809292918438818,0.0250037452120238,0.03447696708056475,0.058540493478391575,0.015443417941248152,30,0.0,178.125,293.75,324.5833333333333,487.5,912.5,248.128410975715,30,0.0,0.030928938356164382,0.051305147058823525,0.059409637649569684,0.07487941297208538,0.225,0.052919074818034886,30,937.5,4159.375,7106.25,9994.583333333334,18712.5,20000.0,7246.346198297091,30,750.0,3700.0,6775.0,9670.0,17975.0,20000.0,7286.129950472501,30,-375.0,0.0,68.75,146.25,381.25,912.5,322.73998689026905,30,-0.02507392739913572,-0.0016561985899491947,0.0019042179995151735,0.009156759925069069,0.02534945971259974,0.058540493478391575,0.021012246278638853,30,-0.06885583074241935,-0.05042299344260351,-0.032567466775854814,-0.03167001951437158,-0.012511560798812701,0.004437856252144851,0.02286183376185795,30,-0.1264082152230972,-0.08647460474712952,-0.062347066167291,-0.05667376472639539,-0.027408007028112434,0.0024260054719561983,0.03578581771740875,30,-1125.0,-365.625,-75.0,-183.75,18.75,737.5,360.5274811372531,30,-1650.0,-837.5,-375.0,-508.3333333333333,-75.0,350.0,502.7653413927287,30,0.0010949999999999988,0.011142045371023094,0.02809292918438818,0.025003745212023802,0.03447696708056477,0.058540493478391575,0.01544341794124815,30,0.0006324999999999942,0.009037233519992197,0.027360202371387088,0.025169541294211752,0.03773367922088333,0.052228540564373954,0.015678594366052775,30,0.0023050000000000015,0.024794442522328552,0.05411514519434,0.049675898259671704,0.07054990896732549,0.14453321522309714,0.03245906942948315,30,0.0011213607804805767,0.010924043362591956,0.026117295313005592,0.02313983607194525,0.032166684959976134,0.0656090341228301,0.014815220204658352,30,0.0,178.125,293.75,324.5833333333333,487.5,912.5,248.128410975715,30,0.0,118.75,237.5,319.1666666666667,456.25,1000.0,271.7030685716751,30,0.0,350.0,575.0,660.0,1025.0,1700.0,504.7020288556749,30,0.0,147.72299596903332,265.6795940696175,304.56113478383907,453.6773397158175,871.1821470469498,243.53600517694045,30,0.021900000000000253,0.7752976190476191,1.1485566448801743,1.2924315224220122,1.4975882594417076,4.5,0.9768564990381018,30,0.0,0.0,0.14855664488017428,0.4826459600600644,0.4975882594417075,3.5,0.8190207083748765,30,0.010950000000000126,0.38764880952380953,0.5742783224400871,0.6462157612110061,0.7487941297208538,2.25,0.4884282495190509,30,0.0,0.0,0.0,0.08305280924361898,0.0,1.25,0.2676153134059743,0.9666666666666667,0.5,0.4666666666666667,1.2924315224220122,1.1485566448801743,0.4826459600600644,1.0,0.8666666666666667,0.8666666666666667,0.6462157612110061,0.5742783224400871,0.08305280924361898
stableshots_keep,fake_kyiv,0.75,30,30,0.019441723651030026,0.13912190345495035,0.23599399820635747,0.25687305544748185,0.3287190507238112,0.701375,0.17114856076972035,30,0.017802469879518,0.11737440191387555,0.2132033559478837,0.2417227143837461,0.31006050068060065,0.683245,0.16761981126539133,30,0.000556271712158829,0.009243090843263236,0.015136610514790066,0.015150341063735785,0.020207357352954373,0.034681589854636985,0.009678825600813457,30,0.0,34.375,243.75,243.33333333333334,362.5,987.5,220.20105755224344,30,0.0,0.00475933908045977,0.03568753344034243,0.05014884597039085,0.06369485294117647,0.16279069767441862,0.050552094291566554,30,1012.5,4090.625,7400.0,10203.333333333334,19090.625,20000.0,7193.0603929128765,30,950.0,3825.0,7225.0,9960.0,18637.5,20000.0,7246.180920390719,30,-512.5,-206.25,0.0,-56.666666666666664,12.5,425.0,203.0938857690738,30,-0.025484194770283575,-0.008770724695247714,0.0,-0.0025417161211044735,0.0008113857645812902,0.015399982951965707,0.010482429056045298,30,-0.045267822221263854,-0.02763025535646671,-0.019367719058901167,-0.01837698685170476,-0.0058423523803862645,0.004408324008499498,0.01364352532288192,30,-0.07533696078431368,-0.05137375000000005,-0.033242926934818895,-0.03352732791544055,-0.014506217700258433,-0.0008387931034483029,0.021014816341570867,30,-925.0,-140.625,0.0,25.0,146.875,1137.5,388.8533098119703,30,-1600.0,-337.5,-175.0,-218.33333333333334,0.0,700.0,439.53018281933197,30,0.0005562717121588272,0.009243090843263226,0.015136610514790084,0.015150341063735785,0.02020735735295438,0.03468158985463697,0.009678825600813455,30,0.0005025000000000168,0.007604241094951947,0.014389016748373631,0.015377646257708495,0.020719027844313502,0.04176231743618794,0.010744947082382182,30,0.0011085483870968,0.01774965955806783,0.030223995675043552,0.029846071739526147,0.04237296659477785,0.07183000000000006,0.01856176472497243,30,0.0005047205757048299,0.00806240164010995,0.01466942342835337,0.013813714984534672,0.01833744469566868,0.03248009133813104,0.008453596397432137,30,0.0,34.375,243.75,243.33333333333334,362.5,987.5,220.20105755224344,30,0.0,6.25,225.0,245.83333333333334,387.5,1100.0,249.48942114720577,30,0.0,87.5,475.0,481.6666666666667,737.5,1750.0,410.9457832629618,30,0.0,43.30127018922193,214.81239178993349,215.1362205770074,331.65528599675224,766.3495721057503,180.49983582078406,30,0.016374999999999584,0.4063814377683783,0.7137506688068486,1.0676979963379496,1.2738970588235294,3.255813953488372,0.9559987954716683,30,0.0,0.0,0.0,0.4022763237410002,0.2738970588235293,2.255813953488372,0.7126863931010146,30,0.008187499999999792,0.20319071888418916,0.3568753344034243,0.5338489981689748,0.6369485294117647,1.627906976744186,0.47799939773583416,30,0.0,0.0,0.0,0.07697573384173605,0.0,0.627906976744186,0.1685931466734065,1.0,0.5666666666666667,0.5666666666666667,1.0676979963379496,0.7137506688068486,0.4022763237410002,1.0,0.8,0.8,0.5338489981689748,0.3568753344034243,0.07697573384173605
stableshots_keep,fake_kyiv,0.9,30,30,0.01955177818828675,0.13984932097839134,0.24236027322981815,0.2659653868948499,0.34415596956754313,0.72139625,0.1774799725760865,30,0.0190877777777777,0.12527777777777777,0.23545315656565655,0.2565581489081336,0.33250925847457624,0.71509,0.17686949981125155,30,0.0004640004105090495,0.00570602678571425,0.009554186819386374,0.009407237986716336,0.012494773508021792,0.02100378227380073,0.005768947370479038,30,0.0,93.75,281.25,252.91666666666666,362.5,637.5,192.18804025248804,30,0.0,0.014963806497175141,0.03988311937152711,0.04971679846603413,0.07083333333333333,0.1744186046511628,0.04435375246297128,30,1187.5,4246.875,7462.5,10304.583333333334,19246.875,20000.0,7155.467588860275,30,1050.0,4050.0,7075.0,10051.666666666666,18900.0,20000.0,7224.198837973295,30,-687.5,-293.75,-100.0,-143.75,0.0,200.0,214.47484982369505,30,-0.01626958673054757,-0.007096496358446863,-0.0028698293276087014,-0.0037182854640104863,0.0,0.0033405916030534444,0.004684512662445328,30,-0.024582808140142576,-0.013310578435545152,-0.010849265267175556,-0.0092846554043367,-0.004267380642040582,0.00078204769823359,0.00662458546468404,30,-0.045586590413943306,-0.02443362189308823,-0.019108546511627952,-0.018691893391053038,-0.011494156839477054,-0.0001557516339870009,0.010809865323508708,30,-737.5,0.0,43.75,126.25,337.5,1000.0,333.38568195265145,30,-1100.0,-275.0,0.0,-126.66666666666667,0.0,550.0,339.04870297422724,30,0.00046400041050905037,0.005706026785714264,0.009554186819386377,0.009407237986716338,0.01249477350802178,0.02100378227380073,0.005768947370479036,30,0.0001700793650794008,0.005959687655074988,0.009280037878787922,0.010121712458707572,0.015203790901288212,0.02386616799180999,0.006826500465020707,30,0.0014104186372395008,0.010226607142857119,0.017546504329004328,0.017385527029450207,0.02434162464985984,0.0368247550925207,0.010238801358314384,30,0.0006137428743731838,0.004509389445146626,0.008172345396558037,0.00801845314902616,0.011097370622202236,0.019216158909423263,0.0049004207566012824,30,0.0,93.75,281.25,252.91666666666666,362.5,637.5,192.18804025248804,30,0.0,12.5,275.0,255.83333333333334,350.0,750.0,212.4044748105374,30,0.0,212.5,550.0,500.0,700.0,1200.0,375.7750611093346,30,0.0,89.81285244735787,241.83068869415294,222.78528668185112,330.3372476541636,526.584909265986,165.91368214965325,30,0.02054999999999918,0.2992761299435028,0.7976623874305422,1.0202651359873491,1.4166666666666665,3.488372093023256,0.8585477661459793,30,0.0,0.0,0.0,0.34676338369217646,0.4166666666666665,2.488372093023256,0.6048281206580218,30,0.01027499999999959,0.1496380649717514,0.3988311937152711,0.5101325679936746,0.7083333333333333,1.744186046511628,0.42927388307298964,30,0.0,0.0,0.0,0.04512790312208916,0.0,0.7441860465116279,0.14748296932442925,1.0,0.5666666666666667,0.5666666666666667,1.0202651359873491,0.7976623874305422,0.34676338369217646,1.0,0.8333333333333334,0.8333333333333334,0.5101325679936746,0.3988311937152711,0.04512790312208916
stableshots_keep,fake_marrakesh,0.1,30,30,0.031070732714138252,0.1280306817582999,0.21044799330742714,0.2381385557573243,0.3037113941871763,0.67485,0.16175370989725982,30,0.0205761764705882,0.0825160526315789,0.15601423469387754,0.18741125943392467,0.23452893632462446,0.639445,0.15403701838140108,30,0.0030244767518736865,0.024986619730750656,0.053875715091023804,0.050727296323399625,0.07089647513806505,0.14188142617573346,0.0331567468299361,30,0.0,193.75,425.0,716.25,1084.375,2087.5,644.1058189726924,30,0.0,0.032239680859724826,0.12227337743608081,0.16756106172718818,0.3017857142857143,0.43014705882352944,0.14611233275936347,30,1000.0,3728.125,6993.75,9794.583333333334,18415.625,20000.0,7333.313426533847,30,900.0,2987.5,5525.0,9078.333333333334,16750.0,20000.0,7417.996329213833,30,-300.0,0.0,412.5,652.9166666666666,1084.375,2087.5,702.1571084059874,30,-0.06589832357974423,0.0,0.03820711855018402,0.03722481186548229,0.07089647513806505,0.14188142617573346,0.04458998805099209,30,-0.013602500000000073,0.018529470747294823,0.07830225833410653,0.06821373280597068,0.10455062092364364,0.17266677519877816,0.050957949729178956,30,-0.01697000000000004,-0.0039030142320085753,0.012757303264400291,0.01748643648257105,0.031075874077567248,0.0885175438596491,0.027062626807734008,30,-400.0,140.625,500.0,864.5833333333334,1490.625,3150.0,973.6456294677284,30,-950.0,-37.5,25.0,148.33333333333334,300.0,1550.0,507.4417468407399,30,0.003024476751873676,0.024986619730750656,0.053875715091023804,0.05072729632339963,0.07089647513806506,0.14188142617573352,0.03315674682993611,30,0.002058785560830549,0.028762254629822535,0.06264718383770951,0.05860329584783766,0.08286865592937853,0.16148383974642494,0.03932218809681623,30,0.005910000000000026,0.041239172074020655,0.08996418765808209,0.08570259359792318,0.11826569404788047,0.24455802521008413,0.055607224118736504,30,0.0025702869489611555,0.018433599267419856,0.04107418282693321,0.03808703730435627,0.050863629210963116,0.10844595327921168,0.024411029283426325,30,0.0,193.75,425.0,716.25,1084.375,2087.5,644.1058189726924,30,0.0,200.0,512.5,836.6666666666666,1281.25,2600.0,792.1689271837178,30,0.0,375.0,750.0,1191.6666666666667,1987.5,3150.0,1030.5742735646631,30,0.0,169.62524675260124,318.14346742015647,530.687097468485,912.9714663669041,1462.51780615941,461.4947405366822,30,0.06734999999999935,1.0430796757538157,2.6878112222436563,3.498988288541951,6.035714285714286,8.602941176470589,2.7852990110359737,30,0.0,0.04307967575381577,1.6878112222436565,2.626838849644304,5.035714285714286,7.602941176470589,2.6425707270194194,30,0.03367499999999968,0.5215398378769078,1.3439056111218282,1.7494941442709755,3.017857142857143,4.301470588235294,1.3926495055179868,30,0.0,0.0,0.34390561112182827,0.98347119166048,2.017857142857143,3.3014705882352944,1.1603750939595827,0.4,0.3,0.2,3.498988288541951,2.6878112222436563,2.626838849644304,0.9666666666666667,0.43333333333333335,0.4,1.7494941442709755,1.3439056111218282,0.98347119166048
stableshots_keep,fake_marrakesh,0.25,30,30,0.028946567613846244,0.12118415426939108,0.2021189737071449,0.22666771312154158,0.28870905216238846,0.6491475,0.15582174089480721,30,0.0199447435897436,0.08300649109014673,0.15352363636363636,0.18266549132324197,0.22685277925531908,0.622,0.14966665720305392,30,0.002839652161905057,0.021805784930016312,0.045980625000000025,0.04400222179829967,0.061430014838039074,0.12276366379310344,0.029294015969430164,30,0.0,184.375,475.0,667.9166666666666,1146.875,2162.5,618.8985221723561,30,0.0,0.03501189694781753,0.1255454342029202,0.16173792479672375,0.31338562753036436,0.46311475409836067,0.14770773448390942,30,750.0,3809.375,7012.5,9802.916666666666,18687.5,20000.0,7331.747571330634,30,450.0,2837.5,6225.0,9135.0,16950.0,20000.0,7403.880040571458,30,-262.5,0.0,387.5,591.25,1146.875,2162.5,674.1625552209712,30,-0.051307199445370766,0.0,0.03459521530062364,0.03350523813391116,0.060477310536795295,0.12276366379310344,0.03748257424945455,30,-0.02538499999999999,0.01636013290556133,0.0657277297905415,0.056742890170188,0.08621872163857694,0.14761215296876096,0.04639556264717569,30,-0.029249999999999998,-0.006563783760915223,0.01093018455815195,0.012740668371888334,0.024776663787547462,0.07764749999999992,0.02500275027662912,30,-262.5,56.25,587.5,872.9166666666666,1393.75,3050.0,945.942351558098,30,-500.0,-75.0,50.0,205.0,375.0,1400.0,503.3251502722189,30,0.00283965216190505,0.021805784930016316,0.04598062500000001,0.04400222179829968,0.06143001483803907,0.12276366379310345,0.02929401596943016,30,0.0021608482665968487,0.023610858540193985,0.05153086165156197,0.05088369892025316,0.0728913122307946,0.14002738505747128,0.03490371932206878,30,0.006689999999999974,0.036653757725690295,0.078124590737359,0.07424148935269236,0.09471682897294804,0.21099988505747125,0.048588089334994165,30,0.0028355422761792717,0.01666695156701287,0.03494744919275772,0.03307936935236441,0.04358621109514315,0.09397558201860769,0.021384662421025505,30,0.0,184.375,475.0,667.9166666666666,1146.875,2162.5,618.8985221723561,30,0.0,162.5,500.0,786.6666666666666,1325.0,2850.0,802.9775765896251,30,0.0,387.5,925.0,1098.3333333333333,1750.0,2950.0,894.9555309057822,30,0.0,199.6317284311864,409.5204624560588,514.7240428026812,793.4744780904387,1444.7462291581407,433.87056942939245,30,0.07730000000000015,1.0179438728077599,2.54222630358453,3.3314977344770114,6.267712550607287,9.262295081967213,2.8565377259245324,30,0.0,0.058706372807759755,1.5422263035845298,2.4819387944991984,5.267712550607287,8.262295081967213,2.7005592364773183,30,0.03865000000000007,0.5089719364038799,1.271113151792265,1.6657488672385057,3.1338562753036436,4.631147540983607,1.4282688629622662,30,0.0,0.0,0.2711131517922649,0.9171214495607364,2.1338562753036436,3.6311475409836067,1.199420211384769,0.6,0.26666666666666666,0.26666666666666666,3.3314977344770114,2.54222630358453,2.4819387944991984,0.9666666666666667,0.43333333333333335,0.43333333333333335,1.6657488672385057,1.271113151792265,0.9171214495607364
stableshots_keep,fake_marrakesh,0.5,30,30,0.02773932499701405,0.10986116465613724,0.18800837291593442,0.2106038615394751,0.263202228953308,0.61700375,0.14736016256647763,30,0.0211099999999999,0.07848809210526309,0.148880368852459,0.1765186389058807,0.21487642385898767,0.60147,0.1446002208910574,30,0.000443749999999965,0.01594047087104073,0.033852031262057984,0.03408522263359446,0.049598414226467644,0.09076816170920077,0.022837337299280797,30,0.0,190.625,625.0,662.9166666666666,971.875,1800.0,542.3893830230197,30,0.0,0.04453189726594864,0.10859817199566091,0.1708534905445455,0.27101328903654487,0.5961538461538461,0.1602281682542989,30,862.5,4000.0,7093.75,9871.25,18371.875,20000.0,7263.8223987455285,30,700.0,3125.0,6500.0,9208.333333333334,16937.5,20000.0,7365.016133293814,30,-637.5,0.0,462.5,549.5833333333334,971.875,1800.0,644.5768738206234,30,-0.0036548245614034802,0.0,0.02513650454244332,0.027867290743131386,0.049598414226467644,0.09076816170920077,0.027317986931789,30,-0.03237374999999998,0.013876240660678829,0.05017569596932396,0.040679038588121524,0.059669833723314025,0.10840371042938596,0.03727551945255235,30,-0.03878499999999996,-0.0037275400319748218,0.006712196843276237,0.006593815954527071,0.014977698354251341,0.0598051459854014,0.01987084323339683,30,-487.5,75.0,718.75,941.25,1506.25,2987.5,964.0585791151476,30,-1000.0,-37.5,75.0,278.3333333333333,500.0,1850.0,623.9036360900911,30,0.0004437499999999789,0.015940470871040748,0.03385203126205799,0.03408522263359446,0.04959841422646765,0.09076816170920075,0.022837337299280797,30,0.0003299999999999692,0.014678221153846193,0.03773430443285405,0.03915460460356198,0.05965607589599531,0.1036164076880644,0.027298076634659187,30,0.0011149999999999771,0.031076323529411733,0.05831112367417941,0.05803168132725388,0.08059335160933029,0.1558398314606742,0.03761432629077544,30,0.0004748925317023439,0.013233107497587642,0.026257458416600918,0.02569118895611564,0.0359328061413228,0.07008050167535462,0.01665157027595115,30,0.0,190.625,625.0,662.9166666666666,971.875,1800.0,542.3893830230197,30,0.0,137.5,675.0,747.5,1106.25,2300.0,679.609104178835,30,0.0,462.5,1150.0,1156.6666666666667,1837.5,2600.0,839.41002817592,30,0.0,212.05549099930238,519.1234511214357,523.28514182459,820.1672154298174,1208.9940722214758,380.37208690368914,30,0.0088749999999993,0.8906379453189727,2.1719634399132177,3.4760198108909095,5.4202657807308965,11.923076923076922,3.143032234945631,30,0.0,0.0,1.171963439913218,2.643505250623781,4.4202657807308965,10.923076923076922,2.9772737034921266,30,0.00443749999999965,0.44531897265948633,1.0859817199566089,1.7380099054454548,2.7101328903654482,5.961538461538461,1.5715161174728156,30,0.0,0.0,0.08598171995660897,1.0064043005242096,1.7101328903654482,4.961538461538461,1.3335809530544822,0.7666666666666667,0.3,0.3,3.4760198108909095,2.1719634399132177,2.643505250623781,1.0,0.4666666666666667,0.4666666666666667,1.7380099054454548,1.0859817199566089,1.0064043005242096
stableshots_keep,fake_marrakesh,0.75,30,30,0.027940280524668324,0.09962307072597942,0.16950180132710135,0.19685358732200078,0.24058067704778488,0.5962937500000001,0.1426685525535599,30,0.021901404494382,0.07593734056987787,0.14395411971830985,0.1723176319100591,0.20319198803704655,0.58809,0.14262595810206333,30,0.0010074999999999945,0.009098204806312812,0.02204341133377094,0.02453595541194161,0.03760096289831657,0.06342466805897023,0.018056946681738344,30,0.0,150.0,693.75,746.6666666666666,1321.875,1750.0,627.9493628461222,30,0.0,0.02790492957746479,0.14875776397515528,0.18518145641071382,0.28908668730650156,0.6442307692307693,0.17669428752058253,30,1000.0,4043.75,7037.5,9830.0,18131.25,20000.0,7219.76424058675,30,850.0,3212.5,5900.0,9083.333333333334,16862.5,20000.0,7362.3147284613915,30,-275.0,0.0,612.5,671.6666666666666,1321.875,1750.0,695.0016538473667,30,-0.003732527694509779,0.0,0.01970256443591116,0.021376852039965605,0.03760096289831657,0.06342466805897023,0.020742089686564495,30,-0.02487000000000006,0.0066757670454546045,0.0322676777823004,0.026928764370647156,0.041761427245802216,0.0871412095809343,0.027312747300483668,30,-0.026510000000000034,-0.004107499999999993,0.0013282558781088014,0.002392808958705535,0.008517499999999983,0.03967973282442741,0.013224618223384997,30,-837.5,159.375,818.75,900.0,1475.0,3162.5,936.0477257210694,30,-1050.0,0.0,50.0,153.33333333333334,287.5,1550.0,515.7741642480235,30,0.0010075000000000084,0.009098204806312769,0.022043411333770933,0.02453595541194161,0.03760096289831657,0.06342466805897026,0.018056946681738344,30,0.0008150000000000102,0.008848342086834677,0.02117763630655375,0.02756201735477585,0.04530224785703975,0.07200313046010483,0.021334157588499367,30,0.0024000000000000132,0.019734999999999964,0.04335186764455055,0.043019786938214746,0.06383580556344268,0.10969241131567137,0.03000420207062787,30,0.0010058868392286199,0.008839360147915438,0.018510992337674573,0.0188184802975804,0.02843794199608151,0.04596933477246716,0.0129754742669139,30,0.0,150.0,693.75,746.6666666666666,1321.875,1750.0,627.9493628461222,30,0.0,150.0,750.0,840.8333333333334,1587.5,2250.0,764.9228982256218,30,0.0,262.5,1450.0,1305.0,2225.0,3150.0,1030.931115796415,30,0.0,111.62788051488798,614.9093601751147,577.9452260829386,1039.8299263644465,1320.9844813622906,455.49819142826647,30,0.02014999999999989,0.5580985915492958,2.975155279503105,3.73331746154761,5.781733746130031,12.884615384615385,3.502507731915665,30,0.0,0.05809859154929575,1.9751552795031053,2.950514163538618,4.781733746130031,11.884615384615385,3.2868207679750476,30,0.010074999999999945,0.2790492957746479,1.4875776397515525,1.866658730773805,2.8908668730650153,6.4423076923076925,1.7512538659578325,30,0.0,0.0,0.48757763975155266,1.1282523751363938,1.8908668730650153,5.4423076923076925,1.5141668344118213,0.9333333333333333,0.26666666666666666,0.26666666666666666,3.73331746154761,2.975155279503105,2.950514163538618,1.0,0.36666666666666664,0.36666666666666664,1.866658730773805,1.4875776397515525,1.1282523751363938
stableshots_keep,fake_marrakesh,0.9,30,30,0.02806251245292905,0.09208321911868528,0.16039513990324655,0.19026774104445338,0.23193674166392042,0.5919512499999999,0.14260868717507824,30,0.0225409523809523,0.07500050895164262,0.1453203947368421,0.171913066188176,0.20333910026646032,0.588455,0.14349728039864987,30,0.0008399999999999519,0.004002577517994171,0.01593000076747316,0.018354674856277304,0.0331065551411828,0.0546874924141279,0.015970234575702152,30,0.0,31.25,537.5,663.3333333333334,1118.75,1900.0,618.6481833099034,30,0.0,0.003973988439306358,0.08823529411764706,0.166656621046538,0.2878560126582278,0.6442307692307693,0.18452935978609922,30,850.0,4015.625,6918.75,9908.333333333334,18118.75,20000.0,7185.395369024269,30,850.0,3237.5,6500.0,9245.0,16687.5,20000.0,7270.077431641906,30,-312.5,0.0,462.5,598.3333333333334,1118.75,1900.0,674.7104530109926,30,-0.001929203752798439,0.0,0.014896936639009116,0.016723847713718116,0.0331065551411828,0.0546874924141279,0.017212629599200207,30,-0.01299500000000009,0.0024435224723947137,0.021219605914221916,0.020342918093099717,0.03624002440756916,0.07065584509307202,0.022242919906942018,30,-0.014480000000000048,-0.0015658790061944955,0.0005688639050775435,0.001988243236822415,0.004060321399030994,0.03298534482758611,0.009250577748663384,30,-550.0,21.875,968.75,978.3333333333334,1709.375,3150.0,965.3977502003792,30,-550.0,0.0,100.0,315.0,425.0,2250.0,566.0129765784283,30,0.0008399999999999797,0.004002577517994213,0.01593000076747316,0.018354674856277307,0.03310655514118279,0.05468749241412789,0.015970234575702142,30,0.0004654220297684586,0.0031311251704916722,0.016478932393461227,0.020080840659942496,0.038100310568257786,0.062043815997086985,0.01834701329929625,30,0.0019649999999999945,0.008775000000000005,0.0316048772146198,0.033257018105224245,0.05444313728600375,0.09466233766233759,0.02763767499855188,30,0.0009252657275975803,0.0038329699533851827,0.013572265049790805,0.01443902024314502,0.024246846076810435,0.03956848429779001,0.011868385474303316,30,0.0,31.25,537.5,663.3333333333334,1118.75,1900.0,618.6481833099034,30,0.0,31.25,550.0,705.0,1187.5,2525.0,718.3674019176615,30,0.0,50.0,1050.0,1243.3333333333333,2350.0,3100.0,1098.6459796066006,30,0.0,21.650635094610966,455.31480964936765,544.591969363444,999.5487365208808,1322.560647632715,477.42439759485046,30,0.016799999999999038,0.1733985187861271,1.7647058823529411,3.3474260185437186,5.7571202531645564,12.884615384615385,3.6773542591428536,30,0.0,0.0,0.7647058823529412,2.6336462295370544,4.7571202531645564,11.884615384615385,3.4322942415951347,30,0.008399999999999519,0.08669925939306355,0.8823529411764706,1.6737130092718593,2.8785601265822782,6.4423076923076925,1.8386771295714268,30,0.0,0.0,0.0,1.0272656692174775,1.8785601265822782,5.4423076923076925,1.563858129006947,0.9666666666666667,0.3333333333333333,0.3333333333333333,3.3474260185437186,1.7647058823529411,2.6336462295370544,1.0,0.5333333333333333,0.5333333333333333,1.6737130092718593,0.8823529411764706,1.0272656692174775
stableshots_keep,fake_sherbrooke,0.1,30,30,0.030514620953370902,0.11583520218517192,0.19532858924175964,0.22502013195213882,0.28710130986039906,0.6595175,0.15721294915763095,30,0.0231578947368421,0.07647055473372777,0.1410781626506024,0.17705790591263978,0.21481971153846152,0.592705,0.14536986066690907,30,0.0027440527118202246,0.01719472070338893,0.04547404357814498,0.04796222603949903,0.07165727372412428,0.10507201830002874,0.030981034043417312,30,0.0,203.125,525.0,627.9166666666666,1021.875,2012.5,579.1332269350723,30,0.0,0.04410042242703533,0.08550801701570682,0.1046417268710022,0.1724537037037037,0.27439024390243905,0.08424149636064177,30,1000.0,3628.125,6631.25,9579.583333333334,17875.0,20000.0,7322.184850452452,30,900.0,3000.0,5350.0,8951.666666666666,16562.5,20000.0,7385.184182015967,30,-225.0,0.0,312.5,534.5833333333334,931.25,2012.5,622.6739762886566,30,-0.02748123425292233,0.0,0.03606716765873019,0.03406255962772126,0.06487168153626682,0.10507201830002874,0.03781283624054795,30,-0.17172802631578948,-0.056228618926486285,-0.03994990316858807,-0.043433429720682114,-0.024332752681628746,0.002033192381942401,0.034356442925249045,30,-0.2728021052631579,-0.12937765491452993,-0.0968054984713449,-0.09139565576018115,-0.03476797924901193,-0.0036592857142857017,0.06054232383701453,30,-2175.0,-825.0,-281.25,-462.0833333333333,-3.125,475.0,572.365434920693,30,-3650.0,-2037.5,-750.0,-1090.0,-87.5,150.0,1072.2519004091503,30,0.002744052711820228,0.017194720703388934,0.045474043578144975,0.04796222603949903,0.07165727372412427,0.10507201830002874,0.03098103404341731,30,0.0006128770866164548,0.01724603554340396,0.04599137627078805,0.045802161181750047,0.066024639747831,0.12078368601236714,0.030990132054202913,30,0.007349999999999968,0.0404666502576371,0.09746494047619046,0.10024458179449608,0.15565424165258873,0.22974210526315791,0.0642465800866864,30,0.0035050309080900603,0.019663529644427857,0.04783323965318531,0.046005860939654794,0.07076366154842632,0.10563067767264263,0.028757919678663386,30,0.0,203.125,525.0,627.9166666666666,1021.875,2012.5,579.1332269350723,30,0.0,168.75,400.0,622.5,943.75,2275.0,626.2349867427479,30,0.0,362.5,1025.0,1266.6666666666667,2200.0,3500.0,1104.249888427413,30,0.0,159.88588642631217,449.821287395464,584.7211251411288,973.0278114799701,1626.089378437319,522.8924146308993,30,0.10112499999999969,1.3594812820475535,1.710160340314136,2.278529353224859,3.4490740740740735,5.487804878048781,1.521878079889385,30,0.0,0.35948128204755336,0.7101603403141361,1.3905697449299275,2.4490740740740735,4.487804878048781,1.3837431028297746,30,0.050562499999999844,0.6797406410237767,0.855080170157068,1.1392646766124295,1.7245370370370368,2.7439024390243905,0.7609390399446925,30,0.0,0.0,0.0,0.36978717556501634,0.7245370370370369,1.7439024390243905,0.5526273669710772,0.5333333333333333,0.26666666666666666,0.16666666666666666,2.278529353224859,1.710160340314136,1.3905697449299275,0.9333333333333333,0.5666666666666667,0.5333333333333333,1.1392646766124295,0.855080170157068,0.36978717556501634
stableshots_keep,fake_sherbrooke,0.25,30,30,0.0248618989183417,0.12337241642674451,0.20643738595320937,0.2307900921624803,0.29263950485579004,0.6576912500000001,0.15728965931869116,30,0.0183104320987654,0.0885714285714285,0.14909157845109375,0.19144013749812194,0.2388194981916817,0.598825,0.14563186647715085,30,0.0022963100939481507,0.014620984570188263,0.03865783537475537,0.03934995466435842,0.059368127686950246,0.08316835498960501,0.024923907893071272,30,0.0,221.875,381.25,519.5833333333334,618.75,1737.5,493.47775485854464,30,0.0,0.03829809804313099,0.07887585812356979,0.09108643965895369,0.1458866325551647,0.29411764705882354,0.07740737662592595,30,1100.0,3884.375,6793.75,9734.583333333334,18181.25,20000.0,7282.898517196405,30,850.0,3462.5,5825.0,9215.0,16812.5,20000.0,7333.674691637108,30,-400.0,0.0,218.75,374.5833333333333,518.75,1737.5,543.9863570064928,30,-0.021394877568252202,0.0,0.025409770362537568,0.025291439817989467,0.0474790648900599,0.08316835498960501,0.0294984190689147,30,-0.1456147219334719,-0.04983500363356294,-0.033500045768594736,-0.03766346951034061,-0.0189253669358694,-0.0026256238859180686,0.02851715465059104,30,-0.22878307692307692,-0.10929115921800127,-0.0761945656908075,-0.07701342417469902,-0.037616250000000004,-0.009571833688699294,0.04871786172025609,30,-1650.0,-578.125,-81.25,-307.0833333333333,0.0,500.0,526.9737460471712,30,-3050.0,-1437.5,-400.0,-826.6666666666666,0.0,150.0,923.2376812565408,30,0.002296310093948147,0.014620984570188265,0.03865783537475536,0.03934995466435842,0.05936812768695026,0.083168354989605,0.024923907893071272,30,0.0006802694416276484,0.015323114385614426,0.03780958362106313,0.037497826107158114,0.05531647361267471,0.08744016438219146,0.02434490447227108,30,0.007081407927332702,0.03337748923959828,0.08035963310534773,0.08240416644311746,0.12778985208735247,0.19013307692307696,0.052635609062251315,30,0.003078955812825749,0.015015590127613668,0.03953664345167433,0.03755108740202376,0.05884792854303005,0.08658733878841049,0.02347427581378477,30,0.0,221.875,381.25,519.5833333333334,618.75,1737.5,493.47775485854464,30,0.0,143.75,325.0,486.6666666666667,650.0,1925.0,519.8944410984382,30,0.0,400.0,1000.0,1105.0,1725.0,3100.0,983.427328451283,30,0.0,168.38924856012426,430.8031149571623,496.87597945248206,784.2319070677289,1578.699359177252,446.8717383146916,30,0.09212499999999957,1.1879447045970761,1.6211572341065763,2.0073286066955394,2.9177326511032935,5.88235294117647,1.3952557824130278,30,0.0,0.18794470459707607,0.6211572341065763,1.1268135798138184,1.9177326511032935,4.88235294117647,1.258695174950564,30,0.046062499999999784,0.5939723522985381,0.8105786170532882,1.0036643033477697,1.4588663255516467,2.941176470588235,0.6976278912065139,30,0.0,0.0,0.0,0.2705182631537478,0.4588663255516468,1.941176470588235,0.4877926724533077,0.6333333333333333,0.36666666666666664,0.2,2.0073286066955394,1.6211572341065763,1.1268135798138184,1.0,0.6333333333333333,0.6333333333333333,1.0036643033477697,0.8105786170532882,0.2705182631537478
stableshots_keep,fake_sherbrooke,0.5,30,30,0.025876516905601627,0.13000168782457086,0.21741246561397437,0.24052508136254247,0.2970041366950732,0.6618025000000001,0.1600368150780593,30,0.0194631372549019,0.10128117913832192,0.17394919923534405,0.2132466082707678,0.27080359189723313,0.62311,0.1520863679809205,30,0.0016474999999999684,0.010612679597701156,0.02861071135102941,0.027278473091774738,0.04010617725683744,0.054771280329403704,0.016739410281316616,30,0.0,168.75,325.0,353.75,559.375,1150.0,272.60220323191913,30,0.0,0.03060425884955752,0.04751188858695652,0.07140678679009678,0.12139423076923077,0.39705882352941174,0.07847893946658724,30,1137.5,4296.875,7018.75,9968.75,18537.5,20000.0,7226.444902351649,30,800.0,4012.5,6650.0,9615.0,17562.5,20000.0,7267.892902442861,30,-550.0,0.0,62.5,123.75,212.5,1150.0,323.56030589632616,30,-0.03107785724383763,-0.0013305113880600055,0.0003434294871794627,0.009105534977159352,0.021860431895796978,0.054771280329403704,0.021924970318987252,30,-0.09872020792124903,-0.03840308932175461,-0.026135399071147758,-0.027928480310278437,-0.01600402601143293,-0.0015925527903469724,0.020105370889041376,30,-0.15349148825065273,-0.0768447142318593,-0.054636134126235456,-0.05520695340205317,-0.03509884537210757,-0.008063272425249096,0.03252798617788499,30,-1412.5,-228.125,0.0,-72.91666666666667,200.0,687.5,459.8430594972768,30,-1950.0,-762.5,-225.0,-426.6666666666667,0.0,200.0,571.2559263004047,30,0.0016474999999999823,0.010612679597701156,0.028610711351029425,0.027278473091774738,0.04010617725683743,0.05477128032940365,0.0167394102813166,30,0.001932499999999976,0.011827149646330685,0.02759578657266335,0.02626305831593466,0.03807339553370569,0.06159504425125856,0.016733702496860566,30,0.0027249999999999774,0.02289050729442967,0.0578007821648253,0.05658777573522962,0.08522723315580255,0.12792648825065267,0.03493337844765325,30,0.0013185629804197115,0.010236851922432618,0.02805428781601664,0.025650743417232388,0.03948272641308012,0.05860620158056685,0.015626746646664278,30,0.0,168.75,325.0,353.75,559.375,1150.0,272.60220323191913,30,0.0,131.25,362.5,325.8333333333333,487.5,1250.0,275.546739677911,30,0.0,412.5,700.0,763.3333333333334,1100.0,2100.0,622.2779805339984,30,0.0,181.9605818007411,320.5157524607116,348.8339396108988,480.4278140116753,1109.0536506409417,292.60943393074496,30,0.03294999999999937,0.8131720430107526,1.035994053294037,1.542194822748384,2.4278846153846154,7.941176470588235,1.492754677923834,30,0.0,0.0,0.04771280329403704,0.7082538289045872,1.4278846153846154,6.941176470588235,1.379548072145287,30,0.016474999999999684,0.4065860215053763,0.5179970266470185,0.771097411374192,1.2139423076923077,3.9705882352941173,0.746377338961917,30,0.0,0.0,0.0,0.18382312269636508,0.21394230769230765,2.9705882352941173,0.5481180482706229,0.9,0.5333333333333333,0.5,1.542194822748384,1.035994053294037,0.7082538289045872,1.0,0.7,0.7,0.771097411374192,0.5179970266470185,0.18382312269636508
stableshots_keep,fake_sherbrooke,0.75,30,30,0.030217265334452976,0.13712230828739336,0.22878408028609779,0.25200486238297237,0.3183539901411116,0.6810625,0.16657809623044845,30,0.0269599999999999,0.11566342836257305,0.20510425438596486,0.23620655161054288,0.30227885568513113,0.65924,0.16296320361795885,30,0.0018471157037773939,0.007021659356830776,0.017201909586569947,0.01579831077242951,0.021531249999999974,0.0359756340693374,0.00915715036845308,30,0.0,65.625,256.25,294.1666666666667,434.375,975.0,253.16388767553028,30,0.0,0.016138590391908975,0.048598634567014014,0.057946917210807906,0.09433000562429697,0.2638888888888889,0.05671085096975404,30,1012.5,4296.875,7293.75,10120.833333333334,18925.0,20000.0,7232.029849712073,30,950.0,4012.5,6950.0,9826.666666666666,18350.0,20000.0,7303.149218367863,30,-687.5,-209.375,-6.25,-49.166666666666664,9.375,625.0,253.57218020656887,30,-0.02451690395389211,-0.011649641144245985,-0.0017823220286578515,-0.004805675417917206,0.0,0.019188564251941875,0.009754864753673518,30,-0.054460000000000064,-0.021269420356027365,-0.014254844369206154,-0.016448699289848556,-0.009566512837926935,0.0017358367630244745,0.011422145014989563,30,-0.08270500000000003,-0.042043116515837115,-0.030057259520540204,-0.032247010062278064,-0.025369749567173548,-0.0015214285714286006,0.017409000326174175,30,-1125.0,0.0,50.0,79.16666666666667,259.375,962.5,399.9101910673698,30,-1700.0,-425.0,-25.0,-215.0,37.5,400.0,452.6073886668909,30,0.0018471157037773973,0.007021659356830774,0.01720190958656996,0.015798310772429512,0.021531249999999974,0.03597563406933736,0.009157150368453076,30,0.0008722187782955956,0.007162226687408223,0.016211534588009384,0.015631065756689332,0.021465978459608244,0.04154390634781516,0.009661426771506885,30,0.0040400000000000436,0.013762184052506649,0.035608904662418055,0.03193111157633939,0.045563828465932946,0.06713999999999998,0.018466835120412674,30,0.0019214941018211116,0.0063831538756863315,0.015957552482780888,0.014760722510804743,0.02119277649133059,0.03069725014828961,0.008530251016261512,30,0.0,65.625,256.25,294.1666666666667,434.375,975.0,253.16388767553028,30,0.0,56.25,250.0,290.8333333333333,443.75,1025.0,265.34649869145835,30,0.0,150.0,575.0,595.0,837.5,1850.0,507.5889594190736,30,0.0,67.16229182759272,254.69530333326526,265.59998852166075,389.5028878491356,802.5999418556337,226.34903747821696,30,0.0502249999999993,0.4575895567092648,0.9719726913402802,1.227593344216158,1.8866001124859393,5.277777777777778,1.071379244099009,30,0.0,0.0,0.037190082644628086,0.4924284419029892,0.8866001124859392,4.277777777777778,0.8779996415185374,30,0.02511249999999965,0.2287947783546324,0.4859863456701401,0.613796672108079,0.9433000562429696,2.638888888888889,0.5356896220495045,30,0.0,0.0,0.0,0.07863741997129346,0.0,1.6388888888888888,0.3025571059696614,1.0,0.5,0.5,1.227593344216158,0.9719726913402802,0.4924284419029892,1.0,0.7666666666666667,0.7666666666666667,0.613796672108079,0.4859863456701401,0.07863741997129346
stableshots_keep,fake_sherbrooke,0.9,30,30,0.02858744313388005,0.14159553027637384,0.23726813910645034,0.2600149505892996,0.33213566904471936,0.69760625,0.1719655820942583,30,0.0268147619047619,0.12206112852664573,0.22288651324085745,0.25049809801446293,0.32806765350877193,0.689655,0.1715891730171153,30,0.0005646060840595324,0.002121404778275257,0.008964608574875618,0.009516852574836678,0.01304892151508568,0.027578661378214075,0.007443326437697932,30,0.0,15.625,193.75,242.91666666666666,384.375,750.0,229.02725644648126,30,0.0,0.0024193548387096775,0.030237334550433592,0.046105571429419935,0.06169255498137243,0.1736111111111111,0.05000530370135169,30,850.0,4409.375,7443.75,10202.916666666666,19018.75,20000.0,7196.9878781805755,30,850.0,4175.0,6875.0,9960.0,18575.0,20000.0,7256.737654022663,30,-462.5,-209.375,-25.0,-73.75,0.0,400.0,218.8909644328537,30,-0.01707027150146423,-0.0038825827861051695,0.0,-0.002503825595469563,6.826837581789397e-05,0.008284984736397938,0.006016740757607407,30,-0.022635316188653942,-0.01251156249999999,-0.007251093006172257,-0.008438611083521279,-0.004265404883675043,0.00010601456245154864,0.006188212326209619,30,-0.05021397756686802,-0.0239345095042267,-0.01673414960600944,-0.017955463658357953,-0.00844937245349009,-0.0007494163506110013,0.011994238412439337,30,-737.5,0.0,156.25,161.25,409.375,1150.0,369.00889508949837,30,-1300.0,-187.5,0.0,-81.66666666666667,50.0,550.0,368.2398331422657,30,0.0005646060840595289,0.002121404778275252,0.008964608574875608,0.009516852574836683,0.013048921515085677,0.02757866137821409,0.007443326437697931,30,0.0,0.0023421949401664956,0.008953623423728685,0.010116281515499669,0.012541793724865913,0.032832856316589026,0.008650352871127429,30,0.0016526069640322022,0.00434475105775189,0.018069366197183093,0.017834847268347394,0.027292009006901458,0.044648932879678305,0.013003081258720111,30,0.0007522755427417375,0.0021216808670055515,0.008224690032848071,0.008219424613533427,0.012862472634122591,0.02060158831488434,0.006037961490969316,30,0.0,15.625,193.75,242.91666666666666,384.375,750.0,229.02725644648126,30,0.0,0.0,150.0,239.16666666666666,425.0,925.0,265.443946071006,30,0.0,37.5,500.0,493.3333333333333,700.0,1750.0,438.99048244598754,30,0.0,15.728821740147396,232.26162026747625,225.46145183459146,321.05823048033113,773.5200923914862,197.88877162298346,30,0.01176470588235251,0.19753749999999987,0.6047466910086717,0.9499727521178102,1.2338510996274485,3.472222222222222,0.9752557372000761,30,0.0,0.0,0.0,0.35704514108655244,0.2338510996274485,2.472222222222222,0.7061777450230071,30,0.005882352941176255,0.09876874999999993,0.30237334550433587,0.4749863760589051,0.6169255498137243,1.736111111111111,0.48762786860003804,30,0.0,0.0,0.0,0.0678321714686445,0.0,0.7361111111111109,0.17826440484109046,1.0,0.6333333333333333,0.6333333333333333,0.9499727521178102,0.6047466910086717,0.35704514108655244,1.0,0.8333333333333334,0.8333333333333334,0.4749863760589051,0.30237334550433587,0.0678321714686445
stableshots_keep,fake_torino,0.1,30,30,0.031714775559221475,0.1151100444439139,0.1956679147665664,0.22765246227647454,0.2942580758628231,0.6625875,0.1590171589464344,30,0.0223533098591549,0.0730150914470145,0.1468227816901408,0.17509320834423286,0.21168230625583567,0.588455,0.14485264194448105,30,0.001587499999999964,0.019674719506070422,0.05321917662853304,0.05255925393224168,0.08144711941288252,0.13210466843088414,0.034960603953526015,30,0.0,165.625,506.25,670.0,1115.625,2187.5,622.1625245034867,30,0.0,0.034434165232358004,0.11242861675126903,0.10963370301173511,0.17563559322033898,0.25485436893203883,0.08365596655024199,30,962.5,3565.625,6650.0,9611.666666666666,17981.25,20000.0,7309.25763169125,30,750.0,3000.0,5550.0,8941.666666666666,16437.5,20000.0,7336.753055834633,30,-250.0,0.0,306.25,573.3333333333334,1115.625,2187.5,663.0953191652394,30,-0.0057368178576982926,0.00017019450800915582,0.03044825723968081,0.03936363743348128,0.07117926126426878,0.13210466843088414,0.03857594277677274,30,-0.05799685891023082,-0.03526695135467418,-0.017179496775628085,-0.019873757892496523,-0.004015734059075578,0.0057581000024701234,0.018635969777909236,30,-0.15949636054421773,-0.09892617636830116,-0.0825086182336183,-0.07243301182473821,-0.03351750000000004,-0.0006010769579864045,0.043573865392874854,30,-1575.0,-659.375,-237.5,-323.3333333333333,0.0,612.5,464.32808951499334,30,-3500.0,-1512.5,-750.0,-993.3333333333334,-100.0,200.0,985.1249993619165,30,0.0015875000000000056,0.01967471950607042,0.05321917662853303,0.05255925393224169,0.08144711941288252,0.1321046684308842,0.03496060395352601,30,0.0010749999999999926,0.019544402092309652,0.05052888308938354,0.053561194922616816,0.0823277915821501,0.1305884277708593,0.03697863845089958,30,0.0035600000000000076,0.03961007383966238,0.1120292266036894,0.10311462588373313,0.15663195550119888,0.2672418181818182,0.06734975103135162,30,0.0017511401048079145,0.018043470690047275,0.0573205246179236,0.049635267679618726,0.07650416436719018,0.13603938160458026,0.032824365388357896,30,0.0,165.625,506.25,670.0,1115.625,2187.5,622.1625245034867,30,0.0,168.75,537.5,691.6666666666666,1143.75,2625.0,661.5464293312448,30,0.0,400.0,950.0,1296.6666666666667,2200.0,4100.0,1190.112522449854,30,0.0,166.59705070149212,472.9141838734862,619.1338536394077,1057.073182205692,1891.372958109179,573.5611123477028,30,0.03174999999999928,1.3489233695652174,2.3343475575773094,2.395737763425048,3.5127118644067794,5.097087378640777,1.4987471227631897,30,0.0,0.34892336956521747,1.3343475575773094,1.5216911174648906,2.5127118644067794,4.097087378640777,1.3282599267343809,30,0.01587499999999964,0.6744616847826087,1.1671737787886547,1.197868881712524,1.7563559322033897,2.5485436893203883,0.7493735613815948,30,0.0,0.0,0.1671737787886547,0.4135088849889747,0.7563559322033897,1.5485436893203883,0.5161719469148195,0.43333333333333335,0.3,0.2,2.395737763425048,2.3343475575773094,1.5216911174648906,0.9333333333333333,0.4666666666666667,0.4666666666666667,1.197868881712524,1.1671737787886547,0.4135088849889747
stableshots_keep,fake_torino,0.25,30,30,0.027100643857041223,0.12281577261870083,0.20368190036484313,0.22970602204721588,0.2950268642158015,0.65478625,0.1564162514397899,30,0.0184161445783132,0.08490853658536575,0.15930710526315786,0.18626893688166002,0.22746650467462734,0.59079,0.1435793482241201,30,0.0010199999999999931,0.018087922543406375,0.04472994548762501,0.04343708516555587,0.06370502955633214,0.10932402680260067,0.028440138066853967,30,0.0,143.75,475.0,590.0,937.5,1762.5,509.36700067761586,30,0.0,0.042253064592173505,0.1006573674976716,0.1008946407944319,0.16690051020408164,0.2358490566037736,0.07714265700506132,30,1062.5,4000.0,6868.75,9750.0,18300.0,20000.0,7264.310341758487,30,900.0,3175.0,6075.0,9160.0,17000.0,20000.0,7317.0137115610505,30,-250.0,0.0,231.25,453.3333333333333,878.125,1762.5,558.3798659628083,30,-0.019679900192400235,0.0,0.025350583092241398,0.028990179912101496,0.05029946967286361,0.08204920353526576,0.02940693289876207,30,-0.04481456747727147,-0.02873695722704049,-0.017430748209631183,-0.01782019812175516,-0.003988098288122594,0.0038297975919945326,0.014185284778662821,30,-0.12686377101253724,-0.08091655223391808,-0.070877469448599,-0.06125728328731104,-0.033503750000000006,-0.0027692338146250023,0.03363208019364942,30,-1250.0,-281.25,-81.25,-185.0,0.0,662.5,415.5049898036414,30,-2850.0,-1237.5,-675.0,-775.0,0.0,350.0,805.4501846793506,30,0.0010199999999999931,0.01808792254340638,0.04472994548762502,0.04343708516555587,0.06370502955633214,0.1093240268026007,0.02844013806685397,30,0.0010125000000000273,0.018175881462474147,0.0425395479550951,0.04448974224194373,0.06940843846565362,0.1097714459564762,0.02978046120902758,30,0.0018849999999999978,0.035999927248677226,0.09208682442540465,0.08476885617833603,0.12886400403739234,0.2177532152974504,0.05534569681909529,30,0.0008618681260301128,0.016302215554743867,0.04652495690293951,0.040652624741941173,0.06263148551481099,0.11060547089873134,0.027010358382907492,30,0.0,143.75,475.0,590.0,937.5,1762.5,509.36700067761586,30,0.0,125.0,412.5,577.5,950.0,1900.0,545.1727818489892,30,0.0,362.5,950.0,1205.0,1887.5,3250.0,972.4967866270819,30,0.0,170.17148213885113,417.8314070593341,560.665460082589,894.264087644089,1656.992757980553,477.1217797789914,30,0.020399999999999863,1.197640824468085,2.139234333307906,2.210428216735863,3.338010204081632,4.716981132075471,1.376134929725425,30,0.0,0.197640824468085,1.1392343333079058,1.3287851938393893,2.338010204081632,3.716981132075471,1.2168557609583917,30,0.010199999999999931,0.5988204122340425,1.069617166653953,1.1052141083679314,1.669005102040816,2.3584905660377355,0.6880674648627125,30,0.0,0.0,0.0696171666539529,0.339068002922337,0.6690051020408161,1.3584905660377355,0.44858784007960095,0.6,0.26666666666666666,0.16666666666666666,2.210428216735863,2.139234333307906,1.3287851938393893,0.9666666666666667,0.5,0.4666666666666667,1.1052141083679314,1.069617166653953,0.339068002922337
stableshots_keep,fake_torino,0.5,30,30,0.0260284882493667,0.12785885238241634,0.21013989223056695,0.23248892702001428,0.29535589850881877,0.64707875,0.15502981186309686,30,0.0233454545454545,0.1043707482993197,0.17748762463343104,0.20340093310442317,0.2543387225274725,0.605895,0.14610931485428882,30,0.0006300000000000194,0.011924222014801264,0.033852367321148324,0.0290879939155911,0.042691424073017334,0.06772084201176182,0.018715804997790818,30,0.0,112.5,443.75,448.75,609.375,1437.5,372.8147536206707,30,0.0,0.04252823795180723,0.07357262155140418,0.07449281824201391,0.10627177700348431,0.2125,0.05488242430071841,30,975.0,4028.125,6893.75,9888.75,18462.5,20000.0,7202.32418036969,30,900.0,3462.5,6400.0,9440.0,17350.0,20000.0,7219.148388021669,30,-400.0,0.0,50.0,248.75,546.875,1437.5,457.53214980310213,30,-0.020275494808408234,0.0,0.014758925878134661,0.01795809936880376,0.03598166944263668,0.06772084201176182,0.021242361070903028,30,-0.04292874999999996,-0.02270114615582948,-0.014877106063079307,-0.015037293148956762,-0.0046332839912281,0.003659564348391986,0.011297821324692144,30,-0.08780050896270922,-0.060026367684726606,-0.047611548207809384,-0.04412528706454785,-0.027300757575757575,-0.002873625088589696,0.022087863283477182,30,-1037.5,-106.25,0.0,-46.25,46.875,537.5,320.91514481621743,30,-2400.0,-637.5,-300.0,-495.0,-25.0,50.0,600.1939341751878,30,0.0006300000000000194,0.011924222014801263,0.03385236732114834,0.029087993915591102,0.042691424073017334,0.0677208420117618,0.018715804997790825,30,0.00011500000000003174,0.012056328755703748,0.029866728858142053,0.029349800313169572,0.04318359960405725,0.06645804765988725,0.019466533527808503,30,0.0020900000000000085,0.022211716507783554,0.0663816935483871,0.057652375036025265,0.08570579197441905,0.13796727272727272,0.036638921986335726,30,0.0009177054719970559,0.010137975816116277,0.031458111990128414,0.027301694402421178,0.04108725722962446,0.07132331070517088,0.017785365262127886,30,0.0,112.5,443.75,448.75,609.375,1437.5,372.8147536206707,30,0.0,87.5,387.5,449.1666666666667,631.25,1675.0,413.1712580828283,30,0.0,212.5,850.0,896.6666666666666,1337.5,2400.0,717.7471139198193,30,0.0,94.62286060429862,363.9766920028651,420.49012157364996,589.1324937711884,1177.1257366993552,350.3085698780096,30,0.012600000000000389,1.0086062499999995,1.4714524310280834,1.5888088648402785,2.1254355400696863,4.25,0.992234376890506,30,0.0,0.008606249999999538,0.47145243102808343,0.7174794773196944,1.1254355400696863,3.25,0.8373356275447227,30,0.006300000000000194,0.5043031249999997,0.7357262155140417,0.7944044324201393,1.0627177700348431,2.125,0.496117188445253,30,0.0,0.0,0.0,0.11247855677447846,0.06271777003484313,1.125,0.2665064343817505,0.8666666666666667,0.3,0.23333333333333334,1.5888088648402785,1.4714524310280834,0.7174794773196944,1.0,0.7,0.7,0.7944044324201393,0.7357262155140417,0.11247855677447846
stableshots_keep,fake_torino,0.75,30,30,0.027105778225020753,0.13566954667828784,0.2203019614481047,0.23796123907850872,0.301543506898638,0.65524125,0.1562886810370875,30,0.0240338235294117,0.11432232704402512,0.19804367715617716,0.22100662614795505,0.28111238129179406,0.632105,0.15244724401770438,30,0.0016059555499165282,0.009485128682605419,0.02042048922551784,0.016954612930553645,0.022871736984203746,0.03619492388368589,0.009649371824380797,30,0.0,146.875,268.75,314.5833333333333,396.875,1375.0,308.3095478554801,30,0.0,0.014275990099009902,0.0528125,0.05925704156838964,0.08766359804791482,0.2708333333333333,0.0564959934796489,30,1050.0,4071.875,6993.75,10031.25,18681.25,20000.0,7214.230840247581,30,1000.0,3775.0,6750.0,9716.666666666666,17800.0,20000.0,7235.083743925097,30,-550.0,-128.125,0.0,11.25,128.125,575.0,244.5384022447472,30,-0.018446039225002653,-0.005261658485273497,0.0,0.0018227048064796128,0.00870891470680022,0.026331896808553135,0.011601373130171923,30,-0.03002875000000005,-0.012892732213438743,-0.008912427058791195,-0.009564981090462355,-0.004999254011387205,0.0024926674248743064,0.007430278467091715,30,-0.05887866823652543,-0.034264397149460765,-0.026913843350799105,-0.026519594021016002,-0.02088142150370958,-0.001081566265060202,0.012331372295408588,30,-837.5,0.0,81.25,96.25,275.0,750.0,321.904187662234,30,-1950.0,-250.0,-75.0,-218.33333333333334,0.0,200.0,470.59817645010156,30,0.0016059555499165264,0.009485128682605409,0.02042048922551786,0.01695461293055364,0.022871736984203753,0.03619492388368589,0.009649371824380793,30,0.001679999999999987,0.009602368460079481,0.021091673148268514,0.017722397224783575,0.02387026152482268,0.03990319004524892,0.010260446644827505,30,0.002388606525140405,0.017628714444621024,0.03605070487577,0.03237365727264741,0.04494083333333343,0.06699562982005142,0.018549571114797315,30,0.0011257611207580482,0.00815723670375987,0.01724191148934519,0.01525531887611935,0.02106193832705216,0.035370015845370556,0.008974468484862738,30,0.0,146.875,268.75,314.5833333333333,396.875,1375.0,308.3095478554801,30,0.0,106.25,225.0,314.1666666666667,393.75,1450.0,343.830058597852,30,0.0,312.5,550.0,630.0,800.0,2600.0,580.9623407582546,30,0.0,144.56742193161236,242.93688342191467,289.3057632461286,390.4330742090257,1189.8879499067689,264.7449603729854,30,0.03977499999999967,0.5009388956310687,1.05625,1.2552887657433773,1.753271960958296,5.416666666666666,1.0677524117798434,30,0.0,0.0,0.05625000000000002,0.5022609720417679,0.7532719609582961,4.416666666666666,0.8805503492926229,30,0.019887499999999836,0.2504694478155344,0.528125,0.6276443828716887,0.876635980479148,2.708333333333333,0.5338762058899217,30,0.0,0.0,0.0,0.07690648723257416,0.0,1.708333333333333,0.31283153094465344,1.0,0.5,0.5,1.2552887657433773,1.05625,0.5022609720417679,1.0,0.8333333333333334,0.8333333333333334,0.6276443828716887,0.528125,0.07690648723257416
stableshots_keep,fake_torino,0.9,30,30,0.028887247220864175,0.13935309414588132,0.22437133053167346,0.24226093097537824,0.30694568066694994,0.6638225,0.1583045587497415,30,0.0278212765957446,0.12560439560439557,0.2056645329670329,0.23242883346949295,0.2973987201365188,0.65521,0.15740954075121438,30,0.0002499999999999933,0.004487241754118285,0.009938624685117484,0.009832097505885274,0.014711290355391544,0.021701182249322437,0.006499403289051636,30,0.0,65.625,300.0,286.6666666666667,453.125,862.5,238.73168221238257,30,0.0,0.011102968289085547,0.044856617925600424,0.05608234975498989,0.07100911938098747,0.2708333333333333,0.06536603781762824,30,1000.0,4321.875,7056.25,10101.666666666666,18796.875,20000.0,7147.152294413505,30,1000.0,4025.0,6600.0,9815.0,18350.0,20000.0,7201.546170190073,30,-512.5,-175.0,0.0,-31.666666666666668,62.5,612.5,247.17658539557522,30,-0.016523074921491243,-0.001543333724993842,0.0,0.0005547430161512791,0.0036488033318187035,0.012865935335742207,0.0061484120098812605,30,-0.014514999999999945,-0.008489923862466789,-0.004325476700877462,-0.005265289193592802,-0.002047584830684575,0.003475266297713775,0.004689394818291287,30,-0.03616166918619301,-0.01945104976362952,-0.014135113486430498,-0.01509738669947808,-0.007463749999999991,-0.0024412765957447027,0.00907249606734504,30,-625.0,0.0,100.0,166.66666666666666,356.25,1162.5,364.2323844540151,30,-1150.0,-287.5,0.0,-120.0,37.5,750.0,428.0267474723094,30,0.0002499999999999985,0.00448724175411829,0.009938624685117508,0.009832097505885278,0.014711290355391544,0.021701182249322465,0.006499403289051633,30,0.0,0.0046729024308015486,0.010375235165558938,0.010527587933806504,0.01583057676786489,0.022315543510990632,0.007144250970858306,30,0.000999999999999994,0.008691719834005324,0.017240539499771248,0.0182732141559281,0.025457667647583428,0.042173641975308596,0.0122053240125763,30,0.000499999999999997,0.004169835988016434,0.007987939906292041,0.008366689987324571,0.011831102150047814,0.019306295774359564,0.005524645041443425,30,0.0,65.625,300.0,286.6666666666667,453.125,862.5,238.73168221238257,30,0.0,50.0,250.0,276.6666666666667,450.0,850.0,259.63612911193593,30,0.0,162.5,600.0,593.3333333333334,887.5,1750.0,497.01407274417005,30,0.0,68.83710031505315,271.8837169726188,271.4393802616852,390.27924780899855,866.3861725581728,234.3089535203738,30,0.004999999999999866,0.25137393067846625,0.8971323585120083,1.1450381062109087,1.4201823876197492,5.416666666666666,1.2879648377301953,30,0.0,0.0,0.003731343283582045,0.49304443174420204,0.42018238761974935,4.416666666666666,1.0710208401498986,30,0.002499999999999933,0.12568696533923313,0.44856617925600417,0.5725190531054544,0.7100911938098746,2.708333333333333,0.6439824188650977,30,0.0,0.0,0.0,0.13261928754933036,0.0,1.708333333333333,0.3847875646089089,1.0,0.5,0.5,1.1450381062109087,0.8971323585120083,0.49304443174420204,1.0,0.8666666666666667,0.8666666666666667,0.5725190531054544,0.44856617925600417,0.13261928754933036
