split_id,split_mode,repetition,config_id,policy,scheme,train_rows,train_circuit_configs,train_k_values,train_median_tvd,train_q75_tvd,train_q95_tvd,train_max_tvd,train_valid_rate_tvd_le_0p01,train_valid_rate_tvd_le_0p05,train_valid_rate_tvd_le_0p10,train_median_ssr,train_q25_ssr,train_median_parallel_ssr,train_median_total_shots,train_median_max_backend_shots,train_selection_risk_q95,train_selection_risk_max
stratified_size_rep000,stratified_size,0,b50_lb1_k3_eps0p005,aggregate_only_sync,confidence,300,60,5,0.04241036117799258,0.08139727746018688,0.23878076803489398,0.38138811881186935,0.023333333333333334,0.5866666666666667,0.8066666666666666,0.8175,0.560625,0.8175,9000.0,3650.0,0.23878076803489398,0.38138811881186935
stratified_size_rep000,stratified_size,0,b50_lb1_k3_eps0p005,aggregate_only_sync,shot_proportional,300,60,5,0.04241036117799258,0.08139727746018688,0.23878076803489398,0.38138811881186935,0.023333333333333334,0.5866666666666667,0.8066666666666666,0.8175,0.560625,0.8175,9000.0,3650.0,0.23878076803489398,0.38138811881186935
stratified_size_rep000,stratified_size,0,b50_lb1_k3_eps0p005,aggregate_only_sync,uniform,300,60,5,0.04241036117799258,0.08139727746018688,0.23878076803489398,0.38138811881186935,0.023333333333333334,0.5866666666666667,0.8066666666666666,0.8175,0.560625,0.8175,9000.0,3650.0,0.23878076803489398,0.38138811881186935
stratified_size_rep000,stratified_size,0,b50_lb1_k3_eps0p005,hierarchical_local_aggregate,confidence,300,60,5,0.041937991161822674,0.08139530894162561,0.23878119666266553,0.38138811881186935,0.016666666666666666,0.59,0.81,0.8175,0.560625,0.8175,8950.0,3650.0,0.23878119666266553,0.38138811881186935
stratified_size_rep000,stratified_size,0,b50_lb1_k3_eps0p005,hierarchical_local_aggregate,shot_proportional,300,60,5,0.04284475252194277,0.08139727746018688,0.23878076803489398,0.38138811881186935,0.023333333333333334,0.5833333333333334,0.8066666666666666,0.8175,0.560625,0.8175,8950.0,3650.0,0.23878076803489398,0.38138811881186935
stratified_size_rep000,stratified_size,0,b50_lb1_k3_eps0p005,hierarchical_local_aggregate,uniform,300,60,5,0.04273298304142327,0.08139727746018688,0.23878076803489398,0.38138811881186935,0.023333333333333334,0.5833333333333334,0.8066666666666666,0.8175,0.560625,0.8175,8950.0,3650.0,0.23878076803489398,0.38138811881186935
stratified_size_rep000,stratified_size,0,b50_lb1_k3_eps0p005,local_only_offline_aggregate,confidence,300,60,5,0.03619165936975521,0.07704776667533728,0.2379963776284966,0.38138811881186935,0.04,0.64,0.8166666666666667,0.7073958333333333,0.5275000000000001,0.685,10525.0,6300.0,0.2379963776284966,0.38138811881186935
stratified_size_rep000,stratified_size,0,b50_lb1_k3_eps0p005,local_only_offline_aggregate,shot_proportional,300,60,5,0.036816691724033145,0.07733000036733331,0.23799550123765587,0.38138811881186935,0.043333333333333335,0.6366666666666667,0.8166666666666667,0.7073958333333333,0.5275000000000001,0.685,10525.0,6300.0,0.23799550123765587,0.38138811881186935
stratified_size_rep000,stratified_size,0,b50_lb1_k3_eps0p005,local_only_offline_aggregate,uniform,300,60,5,0.03622531138994005,0.07691546582709266,0.23799550123765587,0.38138811881186935,0.04,0.64,0.8166666666666667,0.7073958333333333,0.5275000000000001,0.685,10525.0,6300.0,0.23799550123765587,0.38138811881186935
stratified_size_rep001,stratified_size,1,b50_lb1_k3_eps0p005,aggregate_only_sync,confidence,300,60,5,0.0417693082830624,0.07884503294518327,0.2323397947761903,0.37929752475246326,0.04,0.6,0.7966666666666666,0.8175,0.5571875,0.8175,9087.5,3650.0,0.2323397947761903,0.37929752475246326
stratified_size_rep001,stratified_size,1,b50_lb1_k3_eps0p005,aggregate_only_sync,shot_proportional,300,60,5,0.0417693082830624,0.07884503294518327,0.2323397947761903,0.37929752475246326,0.04,0.6,0.7966666666666666,0.8175,0.5571875,0.8175,9087.5,3650.0,0.2323397947761903,0.37929752475246326
stratified_size_rep001,stratified_size,1,b50_lb1_k3_eps0p005,aggregate_only_sync,uniform,300,60,5,0.0417693082830624,0.07884503294518327,0.2323397947761903,0.37929752475246326,0.04,0.6,0.7966666666666666,0.8175,0.5571875,0.8175,9087.5,3650.0,0.2323397947761903,0.37929752475246326
stratified_size_rep001,stratified_size,1,b50_lb1_k3_eps0p005,hierarchical_local_aggregate,confidence,300,60,5,0.0415128787815099,0.07884489397814365,0.23233521873078064,0.37929752475246326,0.03333333333333333,0.6066666666666667,0.8,0.8175,0.5571875,0.8175,9050.0,3650.0,0.23233521873078064,0.37929752475246326
stratified_size_rep001,stratified_size,1,b50_lb1_k3_eps0p005,hierarchical_local_aggregate,shot_proportional,300,60,5,0.04193200884803415,0.07884503294518327,0.2323397947761903,0.37929752475246326,0.04,0.5966666666666667,0.7966666666666666,0.8175,0.5571875,0.8175,9050.0,3650.0,0.2323397947761903,0.37929752475246326
stratified_size_rep001,stratified_size,1,b50_lb1_k3_eps0p005,hierarchical_local_aggregate,uniform,300,60,5,0.04193200884803415,0.07884503294518327,0.2323397947761903,0.37929752475246326,0.04,0.5966666666666667,0.7966666666666666,0.8175,0.5571875,0.8175,9050.0,3650.0,0.2323397947761903,0.37929752475246326
stratified_size_rep001,stratified_size,1,b50_lb1_k3_eps0p005,local_only_offline_aggregate,confidence,300,60,5,0.03619165936975521,0.0755978266476541,0.23173369102179464,0.37929752475246326,0.056666666666666664,0.65,0.8066666666666666,0.7309375,0.52125,0.7037500000000001,10850.0,5925.0,0.23173369102179464,0.37929752475246326
stratified_size_rep001,stratified_size,1,b50_lb1_k3_eps0p005,local_only_offline_aggregate,shot_proportional,300,60,5,0.036816691724033145,0.07562973963992262,0.23173882343696214,0.37929752475246326,0.06,0.6466666666666666,0.8066666666666666,0.7309375,0.52125,0.7037500000000001,10850.0,5925.0,0.23173882343696214,0.37929752475246326
stratified_size_rep001,stratified_size,1,b50_lb1_k3_eps0p005,local_only_offline_aggregate,uniform,300,60,5,0.03622531138994005,0.07551566186069676,0.2317249340550226,0.37929752475246326,0.056666666666666664,0.65,0.8066666666666666,0.7309375,0.52125,0.7037500000000001,10850.0,5925.0,0.2317249340550226,0.37929752475246326
stratified_size_rep002,stratified_size,2,b50_lb1_k3_eps0p005,aggregate_only_sync,confidence,300,60,5,0.04022020630324177,0.07204824041811844,0.2117630646766703,0.38138811881186935,0.016666666666666666,0.61,0.83,0.85,0.614375,0.85,7750.0,3000.0,0.2117630646766703,0.38138811881186935
stratified_size_rep002,stratified_size,2,b50_lb1_k3_eps0p005,aggregate_only_sync,shot_proportional,300,60,5,0.04022020630324177,0.07204824041811844,0.2117630646766703,0.38138811881186935,0.016666666666666666,0.61,0.83,0.85,0.614375,0.85,7750.0,3000.0,0.2117630646766703,0.38138811881186935
stratified_size_rep002,stratified_size,2,b50_lb1_k3_eps0p005,aggregate_only_sync,uniform,300,60,5,0.04022020630324177,0.07204824041811844,0.2117630646766703,0.38138811881186935,0.016666666666666666,0.61,0.83,0.85,0.614375,0.85,7750.0,3000.0,0.2117630646766703,0.38138811881186935
stratified_size_rep002,stratified_size,2,b50_lb1_k3_eps0p005,hierarchical_local_aggregate,confidence,300,60,5,0.03954183519955737,0.07187814249957052,0.21178032949248196,0.38138811881186935,0.016666666666666666,0.6166666666666667,0.8333333333333334,0.8500000000000001,0.614375,0.85,7750.0,3000.0,0.21178032949248196,0.38138811881186935
stratified_size_rep002,stratified_size,2,b50_lb1_k3_eps0p005,hierarchical_local_aggregate,shot_proportional,300,60,5,0.04022020630324177,0.07204824041811844,0.2117630646766703,0.38138811881186935,0.016666666666666666,0.6066666666666667,0.83,0.8500000000000001,0.614375,0.85,7750.0,3000.0,0.2117630646766703,0.38138811881186935
stratified_size_rep002,stratified_size,2,b50_lb1_k3_eps0p005,hierarchical_local_aggregate,uniform,300,60,5,0.04022020630324177,0.07204824041811844,0.2117630646766703,0.38138811881186935,0.016666666666666666,0.6066666666666667,0.83,0.8500000000000001,0.614375,0.85,7750.0,3000.0,0.2117630646766703,0.38138811881186935
stratified_size_rep002,stratified_size,2,b50_lb1_k3_eps0p005,local_only_offline_aggregate,confidence,300,60,5,0.03388689435606275,0.06696488904456503,0.21068305051722705,0.38138811881186935,0.04,0.6633333333333333,0.84,0.7849999999999999,0.55125,0.7675,10075.0,4650.0,0.21068305051722705,0.38138811881186935
stratified_size_rep002,stratified_size,2,b50_lb1_k3_eps0p005,local_only_offline_aggregate,shot_proportional,300,60,5,0.03412741210374644,0.06721150732341385,0.21068676452035706,0.38138811881186935,0.04,0.66,0.84,0.7849999999999999,0.55125,0.7675,10075.0,4650.0,0.21068676452035706,0.38138811881186935
stratified_size_rep002,stratified_size,2,b50_lb1_k3_eps0p005,local_only_offline_aggregate,uniform,300,60,5,0.03371973460436794,0.06698186772597642,0.21067345647998437,0.38138811881186935,0.04,0.6633333333333333,0.84,0.7849999999999999,0.55125,0.7675,10075.0,4650.0,0.21067345647998437,0.38138811881186935
stratified_size_rep003,stratified_size,3,b50_lb1_k3_eps0p005,aggregate_only_sync,confidence,300,60,5,0.04193200884803415,0.08301291200945794,0.2323397947761903,0.37929752475246326,0.04,0.58,0.8033333333333333,0.825,0.560625,0.825,8875.0,3500.0,0.2323397947761903,0.37929752475246326
stratified_size_rep003,stratified_size,3,b50_lb1_k3_eps0p005,aggregate_only_sync,shot_proportional,300,60,5,0.04193200884803415,0.08301291200945794,0.2323397947761903,0.37929752475246326,0.04,0.58,0.8033333333333333,0.825,0.560625,0.825,8875.0,3500.0,0.2323397947761903,0.37929752475246326
stratified_size_rep003,stratified_size,3,b50_lb1_k3_eps0p005,aggregate_only_sync,uniform,300,60,5,0.04193200884803415,0.08301291200945794,0.2323397947761903,0.37929752475246326,0.04,0.58,0.8033333333333333,0.825,0.560625,0.825,8875.0,3500.0,0.2323397947761903,0.37929752475246326
stratified_size_rep003,stratified_size,3,b50_lb1_k3_eps0p005,hierarchical_local_aggregate,confidence,300,60,5,0.04164434248745445,0.08271869200194214,0.23233521873078064,0.37929752475246326,0.03333333333333333,0.5866666666666667,0.8033333333333333,0.825,0.560625,0.825,8850.0,3500.0,0.23233521873078064,0.37929752475246326
stratified_size_rep003,stratified_size,3,b50_lb1_k3_eps0p005,hierarchical_local_aggregate,shot_proportional,300,60,5,0.04235546788990825,0.08301291200945794,0.2323397947761903,0.37929752475246326,0.04,0.5766666666666667,0.8033333333333333,0.825,0.560625,0.825,8850.0,3500.0,0.2323397947761903,0.37929752475246326
stratified_size_rep003,stratified_size,3,b50_lb1_k3_eps0p005,hierarchical_local_aggregate,uniform,300,60,5,0.042325515151515024,0.08301291200945794,0.2323397947761903,0.37929752475246326,0.04,0.5766666666666667,0.8033333333333333,0.825,0.560625,0.825,8850.0,3500.0,0.2323397947761903,0.37929752475246326
stratified_size_rep003,stratified_size,3,b50_lb1_k3_eps0p005,local_only_offline_aggregate,confidence,300,60,5,0.03639908154808612,0.07707881509489627,0.23173369102179464,0.37929752475246326,0.04,0.6366666666666667,0.8066666666666666,0.7359375,0.5275000000000001,0.72375,10700.0,5525.0,0.23173369102179464,0.37929752475246326
stratified_size_rep003,stratified_size,3,b50_lb1_k3_eps0p005,local_only_offline_aggregate,shot_proportional,300,60,5,0.03717502103842306,0.07733000036733331,0.23173882343696214,0.37929752475246326,0.043333333333333335,0.6333333333333333,0.8066666666666666,0.7359375,0.5275000000000001,0.72375,10700.0,5525.0,0.23173882343696214,0.37929752475246326
stratified_size_rep003,stratified_size,3,b50_lb1_k3_eps0p005,local_only_offline_aggregate,uniform,300,60,5,0.03633325693211417,0.07717265804061381,0.2317249340550226,0.37929752475246326,0.04,0.6366666666666667,0.8066666666666666,0.7359375,0.5275000000000001,0.72375,10700.0,5525.0,0.2317249340550226,0.37929752475246326
stratified_size_rep004,stratified_size,4,b50_lb1_k3_eps0p005,aggregate_only_sync,confidence,300,60,5,0.04241036117799258,0.07330943271466304,0.2323397947761903,0.37929752475246326,0.03666666666666667,0.5866666666666667,0.8266666666666667,0.825,0.5800000000000001,0.825,9000.0,3500.0,0.2323397947761903,0.37929752475246326
stratified_size_rep004,stratified_size,4,b50_lb1_k3_eps0p005,aggregate_only_sync,shot_proportional,300,60,5,0.04241036117799258,0.07330943271466304,0.2323397947761903,0.37929752475246326,0.03666666666666667,0.5866666666666667,0.8266666666666667,0.825,0.5800000000000001,0.825,9000.0,3500.0,0.2323397947761903,0.37929752475246326
stratified_size_rep004,stratified_size,4,b50_lb1_k3_eps0p005,aggregate_only_sync,uniform,300,60,5,0.04241036117799258,0.07330943271466304,0.2323397947761903,0.37929752475246326,0.03666666666666667,0.5866666666666667,0.8266666666666667,0.825,0.5800000000000001,0.825,9000.0,3500.0,0.2323397947761903,0.37929752475246326
stratified_size_rep004,stratified_size,4,b50_lb1_k3_eps0p005,hierarchical_local_aggregate,confidence,300,60,5,0.041937991161822674,0.07271617225943354,0.23233521873078064,0.37929752475246326,0.03,0.5933333333333334,0.8266666666666667,0.825,0.5800000000000001,0.825,9000.0,3500.0,0.23233521873078064,0.37929752475246326
stratified_size_rep004,stratified_size,4,b50_lb1_k3_eps0p005,hierarchical_local_aggregate,shot_proportional,300,60,5,0.04284475252194277,0.07330943271466304,0.2323397947761903,0.37929752475246326,0.03666666666666667,0.5833333333333334,0.8266666666666667,0.825,0.5800000000000001,0.825,9000.0,3500.0,0.2323397947761903,0.37929752475246326
stratified_size_rep004,stratified_size,4,b50_lb1_k3_eps0p005,hierarchical_local_aggregate,uniform,300,60,5,0.04273298304142327,0.07330943271466304,0.2323397947761903,0.37929752475246326,0.03666666666666667,0.5833333333333334,0.8266666666666667,0.825,0.5800000000000001,0.825,9000.0,3500.0,0.2323397947761903,0.37929752475246326
stratified_size_rep004,stratified_size,4,b50_lb1_k3_eps0p005,local_only_offline_aggregate,confidence,300,60,5,0.036981481297761465,0.06827527924759193,0.23173369102179464,0.37929752475246326,0.043333333333333335,0.6466666666666666,0.83,0.751,0.5275000000000001,0.735,11562.5,5300.0,0.23173369102179464,0.37929752475246326
stratified_size_rep004,stratified_size,4,b50_lb1_k3_eps0p005,local_only_offline_aggregate,shot_proportional,300,60,5,0.03732312408685992,0.06883241949797134,0.23173882343696214,0.37929752475246326,0.04666666666666667,0.6433333333333333,0.83,0.751,0.5275000000000001,0.735,11562.5,5300.0,0.23173882343696214,0.37929752475246326
stratified_size_rep004,stratified_size,4,b50_lb1_k3_eps0p005,local_only_offline_aggregate,uniform,300,60,5,0.036849237973328675,0.0683450347066719,0.2317249340550226,0.37929752475246326,0.043333333333333335,0.6466666666666666,0.83,0.751,0.5275000000000001,0.735,11562.5,5300.0,0.2317249340550226,0.37929752475246326
stratified_size_rep005,stratified_size,5,b50_lb1_k3_eps0p005,aggregate_only_sync,confidence,300,60,5,0.040466298701298656,0.08301291200945794,0.2323397947761903,0.37929752475246326,0.03333333333333333,0.5966666666666667,0.8,0.84375,0.556875,0.84375,8325.0,3125.0,0.2323397947761903,0.37929752475246326
stratified_size_rep005,stratified_size,5,b50_lb1_k3_eps0p005,aggregate_only_sync,shot_proportional,300,60,5,0.040466298701298656,0.08301291200945794,0.2323397947761903,0.37929752475246326,0.03333333333333333,0.5966666666666667,0.8,0.84375,0.556875,0.84375,8325.0,3125.0,0.2323397947761903,0.37929752475246326
stratified_size_rep005,stratified_size,5,b50_lb1_k3_eps0p005,aggregate_only_sync,uniform,300,60,5,0.040466298701298656,0.08301291200945794,0.2323397947761903,0.37929752475246326,0.03333333333333333,0.5966666666666667,0.8,0.84375,0.556875,0.84375,8325.0,3125.0,0.2323397947761903,0.37929752475246326
stratified_size_rep005,stratified_size,5,b50_lb1_k3_eps0p005,hierarchical_local_aggregate,confidence,300,60,5,0.03984864726295221,0.08271869200194214,0.23233521873078064,0.37929752475246326,0.03333333333333333,0.6033333333333334,0.8,0.84375,0.556875,0.84375,8325.0,3125.0,0.23233521873078064,0.37929752475246326
stratified_size_rep005,stratified_size,5,b50_lb1_k3_eps0p005,hierarchical_local_aggregate,shot_proportional,300,60,5,0.040466298701298656,0.08301291200945794,0.2323397947761903,0.37929752475246326,0.03333333333333333,0.5933333333333334,0.8,0.84375,0.556875,0.84375,8325.0,3125.0,0.2323397947761903,0.37929752475246326
stratified_size_rep005,stratified_size,5,b50_lb1_k3_eps0p005,hierarchical_local_aggregate,uniform,300,60,5,0.040466298701298656,0.08301291200945794,0.2323397947761903,0.37929752475246326,0.03333333333333333,0.5933333333333334,0.8,0.84375,0.556875,0.84375,8325.0,3125.0,0.2323397947761903,0.37929752475246326
stratified_size_rep005,stratified_size,5,b50_lb1_k3_eps0p005,local_only_offline_aggregate,confidence,300,60,5,0.033954438215711875,0.07707881509489627,0.23173369102179464,0.37929752475246326,0.05333333333333334,0.6433333333333333,0.8033333333333333,0.770625,0.52125,0.76125,10100.0,4775.0,0.23173369102179464,0.37929752475246326
stratified_size_rep005,stratified_size,5,b50_lb1_k3_eps0p005,local_only_offline_aggregate,shot_proportional,300,60,5,0.03517187978989063,0.07733000036733331,0.23173882343696214,0.37929752475246326,0.05333333333333334,0.64,0.8033333333333333,0.770625,0.52125,0.76125,10100.0,4775.0,0.23173882343696214,0.37929752475246326
stratified_size_rep005,stratified_size,5,b50_lb1_k3_eps0p005,local_only_offline_aggregate,uniform,300,60,5,0.03389912280701753,0.07717265804061381,0.2317249340550226,0.37929752475246326,0.05333333333333334,0.6433333333333333,0.8033333333333333,0.770625,0.52125,0.76125,10100.0,4775.0,0.2317249340550226,0.37929752475246326
stratified_size_rep006,stratified_size,6,b50_lb1_k3_eps0p005,aggregate_only_sync,confidence,300,60,5,0.04029784125449014,0.07457587053780732,0.23287770833332477,0.38138811881186935,0.04,0.6133333333333333,0.8133333333333334,0.8512500000000001,0.591875,0.8512500000000001,7750.0,2975.0,0.23287770833332477,0.38138811881186935
stratified_size_rep006,stratified_size,6,b50_lb1_k3_eps0p005,aggregate_only_sync,shot_proportional,300,60,5,0.04029784125449014,0.07457587053780732,0.23287770833332477,0.38138811881186935,0.04,0.6133333333333333,0.8133333333333334,0.8512500000000001,0.591875,0.8512500000000001,7750.0,2975.0,0.23287770833332477,0.38138811881186935
stratified_size_rep006,stratified_size,6,b50_lb1_k3_eps0p005,aggregate_only_sync,uniform,300,60,5,0.04029784125449014,0.07457587053780732,0.23287770833332477,0.38138811881186935,0.04,0.6133333333333333,0.8133333333333334,0.8512500000000001,0.591875,0.8512500000000001,7750.0,2975.0,0.23287770833332477,0.38138811881186935
stratified_size_rep006,stratified_size,6,b50_lb1_k3_eps0p005,hierarchical_local_aggregate,confidence,300,60,5,0.03984864726295221,0.07432279503897016,0.23287653730817032,0.38138811881186935,0.03333333333333333,0.6166666666666667,0.8133333333333334,0.8512500000000001,0.591875,0.8512500000000001,7750.0,2975.0,0.23287653730817032,0.38138811881186935
stratified_size_rep006,stratified_size,6,b50_lb1_k3_eps0p005,hierarchical_local_aggregate,shot_proportional,300,60,5,0.04029784125449014,0.07457587053780732,0.23287770833332477,0.38138811881186935,0.04,0.61,0.8133333333333334,0.8512500000000001,0.591875,0.8512500000000001,7750.0,2975.0,0.23287770833332477,0.38138811881186935
stratified_size_rep006,stratified_size,6,b50_lb1_k3_eps0p005,hierarchical_local_aggregate,uniform,300,60,5,0.04029784125449014,0.07457587053780732,0.23287770833332477,0.38138811881186935,0.04,0.61,0.8133333333333334,0.8512500000000001,0.591875,0.8512500000000001,7750.0,2975.0,0.23287770833332477,0.38138811881186935
stratified_size_rep006,stratified_size,6,b50_lb1_k3_eps0p005,local_only_offline_aggregate,confidence,300,60,5,0.03370000000000001,0.06827527924759193,0.23232350343013053,0.38138811881186935,0.056666666666666664,0.6633333333333333,0.8166666666666667,0.770625,0.5465625000000001,0.76125,10050.0,4775.0,0.23232350343013053,0.38138811881186935
stratified_size_rep006,stratified_size,6,b50_lb1_k3_eps0p005,local_only_offline_aggregate,shot_proportional,300,60,5,0.033969575949367115,0.06883241949797134,0.2323349257425636,0.38138811881186935,0.06,0.66,0.8166666666666667,0.770625,0.5465625000000001,0.76125,10050.0,4775.0,0.2323349257425636,0.38138811881186935
stratified_size_rep006,stratified_size,6,b50_lb1_k3_eps0p005,local_only_offline_aggregate,uniform,300,60,5,0.0335203257103257,0.0683450347066719,0.2323349257425636,0.38138811881186935,0.056666666666666664,0.6633333333333333,0.8166666666666667,0.770625,0.5465625000000001,0.76125,10050.0,4775.0,0.2323349257425636,0.38138811881186935
stratified_size_rep007,stratified_size,7,b50_lb1_k3_eps0p005,aggregate_only_sync,confidence,300,60,5,0.04137001146398491,0.08354921989934115,0.2395022574626726,0.38138811881186935,0.023333333333333334,0.5933333333333334,0.79,0.829375,0.54,0.829375,8850.0,3412.5,0.2395022574626726,0.38138811881186935
stratified_size_rep007,stratified_size,7,b50_lb1_k3_eps0p005,aggregate_only_sync,shot_proportional,300,60,5,0.04137001146398491,0.08354921989934115,0.2395022574626726,0.38138811881186935,0.023333333333333334,0.5933333333333334,0.79,0.829375,0.54,0.829375,8850.0,3412.5,0.2395022574626726,0.38138811881186935
stratified_size_rep007,stratified_size,7,b50_lb1_k3_eps0p005,aggregate_only_sync,uniform,300,60,5,0.04137001146398491,0.08354921989934115,0.2395022574626726,0.38138811881186935,0.023333333333333334,0.5933333333333334,0.79,0.829375,0.54,0.829375,8850.0,3412.5,0.2395022574626726,0.38138811881186935
stratified_size_rep007,stratified_size,7,b50_lb1_k3_eps0p005,hierarchical_local_aggregate,confidence,300,60,5,0.04115445992890639,0.08343420138427518,0.23950150965255676,0.38138811881186935,0.016666666666666666,0.5966666666666667,0.79,0.829375,0.54,0.829375,8750.0,3412.5,0.23950150965255676,0.38138811881186935
stratified_size_rep007,stratified_size,7,b50_lb1_k3_eps0p005,hierarchical_local_aggregate,shot_proportional,300,60,5,0.04156450055418559,0.08354921989934115,0.2395022574626726,0.38138811881186935,0.023333333333333334,0.59,0.79,0.829375,0.54,0.829375,8750.0,3412.5,0.2395022574626726,0.38138811881186935
stratified_size_rep007,stratified_size,7,b50_lb1_k3_eps0p005,hierarchical_local_aggregate,uniform,300,60,5,0.04156450055418559,0.08354921989934115,0.2395022574626726,0.38138811881186935,0.023333333333333334,0.59,0.79,0.829375,0.54,0.829375,8750.0,3412.5,0.2395022574626726,0.38138811881186935
stratified_size_rep007,stratified_size,7,b50_lb1_k3_eps0p005,local_only_offline_aggregate,confidence,300,60,5,0.03455840719064699,0.08047301509576334,0.2393437356804446,0.38138811881186935,0.04,0.6366666666666667,0.7933333333333333,0.751,0.5162500000000001,0.735,10175.0,5300.0,0.2393437356804446,0.38138811881186935
stratified_size_rep007,stratified_size,7,b50_lb1_k3_eps0p005,local_only_offline_aggregate,shot_proportional,300,60,5,0.035816667539632634,0.0805438329075985,0.23934373469902026,0.38138811881186935,0.043333333333333335,0.6333333333333333,0.7933333333333333,0.751,0.5162500000000001,0.735,10175.0,5300.0,0.23934373469902026,0.38138811881186935
stratified_size_rep007,stratified_size,7,b50_lb1_k3_eps0p005,local_only_offline_aggregate,uniform,300,60,5,0.03456603180917277,0.08048683006330304,0.23934373469902026,0.38138811881186935,0.04,0.6366666666666667,0.7933333333333333,0.751,0.5162500000000001,0.735,10175.0,5300.0,0.23934373469902026,0.38138811881186935
stratified_size_rep008,stratified_size,8,b50_lb1_k3_eps0p005,aggregate_only_sync,confidence,300,60,5,0.04080540904214634,0.08143373785674142,0.2323397947761903,0.37929752475246326,0.04,0.6033333333333334,0.8,0.838125,0.58625,0.838125,8525.0,3237.5,0.2323397947761903,0.37929752475246326
stratified_size_rep008,stratified_size,8,b50_lb1_k3_eps0p005,aggregate_only_sync,shot_proportional,300,60,5,0.04080540904214634,0.08143373785674142,0.2323397947761903,0.37929752475246326,0.04,0.6033333333333334,0.8,0.838125,0.58625,0.838125,8525.0,3237.5,0.2323397947761903,0.37929752475246326
stratified_size_rep008,stratified_size,8,b50_lb1_k3_eps0p005,aggregate_only_sync,uniform,300,60,5,0.04080540904214634,0.08143373785674142,0.2323397947761903,0.37929752475246326,0.04,0.6033333333333334,0.8,0.838125,0.58625,0.838125,8525.0,3237.5,0.2323397947761903,0.37929752475246326
stratified_size_rep008,stratified_size,8,b50_lb1_k3_eps0p005,hierarchical_local_aggregate,confidence,300,60,5,0.04040073843835558,0.08131201376272022,0.23233521873078064,0.37929752475246326,0.03333333333333333,0.6066666666666667,0.8033333333333333,0.838125,0.58625,0.838125,8525.0,3237.5,0.23233521873078064,0.37929752475246326
stratified_size_rep008,stratified_size,8,b50_lb1_k3_eps0p005,hierarchical_local_aggregate,shot_proportional,300,60,5,0.04090065627563572,0.08143373785674142,0.2323397947761903,0.37929752475246326,0.04,0.6,0.8,0.838125,0.58625,0.838125,8525.0,3237.5,0.2323397947761903,0.37929752475246326
stratified_size_rep008,stratified_size,8,b50_lb1_k3_eps0p005,hierarchical_local_aggregate,uniform,300,60,5,0.04090065627563572,0.08143373785674142,0.2323397947761903,0.37929752475246326,0.04,0.6,0.8,0.838125,0.58625,0.838125,8525.0,3237.5,0.2323397947761903,0.37929752475246326
stratified_size_rep008,stratified_size,8,b50_lb1_k3_eps0p005,local_only_offline_aggregate,confidence,300,60,5,0.0340581344067756,0.07470359923598843,0.23173369102179464,0.37929752475246326,0.05333333333333334,0.6533333333333333,0.8066666666666666,0.755625,0.5390625,0.75,10100.0,5000.0,0.23173369102179464,0.37929752475246326
stratified_size_rep008,stratified_size,8,b50_lb1_k3_eps0p005,local_only_offline_aggregate,shot_proportional,300,60,5,0.03517187978989063,0.07480553776493382,0.23173882343696214,0.37929752475246326,0.056666666666666664,0.65,0.8066666666666666,0.755625,0.5390625,0.75,10100.0,5000.0,0.23173882343696214,0.37929752475246326
stratified_size_rep008,stratified_size,8,b50_lb1_k3_eps0p005,local_only_offline_aggregate,uniform,300,60,5,0.03389912280701753,0.0746654638011622,0.2317249340550226,0.37929752475246326,0.05333333333333334,0.6533333333333333,0.8066666666666666,0.755625,0.5390625,0.75,10100.0,5000.0,0.2317249340550226,0.37929752475246326
stratified_size_rep009,stratified_size,9,b50_lb1_k3_eps0p005,aggregate_only_sync,confidence,300,60,5,0.04022020630324177,0.08018471440407439,0.2395022574626726,0.38138811881186935,0.03666666666666667,0.62,0.8,0.8343750000000001,0.5871875,0.8343750000000001,8200.0,3312.5,0.2395022574626726,0.38138811881186935
stratified_size_rep009,stratified_size,9,b50_lb1_k3_eps0p005,aggregate_only_sync,shot_proportional,300,60,5,0.04022020630324177,0.08018471440407439,0.2395022574626726,0.38138811881186935,0.03666666666666667,0.62,0.8,0.8343750000000001,0.5871875,0.8343750000000001,8200.0,3312.5,0.2395022574626726,0.38138811881186935
stratified_size_rep009,stratified_size,9,b50_lb1_k3_eps0p005,aggregate_only_sync,uniform,300,60,5,0.04022020630324177,0.08018471440407439,0.2395022574626726,0.38138811881186935,0.03666666666666667,0.62,0.8,0.8343750000000001,0.5871875,0.8343750000000001,8200.0,3312.5,0.2395022574626726,0.38138811881186935
stratified_size_rep009,stratified_size,9,b50_lb1_k3_eps0p005,hierarchical_local_aggregate,confidence,300,60,5,0.03954183519955737,0.08006299031005319,0.23950150965255676,0.38138811881186935,0.03,0.6233333333333333,0.8033333333333333,0.8343750000000001,0.5871875,0.8343750000000001,8200.0,3312.5,0.23950150965255676,0.38138811881186935
stratified_size_rep009,stratified_size,9,b50_lb1_k3_eps0p005,hierarchical_local_aggregate,shot_proportional,300,60,5,0.04022020630324177,0.08018471440407439,0.2395022574626726,0.38138811881186935,0.03666666666666667,0.6166666666666667,0.8,0.8343750000000001,0.5871875,0.8343750000000001,8200.0,3312.5,0.2395022574626726,0.38138811881186935
stratified_size_rep009,stratified_size,9,b50_lb1_k3_eps0p005,hierarchical_local_aggregate,uniform,300,60,5,0.04022020630324177,0.08018471440407439,0.2395022574626726,0.38138811881186935,0.03666666666666667,0.6166666666666667,0.8,0.8343750000000001,0.5871875,0.8343750000000001,8200.0,3312.5,0.2395022574626726,0.38138811881186935
stratified_size_rep009,stratified_size,9,b50_lb1_k3_eps0p005,local_only_offline_aggregate,confidence,300,60,5,0.0336872549019608,0.0735952242205298,0.23901664483274315,0.38138811881186935,0.04666666666666667,0.66,0.8066666666666666,0.755,0.536875,0.7525,10175.0,4950.0,0.23901664483274315,0.38138811881186935
stratified_size_rep009,stratified_size,9,b50_lb1_k3_eps0p005,local_only_offline_aggregate,shot_proportional,300,60,5,0.033889365423051265,0.07362498849971766,0.2390165284653345,0.38138811881186935,0.05,0.6566666666666666,0.8066666666666666,0.755,0.536875,0.7525,10175.0,4950.0,0.2390165284653345,0.38138811881186935
stratified_size_rep009,stratified_size,9,b50_lb1_k3_eps0p005,local_only_offline_aggregate,uniform,300,60,5,0.0335203257103257,0.07360730728772974,0.2390165284653345,0.38138811881186935,0.04666666666666667,0.66,0.8066666666666666,0.755,0.536875,0.7525,10175.0,4950.0,0.2390165284653345,0.38138811881186935
stratified_size_rep010,stratified_size,10,b50_lb1_k3_eps0p005,aggregate_only_sync,confidence,300,60,5,0.04029784125449014,0.08354921989934115,0.2395022574626726,0.38138811881186935,0.04,0.5866666666666667,0.7966666666666666,0.8343750000000001,0.576875,0.8343750000000001,8525.0,3312.5,0.2395022574626726,0.38138811881186935
stratified_size_rep010,stratified_size,10,b50_lb1_k3_eps0p005,aggregate_only_sync,shot_proportional,300,60,5,0.04029784125449014,0.08354921989934115,0.2395022574626726,0.38138811881186935,0.04,0.5866666666666667,0.7966666666666666,0.8343750000000001,0.576875,0.8343750000000001,8525.0,3312.5,0.2395022574626726,0.38138811881186935
stratified_size_rep010,stratified_size,10,b50_lb1_k3_eps0p005,aggregate_only_sync,uniform,300,60,5,0.04029784125449014,0.08354921989934115,0.2395022574626726,0.38138811881186935,0.04,0.5866666666666667,0.7966666666666666,0.8343750000000001,0.576875,0.8343750000000001,8525.0,3312.5,0.2395022574626726,0.38138811881186935
stratified_size_rep010,stratified_size,10,b50_lb1_k3_eps0p005,hierarchical_local_aggregate,confidence,300,60,5,0.04017893598027014,0.08343420138427518,0.23950150965255676,0.38138811881186935,0.03333333333333333,0.5933333333333334,0.8,0.8343750000000001,0.576875,0.8343750000000001,8525.0,3312.5,0.23950150965255676,0.38138811881186935
stratified_size_rep010,stratified_size,10,b50_lb1_k3_eps0p005,hierarchical_local_aggregate,shot_proportional,300,60,5,0.04029784125449014,0.08354921989934115,0.2395022574626726,0.38138811881186935,0.04,0.5866666666666667,0.7966666666666666,0.8343750000000001,0.576875,0.8343750000000001,8525.0,3312.5,0.2395022574626726,0.38138811881186935
stratified_size_rep010,stratified_size,10,b50_lb1_k3_eps0p005,hierarchical_local_aggregate,uniform,300,60,5,0.04029784125449014,0.08354921989934115,0.2395022574626726,0.38138811881186935,0.04,0.5866666666666667,0.7966666666666666,0.8343750000000001,0.576875,0.8343750000000001,8525.0,3312.5,0.2395022574626726,0.38138811881186935
stratified_size_rep010,stratified_size,10,b50_lb1_k3_eps0p005,local_only_offline_aggregate,confidence,300,60,5,0.03418311705016926,0.07720689700724101,0.2393437356804446,0.38138811881186935,0.05333333333333334,0.6366666666666667,0.8066666666666666,0.755,0.5275000000000001,0.7525,10100.0,4950.0,0.2393437356804446,0.38138811881186935
stratified_size_rep010,stratified_size,10,b50_lb1_k3_eps0p005,local_only_offline_aggregate,shot_proportional,300,60,5,0.03517187978989063,0.07774246226029788,0.23934373469902026,0.38138811881186935,0.056666666666666664,0.6366666666666667,0.8066666666666666,0.755,0.5275000000000001,0.7525,10100.0,4950.0,0.23934373469902026,0.38138811881186935
stratified_size_rep010,stratified_size,10,b50_lb1_k3_eps0p005,local_only_offline_aggregate,uniform,300,60,5,0.03410004764075631,0.07717265804061381,0.23934373469902026,0.38138811881186935,0.05333333333333334,0.6366666666666667,0.8066666666666666,0.755,0.5275000000000001,0.7525,10100.0,4950.0,0.23934373469902026,0.38138811881186935
stratified_size_rep011,stratified_size,11,b50_lb1_k3_eps0p005,aggregate_only_sync,confidence,300,60,5,0.04080540904214634,0.0837771146361832,0.23877393345777967,0.38138811881186935,0.02666666666666667,0.5933333333333334,0.7966666666666666,0.84125,0.576875,0.84125,8200.0,3175.0,0.23877393345777967,0.38138811881186935
stratified_size_rep011,stratified_size,11,b50_lb1_k3_eps0p005,aggregate_only_sync,shot_proportional,300,60,5,0.04080540904214634,0.0837771146361832,0.23877393345777967,0.38138811881186935,0.02666666666666667,0.5933333333333334,0.7966666666666666,0.84125,0.576875,0.84125,8200.0,3175.0,0.23877393345777967,0.38138811881186935
stratified_size_rep011,stratified_size,11,b50_lb1_k3_eps0p005,aggregate_only_sync,uniform,300,60,5,0.04080540904214634,0.0837771146361832,0.23877393345777967,0.38138811881186935,0.02666666666666667,0.5933333333333334,0.7966666666666666,0.84125,0.576875,0.84125,8200.0,3175.0,0.23877393345777967,0.38138811881186935
stratified_size_rep011,stratified_size,11,b50_lb1_k3_eps0p005,hierarchical_local_aggregate,confidence,300,60,5,0.04040073843835558,0.08366162182663071,0.23877440144397835,0.38138811881186935,0.02,0.5966666666666667,0.8,0.84125,0.576875,0.84125,8200.0,3175.0,0.23877440144397835,0.38138811881186935
stratified_size_rep011,stratified_size,11,b50_lb1_k3_eps0p005,hierarchical_local_aggregate,shot_proportional,300,60,5,0.04090065627563572,0.0837771146361832,0.23877393345777967,0.38138811881186935,0.02666666666666667,0.59,0.7966666666666666,0.84125,0.576875,0.84125,8200.0,3175.0,0.23877393345777967,0.38138811881186935
stratified_size_rep011,stratified_size,11,b50_lb1_k3_eps0p005,hierarchical_local_aggregate,uniform,300,60,5,0.04090065627563572,0.0837771146361832,0.23877393345777967,0.38138811881186935,0.02666666666666667,0.59,0.7966666666666666,0.84125,0.576875,0.84125,8200.0,3175.0,0.23877393345777967,0.38138811881186935
stratified_size_rep011,stratified_size,11,b50_lb1_k3_eps0p005,local_only_offline_aggregate,confidence,300,60,5,0.0340581344067756,0.07720689700724101,0.2379963776284966,0.38138811881186935,0.03,0.6366666666666667,0.8066666666666666,0.755625,0.5275000000000001,0.7525,10100.0,4950.0,0.2379963776284966,0.38138811881186935
stratified_size_rep011,stratified_size,11,b50_lb1_k3_eps0p005,local_only_offline_aggregate,shot_proportional,300,60,5,0.03568352840029849,0.07774246226029788,0.23799550123765587,0.38138811881186935,0.03333333333333333,0.6333333333333333,0.8066666666666666,0.755625,0.5275000000000001,0.7525,10100.0,4950.0,0.23799550123765587,0.38138811881186935
stratified_size_rep011,stratified_size,11,b50_lb1_k3_eps0p005,local_only_offline_aggregate,uniform,300,60,5,0.03389912280701753,0.07717265804061381,0.23799550123765587,0.38138811881186935,0.03,0.6366666666666667,0.8066666666666666,0.755625,0.5275000000000001,0.7525,10100.0,4950.0,0.23799550123765587,0.38138811881186935
stratified_size_rep012,stratified_size,12,b50_lb1_k3_eps0p005,aggregate_only_sync,confidence,300,60,5,0.040511542553191476,0.07013932349357546,0.23287770833332477,0.38138811881186935,0.03666666666666667,0.6266666666666667,0.83,0.846875,0.5871875,0.846875,8325.0,3062.5,0.23287770833332477,0.38138811881186935
stratified_size_rep012,stratified_size,12,b50_lb1_k3_eps0p005,aggregate_only_sync,shot_proportional,300,60,5,0.040511542553191476,0.07013932349357546,0.23287770833332477,0.38138811881186935,0.03666666666666667,0.6266666666666667,0.83,0.846875,0.5871875,0.846875,8325.0,3062.5,0.23287770833332477,0.38138811881186935
stratified_size_rep012,stratified_size,12,b50_lb1_k3_eps0p005,aggregate_only_sync,uniform,300,60,5,0.040511542553191476,0.07013932349357546,0.23287770833332477,0.38138811881186935,0.03666666666666667,0.6266666666666667,0.83,0.846875,0.5871875,0.846875,8325.0,3062.5,0.23287770833332477,0.38138811881186935
stratified_size_rep012,stratified_size,12,b50_lb1_k3_eps0p005,hierarchical_local_aggregate,confidence,300,60,5,0.04017893598027014,0.07013984690172702,0.23287653730817032,0.38138811881186935,0.03,0.6333333333333333,0.8333333333333334,0.8474999999999999,0.5871875,0.846875,8325.0,3062.5,0.23287653730817032,0.38138811881186935
stratified_size_rep012,stratified_size,12,b50_lb1_k3_eps0p005,hierarchical_local_aggregate,shot_proportional,300,60,5,0.040511542553191476,0.07013932349357546,0.23287770833332477,0.38138811881186935,0.03666666666666667,0.6233333333333333,0.83,0.8474999999999999,0.5871875,0.846875,8325.0,3062.5,0.23287770833332477,0.38138811881186935
stratified_size_rep012,stratified_size,12,b50_lb1_k3_eps0p005,hierarchical_local_aggregate,uniform,300,60,5,0.040511542553191476,0.07013932349357546,0.23287770833332477,0.38138811881186935,0.03666666666666667,0.6233333333333333,0.83,0.8474999999999999,0.5871875,0.846875,8325.0,3062.5,0.23287770833332477,0.38138811881186935
stratified_size_rep012,stratified_size,12,b50_lb1_k3_eps0p005,local_only_offline_aggregate,confidence,300,60,5,0.03388689435606275,0.06587577929809196,0.23232350343013053,0.38138811881186935,0.04666666666666667,0.6666666666666666,0.8366666666666667,0.770625,0.5390625,0.76125,10100.0,4775.0,0.23232350343013053,0.38138811881186935
stratified_size_rep012,stratified_size,12,b50_lb1_k3_eps0p005,local_only_offline_aggregate,shot_proportional,300,60,5,0.03412741210374644,0.06587659314515294,0.2323349257425636,0.38138811881186935,0.05,0.6633333333333333,0.8366666666666667,0.770625,0.5390625,0.76125,10100.0,4775.0,0.2323349257425636,0.38138811881186935
stratified_size_rep012,stratified_size,12,b50_lb1_k3_eps0p005,local_only_offline_aggregate,uniform,300,60,5,0.03371973460436794,0.06587429619161382,0.2323349257425636,0.38138811881186935,0.04666666666666667,0.6666666666666666,0.8366666666666667,0.770625,0.5390625,0.76125,10100.0,4775.0,0.2323349257425636,0.38138811881186935
stratified_size_rep013,stratified_size,13,b50_lb1_k3_eps0p005,aggregate_only_sync,confidence,300,60,5,0.04156450055418559,0.08818038195310385,0.23877393345777967,0.38138811881186935,0.023333333333333334,0.59,0.79,0.8225,0.5559375,0.8225,9150.0,3550.0,0.23877393345777967,0.38138811881186935
stratified_size_rep013,stratified_size,13,b50_lb1_k3_eps0p005,aggregate_only_sync,shot_proportional,300,60,5,0.04156450055418559,0.08818038195310385,0.23877393345777967,0.38138811881186935,0.023333333333333334,0.59,0.79,0.8225,0.5559375,0.8225,9150.0,3550.0,0.23877393345777967,0.38138811881186935
stratified_size_rep013,stratified_size,13,b50_lb1_k3_eps0p005,aggregate_only_sync,uniform,300,60,5,0.04156450055418559,0.08818038195310385,0.23877393345777967,0.38138811881186935,0.023333333333333334,0.59,0.79,0.8225,0.5559375,0.8225,9150.0,3550.0,0.23877393345777967,0.38138811881186935
stratified_size_rep013,stratified_size,13,b50_lb1_k3_eps0p005,hierarchical_local_aggregate,confidence,300,60,5,0.041374829530364934,0.08773093630608894,0.23877440144397835,0.38138811881186935,0.016666666666666666,0.5933333333333334,0.7933333333333333,0.8225,0.5559375,0.8225,9050.0,3550.0,0.23877440144397835,0.38138811881186935
stratified_size_rep013,stratified_size,13,b50_lb1_k3_eps0p005,hierarchical_local_aggregate,shot_proportional,300,60,5,0.0417693082830624,0.08818038195310385,0.23877393345777967,0.38138811881186935,0.023333333333333334,0.5866666666666667,0.79,0.8225,0.5559375,0.8225,9050.0,3550.0,0.23877393345777967,0.38138811881186935
stratified_size_rep013,stratified_size,13,b50_lb1_k3_eps0p005,hierarchical_local_aggregate,uniform,300,60,5,0.0417693082830624,0.08818038195310385,0.23877393345777967,0.38138811881186935,0.023333333333333334,0.5866666666666667,0.79,0.8225,0.5559375,0.8225,9050.0,3550.0,0.23877393345777967,0.38138811881186935
stratified_size_rep013,stratified_size,13,b50_lb1_k3_eps0p005,local_only_offline_aggregate,confidence,300,60,5,0.035364536345591904,0.080544403727901,0.23801359293627034,0.38138811881186935,0.04,0.6333333333333333,0.8,0.7309375,0.52125,0.7037500000000001,11025.0,5925.0,0.23801359293627034,0.38138811881186935
stratified_size_rep013,stratified_size,13,b50_lb1_k3_eps0p005,local_only_offline_aggregate,shot_proportional,300,60,5,0.03648667451322195,0.0805438329075985,0.23801272261837617,0.38138811881186935,0.043333333333333335,0.63,0.8,0.7309375,0.52125,0.7037500000000001,11025.0,5925.0,0.23801272261837617,0.38138811881186935
stratified_size_rep013,stratified_size,13,b50_lb1_k3_eps0p005,local_only_offline_aggregate,uniform,300,60,5,0.03538148490441191,0.08054081853391265,0.23801272261837617,0.38138811881186935,0.04,0.6333333333333333,0.8,0.7309375,0.52125,0.7037500000000001,11025.0,5925.0,0.23801272261837617,0.38138811881186935
stratified_size_rep014,stratified_size,14,b50_lb1_k3_eps0p005,aggregate_only_sync,confidence,300,60,5,0.04080540904214634,0.07204824041811844,0.23287770833332477,0.38138811881186935,0.02666666666666667,0.6066666666666667,0.8266666666666667,0.846875,0.591875,0.846875,7800.0,3062.5,0.23287770833332477,0.38138811881186935
stratified_size_rep014,stratified_size,14,b50_lb1_k3_eps0p005,aggregate_only_sync,shot_proportional,300,60,5,0.04080540904214634,0.07204824041811844,0.23287770833332477,0.38138811881186935,0.02666666666666667,0.6066666666666667,0.8266666666666667,0.846875,0.591875,0.846875,7800.0,3062.5,0.23287770833332477,0.38138811881186935
stratified_size_rep014,stratified_size,14,b50_lb1_k3_eps0p005,aggregate_only_sync,uniform,300,60,5,0.04080540904214634,0.07204824041811844,0.23287770833332477,0.38138811881186935,0.02666666666666667,0.6066666666666667,0.8266666666666667,0.846875,0.591875,0.846875,7800.0,3062.5,0.23287770833332477,0.38138811881186935
stratified_size_rep014,stratified_size,14,b50_lb1_k3_eps0p005,hierarchical_local_aggregate,confidence,300,60,5,0.040363553180416845,0.07187814249957052,0.23287653730817032,0.38138811881186935,0.02,0.6133333333333333,0.8266666666666667,0.8474999999999999,0.591875,0.846875,7800.0,3062.5,0.23287653730817032,0.38138811881186935
stratified_size_rep014,stratified_size,14,b50_lb1_k3_eps0p005,hierarchical_local_aggregate,shot_proportional,300,60,5,0.04090065627563572,0.07204824041811844,0.23287770833332477,0.38138811881186935,0.02666666666666667,0.6033333333333334,0.8266666666666667,0.8474999999999999,0.591875,0.846875,7800.0,3062.5,0.23287770833332477,0.38138811881186935
stratified_size_rep014,stratified_size,14,b50_lb1_k3_eps0p005,hierarchical_local_aggregate,uniform,300,60,5,0.04090065627563572,0.07204824041811844,0.23287770833332477,0.38138811881186935,0.02666666666666667,0.6033333333333334,0.8266666666666667,0.8474999999999999,0.591875,0.846875,7800.0,3062.5,0.23287770833332477,0.38138811881186935
stratified_size_rep014,stratified_size,14,b50_lb1_k3_eps0p005,local_only_offline_aggregate,confidence,300,60,5,0.03389912280701753,0.06696488904456503,0.23232350343013053,0.38138811881186935,0.043333333333333335,0.66,0.83,0.770625,0.5390625,0.76125,10075.0,4775.0,0.23232350343013053,0.38138811881186935
stratified_size_rep014,stratified_size,14,b50_lb1_k3_eps0p005,local_only_offline_aggregate,shot_proportional,300,60,5,0.03458113999490284,0.06721150732341385,0.2323349257425636,0.38138811881186935,0.04666666666666667,0.6566666666666666,0.83,0.770625,0.5390625,0.76125,10075.0,4775.0,0.2323349257425636,0.38138811881186935
stratified_size_rep014,stratified_size,14,b50_lb1_k3_eps0p005,local_only_offline_aggregate,uniform,300,60,5,0.03377412280701753,0.06698186772597642,0.2323349257425636,0.38138811881186935,0.043333333333333335,0.66,0.83,0.770625,0.5390625,0.76125,10075.0,4775.0,0.2323349257425636,0.38138811881186935
stratified_size_rep015,stratified_size,15,b50_lb1_k3_eps0p005,aggregate_only_sync,confidence,300,60,5,0.04029784125449014,0.08612720272904549,0.2395022574626726,0.38138811881186935,0.023333333333333334,0.6,0.7966666666666666,0.826875,0.56125,0.826875,8400.0,3462.5,0.2395022574626726,0.38138811881186935
stratified_size_rep015,stratified_size,15,b50_lb1_k3_eps0p005,aggregate_only_sync,shot_proportional,300,60,5,0.04029784125449014,0.08612720272904549,0.2395022574626726,0.38138811881186935,0.023333333333333334,0.6,0.7966666666666666,0.826875,0.56125,0.826875,8400.0,3462.5,0.2395022574626726,0.38138811881186935
stratified_size_rep015,stratified_size,15,b50_lb1_k3_eps0p005,aggregate_only_sync,uniform,300,60,5,0.04029784125449014,0.08612720272904549,0.2395022574626726,0.38138811881186935,0.023333333333333334,0.6,0.7966666666666666,0.826875,0.56125,0.826875,8400.0,3462.5,0.2395022574626726,0.38138811881186935
stratified_size_rep015,stratified_size,15,b50_lb1_k3_eps0p005,hierarchical_local_aggregate,confidence,300,60,5,0.04017893598027014,0.08597828716485197,0.23950150965255676,0.38138811881186935,0.016666666666666666,0.6066666666666667,0.8,0.826875,0.56125,0.826875,8400.0,3462.5,0.23950150965255676,0.38138811881186935
stratified_size_rep015,stratified_size,15,b50_lb1_k3_eps0p005,hierarchical_local_aggregate,shot_proportional,300,60,5,0.04029784125449014,0.08612720272904549,0.2395022574626726,0.38138811881186935,0.023333333333333334,0.6,0.7966666666666666,0.826875,0.56125,0.826875,8400.0,3462.5,0.2395022574626726,0.38138811881186935
stratified_size_rep015,stratified_size,15,b50_lb1_k3_eps0p005,hierarchical_local_aggregate,uniform,300,60,5,0.04029784125449014,0.08612720272904549,0.2395022574626726,0.38138811881186935,0.023333333333333334,0.6,0.7966666666666666,0.826875,0.56125,0.826875,8400.0,3462.5,0.2395022574626726,0.38138811881186935
stratified_size_rep015,stratified_size,15,b50_lb1_k3_eps0p005,local_only_offline_aggregate,confidence,300,60,5,0.03388689435606275,0.07704776667533728,0.2393437356804446,0.38138811881186935,0.04,0.64,0.8066666666666666,0.755625,0.5275000000000001,0.75,10100.0,5000.0,0.2393437356804446,0.38138811881186935
stratified_size_rep015,stratified_size,15,b50_lb1_k3_eps0p005,local_only_offline_aggregate,shot_proportional,300,60,5,0.03397933333333338,0.07733000036733331,0.23934373469902026,0.38138811881186935,0.043333333333333335,0.64,0.8066666666666666,0.755625,0.5275000000000001,0.75,10100.0,5000.0,0.23934373469902026,0.38138811881186935
stratified_size_rep015,stratified_size,15,b50_lb1_k3_eps0p005,local_only_offline_aggregate,uniform,300,60,5,0.03371973460436794,0.07691546582709266,0.23934373469902026,0.38138811881186935,0.04,0.64,0.8066666666666666,0.755625,0.5275000000000001,0.75,10100.0,5000.0,0.23934373469902026,0.38138811881186935
stratified_size_rep016,stratified_size,16,b50_lb1_k3_eps0p005,aggregate_only_sync,confidence,300,60,5,0.04080540904214634,0.08139727746018688,0.23877393345777967,0.38138811881186935,0.04,0.5933333333333334,0.8066666666666666,0.8400000000000001,0.58625,0.8400000000000001,8400.0,3200.0,0.23877393345777967,0.38138811881186935
stratified_size_rep016,stratified_size,16,b50_lb1_k3_eps0p005,aggregate_only_sync,shot_proportional,300,60,5,0.04080540904214634,0.08139727746018688,0.23877393345777967,0.38138811881186935,0.04,0.5933333333333334,0.8066666666666666,0.8400000000000001,0.58625,0.8400000000000001,8400.0,3200.0,0.23877393345777967,0.38138811881186935
stratified_size_rep016,stratified_size,16,b50_lb1_k3_eps0p005,aggregate_only_sync,uniform,300,60,5,0.04080540904214634,0.08139727746018688,0.23877393345777967,0.38138811881186935,0.04,0.5933333333333334,0.8066666666666666,0.8400000000000001,0.58625,0.8400000000000001,8400.0,3200.0,0.23877393345777967,0.38138811881186935
stratified_size_rep016,stratified_size,16,b50_lb1_k3_eps0p005,hierarchical_local_aggregate,confidence,300,60,5,0.04090065627563572,0.08131201376272022,0.23877440144397835,0.38138811881186935,0.03333333333333333,0.6,0.81,0.8400000000000001,0.58625,0.8400000000000001,8400.0,3200.0,0.23877440144397835,0.38138811881186935
stratified_size_rep016,stratified_size,16,b50_lb1_k3_eps0p005,hierarchical_local_aggregate,shot_proportional,300,60,5,0.04090065627563572,0.08139727746018688,0.23877393345777967,0.38138811881186935,0.04,0.5933333333333334,0.8066666666666666,0.8400000000000001,0.58625,0.8400000000000001,8400.0,3200.0,0.23877393345777967,0.38138811881186935
stratified_size_rep016,stratified_size,16,b50_lb1_k3_eps0p005,hierarchical_local_aggregate,uniform,300,60,5,0.04090065627563572,0.08139727746018688,0.23877393345777967,0.38138811881186935,0.04,0.5933333333333334,0.8066666666666666,0.8400000000000001,0.58625,0.8400000000000001,8400.0,3200.0,0.23877393345777967,0.38138811881186935
stratified_size_rep016,stratified_size,16,b50_lb1_k3_eps0p005,local_only_offline_aggregate,confidence,300,60,5,0.03455840719064699,0.07555513267687253,0.2379963776284966,0.38138811881186935,0.056666666666666664,0.6466666666666666,0.8166666666666667,0.755625,0.5390625,0.7525,10100.0,4950.0,0.2379963776284966,0.38138811881186935
stratified_size_rep016,stratified_size,16,b50_lb1_k3_eps0p005,local_only_offline_aggregate,shot_proportional,300,60,5,0.035483287322680995,0.07562973963992262,0.23799550123765587,0.38138811881186935,0.06,0.6466666666666666,0.8166666666666667,0.755625,0.5390625,0.7525,10100.0,4950.0,0.23799550123765587,0.38138811881186935
stratified_size_rep016,stratified_size,16,b50_lb1_k3_eps0p005,local_only_offline_aggregate,uniform,300,60,5,0.03456603180917277,0.07551566186069676,0.23799550123765587,0.38138811881186935,0.056666666666666664,0.6466666666666666,0.8166666666666667,0.755625,0.5390625,0.7525,10100.0,4950.0,0.23799550123765587,0.38138811881186935
stratified_size_rep017,stratified_size,17,b50_lb1_k3_eps0p005,aggregate_only_sync,confidence,300,60,5,0.040245555458055166,0.07457587053780732,0.2171334328358293,0.37929752475246326,0.03333333333333333,0.6133333333333333,0.8133333333333334,0.846875,0.5925,0.846875,7900.0,3062.5,0.2171334328358293,0.37929752475246326
stratified_size_rep017,stratified_size,17,b50_lb1_k3_eps0p005,aggregate_only_sync,shot_proportional,300,60,5,0.040245555458055166,0.07457587053780732,0.2171334328358293,0.37929752475246326,0.03333333333333333,0.6133333333333333,0.8133333333333334,0.846875,0.5925,0.846875,7900.0,3062.5,0.2171334328358293,0.37929752475246326
stratified_size_rep017,stratified_size,17,b50_lb1_k3_eps0p005,aggregate_only_sync,uniform,300,60,5,0.040245555458055166,0.07457587053780732,0.2171334328358293,0.37929752475246326,0.03333333333333333,0.6133333333333333,0.8133333333333334,0.846875,0.5925,0.846875,7900.0,3062.5,0.2171334328358293,0.37929752475246326
stratified_size_rep017,stratified_size,17,b50_lb1_k3_eps0p005,hierarchical_local_aggregate,confidence,300,60,5,0.03965668751436725,0.07432279503897016,0.21713372947889564,0.37929752475246326,0.03333333333333333,0.62,0.8166666666666667,0.8474999999999999,0.5925,0.846875,7900.0,3062.5,0.21713372947889564,0.37929752475246326
stratified_size_rep017,stratified_size,17,b50_lb1_k3_eps0p005,hierarchical_local_aggregate,shot_proportional,300,60,5,0.040245555458055166,0.07457587053780732,0.2171334328358293,0.37929752475246326,0.03333333333333333,0.61,0.8133333333333334,0.8474999999999999,0.5925,0.846875,7900.0,3062.5,0.2171334328358293,0.37929752475246326
stratified_size_rep017,stratified_size,17,b50_lb1_k3_eps0p005,hierarchical_local_aggregate,uniform,300,60,5,0.040245555458055166,0.07457587053780732,0.2171334328358293,0.37929752475246326,0.03333333333333333,0.61,0.8133333333333334,0.8474999999999999,0.5925,0.846875,7900.0,3062.5,0.2171334328358293,0.37929752475246326
stratified_size_rep017,stratified_size,17,b50_lb1_k3_eps0p005,local_only_offline_aggregate,confidence,300,60,5,0.033954438215711875,0.06948783783783782,0.21648491550403423,0.37929752475246326,0.05333333333333334,0.6633333333333333,0.8233333333333334,0.770625,0.536875,0.76125,10175.0,4775.0,0.21648491550403423,0.37929752475246326
stratified_size_rep017,stratified_size,17,b50_lb1_k3_eps0p005,local_only_offline_aggregate,shot_proportional,300,60,5,0.034445727891156505,0.06948783783783782,0.2164845169942426,0.37929752475246326,0.05333333333333334,0.66,0.8233333333333334,0.770625,0.536875,0.76125,10175.0,4775.0,0.2164845169942426,0.37929752475246326
stratified_size_rep017,stratified_size,17,b50_lb1_k3_eps0p005,local_only_offline_aggregate,uniform,300,60,5,0.03377719074471881,0.06948783783783782,0.2164845169942426,0.37929752475246326,0.05333333333333334,0.6633333333333333,0.8233333333333334,0.770625,0.536875,0.76125,10175.0,4775.0,0.2164845169942426,0.37929752475246326
stratified_size_rep018,stratified_size,18,b50_lb1_k3_eps0p005,aggregate_only_sync,confidence,300,60,5,0.042002893288084334,0.08354921989934115,0.21819866169154994,0.38138811881186935,0.023333333333333334,0.5833333333333334,0.8033333333333333,0.8256249999999999,0.576875,0.8256249999999999,9000.0,3487.5,0.21819866169154994,0.38138811881186935
stratified_size_rep018,stratified_size,18,b50_lb1_k3_eps0p005,aggregate_only_sync,shot_proportional,300,60,5,0.042002893288084334,0.08354921989934115,0.21819866169154994,0.38138811881186935,0.023333333333333334,0.5833333333333334,0.8033333333333333,0.8256249999999999,0.576875,0.8256249999999999,9000.0,3487.5,0.21819866169154994,0.38138811881186935
stratified_size_rep018,stratified_size,18,b50_lb1_k3_eps0p005,aggregate_only_sync,uniform,300,60,5,0.042002893288084334,0.08354921989934115,0.21819866169154994,0.38138811881186935,0.023333333333333334,0.5833333333333334,0.8033333333333333,0.8256249999999999,0.576875,0.8256249999999999,9000.0,3487.5,0.21819866169154994,0.38138811881186935
stratified_size_rep018,stratified_size,18,b50_lb1_k3_eps0p005,hierarchical_local_aggregate,confidence,300,60,5,0.0417884562392824,0.08343420138427518,0.21819861200683555,0.38138811881186935,0.016666666666666666,0.5866666666666667,0.8066666666666666,0.8256249999999999,0.576875,0.8256249999999999,8950.0,3487.5,0.21819861200683555,0.38138811881186935
stratified_size_rep018,stratified_size,18,b50_lb1_k3_eps0p005,hierarchical_local_aggregate,shot_proportional,300,60,5,0.042002893288084334,0.08354921989934115,0.21819866169154994,0.38138811881186935,0.023333333333333334,0.58,0.8033333333333333,0.8256249999999999,0.576875,0.8256249999999999,8950.0,3487.5,0.21819866169154994,0.38138811881186935
stratified_size_rep018,stratified_size,18,b50_lb1_k3_eps0p005,hierarchical_local_aggregate,uniform,300,60,5,0.042002893288084334,0.08354921989934115,0.21819866169154994,0.38138811881186935,0.023333333333333334,0.58,0.8033333333333333,0.8256249999999999,0.576875,0.8256249999999999,8950.0,3487.5,0.21819866169154994,0.38138811881186935
stratified_size_rep018,stratified_size,18,b50_lb1_k3_eps0p005,local_only_offline_aggregate,confidence,300,60,5,0.03677405911943055,0.07720689700724101,0.21774303400555953,0.38138811881186935,0.04,0.6333333333333333,0.8133333333333334,0.751,0.5275000000000001,0.735,10175.0,5300.0,0.21774303400555953,0.38138811881186935
stratified_size_rep018,stratified_size,18,b50_lb1_k3_eps0p005,local_only_offline_aggregate,shot_proportional,300,60,5,0.03696479477247,0.07774246226029788,0.21774331402394498,0.38138811881186935,0.043333333333333335,0.63,0.8133333333333334,0.751,0.5275000000000001,0.735,10175.0,5300.0,0.21774331402394498,0.38138811881186935
stratified_size_rep018,stratified_size,18,b50_lb1_k3_eps0p005,local_only_offline_aggregate,uniform,300,60,5,0.03669423351672997,0.07717265804061381,0.21774331402394498,0.38138811881186935,0.04,0.6333333333333333,0.8133333333333334,0.751,0.5275000000000001,0.735,10175.0,5300.0,0.21774331402394498,0.38138811881186935
stratified_size_rep019,stratified_size,19,b50_lb1_k3_eps0p005,aggregate_only_sync,confidence,300,60,5,0.04193200884803415,0.07884503294518327,0.2323397947761903,0.38138811881186935,0.04,0.5833333333333334,0.8033333333333333,0.8343750000000001,0.56125,0.8343750000000001,9000.0,3312.5,0.2323397947761903,0.38138811881186935
stratified_size_rep019,stratified_size,19,b50_lb1_k3_eps0p005,aggregate_only_sync,shot_proportional,300,60,5,0.04193200884803415,0.07884503294518327,0.2323397947761903,0.38138811881186935,0.04,0.5833333333333334,0.8033333333333333,0.8343750000000001,0.56125,0.8343750000000001,9000.0,3312.5,0.2323397947761903,0.38138811881186935
stratified_size_rep019,stratified_size,19,b50_lb1_k3_eps0p005,aggregate_only_sync,uniform,300,60,5,0.04193200884803415,0.07884503294518327,0.2323397947761903,0.38138811881186935,0.04,0.5833333333333334,0.8033333333333333,0.8343750000000001,0.56125,0.8343750000000001,9000.0,3312.5,0.2323397947761903,0.38138811881186935
stratified_size_rep019,stratified_size,19,b50_lb1_k3_eps0p005,hierarchical_local_aggregate,confidence,300,60,5,0.04152786328622017,0.07884489397814365,0.23233521873078064,0.38138811881186935,0.03333333333333333,0.59,0.8066666666666666,0.8343750000000001,0.56125,0.8343750000000001,8925.0,3312.5,0.23233521873078064,0.38138811881186935
stratified_size_rep019,stratified_size,19,b50_lb1_k3_eps0p005,hierarchical_local_aggregate,shot_proportional,300,60,5,0.042002893288084334,0.07884503294518327,0.2323397947761903,0.38138811881186935,0.04,0.58,0.8033333333333333,0.8343750000000001,0.56125,0.8343750000000001,8925.0,3312.5,0.2323397947761903,0.38138811881186935
stratified_size_rep019,stratified_size,19,b50_lb1_k3_eps0p005,hierarchical_local_aggregate,uniform,300,60,5,0.042002893288084334,0.07884503294518327,0.2323397947761903,0.38138811881186935,0.04,0.58,0.8033333333333333,0.8343750000000001,0.56125,0.8343750000000001,8925.0,3312.5,0.2323397947761903,0.38138811881186935
stratified_size_rep019,stratified_size,19,b50_lb1_k3_eps0p005,local_only_offline_aggregate,confidence,300,60,5,0.03619165936975521,0.07422028589342738,0.23173369102179464,0.38138811881186935,0.056666666666666664,0.64,0.8133333333333334,0.751,0.5275000000000001,0.735,10100.0,5300.0,0.23173369102179464,0.38138811881186935
stratified_size_rep019,stratified_size,19,b50_lb1_k3_eps0p005,local_only_offline_aggregate,shot_proportional,300,60,5,0.03696479477247,0.0742196549660169,0.23173882343696214,0.38138811881186935,0.06,0.6366666666666667,0.8133333333333334,0.751,0.5275000000000001,0.735,10100.0,5300.0,0.23173882343696214,0.38138811881186935
stratified_size_rep019,stratified_size,19,b50_lb1_k3_eps0p005,local_only_offline_aggregate,uniform,300,60,5,0.03622531138994005,0.07422278517416295,0.2317249340550226,0.38138811881186935,0.056666666666666664,0.64,0.8133333333333334,0.751,0.5275000000000001,0.735,10100.0,5300.0,0.2317249340550226,0.38138811881186935
stratified_size_rep020,stratified_size,20,b50_lb1_k3_eps0p005,aggregate_only_sync,confidence,300,60,5,0.04080540904214634,0.07735256588773512,0.23287770833332477,0.38138811881186935,0.023333333333333334,0.61,0.81,0.838125,0.5800000000000001,0.838125,8525.0,3237.5,0.23287770833332477,0.38138811881186935
stratified_size_rep020,stratified_size,20,b50_lb1_k3_eps0p005,aggregate_only_sync,shot_proportional,300,60,5,0.04080540904214634,0.07735256588773512,0.23287770833332477,0.38138811881186935,0.023333333333333334,0.61,0.81,0.838125,0.5800000000000001,0.838125,8525.0,3237.5,0.23287770833332477,0.38138811881186935
stratified_size_rep020,stratified_size,20,b50_lb1_k3_eps0p005,aggregate_only_sync,uniform,300,60,5,0.04080540904214634,0.07735256588773512,0.23287770833332477,0.38138811881186935,0.023333333333333334,0.61,0.81,0.838125,0.5800000000000001,0.838125,8525.0,3237.5,0.23287770833332477,0.38138811881186935
stratified_size_rep020,stratified_size,20,b50_lb1_k3_eps0p005,hierarchical_local_aggregate,confidence,300,60,5,0.040629257080126484,0.07735062586634617,0.23287653730817032,0.38138811881186935,0.016666666666666666,0.6166666666666667,0.8133333333333334,0.838125,0.5800000000000001,0.838125,8525.0,3237.5,0.23287653730817032,0.38138811881186935
stratified_size_rep020,stratified_size,20,b50_lb1_k3_eps0p005,hierarchical_local_aggregate,shot_proportional,300,60,5,0.04090065627563572,0.07735256588773512,0.23287770833332477,0.38138811881186935,0.023333333333333334,0.61,0.81,0.838125,0.5800000000000001,0.838125,8525.0,3237.5,0.23287770833332477,0.38138811881186935
stratified_size_rep020,stratified_size,20,b50_lb1_k3_eps0p005,hierarchical_local_aggregate,uniform,300,60,5,0.04090065627563572,0.07735256588773512,0.23287770833332477,0.38138811881186935,0.023333333333333334,0.61,0.81,0.838125,0.5800000000000001,0.838125,8525.0,3237.5,0.23287770833332477,0.38138811881186935
stratified_size_rep020,stratified_size,20,b50_lb1_k3_eps0p005,local_only_offline_aggregate,confidence,300,60,5,0.03418311705016926,0.0722527079142583,0.23232350343013053,0.38138811881186935,0.04,0.6566666666666666,0.82,0.755625,0.5275000000000001,0.7525,10175.0,4950.0,0.23232350343013053,0.38138811881186935
stratified_size_rep020,stratified_size,20,b50_lb1_k3_eps0p005,local_only_offline_aggregate,shot_proportional,300,60,5,0.03517187978989063,0.07225243666000777,0.2323349257425636,0.38138811881186935,0.043333333333333335,0.6566666666666666,0.82,0.755625,0.5275000000000001,0.7525,10175.0,4950.0,0.2323349257425636,0.38138811881186935
stratified_size_rep020,stratified_size,20,b50_lb1_k3_eps0p005,local_only_offline_aggregate,uniform,300,60,5,0.03410004764075631,0.0722534440162213,0.2323349257425636,0.38138811881186935,0.04,0.6566666666666666,0.82,0.755625,0.5275000000000001,0.7525,10175.0,4950.0,0.2323349257425636,0.38138811881186935
stratified_size_rep021,stratified_size,21,b50_lb1_k3_eps0p005,aggregate_only_sync,confidence,300,60,5,0.040001101994851504,0.07962186262328101,0.23933121268655538,0.38138811881186935,0.04,0.6066666666666667,0.8066666666666666,0.8512500000000001,0.581875,0.8512500000000001,7625.0,2975.0,0.23933121268655538,0.38138811881186935
stratified_size_rep021,stratified_size,21,b50_lb1_k3_eps0p005,aggregate_only_sync,shot_proportional,300,60,5,0.040001101994851504,0.07962186262328101,0.23933121268655538,0.38138811881186935,0.04,0.6066666666666667,0.8066666666666666,0.8512500000000001,0.581875,0.8512500000000001,7625.0,2975.0,0.23933121268655538,0.38138811881186935
stratified_size_rep021,stratified_size,21,b50_lb1_k3_eps0p005,aggregate_only_sync,uniform,300,60,5,0.040001101994851504,0.07962186262328101,0.23933121268655538,0.38138811881186935,0.04,0.6066666666666667,0.8066666666666666,0.8512500000000001,0.581875,0.8512500000000001,7625.0,2975.0,0.23933121268655538,0.38138811881186935
stratified_size_rep021,stratified_size,21,b50_lb1_k3_eps0p005,hierarchical_local_aggregate,confidence,300,60,5,0.0392925667612852,0.07962186262328101,0.23933117332812823,0.38138811881186935,0.03333333333333333,0.61,0.81,0.8512500000000001,0.581875,0.8512500000000001,7625.0,2975.0,0.23933117332812823,0.38138811881186935
stratified_size_rep021,stratified_size,21,b50_lb1_k3_eps0p005,hierarchical_local_aggregate,shot_proportional,300,60,5,0.040001101994851504,0.07962186262328101,0.23933121268655538,0.38138811881186935,0.04,0.6033333333333334,0.8066666666666666,0.8512500000000001,0.581875,0.8512500000000001,7625.0,2975.0,0.23933121268655538,0.38138811881186935
stratified_size_rep021,stratified_size,21,b50_lb1_k3_eps0p005,hierarchical_local_aggregate,uniform,300,60,5,0.040001101994851504,0.07962186262328101,0.23933121268655538,0.38138811881186935,0.04,0.6033333333333334,0.8066666666666666,0.8512500000000001,0.581875,0.8512500000000001,7625.0,2975.0,0.23933121268655538,0.38138811881186935
stratified_size_rep021,stratified_size,21,b50_lb1_k3_eps0p005,local_only_offline_aggregate,confidence,300,60,5,0.03377412280701753,0.07555513267687253,0.23899728726173963,0.38138811881186935,0.056666666666666664,0.6533333333333333,0.8166666666666667,0.7849999999999999,0.5275000000000001,0.78,10012.5,4400.0,0.23899728726173963,0.38138811881186935
stratified_size_rep021,stratified_size,21,b50_lb1_k3_eps0p005,local_only_offline_aggregate,shot_proportional,300,60,5,0.03397933333333338,0.07562973963992262,0.2389971718757553,0.38138811881186935,0.06,0.65,0.8166666666666667,0.7849999999999999,0.5275000000000001,0.78,10012.5,4400.0,0.2389971718757553,0.38138811881186935
stratified_size_rep021,stratified_size,21,b50_lb1_k3_eps0p005,local_only_offline_aggregate,uniform,300,60,5,0.033703921568627455,0.07551566186069676,0.2389971718757553,0.38138811881186935,0.056666666666666664,0.6533333333333333,0.8166666666666667,0.7849999999999999,0.5275000000000001,0.78,10012.5,4400.0,0.2389971718757553,0.38138811881186935
stratified_size_rep022,stratified_size,22,b50_lb1_k3_eps0p005,aggregate_only_sync,confidence,300,60,5,0.042002893288084334,0.09025162328375191,0.23933121268655538,0.38138811881186935,0.04,0.5866666666666667,0.79,0.8087500000000001,0.5584375,0.8087500000000001,9150.0,3825.0,0.23933121268655538,0.38138811881186935
stratified_size_rep022,stratified_size,22,b50_lb1_k3_eps0p005,aggregate_only_sync,shot_proportional,300,60,5,0.042002893288084334,0.09025162328375191,0.23933121268655538,0.38138811881186935,0.04,0.5866666666666667,0.79,0.8087500000000001,0.5584375,0.8087500000000001,9150.0,3825.0,0.23933121268655538,0.38138811881186935
stratified_size_rep022,stratified_size,22,b50_lb1_k3_eps0p005,aggregate_only_sync,uniform,300,60,5,0.042002893288084334,0.09025162328375191,0.23933121268655538,0.38138811881186935,0.04,0.5866666666666667,0.79,0.8087500000000001,0.5584375,0.8087500000000001,9150.0,3825.0,0.23933121268655538,0.38138811881186935
stratified_size_rep022,stratified_size,22,b50_lb1_k3_eps0p005,hierarchical_local_aggregate,confidence,300,60,5,0.0417884562392824,0.08982377337178572,0.23933117332812823,0.38138811881186935,0.03333333333333333,0.59,0.7933333333333333,0.8087500000000001,0.5584375,0.8087500000000001,9050.0,3825.0,0.23933117332812823,0.38138811881186935
stratified_size_rep022,stratified_size,22,b50_lb1_k3_eps0p005,hierarchical_local_aggregate,shot_proportional,300,60,5,0.04241036117799258,0.09025162328375191,0.23933121268655538,0.38138811881186935,0.04,0.5833333333333334,0.79,0.8087500000000001,0.5584375,0.8087500000000001,9050.0,3825.0,0.23933121268655538,0.38138811881186935
stratified_size_rep022,stratified_size,22,b50_lb1_k3_eps0p005,hierarchical_local_aggregate,uniform,300,60,5,0.04238040843959935,0.09025162328375191,0.23933121268655538,0.38138811881186935,0.04,0.5833333333333334,0.79,0.8087500000000001,0.5584375,0.8087500000000001,9050.0,3825.0,0.23933121268655538,0.38138811881186935
stratified_size_rep022,stratified_size,22,b50_lb1_k3_eps0p005,local_only_offline_aggregate,confidence,300,60,5,0.03676185065449753,0.08065672017953507,0.23899728726173963,0.38138811881186935,0.05333333333333334,0.63,0.8,0.7073958333333333,0.5275000000000001,0.685,10700.0,6300.0,0.23899728726173963,0.38138811881186935
stratified_size_rep022,stratified_size,22,b50_lb1_k3_eps0p005,local_only_offline_aggregate,shot_proportional,300,60,5,0.037054333211831644,0.08099342653562841,0.2389971718757553,0.38138811881186935,0.056666666666666664,0.6266666666666667,0.8,0.7073958333333333,0.5275000000000001,0.685,10700.0,6300.0,0.2389971718757553,0.38138811881186935
stratified_size_rep022,stratified_size,22,b50_lb1_k3_eps0p005,local_only_offline_aggregate,uniform,300,60,5,0.03674129243115455,0.08070892066411922,0.2389971718757553,0.38138811881186935,0.05333333333333334,0.63,0.8,0.7073958333333333,0.5275000000000001,0.685,10700.0,6300.0,0.2389971718757553,0.38138811881186935
stratified_size_rep023,stratified_size,23,b50_lb1_k3_eps0p005,aggregate_only_sync,confidence,300,60,5,0.04193200884803415,0.08354921989934115,0.23933121268655538,0.38138811881186935,0.02666666666666667,0.5833333333333334,0.8033333333333333,0.8225,0.5659375,0.8225,8750.0,3550.0,0.23933121268655538,0.38138811881186935
stratified_size_rep023,stratified_size,23,b50_lb1_k3_eps0p005,aggregate_only_sync,shot_proportional,300,60,5,0.04193200884803415,0.08354921989934115,0.23933121268655538,0.38138811881186935,0.02666666666666667,0.5833333333333334,0.8033333333333333,0.8225,0.5659375,0.8225,8750.0,3550.0,0.23933121268655538,0.38138811881186935
stratified_size_rep023,stratified_size,23,b50_lb1_k3_eps0p005,aggregate_only_sync,uniform,300,60,5,0.04193200884803415,0.08354921989934115,0.23933121268655538,0.38138811881186935,0.02666666666666667,0.5833333333333334,0.8033333333333333,0.8225,0.5659375,0.8225,8750.0,3550.0,0.23933121268655538,0.38138811881186935
stratified_size_rep023,stratified_size,23,b50_lb1_k3_eps0p005,hierarchical_local_aggregate,confidence,300,60,5,0.04164434248745445,0.08343420138427518,0.23933117332812823,0.38138811881186935,0.02,0.5866666666666667,0.8066666666666666,0.8225,0.5659375,0.8225,8650.0,3550.0,0.23933117332812823,0.38138811881186935
stratified_size_rep023,stratified_size,23,b50_lb1_k3_eps0p005,hierarchical_local_aggregate,shot_proportional,300,60,5,0.042002893288084334,0.08354921989934115,0.23933121268655538,0.38138811881186935,0.02666666666666667,0.58,0.8033333333333333,0.8225,0.5659375,0.8225,8650.0,3550.0,0.23933121268655538,0.38138811881186935
stratified_size_rep023,stratified_size,23,b50_lb1_k3_eps0p005,hierarchical_local_aggregate,uniform,300,60,5,0.042002893288084334,0.08354921989934115,0.23933121268655538,0.38138811881186935,0.02666666666666667,0.58,0.8033333333333333,0.8225,0.5659375,0.8225,8650.0,3550.0,0.23933121268655538,0.38138811881186935
stratified_size_rep023,stratified_size,23,b50_lb1_k3_eps0p005,local_only_offline_aggregate,confidence,300,60,5,0.03619165936975521,0.07720689700724101,0.23899728726173963,0.38138811881186935,0.043333333333333335,0.6333333333333333,0.8133333333333334,0.7309375,0.5275000000000001,0.7150000000000001,10275.0,5700.0,0.23899728726173963,0.38138811881186935
stratified_size_rep023,stratified_size,23,b50_lb1_k3_eps0p005,local_only_offline_aggregate,shot_proportional,300,60,5,0.036816691724033145,0.07774246226029788,0.2389971718757553,0.38138811881186935,0.04666666666666667,0.63,0.8133333333333334,0.7309375,0.5275000000000001,0.7150000000000001,10275.0,5700.0,0.2389971718757553,0.38138811881186935
stratified_size_rep023,stratified_size,23,b50_lb1_k3_eps0p005,local_only_offline_aggregate,uniform,300,60,5,0.03622531138994005,0.07717265804061381,0.2389971718757553,0.38138811881186935,0.043333333333333335,0.6333333333333333,0.8133333333333334,0.7309375,0.5275000000000001,0.7150000000000001,10275.0,5700.0,0.2389971718757553,0.38138811881186935
stratified_size_rep024,stratified_size,24,b50_lb1_k3_eps0p005,aggregate_only_sync,confidence,300,60,5,0.040245555458055166,0.07013932349357546,0.2164560646766261,0.38138811881186935,0.04,0.6133333333333333,0.8333333333333334,0.85875,0.6125,0.85875,7550.0,2825.0,0.2164560646766261,0.38138811881186935
stratified_size_rep024,stratified_size,24,b50_lb1_k3_eps0p005,aggregate_only_sync,shot_proportional,300,60,5,0.040245555458055166,0.07013932349357546,0.2164560646766261,0.38138811881186935,0.04,0.6133333333333333,0.8333333333333334,0.85875,0.6125,0.85875,7550.0,2825.0,0.2164560646766261,0.38138811881186935
stratified_size_rep024,stratified_size,24,b50_lb1_k3_eps0p005,aggregate_only_sync,uniform,300,60,5,0.040245555458055166,0.07013932349357546,0.2164560646766261,0.38138811881186935,0.04,0.6133333333333333,0.8333333333333334,0.85875,0.6125,0.85875,7550.0,2825.0,0.2164560646766261,0.38138811881186935
stratified_size_rep024,stratified_size,24,b50_lb1_k3_eps0p005,hierarchical_local_aggregate,confidence,300,60,5,0.039563061721016826,0.07013984690172702,0.21645635870470745,0.38138811881186935,0.03333333333333333,0.62,0.8366666666666667,0.85875,0.6125,0.85875,7550.0,2825.0,0.21645635870470745,0.38138811881186935
stratified_size_rep024,stratified_size,24,b50_lb1_k3_eps0p005,hierarchical_local_aggregate,shot_proportional,300,60,5,0.040245555458055166,0.07013932349357546,0.2164560646766261,0.38138811881186935,0.04,0.61,0.8333333333333334,0.85875,0.6125,0.85875,7550.0,2825.0,0.2164560646766261,0.38138811881186935
stratified_size_rep024,stratified_size,24,b50_lb1_k3_eps0p005,hierarchical_local_aggregate,uniform,300,60,5,0.040245555458055166,0.07013932349357546,0.2164560646766261,0.38138811881186935,0.04,0.61,0.8333333333333334,0.85875,0.6125,0.85875,7550.0,2825.0,0.2164560646766261,0.38138811881186935
stratified_size_rep024,stratified_size,24,b50_lb1_k3_eps0p005,local_only_offline_aggregate,confidence,300,60,5,0.033703921568627455,0.06575254483481505,0.21578356694030518,0.38138811881186935,0.056666666666666664,0.67,0.8433333333333334,0.7953125,0.5475000000000001,0.78,10000.0,4400.0,0.21578356694030518,0.38138811881186935
stratified_size_rep024,stratified_size,24,b50_lb1_k3_eps0p005,local_only_offline_aggregate,shot_proportional,300,60,5,0.033969575949367115,0.06575335868187604,0.2157831831683233,0.38138811881186935,0.06,0.6666666666666666,0.8433333333333334,0.7953125,0.5475000000000001,0.78,10000.0,4400.0,0.2157831831683233,0.38138811881186935
stratified_size_rep024,stratified_size,24,b50_lb1_k3_eps0p005,local_only_offline_aggregate,uniform,300,60,5,0.0336872549019608,0.06575106172833692,0.2157831831683233,0.38138811881186935,0.056666666666666664,0.67,0.8433333333333334,0.7953125,0.5475000000000001,0.78,10000.0,4400.0,0.2157831831683233,0.38138811881186935
stratified_size_rep025,stratified_size,25,b50_lb1_k3_eps0p005,aggregate_only_sync,confidence,300,60,5,0.04137001146398491,0.08139727746018688,0.23933121268655538,0.38138811881186935,0.03666666666666667,0.5933333333333334,0.8066666666666666,0.8325,0.5800000000000001,0.8325,8850.0,3350.0,0.23933121268655538,0.38138811881186935
stratified_size_rep025,stratified_size,25,b50_lb1_k3_eps0p005,aggregate_only_sync,shot_proportional,300,60,5,0.04137001146398491,0.08139727746018688,0.23933121268655538,0.38138811881186935,0.03666666666666667,0.5933333333333334,0.8066666666666666,0.8325,0.5800000000000001,0.8325,8850.0,3350.0,0.23933121268655538,0.38138811881186935
stratified_size_rep025,stratified_size,25,b50_lb1_k3_eps0p005,aggregate_only_sync,uniform,300,60,5,0.04137001146398491,0.08139727746018688,0.23933121268655538,0.38138811881186935,0.03666666666666667,0.5933333333333334,0.8066666666666666,0.8325,0.5800000000000001,0.8325,8850.0,3350.0,0.23933121268655538,0.38138811881186935
stratified_size_rep025,stratified_size,25,b50_lb1_k3_eps0p005,hierarchical_local_aggregate,confidence,300,60,5,0.04115445992890639,0.08131201376272022,0.23933117332812823,0.38138811881186935,0.03,0.6,0.81,0.8325,0.5800000000000001,0.8325,8750.0,3350.0,0.23933117332812823,0.38138811881186935
stratified_size_rep025,stratified_size,25,b50_lb1_k3_eps0p005,hierarchical_local_aggregate,shot_proportional,300,60,5,0.04156450055418559,0.08139727746018688,0.23933121268655538,0.38138811881186935,0.03666666666666667,0.59,0.8066666666666666,0.8325,0.5800000000000001,0.8325,8750.0,3350.0,0.23933121268655538,0.38138811881186935
stratified_size_rep025,stratified_size,25,b50_lb1_k3_eps0p005,hierarchical_local_aggregate,uniform,300,60,5,0.04156450055418559,0.08139727746018688,0.23933121268655538,0.38138811881186935,0.03666666666666667,0.59,0.8066666666666666,0.8325,0.5800000000000001,0.8325,8750.0,3350.0,0.23933121268655538,0.38138811881186935
stratified_size_rep025,stratified_size,25,b50_lb1_k3_eps0p005,local_only_offline_aggregate,confidence,300,60,5,0.03517224311265419,0.07555513267687253,0.23899728726173963,0.38138811881186935,0.03333333333333333,0.6466666666666666,0.8166666666666667,0.755625,0.5390625,0.75,10700.0,5000.0,0.23899728726173963,0.38138811881186935
stratified_size_rep025,stratified_size,25,b50_lb1_k3_eps0p005,local_only_offline_aggregate,shot_proportional,300,60,5,0.035816667539632634,0.07562973963992262,0.2389971718757553,0.38138811881186935,0.03666666666666667,0.6433333333333333,0.8166666666666667,0.755625,0.5390625,0.75,10700.0,5000.0,0.2389971718757553,0.38138811881186935
stratified_size_rep025,stratified_size,25,b50_lb1_k3_eps0p005,local_only_offline_aggregate,uniform,300,60,5,0.035171469400483976,0.07551566186069676,0.2389971718757553,0.38138811881186935,0.03333333333333333,0.6466666666666666,0.8166666666666667,0.755625,0.5390625,0.75,10700.0,5000.0,0.2389971718757553,0.38138811881186935
stratified_size_rep026,stratified_size,26,b50_lb1_k3_eps0p005,aggregate_only_sync,confidence,300,60,5,0.040245555458055166,0.06918862994350282,0.2164560646766261,0.38138811881186935,0.023333333333333334,0.62,0.8333333333333334,0.85625,0.623125,0.85625,7575.0,2875.0,0.2164560646766261,0.38138811881186935
stratified_size_rep026,stratified_size,26,b50_lb1_k3_eps0p005,aggregate_only_sync,shot_proportional,300,60,5,0.040245555458055166,0.06918862994350282,0.2164560646766261,0.38138811881186935,0.023333333333333334,0.62,0.8333333333333334,0.85625,0.623125,0.85625,7575.0,2875.0,0.2164560646766261,0.38138811881186935
stratified_size_rep026,stratified_size,26,b50_lb1_k3_eps0p005,aggregate_only_sync,uniform,300,60,5,0.040245555458055166,0.06918862994350282,0.2164560646766261,0.38138811881186935,0.023333333333333334,0.62,0.8333333333333334,0.85625,0.623125,0.85625,7575.0,2875.0,0.2164560646766261,0.38138811881186935
stratified_size_rep026,stratified_size,26,b50_lb1_k3_eps0p005,hierarchical_local_aggregate,confidence,300,60,5,0.03965668751436725,0.06919074171760858,0.21645635870470745,0.38138811881186935,0.016666666666666666,0.6266666666666667,0.8366666666666667,0.85625,0.623125,0.85625,7575.0,2875.0,0.21645635870470745,0.38138811881186935
stratified_size_rep026,stratified_size,26,b50_lb1_k3_eps0p005,hierarchical_local_aggregate,shot_proportional,300,60,5,0.040245555458055166,0.06918862994350282,0.2164560646766261,0.38138811881186935,0.023333333333333334,0.6166666666666667,0.8333333333333334,0.85625,0.623125,0.85625,7575.0,2875.0,0.2164560646766261,0.38138811881186935
stratified_size_rep026,stratified_size,26,b50_lb1_k3_eps0p005,hierarchical_local_aggregate,uniform,300,60,5,0.040245555458055166,0.06918862994350282,0.2164560646766261,0.38138811881186935,0.023333333333333334,0.6166666666666667,0.8333333333333334,0.85625,0.623125,0.85625,7575.0,2875.0,0.2164560646766261,0.38138811881186935
stratified_size_rep026,stratified_size,26,b50_lb1_k3_eps0p005,local_only_offline_aggregate,confidence,300,60,5,0.033703921568627455,0.06560416666666607,0.21578356694030518,0.38138811881186935,0.04,0.6766666666666666,0.8433333333333334,0.79,0.5636875,0.7675,10000.0,4650.0,0.21578356694030518,0.38138811881186935
stratified_size_rep026,stratified_size,26,b50_lb1_k3_eps0p005,local_only_offline_aggregate,shot_proportional,300,60,5,0.03397933333333338,0.06560416666666607,0.2157831831683233,0.38138811881186935,0.043333333333333335,0.6733333333333333,0.8433333333333334,0.79,0.5636875,0.7675,10000.0,4650.0,0.2157831831683233,0.38138811881186935
stratified_size_rep026,stratified_size,26,b50_lb1_k3_eps0p005,local_only_offline_aggregate,uniform,300,60,5,0.033524247278953145,0.06560416666666607,0.2157831831683233,0.38138811881186935,0.04,0.6766666666666666,0.8433333333333334,0.79,0.5636875,0.7675,10000.0,4650.0,0.2157831831683233,0.38138811881186935
stratified_size_rep027,stratified_size,27,b50_lb1_k3_eps0p005,aggregate_only_sync,confidence,300,60,5,0.04137001146398491,0.07710780669537275,0.2323397947761903,0.38138811881186935,0.02666666666666667,0.6066666666666667,0.81,0.838125,0.5659375,0.838125,8750.0,3237.5,0.2323397947761903,0.38138811881186935
stratified_size_rep027,stratified_size,27,b50_lb1_k3_eps0p005,aggregate_only_sync,shot_proportional,300,60,5,0.04137001146398491,0.07710780669537275,0.2323397947761903,0.38138811881186935,0.02666666666666667,0.6066666666666667,0.81,0.838125,0.5659375,0.838125,8750.0,3237.5,0.2323397947761903,0.38138811881186935
stratified_size_rep027,stratified_size,27,b50_lb1_k3_eps0p005,aggregate_only_sync,uniform,300,60,5,0.04137001146398491,0.07710780669537275,0.2323397947761903,0.38138811881186935,0.02666666666666667,0.6066666666666667,0.81,0.838125,0.5659375,0.838125,8750.0,3237.5,0.2323397947761903,0.38138811881186935
stratified_size_rep027,stratified_size,27,b50_lb1_k3_eps0p005,hierarchical_local_aggregate,confidence,300,60,5,0.04109945582718359,0.07705393980390265,0.23233521873078064,0.38138811881186935,0.02,0.61,0.81,0.838125,0.5659375,0.838125,8650.0,3237.5,0.23233521873078064,0.38138811881186935
stratified_size_rep027,stratified_size,27,b50_lb1_k3_eps0p005,hierarchical_local_aggregate,shot_proportional,300,60,5,0.04156450055418559,0.07710780669537275,0.2323397947761903,0.38138811881186935,0.02666666666666667,0.6033333333333334,0.81,0.838125,0.5659375,0.838125,8650.0,3237.5,0.2323397947761903,0.38138811881186935
stratified_size_rep027,stratified_size,27,b50_lb1_k3_eps0p005,hierarchical_local_aggregate,uniform,300,60,5,0.04156450055418559,0.07710780669537275,0.2323397947761903,0.38138811881186935,0.02666666666666667,0.6033333333333334,0.81,0.838125,0.5659375,0.838125,8650.0,3237.5,0.2323397947761903,0.38138811881186935
stratified_size_rep027,stratified_size,27,b50_lb1_k3_eps0p005,local_only_offline_aggregate,confidence,300,60,5,0.03455840719064699,0.07079887936717191,0.23173369102179464,0.38138811881186935,0.043333333333333335,0.6533333333333333,0.8133333333333334,0.755,0.5275000000000001,0.7525,10275.0,4950.0,0.23173369102179464,0.38138811881186935
stratified_size_rep027,stratified_size,27,b50_lb1_k3_eps0p005,local_only_offline_aggregate,shot_proportional,300,60,5,0.03568352840029849,0.07097104293699413,0.23173882343696214,0.38138811881186935,0.04666666666666667,0.65,0.8133333333333334,0.755,0.5275000000000001,0.7525,10275.0,4950.0,0.23173882343696214,0.38138811881186935
stratified_size_rep027,stratified_size,27,b50_lb1_k3_eps0p005,local_only_offline_aggregate,uniform,300,60,5,0.03456603180917277,0.07079887936717191,0.2317249340550226,0.38138811881186935,0.043333333333333335,0.6533333333333333,0.8133333333333334,0.755,0.5275000000000001,0.7525,10275.0,4950.0,0.2317249340550226,0.38138811881186935
stratified_size_rep028,stratified_size,28,b50_lb1_k3_eps0p005,aggregate_only_sync,confidence,300,60,5,0.04178529943502825,0.09087105814000526,0.2395022574626726,0.38138811881186935,0.04,0.5766666666666667,0.7866666666666666,0.8125,0.5487500000000001,0.8125,9150.0,3750.0,0.2395022574626726,0.38138811881186935
stratified_size_rep028,stratified_size,28,b50_lb1_k3_eps0p005,aggregate_only_sync,shot_proportional,300,60,5,0.04178529943502825,0.09087105814000526,0.2395022574626726,0.38138811881186935,0.04,0.5766666666666667,0.7866666666666666,0.8125,0.5487500000000001,0.8125,9150.0,3750.0,0.2395022574626726,0.38138811881186935
stratified_size_rep028,stratified_size,28,b50_lb1_k3_eps0p005,aggregate_only_sync,uniform,300,60,5,0.04178529943502825,0.09087105814000526,0.2395022574626726,0.38138811881186935,0.04,0.5766666666666667,0.7866666666666666,0.8125,0.5487500000000001,0.8125,9150.0,3750.0,0.2395022574626726,0.38138811881186935
stratified_size_rep028,stratified_size,28,b50_lb1_k3_eps0p005,hierarchical_local_aggregate,confidence,300,60,5,0.04164434248745445,0.09085739754316625,0.23950150965255676,0.38138811881186935,0.03333333333333333,0.5833333333333334,0.79,0.8125,0.5487500000000001,0.8125,9150.0,3750.0,0.23950150965255676,0.38138811881186935
stratified_size_rep028,stratified_size,28,b50_lb1_k3_eps0p005,hierarchical_local_aggregate,shot_proportional,300,60,5,0.04235546788990825,0.09087105814000526,0.2395022574626726,0.38138811881186935,0.04,0.5733333333333334,0.7866666666666666,0.8125,0.5487500000000001,0.8125,9150.0,3750.0,0.2395022574626726,0.38138811881186935
stratified_size_rep028,stratified_size,28,b50_lb1_k3_eps0p005,hierarchical_local_aggregate,uniform,300,60,5,0.042325515151515024,0.09087105814000526,0.2395022574626726,0.38138811881186935,0.04,0.5733333333333334,0.7866666666666666,0.8125,0.5487500000000001,0.8125,9150.0,3750.0,0.2395022574626726,0.38138811881186935
stratified_size_rep028,stratified_size,28,b50_lb1_k3_eps0p005,local_only_offline_aggregate,confidence,300,60,5,0.036981481297761465,0.08083599917644199,0.2393437356804446,0.38138811881186935,0.056666666666666664,0.6233333333333333,0.7966666666666666,0.7309375,0.5162500000000001,0.7037500000000001,11262.5,5925.0,0.2393437356804446,0.38138811881186935
stratified_size_rep028,stratified_size,28,b50_lb1_k3_eps0p005,local_only_offline_aggregate,shot_proportional,300,60,5,0.03732312408685992,0.08141768283289891,0.23934373469902026,0.38138811881186935,0.06,0.62,0.7966666666666666,0.7309375,0.5162500000000001,0.7037500000000001,11262.5,5925.0,0.23934373469902026,0.38138811881186935
stratified_size_rep028,stratified_size,28,b50_lb1_k3_eps0p005,local_only_offline_aggregate,uniform,300,60,5,0.036849237973328675,0.08088717904462978,0.23934373469902026,0.38138811881186935,0.056666666666666664,0.6233333333333333,0.7966666666666666,0.7309375,0.5162500000000001,0.7037500000000001,11262.5,5925.0,0.23934373469902026,0.38138811881186935
stratified_size_rep029,stratified_size,29,b50_lb1_k3_eps0p005,aggregate_only_sync,confidence,300,60,5,0.040245555458055166,0.09100877971077152,0.2395022574626726,0.38138811881186935,0.023333333333333334,0.5966666666666667,0.78,0.826875,0.556875,0.826875,8400.0,3462.5,0.2395022574626726,0.38138811881186935
stratified_size_rep029,stratified_size,29,b50_lb1_k3_eps0p005,aggregate_only_sync,shot_proportional,300,60,5,0.040245555458055166,0.09100877971077152,0.2395022574626726,0.38138811881186935,0.023333333333333334,0.5966666666666667,0.78,0.826875,0.556875,0.826875,8400.0,3462.5,0.2395022574626726,0.38138811881186935
stratified_size_rep029,stratified_size,29,b50_lb1_k3_eps0p005,aggregate_only_sync,uniform,300,60,5,0.040245555458055166,0.09100877971077152,0.2395022574626726,0.38138811881186935,0.023333333333333334,0.5966666666666667,0.78,0.826875,0.556875,0.826875,8400.0,3462.5,0.2395022574626726,0.38138811881186935
stratified_size_rep029,stratified_size,29,b50_lb1_k3_eps0p005,hierarchical_local_aggregate,confidence,300,60,5,0.03965668751436725,0.09099511911393252,0.23950150965255676,0.38138811881186935,0.016666666666666666,0.6033333333333334,0.7833333333333333,0.826875,0.556875,0.826875,8400.0,3462.5,0.23950150965255676,0.38138811881186935
stratified_size_rep029,stratified_size,29,b50_lb1_k3_eps0p005,hierarchical_local_aggregate,shot_proportional,300,60,5,0.040245555458055166,0.09100877971077152,0.2395022574626726,0.38138811881186935,0.023333333333333334,0.5966666666666667,0.78,0.826875,0.556875,0.826875,8400.0,3462.5,0.2395022574626726,0.38138811881186935
stratified_size_rep029,stratified_size,29,b50_lb1_k3_eps0p005,hierarchical_local_aggregate,uniform,300,60,5,0.040245555458055166,0.09100877971077152,0.2395022574626726,0.38138811881186935,0.023333333333333334,0.5966666666666667,0.78,0.826875,0.556875,0.826875,8400.0,3462.5,0.2395022574626726,0.38138811881186935
stratified_size_rep029,stratified_size,29,b50_lb1_k3_eps0p005,local_only_offline_aggregate,confidence,300,60,5,0.03377412280701753,0.08083599917644199,0.2393437356804446,0.38138811881186935,0.02666666666666667,0.6366666666666667,0.7866666666666666,0.755625,0.52125,0.75,10100.0,5000.0,0.2393437356804446,0.38138811881186935
stratified_size_rep029,stratified_size,29,b50_lb1_k3_eps0p005,local_only_offline_aggregate,shot_proportional,300,60,5,0.0339569092827004,0.08141768283289891,0.23934373469902026,0.38138811881186935,0.03,0.6366666666666667,0.7866666666666666,0.755625,0.52125,0.75,10100.0,5000.0,0.23934373469902026,0.38138811881186935
stratified_size_rep029,stratified_size,29,b50_lb1_k3_eps0p005,local_only_offline_aggregate,uniform,300,60,5,0.033703921568627455,0.08088717904462978,0.23934373469902026,0.38138811881186935,0.02666666666666667,0.6366666666666667,0.7866666666666666,0.755625,0.52125,0.75,10100.0,5000.0,0.23934373469902026,0.38138811881186935
stratified_size_rep030,stratified_size,30,b50_lb1_k3_eps0p005,aggregate_only_sync,confidence,300,60,5,0.040245555458055166,0.07735256588773512,0.2395022574626726,0.38138811881186935,0.02666666666666667,0.6166666666666667,0.8066666666666666,0.8525,0.56125,0.8525,7675.0,2950.0,0.2395022574626726,0.38138811881186935
stratified_size_rep030,stratified_size,30,b50_lb1_k3_eps0p005,aggregate_only_sync,shot_proportional,300,60,5,0.040245555458055166,0.07735256588773512,0.2395022574626726,0.38138811881186935,0.02666666666666667,0.6166666666666667,0.8066666666666666,0.8525,0.56125,0.8525,7675.0,2950.0,0.2395022574626726,0.38138811881186935
stratified_size_rep030,stratified_size,30,b50_lb1_k3_eps0p005,aggregate_only_sync,uniform,300,60,5,0.040245555458055166,0.07735256588773512,0.2395022574626726,0.38138811881186935,0.02666666666666667,0.6166666666666667,0.8066666666666666,0.8525,0.56125,0.8525,7675.0,2950.0,0.2395022574626726,0.38138811881186935
stratified_size_rep030,stratified_size,30,b50_lb1_k3_eps0p005,hierarchical_local_aggregate,confidence,300,60,5,0.039563061721016826,0.07735062586634617,0.23950150965255676,0.38138811881186935,0.02,0.62,0.8066666666666666,0.8525,0.56125,0.8525,7675.0,2950.0,0.23950150965255676,0.38138811881186935
stratified_size_rep030,stratified_size,30,b50_lb1_k3_eps0p005,hierarchical_local_aggregate,shot_proportional,300,60,5,0.040245555458055166,0.07735256588773512,0.2395022574626726,0.38138811881186935,0.02666666666666667,0.6133333333333333,0.8066666666666666,0.8525,0.56125,0.8525,7675.0,2950.0,0.2395022574626726,0.38138811881186935
stratified_size_rep030,stratified_size,30,b50_lb1_k3_eps0p005,hierarchical_local_aggregate,uniform,300,60,5,0.040245555458055166,0.07735256588773512,0.2395022574626726,0.38138811881186935,0.02666666666666667,0.6133333333333333,0.8066666666666666,0.8525,0.56125,0.8525,7675.0,2950.0,0.2395022574626726,0.38138811881186935
stratified_size_rep030,stratified_size,30,b50_lb1_k3_eps0p005,local_only_offline_aggregate,confidence,300,60,5,0.03377412280701753,0.07136012386679672,0.23901664483274315,0.38138811881186935,0.043333333333333335,0.6666666666666666,0.81,0.774375,0.5275000000000001,0.76875,10075.0,4625.0,0.23901664483274315,0.38138811881186935
stratified_size_rep030,stratified_size,30,b50_lb1_k3_eps0p005,local_only_offline_aggregate,shot_proportional,300,60,5,0.03397933333333338,0.07153201618236843,0.2390165284653345,0.38138811881186935,0.04666666666666667,0.6633333333333333,0.81,0.774375,0.5275000000000001,0.76875,10075.0,4625.0,0.2390165284653345,0.38138811881186935
stratified_size_rep030,stratified_size,30,b50_lb1_k3_eps0p005,local_only_offline_aggregate,uniform,300,60,5,0.033703921568627455,0.07136085996875972,0.2390165284653345,0.38138811881186935,0.043333333333333335,0.6666666666666666,0.81,0.774375,0.5275000000000001,0.76875,10075.0,4625.0,0.2390165284653345,0.38138811881186935
stratified_size_rep031,stratified_size,31,b50_lb1_k3_eps0p005,aggregate_only_sync,confidence,300,60,5,0.04080540904214634,0.07692953265765691,0.23287770833332477,0.38138811881186935,0.04,0.6033333333333334,0.8166666666666667,0.84125,0.5925,0.84125,8200.0,3175.0,0.23287770833332477,0.38138811881186935
stratified_size_rep031,stratified_size,31,b50_lb1_k3_eps0p005,aggregate_only_sync,shot_proportional,300,60,5,0.04080540904214634,0.07692953265765691,0.23287770833332477,0.38138811881186935,0.04,0.6033333333333334,0.8166666666666667,0.84125,0.5925,0.84125,8200.0,3175.0,0.23287770833332477,0.38138811881186935
stratified_size_rep031,stratified_size,31,b50_lb1_k3_eps0p005,aggregate_only_sync,uniform,300,60,5,0.04080540904214634,0.07692953265765691,0.23287770833332477,0.38138811881186935,0.04,0.6033333333333334,0.8166666666666667,0.84125,0.5925,0.84125,8200.0,3175.0,0.23287770833332477,0.38138811881186935
stratified_size_rep031,stratified_size,31,b50_lb1_k3_eps0p005,hierarchical_local_aggregate,confidence,300,60,5,0.040617133532142025,0.0768650332649894,0.23287653730817032,0.38138811881186935,0.03333333333333333,0.61,0.82,0.84125,0.5925,0.84125,8200.0,3175.0,0.23287653730817032,0.38138811881186935
stratified_size_rep031,stratified_size,31,b50_lb1_k3_eps0p005,hierarchical_local_aggregate,shot_proportional,300,60,5,0.04090065627563572,0.07692953265765691,0.23287770833332477,0.38138811881186935,0.04,0.6033333333333334,0.8166666666666667,0.84125,0.5925,0.84125,8200.0,3175.0,0.23287770833332477,0.38138811881186935
stratified_size_rep031,stratified_size,31,b50_lb1_k3_eps0p005,hierarchical_local_aggregate,uniform,300,60,5,0.04090065627563572,0.07692953265765691,0.23287770833332477,0.38138811881186935,0.04,0.6033333333333334,0.8166666666666667,0.84125,0.5925,0.84125,8200.0,3175.0,0.23287770833332477,0.38138811881186935
stratified_size_rep031,stratified_size,31,b50_lb1_k3_eps0p005,local_only_offline_aggregate,confidence,300,60,5,0.033954438215711875,0.07041549573058584,0.23232350343013053,0.38138811881186935,0.056666666666666664,0.6566666666666666,0.8266666666666667,0.766875,0.5390625,0.75875,10100.0,4825.0,0.23232350343013053,0.38138811881186935
stratified_size_rep031,stratified_size,31,b50_lb1_k3_eps0p005,local_only_offline_aggregate,shot_proportional,300,60,5,0.03412741210374644,0.0705587392079588,0.2323349257425636,0.38138811881186935,0.06,0.6566666666666666,0.8266666666666667,0.766875,0.5390625,0.75875,10100.0,4825.0,0.2323349257425636,0.38138811881186935
stratified_size_rep031,stratified_size,31,b50_lb1_k3_eps0p005,local_only_offline_aggregate,uniform,300,60,5,0.03377719074471881,0.07048464822722134,0.2323349257425636,0.38138811881186935,0.056666666666666664,0.6566666666666666,0.8266666666666667,0.766875,0.5390625,0.75875,10100.0,4825.0,0.2323349257425636,0.38138811881186935
stratified_size_rep032,stratified_size,32,b50_lb1_k3_eps0p005,aggregate_only_sync,confidence,300,60,5,0.03947606851951294,0.07710780669537275,0.23287770833332477,0.38138811881186935,0.02,0.6266666666666667,0.8133333333333334,0.85875,0.5871875,0.85875,7550.0,2825.0,0.23287770833332477,0.38138811881186935
stratified_size_rep032,stratified_size,32,b50_lb1_k3_eps0p005,aggregate_only_sync,shot_proportional,300,60,5,0.03947606851951294,0.07710780669537275,0.23287770833332477,0.38138811881186935,0.02,0.6266666666666667,0.8133333333333334,0.85875,0.5871875,0.85875,7550.0,2825.0,0.23287770833332477,0.38138811881186935
stratified_size_rep032,stratified_size,32,b50_lb1_k3_eps0p005,aggregate_only_sync,uniform,300,60,5,0.03947606851951294,0.07710780669537275,0.23287770833332477,0.38138811881186935,0.02,0.6266666666666667,0.8133333333333334,0.85875,0.5871875,0.85875,7550.0,2825.0,0.23287770833332477,0.38138811881186935
stratified_size_rep032,stratified_size,32,b50_lb1_k3_eps0p005,hierarchical_local_aggregate,confidence,300,60,5,0.038454386507701555,0.07705393980390265,0.23287653730817032,0.38138811881186935,0.013333333333333334,0.63,0.8166666666666667,0.85875,0.5871875,0.85875,7550.0,2825.0,0.23287653730817032,0.38138811881186935
stratified_size_rep032,stratified_size,32,b50_lb1_k3_eps0p005,hierarchical_local_aggregate,shot_proportional,300,60,5,0.039508888641464304,0.07710780669537275,0.23287770833332477,0.38138811881186935,0.02,0.6233333333333333,0.8133333333333334,0.85875,0.5871875,0.85875,7550.0,2825.0,0.23287770833332477,0.38138811881186935
stratified_size_rep032,stratified_size,32,b50_lb1_k3_eps0p005,hierarchical_local_aggregate,uniform,300,60,5,0.03947606851951294,0.07710780669537275,0.23287770833332477,0.38138811881186935,0.02,0.6233333333333333,0.8133333333333334,0.85875,0.5871875,0.85875,7550.0,2825.0,0.23287770833332477,0.38138811881186935
stratified_size_rep032,stratified_size,32,b50_lb1_k3_eps0p005,local_only_offline_aggregate,confidence,300,60,5,0.033674621524583254,0.06945921929758264,0.23232350343013053,0.38138811881186935,0.016666666666666666,0.66,0.82,0.7849999999999999,0.5275000000000001,0.78,10050.0,4400.0,0.23232350343013053,0.38138811881186935
stratified_size_rep032,stratified_size,32,b50_lb1_k3_eps0p005,local_only_offline_aggregate,shot_proportional,300,60,5,0.03377412280701753,0.06954522569444524,0.2323349257425636,0.38138811881186935,0.02,0.6566666666666666,0.82,0.7849999999999999,0.5275000000000001,0.78,10050.0,4400.0,0.2323349257425636,0.38138811881186935
stratified_size_rep032,stratified_size,32,b50_lb1_k3_eps0p005,local_only_offline_aggregate,uniform,300,60,5,0.03327250939057534,0.06948227012979448,0.2323349257425636,0.38138811881186935,0.016666666666666666,0.66,0.82,0.7849999999999999,0.5275000000000001,0.78,10050.0,4400.0,0.2323349257425636,0.38138811881186935
stratified_size_rep033,stratified_size,33,b50_lb1_k3_eps0p005,aggregate_only_sync,confidence,300,60,5,0.040001101994851504,0.07013932349357546,0.2323397947761903,0.37929752475246326,0.023333333333333334,0.6233333333333333,0.8266666666666667,0.8612500000000001,0.5800000000000001,0.8612500000000001,7625.0,2775.0,0.2323397947761903,0.37929752475246326
stratified_size_rep033,stratified_size,33,b50_lb1_k3_eps0p005,aggregate_only_sync,shot_proportional,300,60,5,0.040001101994851504,0.07013932349357546,0.2323397947761903,0.37929752475246326,0.023333333333333334,0.6233333333333333,0.8266666666666667,0.8612500000000001,0.5800000000000001,0.8612500000000001,7625.0,2775.0,0.2323397947761903,0.37929752475246326
stratified_size_rep033,stratified_size,33,b50_lb1_k3_eps0p005,aggregate_only_sync,uniform,300,60,5,0.040001101994851504,0.07013932349357546,0.2323397947761903,0.37929752475246326,0.023333333333333334,0.6233333333333333,0.8266666666666667,0.8612500000000001,0.5800000000000001,0.8612500000000001,7625.0,2775.0,0.2323397947761903,0.37929752475246326
stratified_size_rep033,stratified_size,33,b50_lb1_k3_eps0p005,hierarchical_local_aggregate,confidence,300,60,5,0.03938752094983054,0.07013984690172702,0.23233521873078064,0.37929752475246326,0.016666666666666666,0.63,0.8266666666666667,0.8612500000000001,0.5800000000000001,0.8612500000000001,7625.0,2775.0,0.23233521873078064,0.37929752475246326
stratified_size_rep033,stratified_size,33,b50_lb1_k3_eps0p005,hierarchical_local_aggregate,shot_proportional,300,60,5,0.040001101994851504,0.07013932349357546,0.2323397947761903,0.37929752475246326,0.023333333333333334,0.62,0.8266666666666667,0.8612500000000001,0.5800000000000001,0.8612500000000001,7625.0,2775.0,0.2323397947761903,0.37929752475246326
stratified_size_rep033,stratified_size,33,b50_lb1_k3_eps0p005,hierarchical_local_aggregate,uniform,300,60,5,0.040001101994851504,0.07013932349357546,0.2323397947761903,0.37929752475246326,0.023333333333333334,0.62,0.8266666666666667,0.8612500000000001,0.5800000000000001,0.8612500000000001,7625.0,2775.0,0.2323397947761903,0.37929752475246326
stratified_size_rep033,stratified_size,33,b50_lb1_k3_eps0p005,local_only_offline_aggregate,confidence,300,60,5,0.0336872549019608,0.0664899011299434,0.23173369102179464,0.37929752475246326,0.04,0.6666666666666666,0.8266666666666667,0.7953125,0.5275000000000001,0.78,10000.0,4400.0,0.23173369102179464,0.37929752475246326
stratified_size_rep033,stratified_size,33,b50_lb1_k3_eps0p005,local_only_offline_aggregate,shot_proportional,300,60,5,0.0339569092827004,0.0664899011299434,0.23173882343696214,0.37929752475246326,0.043333333333333335,0.6633333333333333,0.8266666666666667,0.7953125,0.5275000000000001,0.78,10000.0,4400.0,0.23173882343696214,0.37929752475246326
stratified_size_rep033,stratified_size,33,b50_lb1_k3_eps0p005,local_only_offline_aggregate,uniform,300,60,5,0.0335203257103257,0.0664899011299434,0.2317249340550226,0.37929752475246326,0.04,0.6666666666666666,0.8266666666666667,0.7953125,0.5275000000000001,0.78,10000.0,4400.0,0.2317249340550226,0.37929752475246326
stratified_size_rep034,stratified_size,34,b50_lb1_k3_eps0p005,aggregate_only_sync,confidence,300,60,5,0.042002893288084334,0.07710780669537275,0.2311316106965121,0.38138811881186935,0.02,0.5933333333333334,0.82,0.8256249999999999,0.5800000000000001,0.8256249999999999,9000.0,3487.5,0.2311316106965121,0.38138811881186935
stratified_size_rep034,stratified_size,34,b50_lb1_k3_eps0p005,aggregate_only_sync,shot_proportional,300,60,5,0.042002893288084334,0.07710780669537275,0.2311316106965121,0.38138811881186935,0.02,0.5933333333333334,0.82,0.8256249999999999,0.5800000000000001,0.8256249999999999,9000.0,3487.5,0.2311316106965121,0.38138811881186935
stratified_size_rep034,stratified_size,34,b50_lb1_k3_eps0p005,aggregate_only_sync,uniform,300,60,5,0.042002893288084334,0.07710780669537275,0.2311316106965121,0.38138811881186935,0.02,0.5933333333333334,0.82,0.8256249999999999,0.5800000000000001,0.8256249999999999,9000.0,3487.5,0.2311316106965121,0.38138811881186935
stratified_size_rep034,stratified_size,34,b50_lb1_k3_eps0p005,hierarchical_local_aggregate,confidence,300,60,5,0.0417884562392824,0.07705393980390265,0.2311313731640834,0.38138811881186935,0.02,0.6,0.82,0.8256249999999999,0.5800000000000001,0.8256249999999999,9000.0,3487.5,0.2311313731640834,0.38138811881186935
stratified_size_rep034,stratified_size,34,b50_lb1_k3_eps0p005,hierarchical_local_aggregate,shot_proportional,300,60,5,0.04241036117799258,0.07710780669537275,0.2311316106965121,0.38138811881186935,0.02,0.59,0.82,0.8256249999999999,0.5800000000000001,0.8256249999999999,9000.0,3487.5,0.2311316106965121,0.38138811881186935
stratified_size_rep034,stratified_size,34,b50_lb1_k3_eps0p005,hierarchical_local_aggregate,uniform,300,60,5,0.04238040843959935,0.07710780669537275,0.2311316106965121,0.38138811881186935,0.02,0.59,0.82,0.8256249999999999,0.5800000000000001,0.8256249999999999,9000.0,3487.5,0.2311316106965121,0.38138811881186935
stratified_size_rep034,stratified_size,34,b50_lb1_k3_eps0p005,local_only_offline_aggregate,confidence,300,60,5,0.03677405911943055,0.07041549573058584,0.23110113483957995,0.38138811881186935,0.03,0.65,0.8233333333333334,0.751,0.5275000000000001,0.735,11562.5,5300.0,0.23110113483957995,0.38138811881186935
stratified_size_rep034,stratified_size,34,b50_lb1_k3_eps0p005,local_only_offline_aggregate,shot_proportional,300,60,5,0.03732312408685992,0.0705587392079588,0.23110137319905238,0.38138811881186935,0.03,0.6466666666666666,0.8233333333333334,0.751,0.5275000000000001,0.735,11562.5,5300.0,0.23110137319905238,0.38138811881186935
stratified_size_rep034,stratified_size,34,b50_lb1_k3_eps0p005,local_only_offline_aggregate,uniform,300,60,5,0.03669423351672997,0.07048464822722134,0.2311006421789503,0.38138811881186935,0.03,0.65,0.8233333333333334,0.751,0.5275000000000001,0.735,11562.5,5300.0,0.2311006421789503,0.38138811881186935
stratified_size_rep035,stratified_size,35,b50_lb1_k3_eps0p005,aggregate_only_sync,confidence,300,60,5,0.043853701130110695,0.09097319078947386,0.23933121268655538,0.38138811881186935,0.02666666666666667,0.56,0.7866666666666666,0.7987500000000001,0.554375,0.7987500000000001,9575.0,4025.0,0.23933121268655538,0.38138811881186935
stratified_size_rep035,stratified_size,35,b50_lb1_k3_eps0p005,aggregate_only_sync,shot_proportional,300,60,5,0.043853701130110695,0.09097319078947386,0.23933121268655538,0.38138811881186935,0.02666666666666667,0.56,0.7866666666666666,0.7987500000000001,0.554375,0.7987500000000001,9575.0,4025.0,0.23933121268655538,0.38138811881186935
stratified_size_rep035,stratified_size,35,b50_lb1_k3_eps0p005,aggregate_only_sync,uniform,300,60,5,0.043853701130110695,0.09097319078947386,0.23933121268655538,0.38138811881186935,0.02666666666666667,0.56,0.7866666666666666,0.7987500000000001,0.554375,0.7987500000000001,9575.0,4025.0,0.23933121268655538,0.38138811881186935
stratified_size_rep035,stratified_size,35,b50_lb1_k3_eps0p005,hierarchical_local_aggregate,confidence,300,60,5,0.04357820591414545,0.0909745602118922,0.23933117332812823,0.38138811881186935,0.02,0.5666666666666667,0.79,0.7987500000000001,0.554375,0.7987500000000001,9525.0,4025.0,0.23933117332812823,0.38138811881186935
stratified_size_rep035,stratified_size,35,b50_lb1_k3_eps0p005,hierarchical_local_aggregate,shot_proportional,300,60,5,0.043853701130110695,0.09097319078947386,0.23933121268655538,0.38138811881186935,0.02666666666666667,0.56,0.7866666666666666,0.7987500000000001,0.554375,0.7987500000000001,9525.0,4025.0,0.23933121268655538,0.38138811881186935
stratified_size_rep035,stratified_size,35,b50_lb1_k3_eps0p005,hierarchical_local_aggregate,uniform,300,60,5,0.043853701130110695,0.09097319078947386,0.23933121268655538,0.38138811881186935,0.02666666666666667,0.56,0.7866666666666666,0.7987500000000001,0.554375,0.7987500000000001,9525.0,4025.0,0.23933121268655538,0.38138811881186935
stratified_size_rep035,stratified_size,35,b50_lb1_k3_eps0p005,local_only_offline_aggregate,confidence,300,60,5,0.038002519653867306,0.08237131533610621,0.23899728726173963,0.38138811881186935,0.043333333333333335,0.6066666666666667,0.7966666666666666,0.7073958333333333,0.52125,0.685,11650.0,6300.0,0.23899728726173963,0.38138811881186935
stratified_size_rep035,stratified_size,35,b50_lb1_k3_eps0p005,local_only_offline_aggregate,shot_proportional,300,60,5,0.03821563683712126,0.08269125672842621,0.2389971718757553,0.38138811881186935,0.04666666666666667,0.6066666666666667,0.7966666666666666,0.7073958333333333,0.52125,0.685,11650.0,6300.0,0.2389971718757553,0.38138811881186935
stratified_size_rep035,stratified_size,35,b50_lb1_k3_eps0p005,local_only_offline_aggregate,uniform,300,60,5,0.03800340728769833,0.08226574249779273,0.2389971718757553,0.38138811881186935,0.043333333333333335,0.6066666666666667,0.7966666666666666,0.7073958333333333,0.52125,0.685,11650.0,6300.0,0.2389971718757553,0.38138811881186935
stratified_size_rep036,stratified_size,36,b50_lb1_k3_eps0p005,aggregate_only_sync,confidence,300,60,5,0.042002893288084334,0.07692953265765691,0.2164560646766261,0.38138811881186935,0.04,0.5933333333333334,0.8233333333333334,0.839375,0.5925,0.839375,8325.0,3212.5,0.2164560646766261,0.38138811881186935
stratified_size_rep036,stratified_size,36,b50_lb1_k3_eps0p005,aggregate_only_sync,shot_proportional,300,60,5,0.042002893288084334,0.07692953265765691,0.2164560646766261,0.38138811881186935,0.04,0.5933333333333334,0.8233333333333334,0.839375,0.5925,0.839375,8325.0,3212.5,0.2164560646766261,0.38138811881186935
stratified_size_rep036,stratified_size,36,b50_lb1_k3_eps0p005,aggregate_only_sync,uniform,300,60,5,0.042002893288084334,0.07692953265765691,0.2164560646766261,0.38138811881186935,0.04,0.5933333333333334,0.8233333333333334,0.839375,0.5925,0.839375,8325.0,3212.5,0.2164560646766261,0.38138811881186935
stratified_size_rep036,stratified_size,36,b50_lb1_k3_eps0p005,hierarchical_local_aggregate,confidence,300,60,5,0.041635422483427165,0.0768650332649894,0.21645635870470745,0.38138811881186935,0.03333333333333333,0.6,0.8266666666666667,0.839375,0.5925,0.839375,8325.0,3212.5,0.21645635870470745,0.38138811881186935
stratified_size_rep036,stratified_size,36,b50_lb1_k3_eps0p005,hierarchical_local_aggregate,shot_proportional,300,60,5,0.042002893288084334,0.07692953265765691,0.2164560646766261,0.38138811881186935,0.04,0.59,0.8233333333333334,0.839375,0.5925,0.839375,8325.0,3212.5,0.2164560646766261,0.38138811881186935
stratified_size_rep036,stratified_size,36,b50_lb1_k3_eps0p005,hierarchical_local_aggregate,uniform,300,60,5,0.042002893288084334,0.07692953265765691,0.2164560646766261,0.38138811881186935,0.04,0.59,0.8233333333333334,0.839375,0.5925,0.839375,8325.0,3212.5,0.2164560646766261,0.38138811881186935
stratified_size_rep036,stratified_size,36,b50_lb1_k3_eps0p005,local_only_offline_aggregate,confidence,300,60,5,0.03517224311265419,0.07041549573058584,0.21578356694030518,0.38138811881186935,0.056666666666666664,0.6533333333333333,0.8333333333333334,0.766875,0.5390625,0.75875,10100.0,4825.0,0.21578356694030518,0.38138811881186935
stratified_size_rep036,stratified_size,36,b50_lb1_k3_eps0p005,local_only_offline_aggregate,shot_proportional,300,60,5,0.03568352840029849,0.0705587392079588,0.2157831831683233,0.38138811881186935,0.06,0.65,0.8333333333333334,0.766875,0.5390625,0.75875,10100.0,4825.0,0.2157831831683233,0.38138811881186935
stratified_size_rep036,stratified_size,36,b50_lb1_k3_eps0p005,local_only_offline_aggregate,uniform,300,60,5,0.035171469400483976,0.07048464822722134,0.2157831831683233,0.38138811881186935,0.056666666666666664,0.6533333333333333,0.8333333333333334,0.766875,0.5390625,0.75875,10100.0,4825.0,0.2157831831683233,0.38138811881186935
stratified_size_rep037,stratified_size,37,b50_lb1_k3_eps0p005,aggregate_only_sync,confidence,300,60,5,0.04109464053350683,0.06960372766834637,0.2171334328358293,0.37929752475246326,0.02666666666666667,0.6066666666666667,0.8166666666666667,0.8425,0.581875,0.8425,8075.0,3150.0,0.2171334328358293,0.37929752475246326
stratified_size_rep037,stratified_size,37,b50_lb1_k3_eps0p005,aggregate_only_sync,shot_proportional,300,60,5,0.04109464053350683,0.06960372766834637,0.2171334328358293,0.37929752475246326,0.02666666666666667,0.6066666666666667,0.8166666666666667,0.8425,0.581875,0.8425,8075.0,3150.0,0.2171334328358293,0.37929752475246326
stratified_size_rep037,stratified_size,37,b50_lb1_k3_eps0p005,aggregate_only_sync,uniform,300,60,5,0.04109464053350683,0.06960372766834637,0.2171334328358293,0.37929752475246326,0.02666666666666667,0.6066666666666667,0.8166666666666667,0.8425,0.581875,0.8425,8075.0,3150.0,0.2171334328358293,0.37929752475246326
stratified_size_rep037,stratified_size,37,b50_lb1_k3_eps0p005,hierarchical_local_aggregate,confidence,300,60,5,0.04090065627563572,0.06961006299066366,0.21713372947889564,0.37929752475246326,0.02,0.6133333333333333,0.82,0.8425,0.581875,0.8425,8075.0,3150.0,0.21713372947889564,0.37929752475246326
stratified_size_rep037,stratified_size,37,b50_lb1_k3_eps0p005,hierarchical_local_aggregate,shot_proportional,300,60,5,0.04137001146398491,0.06960372766834637,0.2171334328358293,0.37929752475246326,0.02666666666666667,0.6033333333333334,0.8166666666666667,0.8425,0.581875,0.8425,8075.0,3150.0,0.2171334328358293,0.37929752475246326
stratified_size_rep037,stratified_size,37,b50_lb1_k3_eps0p005,hierarchical_local_aggregate,uniform,300,60,5,0.04137001146398491,0.06960372766834637,0.2171334328358293,0.37929752475246326,0.02666666666666667,0.6033333333333334,0.8166666666666667,0.8425,0.581875,0.8425,8075.0,3150.0,0.2171334328358293,0.37929752475246326
stratified_size_rep037,stratified_size,37,b50_lb1_k3_eps0p005,local_only_offline_aggregate,confidence,300,60,5,0.03418311705016926,0.0677480569642033,0.21648491550403423,0.37929752475246326,0.043333333333333335,0.6666666666666666,0.8266666666666667,0.770625,0.5275000000000001,0.76125,10100.0,4775.0,0.21648491550403423,0.37929752475246326
stratified_size_rep037,stratified_size,37,b50_lb1_k3_eps0p005,local_only_offline_aggregate,shot_proportional,300,60,5,0.03550526000684227,0.06848791180074977,0.2164845169942426,0.37929752475246326,0.04666666666666667,0.6633333333333333,0.8266666666666667,0.770625,0.5275000000000001,0.76125,10100.0,4775.0,0.2164845169942426,0.37929752475246326
stratified_size_rep037,stratified_size,37,b50_lb1_k3_eps0p005,local_only_offline_aggregate,uniform,300,60,5,0.03410004764075631,0.06779899300843747,0.2164845169942426,0.37929752475246326,0.043333333333333335,0.6666666666666666,0.8266666666666667,0.770625,0.5275000000000001,0.76125,10100.0,4775.0,0.2164845169942426,0.37929752475246326
stratified_size_rep038,stratified_size,38,b50_lb1_k3_eps0p005,aggregate_only_sync,confidence,300,60,5,0.041039636431784036,0.09219917422279782,0.2395022574626726,0.38138811881186935,0.04,0.5766666666666667,0.7733333333333333,0.8225,0.5559375,0.8225,8950.0,3550.0,0.2395022574626726,0.38138811881186935
stratified_size_rep038,stratified_size,38,b50_lb1_k3_eps0p005,aggregate_only_sync,shot_proportional,300,60,5,0.041039636431784036,0.09219917422279782,0.2395022574626726,0.38138811881186935,0.04,0.5766666666666667,0.7733333333333333,0.8225,0.5559375,0.8225,8950.0,3550.0,0.2395022574626726,0.38138811881186935
stratified_size_rep038,stratified_size,38,b50_lb1_k3_eps0p005,aggregate_only_sync,uniform,300,60,5,0.041039636431784036,0.09219917422279782,0.2395022574626726,0.38138811881186935,0.04,0.5766666666666667,0.7733333333333333,0.8225,0.5559375,0.8225,8950.0,3550.0,0.2395022574626726,0.38138811881186935
stratified_size_rep038,stratified_size,38,b50_lb1_k3_eps0p005,hierarchical_local_aggregate,confidence,300,60,5,0.04109945582718359,0.09211042371469111,0.23950150965255676,0.38138811881186935,0.03333333333333333,0.58,0.7766666666666666,0.8225,0.5559375,0.8225,8875.0,3550.0,0.23950150965255676,0.38138811881186935
stratified_size_rep038,stratified_size,38,b50_lb1_k3_eps0p005,hierarchical_local_aggregate,shot_proportional,300,60,5,0.04137001146398491,0.09219917422279782,0.2395022574626726,0.38138811881186935,0.04,0.5766666666666667,0.7733333333333333,0.8225,0.5559375,0.8225,8875.0,3550.0,0.2395022574626726,0.38138811881186935
stratified_size_rep038,stratified_size,38,b50_lb1_k3_eps0p005,hierarchical_local_aggregate,uniform,300,60,5,0.04137001146398491,0.09219917422279782,0.2395022574626726,0.38138811881186935,0.04,0.5766666666666667,0.7733333333333333,0.8225,0.5559375,0.8225,8875.0,3550.0,0.2395022574626726,0.38138811881186935
stratified_size_rep038,stratified_size,38,b50_lb1_k3_eps0p005,local_only_offline_aggregate,confidence,300,60,5,0.03517224311265419,0.08625822866413059,0.2393437356804446,0.38138811881186935,0.056666666666666664,0.6233333333333333,0.7833333333333333,0.7313541666666666,0.5275000000000001,0.7037500000000001,10100.0,5925.0,0.2393437356804446,0.38138811881186935
stratified_size_rep038,stratified_size,38,b50_lb1_k3_eps0p005,local_only_offline_aggregate,shot_proportional,300,60,5,0.03575571133025873,0.08692161554438106,0.23934373469902026,0.38138811881186935,0.06,0.6233333333333333,0.7833333333333333,0.7313541666666666,0.5275000000000001,0.7037500000000001,10100.0,5925.0,0.23934373469902026,0.38138811881186935
stratified_size_rep038,stratified_size,38,b50_lb1_k3_eps0p005,local_only_offline_aggregate,uniform,300,60,5,0.035171469400483976,0.08628300449569198,0.23934373469902026,0.38138811881186935,0.056666666666666664,0.6233333333333333,0.7833333333333333,0.7313541666666666,0.5275000000000001,0.7037500000000001,10100.0,5925.0,0.23934373469902026,0.38138811881186935
stratified_size_rep039,stratified_size,39,b50_lb1_k3_eps0p005,aggregate_only_sync,confidence,300,60,5,0.040245555458055166,0.07013932349357546,0.2117630646766703,0.38138811881186935,0.023333333333333334,0.6233333333333333,0.83,0.855,0.591875,0.855,7700.0,2900.0,0.2117630646766703,0.38138811881186935
stratified_size_rep039,stratified_size,39,b50_lb1_k3_eps0p005,aggregate_only_sync,shot_proportional,300,60,5,0.040245555458055166,0.07013932349357546,0.2117630646766703,0.38138811881186935,0.023333333333333334,0.6233333333333333,0.83,0.855,0.591875,0.855,7700.0,2900.0,0.2117630646766703,0.38138811881186935
stratified_size_rep039,stratified_size,39,b50_lb1_k3_eps0p005,aggregate_only_sync,uniform,300,60,5,0.040245555458055166,0.07013932349357546,0.2117630646766703,0.38138811881186935,0.023333333333333334,0.6233333333333333,0.83,0.855,0.591875,0.855,7700.0,2900.0,0.2117630646766703,0.38138811881186935
stratified_size_rep039,stratified_size,39,b50_lb1_k3_eps0p005,hierarchical_local_aggregate,confidence,300,60,5,0.03954183519955737,0.07013984690172702,0.21178032949248196,0.38138811881186935,0.016666666666666666,0.63,0.8333333333333334,0.855,0.591875,0.855,7700.0,2900.0,0.21178032949248196,0.38138811881186935
stratified_size_rep039,stratified_size,39,b50_lb1_k3_eps0p005,hierarchical_local_aggregate,shot_proportional,300,60,5,0.040245555458055166,0.07013932349357546,0.2117630646766703,0.38138811881186935,0.023333333333333334,0.62,0.83,0.855,0.591875,0.855,7700.0,2900.0,0.2117630646766703,0.38138811881186935
stratified_size_rep039,stratified_size,39,b50_lb1_k3_eps0p005,hierarchical_local_aggregate,uniform,300,60,5,0.040245555458055166,0.07013932349357546,0.2117630646766703,0.38138811881186935,0.023333333333333334,0.62,0.83,0.855,0.591875,0.855,7700.0,2900.0,0.2117630646766703,0.38138811881186935
stratified_size_rep039,stratified_size,39,b50_lb1_k3_eps0p005,local_only_offline_aggregate,confidence,300,60,5,0.03388689435606275,0.0664899011299434,0.21068305051722705,0.38138811881186935,0.04,0.6666666666666666,0.84,0.7849999999999999,0.5390625,0.7675,10012.5,4650.0,0.21068305051722705,0.38138811881186935
stratified_size_rep039,stratified_size,39,b50_lb1_k3_eps0p005,local_only_offline_aggregate,shot_proportional,300,60,5,0.03412741210374644,0.0664899011299434,0.21068676452035706,0.38138811881186935,0.043333333333333335,0.6633333333333333,0.84,0.7849999999999999,0.5390625,0.7675,10012.5,4650.0,0.21068676452035706,0.38138811881186935
stratified_size_rep039,stratified_size,39,b50_lb1_k3_eps0p005,local_only_offline_aggregate,uniform,300,60,5,0.03354006031469363,0.0664899011299434,0.21067345647998437,0.38138811881186935,0.04,0.6666666666666666,0.84,0.7849999999999999,0.5390625,0.7675,10012.5,4650.0,0.21067345647998437,0.38138811881186935
stratified_size_rep040,stratified_size,40,b50_lb1_k3_eps0p005,aggregate_only_sync,confidence,300,60,5,0.043053161135686836,0.08612720272904549,0.2395022574626726,0.38138811881186935,0.03333333333333333,0.5733333333333334,0.7966666666666666,0.8087500000000001,0.560625,0.8087500000000001,9225.0,3825.0,0.2395022574626726,0.38138811881186935
stratified_size_rep040,stratified_size,40,b50_lb1_k3_eps0p005,aggregate_only_sync,shot_proportional,300,60,5,0.043053161135686836,0.08612720272904549,0.2395022574626726,0.38138811881186935,0.03333333333333333,0.5733333333333334,0.7966666666666666,0.8087500000000001,0.560625,0.8087500000000001,9225.0,3825.0,0.2395022574626726,0.38138811881186935
stratified_size_rep040,stratified_size,40,b50_lb1_k3_eps0p005,aggregate_only_sync,uniform,300,60,5,0.043053161135686836,0.08612720272904549,0.2395022574626726,0.38138811881186935,0.03333333333333333,0.5733333333333334,0.7966666666666666,0.8087500000000001,0.560625,0.8087500000000001,9225.0,3825.0,0.2395022574626726,0.38138811881186935
stratified_size_rep040,stratified_size,40,b50_lb1_k3_eps0p005,hierarchical_local_aggregate,confidence,300,60,5,0.04200417620811442,0.08597828716485197,0.23950150965255676,0.38138811881186935,0.03333333333333333,0.5766666666666667,0.8,0.8087500000000001,0.560625,0.8087500000000001,9150.0,3825.0,0.23950150965255676,0.38138811881186935
stratified_size_rep040,stratified_size,40,b50_lb1_k3_eps0p005,hierarchical_local_aggregate,shot_proportional,300,60,5,0.0431349778778131,0.08612720272904549,0.2395022574626726,0.38138811881186935,0.03333333333333333,0.57,0.7966666666666666,0.8087500000000001,0.560625,0.8087500000000001,9150.0,3825.0,0.2395022574626726,0.38138811881186935
stratified_size_rep040,stratified_size,40,b50_lb1_k3_eps0p005,hierarchical_local_aggregate,uniform,300,60,5,0.043053161135686836,0.08612720272904549,0.2395022574626726,0.38138811881186935,0.03333333333333333,0.57,0.7966666666666666,0.8087500000000001,0.560625,0.8087500000000001,9150.0,3825.0,0.2395022574626726,0.38138811881186935
stratified_size_rep040,stratified_size,40,b50_lb1_k3_eps0p005,local_only_offline_aggregate,confidence,300,60,5,0.037106096724071655,0.0777764120675365,0.23901664483274315,0.38138811881186935,0.056666666666666664,0.6266666666666667,0.8066666666666666,0.7284375000000001,0.5275000000000001,0.7012499999999999,11375.0,5975.0,0.23901664483274315,0.38138811881186935
stratified_size_rep040,stratified_size,40,b50_lb1_k3_eps0p005,local_only_offline_aggregate,shot_proportional,300,60,5,0.03732312408685992,0.07884258293846902,0.2390165284653345,0.38138811881186935,0.056666666666666664,0.6233333333333333,0.8066666666666666,0.7284375000000001,0.5275000000000001,0.7012499999999999,11375.0,5975.0,0.2390165284653345,0.38138811881186935
stratified_size_rep040,stratified_size,40,b50_lb1_k3_eps0p005,local_only_offline_aggregate,uniform,300,60,5,0.037054834140374936,0.0777751218025434,0.2390165284653345,0.38138811881186935,0.056666666666666664,0.6266666666666667,0.8066666666666666,0.7284375000000001,0.5275000000000001,0.7012499999999999,11375.0,5975.0,0.2390165284653345,0.38138811881186935
stratified_size_rep041,stratified_size,41,b50_lb1_k3_eps0p005,aggregate_only_sync,confidence,300,60,5,0.040511542553191476,0.07457587053780732,0.2323397947761903,0.37929752475246326,0.04,0.6133333333333333,0.8133333333333334,0.85,0.5800000000000001,0.85,7800.0,3000.0,0.2323397947761903,0.37929752475246326
stratified_size_rep041,stratified_size,41,b50_lb1_k3_eps0p005,aggregate_only_sync,shot_proportional,300,60,5,0.040511542553191476,0.07457587053780732,0.2323397947761903,0.37929752475246326,0.04,0.6133333333333333,0.8133333333333334,0.85,0.5800000000000001,0.85,7800.0,3000.0,0.2323397947761903,0.37929752475246326
stratified_size_rep041,stratified_size,41,b50_lb1_k3_eps0p005,aggregate_only_sync,uniform,300,60,5,0.040511542553191476,0.07457587053780732,0.2323397947761903,0.37929752475246326,0.04,0.6133333333333333,0.8133333333333334,0.85,0.5800000000000001,0.85,7800.0,3000.0,0.2323397947761903,0.37929752475246326
stratified_size_rep041,stratified_size,41,b50_lb1_k3_eps0p005,hierarchical_local_aggregate,confidence,300,60,5,0.04017893598027014,0.07432279503897016,0.23233521873078064,0.37929752475246326,0.03333333333333333,0.6166666666666667,0.8133333333333334,0.85,0.5800000000000001,0.85,7800.0,3000.0,0.23233521873078064,0.37929752475246326
stratified_size_rep041,stratified_size,41,b50_lb1_k3_eps0p005,hierarchical_local_aggregate,shot_proportional,300,60,5,0.040511542553191476,0.07457587053780732,0.2323397947761903,0.37929752475246326,0.04,0.61,0.8133333333333334,0.85,0.5800000000000001,0.85,7800.0,3000.0,0.2323397947761903,0.37929752475246326
stratified_size_rep041,stratified_size,41,b50_lb1_k3_eps0p005,hierarchical_local_aggregate,uniform,300,60,5,0.040511542553191476,0.07457587053780732,0.2323397947761903,0.37929752475246326,0.04,0.61,0.8133333333333334,0.85,0.5800000000000001,0.85,7800.0,3000.0,0.2323397947761903,0.37929752475246326
stratified_size_rep041,stratified_size,41,b50_lb1_k3_eps0p005,local_only_offline_aggregate,confidence,300,60,5,0.033954438215711875,0.06945921929758264,0.23173369102179464,0.37929752475246326,0.056666666666666664,0.66,0.8166666666666667,0.774375,0.5275000000000001,0.7625,10075.0,4750.0,0.23173369102179464,0.37929752475246326
stratified_size_rep041,stratified_size,41,b50_lb1_k3_eps0p005,local_only_offline_aggregate,shot_proportional,300,60,5,0.03458113999490284,0.06948783783783782,0.23173882343696214,0.37929752475246326,0.06,0.6566666666666666,0.8166666666666667,0.774375,0.5275000000000001,0.7625,10075.0,4750.0,0.23173882343696214,0.37929752475246326
stratified_size_rep041,stratified_size,41,b50_lb1_k3_eps0p005,local_only_offline_aggregate,uniform,300,60,5,0.03377719074471881,0.06948227012979448,0.2317249340550226,0.37929752475246326,0.056666666666666664,0.66,0.8166666666666667,0.774375,0.5275000000000001,0.7625,10075.0,4750.0,0.2317249340550226,0.37929752475246326
stratified_size_rep042,stratified_size,42,b50_lb1_k3_eps0p005,aggregate_only_sync,confidence,300,60,5,0.04235546788990825,0.08612720272904549,0.23933121268655538,0.38138811881186935,0.02666666666666667,0.5866666666666667,0.7933333333333333,0.826875,0.560625,0.826875,8875.0,3462.5,0.23933121268655538,0.38138811881186935
stratified_size_rep042,stratified_size,42,b50_lb1_k3_eps0p005,aggregate_only_sync,shot_proportional,300,60,5,0.04235546788990825,0.08612720272904549,0.23933121268655538,0.38138811881186935,0.02666666666666667,0.5866666666666667,0.7933333333333333,0.826875,0.560625,0.826875,8875.0,3462.5,0.23933121268655538,0.38138811881186935
stratified_size_rep042,stratified_size,42,b50_lb1_k3_eps0p005,aggregate_only_sync,uniform,300,60,5,0.04235546788990825,0.08612720272904549,0.23933121268655538,0.38138811881186935,0.02666666666666667,0.5866666666666667,0.7933333333333333,0.826875,0.560625,0.826875,8875.0,3462.5,0.23933121268655538,0.38138811881186935
stratified_size_rep042,stratified_size,42,b50_lb1_k3_eps0p005,hierarchical_local_aggregate,confidence,300,60,5,0.04165699253333785,0.08597828716485197,0.23933117332812823,0.38138811881186935,0.02,0.59,0.7966666666666666,0.826875,0.560625,0.826875,8850.0,3462.5,0.23933117332812823,0.38138811881186935
stratified_size_rep042,stratified_size,42,b50_lb1_k3_eps0p005,hierarchical_local_aggregate,shot_proportional,300,60,5,0.04284475252194277,0.08612720272904549,0.23933121268655538,0.38138811881186935,0.02666666666666667,0.5833333333333334,0.7933333333333333,0.826875,0.560625,0.826875,8850.0,3462.5,0.23933121268655538,0.38138811881186935
stratified_size_rep042,stratified_size,42,b50_lb1_k3_eps0p005,hierarchical_local_aggregate,uniform,300,60,5,0.04273298304142327,0.08612720272904549,0.23933121268655538,0.38138811881186935,0.02666666666666667,0.5833333333333334,0.7933333333333333,0.826875,0.560625,0.826875,8850.0,3462.5,0.23933121268655538,0.38138811881186935
stratified_size_rep042,stratified_size,42,b50_lb1_k3_eps0p005,local_only_offline_aggregate,confidence,300,60,5,0.03517224311265419,0.07951303517393199,0.23899728726173963,0.38138811881186935,0.043333333333333335,0.64,0.8033333333333333,0.751,0.5275000000000001,0.735,10275.0,5300.0,0.23899728726173963,0.38138811881186935
stratified_size_rep042,stratified_size,42,b50_lb1_k3_eps0p005,local_only_offline_aggregate,shot_proportional,300,60,5,0.035933979723714954,0.07951284490049783,0.2389971718757553,0.38138811881186935,0.04666666666666667,0.6366666666666667,0.8033333333333333,0.751,0.5275000000000001,0.735,10275.0,5300.0,0.2389971718757553,0.38138811881186935
stratified_size_rep042,stratified_size,42,b50_lb1_k3_eps0p005,local_only_offline_aggregate,uniform,300,60,5,0.035171469400483976,0.0795118401092692,0.2389971718757553,0.38138811881186935,0.043333333333333335,0.64,0.8033333333333333,0.751,0.5275000000000001,0.735,10275.0,5300.0,0.2389971718757553,0.38138811881186935
stratified_size_rep043,stratified_size,43,b50_lb1_k3_eps0p005,aggregate_only_sync,confidence,300,60,5,0.04137001146398491,0.07710780669537275,0.2395022574626726,0.38138811881186935,0.04,0.6033333333333334,0.8133333333333334,0.829375,0.5659375,0.829375,8750.0,3412.5,0.2395022574626726,0.38138811881186935
stratified_size_rep043,stratified_size,43,b50_lb1_k3_eps0p005,aggregate_only_sync,shot_proportional,300,60,5,0.04137001146398491,0.07710780669537275,0.2395022574626726,0.38138811881186935,0.04,0.6033333333333334,0.8133333333333334,0.829375,0.5659375,0.829375,8750.0,3412.5,0.2395022574626726,0.38138811881186935
stratified_size_rep043,stratified_size,43,b50_lb1_k3_eps0p005,aggregate_only_sync,uniform,300,60,5,0.04137001146398491,0.07710780669537275,0.2395022574626726,0.38138811881186935,0.04,0.6033333333333334,0.8133333333333334,0.829375,0.5659375,0.829375,8750.0,3412.5,0.2395022574626726,0.38138811881186935
stratified_size_rep043,stratified_size,43,b50_lb1_k3_eps0p005,hierarchical_local_aggregate,confidence,300,60,5,0.04115445992890639,0.07705393980390265,0.23950150965255676,0.38138811881186935,0.03333333333333333,0.61,0.8166666666666667,0.829375,0.5659375,0.829375,8750.0,3412.5,0.23950150965255676,0.38138811881186935
stratified_size_rep043,stratified_size,43,b50_lb1_k3_eps0p005,hierarchical_local_aggregate,shot_proportional,300,60,5,0.04156450055418559,0.07710780669537275,0.2395022574626726,0.38138811881186935,0.04,0.6,0.8133333333333334,0.829375,0.5659375,0.829375,8750.0,3412.5,0.2395022574626726,0.38138811881186935
stratified_size_rep043,stratified_size,43,b50_lb1_k3_eps0p005,hierarchical_local_aggregate,uniform,300,60,5,0.04156450055418559,0.07710780669537275,0.2395022574626726,0.38138811881186935,0.04,0.6,0.8133333333333334,0.829375,0.5659375,0.829375,8750.0,3412.5,0.2395022574626726,0.38138811881186935
stratified_size_rep043,stratified_size,43,b50_lb1_k3_eps0p005,local_only_offline_aggregate,confidence,300,60,5,0.03455840719064699,0.07079887936717191,0.2393437356804446,0.38138811881186935,0.056666666666666664,0.65,0.8233333333333334,0.751,0.5275000000000001,0.735,10175.0,5300.0,0.2393437356804446,0.38138811881186935
stratified_size_rep043,stratified_size,43,b50_lb1_k3_eps0p005,local_only_offline_aggregate,shot_proportional,300,60,5,0.03568352840029849,0.07097104293699413,0.23934373469902026,0.38138811881186935,0.06,0.6466666666666666,0.8233333333333334,0.751,0.5275000000000001,0.735,10175.0,5300.0,0.23934373469902026,0.38138811881186935
stratified_size_rep043,stratified_size,43,b50_lb1_k3_eps0p005,local_only_offline_aggregate,uniform,300,60,5,0.03456603180917277,0.07079887936717191,0.23934373469902026,0.38138811881186935,0.056666666666666664,0.65,0.8233333333333334,0.751,0.5275000000000001,0.735,10175.0,5300.0,0.23934373469902026,0.38138811881186935
stratified_size_rep044,stratified_size,44,b50_lb1_k3_eps0p005,aggregate_only_sync,confidence,300,60,5,0.0423394767379424,0.09156470563241731,0.2395022574626726,0.38138811881186935,0.04,0.5733333333333334,0.78,0.8087500000000001,0.5559375,0.8087500000000001,9000.0,3825.0,0.2395022574626726,0.38138811881186935
stratified_size_rep044,stratified_size,44,b50_lb1_k3_eps0p005,aggregate_only_sync,shot_proportional,300,60,5,0.0423394767379424,0.09156470563241731,0.2395022574626726,0.38138811881186935,0.04,0.5733333333333334,0.78,0.8087500000000001,0.5559375,0.8087500000000001,9000.0,3825.0,0.2395022574626726,0.38138811881186935
stratified_size_rep044,stratified_size,44,b50_lb1_k3_eps0p005,aggregate_only_sync,uniform,300,60,5,0.0423394767379424,0.09156470563241731,0.2395022574626726,0.38138811881186935,0.04,0.5733333333333334,0.78,0.8087500000000001,0.5559375,0.8087500000000001,9000.0,3825.0,0.2395022574626726,0.38138811881186935
stratified_size_rep044,stratified_size,44,b50_lb1_k3_eps0p005,hierarchical_local_aggregate,confidence,300,60,5,0.04164434248745445,0.09148493007345228,0.23950150965255676,0.38138811881186935,0.03333333333333333,0.5766666666666667,0.7833333333333333,0.8087500000000001,0.5559375,0.8087500000000001,9000.0,3825.0,0.23950150965255676,0.38138811881186935
stratified_size_rep044,stratified_size,44,b50_lb1_k3_eps0p005,hierarchical_local_aggregate,shot_proportional,300,60,5,0.04284475252194277,0.09156470563241731,0.2395022574626726,0.38138811881186935,0.04,0.57,0.78,0.8087500000000001,0.5559375,0.8087500000000001,9000.0,3825.0,0.2395022574626726,0.38138811881186935
stratified_size_rep044,stratified_size,44,b50_lb1_k3_eps0p005,hierarchical_local_aggregate,uniform,300,60,5,0.04273298304142327,0.09156470563241731,0.2395022574626726,0.38138811881186935,0.04,0.57,0.78,0.8087500000000001,0.5559375,0.8087500000000001,9000.0,3825.0,0.2395022574626726,0.38138811881186935
stratified_size_rep044,stratified_size,44,b50_lb1_k3_eps0p005,local_only_offline_aggregate,confidence,300,60,5,0.03676185065449753,0.0852935460857866,0.2393437356804446,0.38138811881186935,0.04,0.62,0.7866666666666666,0.7073958333333333,0.52125,0.685,10850.0,6300.0,0.2393437356804446,0.38138811881186935
stratified_size_rep044,stratified_size,44,b50_lb1_k3_eps0p005,local_only_offline_aggregate,shot_proportional,300,60,5,0.037054333211831644,0.08692161554438106,0.23934373469902026,0.38138811881186935,0.043333333333333335,0.6166666666666667,0.7866666666666666,0.7073958333333333,0.52125,0.685,10850.0,6300.0,0.23934373469902026,0.38138811881186935
stratified_size_rep044,stratified_size,44,b50_lb1_k3_eps0p005,local_only_offline_aggregate,uniform,300,60,5,0.03674129243115455,0.08501271733245329,0.23934373469902026,0.38138811881186935,0.04,0.62,0.7866666666666666,0.7073958333333333,0.52125,0.685,10850.0,6300.0,0.23934373469902026,0.38138811881186935
stratified_size_rep045,stratified_size,45,b50_lb1_k3_eps0p005,aggregate_only_sync,confidence,300,60,5,0.03960992561840514,0.06876308398108542,0.2117630646766703,0.38138811881186935,0.023333333333333334,0.63,0.8333333333333334,0.8674999999999999,0.623125,0.8674999999999999,7350.0,2650.0,0.2117630646766703,0.38138811881186935
stratified_size_rep045,stratified_size,45,b50_lb1_k3_eps0p005,aggregate_only_sync,shot_proportional,300,60,5,0.03960992561840514,0.06876308398108542,0.2117630646766703,0.38138811881186935,0.023333333333333334,0.63,0.8333333333333334,0.8674999999999999,0.623125,0.8674999999999999,7350.0,2650.0,0.2117630646766703,0.38138811881186935
stratified_size_rep045,stratified_size,45,b50_lb1_k3_eps0p005,aggregate_only_sync,uniform,300,60,5,0.03960992561840514,0.06876308398108542,0.2117630646766703,0.38138811881186935,0.023333333333333334,0.63,0.8333333333333334,0.8674999999999999,0.623125,0.8674999999999999,7350.0,2650.0,0.2117630646766703,0.38138811881186935
stratified_size_rep045,stratified_size,45,b50_lb1_k3_eps0p005,hierarchical_local_aggregate,confidence,300,60,5,0.03896345631219689,0.0687374283722178,0.21178032949248196,0.38138811881186935,0.016666666666666666,0.6366666666666667,0.8366666666666667,0.8674999999999999,0.623125,0.8674999999999999,7250.0,2650.0,0.21178032949248196,0.38138811881186935
stratified_size_rep045,stratified_size,45,b50_lb1_k3_eps0p005,hierarchical_local_aggregate,shot_proportional,300,60,5,0.039622538188761464,0.06876308398108542,0.2117630646766703,0.38138811881186935,0.023333333333333334,0.6266666666666667,0.8333333333333334,0.8674999999999999,0.623125,0.8674999999999999,7250.0,2650.0,0.2117630646766703,0.38138811881186935
stratified_size_rep045,stratified_size,45,b50_lb1_k3_eps0p005,hierarchical_local_aggregate,uniform,300,60,5,0.03960992561840514,0.06876308398108542,0.2117630646766703,0.38138811881186935,0.023333333333333334,0.6266666666666667,0.8333333333333334,0.8674999999999999,0.623125,0.8674999999999999,7250.0,2650.0,0.2117630646766703,0.38138811881186935
stratified_size_rep045,stratified_size,45,b50_lb1_k3_eps0p005,local_only_offline_aggregate,confidence,300,60,5,0.03267553085002345,0.06516214086716982,0.21068305051722705,0.38138811881186935,0.04,0.68,0.84,0.8178125,0.56421875,0.8,9875.0,4000.0,0.21068305051722705,0.38138811881186935
stratified_size_rep045,stratified_size,45,b50_lb1_k3_eps0p005,local_only_offline_aggregate,shot_proportional,300,60,5,0.03370000000000001,0.06516308290155422,0.21068676452035706,0.38138811881186935,0.043333333333333335,0.6766666666666666,0.84,0.8178125,0.56421875,0.8,9875.0,4000.0,0.21068676452035706,0.38138811881186935
stratified_size_rep045,stratified_size,45,b50_lb1_k3_eps0p005,local_only_offline_aggregate,uniform,300,60,5,0.032281891985927694,0.06516308290155422,0.21067345647998437,0.38138811881186935,0.04,0.68,0.84,0.8178125,0.56421875,0.8,9875.0,4000.0,0.21067345647998437,0.38138811881186935
stratified_size_rep046,stratified_size,46,b50_lb1_k3_eps0p005,aggregate_only_sync,confidence,300,60,5,0.04109464053350683,0.09025162328375191,0.23877393345777967,0.38138811881186935,0.04,0.5933333333333334,0.79,0.82875,0.5584375,0.82875,8950.0,3425.0,0.23877393345777967,0.38138811881186935
stratified_size_rep046,stratified_size,46,b50_lb1_k3_eps0p005,aggregate_only_sync,shot_proportional,300,60,5,0.04109464053350683,0.09025162328375191,0.23877393345777967,0.38138811881186935,0.04,0.5933333333333334,0.79,0.82875,0.5584375,0.82875,8950.0,3425.0,0.23877393345777967,0.38138811881186935
stratified_size_rep046,stratified_size,46,b50_lb1_k3_eps0p005,aggregate_only_sync,uniform,300,60,5,0.04109464053350683,0.09025162328375191,0.23877393345777967,0.38138811881186935,0.04,0.5933333333333334,0.79,0.82875,0.5584375,0.82875,8950.0,3425.0,0.23877393345777967,0.38138811881186935
stratified_size_rep046,stratified_size,46,b50_lb1_k3_eps0p005,hierarchical_local_aggregate,confidence,300,60,5,0.04115445992890639,0.08982377337178572,0.23877440144397835,0.38138811881186935,0.03333333333333333,0.5966666666666667,0.7933333333333333,0.82875,0.5584375,0.82875,8875.0,3425.0,0.23877440144397835,0.38138811881186935
stratified_size_rep046,stratified_size,46,b50_lb1_k3_eps0p005,hierarchical_local_aggregate,shot_proportional,300,60,5,0.04137001146398491,0.09025162328375191,0.23877393345777967,0.38138811881186935,0.04,0.5933333333333334,0.79,0.82875,0.5584375,0.82875,8875.0,3425.0,0.23877393345777967,0.38138811881186935
stratified_size_rep046,stratified_size,46,b50_lb1_k3_eps0p005,hierarchical_local_aggregate,uniform,300,60,5,0.04137001146398491,0.09025162328375191,0.23877393345777967,0.38138811881186935,0.04,0.5933333333333334,0.79,0.82875,0.5584375,0.82875,8875.0,3425.0,0.23877393345777967,0.38138811881186935
stratified_size_rep046,stratified_size,46,b50_lb1_k3_eps0p005,local_only_offline_aggregate,confidence,300,60,5,0.03517224311265419,0.08065672017953507,0.23801359293627034,0.38138811881186935,0.056666666666666664,0.6333333333333333,0.8,0.751,0.5275000000000001,0.735,10350.0,5300.0,0.23801359293627034,0.38138811881186935
stratified_size_rep046,stratified_size,46,b50_lb1_k3_eps0p005,local_only_offline_aggregate,shot_proportional,300,60,5,0.036085728541069936,0.08099342653562841,0.23801272261837617,0.38138811881186935,0.06,0.6333333333333333,0.8,0.751,0.5275000000000001,0.735,10350.0,5300.0,0.23801272261837617,0.38138811881186935
stratified_size_rep046,stratified_size,46,b50_lb1_k3_eps0p005,local_only_offline_aggregate,uniform,300,60,5,0.035171469400483976,0.08070892066411922,0.23801272261837617,0.38138811881186935,0.056666666666666664,0.6333333333333333,0.8,0.751,0.5275000000000001,0.735,10350.0,5300.0,0.23801272261837617,0.38138811881186935
stratified_size_rep047,stratified_size,47,b50_lb1_k3_eps0p005,aggregate_only_sync,confidence,300,60,5,0.043053161135686836,0.08505789473684197,0.23877393345777967,0.38138811881186935,0.02666666666666667,0.57,0.8033333333333333,0.8256249999999999,0.5571875,0.8256249999999999,9000.0,3487.5,0.23877393345777967,0.38138811881186935
stratified_size_rep047,stratified_size,47,b50_lb1_k3_eps0p005,aggregate_only_sync,shot_proportional,300,60,5,0.043053161135686836,0.08505789473684197,0.23877393345777967,0.38138811881186935,0.02666666666666667,0.57,0.8033333333333333,0.8256249999999999,0.5571875,0.8256249999999999,9000.0,3487.5,0.23877393345777967,0.38138811881186935
stratified_size_rep047,stratified_size,47,b50_lb1_k3_eps0p005,aggregate_only_sync,uniform,300,60,5,0.043053161135686836,0.08505789473684197,0.23877393345777967,0.38138811881186935,0.02666666666666667,0.57,0.8033333333333333,0.8256249999999999,0.5571875,0.8256249999999999,9000.0,3487.5,0.23877393345777967,0.38138811881186935
stratified_size_rep047,stratified_size,47,b50_lb1_k3_eps0p005,hierarchical_local_aggregate,confidence,300,60,5,0.041983770532691825,0.08505849336348137,0.23877440144397835,0.38138811881186935,0.02,0.5733333333333334,0.8066666666666666,0.8256249999999999,0.5571875,0.8256249999999999,8950.0,3487.5,0.23877440144397835,0.38138811881186935
stratified_size_rep047,stratified_size,47,b50_lb1_k3_eps0p005,hierarchical_local_aggregate,shot_proportional,300,60,5,0.0431349778778131,0.08505789473684197,0.23877393345777967,0.38138811881186935,0.02666666666666667,0.5666666666666667,0.8033333333333333,0.8256249999999999,0.5571875,0.8256249999999999,8950.0,3487.5,0.23877393345777967,0.38138811881186935
stratified_size_rep047,stratified_size,47,b50_lb1_k3_eps0p005,hierarchical_local_aggregate,uniform,300,60,5,0.043053161135686836,0.08505789473684197,0.23877393345777967,0.38138811881186935,0.02666666666666667,0.5666666666666667,0.8033333333333333,0.8256249999999999,0.5571875,0.8256249999999999,8950.0,3487.5,0.23877393345777967,0.38138811881186935
stratified_size_rep047,stratified_size,47,b50_lb1_k3_eps0p005,local_only_offline_aggregate,confidence,300,60,5,0.037030625980024934,0.0777764120675365,0.2379963776284966,0.38138811881186935,0.043333333333333335,0.6233333333333333,0.8133333333333334,0.751,0.5231250000000001,0.735,10275.0,5300.0,0.2379963776284966,0.38138811881186935
stratified_size_rep047,stratified_size,47,b50_lb1_k3_eps0p005,local_only_offline_aggregate,shot_proportional,300,60,5,0.03760846520329288,0.07884258293846902,0.23799550123765587,0.38138811881186935,0.04666666666666667,0.62,0.8133333333333334,0.751,0.5231250000000001,0.735,10275.0,5300.0,0.23799550123765587,0.38138811881186935
stratified_size_rep047,stratified_size,47,b50_lb1_k3_eps0p005,local_only_offline_aggregate,uniform,300,60,5,0.037054834140374936,0.0777751218025434,0.23799550123765587,0.38138811881186935,0.043333333333333335,0.6233333333333333,0.8133333333333334,0.751,0.5231250000000001,0.735,10275.0,5300.0,0.23799550123765587,0.38138811881186935
stratified_size_rep048,stratified_size,48,b50_lb1_k3_eps0p005,aggregate_only_sync,confidence,300,60,5,0.04076282608695646,0.09024987073392911,0.2395022574626726,0.38138811881186935,0.02666666666666667,0.5933333333333334,0.79,0.829375,0.56125,0.829375,8400.0,3412.5,0.2395022574626726,0.38138811881186935
stratified_size_rep048,stratified_size,48,b50_lb1_k3_eps0p005,aggregate_only_sync,shot_proportional,300,60,5,0.04076282608695646,0.09024987073392911,0.2395022574626726,0.38138811881186935,0.02666666666666667,0.5933333333333334,0.79,0.829375,0.56125,0.829375,8400.0,3412.5,0.2395022574626726,0.38138811881186935
stratified_size_rep048,stratified_size,48,b50_lb1_k3_eps0p005,aggregate_only_sync,uniform,300,60,5,0.04076282608695646,0.09024987073392911,0.2395022574626726,0.38138811881186935,0.02666666666666667,0.5933333333333334,0.79,0.829375,0.56125,0.829375,8400.0,3412.5,0.2395022574626726,0.38138811881186935
stratified_size_rep048,stratified_size,48,b50_lb1_k3_eps0p005,hierarchical_local_aggregate,confidence,300,60,5,0.04037567672840131,0.08981746728968326,0.23950150965255676,0.38138811881186935,0.02,0.5966666666666667,0.7933333333333333,0.829375,0.56125,0.829375,8400.0,3412.5,0.23950150965255676,0.38138811881186935
stratified_size_rep048,stratified_size,48,b50_lb1_k3_eps0p005,hierarchical_local_aggregate,shot_proportional,300,60,5,0.04076282608695646,0.09024987073392911,0.2395022574626726,0.38138811881186935,0.02666666666666667,0.59,0.79,0.829375,0.56125,0.829375,8400.0,3412.5,0.2395022574626726,0.38138811881186935
stratified_size_rep048,stratified_size,48,b50_lb1_k3_eps0p005,hierarchical_local_aggregate,uniform,300,60,5,0.04076282608695646,0.09024987073392911,0.2395022574626726,0.38138811881186935,0.02666666666666667,0.59,0.79,0.829375,0.56125,0.829375,8400.0,3412.5,0.2395022574626726,0.38138811881186935
stratified_size_rep048,stratified_size,48,b50_lb1_k3_eps0p005,local_only_offline_aggregate,confidence,300,60,5,0.033954438215711875,0.08047301509576334,0.2393437356804446,0.38138811881186935,0.043333333333333335,0.64,0.8,0.751,0.5275000000000001,0.735,10100.0,5300.0,0.2393437356804446,0.38138811881186935
stratified_size_rep048,stratified_size,48,b50_lb1_k3_eps0p005,local_only_offline_aggregate,shot_proportional,300,60,5,0.03517187978989063,0.08066637336727887,0.23934373469902026,0.38138811881186935,0.04666666666666667,0.6366666666666667,0.8,0.751,0.5275000000000001,0.735,10100.0,5300.0,0.23934373469902026,0.38138811881186935
stratified_size_rep048,stratified_size,48,b50_lb1_k3_eps0p005,local_only_offline_aggregate,uniform,300,60,5,0.03384473460436794,0.08048683006330304,0.23934373469902026,0.38138811881186935,0.043333333333333335,0.64,0.8,0.751,0.5275000000000001,0.735,10100.0,5300.0,0.23934373469902026,0.38138811881186935
stratified_size_rep049,stratified_size,49,b50_lb1_k3_eps0p005,aggregate_only_sync,confidence,300,60,5,0.040511542553191476,0.08139727746018688,0.23933121268655538,0.38138811881186935,0.023333333333333334,0.6,0.8066666666666666,0.838125,0.591875,0.838125,8400.0,3237.5,0.23933121268655538,0.38138811881186935
stratified_size_rep049,stratified_size,49,b50_lb1_k3_eps0p005,aggregate_only_sync,shot_proportional,300,60,5,0.040511542553191476,0.08139727746018688,0.23933121268655538,0.38138811881186935,0.023333333333333334,0.6,0.8066666666666666,0.838125,0.591875,0.838125,8400.0,3237.5,0.23933121268655538,0.38138811881186935
stratified_size_rep049,stratified_size,49,b50_lb1_k3_eps0p005,aggregate_only_sync,uniform,300,60,5,0.040511542553191476,0.08139727746018688,0.23933121268655538,0.38138811881186935,0.023333333333333334,0.6,0.8066666666666666,0.838125,0.591875,0.838125,8400.0,3237.5,0.23933121268655538,0.38138811881186935
stratified_size_rep049,stratified_size,49,b50_lb1_k3_eps0p005,hierarchical_local_aggregate,confidence,300,60,5,0.040363553180416845,0.08131201376272022,0.23933117332812823,0.38138811881186935,0.016666666666666666,0.6066666666666667,0.81,0.838125,0.591875,0.838125,8400.0,3237.5,0.23933117332812823,0.38138811881186935
stratified_size_rep049,stratified_size,49,b50_lb1_k3_eps0p005,hierarchical_local_aggregate,shot_proportional,300,60,5,0.040511542553191476,0.08139727746018688,0.23933121268655538,0.38138811881186935,0.023333333333333334,0.6,0.8066666666666666,0.838125,0.591875,0.838125,8400.0,3237.5,0.23933121268655538,0.38138811881186935
stratified_size_rep049,stratified_size,49,b50_lb1_k3_eps0p005,hierarchical_local_aggregate,uniform,300,60,5,0.040511542553191476,0.08139727746018688,0.23933121268655538,0.38138811881186935,0.023333333333333334,0.6,0.8066666666666666,0.838125,0.591875,0.838125,8400.0,3237.5,0.23933121268655538,0.38138811881186935
stratified_size_rep049,stratified_size,49,b50_lb1_k3_eps0p005,local_only_offline_aggregate,confidence,300,60,5,0.033954438215711875,0.07555513267687253,0.23899728726173963,0.38138811881186935,0.03333333333333333,0.65,0.8166666666666667,0.755625,0.5465625000000001,0.7525,10100.0,4950.0,0.23899728726173963,0.38138811881186935
stratified_size_rep049,stratified_size,49,b50_lb1_k3_eps0p005,local_only_offline_aggregate,shot_proportional,300,60,5,0.03411474543707972,0.07562973963992262,0.2389971718757553,0.38138811881186935,0.03666666666666667,0.65,0.8166666666666667,0.755625,0.5465625000000001,0.7525,10100.0,4950.0,0.2389971718757553,0.38138811881186935
stratified_size_rep049,stratified_size,49,b50_lb1_k3_eps0p005,local_only_offline_aggregate,uniform,300,60,5,0.03384473460436794,0.07551566186069676,0.2389971718757553,0.38138811881186935,0.03333333333333333,0.65,0.8166666666666667,0.755625,0.5465625000000001,0.7525,10100.0,4950.0,0.2389971718757553,0.38138811881186935
stratified_size_rep050,stratified_size,50,b50_lb1_k3_eps0p005,aggregate_only_sync,confidence,300,60,5,0.040245555458055166,0.07204824041811844,0.23287770833332477,0.38138811881186935,0.04,0.6133333333333333,0.8166666666666667,0.85,0.5659375,0.85,7900.0,3000.0,0.23287770833332477,0.38138811881186935
stratified_size_rep050,stratified_size,50,b50_lb1_k3_eps0p005,aggregate_only_sync,shot_proportional,300,60,5,0.040245555458055166,0.07204824041811844,0.23287770833332477,0.38138811881186935,0.04,0.6133333333333333,0.8166666666666667,0.85,0.5659375,0.85,7900.0,3000.0,0.23287770833332477,0.38138811881186935
stratified_size_rep050,stratified_size,50,b50_lb1_k3_eps0p005,aggregate_only_sync,uniform,300,60,5,0.040245555458055166,0.07204824041811844,0.23287770833332477,0.38138811881186935,0.04,0.6133333333333333,0.8166666666666667,0.85,0.5659375,0.85,7900.0,3000.0,0.23287770833332477,0.38138811881186935
stratified_size_rep050,stratified_size,50,b50_lb1_k3_eps0p005,hierarchical_local_aggregate,confidence,300,60,5,0.03965668751436725,0.07187814249957052,0.23287653730817032,0.38138811881186935,0.03333333333333333,0.62,0.8166666666666667,0.85,0.5659375,0.85,7900.0,3000.0,0.23287653730817032,0.38138811881186935
stratified_size_rep050,stratified_size,50,b50_lb1_k3_eps0p005,hierarchical_local_aggregate,shot_proportional,300,60,5,0.040245555458055166,0.07204824041811844,0.23287770833332477,0.38138811881186935,0.04,0.61,0.8166666666666667,0.85,0.5659375,0.85,7900.0,3000.0,0.23287770833332477,0.38138811881186935
stratified_size_rep050,stratified_size,50,b50_lb1_k3_eps0p005,hierarchical_local_aggregate,uniform,300,60,5,0.040245555458055166,0.07204824041811844,0.23287770833332477,0.38138811881186935,0.04,0.61,0.8166666666666667,0.85,0.5659375,0.85,7900.0,3000.0,0.23287770833332477,0.38138811881186935
stratified_size_rep050,stratified_size,50,b50_lb1_k3_eps0p005,local_only_offline_aggregate,confidence,300,60,5,0.03377412280701753,0.06745648338006728,0.23232350343013053,0.38138811881186935,0.05333333333333334,0.66,0.82,0.774375,0.5275000000000001,0.7625,10075.0,4750.0,0.23232350343013053,0.38138811881186935
stratified_size_rep050,stratified_size,50,b50_lb1_k3_eps0p005,local_only_offline_aggregate,shot_proportional,300,60,5,0.034445727891156505,0.06838205163340688,0.2323349257425636,0.38138811881186935,0.056666666666666664,0.6566666666666666,0.82,0.774375,0.5275000000000001,0.7625,10075.0,4750.0,0.2323349257425636,0.38138811881186935
stratified_size_rep050,stratified_size,50,b50_lb1_k3_eps0p005,local_only_offline_aggregate,uniform,300,60,5,0.033703921568627455,0.06753067124399478,0.2323349257425636,0.38138811881186935,0.05333333333333334,0.66,0.82,0.774375,0.5275000000000001,0.7625,10075.0,4750.0,0.2323349257425636,0.38138811881186935
stratified_size_rep051,stratified_size,51,b50_lb1_k3_eps0p005,aggregate_only_sync,confidence,300,60,5,0.03960992561840514,0.07671685711167087,0.2395022574626726,0.38138811881186935,0.03666666666666667,0.6266666666666667,0.8133333333333334,0.8512500000000001,0.5659375,0.8512500000000001,7775.0,2975.0,0.2395022574626726,0.38138811881186935
stratified_size_rep051,stratified_size,51,b50_lb1_k3_eps0p005,aggregate_only_sync,shot_proportional,300,60,5,0.03960992561840514,0.07671685711167087,0.2395022574626726,0.38138811881186935,0.03666666666666667,0.6266666666666667,0.8133333333333334,0.8512500000000001,0.5659375,0.8512500000000001,7775.0,2975.0,0.2395022574626726,0.38138811881186935
stratified_size_rep051,stratified_size,51,b50_lb1_k3_eps0p005,aggregate_only_sync,uniform,300,60,5,0.03960992561840514,0.07671685711167087,0.2395022574626726,0.38138811881186935,0.03666666666666667,0.6266666666666667,0.8133333333333334,0.8512500000000001,0.5659375,0.8512500000000001,7775.0,2975.0,0.2395022574626726,0.38138811881186935
stratified_size_rep051,stratified_size,51,b50_lb1_k3_eps0p005,hierarchical_local_aggregate,confidence,300,60,5,0.038715448856471706,0.07670369967841689,0.23950150965255676,0.38138811881186935,0.03,0.6333333333333333,0.8166666666666667,0.8512500000000001,0.5659375,0.8512500000000001,7775.0,2975.0,0.23950150965255676,0.38138811881186935
stratified_size_rep051,stratified_size,51,b50_lb1_k3_eps0p005,hierarchical_local_aggregate,shot_proportional,300,60,5,0.039622538188761464,0.07671685711167087,0.2395022574626726,0.38138811881186935,0.03666666666666667,0.6233333333333333,0.8133333333333334,0.8512500000000001,0.5659375,0.8512500000000001,7775.0,2975.0,0.2395022574626726,0.38138811881186935
stratified_size_rep051,stratified_size,51,b50_lb1_k3_eps0p005,hierarchical_local_aggregate,uniform,300,60,5,0.03960992561840514,0.07671685711167087,0.2395022574626726,0.38138811881186935,0.03666666666666667,0.6233333333333333,0.8133333333333334,0.8512500000000001,0.5659375,0.8512500000000001,7775.0,2975.0,0.2395022574626726,0.38138811881186935
stratified_size_rep051,stratified_size,51,b50_lb1_k3_eps0p005,local_only_offline_aggregate,confidence,300,60,5,0.033674621524583254,0.07041549573058584,0.23901664483274315,0.38138811881186935,0.04666666666666667,0.6633333333333333,0.8233333333333334,0.7849999999999999,0.5275000000000001,0.7675,10100.0,4650.0,0.23901664483274315,0.38138811881186935
stratified_size_rep051,stratified_size,51,b50_lb1_k3_eps0p005,local_only_offline_aggregate,shot_proportional,300,60,5,0.03377412280701753,0.0705587392079588,0.2390165284653345,0.38138811881186935,0.05,0.66,0.8233333333333334,0.7849999999999999,0.5275000000000001,0.7675,10100.0,4650.0,0.2390165284653345,0.38138811881186935
stratified_size_rep051,stratified_size,51,b50_lb1_k3_eps0p005,local_only_offline_aggregate,uniform,300,60,5,0.03327250939057534,0.07048464822722134,0.2390165284653345,0.38138811881186935,0.04666666666666667,0.6633333333333333,0.8233333333333334,0.7849999999999999,0.5275000000000001,0.7675,10100.0,4650.0,0.2390165284653345,0.38138811881186935
stratified_size_rep052,stratified_size,52,b50_lb1_k3_eps0p005,aggregate_only_sync,confidence,300,60,5,0.040001101994851504,0.07799059252569326,0.2395022574626726,0.38138811881186935,0.023333333333333334,0.61,0.81,0.8512500000000001,0.576875,0.8512500000000001,7700.0,2975.0,0.2395022574626726,0.38138811881186935
stratified_size_rep052,stratified_size,52,b50_lb1_k3_eps0p005,aggregate_only_sync,shot_proportional,300,60,5,0.040001101994851504,0.07799059252569326,0.2395022574626726,0.38138811881186935,0.023333333333333334,0.61,0.81,0.8512500000000001,0.576875,0.8512500000000001,7700.0,2975.0,0.2395022574626726,0.38138811881186935
stratified_size_rep052,stratified_size,52,b50_lb1_k3_eps0p005,aggregate_only_sync,uniform,300,60,5,0.040001101994851504,0.07799059252569326,0.2395022574626726,0.38138811881186935,0.023333333333333334,0.61,0.81,0.8512500000000001,0.576875,0.8512500000000001,7700.0,2975.0,0.2395022574626726,0.38138811881186935
stratified_size_rep052,stratified_size,52,b50_lb1_k3_eps0p005,hierarchical_local_aggregate,confidence,300,60,5,0.0392925667612852,0.07783462662606368,0.23950150965255676,0.38138811881186935,0.016666666666666666,0.6133333333333333,0.81,0.8512500000000001,0.576875,0.8512500000000001,7700.0,2975.0,0.23950150965255676,0.38138811881186935
stratified_size_rep052,stratified_size,52,b50_lb1_k3_eps0p005,hierarchical_local_aggregate,shot_proportional,300,60,5,0.040001101994851504,0.07799059252569326,0.2395022574626726,0.38138811881186935,0.023333333333333334,0.6066666666666667,0.81,0.8512500000000001,0.576875,0.8512500000000001,7700.0,2975.0,0.2395022574626726,0.38138811881186935
stratified_size_rep052,stratified_size,52,b50_lb1_k3_eps0p005,hierarchical_local_aggregate,uniform,300,60,5,0.040001101994851504,0.07799059252569326,0.2395022574626726,0.38138811881186935,0.023333333333333334,0.6066666666666667,0.81,0.8512500000000001,0.576875,0.8512500000000001,7700.0,2975.0,0.2395022574626726,0.38138811881186935
stratified_size_rep052,stratified_size,52,b50_lb1_k3_eps0p005,local_only_offline_aggregate,confidence,300,60,5,0.03388689435606275,0.07124638480259575,0.2393437356804446,0.38138811881186935,0.04,0.6533333333333333,0.8133333333333334,0.770625,0.5275000000000001,0.76125,10050.0,4775.0,0.2393437356804446,0.38138811881186935
stratified_size_rep052,stratified_size,52,b50_lb1_k3_eps0p005,local_only_offline_aggregate,shot_proportional,300,60,5,0.034445727891156505,0.07142856021689743,0.23934373469902026,0.38138811881186935,0.043333333333333335,0.65,0.8133333333333334,0.770625,0.5275000000000001,0.76125,10050.0,4775.0,0.23934373469902026,0.38138811881186935
stratified_size_rep052,stratified_size,52,b50_lb1_k3_eps0p005,local_only_offline_aggregate,uniform,300,60,5,0.03370306793770128,0.07125016712434139,0.23934373469902026,0.38138811881186935,0.04,0.6533333333333333,0.8133333333333334,0.770625,0.5275000000000001,0.76125,10050.0,4775.0,0.23934373469902026,0.38138811881186935
stratified_size_rep053,stratified_size,53,b50_lb1_k3_eps0p005,aggregate_only_sync,confidence,300,60,5,0.0412310313078366,0.0837771146361832,0.23287770833332477,0.38138811881186935,0.04,0.58,0.7966666666666666,0.8375,0.5659375,0.8375,8625.0,3250.0,0.23287770833332477,0.38138811881186935
stratified_size_rep053,stratified_size,53,b50_lb1_k3_eps0p005,aggregate_only_sync,shot_proportional,300,60,5,0.0412310313078366,0.0837771146361832,0.23287770833332477,0.38138811881186935,0.04,0.58,0.7966666666666666,0.8375,0.5659375,0.8375,8625.0,3250.0,0.23287770833332477,0.38138811881186935
stratified_size_rep053,stratified_size,53,b50_lb1_k3_eps0p005,aggregate_only_sync,uniform,300,60,5,0.0412310313078366,0.0837771146361832,0.23287770833332477,0.38138811881186935,0.04,0.58,0.7966666666666666,0.8375,0.5659375,0.8375,8625.0,3250.0,0.23287770833332477,0.38138811881186935
stratified_size_rep053,stratified_size,53,b50_lb1_k3_eps0p005,hierarchical_local_aggregate,confidence,300,60,5,0.04117602997881707,0.08366162182663071,0.23287653730817032,0.38138811881186935,0.03333333333333333,0.5866666666666667,0.8,0.8375,0.5659375,0.8375,8525.0,3250.0,0.23287653730817032,0.38138811881186935
stratified_size_rep053,stratified_size,53,b50_lb1_k3_eps0p005,hierarchical_local_aggregate,shot_proportional,300,60,5,0.04156450055418559,0.0837771146361832,0.23287770833332477,0.38138811881186935,0.04,0.5766666666666667,0.7966666666666666,0.8375,0.5659375,0.8375,8525.0,3250.0,0.23287770833332477,0.38138811881186935
stratified_size_rep053,stratified_size,53,b50_lb1_k3_eps0p005,hierarchical_local_aggregate,uniform,300,60,5,0.04156450055418559,0.0837771146361832,0.23287770833332477,0.38138811881186935,0.04,0.5766666666666667,0.7966666666666666,0.8375,0.5659375,0.8375,8525.0,3250.0,0.23287770833332477,0.38138811881186935
stratified_size_rep053,stratified_size,53,b50_lb1_k3_eps0p005,local_only_offline_aggregate,confidence,300,60,5,0.035364536345591904,0.07720689700724101,0.23232350343013053,0.38138811881186935,0.04,0.6333333333333333,0.8066666666666666,0.755625,0.5275000000000001,0.7525,10100.0,4950.0,0.23232350343013053,0.38138811881186935
stratified_size_rep053,stratified_size,53,b50_lb1_k3_eps0p005,local_only_offline_aggregate,shot_proportional,300,60,5,0.0363971360738603,0.07774246226029788,0.2323349257425636,0.38138811881186935,0.043333333333333335,0.63,0.8066666666666666,0.755625,0.5275000000000001,0.7525,10100.0,4950.0,0.2323349257425636,0.38138811881186935
stratified_size_rep053,stratified_size,53,b50_lb1_k3_eps0p005,local_only_offline_aggregate,uniform,300,60,5,0.03538148490441191,0.07717265804061381,0.2323349257425636,0.38138811881186935,0.04,0.6333333333333333,0.8066666666666666,0.755625,0.5275000000000001,0.7525,10100.0,4950.0,0.2323349257425636,0.38138811881186935
stratified_size_rep054,stratified_size,54,b50_lb1_k3_eps0p005,aggregate_only_sync,confidence,300,60,5,0.0417693082830624,0.07710780669537275,0.2171334328358293,0.37929752475246326,0.04,0.59,0.8166666666666667,0.838125,0.591875,0.838125,8525.0,3237.5,0.2171334328358293,0.37929752475246326
stratified_size_rep054,stratified_size,54,b50_lb1_k3_eps0p005,aggregate_only_sync,shot_proportional,300,60,5,0.0417693082830624,0.07710780669537275,0.2171334328358293,0.37929752475246326,0.04,0.59,0.8166666666666667,0.838125,0.591875,0.838125,8525.0,3237.5,0.2171334328358293,0.37929752475246326
stratified_size_rep054,stratified_size,54,b50_lb1_k3_eps0p005,aggregate_only_sync,uniform,300,60,5,0.0417693082830624,0.07710780669537275,0.2171334328358293,0.37929752475246326,0.04,0.59,0.8166666666666667,0.838125,0.591875,0.838125,8525.0,3237.5,0.2171334328358293,0.37929752475246326
stratified_size_rep054,stratified_size,54,b50_lb1_k3_eps0p005,hierarchical_local_aggregate,confidence,300,60,5,0.0415128787815099,0.07705393980390265,0.21713372947889564,0.37929752475246326,0.03333333333333333,0.5966666666666667,0.82,0.838125,0.591875,0.838125,8525.0,3237.5,0.21713372947889564,0.37929752475246326
stratified_size_rep054,stratified_size,54,b50_lb1_k3_eps0p005,hierarchical_local_aggregate,shot_proportional,300,60,5,0.04193200884803415,0.07710780669537275,0.2171334328358293,0.37929752475246326,0.04,0.5866666666666667,0.8166666666666667,0.838125,0.591875,0.838125,8525.0,3237.5,0.2171334328358293,0.37929752475246326
stratified_size_rep054,stratified_size,54,b50_lb1_k3_eps0p005,hierarchical_local_aggregate,uniform,300,60,5,0.04193200884803415,0.07710780669537275,0.2171334328358293,0.37929752475246326,0.04,0.5866666666666667,0.8166666666666667,0.838125,0.591875,0.838125,8525.0,3237.5,0.2171334328358293,0.37929752475246326
stratified_size_rep054,stratified_size,54,b50_lb1_k3_eps0p005,local_only_offline_aggregate,confidence,300,60,5,0.03619165936975521,0.07041549573058584,0.21648491550403423,0.37929752475246326,0.056666666666666664,0.65,0.8266666666666667,0.755625,0.5390625,0.7525,10350.0,4950.0,0.21648491550403423,0.37929752475246326
stratified_size_rep054,stratified_size,54,b50_lb1_k3_eps0p005,local_only_offline_aggregate,shot_proportional,300,60,5,0.036816691724033145,0.0705587392079588,0.2164845169942426,0.37929752475246326,0.06,0.6466666666666666,0.8266666666666667,0.755625,0.5390625,0.7525,10350.0,4950.0,0.2164845169942426,0.37929752475246326
stratified_size_rep054,stratified_size,54,b50_lb1_k3_eps0p005,local_only_offline_aggregate,uniform,300,60,5,0.03622531138994005,0.07048464822722134,0.2164845169942426,0.37929752475246326,0.056666666666666664,0.65,0.8266666666666667,0.755625,0.5390625,0.7525,10350.0,4950.0,0.2164845169942426,0.37929752475246326
stratified_size_rep055,stratified_size,55,b50_lb1_k3_eps0p005,aggregate_only_sync,confidence,300,60,5,0.04022020630324177,0.07013932349357546,0.2117630646766703,0.38138811881186935,0.023333333333333334,0.63,0.83,0.855,0.604375,0.855,7675.0,2900.0,0.2117630646766703,0.38138811881186935
stratified_size_rep055,stratified_size,55,b50_lb1_k3_eps0p005,aggregate_only_sync,shot_proportional,300,60,5,0.04022020630324177,0.07013932349357546,0.2117630646766703,0.38138811881186935,0.023333333333333334,0.63,0.83,0.855,0.604375,0.855,7675.0,2900.0,0.2117630646766703,0.38138811881186935
stratified_size_rep055,stratified_size,55,b50_lb1_k3_eps0p005,aggregate_only_sync,uniform,300,60,5,0.04022020630324177,0.07013932349357546,0.2117630646766703,0.38138811881186935,0.023333333333333334,0.63,0.83,0.855,0.604375,0.855,7675.0,2900.0,0.2117630646766703,0.38138811881186935
stratified_size_rep055,stratified_size,55,b50_lb1_k3_eps0p005,hierarchical_local_aggregate,confidence,300,60,5,0.03954183519955737,0.07013984690172702,0.21178032949248196,0.38138811881186935,0.016666666666666666,0.6366666666666667,0.8333333333333334,0.855,0.604375,0.855,7675.0,2900.0,0.21178032949248196,0.38138811881186935
stratified_size_rep055,stratified_size,55,b50_lb1_k3_eps0p005,hierarchical_local_aggregate,shot_proportional,300,60,5,0.04022020630324177,0.07013932349357546,0.2117630646766703,0.38138811881186935,0.023333333333333334,0.6266666666666667,0.83,0.855,0.604375,0.855,7675.0,2900.0,0.2117630646766703,0.38138811881186935
stratified_size_rep055,stratified_size,55,b50_lb1_k3_eps0p005,hierarchical_local_aggregate,uniform,300,60,5,0.04022020630324177,0.07013932349357546,0.2117630646766703,0.38138811881186935,0.023333333333333334,0.6266666666666667,0.83,0.855,0.604375,0.855,7675.0,2900.0,0.2117630646766703,0.38138811881186935
stratified_size_rep055,stratified_size,55,b50_lb1_k3_eps0p005,local_only_offline_aggregate,confidence,300,60,5,0.0336872549019608,0.06587577929809196,0.21068305051722705,0.38138811881186935,0.04,0.6733333333333333,0.8366666666666667,0.7953125,0.5475000000000001,0.78,10012.5,4400.0,0.21068305051722705,0.38138811881186935
stratified_size_rep055,stratified_size,55,b50_lb1_k3_eps0p005,local_only_offline_aggregate,shot_proportional,300,60,5,0.033889365423051265,0.06587659314515294,0.21068676452035706,0.38138811881186935,0.043333333333333335,0.67,0.8366666666666667,0.7953125,0.5475000000000001,0.78,10012.5,4400.0,0.21068676452035706,0.38138811881186935
stratified_size_rep055,stratified_size,55,b50_lb1_k3_eps0p005,local_only_offline_aggregate,uniform,300,60,5,0.0335203257103257,0.06587429619161382,0.21067345647998437,0.38138811881186935,0.04,0.6733333333333333,0.8366666666666667,0.7953125,0.5475000000000001,0.78,10012.5,4400.0,0.21067345647998437,0.38138811881186935
stratified_size_rep056,stratified_size,56,b50_lb1_k3_eps0p005,aggregate_only_sync,confidence,300,60,5,0.0417693082830624,0.07457587053780732,0.2395022574626726,0.38138811881186935,0.04,0.6,0.82,0.829375,0.5800000000000001,0.829375,8875.0,3412.5,0.2395022574626726,0.38138811881186935
stratified_size_rep056,stratified_size,56,b50_lb1_k3_eps0p005,aggregate_only_sync,shot_proportional,300,60,5,0.0417693082830624,0.07457587053780732,0.2395022574626726,0.38138811881186935,0.04,0.6,0.82,0.829375,0.5800000000000001,0.829375,8875.0,3412.5,0.2395022574626726,0.38138811881186935
stratified_size_rep056,stratified_size,56,b50_lb1_k3_eps0p005,aggregate_only_sync,uniform,300,60,5,0.0417693082830624,0.07457587053780732,0.2395022574626726,0.38138811881186935,0.04,0.6,0.82,0.829375,0.5800000000000001,0.829375,8875.0,3412.5,0.2395022574626726,0.38138811881186935
stratified_size_rep056,stratified_size,56,b50_lb1_k3_eps0p005,hierarchical_local_aggregate,confidence,300,60,5,0.0415128787815099,0.07432279503897016,0.23950150965255676,0.38138811881186935,0.03333333333333333,0.6066666666666667,0.82,0.829375,0.5800000000000001,0.829375,8750.0,3412.5,0.23950150965255676,0.38138811881186935
stratified_size_rep056,stratified_size,56,b50_lb1_k3_eps0p005,hierarchical_local_aggregate,shot_proportional,300,60,5,0.04193200884803415,0.07457587053780732,0.2395022574626726,0.38138811881186935,0.04,0.5966666666666667,0.82,0.829375,0.5800000000000001,0.829375,8750.0,3412.5,0.2395022574626726,0.38138811881186935
stratified_size_rep056,stratified_size,56,b50_lb1_k3_eps0p005,hierarchical_local_aggregate,uniform,300,60,5,0.04193200884803415,0.07457587053780732,0.2395022574626726,0.38138811881186935,0.04,0.5966666666666667,0.82,0.829375,0.5800000000000001,0.829375,8750.0,3412.5,0.2395022574626726,0.38138811881186935
stratified_size_rep056,stratified_size,56,b50_lb1_k3_eps0p005,local_only_offline_aggregate,confidence,300,60,5,0.03517224311265419,0.06945921929758264,0.2393437356804446,0.38138811881186935,0.056666666666666664,0.6566666666666666,0.8233333333333334,0.751,0.5390625,0.735,10700.0,5300.0,0.2393437356804446,0.38138811881186935
stratified_size_rep056,stratified_size,56,b50_lb1_k3_eps0p005,local_only_offline_aggregate,shot_proportional,300,60,5,0.035816667539632634,0.06948783783783782,0.23934373469902026,0.38138811881186935,0.06,0.6533333333333333,0.8233333333333334,0.751,0.5390625,0.735,10700.0,5300.0,0.23934373469902026,0.38138811881186935
stratified_size_rep056,stratified_size,56,b50_lb1_k3_eps0p005,local_only_offline_aggregate,uniform,300,60,5,0.035171469400483976,0.06948227012979448,0.23934373469902026,0.38138811881186935,0.056666666666666664,0.6566666666666666,0.8233333333333334,0.751,0.5390625,0.735,10700.0,5300.0,0.23934373469902026,0.38138811881186935
stratified_size_rep057,stratified_size,57,b50_lb1_k3_eps0p005,aggregate_only_sync,confidence,300,60,5,0.0417693082830624,0.07884503294518327,0.23877393345777967,0.38138811881186935,0.02666666666666667,0.5933333333333334,0.81,0.8256249999999999,0.5800000000000001,0.8256249999999999,8875.0,3487.5,0.23877393345777967,0.38138811881186935
stratified_size_rep057,stratified_size,57,b50_lb1_k3_eps0p005,aggregate_only_sync,shot_proportional,300,60,5,0.0417693082830624,0.07884503294518327,0.23877393345777967,0.38138811881186935,0.02666666666666667,0.5933333333333334,0.81,0.8256249999999999,0.5800000000000001,0.8256249999999999,8875.0,3487.5,0.23877393345777967,0.38138811881186935
stratified_size_rep057,stratified_size,57,b50_lb1_k3_eps0p005,aggregate_only_sync,uniform,300,60,5,0.0417693082830624,0.07884503294518327,0.23877393345777967,0.38138811881186935,0.02666666666666667,0.5933333333333334,0.81,0.8256249999999999,0.5800000000000001,0.8256249999999999,8875.0,3487.5,0.23877393345777967,0.38138811881186935
stratified_size_rep057,stratified_size,57,b50_lb1_k3_eps0p005,hierarchical_local_aggregate,confidence,300,60,5,0.0415128787815099,0.07884489397814365,0.23877440144397835,0.38138811881186935,0.02,0.6,0.8133333333333334,0.8256249999999999,0.5800000000000001,0.8256249999999999,8850.0,3487.5,0.23877440144397835,0.38138811881186935
stratified_size_rep057,stratified_size,57,b50_lb1_k3_eps0p005,hierarchical_local_aggregate,shot_proportional,300,60,5,0.04193200884803415,0.07884503294518327,0.23877393345777967,0.38138811881186935,0.02666666666666667,0.5933333333333334,0.81,0.8256249999999999,0.5800000000000001,0.8256249999999999,8850.0,3487.5,0.23877393345777967,0.38138811881186935
stratified_size_rep057,stratified_size,57,b50_lb1_k3_eps0p005,hierarchical_local_aggregate,uniform,300,60,5,0.04193200884803415,0.07884503294518327,0.23877393345777967,0.38138811881186935,0.02666666666666667,0.5933333333333334,0.81,0.8256249999999999,0.5800000000000001,0.8256249999999999,8850.0,3487.5,0.23877393345777967,0.38138811881186935
stratified_size_rep057,stratified_size,57,b50_lb1_k3_eps0p005,local_only_offline_aggregate,confidence,300,60,5,0.035364536345591904,0.0738790687008245,0.2379963776284966,0.38138811881186935,0.043333333333333335,0.65,0.82,0.751,0.5275000000000001,0.735,10700.0,5300.0,0.2379963776284966,0.38138811881186935
stratified_size_rep057,stratified_size,57,b50_lb1_k3_eps0p005,local_only_offline_aggregate,shot_proportional,300,60,5,0.0363971360738603,0.07390928706960392,0.23799550123765587,0.38138811881186935,0.04666666666666667,0.65,0.82,0.751,0.5275000000000001,0.735,10700.0,5300.0,0.23799550123765587,0.38138811881186935
stratified_size_rep057,stratified_size,57,b50_lb1_k3_eps0p005,local_only_offline_aggregate,uniform,300,60,5,0.03538148490441191,0.07389070664090792,0.23799550123765587,0.38138811881186935,0.043333333333333335,0.65,0.82,0.751,0.5275000000000001,0.735,10700.0,5300.0,0.23799550123765587,0.38138811881186935
stratified_size_rep058,stratified_size,58,b50_lb1_k3_eps0p005,aggregate_only_sync,confidence,300,60,5,0.04080540904214634,0.09100877971077152,0.2395022574626726,0.38138811881186935,0.04,0.6,0.78,0.8125,0.556875,0.8125,9000.0,3750.0,0.2395022574626726,0.38138811881186935
stratified_size_rep058,stratified_size,58,b50_lb1_k3_eps0p005,aggregate_only_sync,shot_proportional,300,60,5,0.04080540904214634,0.09100877971077152,0.2395022574626726,0.38138811881186935,0.04,0.6,0.78,0.8125,0.556875,0.8125,9000.0,3750.0,0.2395022574626726,0.38138811881186935
stratified_size_rep058,stratified_size,58,b50_lb1_k3_eps0p005,aggregate_only_sync,uniform,300,60,5,0.04080540904214634,0.09100877971077152,0.2395022574626726,0.38138811881186935,0.04,0.6,0.78,0.8125,0.556875,0.8125,9000.0,3750.0,0.2395022574626726,0.38138811881186935
stratified_size_rep058,stratified_size,58,b50_lb1_k3_eps0p005,hierarchical_local_aggregate,confidence,300,60,5,0.040629257080126484,0.09099511911393252,0.23950150965255676,0.38138811881186935,0.03333333333333333,0.6033333333333334,0.7833333333333333,0.8125,0.556875,0.8125,9000.0,3750.0,0.23950150965255676,0.38138811881186935
stratified_size_rep058,stratified_size,58,b50_lb1_k3_eps0p005,hierarchical_local_aggregate,shot_proportional,300,60,5,0.04090065627563572,0.09100877971077152,0.2395022574626726,0.38138811881186935,0.04,0.6,0.78,0.8125,0.556875,0.8125,9000.0,3750.0,0.2395022574626726,0.38138811881186935
stratified_size_rep058,stratified_size,58,b50_lb1_k3_eps0p005,hierarchical_local_aggregate,uniform,300,60,5,0.04090065627563572,0.09100877971077152,0.2395022574626726,0.38138811881186935,0.04,0.6,0.78,0.8125,0.556875,0.8125,9000.0,3750.0,0.2395022574626726,0.38138811881186935
stratified_size_rep058,stratified_size,58,b50_lb1_k3_eps0p005,local_only_offline_aggregate,confidence,300,60,5,0.0340581344067756,0.08083599917644199,0.2393437356804446,0.38138811881186935,0.056666666666666664,0.6366666666666667,0.7866666666666666,0.7309375,0.52125,0.7037500000000001,10525.0,5925.0,0.2393437356804446,0.38138811881186935
stratified_size_rep058,stratified_size,58,b50_lb1_k3_eps0p005,local_only_offline_aggregate,shot_proportional,300,60,5,0.03458113999490284,0.08141768283289891,0.23934373469902026,0.38138811881186935,0.06,0.6366666666666667,0.7866666666666666,0.7309375,0.52125,0.7037500000000001,10525.0,5925.0,0.23934373469902026,0.38138811881186935
stratified_size_rep058,stratified_size,58,b50_lb1_k3_eps0p005,local_only_offline_aggregate,uniform,300,60,5,0.03389912280701753,0.08088717904462978,0.23934373469902026,0.38138811881186935,0.056666666666666664,0.6366666666666667,0.7866666666666666,0.7309375,0.52125,0.7037500000000001,10525.0,5925.0,0.23934373469902026,0.38138811881186935
stratified_size_rep059,stratified_size,59,b50_lb1_k3_eps0p005,aggregate_only_sync,confidence,300,60,5,0.04080540904214634,0.08139727746018688,0.2395022574626726,0.38138811881186935,0.04,0.6,0.79,0.8375,0.576875,0.8375,8400.0,3250.0,0.2395022574626726,0.38138811881186935
stratified_size_rep059,stratified_size,59,b50_lb1_k3_eps0p005,aggregate_only_sync,shot_proportional,300,60,5,0.04080540904214634,0.08139727746018688,0.2395022574626726,0.38138811881186935,0.04,0.6,0.79,0.8375,0.576875,0.8375,8400.0,3250.0,0.2395022574626726,0.38138811881186935
stratified_size_rep059,stratified_size,59,b50_lb1_k3_eps0p005,aggregate_only_sync,uniform,300,60,5,0.04080540904214634,0.08139727746018688,0.2395022574626726,0.38138811881186935,0.04,0.6,0.79,0.8375,0.576875,0.8375,8400.0,3250.0,0.2395022574626726,0.38138811881186935
stratified_size_rep059,stratified_size,59,b50_lb1_k3_eps0p005,hierarchical_local_aggregate,confidence,300,60,5,0.040629257080126484,0.08131201376272022,0.23950150965255676,0.38138811881186935,0.03333333333333333,0.6066666666666667,0.7933333333333333,0.8375,0.576875,0.8375,8400.0,3250.0,0.23950150965255676,0.38138811881186935
stratified_size_rep059,stratified_size,59,b50_lb1_k3_eps0p005,hierarchical_local_aggregate,shot_proportional,300,60,5,0.04090065627563572,0.08139727746018688,0.2395022574626726,0.38138811881186935,0.04,0.6,0.79,0.8375,0.576875,0.8375,8400.0,3250.0,0.2395022574626726,0.38138811881186935
stratified_size_rep059,stratified_size,59,b50_lb1_k3_eps0p005,hierarchical_local_aggregate,uniform,300,60,5,0.04090065627563572,0.08139727746018688,0.2395022574626726,0.38138811881186935,0.04,0.6,0.79,0.8375,0.576875,0.8375,8400.0,3250.0,0.2395022574626726,0.38138811881186935
stratified_size_rep059,stratified_size,59,b50_lb1_k3_eps0p005,local_only_offline_aggregate,confidence,300,60,5,0.0340581344067756,0.07720689700724101,0.2393437356804446,0.38138811881186935,0.05333333333333334,0.65,0.8,0.755625,0.5275000000000001,0.7525,10100.0,4950.0,0.2393437356804446,0.38138811881186935
stratified_size_rep059,stratified_size,59,b50_lb1_k3_eps0p005,local_only_offline_aggregate,shot_proportional,300,60,5,0.03458113999490284,0.07765638075628781,0.23934373469902026,0.38138811881186935,0.056666666666666664,0.65,0.8,0.755625,0.5275000000000001,0.7525,10100.0,4950.0,0.23934373469902026,0.38138811881186935
stratified_size_rep059,stratified_size,59,b50_lb1_k3_eps0p005,local_only_offline_aggregate,uniform,300,60,5,0.03389912280701753,0.07695735378441934,0.23934373469902026,0.38138811881186935,0.05333333333333334,0.65,0.8,0.755625,0.5275000000000001,0.7525,10100.0,4950.0,0.23934373469902026,0.38138811881186935
stratified_size_rep060,stratified_size,60,b50_lb1_k3_eps0p005,aggregate_only_sync,confidence,300,60,5,0.04448312884032035,0.09097319078947386,0.23287770833332477,0.38138811881186935,0.04,0.56,0.7866666666666666,0.7749999999999999,0.554375,0.7749999999999999,9750.0,4500.0,0.23287770833332477,0.38138811881186935
stratified_size_rep060,stratified_size,60,b50_lb1_k3_eps0p005,aggregate_only_sync,shot_proportional,300,60,5,0.04448312884032035,0.09097319078947386,0.23287770833332477,0.38138811881186935,0.04,0.56,0.7866666666666666,0.7749999999999999,0.554375,0.7749999999999999,9750.0,4500.0,0.23287770833332477,0.38138811881186935
stratified_size_rep060,stratified_size,60,b50_lb1_k3_eps0p005,aggregate_only_sync,uniform,300,60,5,0.04448312884032035,0.09097319078947386,0.23287770833332477,0.38138811881186935,0.04,0.56,0.7866666666666666,0.7749999999999999,0.554375,0.7749999999999999,9750.0,4500.0,0.23287770833332477,0.38138811881186935
stratified_size_rep060,stratified_size,60,b50_lb1_k3_eps0p005,hierarchical_local_aggregate,confidence,300,60,5,0.04364277851655718,0.0909745602118922,0.23287653730817032,0.38138811881186935,0.03333333333333333,0.5633333333333334,0.79,0.7749999999999999,0.554375,0.7749999999999999,9750.0,4500.0,0.23287653730817032,0.38138811881186935
stratified_size_rep060,stratified_size,60,b50_lb1_k3_eps0p005,hierarchical_local_aggregate,shot_proportional,300,60,5,0.04448312884032035,0.09097319078947386,0.23287770833332477,0.38138811881186935,0.04,0.5566666666666666,0.7866666666666666,0.7749999999999999,0.554375,0.7749999999999999,9750.0,4500.0,0.23287770833332477,0.38138811881186935
stratified_size_rep060,stratified_size,60,b50_lb1_k3_eps0p005,hierarchical_local_aggregate,uniform,300,60,5,0.04448312884032035,0.09097319078947386,0.23287770833332477,0.38138811881186935,0.04,0.5566666666666666,0.7866666666666666,0.7749999999999999,0.554375,0.7749999999999999,9750.0,4500.0,0.23287770833332477,0.38138811881186935
stratified_size_rep060,stratified_size,60,b50_lb1_k3_eps0p005,local_only_offline_aggregate,confidence,300,60,5,0.038002519653867306,0.08237131533610621,0.23232350343013053,0.38138811881186935,0.056666666666666664,0.6133333333333333,0.7966666666666666,0.6621874999999999,0.52125,0.65375,12925.0,6925.0,0.23232350343013053,0.38138811881186935
stratified_size_rep060,stratified_size,60,b50_lb1_k3_eps0p005,local_only_offline_aggregate,shot_proportional,300,60,5,0.03821563683712126,0.08269125672842621,0.2323349257425636,0.38138811881186935,0.06,0.61,0.7966666666666666,0.6621874999999999,0.52125,0.65375,12925.0,6925.0,0.2323349257425636,0.38138811881186935
stratified_size_rep060,stratified_size,60,b50_lb1_k3_eps0p005,local_only_offline_aggregate,uniform,300,60,5,0.03800340728769833,0.08226574249779273,0.2323349257425636,0.38138811881186935,0.056666666666666664,0.6133333333333333,0.7966666666666666,0.6621874999999999,0.52125,0.65375,12925.0,6925.0,0.2323349257425636,0.38138811881186935
stratified_size_rep061,stratified_size,61,b50_lb1_k3_eps0p005,aggregate_only_sync,confidence,300,60,5,0.03955157012195112,0.07671685711167087,0.23287770833332477,0.38138811881186935,0.04,0.6266666666666667,0.81,0.865,0.5925,0.865,7350.0,2700.0,0.23287770833332477,0.38138811881186935
stratified_size_rep061,stratified_size,61,b50_lb1_k3_eps0p005,aggregate_only_sync,shot_proportional,300,60,5,0.03955157012195112,0.07671685711167087,0.23287770833332477,0.38138811881186935,0.04,0.6266666666666667,0.81,0.865,0.5925,0.865,7350.0,2700.0,0.23287770833332477,0.38138811881186935
stratified_size_rep061,stratified_size,61,b50_lb1_k3_eps0p005,aggregate_only_sync,uniform,300,60,5,0.03955157012195112,0.07671685711167087,0.23287770833332477,0.38138811881186935,0.04,0.6266666666666667,0.81,0.865,0.5925,0.865,7350.0,2700.0,0.23287770833332477,0.38138811881186935
stratified_size_rep061,stratified_size,61,b50_lb1_k3_eps0p005,hierarchical_local_aggregate,confidence,300,60,5,0.038715448856471706,0.07670369967841689,0.23287653730817032,0.38138811881186935,0.03333333333333333,0.63,0.8133333333333334,0.865,0.5925,0.865,7225.0,2700.0,0.23287653730817032,0.38138811881186935
stratified_size_rep061,stratified_size,61,b50_lb1_k3_eps0p005,hierarchical_local_aggregate,shot_proportional,300,60,5,0.03959700281425881,0.07671685711167087,0.23287770833332477,0.38138811881186935,0.04,0.6233333333333333,0.81,0.865,0.5925,0.865,7225.0,2700.0,0.23287770833332477,0.38138811881186935
stratified_size_rep061,stratified_size,61,b50_lb1_k3_eps0p005,hierarchical_local_aggregate,uniform,300,60,5,0.03955157012195112,0.07671685711167087,0.23287770833332477,0.38138811881186935,0.04,0.6233333333333333,0.81,0.865,0.5925,0.865,7225.0,2700.0,0.23287770833332477,0.38138811881186935
stratified_size_rep061,stratified_size,61,b50_lb1_k3_eps0p005,local_only_offline_aggregate,confidence,300,60,5,0.0325170469240089,0.07124638480259575,0.23232350343013053,0.38138811881186935,0.056666666666666664,0.67,0.82,0.8090625,0.536875,0.7949999999999999,9925.0,4100.0,0.23232350343013053,0.38138811881186935
stratified_size_rep061,stratified_size,61,b50_lb1_k3_eps0p005,local_only_offline_aggregate,shot_proportional,300,60,5,0.033519479166666546,0.07142856021689743,0.2323349257425636,0.38138811881186935,0.06,0.6666666666666666,0.82,0.8090625,0.536875,0.7949999999999999,9925.0,4100.0,0.2323349257425636,0.38138811881186935
stratified_size_rep061,stratified_size,61,b50_lb1_k3_eps0p005,local_only_offline_aggregate,uniform,300,60,5,0.032281891985927694,0.07125016712434139,0.2323349257425636,0.38138811881186935,0.056666666666666664,0.67,0.82,0.8090625,0.536875,0.7949999999999999,9925.0,4100.0,0.2323349257425636,0.38138811881186935
stratified_size_rep062,stratified_size,62,b50_lb1_k3_eps0p005,aggregate_only_sync,confidence,300,60,5,0.04022020630324177,0.08354921989934115,0.23878076803489398,0.38138811881186935,0.04,0.61,0.8033333333333333,0.8525,0.56125,0.8525,7800.0,2950.0,0.23878076803489398,0.38138811881186935
stratified_size_rep062,stratified_size,62,b50_lb1_k3_eps0p005,aggregate_only_sync,shot_proportional,300,60,5,0.04022020630324177,0.08354921989934115,0.23878076803489398,0.38138811881186935,0.04,0.61,0.8033333333333333,0.8525,0.56125,0.8525,7800.0,2950.0,0.23878076803489398,0.38138811881186935
stratified_size_rep062,stratified_size,62,b50_lb1_k3_eps0p005,aggregate_only_sync,uniform,300,60,5,0.04022020630324177,0.08354921989934115,0.23878076803489398,0.38138811881186935,0.04,0.61,0.8033333333333333,0.8525,0.56125,0.8525,7800.0,2950.0,0.23878076803489398,0.38138811881186935
stratified_size_rep062,stratified_size,62,b50_lb1_k3_eps0p005,hierarchical_local_aggregate,confidence,300,60,5,0.03954183519955737,0.08343420138427518,0.23878119666266553,0.38138811881186935,0.03333333333333333,0.6133333333333333,0.8066666666666666,0.8525,0.56125,0.8525,7800.0,2950.0,0.23878119666266553,0.38138811881186935
stratified_size_rep062,stratified_size,62,b50_lb1_k3_eps0p005,hierarchical_local_aggregate,shot_proportional,300,60,5,0.04022020630324177,0.08354921989934115,0.23878076803489398,0.38138811881186935,0.04,0.6066666666666667,0.8033333333333333,0.8525,0.56125,0.8525,7800.0,2950.0,0.23878076803489398,0.38138811881186935
stratified_size_rep062,stratified_size,62,b50_lb1_k3_eps0p005,hierarchical_local_aggregate,uniform,300,60,5,0.04022020630324177,0.08354921989934115,0.23878076803489398,0.38138811881186935,0.04,0.6066666666666667,0.8033333333333333,0.8525,0.56125,0.8525,7800.0,2950.0,0.23878076803489398,0.38138811881186935
stratified_size_rep062,stratified_size,62,b50_lb1_k3_eps0p005,local_only_offline_aggregate,confidence,300,60,5,0.03370000000000001,0.07704776667533728,0.2379963776284966,0.38138811881186935,0.056666666666666664,0.6433333333333333,0.8133333333333334,0.770625,0.5275000000000001,0.76125,10000.0,4775.0,0.2379963776284966,0.38138811881186935
stratified_size_rep062,stratified_size,62,b50_lb1_k3_eps0p005,local_only_offline_aggregate,shot_proportional,300,60,5,0.033889365423051265,0.07733000036733331,0.23799550123765587,0.38138811881186935,0.06,0.64,0.8133333333333334,0.770625,0.5275000000000001,0.76125,10000.0,4775.0,0.23799550123765587,0.38138811881186935
stratified_size_rep062,stratified_size,62,b50_lb1_k3_eps0p005,local_only_offline_aggregate,uniform,300,60,5,0.0335203257103257,0.07691546582709266,0.23799550123765587,0.38138811881186935,0.056666666666666664,0.6433333333333333,0.8133333333333334,0.770625,0.5275000000000001,0.76125,10000.0,4775.0,0.23799550123765587,0.38138811881186935
stratified_size_rep063,stratified_size,63,b50_lb1_k3_eps0p005,aggregate_only_sync,confidence,300,60,5,0.040511542553191476,0.06936716188524586,0.23933121268655538,0.38138811881186935,0.03666666666666667,0.6233333333333333,0.8166666666666667,0.849375,0.581875,0.849375,8075.0,3012.5,0.23933121268655538,0.38138811881186935
stratified_size_rep063,stratified_size,63,b50_lb1_k3_eps0p005,aggregate_only_sync,shot_proportional,300,60,5,0.040511542553191476,0.06936716188524586,0.23933121268655538,0.38138811881186935,0.03666666666666667,0.6233333333333333,0.8166666666666667,0.849375,0.581875,0.849375,8075.0,3012.5,0.23933121268655538,0.38138811881186935
stratified_size_rep063,stratified_size,63,b50_lb1_k3_eps0p005,aggregate_only_sync,uniform,300,60,5,0.040511542553191476,0.06936716188524586,0.23933121268655538,0.38138811881186935,0.03666666666666667,0.6233333333333333,0.8166666666666667,0.849375,0.581875,0.849375,8075.0,3012.5,0.23933121268655538,0.38138811881186935
stratified_size_rep063,stratified_size,63,b50_lb1_k3_eps0p005,hierarchical_local_aggregate,confidence,300,60,5,0.04017893598027014,0.0693673363546297,0.23933117332812823,0.38138811881186935,0.03,0.63,0.82,0.85,0.581875,0.849375,8075.0,3012.5,0.23933117332812823,0.38138811881186935
stratified_size_rep063,stratified_size,63,b50_lb1_k3_eps0p005,hierarchical_local_aggregate,shot_proportional,300,60,5,0.040511542553191476,0.06936716188524586,0.23933121268655538,0.38138811881186935,0.03666666666666667,0.62,0.8166666666666667,0.85,0.581875,0.849375,8075.0,3012.5,0.23933121268655538,0.38138811881186935
stratified_size_rep063,stratified_size,63,b50_lb1_k3_eps0p005,hierarchical_local_aggregate,uniform,300,60,5,0.040511542553191476,0.06936716188524586,0.23933121268655538,0.38138811881186935,0.03666666666666667,0.62,0.8166666666666667,0.85,0.581875,0.849375,8075.0,3012.5,0.23933121268655538,0.38138811881186935
stratified_size_rep063,stratified_size,63,b50_lb1_k3_eps0p005,local_only_offline_aggregate,confidence,300,60,5,0.03377412280701753,0.06696488904456503,0.23899728726173963,0.38138811881186935,0.04666666666666667,0.6766666666666666,0.8266666666666667,0.770625,0.5390625,0.76125,10100.0,4775.0,0.23899728726173963,0.38138811881186935
stratified_size_rep063,stratified_size,63,b50_lb1_k3_eps0p005,local_only_offline_aggregate,shot_proportional,300,60,5,0.03412741210374644,0.06721150732341385,0.2389971718757553,0.38138811881186935,0.05,0.6733333333333333,0.8266666666666667,0.770625,0.5390625,0.76125,10100.0,4775.0,0.2389971718757553,0.38138811881186935
stratified_size_rep063,stratified_size,63,b50_lb1_k3_eps0p005,local_only_offline_aggregate,uniform,300,60,5,0.03370000000000001,0.06698186772597642,0.2389971718757553,0.38138811881186935,0.04666666666666667,0.6766666666666666,0.8266666666666667,0.770625,0.5390625,0.76125,10100.0,4775.0,0.2389971718757553,0.38138811881186935
stratified_size_rep064,stratified_size,64,b50_lb1_k3_eps0p005,aggregate_only_sync,confidence,300,60,5,0.0417693082830624,0.09101403736023991,0.2395022574626726,0.38138811881186935,0.03666666666666667,0.5833333333333334,0.78,0.7987500000000001,0.554375,0.7987500000000001,9325.0,4025.0,0.2395022574626726,0.38138811881186935
stratified_size_rep064,stratified_size,64,b50_lb1_k3_eps0p005,aggregate_only_sync,shot_proportional,300,60,5,0.0417693082830624,0.09101403736023991,0.2395022574626726,0.38138811881186935,0.03666666666666667,0.5833333333333334,0.78,0.7987500000000001,0.554375,0.7987500000000001,9325.0,4025.0,0.2395022574626726,0.38138811881186935
stratified_size_rep064,stratified_size,64,b50_lb1_k3_eps0p005,aggregate_only_sync,uniform,300,60,5,0.0417693082830624,0.09101403736023991,0.2395022574626726,0.38138811881186935,0.03666666666666667,0.5833333333333334,0.78,0.7987500000000001,0.554375,0.7987500000000001,9325.0,4025.0,0.2395022574626726,0.38138811881186935
stratified_size_rep064,stratified_size,64,b50_lb1_k3_eps0p005,hierarchical_local_aggregate,confidence,300,60,5,0.04164434248745445,0.09101403736023991,0.23950150965255676,0.38138811881186935,0.03,0.5866666666666667,0.7833333333333333,0.7987500000000001,0.554375,0.7987500000000001,9325.0,4025.0,0.23950150965255676,0.38138811881186935
stratified_size_rep064,stratified_size,64,b50_lb1_k3_eps0p005,hierarchical_local_aggregate,shot_proportional,300,60,5,0.04193200884803415,0.09101403736023991,0.2395022574626726,0.38138811881186935,0.03666666666666667,0.5833333333333334,0.78,0.7987500000000001,0.554375,0.7987500000000001,9325.0,4025.0,0.2395022574626726,0.38138811881186935
stratified_size_rep064,stratified_size,64,b50_lb1_k3_eps0p005,hierarchical_local_aggregate,uniform,300,60,5,0.04193200884803415,0.09101403736023991,0.2395022574626726,0.38138811881186935,0.03666666666666667,0.5833333333333334,0.78,0.7987500000000001,0.554375,0.7987500000000001,9325.0,4025.0,0.2395022574626726,0.38138811881186935
stratified_size_rep064,stratified_size,64,b50_lb1_k3_eps0p005,local_only_offline_aggregate,confidence,300,60,5,0.03619165936975521,0.08237131533610621,0.2393437356804446,0.38138811881186935,0.04666666666666667,0.6266666666666667,0.7866666666666666,0.7073958333333333,0.52125,0.685,11375.0,6300.0,0.2393437356804446,0.38138811881186935
stratified_size_rep064,stratified_size,64,b50_lb1_k3_eps0p005,local_only_offline_aggregate,shot_proportional,300,60,5,0.036816691724033145,0.08287410047662265,0.23934373469902026,0.38138811881186935,0.05,0.6266666666666667,0.7866666666666666,0.7073958333333333,0.52125,0.685,11375.0,6300.0,0.23934373469902026,0.38138811881186935
stratified_size_rep064,stratified_size,64,b50_lb1_k3_eps0p005,local_only_offline_aggregate,uniform,300,60,5,0.03622531138994005,0.08226574249779273,0.23934373469902026,0.38138811881186935,0.04666666666666667,0.6266666666666667,0.7866666666666666,0.7073958333333333,0.52125,0.685,11375.0,6300.0,0.23934373469902026,0.38138811881186935
stratified_size_rep065,stratified_size,65,b50_lb1_k3_eps0p005,aggregate_only_sync,confidence,300,60,5,0.04137001146398491,0.08354921989934115,0.21819866169154994,0.38138811881186935,0.04,0.59,0.8033333333333333,0.8325,0.56125,0.8325,8750.0,3350.0,0.21819866169154994,0.38138811881186935
stratified_size_rep065,stratified_size,65,b50_lb1_k3_eps0p005,aggregate_only_sync,shot_proportional,300,60,5,0.04137001146398491,0.08354921989934115,0.21819866169154994,0.38138811881186935,0.04,0.59,0.8033333333333333,0.8325,0.56125,0.8325,8750.0,3350.0,0.21819866169154994,0.38138811881186935
stratified_size_rep065,stratified_size,65,b50_lb1_k3_eps0p005,aggregate_only_sync,uniform,300,60,5,0.04137001146398491,0.08354921989934115,0.21819866169154994,0.38138811881186935,0.04,0.59,0.8033333333333333,0.8325,0.56125,0.8325,8750.0,3350.0,0.21819866169154994,0.38138811881186935
stratified_size_rep065,stratified_size,65,b50_lb1_k3_eps0p005,hierarchical_local_aggregate,confidence,300,60,5,0.04090065627563572,0.08343420138427518,0.21819861200683555,0.38138811881186935,0.03333333333333333,0.5933333333333334,0.8066666666666666,0.8325,0.56125,0.8325,8650.0,3350.0,0.21819861200683555,0.38138811881186935
stratified_size_rep065,stratified_size,65,b50_lb1_k3_eps0p005,hierarchical_local_aggregate,shot_proportional,300,60,5,0.04137001146398491,0.08354921989934115,0.21819866169154994,0.38138811881186935,0.04,0.5866666666666667,0.8033333333333333,0.8325,0.56125,0.8325,8650.0,3350.0,0.21819866169154994,0.38138811881186935
stratified_size_rep065,stratified_size,65,b50_lb1_k3_eps0p005,hierarchical_local_aggregate,uniform,300,60,5,0.04137001146398491,0.08354921989934115,0.21819866169154994,0.38138811881186935,0.04,0.5866666666666667,0.8033333333333333,0.8325,0.56125,0.8325,8650.0,3350.0,0.21819866169154994,0.38138811881186935
stratified_size_rep065,stratified_size,65,b50_lb1_k3_eps0p005,local_only_offline_aggregate,confidence,300,60,5,0.034830467875461166,0.07720689700724101,0.21774303400555953,0.38138811881186935,0.043333333333333335,0.6366666666666667,0.8133333333333334,0.755625,0.5275000000000001,0.75,10175.0,5000.0,0.21774303400555953,0.38138811881186935
stratified_size_rep065,stratified_size,65,b50_lb1_k3_eps0p005,local_only_offline_aggregate,shot_proportional,300,60,5,0.03568352840029849,0.07774246226029788,0.21774331402394498,0.38138811881186935,0.04666666666666667,0.6333333333333333,0.8133333333333334,0.755625,0.5275000000000001,0.75,10175.0,5000.0,0.21774331402394498,0.38138811881186935
stratified_size_rep065,stratified_size,65,b50_lb1_k3_eps0p005,local_only_offline_aggregate,uniform,300,60,5,0.034838866206157164,0.07717265804061381,0.21774331402394498,0.38138811881186935,0.043333333333333335,0.6366666666666667,0.8133333333333334,0.755625,0.5275000000000001,0.75,10175.0,5000.0,0.21774331402394498,0.38138811881186935
stratified_size_rep066,stratified_size,66,b50_lb1_k3_eps0p005,aggregate_only_sync,confidence,300,60,5,0.040511542553191476,0.08014825400751985,0.23933121268655538,0.38138811881186935,0.023333333333333334,0.6166666666666667,0.8,0.838125,0.5853125,0.838125,8075.0,3237.5,0.23933121268655538,0.38138811881186935
stratified_size_rep066,stratified_size,66,b50_lb1_k3_eps0p005,aggregate_only_sync,shot_proportional,300,60,5,0.040511542553191476,0.08014825400751985,0.23933121268655538,0.38138811881186935,0.023333333333333334,0.6166666666666667,0.8,0.838125,0.5853125,0.838125,8075.0,3237.5,0.23933121268655538,0.38138811881186935
stratified_size_rep066,stratified_size,66,b50_lb1_k3_eps0p005,aggregate_only_sync,uniform,300,60,5,0.040511542553191476,0.08014825400751985,0.23933121268655538,0.38138811881186935,0.023333333333333334,0.6166666666666667,0.8,0.838125,0.5853125,0.838125,8075.0,3237.5,0.23933121268655538,0.38138811881186935
stratified_size_rep066,stratified_size,66,b50_lb1_k3_eps0p005,hierarchical_local_aggregate,confidence,300,60,5,0.04017893598027014,0.08006299031005319,0.23933117332812823,0.38138811881186935,0.016666666666666666,0.62,0.8033333333333333,0.838125,0.5853125,0.838125,8075.0,3237.5,0.23933117332812823,0.38138811881186935
stratified_size_rep066,stratified_size,66,b50_lb1_k3_eps0p005,hierarchical_local_aggregate,shot_proportional,300,60,5,0.040511542553191476,0.08014825400751985,0.23933121268655538,0.38138811881186935,0.023333333333333334,0.6133333333333333,0.8,0.838125,0.5853125,0.838125,8075.0,3237.5,0.23933121268655538,0.38138811881186935
stratified_size_rep066,stratified_size,66,b50_lb1_k3_eps0p005,hierarchical_local_aggregate,uniform,300,60,5,0.040511542553191476,0.08014825400751985,0.23933121268655538,0.38138811881186935,0.023333333333333334,0.6133333333333333,0.8,0.838125,0.5853125,0.838125,8075.0,3237.5,0.23933121268655538,0.38138811881186935
stratified_size_rep066,stratified_size,66,b50_lb1_k3_eps0p005,local_only_offline_aggregate,confidence,300,60,5,0.03388689435606275,0.07422028589342738,0.23899728726173963,0.38138811881186935,0.04,0.66,0.81,0.755625,0.536875,0.7525,10100.0,4950.0,0.23899728726173963,0.38138811881186935
stratified_size_rep066,stratified_size,66,b50_lb1_k3_eps0p005,local_only_offline_aggregate,shot_proportional,300,60,5,0.03412741210374644,0.0742196549660169,0.2389971718757553,0.38138811881186935,0.043333333333333335,0.6566666666666666,0.81,0.755625,0.536875,0.7525,10100.0,4950.0,0.2389971718757553,0.38138811881186935
stratified_size_rep066,stratified_size,66,b50_lb1_k3_eps0p005,local_only_offline_aggregate,uniform,300,60,5,0.033706989506328736,0.07422278517416295,0.2389971718757553,0.38138811881186935,0.04,0.66,0.81,0.755625,0.536875,0.7525,10100.0,4950.0,0.2389971718757553,0.38138811881186935
stratified_size_rep067,stratified_size,67,b50_lb1_k3_eps0p005,aggregate_only_sync,confidence,300,60,5,0.03960992561840514,0.07013932349357546,0.2117070000000534,0.37929752475246326,0.04,0.6266666666666667,0.83,0.8612500000000001,0.610625,0.8612500000000001,7550.0,2775.0,0.2117070000000534,0.37929752475246326
stratified_size_rep067,stratified_size,67,b50_lb1_k3_eps0p005,aggregate_only_sync,shot_proportional,300,60,5,0.03960992561840514,0.07013932349357546,0.2117070000000534,0.37929752475246326,0.04,0.6266666666666667,0.83,0.8612500000000001,0.610625,0.8612500000000001,7550.0,2775.0,0.2117070000000534,0.37929752475246326
stratified_size_rep067,stratified_size,67,b50_lb1_k3_eps0p005,aggregate_only_sync,uniform,300,60,5,0.03960992561840514,0.07013932349357546,0.2117070000000534,0.37929752475246326,0.04,0.6266666666666667,0.83,0.8612500000000001,0.610625,0.8612500000000001,7550.0,2775.0,0.2117070000000534,0.37929752475246326
stratified_size_rep067,stratified_size,67,b50_lb1_k3_eps0p005,hierarchical_local_aggregate,confidence,300,60,5,0.03896345631219689,0.07013984690172702,0.211724283043643,0.37929752475246326,0.03333333333333333,0.6333333333333333,0.8333333333333334,0.8612500000000001,0.610625,0.8612500000000001,7550.0,2775.0,0.211724283043643,0.37929752475246326
stratified_size_rep067,stratified_size,67,b50_lb1_k3_eps0p005,hierarchical_local_aggregate,shot_proportional,300,60,5,0.039622538188761464,0.07013932349357546,0.2117070000000534,0.37929752475246326,0.04,0.6233333333333333,0.83,0.8612500000000001,0.610625,0.8612500000000001,7550.0,2775.0,0.2117070000000534,0.37929752475246326
stratified_size_rep067,stratified_size,67,b50_lb1_k3_eps0p005,hierarchical_local_aggregate,uniform,300,60,5,0.03960992561840514,0.07013932349357546,0.2117070000000534,0.37929752475246326,0.04,0.6233333333333333,0.83,0.8612500000000001,0.610625,0.8612500000000001,7550.0,2775.0,0.2117070000000534,0.37929752475246326
stratified_size_rep067,stratified_size,67,b50_lb1_k3_eps0p005,local_only_offline_aggregate,confidence,300,60,5,0.0333194798756708,0.06575254483481505,0.21061683375398885,0.37929752475246326,0.05333333333333334,0.6733333333333333,0.84,0.79,0.5475000000000001,0.7675,10000.0,4650.0,0.21061683375398885,0.37929752475246326
stratified_size_rep067,stratified_size,67,b50_lb1_k3_eps0p005,local_only_offline_aggregate,shot_proportional,300,60,5,0.033703921568627455,0.06575335868187604,0.21062051204510954,0.37929752475246326,0.056666666666666664,0.67,0.84,0.79,0.5475000000000001,0.7675,10000.0,4650.0,0.21062051204510954,0.37929752475246326
stratified_size_rep067,stratified_size,67,b50_lb1_k3_eps0p005,local_only_offline_aggregate,uniform,300,60,5,0.03307142222419038,0.06575106172833692,0.21060720400473684,0.37929752475246326,0.05333333333333334,0.6733333333333333,0.84,0.79,0.5475000000000001,0.7675,10000.0,4650.0,0.21060720400473684,0.37929752475246326
stratified_size_rep068,stratified_size,68,b50_lb1_k3_eps0p005,aggregate_only_sync,confidence,300,60,5,0.0417693082830624,0.08301291200945794,0.21819866169154994,0.38138811881186935,0.04,0.59,0.8066666666666666,0.8256249999999999,0.581875,0.8256249999999999,8950.0,3487.5,0.21819866169154994,0.38138811881186935
stratified_size_rep068,stratified_size,68,b50_lb1_k3_eps0p005,aggregate_only_sync,shot_proportional,300,60,5,0.0417693082830624,0.08301291200945794,0.21819866169154994,0.38138811881186935,0.04,0.59,0.8066666666666666,0.8256249999999999,0.581875,0.8256249999999999,8950.0,3487.5,0.21819866169154994,0.38138811881186935
stratified_size_rep068,stratified_size,68,b50_lb1_k3_eps0p005,aggregate_only_sync,uniform,300,60,5,0.0417693082830624,0.08301291200945794,0.21819866169154994,0.38138811881186935,0.04,0.59,0.8066666666666666,0.8256249999999999,0.581875,0.8256249999999999,8950.0,3487.5,0.21819866169154994,0.38138811881186935
stratified_size_rep068,stratified_size,68,b50_lb1_k3_eps0p005,hierarchical_local_aggregate,confidence,300,60,5,0.041491308731599216,0.08271869200194214,0.21819861200683555,0.38138811881186935,0.03333333333333333,0.5933333333333334,0.81,0.8256249999999999,0.581875,0.8256249999999999,8875.0,3487.5,0.21819861200683555,0.38138811881186935
stratified_size_rep068,stratified_size,68,b50_lb1_k3_eps0p005,hierarchical_local_aggregate,shot_proportional,300,60,5,0.0417693082830624,0.08301291200945794,0.21819866169154994,0.38138811881186935,0.04,0.5866666666666667,0.8066666666666666,0.8256249999999999,0.581875,0.8256249999999999,8875.0,3487.5,0.21819866169154994,0.38138811881186935
stratified_size_rep068,stratified_size,68,b50_lb1_k3_eps0p005,hierarchical_local_aggregate,uniform,300,60,5,0.0417693082830624,0.08301291200945794,0.21819866169154994,0.38138811881186935,0.04,0.5866666666666667,0.8066666666666666,0.8256249999999999,0.581875,0.8256249999999999,8875.0,3487.5,0.21819866169154994,0.38138811881186935
stratified_size_rep068,stratified_size,68,b50_lb1_k3_eps0p005,local_only_offline_aggregate,confidence,300,60,5,0.03517224311265419,0.07704776667533728,0.21774303400555953,0.38138811881186935,0.056666666666666664,0.6433333333333333,0.8166666666666667,0.7309375,0.5275000000000001,0.7150000000000001,10175.0,5700.0,0.21774303400555953,0.38138811881186935
stratified_size_rep068,stratified_size,68,b50_lb1_k3_eps0p005,local_only_offline_aggregate,shot_proportional,300,60,5,0.03568352840029849,0.07733000036733331,0.21774331402394498,0.38138811881186935,0.06,0.64,0.8166666666666667,0.7309375,0.5275000000000001,0.7150000000000001,10175.0,5700.0,0.21774331402394498,0.38138811881186935
stratified_size_rep068,stratified_size,68,b50_lb1_k3_eps0p005,local_only_offline_aggregate,uniform,300,60,5,0.035171469400483976,0.07691546582709266,0.21774331402394498,0.38138811881186935,0.056666666666666664,0.6433333333333333,0.8166666666666667,0.7309375,0.5275000000000001,0.7150000000000001,10175.0,5700.0,0.21774331402394498,0.38138811881186935
stratified_size_rep069,stratified_size,69,b50_lb1_k3_eps0p005,aggregate_only_sync,confidence,300,60,5,0.040511542553191476,0.07457587053780732,0.2117630646766703,0.38138811881186935,0.02666666666666667,0.6066666666666667,0.8233333333333334,0.85,0.610625,0.85,7900.0,3000.0,0.2117630646766703,0.38138811881186935
stratified_size_rep069,stratified_size,69,b50_lb1_k3_eps0p005,aggregate_only_sync,shot_proportional,300,60,5,0.040511542553191476,0.07457587053780732,0.2117630646766703,0.38138811881186935,0.02666666666666667,0.6066666666666667,0.8233333333333334,0.85,0.610625,0.85,7900.0,3000.0,0.2117630646766703,0.38138811881186935
stratified_size_rep069,stratified_size,69,b50_lb1_k3_eps0p005,aggregate_only_sync,uniform,300,60,5,0.040511542553191476,0.07457587053780732,0.2117630646766703,0.38138811881186935,0.02666666666666667,0.6066666666666667,0.8233333333333334,0.85,0.610625,0.85,7900.0,3000.0,0.2117630646766703,0.38138811881186935
stratified_size_rep069,stratified_size,69,b50_lb1_k3_eps0p005,hierarchical_local_aggregate,confidence,300,60,5,0.040008202753144644,0.07432279503897016,0.21178032949248196,0.38138811881186935,0.02,0.6133333333333333,0.8266666666666667,0.85,0.610625,0.85,7900.0,3000.0,0.21178032949248196,0.38138811881186935
stratified_size_rep069,stratified_size,69,b50_lb1_k3_eps0p005,hierarchical_local_aggregate,shot_proportional,300,60,5,0.040511542553191476,0.07457587053780732,0.2117630646766703,0.38138811881186935,0.02666666666666667,0.6033333333333334,0.8233333333333334,0.85,0.610625,0.85,7900.0,3000.0,0.2117630646766703,0.38138811881186935
stratified_size_rep069,stratified_size,69,b50_lb1_k3_eps0p005,hierarchical_local_aggregate,uniform,300,60,5,0.040511542553191476,0.07457587053780732,0.2117630646766703,0.38138811881186935,0.02666666666666667,0.6033333333333334,0.8233333333333334,0.85,0.610625,0.85,7900.0,3000.0,0.2117630646766703,0.38138811881186935
stratified_size_rep069,stratified_size,69,b50_lb1_k3_eps0p005,local_only_offline_aggregate,confidence,300,60,5,0.03388689435606275,0.06945921929758264,0.21068305051722705,0.38138811881186935,0.043333333333333335,0.6633333333333333,0.8333333333333334,0.774375,0.5475000000000001,0.7625,10050.0,4750.0,0.21068305051722705,0.38138811881186935
stratified_size_rep069,stratified_size,69,b50_lb1_k3_eps0p005,local_only_offline_aggregate,shot_proportional,300,60,5,0.03411474543707972,0.06948783783783782,0.21068676452035706,0.38138811881186935,0.04666666666666667,0.66,0.8333333333333334,0.774375,0.5475000000000001,0.7625,10050.0,4750.0,0.21068676452035706,0.38138811881186935
stratified_size_rep069,stratified_size,69,b50_lb1_k3_eps0p005,local_only_offline_aggregate,uniform,300,60,5,0.03377719074471881,0.06948227012979448,0.21067345647998437,0.38138811881186935,0.043333333333333335,0.6633333333333333,0.8333333333333334,0.774375,0.5475000000000001,0.7625,10050.0,4750.0,0.21067345647998437,0.38138811881186935
stratified_size_rep070,stratified_size,70,b50_lb1_k3_eps0p005,aggregate_only_sync,confidence,300,60,5,0.04241036117799258,0.07884503294518327,0.2117070000000534,0.37929752475246326,0.04,0.5833333333333334,0.82,0.838125,0.581875,0.838125,8850.0,3237.5,0.2117070000000534,0.37929752475246326
stratified_size_rep070,stratified_size,70,b50_lb1_k3_eps0p005,aggregate_only_sync,shot_proportional,300,60,5,0.04241036117799258,0.07884503294518327,0.2117070000000534,0.37929752475246326,0.04,0.5833333333333334,0.82,0.838125,0.581875,0.838125,8850.0,3237.5,0.2117070000000534,0.37929752475246326
stratified_size_rep070,stratified_size,70,b50_lb1_k3_eps0p005,aggregate_only_sync,uniform,300,60,5,0.04241036117799258,0.07884503294518327,0.2117070000000534,0.37929752475246326,0.04,0.5833333333333334,0.82,0.838125,0.581875,0.838125,8850.0,3237.5,0.2117070000000534,0.37929752475246326
stratified_size_rep070,stratified_size,70,b50_lb1_k3_eps0p005,hierarchical_local_aggregate,confidence,300,60,5,0.041937991161822674,0.07884489397814365,0.211724283043643,0.37929752475246326,0.03333333333333333,0.59,0.8233333333333334,0.838125,0.581875,0.838125,8750.0,3237.5,0.211724283043643,0.37929752475246326
stratified_size_rep070,stratified_size,70,b50_lb1_k3_eps0p005,hierarchical_local_aggregate,shot_proportional,300,60,5,0.04241036117799258,0.07884503294518327,0.2117070000000534,0.37929752475246326,0.04,0.58,0.82,0.838125,0.581875,0.838125,8750.0,3237.5,0.2117070000000534,0.37929752475246326
stratified_size_rep070,stratified_size,70,b50_lb1_k3_eps0p005,hierarchical_local_aggregate,uniform,300,60,5,0.04241036117799258,0.07884503294518327,0.2117070000000534,0.37929752475246326,0.04,0.58,0.82,0.838125,0.581875,0.838125,8750.0,3237.5,0.2117070000000534,0.37929752475246326
stratified_size_rep070,stratified_size,70,b50_lb1_k3_eps0p005,local_only_offline_aggregate,confidence,300,60,5,0.03677405911943055,0.0735952242205298,0.21061683375398885,0.37929752475246326,0.056666666666666664,0.64,0.83,0.755625,0.5275000000000001,0.7525,10100.0,4950.0,0.21061683375398885,0.37929752475246326
stratified_size_rep070,stratified_size,70,b50_lb1_k3_eps0p005,local_only_offline_aggregate,shot_proportional,300,60,5,0.03696479477247,0.07362498849971766,0.21062051204510954,0.37929752475246326,0.06,0.6366666666666667,0.83,0.755625,0.5275000000000001,0.7525,10100.0,4950.0,0.21062051204510954,0.37929752475246326
stratified_size_rep070,stratified_size,70,b50_lb1_k3_eps0p005,local_only_offline_aggregate,uniform,300,60,5,0.03669423351672997,0.07360730728772974,0.21060720400473684,0.37929752475246326,0.056666666666666664,0.64,0.83,0.755625,0.5275000000000001,0.7525,10100.0,4950.0,0.21060720400473684,0.37929752475246326
stratified_size_rep071,stratified_size,71,b50_lb1_k3_eps0p005,aggregate_only_sync,confidence,300,60,5,0.039699575734548895,0.08143373785674142,0.2395022574626726,0.38138811881186935,0.023333333333333334,0.6033333333333334,0.79,0.849375,0.581875,0.849375,7700.0,3012.5,0.2395022574626726,0.38138811881186935
stratified_size_rep071,stratified_size,71,b50_lb1_k3_eps0p005,aggregate_only_sync,shot_proportional,300,60,5,0.039699575734548895,0.08143373785674142,0.2395022574626726,0.38138811881186935,0.023333333333333334,0.6033333333333334,0.79,0.849375,0.581875,0.849375,7700.0,3012.5,0.2395022574626726,0.38138811881186935
stratified_size_rep071,stratified_size,71,b50_lb1_k3_eps0p005,aggregate_only_sync,uniform,300,60,5,0.039699575734548895,0.08143373785674142,0.2395022574626726,0.38138811881186935,0.023333333333333334,0.6033333333333334,0.79,0.849375,0.581875,0.849375,7700.0,3012.5,0.2395022574626726,0.38138811881186935
stratified_size_rep071,stratified_size,71,b50_lb1_k3_eps0p005,hierarchical_local_aggregate,confidence,300,60,5,0.03948114674318096,0.08131201376272022,0.23950150965255676,0.38138811881186935,0.016666666666666666,0.61,0.7933333333333333,0.85,0.581875,0.849375,7700.0,3012.5,0.23950150965255676,0.38138811881186935
stratified_size_rep071,stratified_size,71,b50_lb1_k3_eps0p005,hierarchical_local_aggregate,shot_proportional,300,60,5,0.039699575734548895,0.08143373785674142,0.2395022574626726,0.38138811881186935,0.023333333333333334,0.6033333333333334,0.79,0.85,0.581875,0.849375,7700.0,3012.5,0.2395022574626726,0.38138811881186935
stratified_size_rep071,stratified_size,71,b50_lb1_k3_eps0p005,hierarchical_local_aggregate,uniform,300,60,5,0.039699575734548895,0.08143373785674142,0.2395022574626726,0.38138811881186935,0.023333333333333334,0.6033333333333334,0.79,0.85,0.581875,0.849375,7700.0,3012.5,0.2395022574626726,0.38138811881186935
stratified_size_rep071,stratified_size,71,b50_lb1_k3_eps0p005,local_only_offline_aggregate,confidence,300,60,5,0.033703921568627455,0.07768326680885951,0.2393437356804446,0.38138811881186935,0.04,0.6533333333333333,0.7966666666666666,0.7849999999999999,0.5275000000000001,0.7675,10050.0,4650.0,0.2393437356804446,0.38138811881186935
stratified_size_rep071,stratified_size,71,b50_lb1_k3_eps0p005,local_only_offline_aggregate,shot_proportional,300,60,5,0.033889365423051265,0.07884258293846902,0.23934373469902026,0.38138811881186935,0.043333333333333335,0.6533333333333333,0.7966666666666666,0.7849999999999999,0.5275000000000001,0.7675,10050.0,4650.0,0.23934373469902026,0.38138811881186935
stratified_size_rep071,stratified_size,71,b50_lb1_k3_eps0p005,local_only_offline_aggregate,uniform,300,60,5,0.0336872549019608,0.07743415367436887,0.23934373469902026,0.38138811881186935,0.04,0.6533333333333333,0.7966666666666666,0.7849999999999999,0.5275000000000001,0.7675,10050.0,4650.0,0.23934373469902026,0.38138811881186935
stratified_size_rep072,stratified_size,72,b50_lb1_k3_eps0p005,aggregate_only_sync,confidence,300,60,5,0.041711209967191486,0.07330943271466304,0.23878076803489398,0.38138811881186935,0.023333333333333334,0.5966666666666667,0.83,0.839375,0.5893750000000001,0.839375,8525.0,3212.5,0.23878076803489398,0.38138811881186935
stratified_size_rep072,stratified_size,72,b50_lb1_k3_eps0p005,aggregate_only_sync,shot_proportional,300,60,5,0.041711209967191486,0.07330943271466304,0.23878076803489398,0.38138811881186935,0.023333333333333334,0.5966666666666667,0.83,0.839375,0.5893750000000001,0.839375,8525.0,3212.5,0.23878076803489398,0.38138811881186935
stratified_size_rep072,stratified_size,72,b50_lb1_k3_eps0p005,aggregate_only_sync,uniform,300,60,5,0.041711209967191486,0.07330943271466304,0.23878076803489398,0.38138811881186935,0.023333333333333334,0.5966666666666667,0.83,0.839375,0.5893750000000001,0.839375,8525.0,3212.5,0.23878076803489398,0.38138811881186935
stratified_size_rep072,stratified_size,72,b50_lb1_k3_eps0p005,hierarchical_local_aggregate,confidence,300,60,5,0.041374829530364934,0.07271617225943354,0.23878119666266553,0.38138811881186935,0.016666666666666666,0.6033333333333334,0.8333333333333334,0.839375,0.5893750000000001,0.839375,8525.0,3212.5,0.23878119666266553,0.38138811881186935
stratified_size_rep072,stratified_size,72,b50_lb1_k3_eps0p005,hierarchical_local_aggregate,shot_proportional,300,60,5,0.04193200884803415,0.07330943271466304,0.23878076803489398,0.38138811881186935,0.023333333333333334,0.5933333333333334,0.83,0.839375,0.5893750000000001,0.839375,8525.0,3212.5,0.23878076803489398,0.38138811881186935
stratified_size_rep072,stratified_size,72,b50_lb1_k3_eps0p005,hierarchical_local_aggregate,uniform,300,60,5,0.04193200884803415,0.07330943271466304,0.23878076803489398,0.38138811881186935,0.023333333333333334,0.5933333333333334,0.83,0.839375,0.5893750000000001,0.839375,8525.0,3212.5,0.23878076803489398,0.38138811881186935
stratified_size_rep072,stratified_size,72,b50_lb1_k3_eps0p005,local_only_offline_aggregate,confidence,300,60,5,0.03517224311265419,0.06827527924759193,0.2379963776284966,0.38138811881186935,0.04,0.6533333333333333,0.84,0.755625,0.5390625,0.7525,10350.0,4950.0,0.2379963776284966,0.38138811881186935
stratified_size_rep072,stratified_size,72,b50_lb1_k3_eps0p005,local_only_offline_aggregate,shot_proportional,300,60,5,0.035933979723714954,0.06883241949797134,0.23799550123765587,0.38138811881186935,0.043333333333333335,0.65,0.84,0.755625,0.5390625,0.7525,10350.0,4950.0,0.23799550123765587,0.38138811881186935
stratified_size_rep072,stratified_size,72,b50_lb1_k3_eps0p005,local_only_offline_aggregate,uniform,300,60,5,0.035171469400483976,0.0683450347066719,0.23799550123765587,0.38138811881186935,0.04,0.6533333333333333,0.84,0.755625,0.5390625,0.7525,10350.0,4950.0,0.23799550123765587,0.38138811881186935
stratified_size_rep073,stratified_size,73,b50_lb1_k3_eps0p005,aggregate_only_sync,confidence,300,60,5,0.04193200884803415,0.07884503294518327,0.23933121268655538,0.38138811881186935,0.04,0.5833333333333334,0.8033333333333333,0.825,0.56125,0.825,9000.0,3500.0,0.23933121268655538,0.38138811881186935
stratified_size_rep073,stratified_size,73,b50_lb1_k3_eps0p005,aggregate_only_sync,shot_proportional,300,60,5,0.04193200884803415,0.07884503294518327,0.23933121268655538,0.38138811881186935,0.04,0.5833333333333334,0.8033333333333333,0.825,0.56125,0.825,9000.0,3500.0,0.23933121268655538,0.38138811881186935
stratified_size_rep073,stratified_size,73,b50_lb1_k3_eps0p005,aggregate_only_sync,uniform,300,60,5,0.04193200884803415,0.07884503294518327,0.23933121268655538,0.38138811881186935,0.04,0.5833333333333334,0.8033333333333333,0.825,0.56125,0.825,9000.0,3500.0,0.23933121268655538,0.38138811881186935
stratified_size_rep073,stratified_size,73,b50_lb1_k3_eps0p005,hierarchical_local_aggregate,confidence,300,60,5,0.041808861914705,0.07884489397814365,0.23933117332812823,0.38138811881186935,0.03333333333333333,0.59,0.8066666666666666,0.825,0.56125,0.825,8925.0,3500.0,0.23933117332812823,0.38138811881186935
stratified_size_rep073,stratified_size,73,b50_lb1_k3_eps0p005,hierarchical_local_aggregate,shot_proportional,300,60,5,0.042002893288084334,0.07884503294518327,0.23933121268655538,0.38138811881186935,0.04,0.5833333333333334,0.8033333333333333,0.825,0.56125,0.825,8925.0,3500.0,0.23933121268655538,0.38138811881186935
stratified_size_rep073,stratified_size,73,b50_lb1_k3_eps0p005,hierarchical_local_aggregate,uniform,300,60,5,0.042002893288084334,0.07884503294518327,0.23933121268655538,0.38138811881186935,0.04,0.5833333333333334,0.8033333333333333,0.825,0.56125,0.825,8925.0,3500.0,0.23933121268655538,0.38138811881186935
stratified_size_rep073,stratified_size,73,b50_lb1_k3_eps0p005,local_only_offline_aggregate,confidence,300,60,5,0.03677405911943055,0.07422028589342738,0.23899728726173963,0.38138811881186935,0.05333333333333334,0.6366666666666667,0.8133333333333334,0.7313541666666666,0.5275000000000001,0.7037500000000001,10425.0,5925.0,0.23899728726173963,0.38138811881186935
stratified_size_rep073,stratified_size,73,b50_lb1_k3_eps0p005,local_only_offline_aggregate,shot_proportional,300,60,5,0.03732312408685992,0.0742196549660169,0.2389971718757553,0.38138811881186935,0.056666666666666664,0.6366666666666667,0.8133333333333334,0.7313541666666666,0.5275000000000001,0.7037500000000001,10425.0,5925.0,0.2389971718757553,0.38138811881186935
stratified_size_rep073,stratified_size,73,b50_lb1_k3_eps0p005,local_only_offline_aggregate,uniform,300,60,5,0.03669423351672997,0.07422278517416295,0.2389971718757553,0.38138811881186935,0.05333333333333334,0.6366666666666667,0.8133333333333334,0.7313541666666666,0.5275000000000001,0.7037500000000001,10425.0,5925.0,0.2389971718757553,0.38138811881186935
stratified_size_rep074,stratified_size,74,b50_lb1_k3_eps0p005,aggregate_only_sync,confidence,300,60,5,0.04080540904214634,0.07457587053780732,0.2164560646766261,0.38138811881186935,0.04,0.61,0.8233333333333334,0.849375,0.605,0.849375,7775.0,3012.5,0.2164560646766261,0.38138811881186935
stratified_size_rep074,stratified_size,74,b50_lb1_k3_eps0p005,aggregate_only_sync,shot_proportional,300,60,5,0.04080540904214634,0.07457587053780732,0.2164560646766261,0.38138811881186935,0.04,0.61,0.8233333333333334,0.849375,0.605,0.849375,7775.0,3012.5,0.2164560646766261,0.38138811881186935
stratified_size_rep074,stratified_size,74,b50_lb1_k3_eps0p005,aggregate_only_sync,uniform,300,60,5,0.04080540904214634,0.07457587053780732,0.2164560646766261,0.38138811881186935,0.04,0.61,0.8233333333333334,0.849375,0.605,0.849375,7775.0,3012.5,0.2164560646766261,0.38138811881186935
stratified_size_rep074,stratified_size,74,b50_lb1_k3_eps0p005,hierarchical_local_aggregate,confidence,300,60,5,0.040363553180416845,0.07432279503897016,0.21645635870470745,0.38138811881186935,0.03333333333333333,0.6166666666666667,0.8266666666666667,0.85,0.605,0.849375,7775.0,3012.5,0.21645635870470745,0.38138811881186935
stratified_size_rep074,stratified_size,74,b50_lb1_k3_eps0p005,hierarchical_local_aggregate,shot_proportional,300,60,5,0.04090065627563572,0.07457587053780732,0.2164560646766261,0.38138811881186935,0.04,0.6066666666666667,0.8233333333333334,0.85,0.605,0.849375,7775.0,3012.5,0.2164560646766261,0.38138811881186935
stratified_size_rep074,stratified_size,74,b50_lb1_k3_eps0p005,hierarchical_local_aggregate,uniform,300,60,5,0.04090065627563572,0.07457587053780732,0.2164560646766261,0.38138811881186935,0.04,0.6066666666666667,0.8233333333333334,0.85,0.605,0.849375,7775.0,3012.5,0.2164560646766261,0.38138811881186935
stratified_size_rep074,stratified_size,74,b50_lb1_k3_eps0p005,local_only_offline_aggregate,confidence,300,60,5,0.033954438215711875,0.0685844985451746,0.21578356694030518,0.38138811881186935,0.056666666666666664,0.66,0.8333333333333334,0.7849999999999999,0.55125,0.7675,10100.0,4650.0,0.21578356694030518,0.38138811881186935
stratified_size_rep074,stratified_size,74,b50_lb1_k3_eps0p005,local_only_offline_aggregate,shot_proportional,300,60,5,0.03412741210374644,0.0691702573358092,0.2157831831683233,0.38138811881186935,0.06,0.6566666666666666,0.8333333333333334,0.7849999999999999,0.55125,0.7675,10100.0,4650.0,0.2157831831683233,0.38138811881186935
stratified_size_rep074,stratified_size,74,b50_lb1_k3_eps0p005,local_only_offline_aggregate,uniform,300,60,5,0.03377719074471881,0.0686773048364664,0.2157831831683233,0.38138811881186935,0.056666666666666664,0.66,0.8333333333333334,0.7849999999999999,0.55125,0.7675,10100.0,4650.0,0.2157831831683233,0.38138811881186935
stratified_size_rep075,stratified_size,75,b50_lb1_k3_eps0p005,aggregate_only_sync,confidence,300,60,5,0.040511542553191476,0.07457587053780732,0.21819866169154994,0.38138811881186935,0.04,0.6133333333333333,0.8166666666666667,0.84125,0.6125,0.84125,8200.0,3175.0,0.21819866169154994,0.38138811881186935
stratified_size_rep075,stratified_size,75,b50_lb1_k3_eps0p005,aggregate_only_sync,shot_proportional,300,60,5,0.040511542553191476,0.07457587053780732,0.21819866169154994,0.38138811881186935,0.04,0.6133333333333333,0.8166666666666667,0.84125,0.6125,0.84125,8200.0,3175.0,0.21819866169154994,0.38138811881186935
stratified_size_rep075,stratified_size,75,b50_lb1_k3_eps0p005,aggregate_only_sync,uniform,300,60,5,0.040511542553191476,0.07457587053780732,0.21819866169154994,0.38138811881186935,0.04,0.6133333333333333,0.8166666666666667,0.84125,0.6125,0.84125,8200.0,3175.0,0.21819866169154994,0.38138811881186935
stratified_size_rep075,stratified_size,75,b50_lb1_k3_eps0p005,hierarchical_local_aggregate,confidence,300,60,5,0.04017893598027014,0.07432279503897016,0.21819861200683555,0.38138811881186935,0.03333333333333333,0.6166666666666667,0.82,0.84125,0.6125,0.84125,8200.0,3175.0,0.21819861200683555,0.38138811881186935
stratified_size_rep075,stratified_size,75,b50_lb1_k3_eps0p005,hierarchical_local_aggregate,shot_proportional,300,60,5,0.040511542553191476,0.07457587053780732,0.21819866169154994,0.38138811881186935,0.04,0.61,0.8166666666666667,0.84125,0.6125,0.84125,8200.0,3175.0,0.21819866169154994,0.38138811881186935
stratified_size_rep075,stratified_size,75,b50_lb1_k3_eps0p005,hierarchical_local_aggregate,uniform,300,60,5,0.040511542553191476,0.07457587053780732,0.21819866169154994,0.38138811881186935,0.04,0.61,0.8166666666666667,0.84125,0.6125,0.84125,8200.0,3175.0,0.21819866169154994,0.38138811881186935
stratified_size_rep075,stratified_size,75,b50_lb1_k3_eps0p005,local_only_offline_aggregate,confidence,300,60,5,0.033954438215711875,0.06945921929758264,0.21774303400555953,0.38138811881186935,0.056666666666666664,0.6633333333333333,0.8266666666666667,0.755625,0.5475000000000001,0.7525,10100.0,4950.0,0.21774303400555953,0.38138811881186935
stratified_size_rep075,stratified_size,75,b50_lb1_k3_eps0p005,local_only_offline_aggregate,shot_proportional,300,60,5,0.03517187978989063,0.06948783783783782,0.21774331402394498,0.38138811881186935,0.06,0.66,0.8266666666666667,0.755625,0.5475000000000001,0.7525,10100.0,4950.0,0.21774331402394498,0.38138811881186935
stratified_size_rep075,stratified_size,75,b50_lb1_k3_eps0p005,local_only_offline_aggregate,uniform,300,60,5,0.03377719074471881,0.06948227012979448,0.21774331402394498,0.38138811881186935,0.056666666666666664,0.6633333333333333,0.8266666666666667,0.755625,0.5475000000000001,0.7525,10100.0,4950.0,0.21774331402394498,0.38138811881186935
stratified_size_rep076,stratified_size,76,b50_lb1_k3_eps0p005,aggregate_only_sync,confidence,300,60,5,0.04289177323341971,0.09024987073392911,0.2395022574626726,0.38138811881186935,0.04,0.57,0.79,0.8175,0.5571875,0.8175,9150.0,3650.0,0.2395022574626726,0.38138811881186935
stratified_size_rep076,stratified_size,76,b50_lb1_k3_eps0p005,aggregate_only_sync,shot_proportional,300,60,5,0.04289177323341971,0.09024987073392911,0.2395022574626726,0.38138811881186935,0.04,0.57,0.79,0.8175,0.5571875,0.8175,9150.0,3650.0,0.2395022574626726,0.38138811881186935
stratified_size_rep076,stratified_size,76,b50_lb1_k3_eps0p005,aggregate_only_sync,uniform,300,60,5,0.04289177323341971,0.09024987073392911,0.2395022574626726,0.38138811881186935,0.04,0.57,0.79,0.8175,0.5571875,0.8175,9150.0,3650.0,0.2395022574626726,0.38138811881186935
stratified_size_rep076,stratified_size,76,b50_lb1_k3_eps0p005,hierarchical_local_aggregate,confidence,300,60,5,0.041937991161822674,0.08981746728968326,0.23950150965255676,0.38138811881186935,0.03333333333333333,0.5766666666666667,0.7933333333333333,0.8175,0.5571875,0.8175,9050.0,3650.0,0.23950150965255676,0.38138811881186935
stratified_size_rep076,stratified_size,76,b50_lb1_k3_eps0p005,hierarchical_local_aggregate,shot_proportional,300,60,5,0.04289177323341971,0.09024987073392911,0.2395022574626726,0.38138811881186935,0.04,0.5666666666666667,0.79,0.8175,0.5571875,0.8175,9050.0,3650.0,0.2395022574626726,0.38138811881186935
stratified_size_rep076,stratified_size,76,b50_lb1_k3_eps0p005,hierarchical_local_aggregate,uniform,300,60,5,0.04289177323341971,0.09024987073392911,0.2395022574626726,0.38138811881186935,0.04,0.5666666666666667,0.79,0.8175,0.5571875,0.8175,9050.0,3650.0,0.2395022574626726,0.38138811881186935
stratified_size_rep076,stratified_size,76,b50_lb1_k3_eps0p005,local_only_offline_aggregate,confidence,300,60,5,0.036981481297761465,0.08065672017953507,0.2393437356804446,0.38138811881186935,0.056666666666666664,0.6266666666666667,0.8,0.7309375,0.5231250000000001,0.7037500000000001,11025.0,5925.0,0.2393437356804446,0.38138811881186935
stratified_size_rep076,stratified_size,76,b50_lb1_k3_eps0p005,local_only_offline_aggregate,shot_proportional,300,60,5,0.037054333211831644,0.08099342653562841,0.23934373469902026,0.38138811881186935,0.06,0.6233333333333333,0.8,0.7309375,0.5231250000000001,0.7037500000000001,11025.0,5925.0,0.23934373469902026,0.38138811881186935
stratified_size_rep076,stratified_size,76,b50_lb1_k3_eps0p005,local_only_offline_aggregate,uniform,300,60,5,0.036849237973328675,0.08070892066411922,0.23934373469902026,0.38138811881186935,0.056666666666666664,0.6266666666666667,0.8,0.7309375,0.5231250000000001,0.7037500000000001,11025.0,5925.0,0.23934373469902026,0.38138811881186935
stratified_size_rep077,stratified_size,77,b50_lb1_k3_eps0p005,aggregate_only_sync,confidence,300,60,5,0.04090065627563572,0.07692953265765691,0.2171334328358293,0.37929752475246326,0.02666666666666667,0.6,0.8133333333333334,0.846875,0.581875,0.846875,8075.0,3062.5,0.2171334328358293,0.37929752475246326
stratified_size_rep077,stratified_size,77,b50_lb1_k3_eps0p005,aggregate_only_sync,shot_proportional,300,60,5,0.04090065627563572,0.07692953265765691,0.2171334328358293,0.37929752475246326,0.02666666666666667,0.6,0.8133333333333334,0.846875,0.581875,0.846875,8075.0,3062.5,0.2171334328358293,0.37929752475246326
stratified_size_rep077,stratified_size,77,b50_lb1_k3_eps0p005,aggregate_only_sync,uniform,300,60,5,0.04090065627563572,0.07692953265765691,0.2171334328358293,0.37929752475246326,0.02666666666666667,0.6,0.8133333333333334,0.846875,0.581875,0.846875,8075.0,3062.5,0.2171334328358293,0.37929752475246326
stratified_size_rep077,stratified_size,77,b50_lb1_k3_eps0p005,hierarchical_local_aggregate,confidence,300,60,5,0.040629257080126484,0.0768650332649894,0.21713372947889564,0.37929752475246326,0.02,0.6066666666666667,0.8166666666666667,0.8474999999999999,0.581875,0.846875,8075.0,3062.5,0.21713372947889564,0.37929752475246326
stratified_size_rep077,stratified_size,77,b50_lb1_k3_eps0p005,hierarchical_local_aggregate,shot_proportional,300,60,5,0.04090065627563572,0.07692953265765691,0.2171334328358293,0.37929752475246326,0.02666666666666667,0.5966666666666667,0.8133333333333334,0.8474999999999999,0.581875,0.846875,8075.0,3062.5,0.2171334328358293,0.37929752475246326
stratified_size_rep077,stratified_size,77,b50_lb1_k3_eps0p005,hierarchical_local_aggregate,uniform,300,60,5,0.04090065627563572,0.07692953265765691,0.2171334328358293,0.37929752475246326,0.02666666666666667,0.5966666666666667,0.8133333333333334,0.8474999999999999,0.581875,0.846875,8075.0,3062.5,0.2171334328358293,0.37929752475246326
stratified_size_rep077,stratified_size,77,b50_lb1_k3_eps0p005,local_only_offline_aggregate,confidence,300,60,5,0.03409164931006031,0.07079887936717191,0.21648491550403423,0.37929752475246326,0.043333333333333335,0.6566666666666666,0.8233333333333334,0.770625,0.5275000000000001,0.76125,10050.0,4775.0,0.21648491550403423,0.37929752475246326
stratified_size_rep077,stratified_size,77,b50_lb1_k3_eps0p005,local_only_offline_aggregate,shot_proportional,300,60,5,0.03517187978989063,0.07079887936717191,0.2164845169942426,0.37929752475246326,0.04666666666666667,0.6533333333333333,0.8233333333333334,0.770625,0.5275000000000001,0.76125,10050.0,4775.0,0.2164845169942426,0.37929752475246326
stratified_size_rep077,stratified_size,77,b50_lb1_k3_eps0p005,local_only_offline_aggregate,uniform,300,60,5,0.03410004764075631,0.07079887936717191,0.2164845169942426,0.37929752475246326,0.043333333333333335,0.6566666666666666,0.8233333333333334,0.770625,0.5275000000000001,0.76125,10050.0,4775.0,0.2164845169942426,0.37929752475246326
stratified_size_rep078,stratified_size,78,b50_lb1_k3_eps0p005,aggregate_only_sync,confidence,300,60,5,0.04156450055418559,0.07799059252569326,0.2164560646766261,0.38138811881186935,0.04,0.5933333333333334,0.82,0.82875,0.581875,0.82875,9000.0,3425.0,0.2164560646766261,0.38138811881186935
stratified_size_rep078,stratified_size,78,b50_lb1_k3_eps0p005,aggregate_only_sync,shot_proportional,300,60,5,0.04156450055418559,0.07799059252569326,0.2164560646766261,0.38138811881186935,0.04,0.5933333333333334,0.82,0.82875,0.581875,0.82875,9000.0,3425.0,0.2164560646766261,0.38138811881186935
stratified_size_rep078,stratified_size,78,b50_lb1_k3_eps0p005,aggregate_only_sync,uniform,300,60,5,0.04156450055418559,0.07799059252569326,0.2164560646766261,0.38138811881186935,0.04,0.5933333333333334,0.82,0.82875,0.581875,0.82875,9000.0,3425.0,0.2164560646766261,0.38138811881186935
stratified_size_rep078,stratified_size,78,b50_lb1_k3_eps0p005,hierarchical_local_aggregate,confidence,300,60,5,0.041374829530364934,0.07783462662606368,0.21645635870470745,0.38138811881186935,0.03333333333333333,0.6,0.8233333333333334,0.82875,0.581875,0.82875,8950.0,3425.0,0.21645635870470745,0.38138811881186935
stratified_size_rep078,stratified_size,78,b50_lb1_k3_eps0p005,hierarchical_local_aggregate,shot_proportional,300,60,5,0.0417693082830624,0.07799059252569326,0.2164560646766261,0.38138811881186935,0.04,0.59,0.82,0.82875,0.581875,0.82875,8950.0,3425.0,0.2164560646766261,0.38138811881186935
stratified_size_rep078,stratified_size,78,b50_lb1_k3_eps0p005,hierarchical_local_aggregate,uniform,300,60,5,0.0417693082830624,0.07799059252569326,0.2164560646766261,0.38138811881186935,0.04,0.59,0.82,0.82875,0.581875,0.82875,8950.0,3425.0,0.2164560646766261,0.38138811881186935
stratified_size_rep078,stratified_size,78,b50_lb1_k3_eps0p005,local_only_offline_aggregate,confidence,300,60,5,0.036981481297761465,0.07213896885005733,0.21578356694030518,0.38138811881186935,0.05333333333333334,0.64,0.83,0.751,0.5275000000000001,0.735,10700.0,5300.0,0.21578356694030518,0.38138811881186935
stratified_size_rep078,stratified_size,78,b50_lb1_k3_eps0p005,local_only_offline_aggregate,shot_proportional,300,60,5,0.03732312408685992,0.07214898069453679,0.2157831831683233,0.38138811881186935,0.056666666666666664,0.6366666666666667,0.83,0.751,0.5275000000000001,0.735,10700.0,5300.0,0.2157831831683233,0.38138811881186935
stratified_size_rep078,stratified_size,78,b50_lb1_k3_eps0p005,local_only_offline_aggregate,uniform,300,60,5,0.036849237973328675,0.07214275117180297,0.2157831831683233,0.38138811881186935,0.05333333333333334,0.64,0.83,0.751,0.5275000000000001,0.735,10700.0,5300.0,0.2157831831683233,0.38138811881186935
stratified_size_rep079,stratified_size,79,b50_lb1_k3_eps0p005,aggregate_only_sync,confidence,300,60,5,0.04289177323341971,0.09156470563241731,0.2395022574626726,0.38138811881186935,0.023333333333333334,0.5733333333333334,0.78,0.785625,0.554375,0.785625,9725.0,4287.5,0.2395022574626726,0.38138811881186935
stratified_size_rep079,stratified_size,79,b50_lb1_k3_eps0p005,aggregate_only_sync,shot_proportional,300,60,5,0.04289177323341971,0.09156470563241731,0.2395022574626726,0.38138811881186935,0.023333333333333334,0.5733333333333334,0.78,0.785625,0.554375,0.785625,9725.0,4287.5,0.2395022574626726,0.38138811881186935
stratified_size_rep079,stratified_size,79,b50_lb1_k3_eps0p005,aggregate_only_sync,uniform,300,60,5,0.04289177323341971,0.09156470563241731,0.2395022574626726,0.38138811881186935,0.023333333333333334,0.5733333333333334,0.78,0.785625,0.554375,0.785625,9725.0,4287.5,0.2395022574626726,0.38138811881186935
stratified_size_rep079,stratified_size,79,b50_lb1_k3_eps0p005,hierarchical_local_aggregate,confidence,300,60,5,0.04261667859910944,0.09148493007345228,0.23950150965255676,0.38138811881186935,0.016666666666666666,0.58,0.7833333333333333,0.785625,0.554375,0.785625,9725.0,4287.5,0.23950150965255676,0.38138811881186935
stratified_size_rep079,stratified_size,79,b50_lb1_k3_eps0p005,hierarchical_local_aggregate,shot_proportional,300,60,5,0.04297358997554597,0.09156470563241731,0.2395022574626726,0.38138811881186935,0.023333333333333334,0.5733333333333334,0.78,0.785625,0.554375,0.785625,9725.0,4287.5,0.2395022574626726,0.38138811881186935
stratified_size_rep079,stratified_size,79,b50_lb1_k3_eps0p005,hierarchical_local_aggregate,uniform,300,60,5,0.04289177323341971,0.09156470563241731,0.2395022574626726,0.38138811881186935,0.023333333333333334,0.5733333333333334,0.78,0.785625,0.554375,0.785625,9725.0,4287.5,0.2395022574626726,0.38138811881186935
stratified_size_rep079,stratified_size,79,b50_lb1_k3_eps0p005,local_only_offline_aggregate,confidence,300,60,5,0.037155241406335124,0.0852935460857866,0.2393437356804446,0.38138811881186935,0.03333333333333333,0.6166666666666667,0.7866666666666666,0.6825,0.52125,0.6725,12775.0,6550.0,0.2393437356804446,0.38138811881186935
stratified_size_rep079,stratified_size,79,b50_lb1_k3_eps0p005,local_only_offline_aggregate,shot_proportional,300,60,5,0.03783021315496664,0.08692161554438106,0.23934373469902026,0.38138811881186935,0.03666666666666667,0.6166666666666667,0.7866666666666666,0.6825,0.52125,0.6725,12775.0,6550.0,0.23934373469902026,0.38138811881186935
stratified_size_rep079,stratified_size,79,b50_lb1_k3_eps0p005,local_only_offline_aggregate,uniform,300,60,5,0.03740787287197074,0.08501271733245329,0.23934373469902026,0.38138811881186935,0.03333333333333333,0.6166666666666667,0.7866666666666666,0.6825,0.52125,0.6725,12775.0,6550.0,0.23934373469902026,0.38138811881186935
stratified_size_rep080,stratified_size,80,b50_lb1_k3_eps0p005,aggregate_only_sync,confidence,300,60,5,0.04029784125449014,0.06936716188524586,0.23877393345777967,0.38138811881186935,0.016666666666666666,0.62,0.8266666666666667,0.846875,0.6125,0.846875,8075.0,3062.5,0.23877393345777967,0.38138811881186935
stratified_size_rep080,stratified_size,80,b50_lb1_k3_eps0p005,aggregate_only_sync,shot_proportional,300,60,5,0.04029784125449014,0.06936716188524586,0.23877393345777967,0.38138811881186935,0.016666666666666666,0.62,0.8266666666666667,0.846875,0.6125,0.846875,8075.0,3062.5,0.23877393345777967,0.38138811881186935
stratified_size_rep080,stratified_size,80,b50_lb1_k3_eps0p005,aggregate_only_sync,uniform,300,60,5,0.04029784125449014,0.06936716188524586,0.23877393345777967,0.38138811881186935,0.016666666666666666,0.62,0.8266666666666667,0.846875,0.6125,0.846875,8075.0,3062.5,0.23877393345777967,0.38138811881186935
stratified_size_rep080,stratified_size,80,b50_lb1_k3_eps0p005,hierarchical_local_aggregate,confidence,300,60,5,0.03984864726295221,0.0693673363546297,0.23877440144397835,0.38138811881186935,0.016666666666666666,0.6266666666666667,0.83,0.8474999999999999,0.6125,0.846875,8075.0,3062.5,0.23877440144397835,0.38138811881186935
stratified_size_rep080,stratified_size,80,b50_lb1_k3_eps0p005,hierarchical_local_aggregate,shot_proportional,300,60,5,0.04029784125449014,0.06936716188524586,0.23877393345777967,0.38138811881186935,0.016666666666666666,0.6166666666666667,0.8266666666666667,0.8474999999999999,0.6125,0.846875,8075.0,3062.5,0.23877393345777967,0.38138811881186935
stratified_size_rep080,stratified_size,80,b50_lb1_k3_eps0p005,hierarchical_local_aggregate,uniform,300,60,5,0.04029784125449014,0.06936716188524586,0.23877393345777967,0.38138811881186935,0.016666666666666666,0.6166666666666667,0.8266666666666667,0.8474999999999999,0.6125,0.846875,8075.0,3062.5,0.23877393345777967,0.38138811881186935
stratified_size_rep080,stratified_size,80,b50_lb1_k3_eps0p005,local_only_offline_aggregate,confidence,300,60,5,0.033954438215711875,0.06696488904456503,0.2379963776284966,0.38138811881186935,0.04,0.6766666666666666,0.8366666666666667,0.770625,0.5475000000000001,0.76125,10100.0,4775.0,0.2379963776284966,0.38138811881186935
stratified_size_rep080,stratified_size,80,b50_lb1_k3_eps0p005,local_only_offline_aggregate,shot_proportional,300,60,5,0.03458113999490284,0.06721150732341385,0.23799550123765587,0.38138811881186935,0.04,0.6733333333333333,0.8366666666666667,0.770625,0.5475000000000001,0.76125,10100.0,4775.0,0.23799550123765587,0.38138811881186935
stratified_size_rep080,stratified_size,80,b50_lb1_k3_eps0p005,local_only_offline_aggregate,uniform,300,60,5,0.03377719074471881,0.06698186772597642,0.23799550123765587,0.38138811881186935,0.04,0.6766666666666666,0.8366666666666667,0.770625,0.5475000000000001,0.76125,10100.0,4775.0,0.23799550123765587,0.38138811881186935
stratified_size_rep081,stratified_size,81,b50_lb1_k3_eps0p005,aggregate_only_sync,confidence,300,60,5,0.04029784125449014,0.06936716188524586,0.2164560646766261,0.38138811881186935,0.02,0.62,0.8266666666666667,0.8512500000000001,0.6125,0.8512500000000001,7775.0,2975.0,0.2164560646766261,0.38138811881186935
stratified_size_rep081,stratified_size,81,b50_lb1_k3_eps0p005,aggregate_only_sync,shot_proportional,300,60,5,0.04029784125449014,0.06936716188524586,0.2164560646766261,0.38138811881186935,0.02,0.62,0.8266666666666667,0.8512500000000001,0.6125,0.8512500000000001,7775.0,2975.0,0.2164560646766261,0.38138811881186935
stratified_size_rep081,stratified_size,81,b50_lb1_k3_eps0p005,aggregate_only_sync,uniform,300,60,5,0.04029784125449014,0.06936716188524586,0.2164560646766261,0.38138811881186935,0.02,0.62,0.8266666666666667,0.8512500000000001,0.6125,0.8512500000000001,7775.0,2975.0,0.2164560646766261,0.38138811881186935
stratified_size_rep081,stratified_size,81,b50_lb1_k3_eps0p005,hierarchical_local_aggregate,confidence,300,60,5,0.03984864726295221,0.0693673363546297,0.21645635870470745,0.38138811881186935,0.02,0.6266666666666667,0.83,0.8512500000000001,0.6125,0.8512500000000001,7775.0,2975.0,0.21645635870470745,0.38138811881186935
stratified_size_rep081,stratified_size,81,b50_lb1_k3_eps0p005,hierarchical_local_aggregate,shot_proportional,300,60,5,0.04029784125449014,0.06936716188524586,0.2164560646766261,0.38138811881186935,0.02,0.6166666666666667,0.8266666666666667,0.8512500000000001,0.6125,0.8512500000000001,7775.0,2975.0,0.2164560646766261,0.38138811881186935
stratified_size_rep081,stratified_size,81,b50_lb1_k3_eps0p005,hierarchical_local_aggregate,uniform,300,60,5,0.04029784125449014,0.06936716188524586,0.2164560646766261,0.38138811881186935,0.02,0.6166666666666667,0.8266666666666667,0.8512500000000001,0.6125,0.8512500000000001,7775.0,2975.0,0.2164560646766261,0.38138811881186935
stratified_size_rep081,stratified_size,81,b50_lb1_k3_eps0p005,local_only_offline_aggregate,confidence,300,60,5,0.033703921568627455,0.06696488904456503,0.21578356694030518,0.38138811881186935,0.043333333333333335,0.6766666666666666,0.8366666666666667,0.7849999999999999,0.5475000000000001,0.7675,10050.0,4650.0,0.21578356694030518,0.38138811881186935
stratified_size_rep081,stratified_size,81,b50_lb1_k3_eps0p005,local_only_offline_aggregate,shot_proportional,300,60,5,0.03397933333333338,0.06721150732341385,0.2157831831683233,0.38138811881186935,0.043333333333333335,0.6733333333333333,0.8366666666666667,0.7849999999999999,0.5475000000000001,0.7675,10050.0,4650.0,0.2157831831683233,0.38138811881186935
stratified_size_rep081,stratified_size,81,b50_lb1_k3_eps0p005,local_only_offline_aggregate,uniform,300,60,5,0.0336872549019608,0.06698186772597642,0.2157831831683233,0.38138811881186935,0.043333333333333335,0.6766666666666666,0.8366666666666667,0.7849999999999999,0.5475000000000001,0.7675,10050.0,4650.0,0.2157831831683233,0.38138811881186935
stratified_size_rep082,stratified_size,82,b50_lb1_k3_eps0p005,aggregate_only_sync,confidence,300,60,5,0.04193200884803415,0.08544351851851935,0.23933121268655538,0.38138811881186935,0.04,0.5866666666666667,0.7966666666666666,0.804375,0.560625,0.804375,9225.0,3912.5,0.23933121268655538,0.38138811881186935
stratified_size_rep082,stratified_size,82,b50_lb1_k3_eps0p005,aggregate_only_sync,shot_proportional,300,60,5,0.04193200884803415,0.08544351851851935,0.23933121268655538,0.38138811881186935,0.04,0.5866666666666667,0.7966666666666666,0.804375,0.560625,0.804375,9225.0,3912.5,0.23933121268655538,0.38138811881186935
stratified_size_rep082,stratified_size,82,b50_lb1_k3_eps0p005,aggregate_only_sync,uniform,300,60,5,0.04193200884803415,0.08544351851851935,0.23933121268655538,0.38138811881186935,0.04,0.5866666666666667,0.7966666666666666,0.804375,0.560625,0.804375,9225.0,3912.5,0.23933121268655538,0.38138811881186935
stratified_size_rep082,stratified_size,82,b50_lb1_k3_eps0p005,hierarchical_local_aggregate,confidence,300,60,5,0.04164434248745445,0.08529602583778538,0.23933117332812823,0.38138811881186935,0.03333333333333333,0.59,0.8,0.804375,0.560625,0.804375,9225.0,3912.5,0.23933117332812823,0.38138811881186935
stratified_size_rep082,stratified_size,82,b50_lb1_k3_eps0p005,hierarchical_local_aggregate,shot_proportional,300,60,5,0.042002893288084334,0.08544351851851935,0.23933121268655538,0.38138811881186935,0.04,0.5833333333333334,0.7966666666666666,0.804375,0.560625,0.804375,9225.0,3912.5,0.23933121268655538,0.38138811881186935
stratified_size_rep082,stratified_size,82,b50_lb1_k3_eps0p005,hierarchical_local_aggregate,uniform,300,60,5,0.042002893288084334,0.08544351851851935,0.23933121268655538,0.38138811881186935,0.04,0.5833333333333334,0.7966666666666666,0.804375,0.560625,0.804375,9225.0,3912.5,0.23933121268655538,0.38138811881186935
stratified_size_rep082,stratified_size,82,b50_lb1_k3_eps0p005,local_only_offline_aggregate,confidence,300,60,5,0.03619165936975521,0.07720689700724101,0.23899728726173963,0.38138811881186935,0.05333333333333334,0.6333333333333333,0.8066666666666666,0.685,0.5275000000000001,0.6725,11587.5,6550.0,0.23899728726173963,0.38138811881186935
stratified_size_rep082,stratified_size,82,b50_lb1_k3_eps0p005,local_only_offline_aggregate,shot_proportional,300,60,5,0.03696479477247,0.07774246226029788,0.2389971718757553,0.38138811881186935,0.056666666666666664,0.63,0.8066666666666666,0.685,0.5275000000000001,0.6725,11587.5,6550.0,0.2389971718757553,0.38138811881186935
stratified_size_rep082,stratified_size,82,b50_lb1_k3_eps0p005,local_only_offline_aggregate,uniform,300,60,5,0.03622531138994005,0.07717265804061381,0.2389971718757553,0.38138811881186935,0.05333333333333334,0.6333333333333333,0.8066666666666666,0.685,0.5275000000000001,0.6725,11587.5,6550.0,0.2389971718757553,0.38138811881186935
stratified_size_rep083,stratified_size,83,b50_lb1_k3_eps0p005,aggregate_only_sync,confidence,300,60,5,0.03998279478458026,0.07013932349357546,0.23287770833332477,0.38138811881186935,0.04,0.6266666666666667,0.83,0.855,0.6125,0.855,7625.0,2900.0,0.23287770833332477,0.38138811881186935
stratified_size_rep083,stratified_size,83,b50_lb1_k3_eps0p005,aggregate_only_sync,shot_proportional,300,60,5,0.03998279478458026,0.07013932349357546,0.23287770833332477,0.38138811881186935,0.04,0.6266666666666667,0.83,0.855,0.6125,0.855,7625.0,2900.0,0.23287770833332477,0.38138811881186935
stratified_size_rep083,stratified_size,83,b50_lb1_k3_eps0p005,aggregate_only_sync,uniform,300,60,5,0.03998279478458026,0.07013932349357546,0.23287770833332477,0.38138811881186935,0.04,0.6266666666666667,0.83,0.855,0.6125,0.855,7625.0,2900.0,0.23287770833332477,0.38138811881186935
stratified_size_rep083,stratified_size,83,b50_lb1_k3_eps0p005,hierarchical_local_aggregate,confidence,300,60,5,0.03938752094983054,0.07013984690172702,0.23287653730817032,0.38138811881186935,0.03333333333333333,0.6333333333333333,0.8333333333333334,0.855,0.6125,0.855,7625.0,2900.0,0.23287653730817032,0.38138811881186935
stratified_size_rep083,stratified_size,83,b50_lb1_k3_eps0p005,hierarchical_local_aggregate,shot_proportional,300,60,5,0.03998279478458026,0.07013932349357546,0.23287770833332477,0.38138811881186935,0.04,0.6233333333333333,0.83,0.855,0.6125,0.855,7625.0,2900.0,0.23287770833332477,0.38138811881186935
stratified_size_rep083,stratified_size,83,b50_lb1_k3_eps0p005,hierarchical_local_aggregate,uniform,300,60,5,0.03998279478458026,0.07013932349357546,0.23287770833332477,0.38138811881186935,0.04,0.6233333333333333,0.83,0.855,0.6125,0.855,7625.0,2900.0,0.23287770833332477,0.38138811881186935
stratified_size_rep083,stratified_size,83,b50_lb1_k3_eps0p005,local_only_offline_aggregate,confidence,300,60,5,0.033674621524583254,0.06575254483481505,0.23232350343013053,0.38138811881186935,0.05333333333333334,0.6733333333333333,0.84,0.79,0.5475000000000001,0.7675,10050.0,4650.0,0.23232350343013053,0.38138811881186935
stratified_size_rep083,stratified_size,83,b50_lb1_k3_eps0p005,local_only_offline_aggregate,shot_proportional,300,60,5,0.03377412280701753,0.06575335868187604,0.2323349257425636,0.38138811881186935,0.056666666666666664,0.67,0.84,0.79,0.5475000000000001,0.7675,10050.0,4650.0,0.2323349257425636,0.38138811881186935
stratified_size_rep083,stratified_size,83,b50_lb1_k3_eps0p005,local_only_offline_aggregate,uniform,300,60,5,0.03327250939057534,0.06575106172833692,0.2323349257425636,0.38138811881186935,0.05333333333333334,0.6733333333333333,0.84,0.79,0.5475000000000001,0.7675,10050.0,4650.0,0.2323349257425636,0.38138811881186935
stratified_size_rep084,stratified_size,84,b50_lb1_k3_eps0p005,aggregate_only_sync,confidence,300,60,5,0.04055412550838136,0.07204824041811844,0.2323397947761903,0.38138811881186935,0.04,0.61,0.8166666666666667,0.849375,0.5800000000000001,0.849375,7900.0,3012.5,0.2323397947761903,0.38138811881186935
stratified_size_rep084,stratified_size,84,b50_lb1_k3_eps0p005,aggregate_only_sync,shot_proportional,300,60,5,0.04055412550838136,0.07204824041811844,0.2323397947761903,0.38138811881186935,0.04,0.61,0.8166666666666667,0.849375,0.5800000000000001,0.849375,7900.0,3012.5,0.2323397947761903,0.38138811881186935
stratified_size_rep084,stratified_size,84,b50_lb1_k3_eps0p005,aggregate_only_sync,uniform,300,60,5,0.04055412550838136,0.07204824041811844,0.2323397947761903,0.38138811881186935,0.04,0.61,0.8166666666666667,0.849375,0.5800000000000001,0.849375,7900.0,3012.5,0.2323397947761903,0.38138811881186935
stratified_size_rep084,stratified_size,84,b50_lb1_k3_eps0p005,hierarchical_local_aggregate,confidence,300,60,5,0.04017893598027014,0.07187814249957052,0.23233521873078064,0.38138811881186935,0.03333333333333333,0.6166666666666667,0.8166666666666667,0.85,0.5800000000000001,0.849375,7900.0,3012.5,0.23233521873078064,0.38138811881186935
stratified_size_rep084,stratified_size,84,b50_lb1_k3_eps0p005,hierarchical_local_aggregate,shot_proportional,300,60,5,0.04059436864014795,0.07204824041811844,0.2323397947761903,0.38138811881186935,0.04,0.6066666666666667,0.8166666666666667,0.85,0.5800000000000001,0.849375,7900.0,3012.5,0.2323397947761903,0.38138811881186935
stratified_size_rep084,stratified_size,84,b50_lb1_k3_eps0p005,hierarchical_local_aggregate,uniform,300,60,5,0.04059436864014795,0.07204824041811844,0.2323397947761903,0.38138811881186935,0.04,0.6066666666666667,0.8166666666666667,0.85,0.5800000000000001,0.849375,7900.0,3012.5,0.2323397947761903,0.38138811881186935
stratified_size_rep084,stratified_size,84,b50_lb1_k3_eps0p005,local_only_offline_aggregate,confidence,300,60,5,0.03389912280701753,0.06696488904456503,0.23173369102179464,0.38138811881186935,0.056666666666666664,0.6633333333333333,0.82,0.770625,0.5275000000000001,0.76125,10075.0,4775.0,0.23173369102179464,0.38138811881186935
stratified_size_rep084,stratified_size,84,b50_lb1_k3_eps0p005,local_only_offline_aggregate,shot_proportional,300,60,5,0.03458113999490284,0.06721150732341385,0.23173882343696214,0.38138811881186935,0.06,0.66,0.82,0.770625,0.5275000000000001,0.76125,10075.0,4775.0,0.23173882343696214,0.38138811881186935
stratified_size_rep084,stratified_size,84,b50_lb1_k3_eps0p005,local_only_offline_aggregate,uniform,300,60,5,0.03376137770897833,0.06698186772597642,0.2317249340550226,0.38138811881186935,0.056666666666666664,0.6633333333333333,0.82,0.770625,0.5275000000000001,0.76125,10075.0,4775.0,0.2317249340550226,0.38138811881186935
stratified_size_rep085,stratified_size,85,b50_lb1_k3_eps0p005,aggregate_only_sync,confidence,300,60,5,0.04072258295518988,0.08139727746018688,0.21819866169154994,0.38138811881186935,0.03666666666666667,0.6,0.8066666666666666,0.846875,0.591875,0.846875,7900.0,3062.5,0.21819866169154994,0.38138811881186935
stratified_size_rep085,stratified_size,85,b50_lb1_k3_eps0p005,aggregate_only_sync,shot_proportional,300,60,5,0.04072258295518988,0.08139727746018688,0.21819866169154994,0.38138811881186935,0.03666666666666667,0.6,0.8066666666666666,0.846875,0.591875,0.846875,7900.0,3062.5,0.21819866169154994,0.38138811881186935
stratified_size_rep085,stratified_size,85,b50_lb1_k3_eps0p005,aggregate_only_sync,uniform,300,60,5,0.04072258295518988,0.08139727746018688,0.21819866169154994,0.38138811881186935,0.03666666666666667,0.6,0.8066666666666666,0.846875,0.591875,0.846875,7900.0,3062.5,0.21819866169154994,0.38138811881186935
stratified_size_rep085,stratified_size,85,b50_lb1_k3_eps0p005,hierarchical_local_aggregate,confidence,300,60,5,0.040363553180416845,0.08131201376272022,0.21819861200683555,0.38138811881186935,0.03,0.6033333333333334,0.81,0.8474999999999999,0.591875,0.846875,7900.0,3062.5,0.21819861200683555,0.38138811881186935
stratified_size_rep085,stratified_size,85,b50_lb1_k3_eps0p005,hierarchical_local_aggregate,shot_proportional,300,60,5,0.04076282608695646,0.08139727746018688,0.21819866169154994,0.38138811881186935,0.03666666666666667,0.5966666666666667,0.8066666666666666,0.8474999999999999,0.591875,0.846875,7900.0,3062.5,0.21819866169154994,0.38138811881186935
stratified_size_rep085,stratified_size,85,b50_lb1_k3_eps0p005,hierarchical_local_aggregate,uniform,300,60,5,0.04076282608695646,0.08139727746018688,0.21819866169154994,0.38138811881186935,0.03666666666666667,0.5966666666666667,0.8066666666666666,0.8474999999999999,0.591875,0.846875,7900.0,3062.5,0.21819866169154994,0.38138811881186935
stratified_size_rep085,stratified_size,85,b50_lb1_k3_eps0p005,local_only_offline_aggregate,confidence,300,60,5,0.0340581344067756,0.07555513267687253,0.21774303400555953,0.38138811881186935,0.03,0.65,0.8166666666666667,0.770625,0.5465625000000001,0.76125,10100.0,4775.0,0.21774303400555953,0.38138811881186935
stratified_size_rep085,stratified_size,85,b50_lb1_k3_eps0p005,local_only_offline_aggregate,shot_proportional,300,60,5,0.034853564002480575,0.07562973963992262,0.21774331402394498,0.38138811881186935,0.03333333333333333,0.6466666666666666,0.8166666666666667,0.770625,0.5465625000000001,0.76125,10100.0,4775.0,0.21774331402394498,0.38138811881186935
stratified_size_rep085,stratified_size,85,b50_lb1_k3_eps0p005,local_only_offline_aggregate,uniform,300,60,5,0.03389912280701753,0.07551566186069676,0.21774331402394498,0.38138811881186935,0.03,0.65,0.8166666666666667,0.770625,0.5465625000000001,0.76125,10100.0,4775.0,0.21774331402394498,0.38138811881186935
stratified_size_rep086,stratified_size,86,b50_lb1_k3_eps0p005,aggregate_only_sync,confidence,300,60,5,0.0417693082830624,0.07692953265765691,0.2117630646766703,0.38138811881186935,0.023333333333333334,0.5933333333333334,0.8233333333333334,0.8343750000000001,0.5925,0.8343750000000001,8525.0,3312.5,0.2117630646766703,0.38138811881186935
stratified_size_rep086,stratified_size,86,b50_lb1_k3_eps0p005,aggregate_only_sync,shot_proportional,300,60,5,0.0417693082830624,0.07692953265765691,0.2117630646766703,0.38138811881186935,0.023333333333333334,0.5933333333333334,0.8233333333333334,0.8343750000000001,0.5925,0.8343750000000001,8525.0,3312.5,0.2117630646766703,0.38138811881186935
stratified_size_rep086,stratified_size,86,b50_lb1_k3_eps0p005,aggregate_only_sync,uniform,300,60,5,0.0417693082830624,0.07692953265765691,0.2117630646766703,0.38138811881186935,0.023333333333333334,0.5933333333333334,0.8233333333333334,0.8343750000000001,0.5925,0.8343750000000001,8525.0,3312.5,0.2117630646766703,0.38138811881186935
stratified_size_rep086,stratified_size,86,b50_lb1_k3_eps0p005,hierarchical_local_aggregate,confidence,300,60,5,0.0415128787815099,0.0768650332649894,0.21178032949248196,0.38138811881186935,0.016666666666666666,0.6,0.8266666666666667,0.8343750000000001,0.5925,0.8343750000000001,8525.0,3312.5,0.21178032949248196,0.38138811881186935
stratified_size_rep086,stratified_size,86,b50_lb1_k3_eps0p005,hierarchical_local_aggregate,shot_proportional,300,60,5,0.04193200884803415,0.07692953265765691,0.2117630646766703,0.38138811881186935,0.023333333333333334,0.59,0.8233333333333334,0.8343750000000001,0.5925,0.8343750000000001,8525.0,3312.5,0.2117630646766703,0.38138811881186935
stratified_size_rep086,stratified_size,86,b50_lb1_k3_eps0p005,hierarchical_local_aggregate,uniform,300,60,5,0.04193200884803415,0.07692953265765691,0.2117630646766703,0.38138811881186935,0.023333333333333334,0.59,0.8233333333333334,0.8343750000000001,0.5925,0.8343750000000001,8525.0,3312.5,0.2117630646766703,0.38138811881186935
stratified_size_rep086,stratified_size,86,b50_lb1_k3_eps0p005,local_only_offline_aggregate,confidence,300,60,5,0.03619165936975521,0.07041549573058584,0.21068305051722705,0.38138811881186935,0.04,0.65,0.8333333333333334,0.755,0.5390625,0.7525,10350.0,4950.0,0.21068305051722705,0.38138811881186935
stratified_size_rep086,stratified_size,86,b50_lb1_k3_eps0p005,local_only_offline_aggregate,shot_proportional,300,60,5,0.036816691724033145,0.0705587392079588,0.21068676452035706,0.38138811881186935,0.043333333333333335,0.6466666666666666,0.8333333333333334,0.755,0.5390625,0.7525,10350.0,4950.0,0.21068676452035706,0.38138811881186935
stratified_size_rep086,stratified_size,86,b50_lb1_k3_eps0p005,local_only_offline_aggregate,uniform,300,60,5,0.03622531138994005,0.07048464822722134,0.21067345647998437,0.38138811881186935,0.04,0.65,0.8333333333333334,0.755,0.5390625,0.7525,10350.0,4950.0,0.21067345647998437,0.38138811881186935
stratified_size_rep087,stratified_size,87,b50_lb1_k3_eps0p005,aggregate_only_sync,confidence,300,60,5,0.040272492099676746,0.07457587053780732,0.23933121268655538,0.38138811881186935,0.03333333333333333,0.6166666666666667,0.8166666666666667,0.8525,0.6018749999999999,0.8525,7750.0,2950.0,0.23933121268655538,0.38138811881186935
stratified_size_rep087,stratified_size,87,b50_lb1_k3_eps0p005,aggregate_only_sync,shot_proportional,300,60,5,0.040272492099676746,0.07457587053780732,0.23933121268655538,0.38138811881186935,0.03333333333333333,0.6166666666666667,0.8166666666666667,0.8525,0.6018749999999999,0.8525,7750.0,2950.0,0.23933121268655538,0.38138811881186935
stratified_size_rep087,stratified_size,87,b50_lb1_k3_eps0p005,aggregate_only_sync,uniform,300,60,5,0.040272492099676746,0.07457587053780732,0.23933121268655538,0.38138811881186935,0.03333333333333333,0.6166666666666667,0.8166666666666667,0.8525,0.6018749999999999,0.8525,7750.0,2950.0,0.23933121268655538,0.38138811881186935
stratified_size_rep087,stratified_size,87,b50_lb1_k3_eps0p005,hierarchical_local_aggregate,confidence,300,60,5,0.039827420741492744,0.07432279503897016,0.23933117332812823,0.38138811881186935,0.03333333333333333,0.6233333333333333,0.82,0.8525,0.6018749999999999,0.8525,7750.0,2950.0,0.23933117332812823,0.38138811881186935
stratified_size_rep087,stratified_size,87,b50_lb1_k3_eps0p005,hierarchical_local_aggregate,shot_proportional,300,60,5,0.040272492099676746,0.07457587053780732,0.23933121268655538,0.38138811881186935,0.03333333333333333,0.6133333333333333,0.8166666666666667,0.8525,0.6018749999999999,0.8525,7750.0,2950.0,0.23933121268655538,0.38138811881186935
stratified_size_rep087,stratified_size,87,b50_lb1_k3_eps0p005,hierarchical_local_aggregate,uniform,300,60,5,0.040272492099676746,0.07457587053780732,0.23933121268655538,0.38138811881186935,0.03333333333333333,0.6133333333333333,0.8166666666666667,0.8525,0.6018749999999999,0.8525,7750.0,2950.0,0.23933121268655538,0.38138811881186935
stratified_size_rep087,stratified_size,87,b50_lb1_k3_eps0p005,local_only_offline_aggregate,confidence,300,60,5,0.03377412280701753,0.06945921929758264,0.23899728726173963,0.38138811881186935,0.056666666666666664,0.6666666666666666,0.8266666666666667,0.7849999999999999,0.5475000000000001,0.7675,10037.5,4650.0,0.23899728726173963,0.38138811881186935
stratified_size_rep087,stratified_size,87,b50_lb1_k3_eps0p005,local_only_offline_aggregate,shot_proportional,300,60,5,0.03397933333333338,0.06948783783783782,0.2389971718757553,0.38138811881186935,0.056666666666666664,0.6633333333333333,0.8266666666666667,0.7849999999999999,0.5475000000000001,0.7675,10037.5,4650.0,0.2389971718757553,0.38138811881186935
stratified_size_rep087,stratified_size,87,b50_lb1_k3_eps0p005,local_only_offline_aggregate,uniform,300,60,5,0.03370000000000001,0.06948227012979448,0.2389971718757553,0.38138811881186935,0.056666666666666664,0.6666666666666666,0.8266666666666667,0.7849999999999999,0.5475000000000001,0.7675,10037.5,4650.0,0.2389971718757553,0.38138811881186935
stratified_size_rep088,stratified_size,88,b50_lb1_k3_eps0p005,aggregate_only_sync,confidence,300,60,5,0.04022020630324177,0.07671685711167087,0.23933121268655538,0.38138811881186935,0.03666666666666667,0.6033333333333334,0.8166666666666667,0.84375,0.5925,0.84375,8075.0,3125.0,0.23933121268655538,0.38138811881186935
stratified_size_rep088,stratified_size,88,b50_lb1_k3_eps0p005,aggregate_only_sync,shot_proportional,300,60,5,0.04022020630324177,0.07671685711167087,0.23933121268655538,0.38138811881186935,0.03666666666666667,0.6033333333333334,0.8166666666666667,0.84375,0.5925,0.84375,8075.0,3125.0,0.23933121268655538,0.38138811881186935
stratified_size_rep088,stratified_size,88,b50_lb1_k3_eps0p005,aggregate_only_sync,uniform,300,60,5,0.04022020630324177,0.07671685711167087,0.23933121268655538,0.38138811881186935,0.03666666666666667,0.6033333333333334,0.8166666666666667,0.84375,0.5925,0.84375,8075.0,3125.0,0.23933121268655538,0.38138811881186935
stratified_size_rep088,stratified_size,88,b50_lb1_k3_eps0p005,hierarchical_local_aggregate,confidence,300,60,5,0.03965668751436725,0.07670369967841689,0.23933117332812823,0.38138811881186935,0.03,0.61,0.82,0.84375,0.5925,0.84375,8075.0,3125.0,0.23933117332812823,0.38138811881186935
stratified_size_rep088,stratified_size,88,b50_lb1_k3_eps0p005,hierarchical_local_aggregate,shot_proportional,300,60,5,0.04022020630324177,0.07671685711167087,0.23933121268655538,0.38138811881186935,0.03666666666666667,0.6033333333333334,0.8166666666666667,0.84375,0.5925,0.84375,8075.0,3125.0,0.23933121268655538,0.38138811881186935
stratified_size_rep088,stratified_size,88,b50_lb1_k3_eps0p005,hierarchical_local_aggregate,uniform,300,60,5,0.04022020630324177,0.07671685711167087,0.23933121268655538,0.38138811881186935,0.03666666666666667,0.6033333333333334,0.8166666666666667,0.84375,0.5925,0.84375,8075.0,3125.0,0.23933121268655538,0.38138811881186935
stratified_size_rep088,stratified_size,88,b50_lb1_k3_eps0p005,local_only_offline_aggregate,confidence,300,60,5,0.033954438215711875,0.07041549573058584,0.23899728726173963,0.38138811881186935,0.04666666666666667,0.6566666666666666,0.8266666666666667,0.770625,0.5390625,0.76125,10100.0,4775.0,0.23899728726173963,0.38138811881186935
stratified_size_rep088,stratified_size,88,b50_lb1_k3_eps0p005,local_only_offline_aggregate,shot_proportional,300,60,5,0.03412741210374644,0.0705587392079588,0.2389971718757553,0.38138811881186935,0.05,0.6566666666666666,0.8266666666666667,0.770625,0.5390625,0.76125,10100.0,4775.0,0.2389971718757553,0.38138811881186935
stratified_size_rep088,stratified_size,88,b50_lb1_k3_eps0p005,local_only_offline_aggregate,uniform,300,60,5,0.03377719074471881,0.07048464822722134,0.2389971718757553,0.38138811881186935,0.04666666666666667,0.6566666666666666,0.8266666666666667,0.770625,0.5390625,0.76125,10100.0,4775.0,0.2389971718757553,0.38138811881186935
stratified_size_rep089,stratified_size,89,b50_lb1_k3_eps0p005,aggregate_only_sync,confidence,300,60,5,0.0417693082830624,0.07884503294518327,0.2395022574626726,0.38138811881186935,0.023333333333333334,0.59,0.81,0.825,0.56125,0.825,8875.0,3500.0,0.2395022574626726,0.38138811881186935
stratified_size_rep089,stratified_size,89,b50_lb1_k3_eps0p005,aggregate_only_sync,shot_proportional,300,60,5,0.0417693082830624,0.07884503294518327,0.2395022574626726,0.38138811881186935,0.023333333333333334,0.59,0.81,0.825,0.56125,0.825,8875.0,3500.0,0.2395022574626726,0.38138811881186935
stratified_size_rep089,stratified_size,89,b50_lb1_k3_eps0p005,aggregate_only_sync,uniform,300,60,5,0.0417693082830624,0.07884503294518327,0.2395022574626726,0.38138811881186935,0.023333333333333334,0.59,0.81,0.825,0.56125,0.825,8875.0,3500.0,0.2395022574626726,0.38138811881186935
stratified_size_rep089,stratified_size,89,b50_lb1_k3_eps0p005,hierarchical_local_aggregate,confidence,300,60,5,0.0415128787815099,0.07884489397814365,0.23950150965255676,0.38138811881186935,0.016666666666666666,0.5933333333333334,0.81,0.825,0.56125,0.825,8850.0,3500.0,0.23950150965255676,0.38138811881186935
stratified_size_rep089,stratified_size,89,b50_lb1_k3_eps0p005,hierarchical_local_aggregate,shot_proportional,300,60,5,0.04193200884803415,0.07884503294518327,0.2395022574626726,0.38138811881186935,0.023333333333333334,0.5866666666666667,0.81,0.825,0.56125,0.825,8850.0,3500.0,0.2395022574626726,0.38138811881186935
stratified_size_rep089,stratified_size,89,b50_lb1_k3_eps0p005,hierarchical_local_aggregate,uniform,300,60,5,0.04193200884803415,0.07884503294518327,0.2395022574626726,0.38138811881186935,0.023333333333333334,0.5866666666666667,0.81,0.825,0.56125,0.825,8850.0,3500.0,0.2395022574626726,0.38138811881186935
stratified_size_rep089,stratified_size,89,b50_lb1_k3_eps0p005,local_only_offline_aggregate,confidence,300,60,5,0.03563659703040608,0.0735952242205298,0.2393437356804446,0.38138811881186935,0.04,0.64,0.8133333333333334,0.751,0.5275000000000001,0.735,10350.0,5300.0,0.2393437356804446,0.38138811881186935
stratified_size_rep089,stratified_size,89,b50_lb1_k3_eps0p005,local_only_offline_aggregate,shot_proportional,300,60,5,0.03648667451322195,0.07362498849971766,0.23934373469902026,0.38138811881186935,0.043333333333333335,0.6366666666666667,0.8133333333333334,0.751,0.5275000000000001,0.735,10350.0,5300.0,0.23934373469902026,0.38138811881186935
stratified_size_rep089,stratified_size,89,b50_lb1_k3_eps0p005,local_only_offline_aggregate,uniform,300,60,5,0.0356543193013963,0.07360730728772974,0.23934373469902026,0.38138811881186935,0.04,0.64,0.8133333333333334,0.751,0.5275000000000001,0.735,10350.0,5300.0,0.23934373469902026,0.38138811881186935
stratified_size_rep090,stratified_size,90,b50_lb1_k3_eps0p005,aggregate_only_sync,confidence,300,60,5,0.039699575734548895,0.07457587053780732,0.23878076803489398,0.38138811881186935,0.03333333333333333,0.62,0.8166666666666667,0.8512500000000001,0.5925,0.8512500000000001,7625.0,2975.0,0.23878076803489398,0.38138811881186935
stratified_size_rep090,stratified_size,90,b50_lb1_k3_eps0p005,aggregate_only_sync,shot_proportional,300,60,5,0.039699575734548895,0.07457587053780732,0.23878076803489398,0.38138811881186935,0.03333333333333333,0.62,0.8166666666666667,0.8512500000000001,0.5925,0.8512500000000001,7625.0,2975.0,0.23878076803489398,0.38138811881186935
stratified_size_rep090,stratified_size,90,b50_lb1_k3_eps0p005,aggregate_only_sync,uniform,300,60,5,0.039699575734548895,0.07457587053780732,0.23878076803489398,0.38138811881186935,0.03333333333333333,0.62,0.8166666666666667,0.8512500000000001,0.5925,0.8512500000000001,7625.0,2975.0,0.23878076803489398,0.38138811881186935
stratified_size_rep090,stratified_size,90,b50_lb1_k3_eps0p005,hierarchical_local_aggregate,confidence,300,60,5,0.03938752094983054,0.07432279503897016,0.23878119666266553,0.38138811881186935,0.03333333333333333,0.6266666666666667,0.82,0.8512500000000001,0.5925,0.8512500000000001,7625.0,2975.0,0.23878119666266553,0.38138811881186935
stratified_size_rep090,stratified_size,90,b50_lb1_k3_eps0p005,hierarchical_local_aggregate,shot_proportional,300,60,5,0.039699575734548895,0.07457587053780732,0.23878076803489398,0.38138811881186935,0.03333333333333333,0.62,0.8166666666666667,0.8512500000000001,0.5925,0.8512500000000001,7625.0,2975.0,0.23878076803489398,0.38138811881186935
stratified_size_rep090,stratified_size,90,b50_lb1_k3_eps0p005,hierarchical_local_aggregate,uniform,300,60,5,0.039699575734548895,0.07457587053780732,0.23878076803489398,0.38138811881186935,0.03333333333333333,0.62,0.8166666666666667,0.8512500000000001,0.5925,0.8512500000000001,7625.0,2975.0,0.23878076803489398,0.38138811881186935
stratified_size_rep090,stratified_size,90,b50_lb1_k3_eps0p005,local_only_offline_aggregate,confidence,300,60,5,0.0333281916844209,0.06945921929758264,0.2379963776284966,0.38138811881186935,0.056666666666666664,0.6633333333333333,0.8233333333333334,0.7849999999999999,0.5390625,0.7675,10012.5,4650.0,0.2379963776284966,0.38138811881186935
stratified_size_rep090,stratified_size,90,b50_lb1_k3_eps0p005,local_only_offline_aggregate,shot_proportional,300,60,5,0.033703921568627455,0.06948783783783782,0.23799550123765587,0.38138811881186935,0.056666666666666664,0.6633333333333333,0.8233333333333334,0.7849999999999999,0.5390625,0.7675,10012.5,4650.0,0.23799550123765587,0.38138811881186935
stratified_size_rep090,stratified_size,90,b50_lb1_k3_eps0p005,local_only_offline_aggregate,uniform,300,60,5,0.03307142222419038,0.06948227012979448,0.23799550123765587,0.38138811881186935,0.056666666666666664,0.6633333333333333,0.8233333333333334,0.7849999999999999,0.5390625,0.7675,10012.5,4650.0,0.23799550123765587,0.38138811881186935
stratified_size_rep091,stratified_size,91,b50_lb1_k3_eps0p005,aggregate_only_sync,confidence,300,60,5,0.04090065627563572,0.09087105814000526,0.2395022574626726,0.38138811881186935,0.04,0.6,0.78,0.8225,0.5571875,0.8225,8950.0,3550.0,0.2395022574626726,0.38138811881186935
stratified_size_rep091,stratified_size,91,b50_lb1_k3_eps0p005,aggregate_only_sync,shot_proportional,300,60,5,0.04090065627563572,0.09087105814000526,0.2395022574626726,0.38138811881186935,0.04,0.6,0.78,0.8225,0.5571875,0.8225,8950.0,3550.0,0.2395022574626726,0.38138811881186935
stratified_size_rep091,stratified_size,91,b50_lb1_k3_eps0p005,aggregate_only_sync,uniform,300,60,5,0.04090065627563572,0.09087105814000526,0.2395022574626726,0.38138811881186935,0.04,0.6,0.78,0.8225,0.5571875,0.8225,8950.0,3550.0,0.2395022574626726,0.38138811881186935
stratified_size_rep091,stratified_size,91,b50_lb1_k3_eps0p005,hierarchical_local_aggregate,confidence,300,60,5,0.040617133532142025,0.09085739754316625,0.23950150965255676,0.38138811881186935,0.03333333333333333,0.6,0.7833333333333333,0.8225,0.5571875,0.8225,8875.0,3550.0,0.23950150965255676,0.38138811881186935
stratified_size_rep091,stratified_size,91,b50_lb1_k3_eps0p005,hierarchical_local_aggregate,shot_proportional,300,60,5,0.04109464053350683,0.09087105814000526,0.2395022574626726,0.38138811881186935,0.04,0.5966666666666667,0.78,0.8225,0.5571875,0.8225,8875.0,3550.0,0.2395022574626726,0.38138811881186935
stratified_size_rep091,stratified_size,91,b50_lb1_k3_eps0p005,hierarchical_local_aggregate,uniform,300,60,5,0.04109464053350683,0.09087105814000526,0.2395022574626726,0.38138811881186935,0.04,0.5966666666666667,0.78,0.8225,0.5571875,0.8225,8875.0,3550.0,0.2395022574626726,0.38138811881186935
stratified_size_rep091,stratified_size,91,b50_lb1_k3_eps0p005,local_only_offline_aggregate,confidence,300,60,5,0.0340581344067756,0.08105016507285495,0.2393437356804446,0.38138811881186935,0.05333333333333334,0.6333333333333333,0.7866666666666666,0.7309375,0.52125,0.7037500000000001,10525.0,5925.0,0.2393437356804446,0.38138811881186935
stratified_size_rep091,stratified_size,91,b50_lb1_k3_eps0p005,local_only_offline_aggregate,shot_proportional,300,60,5,0.03517187978989063,0.08141768283289891,0.23934373469902026,0.38138811881186935,0.056666666666666664,0.63,0.7866666666666666,0.7309375,0.52125,0.7037500000000001,10525.0,5925.0,0.23934373469902026,0.38138811881186935
stratified_size_rep091,stratified_size,91,b50_lb1_k3_eps0p005,local_only_offline_aggregate,uniform,300,60,5,0.03389912280701753,0.0810491444564586,0.23934373469902026,0.38138811881186935,0.05333333333333334,0.6333333333333333,0.7866666666666666,0.7309375,0.52125,0.7037500000000001,10525.0,5925.0,0.23934373469902026,0.38138811881186935
stratified_size_rep092,stratified_size,92,b50_lb1_k3_eps0p005,aggregate_only_sync,confidence,300,60,5,0.04022020630324177,0.08143373785674142,0.23877393345777967,0.38138811881186935,0.03666666666666667,0.6066666666666667,0.8,0.840625,0.6000000000000001,0.840625,8200.0,3187.5,0.23877393345777967,0.38138811881186935
stratified_size_rep092,stratified_size,92,b50_lb1_k3_eps0p005,aggregate_only_sync,shot_proportional,300,60,5,0.04022020630324177,0.08143373785674142,0.23877393345777967,0.38138811881186935,0.03666666666666667,0.6066666666666667,0.8,0.840625,0.6000000000000001,0.840625,8200.0,3187.5,0.23877393345777967,0.38138811881186935
stratified_size_rep092,stratified_size,92,b50_lb1_k3_eps0p005,aggregate_only_sync,uniform,300,60,5,0.04022020630324177,0.08143373785674142,0.23877393345777967,0.38138811881186935,0.03666666666666667,0.6066666666666667,0.8,0.840625,0.6000000000000001,0.840625,8200.0,3187.5,0.23877393345777967,0.38138811881186935
stratified_size_rep092,stratified_size,92,b50_lb1_k3_eps0p005,hierarchical_local_aggregate,confidence,300,60,5,0.03954183519955737,0.08131201376272022,0.23877440144397835,0.38138811881186935,0.03,0.61,0.8033333333333333,0.840625,0.6000000000000001,0.840625,8200.0,3187.5,0.23877440144397835,0.38138811881186935
stratified_size_rep092,stratified_size,92,b50_lb1_k3_eps0p005,hierarchical_local_aggregate,shot_proportional,300,60,5,0.04022020630324177,0.08143373785674142,0.23877393345777967,0.38138811881186935,0.03666666666666667,0.6033333333333334,0.8,0.840625,0.6000000000000001,0.840625,8200.0,3187.5,0.23877393345777967,0.38138811881186935
stratified_size_rep092,stratified_size,92,b50_lb1_k3_eps0p005,hierarchical_local_aggregate,uniform,300,60,5,0.04022020630324177,0.08143373785674142,0.23877393345777967,0.38138811881186935,0.03666666666666667,0.6033333333333334,0.8,0.840625,0.6000000000000001,0.840625,8200.0,3187.5,0.23877393345777967,0.38138811881186935
stratified_size_rep092,stratified_size,92,b50_lb1_k3_eps0p005,local_only_offline_aggregate,confidence,300,60,5,0.03377412280701753,0.07555513267687253,0.23801359293627034,0.38138811881186935,0.04666666666666667,0.6533333333333333,0.8066666666666666,0.755625,0.5465625000000001,0.7525,10100.0,4950.0,0.23801359293627034,0.38138811881186935
stratified_size_rep092,stratified_size,92,b50_lb1_k3_eps0p005,local_only_offline_aggregate,shot_proportional,300,60,5,0.03412741210374644,0.07565843347459264,0.23801272261837617,0.38138811881186935,0.05,0.65,0.8066666666666666,0.755625,0.5465625000000001,0.7525,10100.0,4950.0,0.23801272261837617,0.38138811881186935
stratified_size_rep092,stratified_size,92,b50_lb1_k3_eps0p005,local_only_offline_aggregate,uniform,300,60,5,0.03370000000000001,0.07551566186069676,0.23801272261837617,0.38138811881186935,0.04666666666666667,0.6533333333333333,0.8066666666666666,0.755625,0.5465625000000001,0.7525,10100.0,4950.0,0.23801272261837617,0.38138811881186935
stratified_size_rep093,stratified_size,93,b50_lb1_k3_eps0p005,aggregate_only_sync,confidence,300,60,5,0.040245555458055166,0.09024987073392911,0.2395022574626726,0.38138811881186935,0.023333333333333334,0.6033333333333334,0.79,0.826875,0.56125,0.826875,8400.0,3462.5,0.2395022574626726,0.38138811881186935
stratified_size_rep093,stratified_size,93,b50_lb1_k3_eps0p005,aggregate_only_sync,shot_proportional,300,60,5,0.040245555458055166,0.09024987073392911,0.2395022574626726,0.38138811881186935,0.023333333333333334,0.6033333333333334,0.79,0.826875,0.56125,0.826875,8400.0,3462.5,0.2395022574626726,0.38138811881186935
stratified_size_rep093,stratified_size,93,b50_lb1_k3_eps0p005,aggregate_only_sync,uniform,300,60,5,0.040245555458055166,0.09024987073392911,0.2395022574626726,0.38138811881186935,0.023333333333333334,0.6033333333333334,0.79,0.826875,0.56125,0.826875,8400.0,3462.5,0.2395022574626726,0.38138811881186935
stratified_size_rep093,stratified_size,93,b50_lb1_k3_eps0p005,hierarchical_local_aggregate,confidence,300,60,5,0.03965668751436725,0.08981746728968326,0.23950150965255676,0.38138811881186935,0.016666666666666666,0.61,0.7933333333333333,0.826875,0.56125,0.826875,8400.0,3462.5,0.23950150965255676,0.38138811881186935
stratified_size_rep093,stratified_size,93,b50_lb1_k3_eps0p005,hierarchical_local_aggregate,shot_proportional,300,60,5,0.040245555458055166,0.09024987073392911,0.2395022574626726,0.38138811881186935,0.023333333333333334,0.6033333333333334,0.79,0.826875,0.56125,0.826875,8400.0,3462.5,0.2395022574626726,0.38138811881186935
stratified_size_rep093,stratified_size,93,b50_lb1_k3_eps0p005,hierarchical_local_aggregate,uniform,300,60,5,0.040245555458055166,0.09024987073392911,0.2395022574626726,0.38138811881186935,0.023333333333333334,0.6033333333333334,0.79,0.826875,0.56125,0.826875,8400.0,3462.5,0.2395022574626726,0.38138811881186935
stratified_size_rep093,stratified_size,93,b50_lb1_k3_eps0p005,local_only_offline_aggregate,confidence,300,60,5,0.033703921568627455,0.08047301509576334,0.2393437356804446,0.38138811881186935,0.04,0.6433333333333333,0.8,0.755625,0.5275000000000001,0.75,10100.0,5000.0,0.2393437356804446,0.38138811881186935
stratified_size_rep093,stratified_size,93,b50_lb1_k3_eps0p005,local_only_offline_aggregate,shot_proportional,300,60,5,0.03377412280701753,0.08066637336727887,0.23934373469902026,0.38138811881186935,0.043333333333333335,0.6433333333333333,0.8,0.755625,0.5275000000000001,0.75,10100.0,5000.0,0.23934373469902026,0.38138811881186935
stratified_size_rep093,stratified_size,93,b50_lb1_k3_eps0p005,local_only_offline_aggregate,uniform,300,60,5,0.033703921568627455,0.08048683006330304,0.23934373469902026,0.38138811881186935,0.04,0.6433333333333333,0.8,0.755625,0.5275000000000001,0.75,10100.0,5000.0,0.23934373469902026,0.38138811881186935
stratified_size_rep094,stratified_size,94,b50_lb1_k3_eps0p005,aggregate_only_sync,confidence,300,60,5,0.04109464053350683,0.07799059252569326,0.23877393345777967,0.38138811881186935,0.023333333333333334,0.5933333333333334,0.81,0.839375,0.5659375,0.839375,8325.0,3212.5,0.23877393345777967,0.38138811881186935
stratified_size_rep094,stratified_size,94,b50_lb1_k3_eps0p005,aggregate_only_sync,shot_proportional,300,60,5,0.04109464053350683,0.07799059252569326,0.23877393345777967,0.38138811881186935,0.023333333333333334,0.5933333333333334,0.81,0.839375,0.5659375,0.839375,8325.0,3212.5,0.23877393345777967,0.38138811881186935
stratified_size_rep094,stratified_size,94,b50_lb1_k3_eps0p005,aggregate_only_sync,uniform,300,60,5,0.04109464053350683,0.07799059252569326,0.23877393345777967,0.38138811881186935,0.023333333333333334,0.5933333333333334,0.81,0.839375,0.5659375,0.839375,8325.0,3212.5,0.23877393345777967,0.38138811881186935
stratified_size_rep094,stratified_size,94,b50_lb1_k3_eps0p005,hierarchical_local_aggregate,confidence,300,60,5,0.04090065627563572,0.07783462662606368,0.23877440144397835,0.38138811881186935,0.016666666666666666,0.6,0.8133333333333334,0.839375,0.5659375,0.839375,8325.0,3212.5,0.23877440144397835,0.38138811881186935
stratified_size_rep094,stratified_size,94,b50_lb1_k3_eps0p005,hierarchical_local_aggregate,shot_proportional,300,60,5,0.04137001146398491,0.07799059252569326,0.23877393345777967,0.38138811881186935,0.023333333333333334,0.59,0.81,0.839375,0.5659375,0.839375,8325.0,3212.5,0.23877393345777967,0.38138811881186935
stratified_size_rep094,stratified_size,94,b50_lb1_k3_eps0p005,hierarchical_local_aggregate,uniform,300,60,5,0.04137001146398491,0.07799059252569326,0.23877393345777967,0.38138811881186935,0.023333333333333334,0.59,0.81,0.839375,0.5659375,0.839375,8325.0,3212.5,0.23877393345777967,0.38138811881186935
stratified_size_rep094,stratified_size,94,b50_lb1_k3_eps0p005,local_only_offline_aggregate,confidence,300,60,5,0.03455840719064699,0.0735952242205298,0.23801359293627034,0.38138811881186935,0.03333333333333333,0.6466666666666666,0.82,0.770625,0.5275000000000001,0.76125,10100.0,4775.0,0.23801359293627034,0.38138811881186935
stratified_size_rep094,stratified_size,94,b50_lb1_k3_eps0p005,local_only_offline_aggregate,shot_proportional,300,60,5,0.03550526000684227,0.07362498849971766,0.23801272261837617,0.38138811881186935,0.03666666666666667,0.6433333333333333,0.82,0.770625,0.5275000000000001,0.76125,10100.0,4775.0,0.23801272261837617,0.38138811881186935
stratified_size_rep094,stratified_size,94,b50_lb1_k3_eps0p005,local_only_offline_aggregate,uniform,300,60,5,0.03456603180917277,0.07360730728772974,0.23801272261837617,0.38138811881186935,0.03333333333333333,0.6466666666666666,0.82,0.770625,0.5275000000000001,0.76125,10100.0,4775.0,0.23801272261837617,0.38138811881186935
stratified_size_rep095,stratified_size,95,b50_lb1_k3_eps0p005,aggregate_only_sync,confidence,300,60,5,0.039699575734548895,0.06948305171575439,0.2311316106965121,0.37929752475246326,0.03333333333333333,0.6266666666666667,0.83,0.855,0.6134375000000001,0.855,7700.0,2900.0,0.2311316106965121,0.37929752475246326
stratified_size_rep095,stratified_size,95,b50_lb1_k3_eps0p005,aggregate_only_sync,shot_proportional,300,60,5,0.039699575734548895,0.06948305171575439,0.2311316106965121,0.37929752475246326,0.03333333333333333,0.6266666666666667,0.83,0.855,0.6134375000000001,0.855,7700.0,2900.0,0.2311316106965121,0.37929752475246326
stratified_size_rep095,stratified_size,95,b50_lb1_k3_eps0p005,aggregate_only_sync,uniform,300,60,5,0.039699575734548895,0.06948305171575439,0.2311316106965121,0.37929752475246326,0.03333333333333333,0.6266666666666667,0.83,0.855,0.6134375000000001,0.855,7700.0,2900.0,0.2311316106965121,0.37929752475246326
stratified_size_rep095,stratified_size,95,b50_lb1_k3_eps0p005,hierarchical_local_aggregate,confidence,300,60,5,0.03904913216127452,0.06948956150745554,0.2311313731640834,0.37929752475246326,0.03333333333333333,0.6333333333333333,0.83,0.855,0.6134375000000001,0.855,7700.0,2900.0,0.2311313731640834,0.37929752475246326
stratified_size_rep095,stratified_size,95,b50_lb1_k3_eps0p005,hierarchical_local_aggregate,shot_proportional,300,60,5,0.039699575734548895,0.06948305171575439,0.2311316106965121,0.37929752475246326,0.03333333333333333,0.6233333333333333,0.83,0.855,0.6134375000000001,0.855,7700.0,2900.0,0.2311316106965121,0.37929752475246326
stratified_size_rep095,stratified_size,95,b50_lb1_k3_eps0p005,hierarchical_local_aggregate,uniform,300,60,5,0.039699575734548895,0.06948305171575439,0.2311316106965121,0.37929752475246326,0.03333333333333333,0.6233333333333333,0.83,0.855,0.6134375000000001,0.855,7700.0,2900.0,0.2311316106965121,0.37929752475246326
stratified_size_rep095,stratified_size,95,b50_lb1_k3_eps0p005,local_only_offline_aggregate,confidence,300,60,5,0.033674621524583254,0.06539945938938227,0.23110113483957995,0.37929752475246326,0.056666666666666664,0.68,0.8333333333333334,0.7849999999999999,0.5475000000000001,0.7675,10050.0,4650.0,0.23110113483957995,0.37929752475246326
stratified_size_rep095,stratified_size,95,b50_lb1_k3_eps0p005,local_only_offline_aggregate,shot_proportional,300,60,5,0.033889365423051265,0.06539973067173593,0.23110137319905238,0.37929752475246326,0.056666666666666664,0.6766666666666666,0.8333333333333334,0.7849999999999999,0.5475000000000001,0.7675,10050.0,4650.0,0.23110137319905238,0.37929752475246326
stratified_size_rep095,stratified_size,95,b50_lb1_k3_eps0p005,local_only_offline_aggregate,uniform,300,60,5,0.03327250939057534,0.06539896502055623,0.2311006421789503,0.37929752475246326,0.056666666666666664,0.68,0.8333333333333334,0.7849999999999999,0.5475000000000001,0.7675,10050.0,4650.0,0.2311006421789503,0.37929752475246326
stratified_size_rep096,stratified_size,96,b50_lb1_k3_eps0p005,aggregate_only_sync,confidence,300,60,5,0.04090065627563572,0.07692953265765691,0.2323397947761903,0.38138811881186935,0.04,0.6,0.82,0.84375,0.581875,0.84375,8125.0,3125.0,0.2323397947761903,0.38138811881186935
stratified_size_rep096,stratified_size,96,b50_lb1_k3_eps0p005,aggregate_only_sync,shot_proportional,300,60,5,0.04090065627563572,0.07692953265765691,0.2323397947761903,0.38138811881186935,0.04,0.6,0.82,0.84375,0.581875,0.84375,8125.0,3125.0,0.2323397947761903,0.38138811881186935
stratified_size_rep096,stratified_size,96,b50_lb1_k3_eps0p005,aggregate_only_sync,uniform,300,60,5,0.04090065627563572,0.07692953265765691,0.2323397947761903,0.38138811881186935,0.04,0.6,0.82,0.84375,0.581875,0.84375,8125.0,3125.0,0.2323397947761903,0.38138811881186935
stratified_size_rep096,stratified_size,96,b50_lb1_k3_eps0p005,hierarchical_local_aggregate,confidence,300,60,5,0.04040073843835558,0.0768650332649894,0.23233521873078064,0.38138811881186935,0.03333333333333333,0.6066666666666667,0.82,0.84375,0.581875,0.84375,8125.0,3125.0,0.23233521873078064,0.38138811881186935
stratified_size_rep096,stratified_size,96,b50_lb1_k3_eps0p005,hierarchical_local_aggregate,shot_proportional,300,60,5,0.04090065627563572,0.07692953265765691,0.2323397947761903,0.38138811881186935,0.04,0.5966666666666667,0.82,0.84375,0.581875,0.84375,8125.0,3125.0,0.2323397947761903,0.38138811881186935
stratified_size_rep096,stratified_size,96,b50_lb1_k3_eps0p005,hierarchical_local_aggregate,uniform,300,60,5,0.04090065627563572,0.07692953265765691,0.2323397947761903,0.38138811881186935,0.04,0.5966666666666667,0.82,0.84375,0.581875,0.84375,8125.0,3125.0,0.2323397947761903,0.38138811881186935
stratified_size_rep096,stratified_size,96,b50_lb1_k3_eps0p005,local_only_offline_aggregate,confidence,300,60,5,0.033954438215711875,0.07041549573058584,0.23173369102179464,0.38138811881186935,0.05333333333333334,0.6566666666666666,0.8233333333333334,0.774375,0.5275000000000001,0.7625,10100.0,4750.0,0.23173369102179464,0.38138811881186935
stratified_size_rep096,stratified_size,96,b50_lb1_k3_eps0p005,local_only_offline_aggregate,shot_proportional,300,60,5,0.035232835999264536,0.0705587392079588,0.23173882343696214,0.38138811881186935,0.056666666666666664,0.6533333333333333,0.8233333333333334,0.774375,0.5275000000000001,0.7625,10100.0,4750.0,0.23173882343696214,0.38138811881186935
stratified_size_rep096,stratified_size,96,b50_lb1_k3_eps0p005,local_only_offline_aggregate,uniform,300,60,5,0.03389912280701753,0.07048464822722134,0.2317249340550226,0.38138811881186935,0.05333333333333334,0.6566666666666666,0.8233333333333334,0.774375,0.5275000000000001,0.7625,10100.0,4750.0,0.2317249340550226,0.38138811881186935
stratified_size_rep097,stratified_size,97,b50_lb1_k3_eps0p005,aggregate_only_sync,confidence,300,60,5,0.04029784125449014,0.07204824041811844,0.21819866169154994,0.38138811881186935,0.02,0.61,0.82,0.8525,0.591875,0.8525,7750.0,2950.0,0.21819866169154994,0.38138811881186935
stratified_size_rep097,stratified_size,97,b50_lb1_k3_eps0p005,aggregate_only_sync,shot_proportional,300,60,5,0.04029784125449014,0.07204824041811844,0.21819866169154994,0.38138811881186935,0.02,0.61,0.82,0.8525,0.591875,0.8525,7750.0,2950.0,0.21819866169154994,0.38138811881186935
stratified_size_rep097,stratified_size,97,b50_lb1_k3_eps0p005,aggregate_only_sync,uniform,300,60,5,0.04029784125449014,0.07204824041811844,0.21819866169154994,0.38138811881186935,0.02,0.61,0.82,0.8525,0.591875,0.8525,7750.0,2950.0,0.21819866169154994,0.38138811881186935
stratified_size_rep097,stratified_size,97,b50_lb1_k3_eps0p005,hierarchical_local_aggregate,confidence,300,60,5,0.03984864726295221,0.07187814249957052,0.21819861200683555,0.38138811881186935,0.02,0.6166666666666667,0.8233333333333334,0.8525,0.591875,0.8525,7750.0,2950.0,0.21819861200683555,0.38138811881186935
stratified_size_rep097,stratified_size,97,b50_lb1_k3_eps0p005,hierarchical_local_aggregate,shot_proportional,300,60,5,0.04029784125449014,0.07204824041811844,0.21819866169154994,0.38138811881186935,0.02,0.6066666666666667,0.82,0.8525,0.591875,0.8525,7750.0,2950.0,0.21819866169154994,0.38138811881186935
stratified_size_rep097,stratified_size,97,b50_lb1_k3_eps0p005,hierarchical_local_aggregate,uniform,300,60,5,0.04029784125449014,0.07204824041811844,0.21819866169154994,0.38138811881186935,0.02,0.6066666666666667,0.82,0.8525,0.591875,0.8525,7750.0,2950.0,0.21819866169154994,0.38138811881186935
stratified_size_rep097,stratified_size,97,b50_lb1_k3_eps0p005,local_only_offline_aggregate,confidence,300,60,5,0.03377412280701753,0.06745648338006728,0.21774303400555953,0.38138811881186935,0.043333333333333335,0.6633333333333333,0.83,0.7849999999999999,0.5390625,0.7675,10050.0,4650.0,0.21774303400555953,0.38138811881186935
stratified_size_rep097,stratified_size,97,b50_lb1_k3_eps0p005,local_only_offline_aggregate,shot_proportional,300,60,5,0.034445727891156505,0.06838205163340688,0.21774331402394498,0.38138811881186935,0.043333333333333335,0.66,0.83,0.7849999999999999,0.5390625,0.7675,10050.0,4650.0,0.21774331402394498,0.38138811881186935
stratified_size_rep097,stratified_size,97,b50_lb1_k3_eps0p005,local_only_offline_aggregate,uniform,300,60,5,0.033703921568627455,0.06753067124399478,0.21774331402394498,0.38138811881186935,0.043333333333333335,0.6633333333333333,0.83,0.7849999999999999,0.5390625,0.7675,10050.0,4650.0,0.21774331402394498,0.38138811881186935
stratified_size_rep098,stratified_size,98,b50_lb1_k3_eps0p005,aggregate_only_sync,confidence,300,60,5,0.0437278022211387,0.08354921989934115,0.2323397947761903,0.37929752475246326,0.04,0.5766666666666667,0.8,0.8175,0.554375,0.8175,9350.0,3650.0,0.2323397947761903,0.37929752475246326
stratified_size_rep098,stratified_size,98,b50_lb1_k3_eps0p005,aggregate_only_sync,shot_proportional,300,60,5,0.0437278022211387,0.08354921989934115,0.2323397947761903,0.37929752475246326,0.04,0.5766666666666667,0.8,0.8175,0.554375,0.8175,9350.0,3650.0,0.2323397947761903,0.37929752475246326
stratified_size_rep098,stratified_size,98,b50_lb1_k3_eps0p005,aggregate_only_sync,uniform,300,60,5,0.0437278022211387,0.08354921989934115,0.2323397947761903,0.37929752475246326,0.04,0.5766666666666667,0.8,0.8175,0.554375,0.8175,9350.0,3650.0,0.2323397947761903,0.37929752475246326
stratified_size_rep098,stratified_size,98,b50_lb1_k3_eps0p005,hierarchical_local_aggregate,confidence,300,60,5,0.042843541359068066,0.08343420138427518,0.23233521873078064,0.37929752475246326,0.03333333333333333,0.5833333333333334,0.8,0.8175,0.554375,0.8175,9225.0,3650.0,0.23233521873078064,0.37929752475246326
stratified_size_rep098,stratified_size,98,b50_lb1_k3_eps0p005,hierarchical_local_aggregate,shot_proportional,300,60,5,0.0437278022211387,0.08354921989934115,0.2323397947761903,0.37929752475246326,0.04,0.5733333333333334,0.8,0.8175,0.554375,0.8175,9225.0,3650.0,0.2323397947761903,0.37929752475246326
stratified_size_rep098,stratified_size,98,b50_lb1_k3_eps0p005,hierarchical_local_aggregate,uniform,300,60,5,0.0437278022211387,0.08354921989934115,0.2323397947761903,0.37929752475246326,0.04,0.5733333333333334,0.8,0.8175,0.554375,0.8175,9225.0,3650.0,0.2323397947761903,0.37929752475246326
stratified_size_rep098,stratified_size,98,b50_lb1_k3_eps0p005,local_only_offline_aggregate,confidence,300,60,5,0.037155241406335124,0.0777764120675365,0.23173369102179464,0.37929752475246326,0.056666666666666664,0.63,0.8033333333333333,0.7309375,0.52125,0.7037500000000001,11437.5,5925.0,0.23173369102179464,0.37929752475246326
stratified_size_rep098,stratified_size,98,b50_lb1_k3_eps0p005,local_only_offline_aggregate,shot_proportional,300,60,5,0.03801383620006614,0.07786344177160553,0.23173882343696214,0.37929752475246326,0.06,0.6266666666666667,0.8033333333333333,0.7309375,0.52125,0.7037500000000001,11437.5,5925.0,0.23173882343696214,0.37929752475246326
stratified_size_rep098,stratified_size,98,b50_lb1_k3_eps0p005,local_only_offline_aggregate,uniform,300,60,5,0.03740787287197074,0.0777751218025434,0.2317249340550226,0.37929752475246326,0.056666666666666664,0.63,0.8033333333333333,0.7309375,0.52125,0.7037500000000001,11437.5,5925.0,0.2317249340550226,0.37929752475246326
stratified_size_rep099,stratified_size,99,b50_lb1_k3_eps0p005,aggregate_only_sync,confidence,300,60,5,0.0417693082830624,0.07884503294518327,0.23287770833332477,0.38138811881186935,0.023333333333333334,0.5833333333333334,0.8166666666666667,0.826875,0.56125,0.826875,8750.0,3462.5,0.23287770833332477,0.38138811881186935
stratified_size_rep099,stratified_size,99,b50_lb1_k3_eps0p005,aggregate_only_sync,shot_proportional,300,60,5,0.0417693082830624,0.07884503294518327,0.23287770833332477,0.38138811881186935,0.023333333333333334,0.5833333333333334,0.8166666666666667,0.826875,0.56125,0.826875,8750.0,3462.5,0.23287770833332477,0.38138811881186935
stratified_size_rep099,stratified_size,99,b50_lb1_k3_eps0p005,aggregate_only_sync,uniform,300,60,5,0.0417693082830624,0.07884503294518327,0.23287770833332477,0.38138811881186935,0.023333333333333334,0.5833333333333334,0.8166666666666667,0.826875,0.56125,0.826875,8750.0,3462.5,0.23287770833332477,0.38138811881186935
stratified_size_rep099,stratified_size,99,b50_lb1_k3_eps0p005,hierarchical_local_aggregate,confidence,300,60,5,0.041491308731599216,0.07884489397814365,0.23287653730817032,0.38138811881186935,0.016666666666666666,0.59,0.8166666666666667,0.826875,0.56125,0.826875,8650.0,3462.5,0.23287653730817032,0.38138811881186935
stratified_size_rep099,stratified_size,99,b50_lb1_k3_eps0p005,hierarchical_local_aggregate,shot_proportional,300,60,5,0.0417693082830624,0.07884503294518327,0.23287770833332477,0.38138811881186935,0.023333333333333334,0.58,0.8166666666666667,0.826875,0.56125,0.826875,8650.0,3462.5,0.23287770833332477,0.38138811881186935
stratified_size_rep099,stratified_size,99,b50_lb1_k3_eps0p005,hierarchical_local_aggregate,uniform,300,60,5,0.0417693082830624,0.07884503294518327,0.23287770833332477,0.38138811881186935,0.023333333333333334,0.58,0.8166666666666667,0.826875,0.56125,0.826875,8650.0,3462.5,0.23287770833332477,0.38138811881186935
stratified_size_rep099,stratified_size,99,b50_lb1_k3_eps0p005,local_only_offline_aggregate,confidence,300,60,5,0.03676185065449753,0.0735952242205298,0.23232350343013053,0.38138811881186935,0.04,0.64,0.82,0.755625,0.5275000000000001,0.75,10100.0,5000.0,0.23232350343013053,0.38138811881186935
stratified_size_rep099,stratified_size,99,b50_lb1_k3_eps0p005,local_only_offline_aggregate,shot_proportional,300,60,5,0.036816691724033145,0.07362498849971766,0.2323349257425636,0.38138811881186935,0.043333333333333335,0.6366666666666667,0.82,0.755625,0.5275000000000001,0.75,10100.0,5000.0,0.2323349257425636,0.38138811881186935
stratified_size_rep099,stratified_size,99,b50_lb1_k3_eps0p005,local_only_offline_aggregate,uniform,300,60,5,0.03669423351672997,0.07360730728772974,0.2323349257425636,0.38138811881186935,0.04,0.64,0.82,0.755625,0.5275000000000001,0.75,10100.0,5000.0,0.2323349257425636,0.38138811881186935
