split_id,split_mode,repetition,config_id,policy,scheme,train_rows,train_circuit_configs,train_k_values,train_median_tvd,train_q75_tvd,train_q95_tvd,train_max_tvd,train_valid_rate_tvd_le_0p01,train_valid_rate_tvd_le_0p05,train_valid_rate_tvd_le_0p10,train_median_ssr,train_q25_ssr,train_median_parallel_ssr,train_median_total_shots,train_median_max_backend_shots,train_selection_risk_q95,train_selection_risk_max
stratified_size_rep000,stratified_size,0,b50_lb5_k10_eps0p0025,aggregate_only_sync,confidence,300,60,5,0.0032785458465068805,0.009300514837568552,0.0133378064500176,0.015859291338582715,0.8033333333333333,1.0,1.0,0.110625,0.0,0.110625,34000.0,17787.5,0.0133378064500176,0.015859291338582715
stratified_size_rep000,stratified_size,0,b50_lb5_k10_eps0p0025,aggregate_only_sync,shot_proportional,300,60,5,0.0032785458465068805,0.009300514837568552,0.0133378064500176,0.015859291338582715,0.8033333333333333,1.0,1.0,0.110625,0.0,0.110625,34000.0,17787.5,0.0133378064500176,0.015859291338582715
stratified_size_rep000,stratified_size,0,b50_lb5_k10_eps0p0025,aggregate_only_sync,uniform,300,60,5,0.0032785458465068805,0.009300514837568552,0.0133378064500176,0.015859291338582715,0.8033333333333333,1.0,1.0,0.110625,0.0,0.110625,34000.0,17787.5,0.0133378064500176,0.015859291338582715
stratified_size_rep000,stratified_size,0,b50_lb5_k10_eps0p0025,hierarchical_local_aggregate,confidence,300,60,5,0.0031994273715995397,0.009323439032953938,0.012859389507841362,0.015611378437034718,0.7966666666666666,1.0,1.0,0.110625,0.0,0.110625,33900.0,17787.5,0.012859389507841362,0.015611378437034718
stratified_size_rep000,stratified_size,0,b50_lb5_k10_eps0p0025,hierarchical_local_aggregate,shot_proportional,300,60,5,0.003386950494051159,0.009300514837568552,0.013489013196592148,0.015859291338582715,0.8,1.0,1.0,0.110625,0.0,0.110625,33900.0,17787.5,0.013489013196592148,0.015859291338582715
stratified_size_rep000,stratified_size,0,b50_lb5_k10_eps0p0025,hierarchical_local_aggregate,uniform,300,60,5,0.003386950494051159,0.009300514837568552,0.013489013196592148,0.015859291338582715,0.8,1.0,1.0,0.110625,0.0,0.110625,33900.0,17787.5,0.013489013196592148,0.015859291338582715
stratified_size_rep000,stratified_size,0,b50_lb5_k10_eps0p0025,local_only_offline_aggregate,confidence,300,60,5,0.0,0.005392509000685228,0.009225051392574237,0.01344782608695652,0.96,1.0,1.0,0.0,0.0,0.0,40000.0,20000.0,0.009225051392574237,0.01344782608695652
stratified_size_rep000,stratified_size,0,b50_lb5_k10_eps0p0025,local_only_offline_aggregate,shot_proportional,300,60,5,0.0,0.0051233841855826455,0.009124727061556308,0.01344782608695652,0.9633333333333334,1.0,1.0,0.0,0.0,0.0,40000.0,20000.0,0.009124727061556308,0.01344782608695652
stratified_size_rep000,stratified_size,0,b50_lb5_k10_eps0p0025,local_only_offline_aggregate,uniform,300,60,5,0.0,0.00538874919501577,0.009225974589476398,0.01344782608695652,0.9633333333333334,1.0,1.0,0.0,0.0,0.0,40000.0,20000.0,0.009225974589476398,0.01344782608695652
stratified_size_rep001,stratified_size,1,b50_lb5_k10_eps0p0025,aggregate_only_sync,confidence,300,60,5,0.0032785458465068805,0.009227182985553787,0.01329417745842139,0.01447394495412818,0.8166666666666667,1.0,1.0,0.116875,0.0,0.116875,35687.5,17662.5,0.01329417745842139,0.01447394495412818
stratified_size_rep001,stratified_size,1,b50_lb5_k10_eps0p0025,aggregate_only_sync,shot_proportional,300,60,5,0.0032785458465068805,0.009227182985553787,0.01329417745842139,0.01447394495412818,0.8166666666666667,1.0,1.0,0.116875,0.0,0.116875,35687.5,17662.5,0.01329417745842139,0.01447394495412818
stratified_size_rep001,stratified_size,1,b50_lb5_k10_eps0p0025,aggregate_only_sync,uniform,300,60,5,0.0032785458465068805,0.009227182985553787,0.01329417745842139,0.01447394495412818,0.8166666666666667,1.0,1.0,0.116875,0.0,0.116875,35687.5,17662.5,0.01329417745842139,0.01447394495412818
stratified_size_rep001,stratified_size,1,b50_lb5_k10_eps0p0025,hierarchical_local_aggregate,confidence,300,60,5,0.0031994273715995397,0.009225478459884463,0.012762680996515821,0.01376465242048849,0.81,1.0,1.0,0.116875,0.0,0.116875,35150.0,17662.5,0.012762680996515821,0.01376465242048849
stratified_size_rep001,stratified_size,1,b50_lb5_k10_eps0p0025,hierarchical_local_aggregate,shot_proportional,300,60,5,0.003386950494051159,0.009227182985553787,0.013449769380105342,0.01447394495412818,0.8133333333333334,1.0,1.0,0.116875,0.0,0.116875,35150.0,17662.5,0.013449769380105342,0.01447394495412818
stratified_size_rep001,stratified_size,1,b50_lb5_k10_eps0p0025,hierarchical_local_aggregate,uniform,300,60,5,0.003386950494051159,0.009227182985553787,0.013449769380105342,0.01447394495412818,0.8133333333333334,1.0,1.0,0.116875,0.0,0.116875,35150.0,17662.5,0.013449769380105342,0.01447394495412818
stratified_size_rep001,stratified_size,1,b50_lb5_k10_eps0p0025,local_only_offline_aggregate,confidence,300,60,5,0.0,0.005191330668035224,0.009225051392574237,0.01344782608695652,0.9666666666666667,1.0,1.0,0.0,0.0,0.0,40000.0,20000.0,0.009225051392574237,0.01344782608695652
stratified_size_rep001,stratified_size,1,b50_lb5_k10_eps0p0025,local_only_offline_aggregate,shot_proportional,300,60,5,0.0,0.004815294245392057,0.009124727061556308,0.01344782608695652,0.97,1.0,1.0,0.0,0.0,0.0,40000.0,20000.0,0.009124727061556308,0.01344782608695652
stratified_size_rep001,stratified_size,1,b50_lb5_k10_eps0p0025,local_only_offline_aggregate,uniform,300,60,5,0.0,0.005139856690179717,0.009225974589476398,0.01344782608695652,0.97,1.0,1.0,0.0,0.0,0.0,40000.0,20000.0,0.009225974589476398,0.01344782608695652
stratified_size_rep002,stratified_size,2,b50_lb5_k10_eps0p0025,aggregate_only_sync,confidence,300,60,5,0.005936013257593948,0.00953451473368404,0.0133378064500176,0.015859291338582715,0.78,1.0,1.0,0.24187500000000003,0.0,0.24187500000000003,31700.0,15162.5,0.0133378064500176,0.015859291338582715
stratified_size_rep002,stratified_size,2,b50_lb5_k10_eps0p0025,aggregate_only_sync,shot_proportional,300,60,5,0.005936013257593948,0.00953451473368404,0.0133378064500176,0.015859291338582715,0.78,1.0,1.0,0.24187500000000003,0.0,0.24187500000000003,31700.0,15162.5,0.0133378064500176,0.015859291338582715
stratified_size_rep002,stratified_size,2,b50_lb5_k10_eps0p0025,aggregate_only_sync,uniform,300,60,5,0.005936013257593948,0.00953451473368404,0.0133378064500176,0.015859291338582715,0.78,1.0,1.0,0.24187500000000003,0.0,0.24187500000000003,31700.0,15162.5,0.0133378064500176,0.015859291338582715
stratified_size_rep002,stratified_size,2,b50_lb5_k10_eps0p0025,hierarchical_local_aggregate,confidence,300,60,5,0.005782506607236055,0.009516893175080482,0.012859389507841362,0.015611378437034718,0.7766666666666666,1.0,1.0,0.2504166666666666,0.0,0.245,31700.0,15100.0,0.012859389507841362,0.015611378437034718
stratified_size_rep002,stratified_size,2,b50_lb5_k10_eps0p0025,hierarchical_local_aggregate,shot_proportional,300,60,5,0.0059725906385463,0.009550778279787451,0.013489013196592148,0.015859291338582715,0.7766666666666666,1.0,1.0,0.2504166666666666,0.0,0.245,31700.0,15100.0,0.013489013196592148,0.015859291338582715
stratified_size_rep002,stratified_size,2,b50_lb5_k10_eps0p0025,hierarchical_local_aggregate,uniform,300,60,5,0.005970735479816168,0.009550778279787451,0.013489013196592148,0.015859291338582715,0.7766666666666666,1.0,1.0,0.2504166666666666,0.0,0.245,31700.0,15100.0,0.013489013196592148,0.015859291338582715
stratified_size_rep002,stratified_size,2,b50_lb5_k10_eps0p0025,local_only_offline_aggregate,confidence,300,60,5,0.0,0.0057090698595131835,0.009331424389073108,0.01344782608695652,0.9533333333333334,1.0,1.0,0.0,0.0,0.0,40000.0,20000.0,0.009331424389073108,0.01344782608695652
stratified_size_rep002,stratified_size,2,b50_lb5_k10_eps0p0025,local_only_offline_aggregate,shot_proportional,300,60,5,0.0,0.0055729850044281435,0.009449457495436839,0.01344782608695652,0.9566666666666667,1.0,1.0,0.0,0.0,0.0,40000.0,20000.0,0.009449457495436839,0.01344782608695652
stratified_size_rep002,stratified_size,2,b50_lb5_k10_eps0p0025,local_only_offline_aggregate,uniform,300,60,5,0.0,0.005633415332674964,0.009389605465032242,0.01344782608695652,0.9566666666666667,1.0,1.0,0.0,0.0,0.0,40000.0,20000.0,0.009389605465032242,0.01344782608695652
stratified_size_rep003,stratified_size,3,b50_lb5_k10_eps0p0025,aggregate_only_sync,confidence,300,60,5,0.0041352010489510305,0.009347552945750265,0.01298939314966492,0.015859291338582715,0.8166666666666667,1.0,1.0,0.116875,0.0,0.116875,32500.0,17662.5,0.01298939314966492,0.015859291338582715
stratified_size_rep003,stratified_size,3,b50_lb5_k10_eps0p0025,aggregate_only_sync,shot_proportional,300,60,5,0.0041352010489510305,0.009347552945750265,0.01298939314966492,0.015859291338582715,0.8166666666666667,1.0,1.0,0.116875,0.0,0.116875,32500.0,17662.5,0.01298939314966492,0.015859291338582715
stratified_size_rep003,stratified_size,3,b50_lb5_k10_eps0p0025,aggregate_only_sync,uniform,300,60,5,0.0041352010489510305,0.009347552945750265,0.01298939314966492,0.015859291338582715,0.8166666666666667,1.0,1.0,0.116875,0.0,0.116875,32500.0,17662.5,0.01298939314966492,0.015859291338582715
stratified_size_rep003,stratified_size,3,b50_lb5_k10_eps0p0025,hierarchical_local_aggregate,confidence,300,60,5,0.004061974777951659,0.00925827950792268,0.012666233286586281,0.015611378437034718,0.8133333333333334,1.0,1.0,0.116875,0.0,0.116875,32500.0,17662.5,0.012666233286586281,0.015611378437034718
stratified_size_rep003,stratified_size,3,b50_lb5_k10_eps0p0025,hierarchical_local_aggregate,shot_proportional,300,60,5,0.0041352010489510305,0.009347552945750265,0.013229946327070011,0.015859291338582715,0.8133333333333334,1.0,1.0,0.116875,0.0,0.116875,32500.0,17662.5,0.013229946327070011,0.015859291338582715
stratified_size_rep003,stratified_size,3,b50_lb5_k10_eps0p0025,hierarchical_local_aggregate,uniform,300,60,5,0.0041352010489510305,0.009347552945750265,0.013178408310531188,0.015859291338582715,0.8133333333333334,1.0,1.0,0.116875,0.0,0.116875,32500.0,17662.5,0.013178408310531188,0.015859291338582715
stratified_size_rep003,stratified_size,3,b50_lb5_k10_eps0p0025,local_only_offline_aggregate,confidence,300,60,5,0.0,0.005327897800734053,0.009227052038344454,0.01344782608695652,0.9633333333333334,1.0,1.0,0.0,0.0,0.0,40000.0,20000.0,0.009227052038344454,0.01344782608695652
stratified_size_rep003,stratified_size,3,b50_lb5_k10_eps0p0025,local_only_offline_aggregate,shot_proportional,300,60,5,0.0,0.005060400086740733,0.009224028339561567,0.01344782608695652,0.9633333333333334,1.0,1.0,0.0,0.0,0.0,40000.0,20000.0,0.009224028339561567,0.01344782608695652
stratified_size_rep003,stratified_size,3,b50_lb5_k10_eps0p0025,local_only_offline_aggregate,uniform,300,60,5,0.0,0.00532287274693429,0.009225974589476398,0.01344782608695652,0.9633333333333334,1.0,1.0,0.0,0.0,0.0,40000.0,20000.0,0.009225974589476398,0.01344782608695652
stratified_size_rep004,stratified_size,4,b50_lb5_k10_eps0p0025,aggregate_only_sync,confidence,300,60,5,0.0032785458465068805,0.009371359681012987,0.01324175282779057,0.015859291338582715,0.8066666666666666,1.0,1.0,0.11437500000000003,0.0,0.11437500000000003,36775.0,17712.5,0.01324175282779057,0.015859291338582715
stratified_size_rep004,stratified_size,4,b50_lb5_k10_eps0p0025,aggregate_only_sync,shot_proportional,300,60,5,0.0032785458465068805,0.009371359681012987,0.01324175282779057,0.015859291338582715,0.8066666666666666,1.0,1.0,0.11437500000000003,0.0,0.11437500000000003,36775.0,17712.5,0.01324175282779057,0.015859291338582715
stratified_size_rep004,stratified_size,4,b50_lb5_k10_eps0p0025,aggregate_only_sync,uniform,300,60,5,0.0032785458465068805,0.009371359681012987,0.01324175282779057,0.015859291338582715,0.8066666666666666,1.0,1.0,0.11437500000000003,0.0,0.11437500000000003,36775.0,17712.5,0.01324175282779057,0.015859291338582715
stratified_size_rep004,stratified_size,4,b50_lb5_k10_eps0p0025,hierarchical_local_aggregate,confidence,300,60,5,0.0031994273715995397,0.009322633517857115,0.012763741949186396,0.015611378437034718,0.8066666666666666,1.0,1.0,0.11437500000000003,0.0,0.11437500000000003,36262.5,17712.5,0.012763741949186396,0.015611378437034718
stratified_size_rep004,stratified_size,4,b50_lb5_k10_eps0p0025,hierarchical_local_aggregate,shot_proportional,300,60,5,0.003386950494051159,0.009371359681012987,0.013338722519036957,0.015859291338582715,0.8066666666666666,1.0,1.0,0.11437500000000003,0.0,0.11437500000000003,36262.5,17712.5,0.013338722519036957,0.015859291338582715
stratified_size_rep004,stratified_size,4,b50_lb5_k10_eps0p0025,hierarchical_local_aggregate,uniform,300,60,5,0.003386950494051159,0.009371359681012987,0.013338722519036957,0.015859291338582715,0.8066666666666666,1.0,1.0,0.11437500000000003,0.0,0.11437500000000003,36262.5,17712.5,0.013338722519036957,0.015859291338582715
stratified_size_rep004,stratified_size,4,b50_lb5_k10_eps0p0025,local_only_offline_aggregate,confidence,300,60,5,0.0,0.005191330668035224,0.009124727061556308,0.01344782608695652,0.9633333333333334,1.0,1.0,0.0,0.0,0.0,40000.0,20000.0,0.009124727061556308,0.01344782608695652
stratified_size_rep004,stratified_size,4,b50_lb5_k10_eps0p0025,local_only_offline_aggregate,shot_proportional,300,60,5,0.0,0.005010215705327906,0.009124727061556308,0.01344782608695652,0.9666666666666667,1.0,1.0,0.0,0.0,0.0,40000.0,20000.0,0.009124727061556308,0.01344782608695652
stratified_size_rep004,stratified_size,4,b50_lb5_k10_eps0p0025,local_only_offline_aggregate,uniform,300,60,5,0.0,0.005188009285136639,0.009124727061556308,0.01344782608695652,0.9666666666666667,1.0,1.0,0.0,0.0,0.0,40000.0,20000.0,0.009124727061556308,0.01344782608695652
stratified_size_rep005,stratified_size,5,b50_lb5_k10_eps0p0025,aggregate_only_sync,confidence,300,60,5,0.004845113636363632,0.009497449638429741,0.013022653887261745,0.015859291338582715,0.7933333333333333,1.0,1.0,0.20499999999999996,0.0,0.20499999999999996,31700.0,15900.0,0.013022653887261745,0.015859291338582715
stratified_size_rep005,stratified_size,5,b50_lb5_k10_eps0p0025,aggregate_only_sync,shot_proportional,300,60,5,0.004845113636363632,0.009497449638429741,0.013022653887261745,0.015859291338582715,0.7933333333333333,1.0,1.0,0.20499999999999996,0.0,0.20499999999999996,31700.0,15900.0,0.013022653887261745,0.015859291338582715
stratified_size_rep005,stratified_size,5,b50_lb5_k10_eps0p0025,aggregate_only_sync,uniform,300,60,5,0.004845113636363632,0.009497449638429741,0.013022653887261745,0.015859291338582715,0.7933333333333333,1.0,1.0,0.20499999999999996,0.0,0.20499999999999996,31700.0,15900.0,0.013022653887261745,0.015859291338582715
stratified_size_rep005,stratified_size,5,b50_lb5_k10_eps0p0025,hierarchical_local_aggregate,confidence,300,60,5,0.00473480749225498,0.009391709872862669,0.012763741949186396,0.015611378437034718,0.7933333333333333,1.0,1.0,0.21625,0.0,0.21625,31700.0,15675.0,0.012763741949186396,0.015611378437034718
stratified_size_rep005,stratified_size,5,b50_lb5_k10_eps0p0025,hierarchical_local_aggregate,shot_proportional,300,60,5,0.004845113636363632,0.009497449638429741,0.013240997889407127,0.015859291338582715,0.79,1.0,1.0,0.21625,0.0,0.21625,31700.0,15675.0,0.013240997889407127,0.015859291338582715
stratified_size_rep005,stratified_size,5,b50_lb5_k10_eps0p0025,hierarchical_local_aggregate,uniform,300,60,5,0.004845113636363632,0.009462591156398312,0.013240997889407127,0.015859291338582715,0.79,1.0,1.0,0.21625,0.0,0.21625,31700.0,15675.0,0.013240997889407127,0.015859291338582715
stratified_size_rep005,stratified_size,5,b50_lb5_k10_eps0p0025,local_only_offline_aggregate,confidence,300,60,5,0.0,0.0054976218261570025,0.009250647544873676,0.013312835249042239,0.9566666666666667,1.0,1.0,0.0,0.0,0.0,40000.0,20000.0,0.009250647544873676,0.013312835249042239
stratified_size_rep005,stratified_size,5,b50_lb5_k10_eps0p0025,local_only_offline_aggregate,shot_proportional,300,60,5,0.0,0.005234674752633705,0.009338932030423219,0.013312835249042239,0.96,1.0,1.0,0.0,0.0,0.0,40000.0,20000.0,0.009338932030423219,0.013312835249042239
stratified_size_rep005,stratified_size,5,b50_lb5_k10_eps0p0025,local_only_offline_aggregate,uniform,300,60,5,0.0,0.005515335950584367,0.009288599608435475,0.013312835249042239,0.96,1.0,1.0,0.0,0.0,0.0,40000.0,20000.0,0.009288599608435475,0.013312835249042239
stratified_size_rep006,stratified_size,6,b50_lb5_k10_eps0p0025,aggregate_only_sync,confidence,300,60,5,0.004760068646232449,0.00947260824082721,0.013293170209574073,0.015859291338582715,0.79,1.0,1.0,0.23250000000000004,0.0,0.23250000000000004,31150.0,15350.0,0.013293170209574073,0.015859291338582715
stratified_size_rep006,stratified_size,6,b50_lb5_k10_eps0p0025,aggregate_only_sync,shot_proportional,300,60,5,0.004760068646232449,0.00947260824082721,0.013293170209574073,0.015859291338582715,0.79,1.0,1.0,0.23250000000000004,0.0,0.23250000000000004,31150.0,15350.0,0.013293170209574073,0.015859291338582715
stratified_size_rep006,stratified_size,6,b50_lb5_k10_eps0p0025,aggregate_only_sync,uniform,300,60,5,0.004760068646232449,0.00947260824082721,0.013293170209574073,0.015859291338582715,0.79,1.0,1.0,0.23250000000000004,0.0,0.23250000000000004,31150.0,15350.0,0.013293170209574073,0.015859291338582715
stratified_size_rep006,stratified_size,6,b50_lb5_k10_eps0p0025,hierarchical_local_aggregate,confidence,300,60,5,0.0046611648854190165,0.009376986335537497,0.012926882219335793,0.015611378437034718,0.7866666666666666,1.0,1.0,0.24291666666666667,0.0,0.23750000000000002,31150.0,15250.0,0.012926882219335793,0.015611378437034718
stratified_size_rep006,stratified_size,6,b50_lb5_k10_eps0p0025,hierarchical_local_aggregate,shot_proportional,300,60,5,0.004760068646232449,0.00947260824082721,0.013448268115942024,0.015859291338582715,0.79,1.0,1.0,0.24291666666666667,0.0,0.23750000000000002,31150.0,15250.0,0.013448268115942024,0.015859291338582715
stratified_size_rep006,stratified_size,6,b50_lb5_k10_eps0p0025,hierarchical_local_aggregate,uniform,300,60,5,0.004760068646232449,0.009455193290227058,0.01344806603207817,0.015859291338582715,0.79,1.0,1.0,0.24291666666666667,0.0,0.23750000000000002,31150.0,15250.0,0.01344806603207817,0.015859291338582715
stratified_size_rep006,stratified_size,6,b50_lb5_k10_eps0p0025,local_only_offline_aggregate,confidence,300,60,5,0.0,0.005652646450853127,0.009331424389073108,0.01344782608695652,0.9566666666666667,1.0,1.0,0.0,0.0,0.0,40000.0,20000.0,0.009331424389073108,0.01344782608695652
stratified_size_rep006,stratified_size,6,b50_lb5_k10_eps0p0025,local_only_offline_aggregate,shot_proportional,300,60,5,0.0,0.005548833002958144,0.009418338497644821,0.01344782608695652,0.96,1.0,1.0,0.0,0.0,0.0,40000.0,20000.0,0.009418338497644821,0.01344782608695652
stratified_size_rep006,stratified_size,6,b50_lb5_k10_eps0p0025,local_only_offline_aggregate,uniform,300,60,5,0.0,0.005595058333696522,0.009389605465032242,0.01344782608695652,0.96,1.0,1.0,0.0,0.0,0.0,40000.0,20000.0,0.009389605465032242,0.01344782608695652
stratified_size_rep007,stratified_size,7,b50_lb5_k10_eps0p0025,aggregate_only_sync,confidence,300,60,5,0.00455524991760393,0.009347552945750265,0.01323834618521206,0.015859291338582715,0.8066666666666666,1.0,1.0,0.17874999999999996,0.0,0.17874999999999996,32500.0,16425.0,0.01323834618521206,0.015859291338582715
stratified_size_rep007,stratified_size,7,b50_lb5_k10_eps0p0025,aggregate_only_sync,shot_proportional,300,60,5,0.00455524991760393,0.009347552945750265,0.01323834618521206,0.015859291338582715,0.8066666666666666,1.0,1.0,0.17874999999999996,0.0,0.17874999999999996,32500.0,16425.0,0.01323834618521206,0.015859291338582715
stratified_size_rep007,stratified_size,7,b50_lb5_k10_eps0p0025,aggregate_only_sync,uniform,300,60,5,0.00455524991760393,0.009347552945750265,0.01323834618521206,0.015859291338582715,0.8066666666666666,1.0,1.0,0.17874999999999996,0.0,0.17874999999999996,32500.0,16425.0,0.01323834618521206,0.015859291338582715
stratified_size_rep007,stratified_size,7,b50_lb5_k10_eps0p0025,hierarchical_local_aggregate,confidence,300,60,5,0.004632459341315551,0.009365699506888736,0.01279158827932932,0.015611378437034718,0.8033333333333333,1.0,1.0,0.17874999999999996,0.0,0.17874999999999996,32500.0,16425.0,0.01279158827932932,0.015611378437034718
stratified_size_rep007,stratified_size,7,b50_lb5_k10_eps0p0025,hierarchical_local_aggregate,shot_proportional,300,60,5,0.00455524991760393,0.009347552945750265,0.013319584790937955,0.015859291338582715,0.8033333333333333,1.0,1.0,0.17874999999999996,0.0,0.17874999999999996,32500.0,16425.0,0.013319584790937955,0.015859291338582715
stratified_size_rep007,stratified_size,7,b50_lb5_k10_eps0p0025,hierarchical_local_aggregate,uniform,300,60,5,0.00455524991760393,0.009347552945750265,0.013319584790937955,0.015859291338582715,0.8033333333333333,1.0,1.0,0.17874999999999996,0.0,0.17874999999999996,32500.0,16425.0,0.013319584790937955,0.015859291338582715
stratified_size_rep007,stratified_size,7,b50_lb5_k10_eps0p0025,local_only_offline_aggregate,confidence,300,60,5,0.0,0.0054976218261570025,0.009290443985347955,0.01344782608695652,0.96,1.0,1.0,0.0,0.0,0.0,40000.0,20000.0,0.009290443985347955,0.01344782608695652
stratified_size_rep007,stratified_size,7,b50_lb5_k10_eps0p0025,local_only_offline_aggregate,shot_proportional,300,60,5,0.0,0.005234674752633705,0.009237613866240377,0.01344782608695652,0.96,1.0,1.0,0.0,0.0,0.0,40000.0,20000.0,0.009237613866240377,0.01344782608695652
stratified_size_rep007,stratified_size,7,b50_lb5_k10_eps0p0025,local_only_offline_aggregate,uniform,300,60,5,0.0,0.005515335950584367,0.009273034618747483,0.01344782608695652,0.96,1.0,1.0,0.0,0.0,0.0,40000.0,20000.0,0.009273034618747483,0.01344782608695652
stratified_size_rep008,stratified_size,8,b50_lb5_k10_eps0p0025,aggregate_only_sync,confidence,300,60,5,0.0041352010489510305,0.009505459840572831,0.013232451036866209,0.015859291338582715,0.7933333333333333,1.0,1.0,0.19062499999999996,0.0,0.19062499999999996,31875.0,16187.5,0.013232451036866209,0.015859291338582715
stratified_size_rep008,stratified_size,8,b50_lb5_k10_eps0p0025,aggregate_only_sync,shot_proportional,300,60,5,0.0041352010489510305,0.009505459840572831,0.013232451036866209,0.015859291338582715,0.7933333333333333,1.0,1.0,0.19062499999999996,0.0,0.19062499999999996,31875.0,16187.5,0.013232451036866209,0.015859291338582715
stratified_size_rep008,stratified_size,8,b50_lb5_k10_eps0p0025,aggregate_only_sync,uniform,300,60,5,0.0041352010489510305,0.009505459840572831,0.013232451036866209,0.015859291338582715,0.7933333333333333,1.0,1.0,0.19062499999999996,0.0,0.19062499999999996,31875.0,16187.5,0.013232451036866209,0.015859291338582715
stratified_size_rep008,stratified_size,8,b50_lb5_k10_eps0p0025,hierarchical_local_aggregate,confidence,300,60,5,0.004061974777951659,0.009408449777020433,0.012840627962034586,0.015611378437034718,0.79,1.0,1.0,0.19062499999999996,0.0,0.19062499999999996,31875.0,16187.5,0.012840627962034586,0.015611378437034718
stratified_size_rep008,stratified_size,8,b50_lb5_k10_eps0p0025,hierarchical_local_aggregate,shot_proportional,300,60,5,0.0041352010489510305,0.009510307176887485,0.013313842497889555,0.015859291338582715,0.79,1.0,1.0,0.19062499999999996,0.0,0.19062499999999996,31875.0,16187.5,0.013313842497889555,0.015859291338582715
stratified_size_rep008,stratified_size,8,b50_lb5_k10_eps0p0025,hierarchical_local_aggregate,uniform,300,60,5,0.0041352010489510305,0.009497449638429741,0.013313842497889555,0.015859291338582715,0.79,1.0,1.0,0.19062499999999996,0.0,0.19062499999999996,31875.0,16187.5,0.013313842497889555,0.015859291338582715
stratified_size_rep008,stratified_size,8,b50_lb5_k10_eps0p0025,local_only_offline_aggregate,confidence,300,60,5,0.0,0.005566070987991832,0.009478396923665028,0.01344782608695652,0.9533333333333334,1.0,1.0,0.0,0.0,0.0,40000.0,20000.0,0.009478396923665028,0.01344782608695652
stratified_size_rep008,stratified_size,8,b50_lb5_k10_eps0p0025,local_only_offline_aggregate,shot_proportional,300,60,5,0.0,0.005530323358122906,0.009449457495436839,0.01344782608695652,0.9566666666666667,1.0,1.0,0.0,0.0,0.0,40000.0,20000.0,0.009449457495436839,0.01344782608695652
stratified_size_rep008,stratified_size,8,b50_lb5_k10_eps0p0025,local_only_offline_aggregate,uniform,300,60,5,0.0,0.005563784638087826,0.009472636126751447,0.01344782608695652,0.9566666666666667,1.0,1.0,0.0,0.0,0.0,40000.0,20000.0,0.009472636126751447,0.01344782608695652
stratified_size_rep009,stratified_size,9,b50_lb5_k10_eps0p0025,aggregate_only_sync,confidence,300,60,5,0.0043280952380952515,0.009430554096638653,0.0133378064500176,0.015859291338582715,0.7966666666666666,1.0,1.0,0.20499999999999996,0.0,0.20499999999999996,31875.0,15900.0,0.0133378064500176,0.015859291338582715
stratified_size_rep009,stratified_size,9,b50_lb5_k10_eps0p0025,aggregate_only_sync,shot_proportional,300,60,5,0.0043280952380952515,0.009430554096638653,0.0133378064500176,0.015859291338582715,0.7966666666666666,1.0,1.0,0.20499999999999996,0.0,0.20499999999999996,31875.0,15900.0,0.0133378064500176,0.015859291338582715
stratified_size_rep009,stratified_size,9,b50_lb5_k10_eps0p0025,aggregate_only_sync,uniform,300,60,5,0.0043280952380952515,0.009430554096638653,0.0133378064500176,0.015859291338582715,0.7966666666666666,1.0,1.0,0.20499999999999996,0.0,0.20499999999999996,31875.0,15900.0,0.0133378064500176,0.015859291338582715
stratified_size_rep009,stratified_size,9,b50_lb5_k10_eps0p0025,hierarchical_local_aggregate,confidence,300,60,5,0.004061974777951659,0.00941958481466074,0.012926882219335793,0.015611378437034718,0.79,1.0,1.0,0.20499999999999996,0.0,0.20499999999999996,31875.0,15900.0,0.012926882219335793,0.015611378437034718
stratified_size_rep009,stratified_size,9,b50_lb5_k10_eps0p0025,hierarchical_local_aggregate,shot_proportional,300,60,5,0.0043280952380952515,0.009430554096638653,0.013489013196592148,0.015859291338582715,0.7933333333333333,1.0,1.0,0.20499999999999996,0.0,0.20499999999999996,31875.0,15900.0,0.013489013196592148,0.015859291338582715
stratified_size_rep009,stratified_size,9,b50_lb5_k10_eps0p0025,hierarchical_local_aggregate,uniform,300,60,5,0.0043280952380952515,0.009426963064529458,0.013489013196592148,0.015859291338582715,0.7933333333333333,1.0,1.0,0.20499999999999996,0.0,0.20499999999999996,31875.0,15900.0,0.013489013196592148,0.015859291338582715
stratified_size_rep009,stratified_size,9,b50_lb5_k10_eps0p0025,local_only_offline_aggregate,confidence,300,60,5,0.0,0.00565808272781777,0.009331424389073108,0.01344782608695652,0.9566666666666667,1.0,1.0,0.0,0.0,0.0,40000.0,20000.0,0.009331424389073108,0.01344782608695652
stratified_size_rep009,stratified_size,9,b50_lb5_k10_eps0p0025,local_only_offline_aggregate,shot_proportional,300,60,5,0.0,0.005548833002958144,0.009418338497644821,0.01344782608695652,0.96,1.0,1.0,0.0,0.0,0.0,40000.0,20000.0,0.009418338497644821,0.01344782608695652
stratified_size_rep009,stratified_size,9,b50_lb5_k10_eps0p0025,local_only_offline_aggregate,uniform,300,60,5,0.0,0.0056589995683222075,0.009389605465032242,0.01344782608695652,0.96,1.0,1.0,0.0,0.0,0.0,40000.0,20000.0,0.009389605465032242,0.01344782608695652
stratified_size_rep010,stratified_size,10,b50_lb5_k10_eps0p0025,aggregate_only_sync,confidence,300,60,5,0.003998655370053699,0.00936079412014472,0.013232490770465339,0.015859291338582715,0.8133333333333334,1.0,1.0,0.16874999999999998,0.0,0.16874999999999998,31700.0,16625.0,0.013232490770465339,0.015859291338582715
stratified_size_rep010,stratified_size,10,b50_lb5_k10_eps0p0025,aggregate_only_sync,shot_proportional,300,60,5,0.003998655370053699,0.00936079412014472,0.013232490770465339,0.015859291338582715,0.8133333333333334,1.0,1.0,0.16874999999999998,0.0,0.16874999999999998,31700.0,16625.0,0.013232490770465339,0.015859291338582715
stratified_size_rep010,stratified_size,10,b50_lb5_k10_eps0p0025,aggregate_only_sync,uniform,300,60,5,0.003998655370053699,0.00936079412014472,0.013232490770465339,0.015859291338582715,0.8133333333333334,1.0,1.0,0.16874999999999998,0.0,0.16874999999999998,31700.0,16625.0,0.013232490770465339,0.015859291338582715
stratified_size_rep010,stratified_size,10,b50_lb5_k10_eps0p0025,hierarchical_local_aggregate,confidence,300,60,5,0.00395795713182756,0.009322633517857115,0.012758807713829493,0.015611378437034718,0.81,1.0,1.0,0.1833333333333333,0.0,0.17874999999999996,31700.0,16425.0,0.012758807713829493,0.015611378437034718
stratified_size_rep010,stratified_size,10,b50_lb5_k10_eps0p0025,hierarchical_local_aggregate,shot_proportional,300,60,5,0.0039053279436632917,0.00936079412014472,0.01324278782986784,0.015859291338582715,0.81,1.0,1.0,0.1833333333333333,0.0,0.17874999999999996,31700.0,16425.0,0.01324278782986784,0.015859291338582715
stratified_size_rep010,stratified_size,10,b50_lb5_k10_eps0p0025,hierarchical_local_aggregate,uniform,300,60,5,0.00392432867216142,0.00936079412014472,0.01324278782986784,0.015859291338582715,0.81,1.0,1.0,0.1833333333333333,0.0,0.17874999999999996,31700.0,16425.0,0.01324278782986784,0.015859291338582715
stratified_size_rep010,stratified_size,10,b50_lb5_k10_eps0p0025,local_only_offline_aggregate,confidence,300,60,5,0.0,0.00544278886501855,0.009290443985347955,0.01344782608695652,0.9566666666666667,1.0,1.0,0.0,0.0,0.0,40000.0,20000.0,0.009290443985347955,0.01344782608695652
stratified_size_rep010,stratified_size,10,b50_lb5_k10_eps0p0025,local_only_offline_aggregate,shot_proportional,300,60,5,0.0,0.005452496905470474,0.009340524141411946,0.01344782608695652,0.96,1.0,1.0,0.0,0.0,0.0,40000.0,20000.0,0.009340524141411946,0.01344782608695652
stratified_size_rep010,stratified_size,10,b50_lb5_k10_eps0p0025,local_only_offline_aggregate,uniform,300,60,5,0.0,0.0055520587773785456,0.009288599608435475,0.01344782608695652,0.96,1.0,1.0,0.0,0.0,0.0,40000.0,20000.0,0.009288599608435475,0.01344782608695652
stratified_size_rep011,stratified_size,11,b50_lb5_k10_eps0p0025,aggregate_only_sync,confidence,300,60,5,0.004982613636363648,0.00936079412014472,0.013240997889407127,0.015859291338582715,0.8066666666666666,1.0,1.0,0.20187499999999997,0.0,0.20187499999999997,31575.0,15962.5,0.013240997889407127,0.015859291338582715
stratified_size_rep011,stratified_size,11,b50_lb5_k10_eps0p0025,aggregate_only_sync,shot_proportional,300,60,5,0.004982613636363648,0.00936079412014472,0.013240997889407127,0.015859291338582715,0.8066666666666666,1.0,1.0,0.20187499999999997,0.0,0.20187499999999997,31575.0,15962.5,0.013240997889407127,0.015859291338582715
stratified_size_rep011,stratified_size,11,b50_lb5_k10_eps0p0025,aggregate_only_sync,uniform,300,60,5,0.004982613636363648,0.00936079412014472,0.013240997889407127,0.015859291338582715,0.8066666666666666,1.0,1.0,0.20187499999999997,0.0,0.20187499999999997,31575.0,15962.5,0.013240997889407127,0.015859291338582715
stratified_size_rep011,stratified_size,11,b50_lb5_k10_eps0p0025,hierarchical_local_aggregate,confidence,300,60,5,0.004744864094723857,0.009360639573821087,0.01282389045583925,0.015611378437034718,0.8033333333333333,1.0,1.0,0.21625,0.0,0.21625,31575.0,15675.0,0.01282389045583925,0.015611378437034718
stratified_size_rep011,stratified_size,11,b50_lb5_k10_eps0p0025,hierarchical_local_aggregate,shot_proportional,300,60,5,0.004982613636363648,0.00936079412014472,0.013338722519036957,0.015859291338582715,0.8033333333333333,1.0,1.0,0.21625,0.0,0.21625,31575.0,15675.0,0.013338722519036957,0.015859291338582715
stratified_size_rep011,stratified_size,11,b50_lb5_k10_eps0p0025,hierarchical_local_aggregate,uniform,300,60,5,0.004982613636363648,0.00936079412014472,0.013338722519036957,0.015859291338582715,0.8033333333333333,1.0,1.0,0.21625,0.0,0.21625,31575.0,15675.0,0.013338722519036957,0.015859291338582715
stratified_size_rep011,stratified_size,11,b50_lb5_k10_eps0p0025,local_only_offline_aggregate,confidence,300,60,5,0.0,0.00565808272781777,0.009290443985347955,0.01344782608695652,0.9566666666666667,1.0,1.0,0.0,0.0,0.0,40000.0,20000.0,0.009290443985347955,0.01344782608695652
stratified_size_rep011,stratified_size,11,b50_lb5_k10_eps0p0025,local_only_offline_aggregate,shot_proportional,300,60,5,0.0,0.005535456182855676,0.009340524141411946,0.01344782608695652,0.96,1.0,1.0,0.0,0.0,0.0,40000.0,20000.0,0.009340524141411946,0.01344782608695652
stratified_size_rep011,stratified_size,11,b50_lb5_k10_eps0p0025,local_only_offline_aggregate,uniform,300,60,5,0.0,0.005614130980200922,0.009288599608435475,0.01344782608695652,0.96,1.0,1.0,0.0,0.0,0.0,40000.0,20000.0,0.009288599608435475,0.01344782608695652
stratified_size_rep012,stratified_size,12,b50_lb5_k10_eps0p0025,aggregate_only_sync,confidence,300,60,5,0.0047857870370370155,0.009597414380425152,0.0133378064500176,0.015859291338582715,0.77,1.0,1.0,0.22250000000000003,0.0,0.22250000000000003,33300.0,15550.0,0.0133378064500176,0.015859291338582715
stratified_size_rep012,stratified_size,12,b50_lb5_k10_eps0p0025,aggregate_only_sync,shot_proportional,300,60,5,0.0047857870370370155,0.009597414380425152,0.0133378064500176,0.015859291338582715,0.77,1.0,1.0,0.22250000000000003,0.0,0.22250000000000003,33300.0,15550.0,0.0133378064500176,0.015859291338582715
stratified_size_rep012,stratified_size,12,b50_lb5_k10_eps0p0025,aggregate_only_sync,uniform,300,60,5,0.0047857870370370155,0.009597414380425152,0.0133378064500176,0.015859291338582715,0.77,1.0,1.0,0.22250000000000003,0.0,0.22250000000000003,33300.0,15550.0,0.0133378064500176,0.015859291338582715
stratified_size_rep012,stratified_size,12,b50_lb5_k10_eps0p0025,hierarchical_local_aggregate,confidence,300,60,5,0.004744864094723857,0.009661243458581409,0.012926882219335793,0.015611378437034718,0.7666666666666667,1.0,1.0,0.23250000000000004,0.0,0.2325,33125.0,15350.0,0.012926882219335793,0.015611378437034718
stratified_size_rep012,stratified_size,12,b50_lb5_k10_eps0p0025,hierarchical_local_aggregate,shot_proportional,300,60,5,0.0047857870370370155,0.00963244486622434,0.013489013196592148,0.015859291338582715,0.7666666666666667,1.0,1.0,0.23250000000000004,0.0,0.2325,33125.0,15350.0,0.013489013196592148,0.015859291338582715
stratified_size_rep012,stratified_size,12,b50_lb5_k10_eps0p0025,hierarchical_local_aggregate,uniform,300,60,5,0.0047857870370370155,0.009628165980667343,0.013489013196592148,0.015859291338582715,0.7666666666666667,1.0,1.0,0.23250000000000004,0.0,0.2325,33125.0,15350.0,0.013489013196592148,0.015859291338582715
stratified_size_rep012,stratified_size,12,b50_lb5_k10_eps0p0025,local_only_offline_aggregate,confidence,300,60,5,0.0,0.005652646450853127,0.009478396923665028,0.01344782608695652,0.9533333333333334,1.0,1.0,0.0,0.0,0.0,40000.0,20000.0,0.009478396923665028,0.01344782608695652
stratified_size_rep012,stratified_size,12,b50_lb5_k10_eps0p0025,local_only_offline_aggregate,shot_proportional,300,60,5,0.0,0.0054522733560082625,0.009449457495436839,0.01344782608695652,0.9566666666666667,1.0,1.0,0.0,0.0,0.0,40000.0,20000.0,0.009449457495436839,0.01344782608695652
stratified_size_rep012,stratified_size,12,b50_lb5_k10_eps0p0025,local_only_offline_aggregate,uniform,300,60,5,0.0,0.005570142186922626,0.009472636126751447,0.01344782608695652,0.9566666666666667,1.0,1.0,0.0,0.0,0.0,40000.0,20000.0,0.009472636126751447,0.01344782608695652
stratified_size_rep013,stratified_size,13,b50_lb5_k10_eps0p0025,aggregate_only_sync,confidence,300,60,5,0.004198168081918066,0.009347552945750265,0.0130114541088681,0.015859291338582715,0.81,1.0,1.0,0.116875,0.0,0.116875,35075.0,17662.5,0.0130114541088681,0.015859291338582715
stratified_size_rep013,stratified_size,13,b50_lb5_k10_eps0p0025,aggregate_only_sync,shot_proportional,300,60,5,0.004198168081918066,0.009347552945750265,0.0130114541088681,0.015859291338582715,0.81,1.0,1.0,0.116875,0.0,0.116875,35075.0,17662.5,0.0130114541088681,0.015859291338582715
stratified_size_rep013,stratified_size,13,b50_lb5_k10_eps0p0025,aggregate_only_sync,uniform,300,60,5,0.004198168081918066,0.009347552945750265,0.0130114541088681,0.015859291338582715,0.81,1.0,1.0,0.116875,0.0,0.116875,35075.0,17662.5,0.0130114541088681,0.015859291338582715
stratified_size_rep013,stratified_size,13,b50_lb5_k10_eps0p0025,hierarchical_local_aggregate,confidence,300,60,5,0.00395795713182756,0.009360639573821087,0.012758807713829493,0.015611378437034718,0.8066666666666666,1.0,1.0,0.116875,0.0,0.116875,34650.0,17662.5,0.012758807713829493,0.015611378437034718
stratified_size_rep013,stratified_size,13,b50_lb5_k10_eps0p0025,hierarchical_local_aggregate,shot_proportional,300,60,5,0.004198168081918066,0.009347552945750265,0.013240997889407127,0.015859291338582715,0.8066666666666666,1.0,1.0,0.116875,0.0,0.116875,34650.0,17662.5,0.013240997889407127,0.015859291338582715
stratified_size_rep013,stratified_size,13,b50_lb5_k10_eps0p0025,hierarchical_local_aggregate,uniform,300,60,5,0.004198168081918066,0.009347552945750265,0.013240997889407127,0.015859291338582715,0.8066666666666666,1.0,1.0,0.116875,0.0,0.116875,34650.0,17662.5,0.013240997889407127,0.015859291338582715
stratified_size_rep013,stratified_size,13,b50_lb5_k10_eps0p0025,local_only_offline_aggregate,confidence,300,60,5,0.0,0.005327897800734053,0.009290443985347955,0.01344782608695652,0.96,1.0,1.0,0.0,0.0,0.0,40000.0,20000.0,0.009290443985347955,0.01344782608695652
stratified_size_rep013,stratified_size,13,b50_lb5_k10_eps0p0025,local_only_offline_aggregate,shot_proportional,300,60,5,0.0,0.005018161669890374,0.009237613866240377,0.01344782608695652,0.9633333333333334,1.0,1.0,0.0,0.0,0.0,40000.0,20000.0,0.009237613866240377,0.01344782608695652
stratified_size_rep013,stratified_size,13,b50_lb5_k10_eps0p0025,local_only_offline_aggregate,uniform,300,60,5,0.0,0.00532287274693429,0.009273034618747483,0.01344782608695652,0.9633333333333334,1.0,1.0,0.0,0.0,0.0,40000.0,20000.0,0.009273034618747483,0.01344782608695652
stratified_size_rep014,stratified_size,14,b50_lb5_k10_eps0p0025,aggregate_only_sync,confidence,300,60,5,0.004982613636363648,0.009505459840572831,0.01329417745842139,0.01447394495412818,0.78,1.0,1.0,0.22250000000000003,0.0,0.22250000000000003,32500.0,15550.0,0.01329417745842139,0.01447394495412818
stratified_size_rep014,stratified_size,14,b50_lb5_k10_eps0p0025,aggregate_only_sync,shot_proportional,300,60,5,0.004982613636363648,0.009505459840572831,0.01329417745842139,0.01447394495412818,0.78,1.0,1.0,0.22250000000000003,0.0,0.22250000000000003,32500.0,15550.0,0.01329417745842139,0.01447394495412818
stratified_size_rep014,stratified_size,14,b50_lb5_k10_eps0p0025,aggregate_only_sync,uniform,300,60,5,0.004982613636363648,0.009505459840572831,0.01329417745842139,0.01447394495412818,0.78,1.0,1.0,0.22250000000000003,0.0,0.22250000000000003,32500.0,15550.0,0.01329417745842139,0.01447394495412818
stratified_size_rep014,stratified_size,14,b50_lb5_k10_eps0p0025,hierarchical_local_aggregate,confidence,300,60,5,0.004744864094723857,0.009430463053917267,0.012766234455826317,0.01376465242048849,0.78,1.0,1.0,0.23250000000000004,0.0,0.2325,32500.0,15350.0,0.012766234455826317,0.01376465242048849
stratified_size_rep014,stratified_size,14,b50_lb5_k10_eps0p0025,hierarchical_local_aggregate,shot_proportional,300,60,5,0.004982613636363648,0.009510307176887485,0.013449769380105342,0.01447394495412818,0.7766666666666666,1.0,1.0,0.23250000000000004,0.0,0.2325,32500.0,15350.0,0.013449769380105342,0.01447394495412818
stratified_size_rep014,stratified_size,14,b50_lb5_k10_eps0p0025,hierarchical_local_aggregate,uniform,300,60,5,0.004982613636363648,0.009497449638429741,0.013449769380105342,0.01447394495412818,0.7766666666666666,1.0,1.0,0.23250000000000004,0.0,0.2325,32500.0,15350.0,0.013449769380105342,0.01447394495412818
stratified_size_rep014,stratified_size,14,b50_lb5_k10_eps0p0025,local_only_offline_aggregate,confidence,300,60,5,0.0,0.00565808272781777,0.009250647544873676,0.01344782608695652,0.96,1.0,1.0,0.0,0.0,0.0,40000.0,20000.0,0.009250647544873676,0.01344782608695652
stratified_size_rep014,stratified_size,14,b50_lb5_k10_eps0p0025,local_only_offline_aggregate,shot_proportional,300,60,5,0.0,0.005530323358122906,0.009233518373807066,0.01344782608695652,0.9633333333333334,1.0,1.0,0.0,0.0,0.0,40000.0,20000.0,0.009233518373807066,0.01344782608695652
stratified_size_rep014,stratified_size,14,b50_lb5_k10_eps0p0025,local_only_offline_aggregate,uniform,300,60,5,0.0,0.005614130980200922,0.009267930047130262,0.01344782608695652,0.9633333333333334,1.0,1.0,0.0,0.0,0.0,40000.0,20000.0,0.009267930047130262,0.01344782608695652
stratified_size_rep015,stratified_size,15,b50_lb5_k10_eps0p0025,aggregate_only_sync,confidence,300,60,5,0.004729523544679285,0.009329484175345045,0.013313842497889555,0.015859291338582715,0.8066666666666666,1.0,1.0,0.17874999999999996,0.0,0.17874999999999996,30800.0,16425.0,0.013313842497889555,0.015859291338582715
stratified_size_rep015,stratified_size,15,b50_lb5_k10_eps0p0025,aggregate_only_sync,shot_proportional,300,60,5,0.004729523544679285,0.009329484175345045,0.013313842497889555,0.015859291338582715,0.8066666666666666,1.0,1.0,0.17874999999999996,0.0,0.17874999999999996,30800.0,16425.0,0.013313842497889555,0.015859291338582715
stratified_size_rep015,stratified_size,15,b50_lb5_k10_eps0p0025,aggregate_only_sync,uniform,300,60,5,0.004729523544679285,0.009329484175345045,0.013313842497889555,0.015859291338582715,0.8066666666666666,1.0,1.0,0.17874999999999996,0.0,0.17874999999999996,30800.0,16425.0,0.013313842497889555,0.015859291338582715
stratified_size_rep015,stratified_size,15,b50_lb5_k10_eps0p0025,hierarchical_local_aggregate,confidence,300,60,5,0.004640977292865199,0.009233104342258812,0.01279158827932932,0.015611378437034718,0.8066666666666666,1.0,1.0,0.1833333333333333,0.0,0.17874999999999996,30775.0,16425.0,0.01279158827932932,0.015611378437034718
stratified_size_rep015,stratified_size,15,b50_lb5_k10_eps0p0025,hierarchical_local_aggregate,shot_proportional,300,60,5,0.004729523544679285,0.009329484175345045,0.013338722519036957,0.015859291338582715,0.8033333333333333,1.0,1.0,0.1833333333333333,0.0,0.17874999999999996,30775.0,16425.0,0.013338722519036957,0.015859291338582715
stratified_size_rep015,stratified_size,15,b50_lb5_k10_eps0p0025,hierarchical_local_aggregate,uniform,300,60,5,0.004729523544679285,0.009329484175345045,0.013338722519036957,0.015859291338582715,0.8033333333333333,1.0,1.0,0.1833333333333333,0.0,0.17874999999999996,30775.0,16425.0,0.013338722519036957,0.015859291338582715
stratified_size_rep015,stratified_size,15,b50_lb5_k10_eps0p0025,local_only_offline_aggregate,confidence,300,60,5,0.0,0.005676297605106024,0.009290443985347955,0.01344782608695652,0.9533333333333334,1.0,1.0,0.0,0.0,0.0,40000.0,20000.0,0.009290443985347955,0.01344782608695652
stratified_size_rep015,stratified_size,15,b50_lb5_k10_eps0p0025,local_only_offline_aggregate,shot_proportional,300,60,5,0.0,0.005645071718995788,0.009340524141411946,0.01344782608695652,0.9566666666666667,1.0,1.0,0.0,0.0,0.0,40000.0,20000.0,0.009340524141411946,0.01344782608695652
stratified_size_rep015,stratified_size,15,b50_lb5_k10_eps0p0025,local_only_offline_aggregate,uniform,300,60,5,0.0,0.0056589995683222075,0.009288599608435475,0.01344782608695652,0.9566666666666667,1.0,1.0,0.0,0.0,0.0,40000.0,20000.0,0.009288599608435475,0.01344782608695652
stratified_size_rep016,stratified_size,16,b50_lb5_k10_eps0p0025,aggregate_only_sync,confidence,300,60,5,0.004249890109890065,0.009315068561698048,0.013293170209574073,0.015859291338582715,0.81,1.0,1.0,0.19062499999999996,0.0,0.19062499999999996,31700.0,16187.5,0.013293170209574073,0.015859291338582715
stratified_size_rep016,stratified_size,16,b50_lb5_k10_eps0p0025,aggregate_only_sync,shot_proportional,300,60,5,0.004249890109890065,0.009315068561698048,0.013293170209574073,0.015859291338582715,0.81,1.0,1.0,0.19062499999999996,0.0,0.19062499999999996,31700.0,16187.5,0.013293170209574073,0.015859291338582715
stratified_size_rep016,stratified_size,16,b50_lb5_k10_eps0p0025,aggregate_only_sync,uniform,300,60,5,0.004249890109890065,0.009315068561698048,0.013293170209574073,0.015859291338582715,0.81,1.0,1.0,0.19062499999999996,0.0,0.19062499999999996,31700.0,16187.5,0.013293170209574073,0.015859291338582715
stratified_size_rep016,stratified_size,16,b50_lb5_k10_eps0p0025,hierarchical_local_aggregate,confidence,300,60,5,0.004061974777951659,0.009225478459884463,0.012823089320671189,0.015611378437034718,0.8066666666666666,1.0,1.0,0.19062499999999996,0.0,0.19062499999999996,31700.0,16187.5,0.012823089320671189,0.015611378437034718
stratified_size_rep016,stratified_size,16,b50_lb5_k10_eps0p0025,hierarchical_local_aggregate,shot_proportional,300,60,5,0.004249890109890065,0.009315068561698048,0.013319584790937955,0.015859291338582715,0.8066666666666666,1.0,1.0,0.19062499999999996,0.0,0.19062499999999996,31700.0,16187.5,0.013319584790937955,0.015859291338582715
stratified_size_rep016,stratified_size,16,b50_lb5_k10_eps0p0025,hierarchical_local_aggregate,uniform,300,60,5,0.004249890109890065,0.009315068561698048,0.013319584790937955,0.015859291338582715,0.8066666666666666,1.0,1.0,0.19062499999999996,0.0,0.19062499999999996,31700.0,16187.5,0.013319584790937955,0.015859291338582715
stratified_size_rep016,stratified_size,16,b50_lb5_k10_eps0p0025,local_only_offline_aggregate,confidence,300,60,5,0.0,0.00544278886501855,0.009290443985347955,0.01344782608695652,0.96,1.0,1.0,0.0,0.0,0.0,40000.0,20000.0,0.009290443985347955,0.01344782608695652
stratified_size_rep016,stratified_size,16,b50_lb5_k10_eps0p0025,local_only_offline_aggregate,shot_proportional,300,60,5,0.0,0.005369266687364836,0.009338932030423219,0.01344782608695652,0.96,1.0,1.0,0.0,0.0,0.0,40000.0,20000.0,0.009338932030423219,0.01344782608695652
stratified_size_rep016,stratified_size,16,b50_lb5_k10_eps0p0025,local_only_offline_aggregate,uniform,300,60,5,0.0,0.005551418443054422,0.009288599608435475,0.01344782608695652,0.96,1.0,1.0,0.0,0.0,0.0,40000.0,20000.0,0.009288599608435475,0.01344782608695652
stratified_size_rep017,stratified_size,17,b50_lb5_k10_eps0p0025,aggregate_only_sync,confidence,300,60,5,0.005936013257593948,0.00958202255112792,0.013318668721918598,0.015859291338582715,0.7766666666666666,1.0,1.0,0.22250000000000003,0.0,0.22250000000000003,32500.0,15550.0,0.013318668721918598,0.015859291338582715
stratified_size_rep017,stratified_size,17,b50_lb5_k10_eps0p0025,aggregate_only_sync,shot_proportional,300,60,5,0.005936013257593948,0.00958202255112792,0.013318668721918598,0.015859291338582715,0.7766666666666666,1.0,1.0,0.22250000000000003,0.0,0.22250000000000003,32500.0,15550.0,0.013318668721918598,0.015859291338582715
stratified_size_rep017,stratified_size,17,b50_lb5_k10_eps0p0025,aggregate_only_sync,uniform,300,60,5,0.005936013257593948,0.00958202255112792,0.013318668721918598,0.015859291338582715,0.7766666666666666,1.0,1.0,0.22250000000000003,0.0,0.22250000000000003,32500.0,15550.0,0.013318668721918598,0.015859291338582715
stratified_size_rep017,stratified_size,17,b50_lb5_k10_eps0p0025,hierarchical_local_aggregate,confidence,300,60,5,0.005638446290501531,0.009617260063379911,0.012926882219335793,0.015611378437034718,0.7733333333333333,1.0,1.0,0.23250000000000004,0.0,0.2325,32500.0,15350.0,0.012926882219335793,0.015611378437034718
stratified_size_rep017,stratified_size,17,b50_lb5_k10_eps0p0025,hierarchical_local_aggregate,shot_proportional,300,60,5,0.0059725906385463,0.009597414380425152,0.013489013196592148,0.015859291338582715,0.7733333333333333,1.0,1.0,0.23250000000000004,0.0,0.2325,32500.0,15350.0,0.013489013196592148,0.015859291338582715
stratified_size_rep017,stratified_size,17,b50_lb5_k10_eps0p0025,hierarchical_local_aggregate,uniform,300,60,5,0.005970735479816168,0.009597414380425152,0.013489013196592148,0.015859291338582715,0.7733333333333333,1.0,1.0,0.23250000000000004,0.0,0.2325,32500.0,15350.0,0.013489013196592148,0.015859291338582715
stratified_size_rep017,stratified_size,17,b50_lb5_k10_eps0p0025,local_only_offline_aggregate,confidence,300,60,5,0.0,0.005629058671417237,0.009331424389073108,0.01344782608695652,0.9566666666666667,1.0,1.0,0.0,0.0,0.0,40000.0,20000.0,0.009331424389073108,0.01344782608695652
stratified_size_rep017,stratified_size,17,b50_lb5_k10_eps0p0025,local_only_offline_aggregate,shot_proportional,300,60,5,0.0,0.005452496905470474,0.009418338497644821,0.01344782608695652,0.9566666666666667,1.0,1.0,0.0,0.0,0.0,40000.0,20000.0,0.009418338497644821,0.01344782608695652
stratified_size_rep017,stratified_size,17,b50_lb5_k10_eps0p0025,local_only_offline_aggregate,uniform,300,60,5,0.0,0.0055659407550582175,0.009389605465032242,0.01344782608695652,0.9566666666666667,1.0,1.0,0.0,0.0,0.0,40000.0,20000.0,0.009389605465032242,0.01344782608695652
stratified_size_rep018,stratified_size,18,b50_lb5_k10_eps0p0025,aggregate_only_sync,confidence,300,60,5,0.0041352010489510305,0.009252165045562637,0.013232451036866209,0.015859291338582715,0.82,1.0,1.0,0.116875,0.0,0.116875,34525.0,17662.5,0.013232451036866209,0.015859291338582715
stratified_size_rep018,stratified_size,18,b50_lb5_k10_eps0p0025,aggregate_only_sync,shot_proportional,300,60,5,0.0041352010489510305,0.009252165045562637,0.013232451036866209,0.015859291338582715,0.82,1.0,1.0,0.116875,0.0,0.116875,34525.0,17662.5,0.013232451036866209,0.015859291338582715
stratified_size_rep018,stratified_size,18,b50_lb5_k10_eps0p0025,aggregate_only_sync,uniform,300,60,5,0.0041352010489510305,0.009252165045562637,0.013232451036866209,0.015859291338582715,0.82,1.0,1.0,0.116875,0.0,0.116875,34525.0,17662.5,0.013232451036866209,0.015859291338582715
stratified_size_rep018,stratified_size,18,b50_lb5_k10_eps0p0025,hierarchical_local_aggregate,confidence,300,60,5,0.00395795713182756,0.009194562556554452,0.01279158827932932,0.015611378437034718,0.8233333333333334,1.0,1.0,0.116875,0.0,0.116875,34525.0,17662.5,0.01279158827932932,0.015611378437034718
stratified_size_rep018,stratified_size,18,b50_lb5_k10_eps0p0025,hierarchical_local_aggregate,shot_proportional,300,60,5,0.0041352010489510305,0.009252165045562637,0.013293170209574073,0.015859291338582715,0.82,1.0,1.0,0.116875,0.0,0.116875,34525.0,17662.5,0.013293170209574073,0.015859291338582715
stratified_size_rep018,stratified_size,18,b50_lb5_k10_eps0p0025,hierarchical_local_aggregate,uniform,300,60,5,0.0041352010489510305,0.009252165045562637,0.013293170209574073,0.015859291338582715,0.82,1.0,1.0,0.116875,0.0,0.116875,34525.0,17662.5,0.013293170209574073,0.015859291338582715
stratified_size_rep018,stratified_size,18,b50_lb5_k10_eps0p0025,local_only_offline_aggregate,confidence,300,60,5,0.0,0.005344291383547951,0.009225051392574237,0.013312835249042239,0.96,1.0,1.0,0.0,0.0,0.0,40000.0,20000.0,0.009225051392574237,0.013312835249042239
stratified_size_rep018,stratified_size,18,b50_lb5_k10_eps0p0025,local_only_offline_aggregate,shot_proportional,300,60,5,0.0,0.005354622847434263,0.009233518373807066,0.013312835249042239,0.9633333333333334,1.0,1.0,0.0,0.0,0.0,40000.0,20000.0,0.009233518373807066,0.013312835249042239
stratified_size_rep018,stratified_size,18,b50_lb5_k10_eps0p0025,local_only_offline_aggregate,uniform,300,60,5,0.0,0.005343537662713817,0.009226793799459976,0.013312835249042239,0.9633333333333334,1.0,1.0,0.0,0.0,0.0,40000.0,20000.0,0.009226793799459976,0.013312835249042239
stratified_size_rep019,stratified_size,19,b50_lb5_k10_eps0p0025,aggregate_only_sync,confidence,300,60,5,0.003813056210441385,0.009158102519021879,0.013022429927667185,0.015859291338582715,0.83,1.0,1.0,0.14062499999999997,0.0,0.14062499999999997,34525.0,17187.5,0.013022429927667185,0.015859291338582715
stratified_size_rep019,stratified_size,19,b50_lb5_k10_eps0p0025,aggregate_only_sync,shot_proportional,300,60,5,0.003813056210441385,0.009158102519021879,0.013022429927667185,0.015859291338582715,0.83,1.0,1.0,0.14062499999999997,0.0,0.14062499999999997,34525.0,17187.5,0.013022429927667185,0.015859291338582715
stratified_size_rep019,stratified_size,19,b50_lb5_k10_eps0p0025,aggregate_only_sync,uniform,300,60,5,0.003813056210441385,0.009158102519021879,0.013022429927667185,0.015859291338582715,0.83,1.0,1.0,0.14062499999999997,0.0,0.14062499999999997,34525.0,17187.5,0.013022429927667185,0.015859291338582715
stratified_size_rep019,stratified_size,19,b50_lb5_k10_eps0p0025,hierarchical_local_aggregate,confidence,300,60,5,0.00374395640159152,0.009048020861773778,0.0126156671237105,0.015611378437034718,0.83,1.0,1.0,0.14062499999999997,0.0,0.14062499999999997,34525.0,17187.5,0.0126156671237105,0.015611378437034718
stratified_size_rep019,stratified_size,19,b50_lb5_k10_eps0p0025,hierarchical_local_aggregate,shot_proportional,300,60,5,0.0037197287840509776,0.009198229190710889,0.01324278782986784,0.015859291338582715,0.8266666666666667,1.0,1.0,0.14062499999999997,0.0,0.14062499999999997,34525.0,17187.5,0.01324278782986784,0.015859291338582715
stratified_size_rep019,stratified_size,19,b50_lb5_k10_eps0p0025,hierarchical_local_aggregate,uniform,300,60,5,0.003738729512549106,0.009179618658104967,0.01324278782986784,0.015859291338582715,0.8266666666666667,1.0,1.0,0.14062499999999997,0.0,0.14062499999999997,34525.0,17187.5,0.01324278782986784,0.015859291338582715
stratified_size_rep019,stratified_size,19,b50_lb5_k10_eps0p0025,local_only_offline_aggregate,confidence,300,60,5,0.0,0.005191905358530221,0.009227052038344454,0.01344782608695652,0.96,1.0,1.0,0.0,0.0,0.0,40000.0,20000.0,0.009227052038344454,0.01344782608695652
stratified_size_rep019,stratified_size,19,b50_lb5_k10_eps0p0025,local_only_offline_aggregate,shot_proportional,300,60,5,0.0,0.004815294245392057,0.009224028339561567,0.01344782608695652,0.9633333333333334,1.0,1.0,0.0,0.0,0.0,40000.0,20000.0,0.009224028339561567,0.01344782608695652
stratified_size_rep019,stratified_size,19,b50_lb5_k10_eps0p0025,local_only_offline_aggregate,uniform,300,60,5,0.0,0.00501237328315351,0.009225974589476398,0.01344782608695652,0.9633333333333334,1.0,1.0,0.0,0.0,0.0,40000.0,20000.0,0.009225974589476398,0.01344782608695652
stratified_size_rep020,stratified_size,20,b50_lb5_k10_eps0p0025,aggregate_only_sync,confidence,300,60,5,0.004760068646232449,0.009505459840572831,0.013313842497889555,0.015859291338582715,0.7866666666666666,1.0,1.0,0.19062499999999996,0.0,0.19062499999999996,32975.0,16187.5,0.013313842497889555,0.015859291338582715
stratified_size_rep020,stratified_size,20,b50_lb5_k10_eps0p0025,aggregate_only_sync,shot_proportional,300,60,5,0.004760068646232449,0.009505459840572831,0.013313842497889555,0.015859291338582715,0.7866666666666666,1.0,1.0,0.19062499999999996,0.0,0.19062499999999996,32975.0,16187.5,0.013313842497889555,0.015859291338582715
stratified_size_rep020,stratified_size,20,b50_lb5_k10_eps0p0025,aggregate_only_sync,uniform,300,60,5,0.004760068646232449,0.009505459840572831,0.013313842497889555,0.015859291338582715,0.7866666666666666,1.0,1.0,0.19062499999999996,0.0,0.19062499999999996,32975.0,16187.5,0.013313842497889555,0.015859291338582715
stratified_size_rep020,stratified_size,20,b50_lb5_k10_eps0p0025,hierarchical_local_aggregate,confidence,300,60,5,0.0046611648854190165,0.009391709872862669,0.012823089320671189,0.015611378437034718,0.7866666666666666,1.0,1.0,0.19062499999999996,0.0,0.19062499999999996,32900.0,16187.5,0.012823089320671189,0.015611378437034718
stratified_size_rep020,stratified_size,20,b50_lb5_k10_eps0p0025,hierarchical_local_aggregate,shot_proportional,300,60,5,0.004760068646232449,0.009510307176887485,0.013338722519036957,0.015859291338582715,0.7866666666666666,1.0,1.0,0.19062499999999996,0.0,0.19062499999999996,32900.0,16187.5,0.013338722519036957,0.015859291338582715
stratified_size_rep020,stratified_size,20,b50_lb5_k10_eps0p0025,hierarchical_local_aggregate,uniform,300,60,5,0.004760068646232449,0.009510307176887485,0.013338722519036957,0.015859291338582715,0.7866666666666666,1.0,1.0,0.19062499999999996,0.0,0.19062499999999996,32900.0,16187.5,0.013338722519036957,0.015859291338582715
stratified_size_rep020,stratified_size,20,b50_lb5_k10_eps0p0025,local_only_offline_aggregate,confidence,300,60,5,0.0,0.005652646450853127,0.009331424389073108,0.01344782608695652,0.9566666666666667,1.0,1.0,0.0,0.0,0.0,40000.0,20000.0,0.009331424389073108,0.01344782608695652
stratified_size_rep020,stratified_size,20,b50_lb5_k10_eps0p0025,local_only_offline_aggregate,shot_proportional,300,60,5,0.0,0.005537357431313497,0.009418338497644821,0.01344782608695652,0.96,1.0,1.0,0.0,0.0,0.0,40000.0,20000.0,0.009418338497644821,0.01344782608695652
stratified_size_rep020,stratified_size,20,b50_lb5_k10_eps0p0025,local_only_offline_aggregate,uniform,300,60,5,0.0,0.0055909582333453535,0.009389605465032242,0.01344782608695652,0.96,1.0,1.0,0.0,0.0,0.0,40000.0,20000.0,0.009389605465032242,0.01344782608695652
stratified_size_rep021,stratified_size,21,b50_lb5_k10_eps0p0025,aggregate_only_sync,confidence,300,60,5,0.0047857870370370155,0.009437951962809906,0.0133378064500176,0.015859291338582715,0.79,1.0,1.0,0.27,0.0,0.27,30525.0,14600.0,0.0133378064500176,0.015859291338582715
stratified_size_rep021,stratified_size,21,b50_lb5_k10_eps0p0025,aggregate_only_sync,shot_proportional,300,60,5,0.0047857870370370155,0.009437951962809906,0.0133378064500176,0.015859291338582715,0.79,1.0,1.0,0.27,0.0,0.27,30525.0,14600.0,0.0133378064500176,0.015859291338582715
stratified_size_rep021,stratified_size,21,b50_lb5_k10_eps0p0025,aggregate_only_sync,uniform,300,60,5,0.0047857870370370155,0.009437951962809906,0.0133378064500176,0.015859291338582715,0.79,1.0,1.0,0.27,0.0,0.27,30525.0,14600.0,0.0133378064500176,0.015859291338582715
stratified_size_rep021,stratified_size,21,b50_lb5_k10_eps0p0025,hierarchical_local_aggregate,confidence,300,60,5,0.0047037239648241615,0.009376986335537497,0.012859389507841362,0.015611378437034718,0.79,1.0,1.0,0.27937500000000004,0.0,0.27937500000000004,30500.0,14412.5,0.012859389507841362,0.015611378437034718
stratified_size_rep021,stratified_size,21,b50_lb5_k10_eps0p0025,hierarchical_local_aggregate,shot_proportional,300,60,5,0.0047857870370370155,0.009437951962809906,0.013489013196592148,0.015859291338582715,0.7866666666666666,1.0,1.0,0.27937500000000004,0.0,0.27937500000000004,30500.0,14412.5,0.013489013196592148,0.015859291338582715
stratified_size_rep021,stratified_size,21,b50_lb5_k10_eps0p0025,hierarchical_local_aggregate,uniform,300,60,5,0.0047857870370370155,0.009426963064529458,0.013489013196592148,0.015859291338582715,0.7866666666666666,1.0,1.0,0.27937500000000004,0.0,0.27937500000000004,30500.0,14412.5,0.013489013196592148,0.015859291338582715
stratified_size_rep021,stratified_size,21,b50_lb5_k10_eps0p0025,local_only_offline_aggregate,confidence,300,60,5,0.0009434904408790424,0.005666443821213956,0.009290443985347955,0.01344782608695652,0.9533333333333334,1.0,1.0,0.008124999999999993,0.0,0.0,40000.0,20000.0,0.009290443985347955,0.01344782608695652
stratified_size_rep021,stratified_size,21,b50_lb5_k10_eps0p0025,local_only_offline_aggregate,shot_proportional,300,60,5,0.0008790905293585124,0.00552901896025033,0.009340524141411946,0.01344782608695652,0.9566666666666667,1.0,1.0,0.008124999999999993,0.0,0.0,40000.0,20000.0,0.009340524141411946,0.01344782608695652
stratified_size_rep021,stratified_size,21,b50_lb5_k10_eps0p0025,local_only_offline_aggregate,uniform,300,60,5,0.0008968314608239123,0.0055909582333453535,0.009288599608435475,0.01344782608695652,0.9566666666666667,1.0,1.0,0.008124999999999993,0.0,0.0,40000.0,20000.0,0.009288599608435475,0.01344782608695652
stratified_size_rep022,stratified_size,22,b50_lb5_k10_eps0p0025,aggregate_only_sync,confidence,300,60,5,0.00259151884631075,0.009104389543033348,0.01323834618521206,0.015859291338582715,0.82,1.0,1.0,0.0675,0.0,0.0675,34175.0,18650.0,0.01323834618521206,0.015859291338582715
stratified_size_rep022,stratified_size,22,b50_lb5_k10_eps0p0025,aggregate_only_sync,shot_proportional,300,60,5,0.00259151884631075,0.009104389543033348,0.01323834618521206,0.015859291338582715,0.82,1.0,1.0,0.0675,0.0,0.0675,34175.0,18650.0,0.01323834618521206,0.015859291338582715
stratified_size_rep022,stratified_size,22,b50_lb5_k10_eps0p0025,aggregate_only_sync,uniform,300,60,5,0.00259151884631075,0.009104389543033348,0.01323834618521206,0.015859291338582715,0.82,1.0,1.0,0.0675,0.0,0.0675,34175.0,18650.0,0.01323834618521206,0.015859291338582715
stratified_size_rep022,stratified_size,22,b50_lb5_k10_eps0p0025,hierarchical_local_aggregate,confidence,300,60,5,0.0027447519846400753,0.009078433423189099,0.012840627962034586,0.015611378437034718,0.8233333333333334,1.0,1.0,0.0675,0.0,0.0675,33875.0,18650.0,0.012840627962034586,0.015611378437034718
stratified_size_rep022,stratified_size,22,b50_lb5_k10_eps0p0025,hierarchical_local_aggregate,shot_proportional,300,60,5,0.00259151884631075,0.009104389543033348,0.013448268115942024,0.015859291338582715,0.82,1.0,1.0,0.0675,0.0,0.0675,33875.0,18650.0,0.013448268115942024,0.015859291338582715
stratified_size_rep022,stratified_size,22,b50_lb5_k10_eps0p0025,hierarchical_local_aggregate,uniform,300,60,5,0.00259151884631075,0.009104389543033348,0.01344806603207817,0.015859291338582715,0.82,1.0,1.0,0.0675,0.0,0.0675,33875.0,18650.0,0.01344806603207817,0.015859291338582715
stratified_size_rep022,stratified_size,22,b50_lb5_k10_eps0p0025,local_only_offline_aggregate,confidence,300,60,5,0.0,0.005221685086675743,0.009225051392574237,0.01344782608695652,0.9666666666666667,1.0,1.0,0.0,0.0,0.0,40000.0,20000.0,0.009225051392574237,0.01344782608695652
stratified_size_rep022,stratified_size,22,b50_lb5_k10_eps0p0025,local_only_offline_aggregate,shot_proportional,300,60,5,0.0,0.005010215705327906,0.009124727061556308,0.01344782608695652,0.9666666666666667,1.0,1.0,0.0,0.0,0.0,40000.0,20000.0,0.009124727061556308,0.01344782608695652
stratified_size_rep022,stratified_size,22,b50_lb5_k10_eps0p0025,local_only_offline_aggregate,uniform,300,60,5,0.0,0.005196566641042259,0.009225974589476398,0.01344782608695652,0.9666666666666667,1.0,1.0,0.0,0.0,0.0,40000.0,20000.0,0.009225974589476398,0.01344782608695652
stratified_size_rep023,stratified_size,23,b50_lb5_k10_eps0p0025,aggregate_only_sync,confidence,300,60,5,0.0031754769314030367,0.0092405806208734,0.013318668721918598,0.015859291338582715,0.8133333333333334,1.0,1.0,0.11437500000000003,0.0,0.11437500000000003,32725.0,17712.5,0.013318668721918598,0.015859291338582715
stratified_size_rep023,stratified_size,23,b50_lb5_k10_eps0p0025,aggregate_only_sync,shot_proportional,300,60,5,0.0031754769314030367,0.0092405806208734,0.013318668721918598,0.015859291338582715,0.8133333333333334,1.0,1.0,0.11437500000000003,0.0,0.11437500000000003,32725.0,17712.5,0.013318668721918598,0.015859291338582715
stratified_size_rep023,stratified_size,23,b50_lb5_k10_eps0p0025,aggregate_only_sync,uniform,300,60,5,0.0031754769314030367,0.0092405806208734,0.013318668721918598,0.015859291338582715,0.8133333333333334,1.0,1.0,0.11437500000000003,0.0,0.11437500000000003,32725.0,17712.5,0.013318668721918598,0.015859291338582715
stratified_size_rep023,stratified_size,23,b50_lb5_k10_eps0p0025,hierarchical_local_aggregate,confidence,300,60,5,0.003112025638315179,0.009212677174845032,0.012859389507841362,0.015611378437034718,0.8133333333333334,1.0,1.0,0.11437500000000003,0.0,0.11437500000000003,32650.0,17712.5,0.012859389507841362,0.015611378437034718
stratified_size_rep023,stratified_size,23,b50_lb5_k10_eps0p0025,hierarchical_local_aggregate,shot_proportional,300,60,5,0.0032785458465068805,0.0092405806208734,0.013489013196592148,0.015859291338582715,0.81,1.0,1.0,0.11437500000000003,0.0,0.11437500000000003,32650.0,17712.5,0.013489013196592148,0.015859291338582715
stratified_size_rep023,stratified_size,23,b50_lb5_k10_eps0p0025,hierarchical_local_aggregate,uniform,300,60,5,0.0032785458465068805,0.0092405806208734,0.013489013196592148,0.015859291338582715,0.81,1.0,1.0,0.11437500000000003,0.0,0.11437500000000003,32650.0,17712.5,0.013489013196592148,0.015859291338582715
stratified_size_rep023,stratified_size,23,b50_lb5_k10_eps0p0025,local_only_offline_aggregate,confidence,300,60,5,0.0,0.00544278886501855,0.009124727061556308,0.01344782608695652,0.9633333333333334,1.0,1.0,0.0,0.0,0.0,40000.0,20000.0,0.009124727061556308,0.01344782608695652
stratified_size_rep023,stratified_size,23,b50_lb5_k10_eps0p0025,local_only_offline_aggregate,shot_proportional,300,60,5,0.0,0.0051233841855826455,0.008769254298280701,0.01344782608695652,0.9633333333333334,1.0,1.0,0.0,0.0,0.0,40000.0,20000.0,0.008769254298280701,0.01344782608695652
stratified_size_rep023,stratified_size,23,b50_lb5_k10_eps0p0025,local_only_offline_aggregate,uniform,300,60,5,0.0,0.005515335950584367,0.009124727061556308,0.01344782608695652,0.9633333333333334,1.0,1.0,0.0,0.0,0.0,40000.0,20000.0,0.009124727061556308,0.01344782608695652
stratified_size_rep024,stratified_size,24,b50_lb5_k10_eps0p0025,aggregate_only_sync,confidence,300,60,5,0.005036805555555558,0.009505459840572831,0.0133378064500176,0.015859291338582715,0.79,1.0,1.0,0.27,0.0,0.27,31150.0,14600.0,0.0133378064500176,0.015859291338582715
stratified_size_rep024,stratified_size,24,b50_lb5_k10_eps0p0025,aggregate_only_sync,shot_proportional,300,60,5,0.005036805555555558,0.009505459840572831,0.0133378064500176,0.015859291338582715,0.79,1.0,1.0,0.27,0.0,0.27,31150.0,14600.0,0.0133378064500176,0.015859291338582715
stratified_size_rep024,stratified_size,24,b50_lb5_k10_eps0p0025,aggregate_only_sync,uniform,300,60,5,0.005036805555555558,0.009505459840572831,0.0133378064500176,0.015859291338582715,0.79,1.0,1.0,0.27,0.0,0.27,31150.0,14600.0,0.0133378064500176,0.015859291338582715
stratified_size_rep024,stratified_size,24,b50_lb5_k10_eps0p0025,hierarchical_local_aggregate,confidence,300,60,5,0.0048694484823805645,0.009391709872862669,0.012926882219335793,0.015611378437034718,0.78,1.0,1.0,0.27937500000000004,0.0,0.27937500000000004,31150.0,14412.5,0.012926882219335793,0.015611378437034718
stratified_size_rep024,stratified_size,24,b50_lb5_k10_eps0p0025,hierarchical_local_aggregate,shot_proportional,300,60,5,0.005036805555555558,0.00951043357683982,0.013489013196592148,0.015859291338582715,0.7866666666666666,1.0,1.0,0.27937500000000004,0.0,0.27937500000000004,31150.0,14412.5,0.013489013196592148,0.015859291338582715
stratified_size_rep024,stratified_size,24,b50_lb5_k10_eps0p0025,hierarchical_local_aggregate,uniform,300,60,5,0.005036805555555558,0.00949518160273368,0.013489013196592148,0.015859291338582715,0.7866666666666666,1.0,1.0,0.27937500000000004,0.0,0.27937500000000004,31150.0,14412.5,0.013489013196592148,0.015859291338582715
stratified_size_rep024,stratified_size,24,b50_lb5_k10_eps0p0025,local_only_offline_aggregate,confidence,300,60,5,0.0009602331548349759,0.005652646450853127,0.009331424389073108,0.01344782608695652,0.9566666666666667,1.0,1.0,0.018125000000000002,0.0,0.0,40000.0,20000.0,0.009331424389073108,0.01344782608695652
stratified_size_rep024,stratified_size,24,b50_lb5_k10_eps0p0025,local_only_offline_aggregate,shot_proportional,300,60,5,0.0008000260145681597,0.005530323358122906,0.009338932030423219,0.01344782608695652,0.96,1.0,1.0,0.018125000000000002,0.0,0.0,40000.0,20000.0,0.009338932030423219,0.01344782608695652
stratified_size_rep024,stratified_size,24,b50_lb5_k10_eps0p0025,local_only_offline_aggregate,uniform,300,60,5,0.0009550621118012457,0.005595058333696522,0.009292618604305075,0.01344782608695652,0.96,1.0,1.0,0.018125000000000002,0.0,0.0,40000.0,20000.0,0.009292618604305075,0.01344782608695652
stratified_size_rep025,stratified_size,25,b50_lb5_k10_eps0p0025,aggregate_only_sync,confidence,300,60,5,0.004365424648786774,0.009493289815543598,0.013232451036866209,0.015859291338582715,0.8,1.0,1.0,0.1575,0.0,0.1575,33300.0,16850.0,0.013232451036866209,0.015859291338582715
stratified_size_rep025,stratified_size,25,b50_lb5_k10_eps0p0025,aggregate_only_sync,shot_proportional,300,60,5,0.004365424648786774,0.009493289815543598,0.013232451036866209,0.015859291338582715,0.8,1.0,1.0,0.1575,0.0,0.1575,33300.0,16850.0,0.013232451036866209,0.015859291338582715
stratified_size_rep025,stratified_size,25,b50_lb5_k10_eps0p0025,aggregate_only_sync,uniform,300,60,5,0.004365424648786774,0.009493289815543598,0.013232451036866209,0.015859291338582715,0.8,1.0,1.0,0.1575,0.0,0.1575,33300.0,16850.0,0.013232451036866209,0.015859291338582715
stratified_size_rep025,stratified_size,25,b50_lb5_k10_eps0p0025,hierarchical_local_aggregate,confidence,300,60,5,0.004640977292865199,0.009408449777020433,0.012859389507841362,0.015611378437034718,0.7966666666666666,1.0,1.0,0.1720833333333333,0.0,0.16749999999999998,33125.0,16650.0,0.012859389507841362,0.015611378437034718
stratified_size_rep025,stratified_size,25,b50_lb5_k10_eps0p0025,hierarchical_local_aggregate,shot_proportional,300,60,5,0.004365424648786774,0.009493289815543598,0.013319584790937955,0.015859291338582715,0.7966666666666666,1.0,1.0,0.1720833333333333,0.0,0.16749999999999998,33125.0,16650.0,0.013319584790937955,0.015859291338582715
stratified_size_rep025,stratified_size,25,b50_lb5_k10_eps0p0025,hierarchical_local_aggregate,uniform,300,60,5,0.004365424648786774,0.00947260824082721,0.013319584790937955,0.015859291338582715,0.7966666666666666,1.0,1.0,0.1720833333333333,0.0,0.16749999999999998,33125.0,16650.0,0.013319584790937955,0.015859291338582715
stratified_size_rep025,stratified_size,25,b50_lb5_k10_eps0p0025,local_only_offline_aggregate,confidence,300,60,5,0.0,0.005392509000685228,0.009290443985347955,0.01344782608695652,0.96,1.0,1.0,0.0,0.0,0.0,40000.0,20000.0,0.009290443985347955,0.01344782608695652
stratified_size_rep025,stratified_size,25,b50_lb5_k10_eps0p0025,local_only_offline_aggregate,shot_proportional,300,60,5,0.0,0.005234674752633705,0.009338932030423219,0.01344782608695652,0.96,1.0,1.0,0.0,0.0,0.0,40000.0,20000.0,0.009338932030423219,0.01344782608695652
stratified_size_rep025,stratified_size,25,b50_lb5_k10_eps0p0025,local_only_offline_aggregate,uniform,300,60,5,0.0,0.00538874919501577,0.009288599608435475,0.01344782608695652,0.96,1.0,1.0,0.0,0.0,0.0,40000.0,20000.0,0.009288599608435475,0.01344782608695652
stratified_size_rep026,stratified_size,26,b50_lb5_k10_eps0p0025,aggregate_only_sync,confidence,300,60,5,0.005366040724714616,0.009497449638429741,0.0133378064500176,0.015859291338582715,0.7766666666666666,1.0,1.0,0.25875,0.0,0.25875,30525.0,14825.0,0.0133378064500176,0.015859291338582715
stratified_size_rep026,stratified_size,26,b50_lb5_k10_eps0p0025,aggregate_only_sync,shot_proportional,300,60,5,0.005366040724714616,0.009497449638429741,0.0133378064500176,0.015859291338582715,0.7766666666666666,1.0,1.0,0.25875,0.0,0.25875,30525.0,14825.0,0.0133378064500176,0.015859291338582715
stratified_size_rep026,stratified_size,26,b50_lb5_k10_eps0p0025,aggregate_only_sync,uniform,300,60,5,0.005366040724714616,0.009497449638429741,0.0133378064500176,0.015859291338582715,0.7766666666666666,1.0,1.0,0.25875,0.0,0.25875,30525.0,14825.0,0.0133378064500176,0.015859291338582715
stratified_size_rep026,stratified_size,26,b50_lb5_k10_eps0p0025,hierarchical_local_aggregate,confidence,300,60,5,0.0054837823177991815,0.009526375145559162,0.012926882219335793,0.015611378437034718,0.7766666666666666,1.0,1.0,0.27,0.0,0.27,30500.0,14600.0,0.012926882219335793,0.015611378437034718
stratified_size_rep026,stratified_size,26,b50_lb5_k10_eps0p0025,hierarchical_local_aggregate,shot_proportional,300,60,5,0.005366040724714616,0.009497449638429741,0.013489013196592148,0.015859291338582715,0.7733333333333333,1.0,1.0,0.27,0.0,0.27,30500.0,14600.0,0.013489013196592148,0.015859291338582715
stratified_size_rep026,stratified_size,26,b50_lb5_k10_eps0p0025,hierarchical_local_aggregate,uniform,300,60,5,0.005366040724714616,0.009497449638429741,0.013489013196592148,0.015859291338582715,0.7733333333333333,1.0,1.0,0.27,0.0,0.27,30500.0,14600.0,0.013489013196592148,0.015859291338582715
stratified_size_rep026,stratified_size,26,b50_lb5_k10_eps0p0025,local_only_offline_aggregate,confidence,300,60,5,0.0,0.005784741736690149,0.009478396923665028,0.01344782608695652,0.9533333333333334,1.0,1.0,0.0,0.0,0.0,40000.0,20000.0,0.009478396923665028,0.01344782608695652
stratified_size_rep026,stratified_size,26,b50_lb5_k10_eps0p0025,local_only_offline_aggregate,shot_proportional,300,60,5,0.0,0.005686746414019951,0.009449457495436839,0.01344782608695652,0.9566666666666667,1.0,1.0,0.0,0.0,0.0,40000.0,20000.0,0.009449457495436839,0.01344782608695652
stratified_size_rep026,stratified_size,26,b50_lb5_k10_eps0p0025,local_only_offline_aggregate,uniform,300,60,5,0.0,0.005821431305167787,0.009472636126751447,0.01344782608695652,0.9566666666666667,1.0,1.0,0.0,0.0,0.0,40000.0,20000.0,0.009472636126751447,0.01344782608695652
stratified_size_rep027,stratified_size,27,b50_lb5_k10_eps0p0025,aggregate_only_sync,confidence,300,60,5,0.004249890109890065,0.009401775412087917,0.013293170209574073,0.015859291338582715,0.79,1.0,1.0,0.16874999999999998,0.0,0.16874999999999998,32975.0,16625.0,0.013293170209574073,0.015859291338582715
stratified_size_rep027,stratified_size,27,b50_lb5_k10_eps0p0025,aggregate_only_sync,shot_proportional,300,60,5,0.004249890109890065,0.009401775412087917,0.013293170209574073,0.015859291338582715,0.79,1.0,1.0,0.16874999999999998,0.0,0.16874999999999998,32975.0,16625.0,0.013293170209574073,0.015859291338582715
stratified_size_rep027,stratified_size,27,b50_lb5_k10_eps0p0025,aggregate_only_sync,uniform,300,60,5,0.004249890109890065,0.009401775412087917,0.013293170209574073,0.015859291338582715,0.79,1.0,1.0,0.16874999999999998,0.0,0.16874999999999998,32975.0,16625.0,0.013293170209574073,0.015859291338582715
stratified_size_rep027,stratified_size,27,b50_lb5_k10_eps0p0025,hierarchical_local_aggregate,confidence,300,60,5,0.00395795713182756,0.009365699506888736,0.012926882219335793,0.015611378437034718,0.7933333333333333,1.0,1.0,0.1833333333333333,0.0,0.17874999999999996,32900.0,16425.0,0.012926882219335793,0.015611378437034718
stratified_size_rep027,stratified_size,27,b50_lb5_k10_eps0p0025,hierarchical_local_aggregate,shot_proportional,300,60,5,0.004249890109890065,0.009401775412087917,0.013448268115942024,0.015859291338582715,0.79,1.0,1.0,0.1833333333333333,0.0,0.17874999999999996,32900.0,16425.0,0.013448268115942024,0.015859291338582715
stratified_size_rep027,stratified_size,27,b50_lb5_k10_eps0p0025,hierarchical_local_aggregate,uniform,300,60,5,0.004249890109890065,0.009401775412087917,0.01344806603207817,0.015859291338582715,0.79,1.0,1.0,0.1833333333333333,0.0,0.17874999999999996,32900.0,16425.0,0.01344806603207817,0.015859291338582715
stratified_size_rep027,stratified_size,27,b50_lb5_k10_eps0p0025,local_only_offline_aggregate,confidence,300,60,5,0.0,0.005652646450853127,0.009290443985347955,0.01344782608695652,0.9566666666666667,1.0,1.0,0.0,0.0,0.0,40000.0,20000.0,0.009290443985347955,0.01344782608695652
stratified_size_rep027,stratified_size,27,b50_lb5_k10_eps0p0025,local_only_offline_aggregate,shot_proportional,300,60,5,0.0,0.005537357431313497,0.009338932030423219,0.01344782608695652,0.96,1.0,1.0,0.0,0.0,0.0,40000.0,20000.0,0.009338932030423219,0.01344782608695652
stratified_size_rep027,stratified_size,27,b50_lb5_k10_eps0p0025,local_only_offline_aggregate,uniform,300,60,5,0.0,0.0055909582333453535,0.009288599608435475,0.01344782608695652,0.96,1.0,1.0,0.0,0.0,0.0,40000.0,20000.0,0.009288599608435475,0.01344782608695652
stratified_size_rep028,stratified_size,28,b50_lb5_k10_eps0p0025,aggregate_only_sync,confidence,300,60,5,0.0031063198174006218,0.009230460235640663,0.013232451036866209,0.015859291338582715,0.83,1.0,1.0,0.10875000000000001,0.0,0.10875000000000001,34700.0,17825.0,0.013232451036866209,0.015859291338582715
stratified_size_rep028,stratified_size,28,b50_lb5_k10_eps0p0025,aggregate_only_sync,shot_proportional,300,60,5,0.0031063198174006218,0.009230460235640663,0.013232451036866209,0.015859291338582715,0.83,1.0,1.0,0.10875000000000001,0.0,0.10875000000000001,34700.0,17825.0,0.013232451036866209,0.015859291338582715
stratified_size_rep028,stratified_size,28,b50_lb5_k10_eps0p0025,aggregate_only_sync,uniform,300,60,5,0.0031063198174006218,0.009230460235640663,0.013232451036866209,0.015859291338582715,0.83,1.0,1.0,0.10875000000000001,0.0,0.10875000000000001,34700.0,17825.0,0.013232451036866209,0.015859291338582715
stratified_size_rep028,stratified_size,28,b50_lb5_k10_eps0p0025,hierarchical_local_aggregate,confidence,300,60,5,0.003027962284783728,0.009100107862259104,0.01282389045583925,0.015611378437034718,0.8266666666666667,1.0,1.0,0.10875000000000001,0.0,0.10875000000000001,34575.0,17825.0,0.01282389045583925,0.015611378437034718
stratified_size_rep028,stratified_size,28,b50_lb5_k10_eps0p0025,hierarchical_local_aggregate,shot_proportional,300,60,5,0.0031114020119615985,0.009230460235640663,0.013319584790937955,0.015859291338582715,0.8266666666666667,1.0,1.0,0.10875000000000001,0.0,0.10875000000000001,34575.0,17825.0,0.013319584790937955,0.015859291338582715
stratified_size_rep028,stratified_size,28,b50_lb5_k10_eps0p0025,hierarchical_local_aggregate,uniform,300,60,5,0.0031114020119615985,0.009230460235640663,0.013319584790937955,0.015859291338582715,0.8266666666666667,1.0,1.0,0.10875000000000001,0.0,0.10875000000000001,34575.0,17825.0,0.013319584790937955,0.015859291338582715
stratified_size_rep028,stratified_size,28,b50_lb5_k10_eps0p0025,local_only_offline_aggregate,confidence,300,60,5,0.0,0.005082794942266111,0.009225051392574237,0.01344782608695652,0.9633333333333334,1.0,1.0,0.0,0.0,0.0,40000.0,20000.0,0.009225051392574237,0.01344782608695652
stratified_size_rep028,stratified_size,28,b50_lb5_k10_eps0p0025,local_only_offline_aggregate,shot_proportional,300,60,5,0.0,0.004776753162176963,0.009224028339561567,0.01344782608695652,0.9633333333333334,1.0,1.0,0.0,0.0,0.0,40000.0,20000.0,0.009224028339561567,0.01344782608695652
stratified_size_rep028,stratified_size,28,b50_lb5_k10_eps0p0025,local_only_offline_aggregate,uniform,300,60,5,0.0,0.004884482915255514,0.009225974589476398,0.01344782608695652,0.9633333333333334,1.0,1.0,0.0,0.0,0.0,40000.0,20000.0,0.009225974589476398,0.01344782608695652
stratified_size_rep029,stratified_size,29,b50_lb5_k10_eps0p0025,aggregate_only_sync,confidence,300,60,5,0.004845113636363632,0.009430554096638653,0.013214123015873037,0.015859291338582715,0.8,1.0,1.0,0.19062499999999996,0.0,0.19062499999999996,30800.0,16187.5,0.013214123015873037,0.015859291338582715
stratified_size_rep029,stratified_size,29,b50_lb5_k10_eps0p0025,aggregate_only_sync,shot_proportional,300,60,5,0.004845113636363632,0.009430554096638653,0.013214123015873037,0.015859291338582715,0.8,1.0,1.0,0.19062499999999996,0.0,0.19062499999999996,30800.0,16187.5,0.013214123015873037,0.015859291338582715
stratified_size_rep029,stratified_size,29,b50_lb5_k10_eps0p0025,aggregate_only_sync,uniform,300,60,5,0.004845113636363632,0.009430554096638653,0.013214123015873037,0.015859291338582715,0.8,1.0,1.0,0.19062499999999996,0.0,0.19062499999999996,30800.0,16187.5,0.013214123015873037,0.015859291338582715
stratified_size_rep029,stratified_size,29,b50_lb5_k10_eps0p0025,hierarchical_local_aggregate,confidence,300,60,5,0.00473480749225498,0.009376986335537497,0.012760188489875899,0.015611378437034718,0.7966666666666666,1.0,1.0,0.19062499999999996,0.0,0.19062499999999996,30775.0,16187.5,0.012760188489875899,0.015611378437034718
stratified_size_rep029,stratified_size,29,b50_lb5_k10_eps0p0025,hierarchical_local_aggregate,shot_proportional,300,60,5,0.004845113636363632,0.009430554096638653,0.013232637764864205,0.015859291338582715,0.7966666666666666,1.0,1.0,0.19062499999999996,0.0,0.19062499999999996,30775.0,16187.5,0.013232637764864205,0.015859291338582715
stratified_size_rep029,stratified_size,29,b50_lb5_k10_eps0p0025,hierarchical_local_aggregate,uniform,300,60,5,0.004845113636363632,0.009426963064529458,0.013217122633390742,0.015859291338582715,0.7966666666666666,1.0,1.0,0.19062499999999996,0.0,0.19062499999999996,30775.0,16187.5,0.013217122633390742,0.015859291338582715
stratified_size_rep029,stratified_size,29,b50_lb5_k10_eps0p0025,local_only_offline_aggregate,confidence,300,60,5,0.0,0.0057090698595131835,0.009478396923665028,0.01344782608695652,0.9533333333333334,1.0,1.0,0.0,0.0,0.0,40000.0,20000.0,0.009478396923665028,0.01344782608695652
stratified_size_rep029,stratified_size,29,b50_lb5_k10_eps0p0025,local_only_offline_aggregate,shot_proportional,300,60,5,0.0,0.005686746414019951,0.009449457495436839,0.01344782608695652,0.9566666666666667,1.0,1.0,0.0,0.0,0.0,40000.0,20000.0,0.009449457495436839,0.01344782608695652
stratified_size_rep029,stratified_size,29,b50_lb5_k10_eps0p0025,local_only_offline_aggregate,uniform,300,60,5,0.0,0.005703830777839926,0.009472636126751447,0.01344782608695652,0.9566666666666667,1.0,1.0,0.0,0.0,0.0,40000.0,20000.0,0.009472636126751447,0.01344782608695652
stratified_size_rep030,stratified_size,30,b50_lb5_k10_eps0p0025,aggregate_only_sync,confidence,300,60,5,0.005165809423426454,0.009550778279787451,0.0133378064500176,0.015859291338582715,0.78,1.0,1.0,0.25875,0.0,0.25875,31150.0,14825.0,0.0133378064500176,0.015859291338582715
stratified_size_rep030,stratified_size,30,b50_lb5_k10_eps0p0025,aggregate_only_sync,shot_proportional,300,60,5,0.005165809423426454,0.009550778279787451,0.0133378064500176,0.015859291338582715,0.78,1.0,1.0,0.25875,0.0,0.25875,31150.0,14825.0,0.0133378064500176,0.015859291338582715
stratified_size_rep030,stratified_size,30,b50_lb5_k10_eps0p0025,aggregate_only_sync,uniform,300,60,5,0.005165809423426454,0.009550778279787451,0.0133378064500176,0.015859291338582715,0.78,1.0,1.0,0.25875,0.0,0.25875,31150.0,14825.0,0.0133378064500176,0.015859291338582715
stratified_size_rep030,stratified_size,30,b50_lb5_k10_eps0p0025,hierarchical_local_aggregate,confidence,300,60,5,0.005149001898659203,0.009475684971095855,0.012926882219335793,0.015611378437034718,0.7766666666666666,1.0,1.0,0.27,0.0,0.27,31150.0,14600.0,0.012926882219335793,0.015611378437034718
stratified_size_rep030,stratified_size,30,b50_lb5_k10_eps0p0025,hierarchical_local_aggregate,shot_proportional,300,60,5,0.005165809423426454,0.009550778279787451,0.013489013196592148,0.015859291338582715,0.7766666666666666,1.0,1.0,0.27,0.0,0.27,31150.0,14600.0,0.013489013196592148,0.015859291338582715
stratified_size_rep030,stratified_size,30,b50_lb5_k10_eps0p0025,hierarchical_local_aggregate,uniform,300,60,5,0.005165809423426454,0.009550778279787451,0.013489013196592148,0.015859291338582715,0.7766666666666666,1.0,1.0,0.27,0.0,0.27,31150.0,14600.0,0.013489013196592148,0.015859291338582715
stratified_size_rep030,stratified_size,30,b50_lb5_k10_eps0p0025,local_only_offline_aggregate,confidence,300,60,5,0.0,0.005784741736690149,0.009478396923665028,0.01344782608695652,0.9533333333333334,1.0,1.0,0.0,0.0,0.0,40000.0,20000.0,0.009478396923665028,0.01344782608695652
stratified_size_rep030,stratified_size,30,b50_lb5_k10_eps0p0025,local_only_offline_aggregate,shot_proportional,300,60,5,0.0,0.005686746414019951,0.009449457495436839,0.01344782608695652,0.9566666666666667,1.0,1.0,0.0,0.0,0.0,40000.0,20000.0,0.009449457495436839,0.01344782608695652
stratified_size_rep030,stratified_size,30,b50_lb5_k10_eps0p0025,local_only_offline_aggregate,uniform,300,60,5,0.0,0.005821431305167787,0.009472636126751447,0.01344782608695652,0.9566666666666667,1.0,1.0,0.0,0.0,0.0,40000.0,20000.0,0.009472636126751447,0.01344782608695652
stratified_size_rep031,stratified_size,31,b50_lb5_k10_eps0p0025,aggregate_only_sync,confidence,300,60,5,0.00475352897252088,0.00947260824082721,0.013313842497889555,0.015859291338582715,0.7966666666666666,1.0,1.0,0.20187499999999997,0.0,0.20187499999999997,32500.0,15962.5,0.013313842497889555,0.015859291338582715
stratified_size_rep031,stratified_size,31,b50_lb5_k10_eps0p0025,aggregate_only_sync,shot_proportional,300,60,5,0.00475352897252088,0.00947260824082721,0.013313842497889555,0.015859291338582715,0.7966666666666666,1.0,1.0,0.20187499999999997,0.0,0.20187499999999997,32500.0,15962.5,0.013313842497889555,0.015859291338582715
stratified_size_rep031,stratified_size,31,b50_lb5_k10_eps0p0025,aggregate_only_sync,uniform,300,60,5,0.00475352897252088,0.00947260824082721,0.013313842497889555,0.015859291338582715,0.7966666666666666,1.0,1.0,0.20187499999999997,0.0,0.20187499999999997,32500.0,15962.5,0.013313842497889555,0.015859291338582715
stratified_size_rep031,stratified_size,31,b50_lb5_k10_eps0p0025,hierarchical_local_aggregate,confidence,300,60,5,0.004632459341315551,0.00939448915289991,0.012823089320671189,0.015611378437034718,0.79,1.0,1.0,0.20499999999999996,0.0,0.20499999999999996,32500.0,15900.0,0.012823089320671189,0.015611378437034718
stratified_size_rep031,stratified_size,31,b50_lb5_k10_eps0p0025,hierarchical_local_aggregate,shot_proportional,300,60,5,0.00475352897252088,0.00947260824082721,0.013338722519036957,0.015859291338582715,0.7933333333333333,1.0,1.0,0.20499999999999996,0.0,0.20499999999999996,32500.0,15900.0,0.013338722519036957,0.015859291338582715
stratified_size_rep031,stratified_size,31,b50_lb5_k10_eps0p0025,hierarchical_local_aggregate,uniform,300,60,5,0.00475352897252088,0.009455193290227058,0.013338722519036957,0.015859291338582715,0.7933333333333333,1.0,1.0,0.20499999999999996,0.0,0.20499999999999996,32500.0,15900.0,0.013338722519036957,0.015859291338582715
stratified_size_rep031,stratified_size,31,b50_lb5_k10_eps0p0025,local_only_offline_aggregate,confidence,300,60,5,0.0,0.005566070987991832,0.009478396923665028,0.01344782608695652,0.9533333333333334,1.0,1.0,0.0,0.0,0.0,40000.0,20000.0,0.009478396923665028,0.01344782608695652
stratified_size_rep031,stratified_size,31,b50_lb5_k10_eps0p0025,local_only_offline_aggregate,shot_proportional,300,60,5,0.0,0.00552901896025033,0.00941920738665102,0.01344782608695652,0.9566666666666667,1.0,1.0,0.0,0.0,0.0,40000.0,20000.0,0.00941920738665102,0.01344782608695652
stratified_size_rep031,stratified_size,31,b50_lb5_k10_eps0p0025,local_only_offline_aggregate,uniform,300,60,5,0.0,0.005557564661603714,0.009472636126751447,0.01344782608695652,0.9566666666666667,1.0,1.0,0.0,0.0,0.0,40000.0,20000.0,0.009472636126751447,0.01344782608695652
stratified_size_rep032,stratified_size,32,b50_lb5_k10_eps0p0025,aggregate_only_sync,confidence,300,60,5,0.006593597335259613,0.009681710387694898,0.0133378064500176,0.015859291338582715,0.7666666666666667,1.0,1.0,0.29000000000000004,0.0,0.29000000000000004,30800.0,14200.0,0.0133378064500176,0.015859291338582715
stratified_size_rep032,stratified_size,32,b50_lb5_k10_eps0p0025,aggregate_only_sync,shot_proportional,300,60,5,0.006593597335259613,0.009681710387694898,0.0133378064500176,0.015859291338582715,0.7666666666666667,1.0,1.0,0.29000000000000004,0.0,0.29000000000000004,30800.0,14200.0,0.0133378064500176,0.015859291338582715
stratified_size_rep032,stratified_size,32,b50_lb5_k10_eps0p0025,aggregate_only_sync,uniform,300,60,5,0.006593597335259613,0.009681710387694898,0.0133378064500176,0.015859291338582715,0.7666666666666667,1.0,1.0,0.29000000000000004,0.0,0.29000000000000004,30800.0,14200.0,0.0133378064500176,0.015859291338582715
stratified_size_rep032,stratified_size,32,b50_lb5_k10_eps0p0025,hierarchical_local_aggregate,confidence,300,60,5,0.006308625685537476,0.009739755380696052,0.012926882219335793,0.015611378437034718,0.7633333333333333,1.0,1.0,0.2975,0.0,0.2975,30775.0,14050.0,0.012926882219335793,0.015611378437034718
stratified_size_rep032,stratified_size,32,b50_lb5_k10_eps0p0025,hierarchical_local_aggregate,shot_proportional,300,60,5,0.006593597335259613,0.009681710387694898,0.013489013196592148,0.015859291338582715,0.7633333333333333,1.0,1.0,0.2975,0.0,0.2975,30775.0,14050.0,0.013489013196592148,0.015859291338582715
stratified_size_rep032,stratified_size,32,b50_lb5_k10_eps0p0025,hierarchical_local_aggregate,uniform,300,60,5,0.006593597335259613,0.009681710387694898,0.013489013196592148,0.015859291338582715,0.7633333333333333,1.0,1.0,0.2975,0.0,0.2975,30775.0,14050.0,0.013489013196592148,0.015859291338582715
stratified_size_rep032,stratified_size,32,b50_lb5_k10_eps0p0025,local_only_offline_aggregate,confidence,300,60,5,0.0009434904408790424,0.005979220624521692,0.009732504811626741,0.01344782608695652,0.95,1.0,1.0,0.008124999999999993,0.0,0.0,40000.0,20000.0,0.009732504811626741,0.01344782608695652
stratified_size_rep032,stratified_size,32,b50_lb5_k10_eps0p0025,local_only_offline_aggregate,shot_proportional,300,60,5,0.0008790905293585124,0.005912342935246047,0.009477277548045174,0.01344782608695652,0.9533333333333334,1.0,1.0,0.008124999999999993,0.0,0.0,40000.0,20000.0,0.009477277548045174,0.01344782608695652
stratified_size_rep032,stratified_size,32,b50_lb5_k10_eps0p0025,local_only_offline_aggregate,uniform,300,60,5,0.0008968314608239123,0.005937650394708918,0.009613642635452571,0.01344782608695652,0.9533333333333334,1.0,1.0,0.008124999999999993,0.0,0.0,40000.0,20000.0,0.009613642635452571,0.01344782608695652
stratified_size_rep033,stratified_size,33,b50_lb5_k10_eps0p0025,aggregate_only_sync,confidence,300,60,5,0.005622645245694701,0.009499784479002583,0.0133378064500176,0.015859291338582715,0.7833333333333333,1.0,1.0,0.285625,0.0,0.285625,30525.0,14287.5,0.0133378064500176,0.015859291338582715
stratified_size_rep033,stratified_size,33,b50_lb5_k10_eps0p0025,aggregate_only_sync,shot_proportional,300,60,5,0.005622645245694701,0.009499784479002583,0.0133378064500176,0.015859291338582715,0.7833333333333333,1.0,1.0,0.285625,0.0,0.285625,30525.0,14287.5,0.0133378064500176,0.015859291338582715
stratified_size_rep033,stratified_size,33,b50_lb5_k10_eps0p0025,aggregate_only_sync,uniform,300,60,5,0.005622645245694701,0.009499784479002583,0.0133378064500176,0.015859291338582715,0.7833333333333333,1.0,1.0,0.285625,0.0,0.285625,30525.0,14287.5,0.0133378064500176,0.015859291338582715
stratified_size_rep033,stratified_size,33,b50_lb5_k10_eps0p0025,hierarchical_local_aggregate,confidence,300,60,5,0.005638446290501531,0.00941958481466074,0.012926882219335793,0.015611378437034718,0.7833333333333333,1.0,1.0,0.29,0.0,0.29,30500.0,14200.0,0.012926882219335793,0.015611378437034718
stratified_size_rep033,stratified_size,33,b50_lb5_k10_eps0p0025,hierarchical_local_aggregate,shot_proportional,300,60,5,0.005622645245694701,0.009504631815317237,0.013489013196592148,0.015859291338582715,0.78,1.0,1.0,0.29,0.0,0.29,30500.0,14200.0,0.013489013196592148,0.015859291338582715
stratified_size_rep033,stratified_size,33,b50_lb5_k10_eps0p0025,hierarchical_local_aggregate,uniform,300,60,5,0.005622645245694701,0.009493289815543598,0.013489013196592148,0.015859291338582715,0.78,1.0,1.0,0.29,0.0,0.29,30500.0,14200.0,0.013489013196592148,0.015859291338582715
stratified_size_rep033,stratified_size,33,b50_lb5_k10_eps0p0025,local_only_offline_aggregate,confidence,300,60,5,0.0017096452012699383,0.005897551417001385,0.009478396923665028,0.01344782608695652,0.9533333333333334,1.0,1.0,0.02729166666666666,0.0,0.0,40000.0,20000.0,0.009478396923665028,0.01344782608695652
stratified_size_rep033,stratified_size,33,b50_lb5_k10_eps0p0025,local_only_offline_aggregate,shot_proportional,300,60,5,0.0014777000383372624,0.005778606152775161,0.009449457495436839,0.01344782608695652,0.9566666666666667,1.0,1.0,0.02729166666666666,0.0,0.0,40000.0,20000.0,0.009449457495436839,0.01344782608695652
stratified_size_rep033,stratified_size,33,b50_lb5_k10_eps0p0025,local_only_offline_aggregate,uniform,300,60,5,0.0016590303657695003,0.005899474826400968,0.009472636126751447,0.01344782608695652,0.9566666666666667,1.0,1.0,0.02729166666666666,0.0,0.0,40000.0,20000.0,0.009472636126751447,0.01344782608695652
stratified_size_rep034,stratified_size,34,b50_lb5_k10_eps0p0025,aggregate_only_sync,confidence,300,60,5,0.004539698275862128,0.009505459840572831,0.013318668721918598,0.015859291338582715,0.79,1.0,1.0,0.131875,0.0,0.131875,36287.5,17362.5,0.013318668721918598,0.015859291338582715
stratified_size_rep034,stratified_size,34,b50_lb5_k10_eps0p0025,aggregate_only_sync,shot_proportional,300,60,5,0.004539698275862128,0.009505459840572831,0.013318668721918598,0.015859291338582715,0.79,1.0,1.0,0.131875,0.0,0.131875,36287.5,17362.5,0.013318668721918598,0.015859291338582715
stratified_size_rep034,stratified_size,34,b50_lb5_k10_eps0p0025,aggregate_only_sync,uniform,300,60,5,0.004539698275862128,0.009505459840572831,0.013318668721918598,0.015859291338582715,0.79,1.0,1.0,0.131875,0.0,0.131875,36287.5,17362.5,0.013318668721918598,0.015859291338582715
stratified_size_rep034,stratified_size,34,b50_lb5_k10_eps0p0025,hierarchical_local_aggregate,confidence,300,60,5,0.004613414211839367,0.009475684971095855,0.012926882219335793,0.015611378437034718,0.7833333333333333,1.0,1.0,0.131875,0.0,0.131875,35687.5,17362.5,0.012926882219335793,0.015611378437034718
stratified_size_rep034,stratified_size,34,b50_lb5_k10_eps0p0025,hierarchical_local_aggregate,shot_proportional,300,60,5,0.004539698275862128,0.009510307176887485,0.013489013196592148,0.015859291338582715,0.7866666666666666,1.0,1.0,0.131875,0.0,0.131875,35687.5,17362.5,0.013489013196592148,0.015859291338582715
stratified_size_rep034,stratified_size,34,b50_lb5_k10_eps0p0025,hierarchical_local_aggregate,uniform,300,60,5,0.004539698275862128,0.00949518160273368,0.013489013196592148,0.015859291338582715,0.7866666666666666,1.0,1.0,0.131875,0.0,0.131875,35687.5,17362.5,0.013489013196592148,0.015859291338582715
stratified_size_rep034,stratified_size,34,b50_lb5_k10_eps0p0025,local_only_offline_aggregate,confidence,300,60,5,0.0,0.005327897800734053,0.009225051392574237,0.01344782608695652,0.9633333333333334,1.0,1.0,0.0,0.0,0.0,40112.5,20000.0,0.009225051392574237,0.01344782608695652
stratified_size_rep034,stratified_size,34,b50_lb5_k10_eps0p0025,local_only_offline_aggregate,shot_proportional,300,60,5,0.0,0.005008312642516725,0.009224028339561567,0.01344782608695652,0.9633333333333334,1.0,1.0,0.0,0.0,0.0,40112.5,20000.0,0.009224028339561567,0.01344782608695652
stratified_size_rep034,stratified_size,34,b50_lb5_k10_eps0p0025,local_only_offline_aggregate,uniform,300,60,5,0.0,0.005305630105231343,0.009225974589476398,0.01344782608695652,0.9633333333333334,1.0,1.0,0.0,0.0,0.0,40112.5,20000.0,0.009225974589476398,0.01344782608695652
stratified_size_rep035,stratified_size,35,b50_lb5_k10_eps0p0025,aggregate_only_sync,confidence,300,60,5,0.001940197001157331,0.008773801028608176,0.01296851890756313,0.014282738095238015,0.85,1.0,1.0,0.011249999999999982,0.0,0.011249999999999982,37337.5,19775.0,0.01296851890756313,0.014282738095238015
stratified_size_rep035,stratified_size,35,b50_lb5_k10_eps0p0025,aggregate_only_sync,shot_proportional,300,60,5,0.001940197001157331,0.008773801028608176,0.01296851890756313,0.014282738095238015,0.85,1.0,1.0,0.011249999999999982,0.0,0.011249999999999982,37337.5,19775.0,0.01296851890756313,0.014282738095238015
stratified_size_rep035,stratified_size,35,b50_lb5_k10_eps0p0025,aggregate_only_sync,uniform,300,60,5,0.001940197001157331,0.008773801028608176,0.01296851890756313,0.014282738095238015,0.85,1.0,1.0,0.011249999999999982,0.0,0.011249999999999982,37337.5,19775.0,0.01296851890756313,0.014282738095238015
stratified_size_rep035,stratified_size,35,b50_lb5_k10_eps0p0025,hierarchical_local_aggregate,confidence,300,60,5,0.0019506232493235248,0.008710545528407571,0.012421317787380225,0.01376465242048849,0.8533333333333334,1.0,1.0,0.011249999999999982,0.0,0.011249999999999982,37025.0,19775.0,0.012421317787380225,0.01376465242048849
stratified_size_rep035,stratified_size,35,b50_lb5_k10_eps0p0025,hierarchical_local_aggregate,shot_proportional,300,60,5,0.001940197001157331,0.008773801028608176,0.01298939314966492,0.014421686746988011,0.85,1.0,1.0,0.011249999999999982,0.0,0.011249999999999982,37025.0,19775.0,0.01298939314966492,0.014421686746988011
stratified_size_rep035,stratified_size,35,b50_lb5_k10_eps0p0025,hierarchical_local_aggregate,uniform,300,60,5,0.001940197001157331,0.008773801028608176,0.01298939314966492,0.014323214285714186,0.85,1.0,1.0,0.011249999999999982,0.0,0.011249999999999982,37025.0,19775.0,0.01298939314966492,0.014323214285714186
stratified_size_rep035,stratified_size,35,b50_lb5_k10_eps0p0025,local_only_offline_aggregate,confidence,300,60,5,0.0,0.005091448009308925,0.009071456437006301,0.01344782608695652,0.9733333333333334,1.0,1.0,0.0,0.0,0.0,40000.0,20000.0,0.009071456437006301,0.01344782608695652
stratified_size_rep035,stratified_size,35,b50_lb5_k10_eps0p0025,local_only_offline_aggregate,shot_proportional,300,60,5,0.0,0.004902238071726749,0.008806637525656245,0.01344782608695652,0.9733333333333334,1.0,1.0,0.0,0.0,0.0,40000.0,20000.0,0.008806637525656245,0.01344782608695652
stratified_size_rep035,stratified_size,35,b50_lb5_k10_eps0p0025,local_only_offline_aggregate,uniform,300,60,5,0.0,0.00498673860057029,0.008941887620993938,0.01344782608695652,0.9733333333333334,1.0,1.0,0.0,0.0,0.0,40000.0,20000.0,0.008941887620993938,0.01344782608695652
stratified_size_rep036,stratified_size,36,b50_lb5_k10_eps0p0025,aggregate_only_sync,confidence,300,60,5,0.004249890109890065,0.009137418427277898,0.01302360229996015,0.015859291338582715,0.8233333333333334,1.0,1.0,0.17874999999999996,0.0,0.17874999999999996,32975.0,16425.0,0.01302360229996015,0.015859291338582715
stratified_size_rep036,stratified_size,36,b50_lb5_k10_eps0p0025,aggregate_only_sync,shot_proportional,300,60,5,0.004249890109890065,0.009137418427277898,0.01302360229996015,0.015859291338582715,0.8233333333333334,1.0,1.0,0.17874999999999996,0.0,0.17874999999999996,32975.0,16425.0,0.01302360229996015,0.015859291338582715
stratified_size_rep036,stratified_size,36,b50_lb5_k10_eps0p0025,aggregate_only_sync,uniform,300,60,5,0.004249890109890065,0.009137418427277898,0.01302360229996015,0.015859291338582715,0.8233333333333334,1.0,1.0,0.17874999999999996,0.0,0.17874999999999996,32975.0,16425.0,0.01302360229996015,0.015859291338582715
stratified_size_rep036,stratified_size,36,b50_lb5_k10_eps0p0025,hierarchical_local_aggregate,confidence,300,60,5,0.004061974777951659,0.009115307573332931,0.012666046262412044,0.015611378437034718,0.8166666666666667,1.0,1.0,0.1833333333333333,0.0,0.17874999999999996,32975.0,16425.0,0.012666046262412044,0.015611378437034718
stratified_size_rep036,stratified_size,36,b50_lb5_k10_eps0p0025,hierarchical_local_aggregate,shot_proportional,300,60,5,0.004249890109890065,0.009137418427277898,0.01324175282779057,0.015859291338582715,0.82,1.0,1.0,0.1833333333333333,0.0,0.17874999999999996,32975.0,16425.0,0.01324175282779057,0.015859291338582715
stratified_size_rep036,stratified_size,36,b50_lb5_k10_eps0p0025,hierarchical_local_aggregate,uniform,300,60,5,0.004249890109890065,0.009137418427277898,0.01324175282779057,0.015859291338582715,0.82,1.0,1.0,0.1833333333333333,0.0,0.17874999999999996,32975.0,16425.0,0.01324175282779057,0.015859291338582715
stratified_size_rep036,stratified_size,36,b50_lb5_k10_eps0p0025,local_only_offline_aggregate,confidence,300,60,5,0.0,0.005315376517162511,0.009124727061556308,0.013312835249042239,0.9633333333333334,1.0,1.0,0.0,0.0,0.0,40000.0,20000.0,0.009124727061556308,0.013312835249042239
stratified_size_rep036,stratified_size,36,b50_lb5_k10_eps0p0025,local_only_offline_aggregate,shot_proportional,300,60,5,0.0,0.005018161669890374,0.009224028339561567,0.013312835249042239,0.9666666666666667,1.0,1.0,0.0,0.0,0.0,40000.0,20000.0,0.009224028339561567,0.013312835249042239
stratified_size_rep036,stratified_size,36,b50_lb5_k10_eps0p0025,local_only_offline_aggregate,uniform,300,60,5,0.0,0.005305630105231343,0.009124727061556308,0.013312835249042239,0.9666666666666667,1.0,1.0,0.0,0.0,0.0,40000.0,20000.0,0.009124727061556308,0.013312835249042239
stratified_size_rep037,stratified_size,37,b50_lb5_k10_eps0p0025,aggregate_only_sync,confidence,300,60,5,0.004533158602150559,0.009497449638429741,0.01324175282779057,0.015859291338582715,0.7833333333333333,1.0,1.0,0.20187499999999997,0.0,0.20187499999999997,32500.0,15962.5,0.01324175282779057,0.015859291338582715
stratified_size_rep037,stratified_size,37,b50_lb5_k10_eps0p0025,aggregate_only_sync,shot_proportional,300,60,5,0.004533158602150559,0.009497449638429741,0.01324175282779057,0.015859291338582715,0.7833333333333333,1.0,1.0,0.20187499999999997,0.0,0.20187499999999997,32500.0,15962.5,0.01324175282779057,0.015859291338582715
stratified_size_rep037,stratified_size,37,b50_lb5_k10_eps0p0025,aggregate_only_sync,uniform,300,60,5,0.004533158602150559,0.009497449638429741,0.01324175282779057,0.015859291338582715,0.7833333333333333,1.0,1.0,0.20187499999999997,0.0,0.20187499999999997,32500.0,15962.5,0.01324175282779057,0.015859291338582715
stratified_size_rep037,stratified_size,37,b50_lb5_k10_eps0p0025,hierarchical_local_aggregate,confidence,300,60,5,0.004613414211839367,0.009408449777020433,0.01279158827932932,0.015611378437034718,0.7833333333333333,1.0,1.0,0.20499999999999996,0.0,0.20499999999999996,32500.0,15900.0,0.01279158827932932,0.015611378437034718
stratified_size_rep037,stratified_size,37,b50_lb5_k10_eps0p0025,hierarchical_local_aggregate,shot_proportional,300,60,5,0.004533158602150559,0.009497449638429741,0.013338722519036957,0.015859291338582715,0.78,1.0,1.0,0.20499999999999996,0.0,0.20499999999999996,32500.0,15900.0,0.013338722519036957,0.015859291338582715
stratified_size_rep037,stratified_size,37,b50_lb5_k10_eps0p0025,hierarchical_local_aggregate,uniform,300,60,5,0.004533158602150559,0.009497449638429741,0.013338722519036957,0.015859291338582715,0.78,1.0,1.0,0.20499999999999996,0.0,0.20499999999999996,32500.0,15900.0,0.013338722519036957,0.015859291338582715
stratified_size_rep037,stratified_size,37,b50_lb5_k10_eps0p0025,local_only_offline_aggregate,confidence,300,60,5,0.0,0.005629058671417237,0.009290443985347955,0.01344782608695652,0.9566666666666667,1.0,1.0,0.0,0.0,0.0,40000.0,20000.0,0.009290443985347955,0.01344782608695652
stratified_size_rep037,stratified_size,37,b50_lb5_k10_eps0p0025,local_only_offline_aggregate,shot_proportional,300,60,5,0.0,0.00552901896025033,0.009233456366951871,0.01344782608695652,0.96,1.0,1.0,0.0,0.0,0.0,40000.0,20000.0,0.009233456366951871,0.01344782608695652
stratified_size_rep037,stratified_size,37,b50_lb5_k10_eps0p0025,local_only_offline_aggregate,uniform,300,60,5,0.0,0.0055659407550582175,0.009273034618747483,0.01344782608695652,0.96,1.0,1.0,0.0,0.0,0.0,40000.0,20000.0,0.009273034618747483,0.01344782608695652
stratified_size_rep038,stratified_size,38,b50_lb5_k10_eps0p0025,aggregate_only_sync,confidence,300,60,5,0.0034430713450844066,0.009126406892369918,0.01298939314966492,0.015859291338582715,0.8333333333333334,1.0,1.0,0.116875,0.0,0.116875,31150.0,17662.5,0.01298939314966492,0.015859291338582715
stratified_size_rep038,stratified_size,38,b50_lb5_k10_eps0p0025,aggregate_only_sync,shot_proportional,300,60,5,0.0034430713450844066,0.009126406892369918,0.01298939314966492,0.015859291338582715,0.8333333333333334,1.0,1.0,0.116875,0.0,0.116875,31150.0,17662.5,0.01298939314966492,0.015859291338582715
stratified_size_rep038,stratified_size,38,b50_lb5_k10_eps0p0025,aggregate_only_sync,uniform,300,60,5,0.0034430713450844066,0.009126406892369918,0.01298939314966492,0.015859291338582715,0.8333333333333334,1.0,1.0,0.116875,0.0,0.116875,31150.0,17662.5,0.01298939314966492,0.015859291338582715
stratified_size_rep038,stratified_size,38,b50_lb5_k10_eps0p0025,hierarchical_local_aggregate,confidence,300,60,5,0.003265168501215486,0.009078433423189099,0.012763741949186396,0.015611378437034718,0.8333333333333334,1.0,1.0,0.116875,0.0,0.116875,31150.0,17662.5,0.012763741949186396,0.015611378437034718
stratified_size_rep038,stratified_size,38,b50_lb5_k10_eps0p0025,hierarchical_local_aggregate,shot_proportional,300,60,5,0.003453489272085819,0.009144510494242968,0.013164269969731964,0.015859291338582715,0.83,1.0,1.0,0.116875,0.0,0.116875,31150.0,17662.5,0.013164269969731964,0.015859291338582715
stratified_size_rep038,stratified_size,38,b50_lb5_k10_eps0p0025,hierarchical_local_aggregate,uniform,300,60,5,0.003453489272085819,0.009133578938730947,0.013119622427487583,0.015859291338582715,0.83,1.0,1.0,0.116875,0.0,0.116875,31150.0,17662.5,0.013119622427487583,0.015859291338582715
stratified_size_rep038,stratified_size,38,b50_lb5_k10_eps0p0025,local_only_offline_aggregate,confidence,300,60,5,0.0,0.005324462242861995,0.009290443985347955,0.01344782608695652,0.96,1.0,1.0,0.0,0.0,0.0,40000.0,20000.0,0.009290443985347955,0.01344782608695652
stratified_size_rep038,stratified_size,38,b50_lb5_k10_eps0p0025,local_only_offline_aggregate,shot_proportional,300,60,5,0.0,0.0052370340592434155,0.009338932030423219,0.01344782608695652,0.96,1.0,1.0,0.0,0.0,0.0,40000.0,20000.0,0.009338932030423219,0.01344782608695652
stratified_size_rep038,stratified_size,38,b50_lb5_k10_eps0p0025,local_only_offline_aggregate,uniform,300,60,5,0.0,0.005275639723567408,0.009288599608435475,0.01344782608695652,0.96,1.0,1.0,0.0,0.0,0.0,40000.0,20000.0,0.009288599608435475,0.01344782608695652
stratified_size_rep039,stratified_size,39,b50_lb5_k10_eps0p0025,aggregate_only_sync,confidence,300,60,5,0.005366040724714616,0.00963244486622434,0.0133378064500176,0.015859291338582715,0.77,1.0,1.0,0.27937500000000004,0.0,0.27937500000000004,31150.0,14412.5,0.0133378064500176,0.015859291338582715
stratified_size_rep039,stratified_size,39,b50_lb5_k10_eps0p0025,aggregate_only_sync,shot_proportional,300,60,5,0.005366040724714616,0.00963244486622434,0.0133378064500176,0.015859291338582715,0.77,1.0,1.0,0.27937500000000004,0.0,0.27937500000000004,31150.0,14412.5,0.0133378064500176,0.015859291338582715
stratified_size_rep039,stratified_size,39,b50_lb5_k10_eps0p0025,aggregate_only_sync,uniform,300,60,5,0.005366040724714616,0.00963244486622434,0.0133378064500176,0.015859291338582715,0.77,1.0,1.0,0.27937500000000004,0.0,0.27937500000000004,31150.0,14412.5,0.0133378064500176,0.015859291338582715
stratified_size_rep039,stratified_size,39,b50_lb5_k10_eps0p0025,hierarchical_local_aggregate,confidence,300,60,5,0.0054837823177991815,0.009661243458581409,0.012926882219335793,0.015611378437034718,0.7666666666666667,1.0,1.0,0.285625,0.0,0.285625,31150.0,14287.5,0.012926882219335793,0.015611378437034718
stratified_size_rep039,stratified_size,39,b50_lb5_k10_eps0p0025,hierarchical_local_aggregate,shot_proportional,300,60,5,0.005366040724714616,0.009651289265706074,0.013489013196592148,0.015859291338582715,0.7666666666666667,1.0,1.0,0.285625,0.0,0.285625,31150.0,14287.5,0.013489013196592148,0.015859291338582715
stratified_size_rep039,stratified_size,39,b50_lb5_k10_eps0p0025,hierarchical_local_aggregate,uniform,300,60,5,0.005366040724714616,0.009636189892001577,0.013489013196592148,0.015859291338582715,0.7666666666666667,1.0,1.0,0.285625,0.0,0.285625,31150.0,14287.5,0.013489013196592148,0.015859291338582715
stratified_size_rep039,stratified_size,39,b50_lb5_k10_eps0p0025,local_only_offline_aggregate,confidence,300,60,5,0.0,0.005737319628115584,0.009478396923665028,0.01344782608695652,0.9533333333333334,1.0,1.0,0.0,0.0,0.0,40000.0,20000.0,0.009478396923665028,0.01344782608695652
stratified_size_rep039,stratified_size,39,b50_lb5_k10_eps0p0025,local_only_offline_aggregate,shot_proportional,300,60,5,0.0,0.005645071718995788,0.009449457495436839,0.01344782608695652,0.9566666666666667,1.0,1.0,0.0,0.0,0.0,40000.0,20000.0,0.009449457495436839,0.01344782608695652
stratified_size_rep039,stratified_size,39,b50_lb5_k10_eps0p0025,local_only_offline_aggregate,uniform,300,60,5,0.0,0.005703830777839926,0.009472636126751447,0.01344782608695652,0.9566666666666667,1.0,1.0,0.0,0.0,0.0,40000.0,20000.0,0.009472636126751447,0.01344782608695652
stratified_size_rep040,stratified_size,40,b50_lb5_k10_eps0p0025,aggregate_only_sync,confidence,300,60,5,0.00259151884631075,0.009091956001336686,0.01324278782986784,0.015859291338582715,0.8266666666666667,1.0,1.0,0.09500000000000003,0.0,0.09500000000000003,35575.0,18100.0,0.01324278782986784,0.015859291338582715
stratified_size_rep040,stratified_size,40,b50_lb5_k10_eps0p0025,aggregate_only_sync,shot_proportional,300,60,5,0.00259151884631075,0.009091956001336686,0.01324278782986784,0.015859291338582715,0.8266666666666667,1.0,1.0,0.09500000000000003,0.0,0.09500000000000003,35575.0,18100.0,0.01324278782986784,0.015859291338582715
stratified_size_rep040,stratified_size,40,b50_lb5_k10_eps0p0025,aggregate_only_sync,uniform,300,60,5,0.00259151884631075,0.009091956001336686,0.01324278782986784,0.015859291338582715,0.8266666666666667,1.0,1.0,0.09500000000000003,0.0,0.09500000000000003,35575.0,18100.0,0.01324278782986784,0.015859291338582715
stratified_size_rep040,stratified_size,40,b50_lb5_k10_eps0p0025,hierarchical_local_aggregate,confidence,300,60,5,0.0027447519846400753,0.008956123579924834,0.012823089320671189,0.015611378437034718,0.8233333333333334,1.0,1.0,0.09500000000000003,0.0,0.09500000000000003,35250.0,18100.0,0.012823089320671189,0.015611378437034718
stratified_size_rep040,stratified_size,40,b50_lb5_k10_eps0p0025,hierarchical_local_aggregate,shot_proportional,300,60,5,0.00259151884631075,0.009091956001336686,0.013448268115942024,0.015859291338582715,0.8233333333333334,1.0,1.0,0.09500000000000003,0.0,0.09500000000000003,35250.0,18100.0,0.013448268115942024,0.015859291338582715
stratified_size_rep040,stratified_size,40,b50_lb5_k10_eps0p0025,hierarchical_local_aggregate,uniform,300,60,5,0.00259151884631075,0.009091956001336686,0.01344806603207817,0.015859291338582715,0.8233333333333334,1.0,1.0,0.09500000000000003,0.0,0.09500000000000003,35250.0,18100.0,0.01344806603207817,0.015859291338582715
stratified_size_rep040,stratified_size,40,b50_lb5_k10_eps0p0025,local_only_offline_aggregate,confidence,300,60,5,0.0,0.005099252671028285,0.008767474000996022,0.01344782608695652,0.9633333333333334,1.0,1.0,0.0,0.0,0.0,40000.0,20000.0,0.008767474000996022,0.01344782608695652
stratified_size_rep040,stratified_size,40,b50_lb5_k10_eps0p0025,local_only_offline_aggregate,shot_proportional,300,60,5,0.0,0.004708295792534928,0.008628454983186613,0.01344782608695652,0.9666666666666667,1.0,1.0,0.0,0.0,0.0,40000.0,20000.0,0.008628454983186613,0.01344782608695652
stratified_size_rep040,stratified_size,40,b50_lb5_k10_eps0p0025,local_only_offline_aggregate,uniform,300,60,5,0.0,0.004884482915255514,0.008920678929569104,0.01344782608695652,0.9666666666666667,1.0,1.0,0.0,0.0,0.0,40000.0,20000.0,0.008920678929569104,0.01344782608695652
stratified_size_rep041,stratified_size,41,b50_lb5_k10_eps0p0025,aggregate_only_sync,confidence,300,60,5,0.004845113636363632,0.009493289815543598,0.013293170209574073,0.015859291338582715,0.7933333333333333,1.0,1.0,0.22250000000000003,0.0,0.22250000000000003,31575.0,15550.0,0.013293170209574073,0.015859291338582715
stratified_size_rep041,stratified_size,41,b50_lb5_k10_eps0p0025,aggregate_only_sync,shot_proportional,300,60,5,0.004845113636363632,0.009493289815543598,0.013293170209574073,0.015859291338582715,0.7933333333333333,1.0,1.0,0.22250000000000003,0.0,0.22250000000000003,31575.0,15550.0,0.013293170209574073,0.015859291338582715
stratified_size_rep041,stratified_size,41,b50_lb5_k10_eps0p0025,aggregate_only_sync,uniform,300,60,5,0.004845113636363632,0.009493289815543598,0.013293170209574073,0.015859291338582715,0.7933333333333333,1.0,1.0,0.22250000000000003,0.0,0.22250000000000003,31575.0,15550.0,0.013293170209574073,0.015859291338582715
stratified_size_rep041,stratified_size,41,b50_lb5_k10_eps0p0025,hierarchical_local_aggregate,confidence,300,60,5,0.0046611648854190165,0.00941958481466074,0.012926882219335793,0.015611378437034718,0.79,1.0,1.0,0.23250000000000004,0.0,0.2325,31575.0,15350.0,0.012926882219335793,0.015611378437034718
stratified_size_rep041,stratified_size,41,b50_lb5_k10_eps0p0025,hierarchical_local_aggregate,shot_proportional,300,60,5,0.004845113636363632,0.009493289815543598,0.013448268115942024,0.015859291338582715,0.79,1.0,1.0,0.23250000000000004,0.0,0.2325,31575.0,15350.0,0.013448268115942024,0.015859291338582715
stratified_size_rep041,stratified_size,41,b50_lb5_k10_eps0p0025,hierarchical_local_aggregate,uniform,300,60,5,0.004845113636363632,0.009493289815543598,0.01344806603207817,0.015859291338582715,0.79,1.0,1.0,0.23250000000000004,0.0,0.2325,31575.0,15350.0,0.01344806603207817,0.015859291338582715
stratified_size_rep041,stratified_size,41,b50_lb5_k10_eps0p0025,local_only_offline_aggregate,confidence,300,60,5,0.0,0.00565808272781777,0.009478396923665028,0.01344782608695652,0.9533333333333334,1.0,1.0,0.0,0.0,0.0,40000.0,20000.0,0.009478396923665028,0.01344782608695652
stratified_size_rep041,stratified_size,41,b50_lb5_k10_eps0p0025,local_only_offline_aggregate,shot_proportional,300,60,5,0.0,0.005564231477156454,0.009449457495436839,0.01344782608695652,0.9566666666666667,1.0,1.0,0.0,0.0,0.0,40000.0,20000.0,0.009449457495436839,0.01344782608695652
stratified_size_rep041,stratified_size,41,b50_lb5_k10_eps0p0025,local_only_offline_aggregate,uniform,300,60,5,0.0,0.005614130980200922,0.009472636126751447,0.01344782608695652,0.9566666666666667,1.0,1.0,0.0,0.0,0.0,40000.0,20000.0,0.009472636126751447,0.01344782608695652
stratified_size_rep042,stratified_size,42,b50_lb5_k10_eps0p0025,aggregate_only_sync,confidence,300,60,5,0.0034430713450844066,0.009261996795823263,0.013240997889407127,0.015859291338582715,0.8033333333333333,1.0,1.0,0.14062499999999997,0.0,0.14062499999999997,33300.0,17187.5,0.013240997889407127,0.015859291338582715
stratified_size_rep042,stratified_size,42,b50_lb5_k10_eps0p0025,aggregate_only_sync,shot_proportional,300,60,5,0.0034430713450844066,0.009261996795823263,0.013240997889407127,0.015859291338582715,0.8033333333333333,1.0,1.0,0.14062499999999997,0.0,0.14062499999999997,33300.0,17187.5,0.013240997889407127,0.015859291338582715
stratified_size_rep042,stratified_size,42,b50_lb5_k10_eps0p0025,aggregate_only_sync,uniform,300,60,5,0.0034430713450844066,0.009261996795823263,0.013240997889407127,0.015859291338582715,0.8033333333333333,1.0,1.0,0.14062499999999997,0.0,0.14062499999999997,33300.0,17187.5,0.013240997889407127,0.015859291338582715
stratified_size_rep042,stratified_size,42,b50_lb5_k10_eps0p0025,hierarchical_local_aggregate,confidence,300,60,5,0.003265168501215486,0.009212677174845032,0.012859389507841362,0.015611378437034718,0.8,1.0,1.0,0.14062499999999997,0.0,0.14062499999999997,33125.0,17187.5,0.012859389507841362,0.015611378437034718
stratified_size_rep042,stratified_size,42,b50_lb5_k10_eps0p0025,hierarchical_local_aggregate,shot_proportional,300,60,5,0.003453489272085819,0.009261996795823263,0.013338722519036957,0.015859291338582715,0.8,1.0,1.0,0.14062499999999997,0.0,0.14062499999999997,33125.0,17187.5,0.013338722519036957,0.015859291338582715
stratified_size_rep042,stratified_size,42,b50_lb5_k10_eps0p0025,hierarchical_local_aggregate,uniform,300,60,5,0.003453489272085819,0.009261996795823263,0.013338722519036957,0.015859291338582715,0.8,1.0,1.0,0.14062499999999997,0.0,0.14062499999999997,33125.0,17187.5,0.013338722519036957,0.015859291338582715
stratified_size_rep042,stratified_size,42,b50_lb5_k10_eps0p0025,local_only_offline_aggregate,confidence,300,60,5,0.0,0.005392509000685228,0.009225051392574237,0.01344782608695652,0.96,1.0,1.0,0.0,0.0,0.0,40000.0,20000.0,0.009225051392574237,0.01344782608695652
stratified_size_rep042,stratified_size,42,b50_lb5_k10_eps0p0025,local_only_offline_aggregate,shot_proportional,300,60,5,0.0,0.0051233841855826455,0.009224028339561567,0.01344782608695652,0.9633333333333334,1.0,1.0,0.0,0.0,0.0,40000.0,20000.0,0.009224028339561567,0.01344782608695652
stratified_size_rep042,stratified_size,42,b50_lb5_k10_eps0p0025,local_only_offline_aggregate,uniform,300,60,5,0.0,0.00538874919501577,0.009225974589476398,0.01344782608695652,0.9633333333333334,1.0,1.0,0.0,0.0,0.0,40000.0,20000.0,0.009225974589476398,0.01344782608695652
stratified_size_rep043,stratified_size,43,b50_lb5_k10_eps0p0025,aggregate_only_sync,confidence,300,60,5,0.003998655370053699,0.009315068561698048,0.01329417745842139,0.01447394495412818,0.8066666666666666,1.0,1.0,0.1575,0.0,0.1575,33300.0,16850.0,0.01329417745842139,0.01447394495412818
stratified_size_rep043,stratified_size,43,b50_lb5_k10_eps0p0025,aggregate_only_sync,shot_proportional,300,60,5,0.003998655370053699,0.009315068561698048,0.01329417745842139,0.01447394495412818,0.8066666666666666,1.0,1.0,0.1575,0.0,0.1575,33300.0,16850.0,0.01329417745842139,0.01447394495412818
stratified_size_rep043,stratified_size,43,b50_lb5_k10_eps0p0025,aggregate_only_sync,uniform,300,60,5,0.003998655370053699,0.009315068561698048,0.01329417745842139,0.01447394495412818,0.8066666666666666,1.0,1.0,0.1575,0.0,0.1575,33300.0,16850.0,0.01329417745842139,0.01447394495412818
stratified_size_rep043,stratified_size,43,b50_lb5_k10_eps0p0025,hierarchical_local_aggregate,confidence,300,60,5,0.0038320407139240797,0.009224902079960944,0.012762680996515821,0.01376465242048849,0.8033333333333333,1.0,1.0,0.1720833333333333,0.0,0.16749999999999998,33125.0,16650.0,0.012762680996515821,0.01376465242048849
stratified_size_rep043,stratified_size,43,b50_lb5_k10_eps0p0025,hierarchical_local_aggregate,shot_proportional,300,60,5,0.0039053279436632917,0.009315068561698048,0.013449769380105342,0.01447394495412818,0.8033333333333333,1.0,1.0,0.1720833333333333,0.0,0.16749999999999998,33125.0,16650.0,0.013449769380105342,0.01447394495412818
stratified_size_rep043,stratified_size,43,b50_lb5_k10_eps0p0025,hierarchical_local_aggregate,uniform,300,60,5,0.00392432867216142,0.009315068561698048,0.013449769380105342,0.01447394495412818,0.8033333333333333,1.0,1.0,0.1720833333333333,0.0,0.16749999999999998,33125.0,16650.0,0.013449769380105342,0.01447394495412818
stratified_size_rep043,stratified_size,43,b50_lb5_k10_eps0p0025,local_only_offline_aggregate,confidence,300,60,5,0.0,0.005392509000685228,0.009290443985347955,0.01344782608695652,0.96,1.0,1.0,0.0,0.0,0.0,40000.0,20000.0,0.009290443985347955,0.01344782608695652
stratified_size_rep043,stratified_size,43,b50_lb5_k10_eps0p0025,local_only_offline_aggregate,shot_proportional,300,60,5,0.0,0.005234674752633705,0.009338932030423219,0.01344782608695652,0.9633333333333334,1.0,1.0,0.0,0.0,0.0,40000.0,20000.0,0.009338932030423219,0.01344782608695652
stratified_size_rep043,stratified_size,43,b50_lb5_k10_eps0p0025,local_only_offline_aggregate,uniform,300,60,5,0.0,0.005515335950584367,0.009288599608435475,0.01344782608695652,0.9633333333333334,1.0,1.0,0.0,0.0,0.0,40000.0,20000.0,0.009288599608435475,0.01344782608695652
stratified_size_rep044,stratified_size,44,b50_lb5_k10_eps0p0025,aggregate_only_sync,confidence,300,60,5,0.002830987040565205,0.009126406892369918,0.013022653887261745,0.01447394495412818,0.83,1.0,1.0,0.09500000000000003,0.0,0.09500000000000003,32975.0,18100.0,0.013022653887261745,0.01447394495412818
stratified_size_rep044,stratified_size,44,b50_lb5_k10_eps0p0025,aggregate_only_sync,shot_proportional,300,60,5,0.002830987040565205,0.009126406892369918,0.013022653887261745,0.01447394495412818,0.83,1.0,1.0,0.09500000000000003,0.0,0.09500000000000003,32975.0,18100.0,0.013022653887261745,0.01447394495412818
stratified_size_rep044,stratified_size,44,b50_lb5_k10_eps0p0025,aggregate_only_sync,uniform,300,60,5,0.002830987040565205,0.009126406892369918,0.013022653887261745,0.01447394495412818,0.83,1.0,1.0,0.09500000000000003,0.0,0.09500000000000003,32975.0,18100.0,0.013022653887261745,0.01447394495412818
stratified_size_rep044,stratified_size,44,b50_lb5_k10_eps0p0025,hierarchical_local_aggregate,confidence,300,60,5,0.002933200517343167,0.009048020861773778,0.012581553608870666,0.01376465242048849,0.8233333333333334,1.0,1.0,0.09500000000000003,0.0,0.09500000000000003,32900.0,18100.0,0.012581553608870666,0.01376465242048849
stratified_size_rep044,stratified_size,44,b50_lb5_k10_eps0p0025,hierarchical_local_aggregate,shot_proportional,300,60,5,0.002830987040565205,0.009144510494242968,0.013240997889407127,0.01447394495412818,0.8266666666666667,1.0,1.0,0.09500000000000003,0.0,0.09500000000000003,32900.0,18100.0,0.013240997889407127,0.01447394495412818
stratified_size_rep044,stratified_size,44,b50_lb5_k10_eps0p0025,hierarchical_local_aggregate,uniform,300,60,5,0.002830987040565205,0.009133578938730947,0.013240997889407127,0.01447394495412818,0.8266666666666667,1.0,1.0,0.09500000000000003,0.0,0.09500000000000003,32900.0,18100.0,0.013240997889407127,0.01447394495412818
stratified_size_rep044,stratified_size,44,b50_lb5_k10_eps0p0025,local_only_offline_aggregate,confidence,300,60,5,0.0,0.005327897800734053,0.009225051392574237,0.01344782608695652,0.9633333333333334,1.0,1.0,0.0,0.0,0.0,40000.0,20000.0,0.009225051392574237,0.01344782608695652
stratified_size_rep044,stratified_size,44,b50_lb5_k10_eps0p0025,local_only_offline_aggregate,shot_proportional,300,60,5,0.0,0.0051233841855826455,0.009224028339561567,0.01344782608695652,0.9666666666666667,1.0,1.0,0.0,0.0,0.0,40000.0,20000.0,0.009224028339561567,0.01344782608695652
stratified_size_rep044,stratified_size,44,b50_lb5_k10_eps0p0025,local_only_offline_aggregate,uniform,300,60,5,0.0,0.00532287274693429,0.009225974589476398,0.01344782608695652,0.9666666666666667,1.0,1.0,0.0,0.0,0.0,40000.0,20000.0,0.009225974589476398,0.01344782608695652
stratified_size_rep045,stratified_size,45,b50_lb5_k10_eps0p0025,aggregate_only_sync,confidence,300,60,5,0.006119084736677541,0.009681710387694898,0.0133378064500176,0.015859291338582715,0.7666666666666667,1.0,1.0,0.30062500000000003,0.0,0.30062500000000003,30025.0,13987.5,0.0133378064500176,0.015859291338582715
stratified_size_rep045,stratified_size,45,b50_lb5_k10_eps0p0025,aggregate_only_sync,shot_proportional,300,60,5,0.006119084736677541,0.009681710387694898,0.0133378064500176,0.015859291338582715,0.7666666666666667,1.0,1.0,0.30062500000000003,0.0,0.30062500000000003,30025.0,13987.5,0.0133378064500176,0.015859291338582715
stratified_size_rep045,stratified_size,45,b50_lb5_k10_eps0p0025,aggregate_only_sync,uniform,300,60,5,0.006119084736677541,0.009681710387694898,0.0133378064500176,0.015859291338582715,0.7666666666666667,1.0,1.0,0.30062500000000003,0.0,0.30062500000000003,30025.0,13987.5,0.0133378064500176,0.015859291338582715
stratified_size_rep045,stratified_size,45,b50_lb5_k10_eps0p0025,hierarchical_local_aggregate,confidence,300,60,5,0.006016035576787386,0.009739755380696052,0.012926882219335793,0.015611378437034718,0.7633333333333333,1.0,1.0,0.31,0.0,0.31,29337.5,13800.0,0.012926882219335793,0.015611378437034718
stratified_size_rep045,stratified_size,45,b50_lb5_k10_eps0p0025,hierarchical_local_aggregate,shot_proportional,300,60,5,0.006119084736677541,0.009688498538795422,0.013489013196592148,0.015859291338582715,0.7633333333333333,1.0,1.0,0.31,0.0,0.31,29337.5,13800.0,0.013489013196592148,0.015859291338582715
stratified_size_rep045,stratified_size,45,b50_lb5_k10_eps0p0025,hierarchical_local_aggregate,uniform,300,60,5,0.006119084736677541,0.009681710387694898,0.013489013196592148,0.015859291338582715,0.7633333333333333,1.0,1.0,0.31,0.0,0.31,29337.5,13800.0,0.013489013196592148,0.015859291338582715
stratified_size_rep045,stratified_size,45,b50_lb5_k10_eps0p0025,local_only_offline_aggregate,confidence,300,60,5,0.0026081267566874476,0.005979220624521692,0.009732504811626741,0.01344782608695652,0.95,1.0,1.0,0.06374999999999997,0.0,0.0,40000.0,20000.0,0.009732504811626741,0.01344782608695652
stratified_size_rep045,stratified_size,45,b50_lb5_k10_eps0p0025,local_only_offline_aggregate,shot_proportional,300,60,5,0.002325717647058825,0.005912342935246047,0.009477277548045174,0.01344782608695652,0.9533333333333334,1.0,1.0,0.06374999999999997,0.0,0.0,40000.0,20000.0,0.009477277548045174,0.01344782608695652
stratified_size_rep045,stratified_size,45,b50_lb5_k10_eps0p0025,local_only_offline_aggregate,uniform,300,60,5,0.002457291212647015,0.005937650394708918,0.009613642635452571,0.01344782608695652,0.9533333333333334,1.0,1.0,0.06374999999999997,0.0,0.0,40000.0,20000.0,0.009613642635452571,0.01344782608695652
stratified_size_rep046,stratified_size,46,b50_lb5_k10_eps0p0025,aggregate_only_sync,confidence,300,60,5,0.003813056210441385,0.009371359681012987,0.013232490770465339,0.015859291338582715,0.8133333333333334,1.0,1.0,0.145,0.0,0.145,32500.0,17100.0,0.013232490770465339,0.015859291338582715
stratified_size_rep046,stratified_size,46,b50_lb5_k10_eps0p0025,aggregate_only_sync,shot_proportional,300,60,5,0.003813056210441385,0.009371359681012987,0.013232490770465339,0.015859291338582715,0.8133333333333334,1.0,1.0,0.145,0.0,0.145,32500.0,17100.0,0.013232490770465339,0.015859291338582715
stratified_size_rep046,stratified_size,46,b50_lb5_k10_eps0p0025,aggregate_only_sync,uniform,300,60,5,0.003813056210441385,0.009371359681012987,0.013232490770465339,0.015859291338582715,0.8133333333333334,1.0,1.0,0.145,0.0,0.145,32500.0,17100.0,0.013232490770465339,0.015859291338582715
stratified_size_rep046,stratified_size,46,b50_lb5_k10_eps0p0025,hierarchical_local_aggregate,confidence,300,60,5,0.00374395640159152,0.009270679688211731,0.012823089320671189,0.015611378437034718,0.81,1.0,1.0,0.1595833333333333,0.0,0.15499999999999997,32500.0,16900.0,0.012823089320671189,0.015611378437034718
stratified_size_rep046,stratified_size,46,b50_lb5_k10_eps0p0025,hierarchical_local_aggregate,shot_proportional,300,60,5,0.0037197287840509776,0.009371359681012987,0.01324175282779057,0.015859291338582715,0.81,1.0,1.0,0.1595833333333333,0.0,0.15499999999999997,32500.0,16900.0,0.01324175282779057,0.015859291338582715
stratified_size_rep046,stratified_size,46,b50_lb5_k10_eps0p0025,hierarchical_local_aggregate,uniform,300,60,5,0.003738729512549106,0.009371359681012987,0.01324175282779057,0.015859291338582715,0.81,1.0,1.0,0.1595833333333333,0.0,0.15499999999999997,32500.0,16900.0,0.01324175282779057,0.015859291338582715
stratified_size_rep046,stratified_size,46,b50_lb5_k10_eps0p0025,local_only_offline_aggregate,confidence,300,60,5,0.0,0.00544278886501855,0.009331424389073108,0.01344782608695652,0.9566666666666667,1.0,1.0,0.0,0.0,0.0,40000.0,20000.0,0.009331424389073108,0.01344782608695652
stratified_size_rep046,stratified_size,46,b50_lb5_k10_eps0p0025,local_only_offline_aggregate,shot_proportional,300,60,5,0.0,0.0054522733560082625,0.009418338497644821,0.01344782608695652,0.9566666666666667,1.0,1.0,0.0,0.0,0.0,40000.0,20000.0,0.009418338497644821,0.01344782608695652
stratified_size_rep046,stratified_size,46,b50_lb5_k10_eps0p0025,local_only_offline_aggregate,uniform,300,60,5,0.0,0.005551418443054422,0.009389605465032242,0.01344782608695652,0.9566666666666667,1.0,1.0,0.0,0.0,0.0,40000.0,20000.0,0.009389605465032242,0.01344782608695652
stratified_size_rep047,stratified_size,47,b50_lb5_k10_eps0p0025,aggregate_only_sync,confidence,300,60,5,0.0034430713450844066,0.0092405806208734,0.01324175282779057,0.015859291338582715,0.8166666666666667,1.0,1.0,0.12125000000000002,0.0,0.12125000000000002,33925.0,17575.0,0.01324175282779057,0.015859291338582715
stratified_size_rep047,stratified_size,47,b50_lb5_k10_eps0p0025,aggregate_only_sync,shot_proportional,300,60,5,0.0034430713450844066,0.0092405806208734,0.01324175282779057,0.015859291338582715,0.8166666666666667,1.0,1.0,0.12125000000000002,0.0,0.12125000000000002,33925.0,17575.0,0.01324175282779057,0.015859291338582715
stratified_size_rep047,stratified_size,47,b50_lb5_k10_eps0p0025,aggregate_only_sync,uniform,300,60,5,0.0034430713450844066,0.0092405806208734,0.01324175282779057,0.015859291338582715,0.8166666666666667,1.0,1.0,0.12125000000000002,0.0,0.12125000000000002,33925.0,17575.0,0.01324175282779057,0.015859291338582715
stratified_size_rep047,stratified_size,47,b50_lb5_k10_eps0p0025,hierarchical_local_aggregate,confidence,300,60,5,0.003265168501215486,0.009194562556554452,0.012859389507841362,0.015611378437034718,0.8133333333333334,1.0,1.0,0.12125000000000002,0.0,0.12125000000000002,33825.0,17575.0,0.012859389507841362,0.015611378437034718
stratified_size_rep047,stratified_size,47,b50_lb5_k10_eps0p0025,hierarchical_local_aggregate,shot_proportional,300,60,5,0.003453489272085819,0.0092405806208734,0.013448268115942024,0.015859291338582715,0.8133333333333334,1.0,1.0,0.12125000000000002,0.0,0.12125000000000002,33825.0,17575.0,0.013448268115942024,0.015859291338582715
stratified_size_rep047,stratified_size,47,b50_lb5_k10_eps0p0025,hierarchical_local_aggregate,uniform,300,60,5,0.003453489272085819,0.0092405806208734,0.01344806603207817,0.015859291338582715,0.8133333333333334,1.0,1.0,0.12125000000000002,0.0,0.12125000000000002,33825.0,17575.0,0.01344806603207817,0.015859291338582715
stratified_size_rep047,stratified_size,47,b50_lb5_k10_eps0p0025,local_only_offline_aggregate,confidence,300,60,5,0.0,0.005327897800734053,0.009085686546713047,0.01344782608695652,0.9633333333333334,1.0,1.0,0.0,0.0,0.0,40000.0,20000.0,0.009085686546713047,0.01344782608695652
stratified_size_rep047,stratified_size,47,b50_lb5_k10_eps0p0025,local_only_offline_aggregate,shot_proportional,300,60,5,0.0,0.005060400086740733,0.008769254298280701,0.01344782608695652,0.9633333333333334,1.0,1.0,0.0,0.0,0.0,40000.0,20000.0,0.008769254298280701,0.01344782608695652
stratified_size_rep047,stratified_size,47,b50_lb5_k10_eps0p0025,local_only_offline_aggregate,uniform,300,60,5,0.0,0.00532287274693429,0.008935610445300673,0.01344782608695652,0.9633333333333334,1.0,1.0,0.0,0.0,0.0,40000.0,20000.0,0.008935610445300673,0.01344782608695652
stratified_size_rep048,stratified_size,48,b50_lb5_k10_eps0p0025,aggregate_only_sync,confidence,300,60,5,0.0036109454124367345,0.009227182985553787,0.01324175282779057,0.015859291338582715,0.8166666666666667,1.0,1.0,0.17937499999999998,0.0,0.17937499999999998,31150.0,16412.5,0.01324175282779057,0.015859291338582715
stratified_size_rep048,stratified_size,48,b50_lb5_k10_eps0p0025,aggregate_only_sync,shot_proportional,300,60,5,0.0036109454124367345,0.009227182985553787,0.01324175282779057,0.015859291338582715,0.8166666666666667,1.0,1.0,0.17937499999999998,0.0,0.17937499999999998,31150.0,16412.5,0.01324175282779057,0.015859291338582715
stratified_size_rep048,stratified_size,48,b50_lb5_k10_eps0p0025,aggregate_only_sync,uniform,300,60,5,0.0036109454124367345,0.009227182985553787,0.01324175282779057,0.015859291338582715,0.8166666666666667,1.0,1.0,0.17937499999999998,0.0,0.17937499999999998,31150.0,16412.5,0.01324175282779057,0.015859291338582715
stratified_size_rep048,stratified_size,48,b50_lb5_k10_eps0p0025,hierarchical_local_aggregate,confidence,300,60,5,0.003515089534245656,0.009137053118466947,0.012823089320671189,0.015611378437034718,0.8133333333333334,1.0,1.0,0.17937499999999998,0.0,0.17937499999999998,31150.0,16412.5,0.012823089320671189,0.015611378437034718
stratified_size_rep048,stratified_size,48,b50_lb5_k10_eps0p0025,hierarchical_local_aggregate,shot_proportional,300,60,5,0.0036109454124367345,0.009227182985553787,0.013339164548022461,0.015859291338582715,0.8133333333333334,1.0,1.0,0.17937499999999998,0.0,0.17937499999999998,31150.0,16412.5,0.013339164548022461,0.015859291338582715
stratified_size_rep048,stratified_size,48,b50_lb5_k10_eps0p0025,hierarchical_local_aggregate,uniform,300,60,5,0.0036109454124367345,0.009227182985553787,0.013338962464158607,0.015859291338582715,0.8133333333333334,1.0,1.0,0.17937499999999998,0.0,0.17937499999999998,31150.0,16412.5,0.013338962464158607,0.015859291338582715
stratified_size_rep048,stratified_size,48,b50_lb5_k10_eps0p0025,local_only_offline_aggregate,confidence,300,60,5,0.0,0.005566070987991832,0.009259512873476022,0.013312835249042239,0.9566666666666667,1.0,1.0,0.0,0.0,0.0,40000.0,20000.0,0.009259512873476022,0.013312835249042239
stratified_size_rep048,stratified_size,48,b50_lb5_k10_eps0p0025,local_only_offline_aggregate,shot_proportional,300,60,5,0.0,0.00552901896025033,0.009338932030423219,0.013312835249042239,0.96,1.0,1.0,0.0,0.0,0.0,40000.0,20000.0,0.009338932030423219,0.013312835249042239
stratified_size_rep048,stratified_size,48,b50_lb5_k10_eps0p0025,local_only_offline_aggregate,uniform,300,60,5,0.0,0.0055659407550582175,0.009292618604305075,0.013312835249042239,0.96,1.0,1.0,0.0,0.0,0.0,40000.0,20000.0,0.009292618604305075,0.013312835249042239
stratified_size_rep049,stratified_size,49,b50_lb5_k10_eps0p0025,aggregate_only_sync,confidence,300,60,5,0.0043280952380952515,0.009401775412087917,0.013232490770465339,0.015859291338582715,0.8,1.0,1.0,0.17937499999999998,0.0,0.17937499999999998,32375.0,16412.5,0.013232490770465339,0.015859291338582715
stratified_size_rep049,stratified_size,49,b50_lb5_k10_eps0p0025,aggregate_only_sync,shot_proportional,300,60,5,0.0043280952380952515,0.009401775412087917,0.013232490770465339,0.015859291338582715,0.8,1.0,1.0,0.17937499999999998,0.0,0.17937499999999998,32375.0,16412.5,0.013232490770465339,0.015859291338582715
stratified_size_rep049,stratified_size,49,b50_lb5_k10_eps0p0025,aggregate_only_sync,uniform,300,60,5,0.0043280952380952515,0.009401775412087917,0.013232490770465339,0.015859291338582715,0.8,1.0,1.0,0.17937499999999998,0.0,0.17937499999999998,32375.0,16412.5,0.013232490770465339,0.015859291338582715
stratified_size_rep049,stratified_size,49,b50_lb5_k10_eps0p0025,hierarchical_local_aggregate,confidence,300,60,5,0.004352995117756853,0.009376986335537497,0.012758807713829493,0.015611378437034718,0.8,1.0,1.0,0.1839583333333333,0.0,0.17937499999999998,32375.0,16412.5,0.012758807713829493,0.015611378437034718
stratified_size_rep049,stratified_size,49,b50_lb5_k10_eps0p0025,hierarchical_local_aggregate,shot_proportional,300,60,5,0.0043280952380952515,0.009401775412087917,0.01324175282779057,0.015859291338582715,0.7966666666666666,1.0,1.0,0.1839583333333333,0.0,0.17937499999999998,32375.0,16412.5,0.01324175282779057,0.015859291338582715
stratified_size_rep049,stratified_size,49,b50_lb5_k10_eps0p0025,hierarchical_local_aggregate,uniform,300,60,5,0.0043280952380952515,0.009401775412087917,0.01324175282779057,0.015859291338582715,0.7966666666666666,1.0,1.0,0.1839583333333333,0.0,0.17937499999999998,32375.0,16412.5,0.01324175282779057,0.015859291338582715
stratified_size_rep049,stratified_size,49,b50_lb5_k10_eps0p0025,local_only_offline_aggregate,confidence,300,60,5,0.0,0.005655931045483816,0.009297525143110143,0.013312835249042239,0.9566666666666667,1.0,1.0,0.0,0.0,0.0,40000.0,20000.0,0.009297525143110143,0.013312835249042239
stratified_size_rep049,stratified_size,49,b50_lb5_k10_eps0p0025,local_only_offline_aggregate,shot_proportional,300,60,5,0.0,0.005530323358122906,0.009418338497644821,0.013312835249042239,0.96,1.0,1.0,0.0,0.0,0.0,40000.0,20000.0,0.009418338497644821,0.013312835249042239
stratified_size_rep049,stratified_size,49,b50_lb5_k10_eps0p0025,local_only_offline_aggregate,uniform,300,60,5,0.0,0.005572298303893017,0.009389605465032242,0.013312835249042239,0.96,1.0,1.0,0.0,0.0,0.0,40000.0,20000.0,0.009389605465032242,0.013312835249042239
stratified_size_rep050,stratified_size,50,b50_lb5_k10_eps0p0025,aggregate_only_sync,confidence,300,60,5,0.004956919191919187,0.009517438098558345,0.01329417745842139,0.01447394495412818,0.7833333333333333,1.0,1.0,0.23250000000000004,0.0,0.23250000000000004,31950.0,15350.0,0.01329417745842139,0.01447394495412818
stratified_size_rep050,stratified_size,50,b50_lb5_k10_eps0p0025,aggregate_only_sync,shot_proportional,300,60,5,0.004956919191919187,0.009517438098558345,0.01329417745842139,0.01447394495412818,0.7833333333333333,1.0,1.0,0.23250000000000004,0.0,0.23250000000000004,31950.0,15350.0,0.01329417745842139,0.01447394495412818
stratified_size_rep050,stratified_size,50,b50_lb5_k10_eps0p0025,aggregate_only_sync,uniform,300,60,5,0.004956919191919187,0.009517438098558345,0.01329417745842139,0.01447394495412818,0.7833333333333333,1.0,1.0,0.23250000000000004,0.0,0.23250000000000004,31950.0,15350.0,0.01329417745842139,0.01447394495412818
stratified_size_rep050,stratified_size,50,b50_lb5_k10_eps0p0025,hierarchical_local_aggregate,confidence,300,60,5,0.004744864094723857,0.00941958481466074,0.012766234455826317,0.01376465242048849,0.7833333333333333,1.0,1.0,0.24291666666666667,0.0,0.23750000000000002,31950.0,15250.0,0.012766234455826317,0.01376465242048849
stratified_size_rep050,stratified_size,50,b50_lb5_k10_eps0p0025,hierarchical_local_aggregate,shot_proportional,300,60,5,0.004956919191919187,0.00953451473368404,0.013449769380105342,0.01447394495412818,0.78,1.0,1.0,0.24291666666666667,0.0,0.23750000000000002,31950.0,15250.0,0.013449769380105342,0.01447394495412818
stratified_size_rep050,stratified_size,50,b50_lb5_k10_eps0p0025,hierarchical_local_aggregate,uniform,300,60,5,0.004956919191919187,0.00951258900316455,0.013449769380105342,0.01447394495412818,0.78,1.0,1.0,0.24291666666666667,0.0,0.23750000000000002,31950.0,15250.0,0.013449769380105342,0.01447394495412818
stratified_size_rep050,stratified_size,50,b50_lb5_k10_eps0p0025,local_only_offline_aggregate,confidence,300,60,5,0.0,0.005629058671417237,0.009290443985347955,0.01344782608695652,0.9566666666666667,1.0,1.0,0.0,0.0,0.0,40000.0,20000.0,0.009290443985347955,0.01344782608695652
stratified_size_rep050,stratified_size,50,b50_lb5_k10_eps0p0025,local_only_offline_aggregate,shot_proportional,300,60,5,0.0,0.005452496905470474,0.009338932030423219,0.01344782608695652,0.96,1.0,1.0,0.0,0.0,0.0,40000.0,20000.0,0.009338932030423219,0.01344782608695652
stratified_size_rep050,stratified_size,50,b50_lb5_k10_eps0p0025,local_only_offline_aggregate,uniform,300,60,5,0.0,0.0055909582333453535,0.009288599608435475,0.01344782608695652,0.96,1.0,1.0,0.0,0.0,0.0,40000.0,20000.0,0.009288599608435475,0.01344782608695652
stratified_size_rep051,stratified_size,51,b50_lb5_k10_eps0p0025,aggregate_only_sync,confidence,300,60,5,0.005366040724714616,0.00951731169860601,0.0133378064500176,0.015859291338582715,0.7866666666666666,1.0,1.0,0.27,0.0,0.27,30800.0,14600.0,0.0133378064500176,0.015859291338582715
stratified_size_rep051,stratified_size,51,b50_lb5_k10_eps0p0025,aggregate_only_sync,shot_proportional,300,60,5,0.005366040724714616,0.00951731169860601,0.0133378064500176,0.015859291338582715,0.7866666666666666,1.0,1.0,0.27,0.0,0.27,30800.0,14600.0,0.0133378064500176,0.015859291338582715
stratified_size_rep051,stratified_size,51,b50_lb5_k10_eps0p0025,aggregate_only_sync,uniform,300,60,5,0.005366040724714616,0.00951731169860601,0.0133378064500176,0.015859291338582715,0.7866666666666666,1.0,1.0,0.27,0.0,0.27,30800.0,14600.0,0.0133378064500176,0.015859291338582715
stratified_size_rep051,stratified_size,51,b50_lb5_k10_eps0p0025,hierarchical_local_aggregate,confidence,300,60,5,0.005421407219234621,0.009508001381545717,0.012926882219335793,0.015611378437034718,0.78,1.0,1.0,0.28125,0.0,0.28125,30775.0,14375.0,0.012926882219335793,0.015611378437034718
stratified_size_rep051,stratified_size,51,b50_lb5_k10_eps0p0025,hierarchical_local_aggregate,shot_proportional,300,60,5,0.005366040724714616,0.009531980107502305,0.013489013196592148,0.015859291338582715,0.7833333333333333,1.0,1.0,0.28125,0.0,0.28125,30775.0,14375.0,0.013489013196592148,0.015859291338582715
stratified_size_rep051,stratified_size,51,b50_lb5_k10_eps0p0025,hierarchical_local_aggregate,uniform,300,60,5,0.005366040724714616,0.009510307176887485,0.013489013196592148,0.015859291338582715,0.7833333333333333,1.0,1.0,0.28125,0.0,0.28125,30775.0,14375.0,0.013489013196592148,0.015859291338582715
stratified_size_rep051,stratified_size,51,b50_lb5_k10_eps0p0025,local_only_offline_aggregate,confidence,300,60,5,0.00046656946823863966,0.005737319628115584,0.009478396923665028,0.01344782608695652,0.9533333333333334,1.0,1.0,0.0018750000000000155,0.0,0.0,40000.0,20000.0,0.009478396923665028,0.01344782608695652
stratified_size_rep051,stratified_size,51,b50_lb5_k10_eps0p0025,local_only_offline_aggregate,shot_proportional,300,60,5,0.0004321645569620293,0.005686746414019951,0.009449457495436839,0.01344782608695652,0.9566666666666667,1.0,1.0,0.0018750000000000155,0.0,0.0,40000.0,20000.0,0.009449457495436839,0.01344782608695652
stratified_size_rep051,stratified_size,51,b50_lb5_k10_eps0p0025,local_only_offline_aggregate,uniform,300,60,5,0.000448216851252125,0.00581917846737892,0.009472636126751447,0.01344782608695652,0.9566666666666667,1.0,1.0,0.0018750000000000155,0.0,0.0,40000.0,20000.0,0.009472636126751447,0.01344782608695652
stratified_size_rep052,stratified_size,52,b50_lb5_k10_eps0p0025,aggregate_only_sync,confidence,300,60,5,0.005074126344086001,0.009510307176887485,0.0133378064500176,0.015859291338582715,0.7866666666666666,1.0,1.0,0.26375,0.0,0.26375,30800.0,14725.0,0.0133378064500176,0.015859291338582715
stratified_size_rep052,stratified_size,52,b50_lb5_k10_eps0p0025,aggregate_only_sync,shot_proportional,300,60,5,0.005074126344086001,0.009510307176887485,0.0133378064500176,0.015859291338582715,0.7866666666666666,1.0,1.0,0.26375,0.0,0.26375,30800.0,14725.0,0.0133378064500176,0.015859291338582715
stratified_size_rep052,stratified_size,52,b50_lb5_k10_eps0p0025,aggregate_only_sync,uniform,300,60,5,0.005074126344086001,0.009510307176887485,0.0133378064500176,0.015859291338582715,0.7866666666666666,1.0,1.0,0.26375,0.0,0.26375,30800.0,14725.0,0.0133378064500176,0.015859291338582715
stratified_size_rep052,stratified_size,52,b50_lb5_k10_eps0p0025,hierarchical_local_aggregate,confidence,300,60,5,0.0050004861197821306,0.009508001381545717,0.012859389507841362,0.015611378437034718,0.7833333333333333,1.0,1.0,0.27937500000000004,0.0,0.27937500000000004,30775.0,14412.5,0.012859389507841362,0.015611378437034718
stratified_size_rep052,stratified_size,52,b50_lb5_k10_eps0p0025,hierarchical_local_aggregate,shot_proportional,300,60,5,0.005074126344086001,0.009510307176887485,0.013489013196592148,0.015859291338582715,0.7833333333333333,1.0,1.0,0.27937500000000004,0.0,0.27937500000000004,30775.0,14412.5,0.013489013196592148,0.015859291338582715
stratified_size_rep052,stratified_size,52,b50_lb5_k10_eps0p0025,hierarchical_local_aggregate,uniform,300,60,5,0.005074126344086001,0.009497449638429741,0.013489013196592148,0.015859291338582715,0.7833333333333333,1.0,1.0,0.27937500000000004,0.0,0.27937500000000004,30775.0,14412.5,0.013489013196592148,0.015859291338582715
stratified_size_rep052,stratified_size,52,b50_lb5_k10_eps0p0025,local_only_offline_aggregate,confidence,300,60,5,0.0,0.0057090698595131835,0.009331424389073108,0.01344782608695652,0.9533333333333334,1.0,1.0,0.0,0.0,0.0,40000.0,20000.0,0.009331424389073108,0.01344782608695652
stratified_size_rep052,stratified_size,52,b50_lb5_k10_eps0p0025,local_only_offline_aggregate,shot_proportional,300,60,5,0.0,0.005607411719362085,0.009449457495436839,0.01344782608695652,0.9566666666666667,1.0,1.0,0.0,0.0,0.0,40000.0,20000.0,0.009449457495436839,0.01344782608695652
stratified_size_rep052,stratified_size,52,b50_lb5_k10_eps0p0025,local_only_offline_aggregate,uniform,300,60,5,0.0,0.0056589995683222075,0.009389605465032242,0.01344782608695652,0.9566666666666667,1.0,1.0,0.0,0.0,0.0,40000.0,20000.0,0.009389605465032242,0.01344782608695652
stratified_size_rep053,stratified_size,53,b50_lb5_k10_eps0p0025,aggregate_only_sync,confidence,300,60,5,0.00455524991760393,0.009347552945750265,0.01290027041408334,0.01447394495412818,0.8166666666666667,1.0,1.0,0.1575,0.0,0.1575,31825.0,16850.0,0.01290027041408334,0.01447394495412818
stratified_size_rep053,stratified_size,53,b50_lb5_k10_eps0p0025,aggregate_only_sync,shot_proportional,300,60,5,0.00455524991760393,0.009347552945750265,0.01290027041408334,0.01447394495412818,0.8166666666666667,1.0,1.0,0.1575,0.0,0.1575,31825.0,16850.0,0.01290027041408334,0.01447394495412818
stratified_size_rep053,stratified_size,53,b50_lb5_k10_eps0p0025,aggregate_only_sync,uniform,300,60,5,0.00455524991760393,0.009347552945750265,0.01290027041408334,0.01447394495412818,0.8166666666666667,1.0,1.0,0.1575,0.0,0.1575,31825.0,16850.0,0.01290027041408334,0.01447394495412818
stratified_size_rep053,stratified_size,53,b50_lb5_k10_eps0p0025,hierarchical_local_aggregate,confidence,300,60,5,0.004632459341315551,0.00925827950792268,0.012455824816683163,0.01376465242048849,0.8133333333333334,1.0,1.0,0.1720833333333333,0.0,0.16749999999999998,31825.0,16650.0,0.012455824816683163,0.01376465242048849
stratified_size_rep053,stratified_size,53,b50_lb5_k10_eps0p0025,hierarchical_local_aggregate,shot_proportional,300,60,5,0.00455524991760393,0.009347552945750265,0.013121335865523408,0.01447394495412818,0.8133333333333334,1.0,1.0,0.1720833333333333,0.0,0.16749999999999998,31825.0,16650.0,0.013121335865523408,0.01447394495412818
stratified_size_rep053,stratified_size,53,b50_lb5_k10_eps0p0025,hierarchical_local_aggregate,uniform,300,60,5,0.00455524991760393,0.009347552945750265,0.013119439924204179,0.01447394495412818,0.8133333333333334,1.0,1.0,0.1720833333333333,0.0,0.16749999999999998,31825.0,16650.0,0.013119439924204179,0.01447394495412818
stratified_size_rep053,stratified_size,53,b50_lb5_k10_eps0p0025,local_only_offline_aggregate,confidence,300,60,5,0.0,0.005392509000685228,0.009250647544873676,0.01344782608695652,0.9633333333333334,1.0,1.0,0.0,0.0,0.0,40000.0,20000.0,0.009250647544873676,0.01344782608695652
stratified_size_rep053,stratified_size,53,b50_lb5_k10_eps0p0025,local_only_offline_aggregate,shot_proportional,300,60,5,0.0,0.0052370340592434155,0.009233518373807066,0.01344782608695652,0.9666666666666667,1.0,1.0,0.0,0.0,0.0,40000.0,20000.0,0.009233518373807066,0.01344782608695652
stratified_size_rep053,stratified_size,53,b50_lb5_k10_eps0p0025,local_only_offline_aggregate,uniform,300,60,5,0.0,0.00538874919501577,0.009267930047130262,0.01344782608695652,0.9666666666666667,1.0,1.0,0.0,0.0,0.0,40000.0,20000.0,0.009267930047130262,0.01344782608695652
stratified_size_rep054,stratified_size,54,b50_lb5_k10_eps0p0025,aggregate_only_sync,confidence,300,60,5,0.003998655370053699,0.009430554096638653,0.0130114541088681,0.015859291338582715,0.8033333333333333,1.0,1.0,0.16874999999999998,0.0,0.16874999999999998,33300.0,16625.0,0.0130114541088681,0.015859291338582715
stratified_size_rep054,stratified_size,54,b50_lb5_k10_eps0p0025,aggregate_only_sync,shot_proportional,300,60,5,0.003998655370053699,0.009430554096638653,0.0130114541088681,0.015859291338582715,0.8033333333333333,1.0,1.0,0.16874999999999998,0.0,0.16874999999999998,33300.0,16625.0,0.0130114541088681,0.015859291338582715
stratified_size_rep054,stratified_size,54,b50_lb5_k10_eps0p0025,aggregate_only_sync,uniform,300,60,5,0.003998655370053699,0.009430554096638653,0.0130114541088681,0.015859291338582715,0.8033333333333333,1.0,1.0,0.16874999999999998,0.0,0.16874999999999998,33300.0,16625.0,0.0130114541088681,0.015859291338582715
stratified_size_rep054,stratified_size,54,b50_lb5_k10_eps0p0025,hierarchical_local_aggregate,confidence,300,60,5,0.0038320407139240797,0.009365699506888736,0.012758807713829493,0.015611378437034718,0.8,1.0,1.0,0.1833333333333333,0.0,0.17874999999999996,33125.0,16425.0,0.012758807713829493,0.015611378437034718
stratified_size_rep054,stratified_size,54,b50_lb5_k10_eps0p0025,hierarchical_local_aggregate,shot_proportional,300,60,5,0.0039053279436632917,0.009430554096638653,0.013240997889407127,0.015859291338582715,0.8,1.0,1.0,0.1833333333333333,0.0,0.17874999999999996,33125.0,16425.0,0.013240997889407127,0.015859291338582715
stratified_size_rep054,stratified_size,54,b50_lb5_k10_eps0p0025,hierarchical_local_aggregate,uniform,300,60,5,0.00392432867216142,0.009430554096638653,0.013240997889407127,0.015859291338582715,0.8,1.0,1.0,0.1833333333333333,0.0,0.17874999999999996,33125.0,16425.0,0.013240997889407127,0.015859291338582715
stratified_size_rep054,stratified_size,54,b50_lb5_k10_eps0p0025,local_only_offline_aggregate,confidence,300,60,5,0.0,0.005315376517162511,0.009290443985347955,0.01344782608695652,0.96,1.0,1.0,0.0,0.0,0.0,40000.0,20000.0,0.009290443985347955,0.01344782608695652
stratified_size_rep054,stratified_size,54,b50_lb5_k10_eps0p0025,local_only_offline_aggregate,shot_proportional,300,60,5,0.0,0.005008312642516725,0.009233456366951871,0.01344782608695652,0.9633333333333334,1.0,1.0,0.0,0.0,0.0,40000.0,20000.0,0.009233456366951871,0.01344782608695652
stratified_size_rep054,stratified_size,54,b50_lb5_k10_eps0p0025,local_only_offline_aggregate,uniform,300,60,5,0.0,0.00521145788163768,0.009273034618747483,0.01344782608695652,0.9633333333333334,1.0,1.0,0.0,0.0,0.0,40000.0,20000.0,0.009273034618747483,0.01344782608695652
stratified_size_rep055,stratified_size,55,b50_lb5_k10_eps0p0025,aggregate_only_sync,confidence,300,60,5,0.005622645245694701,0.00963244486622434,0.0133378064500176,0.015859291338582715,0.7666666666666667,1.0,1.0,0.25875,0.0,0.25875,30800.0,14825.0,0.0133378064500176,0.015859291338582715
stratified_size_rep055,stratified_size,55,b50_lb5_k10_eps0p0025,aggregate_only_sync,shot_proportional,300,60,5,0.005622645245694701,0.00963244486622434,0.0133378064500176,0.015859291338582715,0.7666666666666667,1.0,1.0,0.25875,0.0,0.25875,30800.0,14825.0,0.0133378064500176,0.015859291338582715
stratified_size_rep055,stratified_size,55,b50_lb5_k10_eps0p0025,aggregate_only_sync,uniform,300,60,5,0.005622645245694701,0.00963244486622434,0.0133378064500176,0.015859291338582715,0.7666666666666667,1.0,1.0,0.25875,0.0,0.25875,30800.0,14825.0,0.0133378064500176,0.015859291338582715
stratified_size_rep055,stratified_size,55,b50_lb5_k10_eps0p0025,hierarchical_local_aggregate,confidence,300,60,5,0.005638446290501531,0.009623134069881344,0.012926882219335793,0.015611378437034718,0.7666666666666667,1.0,1.0,0.27437500000000004,0.0,0.27437500000000004,30775.0,14512.5,0.012926882219335793,0.015611378437034718
stratified_size_rep055,stratified_size,55,b50_lb5_k10_eps0p0025,hierarchical_local_aggregate,shot_proportional,300,60,5,0.005622645245694701,0.009651289265706074,0.013489013196592148,0.015859291338582715,0.7633333333333333,1.0,1.0,0.27437500000000004,0.0,0.27437500000000004,30775.0,14512.5,0.013489013196592148,0.015859291338582715
stratified_size_rep055,stratified_size,55,b50_lb5_k10_eps0p0025,hierarchical_local_aggregate,uniform,300,60,5,0.005622645245694701,0.009636189892001577,0.013489013196592148,0.015859291338582715,0.7633333333333333,1.0,1.0,0.27437500000000004,0.0,0.27437500000000004,30775.0,14512.5,0.013489013196592148,0.015859291338582715
stratified_size_rep055,stratified_size,55,b50_lb5_k10_eps0p0025,local_only_offline_aggregate,confidence,300,60,5,0.0009602331548349759,0.005895634204114817,0.009732504811626741,0.01344782608695652,0.95,1.0,1.0,0.018125000000000002,0.0,0.0,40000.0,20000.0,0.009732504811626741,0.01344782608695652
stratified_size_rep055,stratified_size,55,b50_lb5_k10_eps0p0025,local_only_offline_aggregate,shot_proportional,300,60,5,0.0008000260145681597,0.00570280858766232,0.009460768656927371,0.01344782608695652,0.9533333333333334,1.0,1.0,0.018125000000000002,0.0,0.0,40000.0,20000.0,0.009460768656927371,0.01344782608695652
stratified_size_rep055,stratified_size,55,b50_lb5_k10_eps0p0025,local_only_offline_aggregate,uniform,300,60,5,0.0009550621118012457,0.005889059685537516,0.009613642635452571,0.01344782608695652,0.9533333333333334,1.0,1.0,0.018125000000000002,0.0,0.0,40000.0,20000.0,0.009613642635452571,0.01344782608695652
stratified_size_rep056,stratified_size,56,b50_lb5_k10_eps0p0025,aggregate_only_sync,confidence,300,60,5,0.003998655370053699,0.009202678685505996,0.013318668721918598,0.015859291338582715,0.81,1.0,1.0,0.14062499999999997,0.0,0.14062499999999997,35250.0,17187.5,0.013318668721918598,0.015859291338582715
stratified_size_rep056,stratified_size,56,b50_lb5_k10_eps0p0025,aggregate_only_sync,shot_proportional,300,60,5,0.003998655370053699,0.009202678685505996,0.013318668721918598,0.015859291338582715,0.81,1.0,1.0,0.14062499999999997,0.0,0.14062499999999997,35250.0,17187.5,0.013318668721918598,0.015859291338582715
stratified_size_rep056,stratified_size,56,b50_lb5_k10_eps0p0025,aggregate_only_sync,uniform,300,60,5,0.003998655370053699,0.009202678685505996,0.013318668721918598,0.015859291338582715,0.81,1.0,1.0,0.14062499999999997,0.0,0.14062499999999997,35250.0,17187.5,0.013318668721918598,0.015859291338582715
stratified_size_rep056,stratified_size,56,b50_lb5_k10_eps0p0025,hierarchical_local_aggregate,confidence,300,60,5,0.0038320407139240797,0.009137053118466947,0.012926882219335793,0.015611378437034718,0.81,1.0,1.0,0.14062499999999997,0.0,0.14062499999999997,34825.0,17187.5,0.012926882219335793,0.015611378437034718
stratified_size_rep056,stratified_size,56,b50_lb5_k10_eps0p0025,hierarchical_local_aggregate,shot_proportional,300,60,5,0.0039053279436632917,0.009202678685505996,0.013489013196592148,0.015859291338582715,0.81,1.0,1.0,0.14062499999999997,0.0,0.14062499999999997,34825.0,17187.5,0.013489013196592148,0.015859291338582715
stratified_size_rep056,stratified_size,56,b50_lb5_k10_eps0p0025,hierarchical_local_aggregate,uniform,300,60,5,0.00392432867216142,0.009202678685505996,0.013489013196592148,0.015859291338582715,0.81,1.0,1.0,0.14062499999999997,0.0,0.14062499999999997,34825.0,17187.5,0.013489013196592148,0.015859291338582715
stratified_size_rep056,stratified_size,56,b50_lb5_k10_eps0p0025,local_only_offline_aggregate,confidence,300,60,5,0.0,0.005277753954611535,0.009085686546713047,0.01344782608695652,0.9666666666666667,1.0,1.0,0.0,0.0,0.0,40000.0,20000.0,0.009085686546713047,0.01344782608695652
stratified_size_rep056,stratified_size,56,b50_lb5_k10_eps0p0025,local_only_offline_aggregate,shot_proportional,300,60,5,0.0,0.005010215705327906,0.008806637525656245,0.01344782608695652,0.9666666666666667,1.0,1.0,0.0,0.0,0.0,40000.0,20000.0,0.008806637525656245,0.01344782608695652
stratified_size_rep056,stratified_size,56,b50_lb5_k10_eps0p0025,local_only_offline_aggregate,uniform,300,60,5,0.0,0.005222709268532715,0.008941887620993938,0.01344782608695652,0.9666666666666667,1.0,1.0,0.0,0.0,0.0,40000.0,20000.0,0.008941887620993938,0.01344782608695652
stratified_size_rep057,stratified_size,57,b50_lb5_k10_eps0p0025,aggregate_only_sync,confidence,300,60,5,0.0036109454124367345,0.009252165045562637,0.013232490770465339,0.015859291338582715,0.81,1.0,1.0,0.131875,0.0,0.131875,34525.0,17362.5,0.013232490770465339,0.015859291338582715
stratified_size_rep057,stratified_size,57,b50_lb5_k10_eps0p0025,aggregate_only_sync,shot_proportional,300,60,5,0.0036109454124367345,0.009252165045562637,0.013232490770465339,0.015859291338582715,0.81,1.0,1.0,0.131875,0.0,0.131875,34525.0,17362.5,0.013232490770465339,0.015859291338582715
stratified_size_rep057,stratified_size,57,b50_lb5_k10_eps0p0025,aggregate_only_sync,uniform,300,60,5,0.0036109454124367345,0.009252165045562637,0.013232490770465339,0.015859291338582715,0.81,1.0,1.0,0.131875,0.0,0.131875,34525.0,17362.5,0.013232490770465339,0.015859291338582715
stratified_size_rep057,stratified_size,57,b50_lb5_k10_eps0p0025,hierarchical_local_aggregate,confidence,300,60,5,0.003515089534245656,0.009194562556554452,0.012666046262412044,0.015611378437034718,0.8133333333333334,1.0,1.0,0.131875,0.0,0.131875,34525.0,17362.5,0.012666046262412044,0.015611378437034718
stratified_size_rep057,stratified_size,57,b50_lb5_k10_eps0p0025,hierarchical_local_aggregate,shot_proportional,300,60,5,0.0036109454124367345,0.009252165045562637,0.01324175282779057,0.015859291338582715,0.81,1.0,1.0,0.131875,0.0,0.131875,34525.0,17362.5,0.01324175282779057,0.015859291338582715
stratified_size_rep057,stratified_size,57,b50_lb5_k10_eps0p0025,hierarchical_local_aggregate,uniform,300,60,5,0.0036109454124367345,0.009252165045562637,0.01324175282779057,0.015859291338582715,0.81,1.0,1.0,0.131875,0.0,0.131875,34525.0,17362.5,0.01324175282779057,0.015859291338582715
stratified_size_rep057,stratified_size,57,b50_lb5_k10_eps0p0025,local_only_offline_aggregate,confidence,300,60,5,0.0,0.005392509000685228,0.009227052038344454,0.01344782608695652,0.96,1.0,1.0,0.0,0.0,0.0,40000.0,20000.0,0.009227052038344454,0.01344782608695652
stratified_size_rep057,stratified_size,57,b50_lb5_k10_eps0p0025,local_only_offline_aggregate,shot_proportional,300,60,5,0.0,0.005377967076551289,0.009224028339561567,0.01344782608695652,0.9633333333333334,1.0,1.0,0.0,0.0,0.0,40000.0,20000.0,0.009224028339561567,0.01344782608695652
stratified_size_rep057,stratified_size,57,b50_lb5_k10_eps0p0025,local_only_offline_aggregate,uniform,300,60,5,0.0,0.005551418443054422,0.009225974589476398,0.01344782608695652,0.9633333333333334,1.0,1.0,0.0,0.0,0.0,40000.0,20000.0,0.009225974589476398,0.01344782608695652
stratified_size_rep058,stratified_size,58,b50_lb5_k10_eps0p0025,aggregate_only_sync,confidence,300,60,5,0.0032785458465068805,0.009334411911069164,0.01324175282779057,0.015859291338582715,0.8066666666666666,1.0,1.0,0.131875,0.0,0.131875,33300.0,17362.5,0.01324175282779057,0.015859291338582715
stratified_size_rep058,stratified_size,58,b50_lb5_k10_eps0p0025,aggregate_only_sync,shot_proportional,300,60,5,0.0032785458465068805,0.009334411911069164,0.01324175282779057,0.015859291338582715,0.8066666666666666,1.0,1.0,0.131875,0.0,0.131875,33300.0,17362.5,0.01324175282779057,0.015859291338582715
stratified_size_rep058,stratified_size,58,b50_lb5_k10_eps0p0025,aggregate_only_sync,uniform,300,60,5,0.0032785458465068805,0.009334411911069164,0.01324175282779057,0.015859291338582715,0.8066666666666666,1.0,1.0,0.131875,0.0,0.131875,33300.0,17362.5,0.01324175282779057,0.015859291338582715
stratified_size_rep058,stratified_size,58,b50_lb5_k10_eps0p0025,hierarchical_local_aggregate,confidence,300,60,5,0.0031994273715995397,0.009194562556554452,0.012823089320671189,0.015611378437034718,0.8066666666666666,1.0,1.0,0.131875,0.0,0.131875,33125.0,17362.5,0.012823089320671189,0.015611378437034718
stratified_size_rep058,stratified_size,58,b50_lb5_k10_eps0p0025,hierarchical_local_aggregate,shot_proportional,300,60,5,0.003386950494051159,0.009334411911069164,0.013293170209574073,0.015859291338582715,0.8066666666666666,1.0,1.0,0.131875,0.0,0.131875,33125.0,17362.5,0.013293170209574073,0.015859291338582715
stratified_size_rep058,stratified_size,58,b50_lb5_k10_eps0p0025,hierarchical_local_aggregate,uniform,300,60,5,0.003386950494051159,0.009334411911069164,0.013293170209574073,0.015859291338582715,0.8066666666666666,1.0,1.0,0.131875,0.0,0.131875,33125.0,17362.5,0.013293170209574073,0.015859291338582715
stratified_size_rep058,stratified_size,58,b50_lb5_k10_eps0p0025,local_only_offline_aggregate,confidence,300,60,5,0.0,0.005344291383547951,0.009478396923665028,0.01344782608695652,0.9533333333333334,1.0,1.0,0.0,0.0,0.0,40000.0,20000.0,0.009478396923665028,0.01344782608695652
stratified_size_rep058,stratified_size,58,b50_lb5_k10_eps0p0025,local_only_offline_aggregate,shot_proportional,300,60,5,0.0,0.0054522733560082625,0.009449457495436839,0.01344782608695652,0.9566666666666667,1.0,1.0,0.0,0.0,0.0,40000.0,20000.0,0.009449457495436839,0.01344782608695652
stratified_size_rep058,stratified_size,58,b50_lb5_k10_eps0p0025,local_only_offline_aggregate,uniform,300,60,5,0.0,0.005551418443054422,0.009472636126751447,0.01344782608695652,0.9566666666666667,1.0,1.0,0.0,0.0,0.0,40000.0,20000.0,0.009472636126751447,0.01344782608695652
stratified_size_rep059,stratified_size,59,b50_lb5_k10_eps0p0025,aggregate_only_sync,confidence,300,60,5,0.004249890109890065,0.00936079412014472,0.013232490770465339,0.015859291338582715,0.8033333333333333,1.0,1.0,0.17874999999999996,0.0,0.17874999999999996,31575.0,16425.0,0.013232490770465339,0.015859291338582715
stratified_size_rep059,stratified_size,59,b50_lb5_k10_eps0p0025,aggregate_only_sync,shot_proportional,300,60,5,0.004249890109890065,0.00936079412014472,0.013232490770465339,0.015859291338582715,0.8033333333333333,1.0,1.0,0.17874999999999996,0.0,0.17874999999999996,31575.0,16425.0,0.013232490770465339,0.015859291338582715
stratified_size_rep059,stratified_size,59,b50_lb5_k10_eps0p0025,aggregate_only_sync,uniform,300,60,5,0.004249890109890065,0.00936079412014472,0.013232490770465339,0.015859291338582715,0.8033333333333333,1.0,1.0,0.17874999999999996,0.0,0.17874999999999996,31575.0,16425.0,0.013232490770465339,0.015859291338582715
stratified_size_rep059,stratified_size,59,b50_lb5_k10_eps0p0025,hierarchical_local_aggregate,confidence,300,60,5,0.004348272236442914,0.009376986335537497,0.012763741949186396,0.015611378437034718,0.8,1.0,1.0,0.1833333333333333,0.0,0.17874999999999996,31575.0,16425.0,0.012763741949186396,0.015611378437034718
stratified_size_rep059,stratified_size,59,b50_lb5_k10_eps0p0025,hierarchical_local_aggregate,shot_proportional,300,60,5,0.004249890109890065,0.00936079412014472,0.01324278782986784,0.015859291338582715,0.8,1.0,1.0,0.1833333333333333,0.0,0.17874999999999996,31575.0,16425.0,0.01324278782986784,0.015859291338582715
stratified_size_rep059,stratified_size,59,b50_lb5_k10_eps0p0025,hierarchical_local_aggregate,uniform,300,60,5,0.004249890109890065,0.00936079412014472,0.01324278782986784,0.015859291338582715,0.8,1.0,1.0,0.1833333333333333,0.0,0.17874999999999996,31575.0,16425.0,0.01324278782986784,0.015859291338582715
stratified_size_rep059,stratified_size,59,b50_lb5_k10_eps0p0025,local_only_offline_aggregate,confidence,300,60,5,0.0,0.005566070987991832,0.009331424389073108,0.01344782608695652,0.9566666666666667,1.0,1.0,0.0,0.0,0.0,40000.0,20000.0,0.009331424389073108,0.01344782608695652
stratified_size_rep059,stratified_size,59,b50_lb5_k10_eps0p0025,local_only_offline_aggregate,shot_proportional,300,60,5,0.0,0.005537357431313497,0.009418338497644821,0.01344782608695652,0.96,1.0,1.0,0.0,0.0,0.0,40000.0,20000.0,0.009418338497644821,0.01344782608695652
stratified_size_rep059,stratified_size,59,b50_lb5_k10_eps0p0025,local_only_offline_aggregate,uniform,300,60,5,0.0,0.0055659407550582175,0.009389605465032242,0.01344782608695652,0.96,1.0,1.0,0.0,0.0,0.0,40000.0,20000.0,0.009389605465032242,0.01344782608695652
stratified_size_rep060,stratified_size,60,b50_lb5_k10_eps0p0025,aggregate_only_sync,confidence,300,60,5,0.0,0.008773801028608176,0.012607385364270812,0.01447394495412818,0.85,1.0,1.0,0.0,0.0,0.0,39600.0,20000.0,0.012607385364270812,0.01447394495412818
stratified_size_rep060,stratified_size,60,b50_lb5_k10_eps0p0025,aggregate_only_sync,shot_proportional,300,60,5,0.0,0.008773801028608176,0.012607385364270812,0.01447394495412818,0.85,1.0,1.0,0.0,0.0,0.0,39600.0,20000.0,0.012607385364270812,0.01447394495412818
stratified_size_rep060,stratified_size,60,b50_lb5_k10_eps0p0025,aggregate_only_sync,uniform,300,60,5,0.0,0.008773801028608176,0.012607385364270812,0.01447394495412818,0.85,1.0,1.0,0.0,0.0,0.0,39600.0,20000.0,0.012607385364270812,0.01447394495412818
stratified_size_rep060,stratified_size,60,b50_lb5_k10_eps0p0025,hierarchical_local_aggregate,confidence,300,60,5,0.0,0.00864937826925791,0.01242201568915083,0.013514675153968694,0.85,1.0,1.0,0.0,0.0,0.0,39475.0,20000.0,0.01242201568915083,0.013514675153968694
stratified_size_rep060,stratified_size,60,b50_lb5_k10_eps0p0025,hierarchical_local_aggregate,shot_proportional,300,60,5,0.0,0.008773801028608176,0.012886695061926584,0.01447394495412818,0.85,1.0,1.0,0.0,0.0,0.0,39475.0,20000.0,0.012886695061926584,0.01447394495412818
stratified_size_rep060,stratified_size,60,b50_lb5_k10_eps0p0025,hierarchical_local_aggregate,uniform,300,60,5,0.0,0.008773801028608176,0.012886630968393788,0.01447394495412818,0.85,1.0,1.0,0.0,0.0,0.0,39475.0,20000.0,0.012886630968393788,0.01447394495412818
stratified_size_rep060,stratified_size,60,b50_lb5_k10_eps0p0025,local_only_offline_aggregate,confidence,300,60,5,0.0,0.0045233069087918625,0.008758100799999963,0.01298823529411764,0.97,1.0,1.0,0.0,0.0,0.0,40000.0,20000.0,0.008758100799999963,0.01298823529411764
stratified_size_rep060,stratified_size,60,b50_lb5_k10_eps0p0025,local_only_offline_aggregate,shot_proportional,300,60,5,0.0,0.004420386332079533,0.008457873988963704,0.01298823529411764,0.9733333333333334,1.0,1.0,0.0,0.0,0.0,40000.0,20000.0,0.008457873988963704,0.01298823529411764
stratified_size_rep060,stratified_size,60,b50_lb5_k10_eps0p0025,local_only_offline_aggregate,uniform,300,60,5,0.0,0.0043651992409905254,0.00875929881269709,0.01298823529411764,0.9733333333333334,1.0,1.0,0.0,0.0,0.0,40000.0,20000.0,0.00875929881269709,0.01298823529411764
stratified_size_rep061,stratified_size,61,b50_lb5_k10_eps0p0025,aggregate_only_sync,confidence,300,60,5,0.005165809423426454,0.009430554096638653,0.0133378064500176,0.015859291338582715,0.7933333333333333,1.0,1.0,0.30062500000000003,0.0,0.30062500000000003,30025.0,13987.5,0.0133378064500176,0.015859291338582715
stratified_size_rep061,stratified_size,61,b50_lb5_k10_eps0p0025,aggregate_only_sync,shot_proportional,300,60,5,0.005165809423426454,0.009430554096638653,0.0133378064500176,0.015859291338582715,0.7933333333333333,1.0,1.0,0.30062500000000003,0.0,0.30062500000000003,30025.0,13987.5,0.0133378064500176,0.015859291338582715
stratified_size_rep061,stratified_size,61,b50_lb5_k10_eps0p0025,aggregate_only_sync,uniform,300,60,5,0.005165809423426454,0.009430554096638653,0.0133378064500176,0.015859291338582715,0.7933333333333333,1.0,1.0,0.30062500000000003,0.0,0.30062500000000003,30025.0,13987.5,0.0133378064500176,0.015859291338582715
stratified_size_rep061,stratified_size,61,b50_lb5_k10_eps0p0025,hierarchical_local_aggregate,confidence,300,60,5,0.005159626889988171,0.009391709872862669,0.012926882219335793,0.015611378437034718,0.79,1.0,1.0,0.31,0.0,0.31,29337.5,13800.0,0.012926882219335793,0.015611378437034718
stratified_size_rep061,stratified_size,61,b50_lb5_k10_eps0p0025,hierarchical_local_aggregate,shot_proportional,300,60,5,0.005165809423426454,0.009430554096638653,0.013489013196592148,0.015859291338582715,0.79,1.0,1.0,0.31,0.0,0.31,29337.5,13800.0,0.013489013196592148,0.015859291338582715
stratified_size_rep061,stratified_size,61,b50_lb5_k10_eps0p0025,hierarchical_local_aggregate,uniform,300,60,5,0.005165809423426454,0.009426963064529458,0.013489013196592148,0.015859291338582715,0.79,1.0,1.0,0.31,0.0,0.31,29337.5,13800.0,0.013489013196592148,0.015859291338582715
stratified_size_rep061,stratified_size,61,b50_lb5_k10_eps0p0025,local_only_offline_aggregate,confidence,300,60,5,0.002208095358697075,0.005897551417001385,0.009478396923665028,0.01344782608695652,0.9533333333333334,1.0,1.0,0.0625,0.0,0.0,40000.0,20000.0,0.009478396923665028,0.01344782608695652
stratified_size_rep061,stratified_size,61,b50_lb5_k10_eps0p0025,local_only_offline_aggregate,shot_proportional,300,60,5,0.0021606622098421543,0.005778606152775161,0.009449457495436839,0.01344782608695652,0.9566666666666667,1.0,1.0,0.0625,0.0,0.0,40000.0,20000.0,0.009449457495436839,0.01344782608695652
stratified_size_rep061,stratified_size,61,b50_lb5_k10_eps0p0025,local_only_offline_aggregate,uniform,300,60,5,0.002170733060391637,0.005899474826400968,0.009472636126751447,0.01344782608695652,0.9566666666666667,1.0,1.0,0.0625,0.0,0.0,40000.0,20000.0,0.009472636126751447,0.01344782608695652
stratified_size_rep062,stratified_size,62,b50_lb5_k10_eps0p0025,aggregate_only_sync,confidence,300,60,5,0.004729523544679285,0.009371359681012987,0.013318668721918598,0.015859291338582715,0.7966666666666666,1.0,1.0,0.24937499999999999,0.0,0.24937499999999999,30200.0,15012.5,0.013318668721918598,0.015859291338582715
stratified_size_rep062,stratified_size,62,b50_lb5_k10_eps0p0025,aggregate_only_sync,shot_proportional,300,60,5,0.004729523544679285,0.009371359681012987,0.013318668721918598,0.015859291338582715,0.7966666666666666,1.0,1.0,0.24937499999999999,0.0,0.24937499999999999,30200.0,15012.5,0.013318668721918598,0.015859291338582715
stratified_size_rep062,stratified_size,62,b50_lb5_k10_eps0p0025,aggregate_only_sync,uniform,300,60,5,0.004729523544679285,0.009371359681012987,0.013318668721918598,0.015859291338582715,0.7966666666666666,1.0,1.0,0.24937499999999999,0.0,0.24937499999999999,30200.0,15012.5,0.013318668721918598,0.015859291338582715
stratified_size_rep062,stratified_size,62,b50_lb5_k10_eps0p0025,hierarchical_local_aggregate,confidence,300,60,5,0.004640977292865199,0.009391709872862669,0.012926882219335793,0.015611378437034718,0.79,1.0,1.0,0.26375,0.0,0.26375,30200.0,14725.0,0.012926882219335793,0.015611378437034718
stratified_size_rep062,stratified_size,62,b50_lb5_k10_eps0p0025,hierarchical_local_aggregate,shot_proportional,300,60,5,0.004729523544679285,0.009371359681012987,0.013489013196592148,0.015859291338582715,0.7933333333333333,1.0,1.0,0.26375,0.0,0.26375,30200.0,14725.0,0.013489013196592148,0.015859291338582715
stratified_size_rep062,stratified_size,62,b50_lb5_k10_eps0p0025,hierarchical_local_aggregate,uniform,300,60,5,0.004729523544679285,0.009371359681012987,0.013489013196592148,0.015859291338582715,0.7933333333333333,1.0,1.0,0.26375,0.0,0.26375,30200.0,14725.0,0.013489013196592148,0.015859291338582715
stratified_size_rep062,stratified_size,62,b50_lb5_k10_eps0p0025,local_only_offline_aggregate,confidence,300,60,5,0.0,0.005629058671417237,0.009290443985347955,0.01344782608695652,0.96,1.0,1.0,0.0,0.0,0.0,40000.0,20000.0,0.009290443985347955,0.01344782608695652
stratified_size_rep062,stratified_size,62,b50_lb5_k10_eps0p0025,local_only_offline_aggregate,shot_proportional,300,60,5,0.0,0.00552901896025033,0.009338932030423219,0.01344782608695652,0.96,1.0,1.0,0.0,0.0,0.0,40000.0,20000.0,0.009338932030423219,0.01344782608695652
stratified_size_rep062,stratified_size,62,b50_lb5_k10_eps0p0025,local_only_offline_aggregate,uniform,300,60,5,0.0,0.0055659407550582175,0.009288599608435475,0.01344782608695652,0.96,1.0,1.0,0.0,0.0,0.0,40000.0,20000.0,0.009288599608435475,0.01344782608695652
stratified_size_rep063,stratified_size,63,b50_lb5_k10_eps0p0025,aggregate_only_sync,confidence,300,60,5,0.0047857870370370155,0.00953451473368404,0.0133378064500176,0.015859291338582715,0.7766666666666666,1.0,1.0,0.22250000000000003,0.0,0.22250000000000003,32975.0,15550.0,0.0133378064500176,0.015859291338582715
stratified_size_rep063,stratified_size,63,b50_lb5_k10_eps0p0025,aggregate_only_sync,shot_proportional,300,60,5,0.0047857870370370155,0.00953451473368404,0.0133378064500176,0.015859291338582715,0.7766666666666666,1.0,1.0,0.22250000000000003,0.0,0.22250000000000003,32975.0,15550.0,0.0133378064500176,0.015859291338582715
stratified_size_rep063,stratified_size,63,b50_lb5_k10_eps0p0025,aggregate_only_sync,uniform,300,60,5,0.0047857870370370155,0.00953451473368404,0.0133378064500176,0.015859291338582715,0.7766666666666666,1.0,1.0,0.22250000000000003,0.0,0.22250000000000003,32975.0,15550.0,0.0133378064500176,0.015859291338582715
stratified_size_rep063,stratified_size,63,b50_lb5_k10_eps0p0025,hierarchical_local_aggregate,confidence,300,60,5,0.004744864094723857,0.009526375145559162,0.012926882219335793,0.015611378437034718,0.7733333333333333,1.0,1.0,0.23250000000000004,0.0,0.2325,32900.0,15350.0,0.012926882219335793,0.015611378437034718
stratified_size_rep063,stratified_size,63,b50_lb5_k10_eps0p0025,hierarchical_local_aggregate,shot_proportional,300,60,5,0.0047857870370370155,0.009552630749740257,0.013489013196592148,0.015859291338582715,0.7766666666666666,1.0,1.0,0.23250000000000004,0.0,0.2325,32900.0,15350.0,0.013489013196592148,0.015859291338582715
stratified_size_rep063,stratified_size,63,b50_lb5_k10_eps0p0025,hierarchical_local_aggregate,uniform,300,60,5,0.0047857870370370155,0.009552630749740257,0.013489013196592148,0.015859291338582715,0.7766666666666666,1.0,1.0,0.23250000000000004,0.0,0.2325,32900.0,15350.0,0.013489013196592148,0.015859291338582715
stratified_size_rep063,stratified_size,63,b50_lb5_k10_eps0p0025,local_only_offline_aggregate,confidence,300,60,5,0.0,0.005545124766890449,0.009331424389073108,0.01344782608695652,0.9566666666666667,1.0,1.0,0.0,0.0,0.0,40000.0,20000.0,0.009331424389073108,0.01344782608695652
stratified_size_rep063,stratified_size,63,b50_lb5_k10_eps0p0025,local_only_offline_aggregate,shot_proportional,300,60,5,0.0,0.005400664836855622,0.009418338497644821,0.01344782608695652,0.96,1.0,1.0,0.0,0.0,0.0,40000.0,20000.0,0.009418338497644821,0.01344782608695652
stratified_size_rep063,stratified_size,63,b50_lb5_k10_eps0p0025,local_only_offline_aggregate,uniform,300,60,5,0.0,0.0055549249529745475,0.009389605465032242,0.01344782608695652,0.96,1.0,1.0,0.0,0.0,0.0,40000.0,20000.0,0.009389605465032242,0.01344782608695652
stratified_size_rep064,stratified_size,64,b50_lb5_k10_eps0p0025,aggregate_only_sync,confidence,300,60,5,0.00259151884631075,0.009300514837568552,0.01324175282779057,0.015859291338582715,0.82,1.0,1.0,0.053749999999999964,0.0,0.053749999999999964,34525.0,18925.0,0.01324175282779057,0.015859291338582715
stratified_size_rep064,stratified_size,64,b50_lb5_k10_eps0p0025,aggregate_only_sync,shot_proportional,300,60,5,0.00259151884631075,0.009300514837568552,0.01324175282779057,0.015859291338582715,0.82,1.0,1.0,0.053749999999999964,0.0,0.053749999999999964,34525.0,18925.0,0.01324175282779057,0.015859291338582715
stratified_size_rep064,stratified_size,64,b50_lb5_k10_eps0p0025,aggregate_only_sync,uniform,300,60,5,0.00259151884631075,0.009300514837568552,0.01324175282779057,0.015859291338582715,0.82,1.0,1.0,0.053749999999999964,0.0,0.053749999999999964,34525.0,18925.0,0.01324175282779057,0.015859291338582715
stratified_size_rep064,stratified_size,64,b50_lb5_k10_eps0p0025,hierarchical_local_aggregate,confidence,300,60,5,0.0027447519846400753,0.009212677174845032,0.012823089320671189,0.015611378437034718,0.8133333333333334,1.0,1.0,0.053749999999999964,0.0,0.053749999999999964,34525.0,18925.0,0.012823089320671189,0.015611378437034718
stratified_size_rep064,stratified_size,64,b50_lb5_k10_eps0p0025,hierarchical_local_aggregate,shot_proportional,300,60,5,0.00259151884631075,0.009300514837568552,0.013293170209574073,0.015859291338582715,0.8166666666666667,1.0,1.0,0.053749999999999964,0.0,0.053749999999999964,34525.0,18925.0,0.013293170209574073,0.015859291338582715
stratified_size_rep064,stratified_size,64,b50_lb5_k10_eps0p0025,hierarchical_local_aggregate,uniform,300,60,5,0.00259151884631075,0.009300514837568552,0.013293170209574073,0.015859291338582715,0.8166666666666667,1.0,1.0,0.053749999999999964,0.0,0.053749999999999964,34525.0,18925.0,0.013293170209574073,0.015859291338582715
stratified_size_rep064,stratified_size,64,b50_lb5_k10_eps0p0025,local_only_offline_aggregate,confidence,300,60,5,0.0,0.005316521703119864,0.009331424389073108,0.01344782608695652,0.9566666666666667,1.0,1.0,0.0,0.0,0.0,40000.0,20000.0,0.009331424389073108,0.01344782608695652
stratified_size_rep064,stratified_size,64,b50_lb5_k10_eps0p0025,local_only_offline_aggregate,shot_proportional,300,60,5,0.0,0.005354622847434263,0.009338932030423219,0.01344782608695652,0.96,1.0,1.0,0.0,0.0,0.0,40000.0,20000.0,0.009338932030423219,0.01344782608695652
stratified_size_rep064,stratified_size,64,b50_lb5_k10_eps0p0025,local_only_offline_aggregate,uniform,300,60,5,0.0,0.005352348530789242,0.009292618604305075,0.01344782608695652,0.96,1.0,1.0,0.0,0.0,0.0,40000.0,20000.0,0.009292618604305075,0.01344782608695652
stratified_size_rep065,stratified_size,65,b50_lb5_k10_eps0p0025,aggregate_only_sync,confidence,300,60,5,0.0043280952380952515,0.009371359681012987,0.01296851890756313,0.015859291338582715,0.8066666666666666,1.0,1.0,0.1575,0.0,0.1575,32125.0,16850.0,0.01296851890756313,0.015859291338582715
stratified_size_rep065,stratified_size,65,b50_lb5_k10_eps0p0025,aggregate_only_sync,shot_proportional,300,60,5,0.0043280952380952515,0.009371359681012987,0.01296851890756313,0.015859291338582715,0.8066666666666666,1.0,1.0,0.1575,0.0,0.1575,32125.0,16850.0,0.01296851890756313,0.015859291338582715
stratified_size_rep065,stratified_size,65,b50_lb5_k10_eps0p0025,aggregate_only_sync,uniform,300,60,5,0.0043280952380952515,0.009371359681012987,0.01296851890756313,0.015859291338582715,0.8066666666666666,1.0,1.0,0.1575,0.0,0.1575,32125.0,16850.0,0.01296851890756313,0.015859291338582715
stratified_size_rep065,stratified_size,65,b50_lb5_k10_eps0p0025,hierarchical_local_aggregate,confidence,300,60,5,0.004348272236442914,0.009360639573821087,0.012666046262412044,0.015611378437034718,0.8033333333333333,1.0,1.0,0.1720833333333333,0.0,0.16749999999999998,32125.0,16650.0,0.012666046262412044,0.015611378437034718
stratified_size_rep065,stratified_size,65,b50_lb5_k10_eps0p0025,hierarchical_local_aggregate,shot_proportional,300,60,5,0.0043280952380952515,0.009371359681012987,0.01316552656215388,0.015859291338582715,0.8033333333333333,1.0,1.0,0.1720833333333333,0.0,0.16749999999999998,32125.0,16650.0,0.01316552656215388,0.015859291338582715
stratified_size_rep065,stratified_size,65,b50_lb5_k10_eps0p0025,hierarchical_local_aggregate,uniform,300,60,5,0.0043280952380952515,0.009371359681012987,0.013122774961228727,0.015859291338582715,0.8033333333333333,1.0,1.0,0.1720833333333333,0.0,0.16749999999999998,32125.0,16650.0,0.013122774961228727,0.015859291338582715
stratified_size_rep065,stratified_size,65,b50_lb5_k10_eps0p0025,local_only_offline_aggregate,confidence,300,60,5,0.0,0.005392509000685228,0.009297525143110143,0.013312835249042239,0.9566666666666667,1.0,1.0,0.0,0.0,0.0,40000.0,20000.0,0.009297525143110143,0.013312835249042239
stratified_size_rep065,stratified_size,65,b50_lb5_k10_eps0p0025,local_only_offline_aggregate,shot_proportional,300,60,5,0.0,0.005234674752633705,0.009418338497644821,0.013312835249042239,0.96,1.0,1.0,0.0,0.0,0.0,40000.0,20000.0,0.009418338497644821,0.013312835249042239
stratified_size_rep065,stratified_size,65,b50_lb5_k10_eps0p0025,local_only_offline_aggregate,uniform,300,60,5,0.0,0.005343537662713817,0.009389605465032242,0.013312835249042239,0.96,1.0,1.0,0.0,0.0,0.0,40000.0,20000.0,0.009389605465032242,0.013312835249042239
stratified_size_rep066,stratified_size,66,b50_lb5_k10_eps0p0025,aggregate_only_sync,confidence,300,60,5,0.004845113636363632,0.009510307176887485,0.0133378064500176,0.015859291338582715,0.7866666666666666,1.0,1.0,0.22250000000000003,0.0,0.22250000000000003,31575.0,15550.0,0.0133378064500176,0.015859291338582715
stratified_size_rep066,stratified_size,66,b50_lb5_k10_eps0p0025,aggregate_only_sync,shot_proportional,300,60,5,0.004845113636363632,0.009510307176887485,0.0133378064500176,0.015859291338582715,0.7866666666666666,1.0,1.0,0.22250000000000003,0.0,0.22250000000000003,31575.0,15550.0,0.0133378064500176,0.015859291338582715
stratified_size_rep066,stratified_size,66,b50_lb5_k10_eps0p0025,aggregate_only_sync,uniform,300,60,5,0.004845113636363632,0.009510307176887485,0.0133378064500176,0.015859291338582715,0.7866666666666666,1.0,1.0,0.22250000000000003,0.0,0.22250000000000003,31575.0,15550.0,0.0133378064500176,0.015859291338582715
stratified_size_rep066,stratified_size,66,b50_lb5_k10_eps0p0025,hierarchical_local_aggregate,confidence,300,60,5,0.0046611648854190165,0.009508001381545717,0.012926882219335793,0.015611378437034718,0.7833333333333333,1.0,1.0,0.22250000000000003,0.0,0.22250000000000003,31575.0,15550.0,0.012926882219335793,0.015611378437034718
stratified_size_rep066,stratified_size,66,b50_lb5_k10_eps0p0025,hierarchical_local_aggregate,shot_proportional,300,60,5,0.004845113636363632,0.009510307176887485,0.013489013196592148,0.015859291338582715,0.7833333333333333,1.0,1.0,0.22250000000000003,0.0,0.22250000000000003,31575.0,15550.0,0.013489013196592148,0.015859291338582715
stratified_size_rep066,stratified_size,66,b50_lb5_k10_eps0p0025,hierarchical_local_aggregate,uniform,300,60,5,0.004845113636363632,0.009510307176887485,0.013489013196592148,0.015859291338582715,0.7833333333333333,1.0,1.0,0.22250000000000003,0.0,0.22250000000000003,31575.0,15550.0,0.013489013196592148,0.015859291338582715
stratified_size_rep066,stratified_size,66,b50_lb5_k10_eps0p0025,local_only_offline_aggregate,confidence,300,60,5,0.0,0.0057090698595131835,0.009478396923665028,0.01344782608695652,0.9533333333333334,1.0,1.0,0.0,0.0,0.0,40000.0,20000.0,0.009478396923665028,0.01344782608695652
stratified_size_rep066,stratified_size,66,b50_lb5_k10_eps0p0025,local_only_offline_aggregate,shot_proportional,300,60,5,0.0,0.005645071718995788,0.009449457495436839,0.01344782608695652,0.9566666666666667,1.0,1.0,0.0,0.0,0.0,40000.0,20000.0,0.009449457495436839,0.01344782608695652
stratified_size_rep066,stratified_size,66,b50_lb5_k10_eps0p0025,local_only_offline_aggregate,uniform,300,60,5,0.0,0.005703830777839926,0.009472636126751447,0.01344782608695652,0.9566666666666667,1.0,1.0,0.0,0.0,0.0,40000.0,20000.0,0.009472636126751447,0.01344782608695652
stratified_size_rep067,stratified_size,67,b50_lb5_k10_eps0p0025,aggregate_only_sync,confidence,300,60,5,0.005654622118904641,0.00958202255112792,0.0133378064500176,0.015859291338582715,0.7666666666666667,1.0,1.0,0.285625,0.0,0.285625,30525.0,14287.5,0.0133378064500176,0.015859291338582715
stratified_size_rep067,stratified_size,67,b50_lb5_k10_eps0p0025,aggregate_only_sync,shot_proportional,300,60,5,0.005654622118904641,0.00958202255112792,0.0133378064500176,0.015859291338582715,0.7666666666666667,1.0,1.0,0.285625,0.0,0.285625,30525.0,14287.5,0.0133378064500176,0.015859291338582715
stratified_size_rep067,stratified_size,67,b50_lb5_k10_eps0p0025,aggregate_only_sync,uniform,300,60,5,0.005654622118904641,0.00958202255112792,0.0133378064500176,0.015859291338582715,0.7666666666666667,1.0,1.0,0.285625,0.0,0.285625,30525.0,14287.5,0.0133378064500176,0.015859291338582715
stratified_size_rep067,stratified_size,67,b50_lb5_k10_eps0p0025,hierarchical_local_aggregate,confidence,300,60,5,0.005638446290501531,0.009623134069881344,0.012926882219335793,0.015611378437034718,0.7666666666666667,1.0,1.0,0.29,0.0,0.29,30500.0,14200.0,0.012926882219335793,0.015611378437034718
stratified_size_rep067,stratified_size,67,b50_lb5_k10_eps0p0025,hierarchical_local_aggregate,shot_proportional,300,60,5,0.005685600247692976,0.009602941607907894,0.013489013196592148,0.015859291338582715,0.7633333333333333,1.0,1.0,0.29,0.0,0.29,30500.0,14200.0,0.013489013196592148,0.015859291338582715
stratified_size_rep067,stratified_size,67,b50_lb5_k10_eps0p0025,hierarchical_local_aggregate,uniform,300,60,5,0.005685600247692976,0.009598662722350897,0.013489013196592148,0.015859291338582715,0.7633333333333333,1.0,1.0,0.29,0.0,0.29,30500.0,14200.0,0.013489013196592148,0.015859291338582715
stratified_size_rep067,stratified_size,67,b50_lb5_k10_eps0p0025,local_only_offline_aggregate,confidence,300,60,5,0.0,0.005881001519856622,0.009732504811626741,0.01344782608695652,0.95,1.0,1.0,0.0,0.0,0.0,40000.0,20000.0,0.009732504811626741,0.01344782608695652
stratified_size_rep067,stratified_size,67,b50_lb5_k10_eps0p0025,local_only_offline_aggregate,shot_proportional,300,60,5,0.0,0.005725237912367087,0.009477277548045174,0.01344782608695652,0.9533333333333334,1.0,1.0,0.0,0.0,0.0,40000.0,20000.0,0.009477277548045174,0.01344782608695652
stratified_size_rep067,stratified_size,67,b50_lb5_k10_eps0p0025,local_only_offline_aggregate,uniform,300,60,5,0.0,0.005889059685537516,0.009613642635452571,0.01344782608695652,0.9533333333333334,1.0,1.0,0.0,0.0,0.0,40000.0,20000.0,0.009613642635452571,0.01344782608695652
stratified_size_rep068,stratified_size,68,b50_lb5_k10_eps0p0025,aggregate_only_sync,confidence,300,60,5,0.0034430713450844066,0.00919930522376175,0.01296851890756313,0.015859291338582715,0.8266666666666667,1.0,1.0,0.12125000000000002,0.0,0.12125000000000002,34525.0,17575.0,0.01296851890756313,0.015859291338582715
stratified_size_rep068,stratified_size,68,b50_lb5_k10_eps0p0025,aggregate_only_sync,shot_proportional,300,60,5,0.0034430713450844066,0.00919930522376175,0.01296851890756313,0.015859291338582715,0.8266666666666667,1.0,1.0,0.12125000000000002,0.0,0.12125000000000002,34525.0,17575.0,0.01296851890756313,0.015859291338582715
stratified_size_rep068,stratified_size,68,b50_lb5_k10_eps0p0025,aggregate_only_sync,uniform,300,60,5,0.0034430713450844066,0.00919930522376175,0.01296851890756313,0.015859291338582715,0.8266666666666667,1.0,1.0,0.12125000000000002,0.0,0.12125000000000002,34525.0,17575.0,0.01296851890756313,0.015859291338582715
stratified_size_rep068,stratified_size,68,b50_lb5_k10_eps0p0025,hierarchical_local_aggregate,confidence,300,60,5,0.003265168501215486,0.009137053118466947,0.012666046262412044,0.015611378437034718,0.8233333333333334,1.0,1.0,0.12125000000000002,0.0,0.12125000000000002,34525.0,17575.0,0.012666046262412044,0.015611378437034718
stratified_size_rep068,stratified_size,68,b50_lb5_k10_eps0p0025,hierarchical_local_aggregate,shot_proportional,300,60,5,0.003453489272085819,0.009220581424656954,0.01316552656215388,0.015859291338582715,0.8233333333333334,1.0,1.0,0.12125000000000002,0.0,0.12125000000000002,34525.0,17575.0,0.01316552656215388,0.015859291338582715
stratified_size_rep068,stratified_size,68,b50_lb5_k10_eps0p0025,hierarchical_local_aggregate,uniform,300,60,5,0.003453489272085819,0.00919930522376175,0.013122774961228727,0.015859291338582715,0.8233333333333334,1.0,1.0,0.12125000000000002,0.0,0.12125000000000002,34525.0,17575.0,0.013122774961228727,0.015859291338582715
stratified_size_rep068,stratified_size,68,b50_lb5_k10_eps0p0025,local_only_offline_aggregate,confidence,300,60,5,0.0,0.005223409158160736,0.009227052038344454,0.013312835249042239,0.96,1.0,1.0,0.0,0.0,0.0,40000.0,20000.0,0.009227052038344454,0.013312835249042239
stratified_size_rep068,stratified_size,68,b50_lb5_k10_eps0p0025,local_only_offline_aggregate,shot_proportional,300,60,5,0.0,0.005008312642516725,0.009237613866240377,0.013312835249042239,0.9633333333333334,1.0,1.0,0.0,0.0,0.0,40000.0,20000.0,0.009237613866240377,0.013312835249042239
stratified_size_rep068,stratified_size,68,b50_lb5_k10_eps0p0025,local_only_offline_aggregate,uniform,300,60,5,0.0,0.005202377025044225,0.009231898371077197,0.013312835249042239,0.9633333333333334,1.0,1.0,0.0,0.0,0.0,40000.0,20000.0,0.009231898371077197,0.013312835249042239
stratified_size_rep069,stratified_size,69,b50_lb5_k10_eps0p0025,aggregate_only_sync,confidence,300,60,5,0.004982613636363648,0.00947260824082721,0.01324175282779057,0.015859291338582715,0.7933333333333333,1.0,1.0,0.21125,0.0,0.21125,31575.0,15775.0,0.01324175282779057,0.015859291338582715
stratified_size_rep069,stratified_size,69,b50_lb5_k10_eps0p0025,aggregate_only_sync,shot_proportional,300,60,5,0.004982613636363648,0.00947260824082721,0.01324175282779057,0.015859291338582715,0.7933333333333333,1.0,1.0,0.21125,0.0,0.21125,31575.0,15775.0,0.01324175282779057,0.015859291338582715
stratified_size_rep069,stratified_size,69,b50_lb5_k10_eps0p0025,aggregate_only_sync,uniform,300,60,5,0.004982613636363648,0.00947260824082721,0.01324175282779057,0.015859291338582715,0.7933333333333333,1.0,1.0,0.21125,0.0,0.21125,31575.0,15775.0,0.01324175282779057,0.015859291338582715
stratified_size_rep069,stratified_size,69,b50_lb5_k10_eps0p0025,hierarchical_local_aggregate,confidence,300,60,5,0.004744864094723857,0.009408449777020433,0.012823089320671189,0.015611378437034718,0.79,1.0,1.0,0.22750000000000004,0.0,0.2275,31575.0,15450.0,0.012823089320671189,0.015611378437034718
stratified_size_rep069,stratified_size,69,b50_lb5_k10_eps0p0025,hierarchical_local_aggregate,shot_proportional,300,60,5,0.004982613636363648,0.00947260824082721,0.013339164548022461,0.015859291338582715,0.79,1.0,1.0,0.22750000000000004,0.0,0.2275,31575.0,15450.0,0.013339164548022461,0.015859291338582715
stratified_size_rep069,stratified_size,69,b50_lb5_k10_eps0p0025,hierarchical_local_aggregate,uniform,300,60,5,0.004982613636363648,0.009455193290227058,0.013338962464158607,0.015859291338582715,0.79,1.0,1.0,0.22750000000000004,0.0,0.2275,31575.0,15450.0,0.013338962464158607,0.015859291338582715
stratified_size_rep069,stratified_size,69,b50_lb5_k10_eps0p0025,local_only_offline_aggregate,confidence,300,60,5,0.0,0.005652646450853127,0.009297525143110143,0.013312835249042239,0.9566666666666667,1.0,1.0,0.0,0.0,0.0,40000.0,20000.0,0.009297525143110143,0.013312835249042239
stratified_size_rep069,stratified_size,69,b50_lb5_k10_eps0p0025,local_only_offline_aggregate,shot_proportional,300,60,5,0.0,0.005537357431313497,0.009418338497644821,0.013312835249042239,0.96,1.0,1.0,0.0,0.0,0.0,40000.0,20000.0,0.009418338497644821,0.013312835249042239
stratified_size_rep069,stratified_size,69,b50_lb5_k10_eps0p0025,local_only_offline_aggregate,uniform,300,60,5,0.0,0.0055909582333453535,0.009389605465032242,0.013312835249042239,0.96,1.0,1.0,0.0,0.0,0.0,40000.0,20000.0,0.009389605465032242,0.013312835249042239
stratified_size_rep070,stratified_size,70,b50_lb5_k10_eps0p0025,aggregate_only_sync,confidence,300,60,5,0.003998655370053699,0.009261996795823263,0.013214431195596548,0.01447394495412818,0.82,1.0,1.0,0.145,0.0,0.145,33600.0,17100.0,0.013214431195596548,0.01447394495412818
stratified_size_rep070,stratified_size,70,b50_lb5_k10_eps0p0025,aggregate_only_sync,shot_proportional,300,60,5,0.003998655370053699,0.009261996795823263,0.013214431195596548,0.01447394495412818,0.82,1.0,1.0,0.145,0.0,0.145,33600.0,17100.0,0.013214431195596548,0.01447394495412818
stratified_size_rep070,stratified_size,70,b50_lb5_k10_eps0p0025,aggregate_only_sync,uniform,300,60,5,0.003998655370053699,0.009261996795823263,0.013214431195596548,0.01447394495412818,0.82,1.0,1.0,0.145,0.0,0.145,33600.0,17100.0,0.013214431195596548,0.01447394495412818
stratified_size_rep070,stratified_size,70,b50_lb5_k10_eps0p0025,hierarchical_local_aggregate,confidence,300,60,5,0.0038320407139240797,0.009132848496677955,0.012610794785434542,0.01376465242048849,0.8166666666666667,1.0,1.0,0.1595833333333333,0.0,0.15499999999999997,33600.0,16900.0,0.012610794785434542,0.01376465242048849
stratified_size_rep070,stratified_size,70,b50_lb5_k10_eps0p0025,hierarchical_local_aggregate,shot_proportional,300,60,5,0.0039053279436632917,0.009261996795823263,0.01324175282779057,0.01447394495412818,0.8166666666666667,1.0,1.0,0.1595833333333333,0.0,0.15499999999999997,33600.0,16900.0,0.01324175282779057,0.01447394495412818
stratified_size_rep070,stratified_size,70,b50_lb5_k10_eps0p0025,hierarchical_local_aggregate,uniform,300,60,5,0.00392432867216142,0.009261996795823263,0.01324175282779057,0.01447394495412818,0.8166666666666667,1.0,1.0,0.1595833333333333,0.0,0.15499999999999997,33600.0,16900.0,0.01324175282779057,0.01447394495412818
stratified_size_rep070,stratified_size,70,b50_lb5_k10_eps0p0025,local_only_offline_aggregate,confidence,300,60,5,0.0,0.005315376517162511,0.009076671303440684,0.01298823529411764,0.9633333333333334,1.0,1.0,0.0,0.0,0.0,40000.0,20000.0,0.009076671303440684,0.01298823529411764
stratified_size_rep070,stratified_size,70,b50_lb5_k10_eps0p0025,local_only_offline_aggregate,shot_proportional,300,60,5,0.0,0.005008312642516725,0.009224028339561567,0.01298823529411764,0.9666666666666667,1.0,1.0,0.0,0.0,0.0,40000.0,20000.0,0.009224028339561567,0.01298823529411764
stratified_size_rep070,stratified_size,70,b50_lb5_k10_eps0p0025,local_only_offline_aggregate,uniform,300,60,5,0.0,0.0052658124882554724,0.008947102487428318,0.01298823529411764,0.9666666666666667,1.0,1.0,0.0,0.0,0.0,40000.0,20000.0,0.008947102487428318,0.01298823529411764
stratified_size_rep071,stratified_size,71,b50_lb5_k10_eps0p0025,aggregate_only_sync,confidence,300,60,5,0.005074126344086001,0.009493289815543598,0.013232490770465339,0.015859291338582715,0.7966666666666666,1.0,1.0,0.25125000000000003,0.0,0.25125000000000003,30525.0,14975.0,0.013232490770465339,0.015859291338582715
stratified_size_rep071,stratified_size,71,b50_lb5_k10_eps0p0025,aggregate_only_sync,shot_proportional,300,60,5,0.005074126344086001,0.009493289815543598,0.013232490770465339,0.015859291338582715,0.7966666666666666,1.0,1.0,0.25125000000000003,0.0,0.25125000000000003,30525.0,14975.0,0.013232490770465339,0.015859291338582715
stratified_size_rep071,stratified_size,71,b50_lb5_k10_eps0p0025,aggregate_only_sync,uniform,300,60,5,0.005074126344086001,0.009493289815543598,0.013232490770465339,0.015859291338582715,0.7966666666666666,1.0,1.0,0.25125000000000003,0.0,0.25125000000000003,30525.0,14975.0,0.013232490770465339,0.015859291338582715
stratified_size_rep071,stratified_size,71,b50_lb5_k10_eps0p0025,hierarchical_local_aggregate,confidence,300,60,5,0.0050004861197821306,0.009365699506888736,0.012763741949186396,0.015611378437034718,0.7933333333333333,1.0,1.0,0.25666666666666665,0.0,0.25125000000000003,30500.0,14975.0,0.012763741949186396,0.015611378437034718
stratified_size_rep071,stratified_size,71,b50_lb5_k10_eps0p0025,hierarchical_local_aggregate,shot_proportional,300,60,5,0.005074126344086001,0.009493289815543598,0.01324278782986784,0.015859291338582715,0.7933333333333333,1.0,1.0,0.25666666666666665,0.0,0.25125000000000003,30500.0,14975.0,0.01324278782986784,0.015859291338582715
stratified_size_rep071,stratified_size,71,b50_lb5_k10_eps0p0025,hierarchical_local_aggregate,uniform,300,60,5,0.005074126344086001,0.00947260824082721,0.01324278782986784,0.015859291338582715,0.7933333333333333,1.0,1.0,0.25666666666666665,0.0,0.25125000000000003,30500.0,14975.0,0.01324278782986784,0.015859291338582715
stratified_size_rep071,stratified_size,71,b50_lb5_k10_eps0p0025,local_only_offline_aggregate,confidence,300,60,5,0.00046656946823863966,0.005769193198850345,0.009478396923665028,0.01344782608695652,0.9533333333333334,1.0,1.0,0.0018750000000000155,0.0,0.0,40000.0,20000.0,0.009478396923665028,0.01344782608695652
stratified_size_rep071,stratified_size,71,b50_lb5_k10_eps0p0025,local_only_offline_aggregate,shot_proportional,300,60,5,0.0004321645569620293,0.005730419631848052,0.009449457495436839,0.01344782608695652,0.9566666666666667,1.0,1.0,0.0018750000000000155,0.0,0.0,40000.0,20000.0,0.009449457495436839,0.01344782608695652
stratified_size_rep071,stratified_size,71,b50_lb5_k10_eps0p0025,local_only_offline_aggregate,uniform,300,60,5,0.000448216851252125,0.005726373571296502,0.009472636126751447,0.01344782608695652,0.9566666666666667,1.0,1.0,0.0018750000000000155,0.0,0.0,40000.0,20000.0,0.009472636126751447,0.01344782608695652
stratified_size_rep072,stratified_size,72,b50_lb5_k10_eps0p0025,aggregate_only_sync,confidence,300,60,5,0.004956919191919187,0.009505459840572831,0.0133378064500176,0.015859291338582715,0.7866666666666666,1.0,1.0,0.19499999999999998,0.0,0.19499999999999998,34525.0,16100.0,0.0133378064500176,0.015859291338582715
stratified_size_rep072,stratified_size,72,b50_lb5_k10_eps0p0025,aggregate_only_sync,shot_proportional,300,60,5,0.004956919191919187,0.009505459840572831,0.0133378064500176,0.015859291338582715,0.7866666666666666,1.0,1.0,0.19499999999999998,0.0,0.19499999999999998,34525.0,16100.0,0.0133378064500176,0.015859291338582715
stratified_size_rep072,stratified_size,72,b50_lb5_k10_eps0p0025,aggregate_only_sync,uniform,300,60,5,0.004956919191919187,0.009505459840572831,0.0133378064500176,0.015859291338582715,0.7866666666666666,1.0,1.0,0.19499999999999998,0.0,0.19499999999999998,34525.0,16100.0,0.0133378064500176,0.015859291338582715
stratified_size_rep072,stratified_size,72,b50_lb5_k10_eps0p0025,hierarchical_local_aggregate,confidence,300,60,5,0.0047037239648241615,0.009475684971095855,0.012859389507841362,0.015611378437034718,0.78,1.0,1.0,0.19812499999999997,0.0,0.19812499999999997,34525.0,16037.5,0.012859389507841362,0.015611378437034718
stratified_size_rep072,stratified_size,72,b50_lb5_k10_eps0p0025,hierarchical_local_aggregate,shot_proportional,300,60,5,0.004956919191919187,0.009510307176887485,0.013489013196592148,0.015859291338582715,0.7833333333333333,1.0,1.0,0.19812499999999997,0.0,0.19812499999999997,34525.0,16037.5,0.013489013196592148,0.015859291338582715
stratified_size_rep072,stratified_size,72,b50_lb5_k10_eps0p0025,hierarchical_local_aggregate,uniform,300,60,5,0.004956919191919187,0.00949518160273368,0.013489013196592148,0.015859291338582715,0.7833333333333333,1.0,1.0,0.19812499999999997,0.0,0.19812499999999997,34525.0,16037.5,0.013489013196592148,0.015859291338582715
stratified_size_rep072,stratified_size,72,b50_lb5_k10_eps0p0025,local_only_offline_aggregate,confidence,300,60,5,0.0,0.0054976218261570025,0.009252431715713834,0.01344782608695652,0.9566666666666667,1.0,1.0,0.0,0.0,0.0,40000.0,20000.0,0.009252431715713834,0.01344782608695652
stratified_size_rep072,stratified_size,72,b50_lb5_k10_eps0p0025,local_only_offline_aggregate,shot_proportional,300,60,5,0.0,0.005369266687364836,0.009233518373807066,0.01344782608695652,0.96,1.0,1.0,0.0,0.0,0.0,40000.0,20000.0,0.009233518373807066,0.01344782608695652
stratified_size_rep072,stratified_size,72,b50_lb5_k10_eps0p0025,local_only_offline_aggregate,uniform,300,60,5,0.0,0.005551418443054422,0.009267930047130262,0.01344782608695652,0.96,1.0,1.0,0.0,0.0,0.0,40000.0,20000.0,0.009267930047130262,0.01344782608695652
stratified_size_rep073,stratified_size,73,b50_lb5_k10_eps0p0025,aggregate_only_sync,confidence,300,60,5,0.0032785458465068805,0.009166270619037808,0.01298939314966492,0.014282738095238015,0.8266666666666667,1.0,1.0,0.116875,0.0,0.116875,35075.0,17662.5,0.01298939314966492,0.014282738095238015
stratified_size_rep073,stratified_size,73,b50_lb5_k10_eps0p0025,aggregate_only_sync,shot_proportional,300,60,5,0.0032785458465068805,0.009166270619037808,0.01298939314966492,0.014282738095238015,0.8266666666666667,1.0,1.0,0.116875,0.0,0.116875,35075.0,17662.5,0.01298939314966492,0.014282738095238015
stratified_size_rep073,stratified_size,73,b50_lb5_k10_eps0p0025,aggregate_only_sync,uniform,300,60,5,0.0032785458465068805,0.009166270619037808,0.01298939314966492,0.014282738095238015,0.8266666666666667,1.0,1.0,0.116875,0.0,0.116875,35075.0,17662.5,0.01298939314966492,0.014282738095238015
stratified_size_rep073,stratified_size,73,b50_lb5_k10_eps0p0025,hierarchical_local_aggregate,confidence,300,60,5,0.0031994273715995397,0.009084434353944595,0.012468034394452385,0.013514675153968694,0.8266666666666667,1.0,1.0,0.116875,0.0,0.116875,34650.0,17662.5,0.012468034394452385,0.013514675153968694
stratified_size_rep073,stratified_size,73,b50_lb5_k10_eps0p0025,hierarchical_local_aggregate,shot_proportional,300,60,5,0.003386950494051159,0.009220581424656954,0.013016647897197663,0.014421686746988011,0.8233333333333334,1.0,1.0,0.116875,0.0,0.116875,34650.0,17662.5,0.013016647897197663,0.014421686746988011
stratified_size_rep073,stratified_size,73,b50_lb5_k10_eps0p0025,hierarchical_local_aggregate,uniform,300,60,5,0.003386950494051159,0.009187786758120896,0.013016647897197663,0.014323214285714186,0.8233333333333334,1.0,1.0,0.116875,0.0,0.116875,34650.0,17662.5,0.013016647897197663,0.014323214285714186
stratified_size_rep073,stratified_size,73,b50_lb5_k10_eps0p0025,local_only_offline_aggregate,confidence,300,60,5,0.0,0.005327897800734053,0.009227052038344454,0.01344782608695652,0.9633333333333334,1.0,1.0,0.0,0.0,0.0,40000.0,20000.0,0.009227052038344454,0.01344782608695652
stratified_size_rep073,stratified_size,73,b50_lb5_k10_eps0p0025,local_only_offline_aggregate,shot_proportional,300,60,5,0.0,0.005234674752633705,0.009224028339561567,0.01344782608695652,0.9666666666666667,1.0,1.0,0.0,0.0,0.0,40000.0,20000.0,0.009224028339561567,0.01344782608695652
stratified_size_rep073,stratified_size,73,b50_lb5_k10_eps0p0025,local_only_offline_aggregate,uniform,300,60,5,0.0,0.005343537662713817,0.009225974589476398,0.01344782608695652,0.9666666666666667,1.0,1.0,0.0,0.0,0.0,40000.0,20000.0,0.009225974589476398,0.01344782608695652
stratified_size_rep074,stratified_size,74,b50_lb5_k10_eps0p0025,aggregate_only_sync,confidence,300,60,5,0.004845113636363632,0.009505459840572831,0.013318668721918598,0.015859291338582715,0.7866666666666666,1.0,1.0,0.21125,0.0,0.21125,31700.0,15775.0,0.013318668721918598,0.015859291338582715
stratified_size_rep074,stratified_size,74,b50_lb5_k10_eps0p0025,aggregate_only_sync,shot_proportional,300,60,5,0.004845113636363632,0.009505459840572831,0.013318668721918598,0.015859291338582715,0.7866666666666666,1.0,1.0,0.21125,0.0,0.21125,31700.0,15775.0,0.013318668721918598,0.015859291338582715
stratified_size_rep074,stratified_size,74,b50_lb5_k10_eps0p0025,aggregate_only_sync,uniform,300,60,5,0.004845113636363632,0.009505459840572831,0.013318668721918598,0.015859291338582715,0.7866666666666666,1.0,1.0,0.21125,0.0,0.21125,31700.0,15775.0,0.013318668721918598,0.015859291338582715
stratified_size_rep074,stratified_size,74,b50_lb5_k10_eps0p0025,hierarchical_local_aggregate,confidence,300,60,5,0.0046611648854190165,0.00941958481466074,0.012926882219335793,0.015611378437034718,0.7866666666666666,1.0,1.0,0.22750000000000004,0.0,0.2275,31700.0,15450.0,0.012926882219335793,0.015611378437034718
stratified_size_rep074,stratified_size,74,b50_lb5_k10_eps0p0025,hierarchical_local_aggregate,shot_proportional,300,60,5,0.004845113636363632,0.009510307176887485,0.013489013196592148,0.015859291338582715,0.7866666666666666,1.0,1.0,0.22750000000000004,0.0,0.2275,31700.0,15450.0,0.013489013196592148,0.015859291338582715
stratified_size_rep074,stratified_size,74,b50_lb5_k10_eps0p0025,hierarchical_local_aggregate,uniform,300,60,5,0.004845113636363632,0.009497449638429741,0.013489013196592148,0.015859291338582715,0.7866666666666666,1.0,1.0,0.22750000000000004,0.0,0.2275,31700.0,15450.0,0.013489013196592148,0.015859291338582715
stratified_size_rep074,stratified_size,74,b50_lb5_k10_eps0p0025,local_only_offline_aggregate,confidence,300,60,5,0.0,0.0054976218261570025,0.009290443985347955,0.01344782608695652,0.96,1.0,1.0,0.0,0.0,0.0,40000.0,20000.0,0.009290443985347955,0.01344782608695652
stratified_size_rep074,stratified_size,74,b50_lb5_k10_eps0p0025,local_only_offline_aggregate,shot_proportional,300,60,5,0.0,0.005369266687364836,0.009338932030423219,0.01344782608695652,0.96,1.0,1.0,0.0,0.0,0.0,40000.0,20000.0,0.009338932030423219,0.01344782608695652
stratified_size_rep074,stratified_size,74,b50_lb5_k10_eps0p0025,local_only_offline_aggregate,uniform,300,60,5,0.0,0.0055549249529745475,0.009288599608435475,0.01344782608695652,0.96,1.0,1.0,0.0,0.0,0.0,40000.0,20000.0,0.009288599608435475,0.01344782608695652
stratified_size_rep075,stratified_size,75,b50_lb5_k10_eps0p0025,aggregate_only_sync,confidence,300,60,5,0.00455524991760393,0.00951731169860601,0.013293170209574073,0.015859291338582715,0.7866666666666666,1.0,1.0,0.20187499999999997,0.0,0.20187499999999997,32975.0,15962.5,0.013293170209574073,0.015859291338582715
stratified_size_rep075,stratified_size,75,b50_lb5_k10_eps0p0025,aggregate_only_sync,shot_proportional,300,60,5,0.00455524991760393,0.00951731169860601,0.013293170209574073,0.015859291338582715,0.7866666666666666,1.0,1.0,0.20187499999999997,0.0,0.20187499999999997,32975.0,15962.5,0.013293170209574073,0.015859291338582715
stratified_size_rep075,stratified_size,75,b50_lb5_k10_eps0p0025,aggregate_only_sync,uniform,300,60,5,0.00455524991760393,0.00951731169860601,0.013293170209574073,0.015859291338582715,0.7866666666666666,1.0,1.0,0.20187499999999997,0.0,0.20187499999999997,32975.0,15962.5,0.013293170209574073,0.015859291338582715
stratified_size_rep075,stratified_size,75,b50_lb5_k10_eps0p0025,hierarchical_local_aggregate,confidence,300,60,5,0.004632459341315551,0.009408449777020433,0.012926882219335793,0.015611378437034718,0.7866666666666666,1.0,1.0,0.20499999999999996,0.0,0.20499999999999996,32900.0,15900.0,0.012926882219335793,0.015611378437034718
stratified_size_rep075,stratified_size,75,b50_lb5_k10_eps0p0025,hierarchical_local_aggregate,shot_proportional,300,60,5,0.00455524991760393,0.009531980107502305,0.013448268115942024,0.015859291338582715,0.7866666666666666,1.0,1.0,0.20499999999999996,0.0,0.20499999999999996,32900.0,15900.0,0.013448268115942024,0.015859291338582715
stratified_size_rep075,stratified_size,75,b50_lb5_k10_eps0p0025,hierarchical_local_aggregate,uniform,300,60,5,0.00455524991760393,0.009510307176887485,0.01344806603207817,0.015859291338582715,0.7866666666666666,1.0,1.0,0.20499999999999996,0.0,0.20499999999999996,32900.0,15900.0,0.01344806603207817,0.015859291338582715
stratified_size_rep075,stratified_size,75,b50_lb5_k10_eps0p0025,local_only_offline_aggregate,confidence,300,60,5,0.0,0.005573694505322245,0.009478396923665028,0.01344782608695652,0.9533333333333334,1.0,1.0,0.0,0.0,0.0,40000.0,20000.0,0.009478396923665028,0.01344782608695652
stratified_size_rep075,stratified_size,75,b50_lb5_k10_eps0p0025,local_only_offline_aggregate,shot_proportional,300,60,5,0.0,0.005530323358122906,0.009449457495436839,0.01344782608695652,0.9566666666666667,1.0,1.0,0.0,0.0,0.0,40000.0,20000.0,0.009449457495436839,0.01344782608695652
stratified_size_rep075,stratified_size,75,b50_lb5_k10_eps0p0025,local_only_offline_aggregate,uniform,300,60,5,0.0,0.0055659407550582175,0.009472636126751447,0.01344782608695652,0.9566666666666667,1.0,1.0,0.0,0.0,0.0,40000.0,20000.0,0.009472636126751447,0.01344782608695652
stratified_size_rep076,stratified_size,76,b50_lb5_k10_eps0p0025,aggregate_only_sync,confidence,300,60,5,0.0031754769314030367,0.009013074363752727,0.012607385364270812,0.015859291338582715,0.84,1.0,1.0,0.110625,0.0,0.110625,34775.0,17787.5,0.012607385364270812,0.015859291338582715
stratified_size_rep076,stratified_size,76,b50_lb5_k10_eps0p0025,aggregate_only_sync,shot_proportional,300,60,5,0.0031754769314030367,0.009013074363752727,0.012607385364270812,0.015859291338582715,0.84,1.0,1.0,0.110625,0.0,0.110625,34775.0,17787.5,0.012607385364270812,0.015859291338582715
stratified_size_rep076,stratified_size,76,b50_lb5_k10_eps0p0025,aggregate_only_sync,uniform,300,60,5,0.0031754769314030367,0.009013074363752727,0.012607385364270812,0.015859291338582715,0.84,1.0,1.0,0.110625,0.0,0.110625,34775.0,17787.5,0.012607385364270812,0.015859291338582715
stratified_size_rep076,stratified_size,76,b50_lb5_k10_eps0p0025,hierarchical_local_aggregate,confidence,300,60,5,0.003102352753973566,0.008771160638677942,0.012155042560020661,0.015611378437034718,0.84,1.0,1.0,0.110625,0.0,0.110625,34650.0,17787.5,0.012155042560020661,0.015611378437034718
stratified_size_rep076,stratified_size,76,b50_lb5_k10_eps0p0025,hierarchical_local_aggregate,shot_proportional,300,60,5,0.0032785458465068805,0.009013074363752727,0.012894223346296056,0.015859291338582715,0.8366666666666667,1.0,1.0,0.110625,0.0,0.110625,34650.0,17787.5,0.012894223346296056,0.015859291338582715
stratified_size_rep076,stratified_size,76,b50_lb5_k10_eps0p0025,hierarchical_local_aggregate,uniform,300,60,5,0.0032785458465068805,0.009013074363752727,0.01289300556917295,0.015859291338582715,0.8366666666666667,1.0,1.0,0.110625,0.0,0.110625,34650.0,17787.5,0.01289300556917295,0.015859291338582715
stratified_size_rep076,stratified_size,76,b50_lb5_k10_eps0p0025,local_only_offline_aggregate,confidence,300,60,5,0.0,0.004954810103722199,0.009069676139721624,0.013312835249042239,0.9633333333333334,1.0,1.0,0.0,0.0,0.0,40000.0,20000.0,0.009069676139721624,0.013312835249042239
stratified_size_rep076,stratified_size,76,b50_lb5_k10_eps0p0025,local_only_offline_aggregate,shot_proportional,300,60,5,0.0,0.004556883808856319,0.008811852392090626,0.013312835249042239,0.9666666666666667,1.0,1.0,0.0,0.0,0.0,40000.0,20000.0,0.008811852392090626,0.013312835249042239
stratified_size_rep076,stratified_size,76,b50_lb5_k10_eps0p0025,local_only_offline_aggregate,uniform,300,60,5,0.0,0.004684163522038417,0.00892626178350446,0.013312835249042239,0.9666666666666667,1.0,1.0,0.0,0.0,0.0,40000.0,20000.0,0.00892626178350446,0.013312835249042239
stratified_size_rep077,stratified_size,77,b50_lb5_k10_eps0p0025,aggregate_only_sync,confidence,300,60,5,0.004729523544679285,0.009401775412087917,0.01302360229996015,0.015859291338582715,0.7933333333333333,1.0,1.0,0.21125,0.0,0.21125,31275.0,15775.0,0.01302360229996015,0.015859291338582715
stratified_size_rep077,stratified_size,77,b50_lb5_k10_eps0p0025,aggregate_only_sync,shot_proportional,300,60,5,0.004729523544679285,0.009401775412087917,0.01302360229996015,0.015859291338582715,0.7933333333333333,1.0,1.0,0.21125,0.0,0.21125,31275.0,15775.0,0.01302360229996015,0.015859291338582715
stratified_size_rep077,stratified_size,77,b50_lb5_k10_eps0p0025,aggregate_only_sync,uniform,300,60,5,0.004729523544679285,0.009401775412087917,0.01302360229996015,0.015859291338582715,0.7933333333333333,1.0,1.0,0.21125,0.0,0.21125,31275.0,15775.0,0.01302360229996015,0.015859291338582715
stratified_size_rep077,stratified_size,77,b50_lb5_k10_eps0p0025,hierarchical_local_aggregate,confidence,300,60,5,0.004652646933869367,0.009365699506888736,0.012666046262412044,0.015611378437034718,0.7933333333333333,1.0,1.0,0.22750000000000004,0.0,0.2275,31250.0,15450.0,0.012666046262412044,0.015611378437034718
stratified_size_rep077,stratified_size,77,b50_lb5_k10_eps0p0025,hierarchical_local_aggregate,shot_proportional,300,60,5,0.004729523544679285,0.009401775412087917,0.01324175282779057,0.015859291338582715,0.79,1.0,1.0,0.22750000000000004,0.0,0.2275,31250.0,15450.0,0.01324175282779057,0.015859291338582715
stratified_size_rep077,stratified_size,77,b50_lb5_k10_eps0p0025,hierarchical_local_aggregate,uniform,300,60,5,0.004729523544679285,0.009401775412087917,0.01324175282779057,0.015859291338582715,0.79,1.0,1.0,0.22750000000000004,0.0,0.2275,31250.0,15450.0,0.01324175282779057,0.015859291338582715
stratified_size_rep077,stratified_size,77,b50_lb5_k10_eps0p0025,local_only_offline_aggregate,confidence,300,60,5,0.0,0.005566070987991832,0.009227052038344454,0.013312835249042239,0.9566666666666667,1.0,1.0,0.0,0.0,0.0,40000.0,20000.0,0.009227052038344454,0.013312835249042239
stratified_size_rep077,stratified_size,77,b50_lb5_k10_eps0p0025,local_only_offline_aggregate,shot_proportional,300,60,5,0.0,0.0054522733560082625,0.009237613866240377,0.013312835249042239,0.96,1.0,1.0,0.0,0.0,0.0,40000.0,20000.0,0.009237613866240377,0.013312835249042239
stratified_size_rep077,stratified_size,77,b50_lb5_k10_eps0p0025,local_only_offline_aggregate,uniform,300,60,5,0.0,0.005557564661603714,0.009231898371077197,0.013312835249042239,0.96,1.0,1.0,0.0,0.0,0.0,40000.0,20000.0,0.009231898371077197,0.013312835249042239
stratified_size_rep078,stratified_size,78,b50_lb5_k10_eps0p0025,aggregate_only_sync,confidence,300,60,5,0.003813056210441385,0.00936079412014472,0.01324175282779057,0.01447394495412818,0.8066666666666666,1.0,1.0,0.131875,0.0,0.131875,35575.0,17362.5,0.01324175282779057,0.01447394495412818
stratified_size_rep078,stratified_size,78,b50_lb5_k10_eps0p0025,aggregate_only_sync,shot_proportional,300,60,5,0.003813056210441385,0.00936079412014472,0.01324175282779057,0.01447394495412818,0.8066666666666666,1.0,1.0,0.131875,0.0,0.131875,35575.0,17362.5,0.01324175282779057,0.01447394495412818
stratified_size_rep078,stratified_size,78,b50_lb5_k10_eps0p0025,aggregate_only_sync,uniform,300,60,5,0.003813056210441385,0.00936079412014472,0.01324175282779057,0.01447394495412818,0.8066666666666666,1.0,1.0,0.131875,0.0,0.131875,35575.0,17362.5,0.01324175282779057,0.01447394495412818
stratified_size_rep078,stratified_size,78,b50_lb5_k10_eps0p0025,hierarchical_local_aggregate,confidence,300,60,5,0.0038003650140869625,0.009360639573821087,0.012766234455826317,0.01376465242048849,0.8066666666666666,1.0,1.0,0.131875,0.0,0.131875,35250.0,17362.5,0.012766234455826317,0.01376465242048849
stratified_size_rep078,stratified_size,78,b50_lb5_k10_eps0p0025,hierarchical_local_aggregate,shot_proportional,300,60,5,0.0037197287840509776,0.00936079412014472,0.013449769380105342,0.01447394495412818,0.8033333333333333,1.0,1.0,0.131875,0.0,0.131875,35250.0,17362.5,0.013449769380105342,0.01447394495412818
stratified_size_rep078,stratified_size,78,b50_lb5_k10_eps0p0025,hierarchical_local_aggregate,uniform,300,60,5,0.003738729512549106,0.00936079412014472,0.013449769380105342,0.01447394495412818,0.8033333333333333,1.0,1.0,0.131875,0.0,0.131875,35250.0,17362.5,0.013449769380105342,0.01447394495412818
stratified_size_rep078,stratified_size,78,b50_lb5_k10_eps0p0025,local_only_offline_aggregate,confidence,300,60,5,0.0,0.005277753954611535,0.009225051392574237,0.01344782608695652,0.9666666666666667,1.0,1.0,0.0,0.0,0.0,40000.0,20000.0,0.009225051392574237,0.01344782608695652
stratified_size_rep078,stratified_size,78,b50_lb5_k10_eps0p0025,local_only_offline_aggregate,shot_proportional,300,60,5,0.0,0.005002878441953811,0.009224028339561567,0.01344782608695652,0.9666666666666667,1.0,1.0,0.0,0.0,0.0,40000.0,20000.0,0.009224028339561567,0.01344782608695652
stratified_size_rep078,stratified_size,78,b50_lb5_k10_eps0p0025,local_only_offline_aggregate,uniform,300,60,5,0.0,0.00521145788163768,0.009225974589476398,0.01344782608695652,0.9666666666666667,1.0,1.0,0.0,0.0,0.0,40000.0,20000.0,0.009225974589476398,0.01344782608695652
stratified_size_rep079,stratified_size,79,b50_lb5_k10_eps0p0025,aggregate_only_sync,confidence,300,60,5,0.0,0.009137418427277898,0.013214123015873037,0.015859291338582715,0.83,1.0,1.0,0.0,0.0,0.0,38825.0,20000.0,0.013214123015873037,0.015859291338582715
stratified_size_rep079,stratified_size,79,b50_lb5_k10_eps0p0025,aggregate_only_sync,shot_proportional,300,60,5,0.0,0.009137418427277898,0.013214123015873037,0.015859291338582715,0.83,1.0,1.0,0.0,0.0,0.0,38825.0,20000.0,0.013214123015873037,0.015859291338582715
stratified_size_rep079,stratified_size,79,b50_lb5_k10_eps0p0025,aggregate_only_sync,uniform,300,60,5,0.0,0.009137418427277898,0.013214123015873037,0.015859291338582715,0.83,1.0,1.0,0.0,0.0,0.0,38825.0,20000.0,0.013214123015873037,0.015859291338582715
stratified_size_rep079,stratified_size,79,b50_lb5_k10_eps0p0025,hierarchical_local_aggregate,confidence,300,60,5,0.0,0.009100107862259104,0.012666046262412044,0.015611378437034718,0.83,1.0,1.0,0.0,0.0,0.0,38825.0,20000.0,0.012666046262412044,0.015611378437034718
stratified_size_rep079,stratified_size,79,b50_lb5_k10_eps0p0025,hierarchical_local_aggregate,shot_proportional,300,60,5,0.0,0.009137418427277898,0.013232637764864205,0.015859291338582715,0.83,1.0,1.0,0.0,0.0,0.0,38825.0,20000.0,0.013232637764864205,0.015859291338582715
stratified_size_rep079,stratified_size,79,b50_lb5_k10_eps0p0025,hierarchical_local_aggregate,uniform,300,60,5,0.0,0.009137418427277898,0.013217122633390742,0.015859291338582715,0.83,1.0,1.0,0.0,0.0,0.0,38825.0,20000.0,0.013217122633390742,0.015859291338582715
stratified_size_rep079,stratified_size,79,b50_lb5_k10_eps0p0025,local_only_offline_aggregate,confidence,300,60,5,0.0,0.005069172551240078,0.009125968930321004,0.01344782608695652,0.9633333333333334,1.0,1.0,0.0,0.0,0.0,40037.5,20000.0,0.009125968930321004,0.01344782608695652
stratified_size_rep079,stratified_size,79,b50_lb5_k10_eps0p0025,local_only_offline_aggregate,shot_proportional,300,60,5,0.0,0.004991825900092482,0.009124945877308334,0.01344782608695652,0.9666666666666667,1.0,1.0,0.0,0.0,0.0,40037.5,20000.0,0.009124945877308334,0.01344782608695652
stratified_size_rep079,stratified_size,79,b50_lb5_k10_eps0p0025,local_only_offline_aggregate,uniform,300,60,5,0.0,0.00498673860057029,0.009126892127223165,0.01344782608695652,0.9666666666666667,1.0,1.0,0.0,0.0,0.0,40037.5,20000.0,0.009126892127223165,0.01344782608695652
stratified_size_rep080,stratified_size,80,b50_lb5_k10_eps0p0025,aggregate_only_sync,confidence,300,60,5,0.005584476861405648,0.00963244486622434,0.0133378064500176,0.015859291338582715,0.7666666666666667,1.0,1.0,0.22250000000000003,0.0,0.22250000000000003,33300.0,15550.0,0.0133378064500176,0.015859291338582715
stratified_size_rep080,stratified_size,80,b50_lb5_k10_eps0p0025,aggregate_only_sync,shot_proportional,300,60,5,0.005584476861405648,0.00963244486622434,0.0133378064500176,0.015859291338582715,0.7666666666666667,1.0,1.0,0.22250000000000003,0.0,0.22250000000000003,33300.0,15550.0,0.0133378064500176,0.015859291338582715
stratified_size_rep080,stratified_size,80,b50_lb5_k10_eps0p0025,aggregate_only_sync,uniform,300,60,5,0.005584476861405648,0.00963244486622434,0.0133378064500176,0.015859291338582715,0.7666666666666667,1.0,1.0,0.22250000000000003,0.0,0.22250000000000003,33300.0,15550.0,0.0133378064500176,0.015859291338582715
stratified_size_rep080,stratified_size,80,b50_lb5_k10_eps0p0025,hierarchical_local_aggregate,confidence,300,60,5,0.0054837823177991815,0.009623134069881344,0.012926882219335793,0.015611378437034718,0.7666666666666667,1.0,1.0,0.23250000000000004,0.0,0.2325,33125.0,15350.0,0.012926882219335793,0.015611378437034718
stratified_size_rep080,stratified_size,80,b50_lb5_k10_eps0p0025,hierarchical_local_aggregate,shot_proportional,300,60,5,0.005584476861405648,0.009651289265706074,0.013489013196592148,0.015859291338582715,0.7633333333333333,1.0,1.0,0.23250000000000004,0.0,0.2325,33125.0,15350.0,0.013489013196592148,0.015859291338582715
stratified_size_rep080,stratified_size,80,b50_lb5_k10_eps0p0025,hierarchical_local_aggregate,uniform,300,60,5,0.005584476861405648,0.009636189892001577,0.013489013196592148,0.015859291338582715,0.7633333333333333,1.0,1.0,0.23250000000000004,0.0,0.2325,33125.0,15350.0,0.013489013196592148,0.015859291338582715
stratified_size_rep080,stratified_size,80,b50_lb5_k10_eps0p0025,local_only_offline_aggregate,confidence,300,60,5,0.0,0.005676297605106024,0.009343854926183495,0.01344782608695652,0.9533333333333334,1.0,1.0,0.0,0.0,0.0,40000.0,20000.0,0.009343854926183495,0.01344782608695652
stratified_size_rep080,stratified_size,80,b50_lb5_k10_eps0p0025,local_only_offline_aggregate,shot_proportional,300,60,5,0.0,0.005537357431313497,0.009418338497644821,0.01344782608695652,0.9566666666666667,1.0,1.0,0.0,0.0,0.0,40000.0,20000.0,0.009418338497644821,0.01344782608695652
stratified_size_rep080,stratified_size,80,b50_lb5_k10_eps0p0025,local_only_offline_aggregate,uniform,300,60,5,0.0,0.005614130980200922,0.009396275205229048,0.01344782608695652,0.9566666666666667,1.0,1.0,0.0,0.0,0.0,40000.0,20000.0,0.009396275205229048,0.01344782608695652
stratified_size_rep081,stratified_size,81,b50_lb5_k10_eps0p0025,aggregate_only_sync,confidence,300,60,5,0.005873058255595672,0.00951731169860601,0.0133378064500176,0.015859291338582715,0.78,1.0,1.0,0.24937499999999999,0.0,0.24937499999999999,31575.0,15012.5,0.0133378064500176,0.015859291338582715
stratified_size_rep081,stratified_size,81,b50_lb5_k10_eps0p0025,aggregate_only_sync,shot_proportional,300,60,5,0.005873058255595672,0.00951731169860601,0.0133378064500176,0.015859291338582715,0.78,1.0,1.0,0.24937499999999999,0.0,0.24937499999999999,31575.0,15012.5,0.0133378064500176,0.015859291338582715
stratified_size_rep081,stratified_size,81,b50_lb5_k10_eps0p0025,aggregate_only_sync,uniform,300,60,5,0.005873058255595672,0.00951731169860601,0.0133378064500176,0.015859291338582715,0.78,1.0,1.0,0.24937499999999999,0.0,0.24937499999999999,31575.0,15012.5,0.0133378064500176,0.015859291338582715
stratified_size_rep081,stratified_size,81,b50_lb5_k10_eps0p0025,hierarchical_local_aggregate,confidence,300,60,5,0.005638446290501531,0.00947884562792208,0.012926882219335793,0.015611378437034718,0.78,1.0,1.0,0.25875,0.0,0.25875,31575.0,14825.0,0.012926882219335793,0.015611378437034718
stratified_size_rep081,stratified_size,81,b50_lb5_k10_eps0p0025,hierarchical_local_aggregate,shot_proportional,300,60,5,0.005904036384384008,0.009531980107502305,0.013489013196592148,0.015859291338582715,0.7766666666666666,1.0,1.0,0.25875,0.0,0.25875,31575.0,14825.0,0.013489013196592148,0.015859291338582715
stratified_size_rep081,stratified_size,81,b50_lb5_k10_eps0p0025,hierarchical_local_aggregate,uniform,300,60,5,0.005904036384384008,0.009504631815317237,0.013489013196592148,0.015859291338582715,0.7766666666666666,1.0,1.0,0.25875,0.0,0.25875,31575.0,14825.0,0.013489013196592148,0.015859291338582715
stratified_size_rep081,stratified_size,81,b50_lb5_k10_eps0p0025,local_only_offline_aggregate,confidence,300,60,5,0.0,0.005785380807652339,0.009478396923665028,0.01344782608695652,0.9533333333333334,1.0,1.0,0.0,0.0,0.0,40000.0,20000.0,0.009478396923665028,0.01344782608695652
stratified_size_rep081,stratified_size,81,b50_lb5_k10_eps0p0025,local_only_offline_aggregate,shot_proportional,300,60,5,0.0,0.005725237912367087,0.009449457495436839,0.01344782608695652,0.9566666666666667,1.0,1.0,0.0,0.0,0.0,40000.0,20000.0,0.009449457495436839,0.01344782608695652
stratified_size_rep081,stratified_size,81,b50_lb5_k10_eps0p0025,local_only_offline_aggregate,uniform,300,60,5,0.0,0.005889059685537516,0.009472636126751447,0.01344782608695652,0.9566666666666667,1.0,1.0,0.0,0.0,0.0,40000.0,20000.0,0.009472636126751447,0.01344782608695652
stratified_size_rep082,stratified_size,82,b50_lb5_k10_eps0p0025,aggregate_only_sync,confidence,300,60,5,0.0024160387812630284,0.009300514837568552,0.01302391047968366,0.01447394495412818,0.8133333333333334,1.0,1.0,0.023749999999999993,0.0,0.023749999999999993,36262.5,19525.0,0.01302391047968366,0.01447394495412818
stratified_size_rep082,stratified_size,82,b50_lb5_k10_eps0p0025,aggregate_only_sync,shot_proportional,300,60,5,0.0024160387812630284,0.009300514837568552,0.01302391047968366,0.01447394495412818,0.8133333333333334,1.0,1.0,0.023749999999999993,0.0,0.023749999999999993,36262.5,19525.0,0.01302391047968366,0.01447394495412818
stratified_size_rep082,stratified_size,82,b50_lb5_k10_eps0p0025,aggregate_only_sync,uniform,300,60,5,0.0024160387812630284,0.009300514837568552,0.01302391047968366,0.01447394495412818,0.8133333333333334,1.0,1.0,0.023749999999999993,0.0,0.023749999999999993,36262.5,19525.0,0.01302391047968366,0.01447394495412818
stratified_size_rep082,stratified_size,82,b50_lb5_k10_eps0p0025,hierarchical_local_aggregate,confidence,300,60,5,0.0025113095923279508,0.009212677174845032,0.0125040899302964,0.013514675153968694,0.8133333333333334,1.0,1.0,0.023749999999999993,0.0,0.023749999999999993,35687.5,19525.0,0.0125040899302964,0.013514675153968694
stratified_size_rep082,stratified_size,82,b50_lb5_k10_eps0p0025,hierarchical_local_aggregate,shot_proportional,300,60,5,0.0024160387812630284,0.009300514837568552,0.01324175282779057,0.01447394495412818,0.8133333333333334,1.0,1.0,0.023749999999999993,0.0,0.023749999999999993,35687.5,19525.0,0.01324175282779057,0.01447394495412818
stratified_size_rep082,stratified_size,82,b50_lb5_k10_eps0p0025,hierarchical_local_aggregate,uniform,300,60,5,0.0024160387812630284,0.009300514837568552,0.01324175282779057,0.01447394495412818,0.8133333333333334,1.0,1.0,0.023749999999999993,0.0,0.023749999999999993,35687.5,19525.0,0.01324175282779057,0.01447394495412818
stratified_size_rep082,stratified_size,82,b50_lb5_k10_eps0p0025,local_only_offline_aggregate,confidence,300,60,5,0.0,0.005167157107741989,0.009227052038344454,0.01344782608695652,0.9633333333333334,1.0,1.0,0.0,0.0,0.0,40000.0,20000.0,0.009227052038344454,0.01344782608695652
stratified_size_rep082,stratified_size,82,b50_lb5_k10_eps0p0025,local_only_offline_aggregate,shot_proportional,300,60,5,0.0,0.005008312642516725,0.009224028339561567,0.01344782608695652,0.9666666666666667,1.0,1.0,0.0,0.0,0.0,40000.0,20000.0,0.009224028339561567,0.01344782608695652
stratified_size_rep082,stratified_size,82,b50_lb5_k10_eps0p0025,local_only_offline_aggregate,uniform,300,60,5,0.0,0.005139856690179717,0.009225974589476398,0.01344782608695652,0.9666666666666667,1.0,1.0,0.0,0.0,0.0,40000.0,20000.0,0.009225974589476398,0.01344782608695652
stratified_size_rep083,stratified_size,83,b50_lb5_k10_eps0p0025,aggregate_only_sync,confidence,300,60,5,0.005154183079340473,0.00978489894795127,0.0133378064500176,0.015859291338582715,0.76,1.0,1.0,0.25875,0.0,0.25875,31150.0,14825.0,0.0133378064500176,0.015859291338582715
stratified_size_rep083,stratified_size,83,b50_lb5_k10_eps0p0025,aggregate_only_sync,shot_proportional,300,60,5,0.005154183079340473,0.00978489894795127,0.0133378064500176,0.015859291338582715,0.76,1.0,1.0,0.25875,0.0,0.25875,31150.0,14825.0,0.0133378064500176,0.015859291338582715
stratified_size_rep083,stratified_size,83,b50_lb5_k10_eps0p0025,aggregate_only_sync,uniform,300,60,5,0.005154183079340473,0.00978489894795127,0.0133378064500176,0.015859291338582715,0.76,1.0,1.0,0.25875,0.0,0.25875,31150.0,14825.0,0.0133378064500176,0.015859291338582715
stratified_size_rep083,stratified_size,83,b50_lb5_k10_eps0p0025,hierarchical_local_aggregate,confidence,300,60,5,0.0050004861197821306,0.009772469590635973,0.012926882219335793,0.015611378437034718,0.7566666666666667,1.0,1.0,0.27437500000000004,0.0,0.27437500000000004,31150.0,14512.5,0.012926882219335793,0.015611378437034718
stratified_size_rep083,stratified_size,83,b50_lb5_k10_eps0p0025,hierarchical_local_aggregate,shot_proportional,300,60,5,0.005154183079340473,0.00978489894795127,0.013489013196592148,0.015859291338582715,0.7566666666666667,1.0,1.0,0.27437500000000004,0.0,0.27437500000000004,31150.0,14512.5,0.013489013196592148,0.015859291338582715
stratified_size_rep083,stratified_size,83,b50_lb5_k10_eps0p0025,hierarchical_local_aggregate,uniform,300,60,5,0.005154183079340473,0.00978489894795127,0.013489013196592148,0.015859291338582715,0.7566666666666667,1.0,1.0,0.27437500000000004,0.0,0.27437500000000004,31150.0,14512.5,0.013489013196592148,0.015859291338582715
stratified_size_rep083,stratified_size,83,b50_lb5_k10_eps0p0025,local_only_offline_aggregate,confidence,300,60,5,0.0,0.005784741736690149,0.009732504811626741,0.01344782608695652,0.95,1.0,1.0,0.0,0.0,0.0,40000.0,20000.0,0.009732504811626741,0.01344782608695652
stratified_size_rep083,stratified_size,83,b50_lb5_k10_eps0p0025,local_only_offline_aggregate,shot_proportional,300,60,5,0.0,0.005686746414019951,0.009477277548045174,0.01344782608695652,0.9533333333333334,1.0,1.0,0.0,0.0,0.0,40000.0,20000.0,0.009477277548045174,0.01344782608695652
stratified_size_rep083,stratified_size,83,b50_lb5_k10_eps0p0025,local_only_offline_aggregate,uniform,300,60,5,0.0,0.00581917846737892,0.009613642635452571,0.01344782608695652,0.9533333333333334,1.0,1.0,0.0,0.0,0.0,40000.0,20000.0,0.009613642635452571,0.01344782608695652
stratified_size_rep084,stratified_size,84,b50_lb5_k10_eps0p0025,aggregate_only_sync,confidence,300,60,5,0.0047857870370370155,0.00951731169860601,0.01329417745842139,0.01447394495412818,0.7866666666666666,1.0,1.0,0.23250000000000004,0.0,0.23250000000000004,32500.0,15350.0,0.01329417745842139,0.01447394495412818
stratified_size_rep084,stratified_size,84,b50_lb5_k10_eps0p0025,aggregate_only_sync,shot_proportional,300,60,5,0.0047857870370370155,0.00951731169860601,0.01329417745842139,0.01447394495412818,0.7866666666666666,1.0,1.0,0.23250000000000004,0.0,0.23250000000000004,32500.0,15350.0,0.01329417745842139,0.01447394495412818
stratified_size_rep084,stratified_size,84,b50_lb5_k10_eps0p0025,aggregate_only_sync,uniform,300,60,5,0.0047857870370370155,0.00951731169860601,0.01329417745842139,0.01447394495412818,0.7866666666666666,1.0,1.0,0.23250000000000004,0.0,0.23250000000000004,32500.0,15350.0,0.01329417745842139,0.01447394495412818
stratified_size_rep084,stratified_size,84,b50_lb5_k10_eps0p0025,hierarchical_local_aggregate,confidence,300,60,5,0.0047037239648241615,0.00941958481466074,0.012766234455826317,0.01376465242048849,0.7866666666666666,1.0,1.0,0.24291666666666667,0.0,0.23750000000000002,32500.0,15250.0,0.012766234455826317,0.01376465242048849
stratified_size_rep084,stratified_size,84,b50_lb5_k10_eps0p0025,hierarchical_local_aggregate,shot_proportional,300,60,5,0.0047857870370370155,0.009531980107502305,0.013449769380105342,0.01447394495412818,0.7833333333333333,1.0,1.0,0.24291666666666667,0.0,0.23750000000000002,32500.0,15250.0,0.013449769380105342,0.01447394495412818
stratified_size_rep084,stratified_size,84,b50_lb5_k10_eps0p0025,hierarchical_local_aggregate,uniform,300,60,5,0.0047857870370370155,0.009510307176887485,0.013449769380105342,0.01447394495412818,0.7833333333333333,1.0,1.0,0.24291666666666667,0.0,0.23750000000000002,32500.0,15250.0,0.013449769380105342,0.01447394495412818
stratified_size_rep084,stratified_size,84,b50_lb5_k10_eps0p0025,local_only_offline_aggregate,confidence,300,60,5,0.0,0.005545124766890449,0.009290443985347955,0.01344782608695652,0.9566666666666667,1.0,1.0,0.0,0.0,0.0,40000.0,20000.0,0.009290443985347955,0.01344782608695652
stratified_size_rep084,stratified_size,84,b50_lb5_k10_eps0p0025,local_only_offline_aggregate,shot_proportional,300,60,5,0.0,0.005234674752633705,0.009338932030423219,0.01344782608695652,0.96,1.0,1.0,0.0,0.0,0.0,40000.0,20000.0,0.009338932030423219,0.01344782608695652
stratified_size_rep084,stratified_size,84,b50_lb5_k10_eps0p0025,local_only_offline_aggregate,uniform,300,60,5,0.0,0.005551418443054422,0.009288599608435475,0.01344782608695652,0.96,1.0,1.0,0.0,0.0,0.0,40000.0,20000.0,0.009288599608435475,0.01344782608695652
stratified_size_rep085,stratified_size,85,b50_lb5_k10_eps0p0025,aggregate_only_sync,confidence,300,60,5,0.005286869249553245,0.00951731169860601,0.01324175282779057,0.015859291338582715,0.79,1.0,1.0,0.22250000000000003,0.0,0.22250000000000003,31700.0,15550.0,0.01324175282779057,0.015859291338582715
stratified_size_rep085,stratified_size,85,b50_lb5_k10_eps0p0025,aggregate_only_sync,shot_proportional,300,60,5,0.005286869249553245,0.00951731169860601,0.01324175282779057,0.015859291338582715,0.79,1.0,1.0,0.22250000000000003,0.0,0.22250000000000003,31700.0,15550.0,0.01324175282779057,0.015859291338582715
stratified_size_rep085,stratified_size,85,b50_lb5_k10_eps0p0025,aggregate_only_sync,uniform,300,60,5,0.005286869249553245,0.00951731169860601,0.01324175282779057,0.015859291338582715,0.79,1.0,1.0,0.22250000000000003,0.0,0.22250000000000003,31700.0,15550.0,0.01324175282779057,0.015859291338582715
stratified_size_rep085,stratified_size,85,b50_lb5_k10_eps0p0025,hierarchical_local_aggregate,confidence,300,60,5,0.005222001988552731,0.009475684971095855,0.012926882219335793,0.015611378437034718,0.7866666666666666,1.0,1.0,0.23250000000000004,0.0,0.2325,31700.0,15350.0,0.012926882219335793,0.015611378437034718
stratified_size_rep085,stratified_size,85,b50_lb5_k10_eps0p0025,hierarchical_local_aggregate,shot_proportional,300,60,5,0.005286869249553245,0.009531980107502305,0.013448268115942024,0.015859291338582715,0.7866666666666666,1.0,1.0,0.23250000000000004,0.0,0.2325,31700.0,15350.0,0.013448268115942024,0.015859291338582715
stratified_size_rep085,stratified_size,85,b50_lb5_k10_eps0p0025,hierarchical_local_aggregate,uniform,300,60,5,0.005286869249553245,0.009510307176887485,0.01344806603207817,0.015859291338582715,0.7866666666666666,1.0,1.0,0.23250000000000004,0.0,0.2325,31700.0,15350.0,0.01344806603207817,0.015859291338582715
stratified_size_rep085,stratified_size,85,b50_lb5_k10_eps0p0025,local_only_offline_aggregate,confidence,300,60,5,0.0,0.00565808272781777,0.009331424389073108,0.01344782608695652,0.9566666666666667,1.0,1.0,0.0,0.0,0.0,40000.0,20000.0,0.009331424389073108,0.01344782608695652
stratified_size_rep085,stratified_size,85,b50_lb5_k10_eps0p0025,local_only_offline_aggregate,shot_proportional,300,60,5,0.0,0.005607411719362085,0.009418338497644821,0.01344782608695652,0.9566666666666667,1.0,1.0,0.0,0.0,0.0,40000.0,20000.0,0.009418338497644821,0.01344782608695652
stratified_size_rep085,stratified_size,85,b50_lb5_k10_eps0p0025,local_only_offline_aggregate,uniform,300,60,5,0.0,0.005633415332674964,0.009389605465032242,0.01344782608695652,0.9566666666666667,1.0,1.0,0.0,0.0,0.0,40000.0,20000.0,0.009389605465032242,0.01344782608695652
stratified_size_rep086,stratified_size,86,b50_lb5_k10_eps0p0025,aggregate_only_sync,confidence,300,60,5,0.00455524991760393,0.009371359681012987,0.013318668721918598,0.015859291338582715,0.7966666666666666,1.0,1.0,0.145,0.0,0.145,32975.0,17100.0,0.013318668721918598,0.015859291338582715
stratified_size_rep086,stratified_size,86,b50_lb5_k10_eps0p0025,aggregate_only_sync,shot_proportional,300,60,5,0.00455524991760393,0.009371359681012987,0.013318668721918598,0.015859291338582715,0.7966666666666666,1.0,1.0,0.145,0.0,0.145,32975.0,17100.0,0.013318668721918598,0.015859291338582715
stratified_size_rep086,stratified_size,86,b50_lb5_k10_eps0p0025,aggregate_only_sync,uniform,300,60,5,0.00455524991760393,0.009371359681012987,0.013318668721918598,0.015859291338582715,0.7966666666666666,1.0,1.0,0.145,0.0,0.145,32975.0,17100.0,0.013318668721918598,0.015859291338582715
stratified_size_rep086,stratified_size,86,b50_lb5_k10_eps0p0025,hierarchical_local_aggregate,confidence,300,60,5,0.004632459341315551,0.00941958481466074,0.012926882219335793,0.015611378437034718,0.79,1.0,1.0,0.1595833333333333,0.0,0.15499999999999997,32900.0,16900.0,0.012926882219335793,0.015611378437034718
stratified_size_rep086,stratified_size,86,b50_lb5_k10_eps0p0025,hierarchical_local_aggregate,shot_proportional,300,60,5,0.00455524991760393,0.009371359681012987,0.013489013196592148,0.015859291338582715,0.7933333333333333,1.0,1.0,0.1595833333333333,0.0,0.15499999999999997,32900.0,16900.0,0.013489013196592148,0.015859291338582715
stratified_size_rep086,stratified_size,86,b50_lb5_k10_eps0p0025,hierarchical_local_aggregate,uniform,300,60,5,0.00455524991760393,0.009371359681012987,0.013489013196592148,0.015859291338582715,0.7933333333333333,1.0,1.0,0.1595833333333333,0.0,0.15499999999999997,32900.0,16900.0,0.013489013196592148,0.015859291338582715
stratified_size_rep086,stratified_size,86,b50_lb5_k10_eps0p0025,local_only_offline_aggregate,confidence,300,60,5,0.0,0.005458346345366397,0.009225051392574237,0.01344782608695652,0.9633333333333334,1.0,1.0,0.0,0.0,0.0,40000.0,20000.0,0.009225051392574237,0.01344782608695652
stratified_size_rep086,stratified_size,86,b50_lb5_k10_eps0p0025,local_only_offline_aggregate,shot_proportional,300,60,5,0.0,0.005354622847434263,0.009224028339561567,0.01344782608695652,0.9633333333333334,1.0,1.0,0.0,0.0,0.0,40000.0,20000.0,0.009224028339561567,0.01344782608695652
stratified_size_rep086,stratified_size,86,b50_lb5_k10_eps0p0025,local_only_offline_aggregate,uniform,300,60,5,0.0,0.005515335950584367,0.009225974589476398,0.01344782608695652,0.9633333333333334,1.0,1.0,0.0,0.0,0.0,40000.0,20000.0,0.009225974589476398,0.01344782608695652
stratified_size_rep087,stratified_size,87,b50_lb5_k10_eps0p0025,aggregate_only_sync,confidence,300,60,5,0.005036805555555558,0.009531980107502305,0.01324278782986784,0.015859291338582715,0.7833333333333333,1.0,1.0,0.26375,0.0,0.26375,30800.0,14725.0,0.01324278782986784,0.015859291338582715
stratified_size_rep087,stratified_size,87,b50_lb5_k10_eps0p0025,aggregate_only_sync,shot_proportional,300,60,5,0.005036805555555558,0.009531980107502305,0.01324278782986784,0.015859291338582715,0.7833333333333333,1.0,1.0,0.26375,0.0,0.26375,30800.0,14725.0,0.01324278782986784,0.015859291338582715
stratified_size_rep087,stratified_size,87,b50_lb5_k10_eps0p0025,aggregate_only_sync,uniform,300,60,5,0.005036805555555558,0.009531980107502305,0.01324278782986784,0.015859291338582715,0.7833333333333333,1.0,1.0,0.26375,0.0,0.26375,30800.0,14725.0,0.01324278782986784,0.015859291338582715
stratified_size_rep087,stratified_size,87,b50_lb5_k10_eps0p0025,hierarchical_local_aggregate,confidence,300,60,5,0.0048694484823805645,0.009526375145559162,0.012840627962034586,0.015611378437034718,0.78,1.0,1.0,0.27937500000000004,0.0,0.27937500000000004,30775.0,14412.5,0.012840627962034586,0.015611378437034718
stratified_size_rep087,stratified_size,87,b50_lb5_k10_eps0p0025,hierarchical_local_aggregate,shot_proportional,300,60,5,0.005036805555555558,0.00953451473368404,0.013448268115942024,0.015859291338582715,0.78,1.0,1.0,0.27937500000000004,0.0,0.27937500000000004,30775.0,14412.5,0.013448268115942024,0.015859291338582715
stratified_size_rep087,stratified_size,87,b50_lb5_k10_eps0p0025,hierarchical_local_aggregate,uniform,300,60,5,0.005036805555555558,0.009534135533827036,0.01344806603207817,0.015859291338582715,0.78,1.0,1.0,0.27937500000000004,0.0,0.27937500000000004,30775.0,14412.5,0.01344806603207817,0.015859291338582715
stratified_size_rep087,stratified_size,87,b50_lb5_k10_eps0p0025,local_only_offline_aggregate,confidence,300,60,5,0.0,0.00565808272781777,0.009478396923665028,0.01344782608695652,0.9533333333333334,1.0,1.0,0.0,0.0,0.0,40000.0,20000.0,0.009478396923665028,0.01344782608695652
stratified_size_rep087,stratified_size,87,b50_lb5_k10_eps0p0025,local_only_offline_aggregate,shot_proportional,300,60,5,0.0,0.005537357431313497,0.009449457495436839,0.01344782608695652,0.9566666666666667,1.0,1.0,0.0,0.0,0.0,40000.0,20000.0,0.009449457495436839,0.01344782608695652
stratified_size_rep087,stratified_size,87,b50_lb5_k10_eps0p0025,local_only_offline_aggregate,uniform,300,60,5,0.0,0.0055909582333453535,0.009472636126751447,0.01344782608695652,0.9566666666666667,1.0,1.0,0.0,0.0,0.0,40000.0,20000.0,0.009472636126751447,0.01344782608695652
stratified_size_rep088,stratified_size,88,b50_lb5_k10_eps0p0025,aggregate_only_sync,confidence,300,60,5,0.004729523544679285,0.009497449638429741,0.013232490770465339,0.015859291338582715,0.7966666666666666,1.0,1.0,0.21125,0.0,0.21125,32125.0,15775.0,0.013232490770465339,0.015859291338582715
stratified_size_rep088,stratified_size,88,b50_lb5_k10_eps0p0025,aggregate_only_sync,shot_proportional,300,60,5,0.004729523544679285,0.009497449638429741,0.013232490770465339,0.015859291338582715,0.7966666666666666,1.0,1.0,0.21125,0.0,0.21125,32125.0,15775.0,0.013232490770465339,0.015859291338582715
stratified_size_rep088,stratified_size,88,b50_lb5_k10_eps0p0025,aggregate_only_sync,uniform,300,60,5,0.004729523544679285,0.009497449638429741,0.013232490770465339,0.015859291338582715,0.7966666666666666,1.0,1.0,0.21125,0.0,0.21125,32125.0,15775.0,0.013232490770465339,0.015859291338582715
stratified_size_rep088,stratified_size,88,b50_lb5_k10_eps0p0025,hierarchical_local_aggregate,confidence,300,60,5,0.0047037239648241615,0.009391709872862669,0.012666046262412044,0.015611378437034718,0.7933333333333333,1.0,1.0,0.22250000000000003,0.0,0.22250000000000003,32125.0,15550.0,0.012666046262412044,0.015611378437034718
stratified_size_rep088,stratified_size,88,b50_lb5_k10_eps0p0025,hierarchical_local_aggregate,shot_proportional,300,60,5,0.004729523544679285,0.009497449638429741,0.01324175282779057,0.015859291338582715,0.7933333333333333,1.0,1.0,0.22250000000000003,0.0,0.22250000000000003,32125.0,15550.0,0.01324175282779057,0.015859291338582715
stratified_size_rep088,stratified_size,88,b50_lb5_k10_eps0p0025,hierarchical_local_aggregate,uniform,300,60,5,0.004729523544679285,0.009493289815543598,0.01324175282779057,0.015859291338582715,0.7933333333333333,1.0,1.0,0.22250000000000003,0.0,0.22250000000000003,32125.0,15550.0,0.01324175282779057,0.015859291338582715
stratified_size_rep088,stratified_size,88,b50_lb5_k10_eps0p0025,local_only_offline_aggregate,confidence,300,60,5,0.0,0.005629058671417237,0.009478396923665028,0.01344782608695652,0.9533333333333334,1.0,1.0,0.0,0.0,0.0,40000.0,20000.0,0.009478396923665028,0.01344782608695652
stratified_size_rep088,stratified_size,88,b50_lb5_k10_eps0p0025,local_only_offline_aggregate,shot_proportional,300,60,5,0.0,0.005530323358122906,0.009449457495436839,0.01344782608695652,0.9566666666666667,1.0,1.0,0.0,0.0,0.0,40000.0,20000.0,0.009449457495436839,0.01344782608695652
stratified_size_rep088,stratified_size,88,b50_lb5_k10_eps0p0025,local_only_offline_aggregate,uniform,300,60,5,0.0,0.0055659407550582175,0.009472636126751447,0.01344782608695652,0.9566666666666667,1.0,1.0,0.0,0.0,0.0,40000.0,20000.0,0.009472636126751447,0.01344782608695652
stratified_size_rep089,stratified_size,89,b50_lb5_k10_eps0p0025,aggregate_only_sync,confidence,300,60,5,0.004249890109890065,0.00936079412014472,0.0133378064500176,0.015859291338582715,0.8,1.0,1.0,0.12125000000000002,0.0,0.12125000000000002,33925.0,17575.0,0.0133378064500176,0.015859291338582715
stratified_size_rep089,stratified_size,89,b50_lb5_k10_eps0p0025,aggregate_only_sync,shot_proportional,300,60,5,0.004249890109890065,0.00936079412014472,0.0133378064500176,0.015859291338582715,0.8,1.0,1.0,0.12125000000000002,0.0,0.12125000000000002,33925.0,17575.0,0.0133378064500176,0.015859291338582715
stratified_size_rep089,stratified_size,89,b50_lb5_k10_eps0p0025,aggregate_only_sync,uniform,300,60,5,0.004249890109890065,0.00936079412014472,0.0133378064500176,0.015859291338582715,0.8,1.0,1.0,0.12125000000000002,0.0,0.12125000000000002,33925.0,17575.0,0.0133378064500176,0.015859291338582715
stratified_size_rep089,stratified_size,89,b50_lb5_k10_eps0p0025,hierarchical_local_aggregate,confidence,300,60,5,0.004061974777951659,0.009408449777020433,0.012859389507841362,0.015611378437034718,0.7933333333333333,1.0,1.0,0.12125000000000002,0.0,0.12125000000000002,33825.0,17575.0,0.012859389507841362,0.015611378437034718
stratified_size_rep089,stratified_size,89,b50_lb5_k10_eps0p0025,hierarchical_local_aggregate,shot_proportional,300,60,5,0.004249890109890065,0.00936079412014472,0.013489013196592148,0.015859291338582715,0.7966666666666666,1.0,1.0,0.12125000000000002,0.0,0.12125000000000002,33825.0,17575.0,0.013489013196592148,0.015859291338582715
stratified_size_rep089,stratified_size,89,b50_lb5_k10_eps0p0025,hierarchical_local_aggregate,uniform,300,60,5,0.004249890109890065,0.00936079412014472,0.013489013196592148,0.015859291338582715,0.7966666666666666,1.0,1.0,0.12125000000000002,0.0,0.12125000000000002,33825.0,17575.0,0.013489013196592148,0.015859291338582715
stratified_size_rep089,stratified_size,89,b50_lb5_k10_eps0p0025,local_only_offline_aggregate,confidence,300,60,5,0.0,0.005458346345366397,0.009225051392574237,0.01344782608695652,0.96,1.0,1.0,0.0,0.0,0.0,40000.0,20000.0,0.009225051392574237,0.01344782608695652
stratified_size_rep089,stratified_size,89,b50_lb5_k10_eps0p0025,local_only_offline_aggregate,shot_proportional,300,60,5,0.0,0.005354622847434263,0.009224028339561567,0.01344782608695652,0.9633333333333334,1.0,1.0,0.0,0.0,0.0,40000.0,20000.0,0.009224028339561567,0.01344782608695652
stratified_size_rep089,stratified_size,89,b50_lb5_k10_eps0p0025,local_only_offline_aggregate,uniform,300,60,5,0.0,0.005515335950584367,0.009225974589476398,0.01344782608695652,0.9633333333333334,1.0,1.0,0.0,0.0,0.0,40000.0,20000.0,0.009225974589476398,0.01344782608695652
stratified_size_rep090,stratified_size,90,b50_lb5_k10_eps0p0025,aggregate_only_sync,confidence,300,60,5,0.005036805555555558,0.009505459840572831,0.013313842497889555,0.015859291338582715,0.7866666666666666,1.0,1.0,0.25875,0.0,0.25875,30525.0,14825.0,0.013313842497889555,0.015859291338582715
stratified_size_rep090,stratified_size,90,b50_lb5_k10_eps0p0025,aggregate_only_sync,shot_proportional,300,60,5,0.005036805555555558,0.009505459840572831,0.013313842497889555,0.015859291338582715,0.7866666666666666,1.0,1.0,0.25875,0.0,0.25875,30525.0,14825.0,0.013313842497889555,0.015859291338582715
stratified_size_rep090,stratified_size,90,b50_lb5_k10_eps0p0025,aggregate_only_sync,uniform,300,60,5,0.005036805555555558,0.009505459840572831,0.013313842497889555,0.015859291338582715,0.7866666666666666,1.0,1.0,0.25875,0.0,0.25875,30525.0,14825.0,0.013313842497889555,0.015859291338582715
stratified_size_rep090,stratified_size,90,b50_lb5_k10_eps0p0025,hierarchical_local_aggregate,confidence,300,60,5,0.0048694484823805645,0.009437473902073525,0.012823089320671189,0.015611378437034718,0.7866666666666666,1.0,1.0,0.25875,0.0,0.25875,30500.0,14825.0,0.012823089320671189,0.015611378437034718
stratified_size_rep090,stratified_size,90,b50_lb5_k10_eps0p0025,hierarchical_local_aggregate,shot_proportional,300,60,5,0.005036805555555558,0.009510307176887485,0.013338722519036957,0.015859291338582715,0.7833333333333333,1.0,1.0,0.25875,0.0,0.25875,30500.0,14825.0,0.013338722519036957,0.015859291338582715
stratified_size_rep090,stratified_size,90,b50_lb5_k10_eps0p0025,hierarchical_local_aggregate,uniform,300,60,5,0.005036805555555558,0.009497449638429741,0.013338722519036957,0.015859291338582715,0.7833333333333333,1.0,1.0,0.25875,0.0,0.25875,30500.0,14825.0,0.013338722519036957,0.015859291338582715
stratified_size_rep090,stratified_size,90,b50_lb5_k10_eps0p0025,local_only_offline_aggregate,confidence,300,60,5,0.00046656946823863966,0.005784741736690149,0.009732504811626741,0.01344782608695652,0.95,1.0,1.0,0.0018750000000000155,0.0,0.0,40000.0,20000.0,0.009732504811626741,0.01344782608695652
stratified_size_rep090,stratified_size,90,b50_lb5_k10_eps0p0025,local_only_offline_aggregate,shot_proportional,300,60,5,0.0004321645569620293,0.005725237912367087,0.009477277548045174,0.01344782608695652,0.9533333333333334,1.0,1.0,0.0018750000000000155,0.0,0.0,40000.0,20000.0,0.009477277548045174,0.01344782608695652
stratified_size_rep090,stratified_size,90,b50_lb5_k10_eps0p0025,local_only_offline_aggregate,uniform,300,60,5,0.000448216851252125,0.00581917846737892,0.009613642635452571,0.01344782608695652,0.9533333333333334,1.0,1.0,0.0018750000000000155,0.0,0.0,40000.0,20000.0,0.009613642635452571,0.01344782608695652
stratified_size_rep091,stratified_size,91,b50_lb5_k10_eps0p0025,aggregate_only_sync,confidence,300,60,5,0.0034430713450844066,0.009333640894680213,0.013232451036866209,0.015859291338582715,0.8066666666666666,1.0,1.0,0.12125000000000002,0.0,0.12125000000000002,32975.0,17575.0,0.013232451036866209,0.015859291338582715
stratified_size_rep091,stratified_size,91,b50_lb5_k10_eps0p0025,aggregate_only_sync,shot_proportional,300,60,5,0.0034430713450844066,0.009333640894680213,0.013232451036866209,0.015859291338582715,0.8066666666666666,1.0,1.0,0.12125000000000002,0.0,0.12125000000000002,32975.0,17575.0,0.013232451036866209,0.015859291338582715
stratified_size_rep091,stratified_size,91,b50_lb5_k10_eps0p0025,aggregate_only_sync,uniform,300,60,5,0.0034430713450844066,0.009333640894680213,0.013232451036866209,0.015859291338582715,0.8066666666666666,1.0,1.0,0.12125000000000002,0.0,0.12125000000000002,32975.0,17575.0,0.013232451036866209,0.015859291338582715
stratified_size_rep091,stratified_size,91,b50_lb5_k10_eps0p0025,hierarchical_local_aggregate,confidence,300,60,5,0.003265168501215486,0.00925827950792268,0.012840627962034586,0.015611378437034718,0.8033333333333333,1.0,1.0,0.12125000000000002,0.0,0.12125000000000002,32900.0,17575.0,0.012840627962034586,0.015611378437034718
stratified_size_rep091,stratified_size,91,b50_lb5_k10_eps0p0025,hierarchical_local_aggregate,shot_proportional,300,60,5,0.003453489272085819,0.009333640894680213,0.013313842497889555,0.015859291338582715,0.8033333333333333,1.0,1.0,0.12125000000000002,0.0,0.12125000000000002,32900.0,17575.0,0.013313842497889555,0.015859291338582715
stratified_size_rep091,stratified_size,91,b50_lb5_k10_eps0p0025,hierarchical_local_aggregate,uniform,300,60,5,0.003453489272085819,0.009333640894680213,0.013313842497889555,0.015859291338582715,0.8033333333333333,1.0,1.0,0.12125000000000002,0.0,0.12125000000000002,32900.0,17575.0,0.013313842497889555,0.015859291338582715
stratified_size_rep091,stratified_size,91,b50_lb5_k10_eps0p0025,local_only_offline_aggregate,confidence,300,60,5,0.0,0.005545124766890449,0.009331424389073108,0.01344782608695652,0.9566666666666667,1.0,1.0,0.0,0.0,0.0,40000.0,20000.0,0.009331424389073108,0.01344782608695652
stratified_size_rep091,stratified_size,91,b50_lb5_k10_eps0p0025,local_only_offline_aggregate,shot_proportional,300,60,5,0.0,0.005400664836855622,0.009418338497644821,0.01344782608695652,0.96,1.0,1.0,0.0,0.0,0.0,40000.0,20000.0,0.009418338497644821,0.01344782608695652
stratified_size_rep091,stratified_size,91,b50_lb5_k10_eps0p0025,local_only_offline_aggregate,uniform,300,60,5,0.0,0.005515335950584367,0.009389605465032242,0.01344782608695652,0.96,1.0,1.0,0.0,0.0,0.0,40000.0,20000.0,0.009389605465032242,0.01344782608695652
stratified_size_rep092,stratified_size,92,b50_lb5_k10_eps0p0025,aggregate_only_sync,confidence,300,60,5,0.00455524991760393,0.00947260824082721,0.013240997889407127,0.015859291338582715,0.7966666666666666,1.0,1.0,0.20499999999999996,0.0,0.20499999999999996,32125.0,15900.0,0.013240997889407127,0.015859291338582715
stratified_size_rep092,stratified_size,92,b50_lb5_k10_eps0p0025,aggregate_only_sync,shot_proportional,300,60,5,0.00455524991760393,0.00947260824082721,0.013240997889407127,0.015859291338582715,0.7966666666666666,1.0,1.0,0.20499999999999996,0.0,0.20499999999999996,32125.0,15900.0,0.013240997889407127,0.015859291338582715
stratified_size_rep092,stratified_size,92,b50_lb5_k10_eps0p0025,aggregate_only_sync,uniform,300,60,5,0.00455524991760393,0.00947260824082721,0.013240997889407127,0.015859291338582715,0.7966666666666666,1.0,1.0,0.20499999999999996,0.0,0.20499999999999996,32125.0,15900.0,0.013240997889407127,0.015859291338582715
stratified_size_rep092,stratified_size,92,b50_lb5_k10_eps0p0025,hierarchical_local_aggregate,confidence,300,60,5,0.0046611648854190165,0.00941958481466074,0.012859389507841362,0.015611378437034718,0.79,1.0,1.0,0.21625,0.0,0.21625,32125.0,15675.0,0.012859389507841362,0.015611378437034718
stratified_size_rep092,stratified_size,92,b50_lb5_k10_eps0p0025,hierarchical_local_aggregate,shot_proportional,300,60,5,0.00455524991760393,0.00947260824082721,0.013338722519036957,0.015859291338582715,0.7933333333333333,1.0,1.0,0.21625,0.0,0.21625,32125.0,15675.0,0.013338722519036957,0.015859291338582715
stratified_size_rep092,stratified_size,92,b50_lb5_k10_eps0p0025,hierarchical_local_aggregate,uniform,300,60,5,0.00455524991760393,0.009455193290227058,0.013338722519036957,0.015859291338582715,0.7933333333333333,1.0,1.0,0.21625,0.0,0.21625,32125.0,15675.0,0.013338722519036957,0.015859291338582715
stratified_size_rep092,stratified_size,92,b50_lb5_k10_eps0p0025,local_only_offline_aggregate,confidence,300,60,5,0.0,0.005563579488922114,0.009331424389073108,0.01344782608695652,0.9566666666666667,1.0,1.0,0.0,0.0,0.0,40000.0,20000.0,0.009331424389073108,0.01344782608695652
stratified_size_rep092,stratified_size,92,b50_lb5_k10_eps0p0025,local_only_offline_aggregate,shot_proportional,300,60,5,0.0,0.005400664836855622,0.009418338497644821,0.01344782608695652,0.96,1.0,1.0,0.0,0.0,0.0,40000.0,20000.0,0.009418338497644821,0.01344782608695652
stratified_size_rep092,stratified_size,92,b50_lb5_k10_eps0p0025,local_only_offline_aggregate,uniform,300,60,5,0.0,0.005555643658631345,0.009389605465032242,0.01344782608695652,0.96,1.0,1.0,0.0,0.0,0.0,40000.0,20000.0,0.009389605465032242,0.01344782608695652
stratified_size_rep093,stratified_size,93,b50_lb5_k10_eps0p0025,aggregate_only_sync,confidence,300,60,5,0.00475352897252088,0.009430554096638653,0.013232490770465339,0.015859291338582715,0.8,1.0,1.0,0.19062499999999996,0.0,0.19062499999999996,30800.0,16187.5,0.013232490770465339,0.015859291338582715
stratified_size_rep093,stratified_size,93,b50_lb5_k10_eps0p0025,aggregate_only_sync,shot_proportional,300,60,5,0.00475352897252088,0.009430554096638653,0.013232490770465339,0.015859291338582715,0.8,1.0,1.0,0.19062499999999996,0.0,0.19062499999999996,30800.0,16187.5,0.013232490770465339,0.015859291338582715
stratified_size_rep093,stratified_size,93,b50_lb5_k10_eps0p0025,aggregate_only_sync,uniform,300,60,5,0.00475352897252088,0.009430554096638653,0.013232490770465339,0.015859291338582715,0.8,1.0,1.0,0.19062499999999996,0.0,0.19062499999999996,30800.0,16187.5,0.013232490770465339,0.015859291338582715
stratified_size_rep093,stratified_size,93,b50_lb5_k10_eps0p0025,hierarchical_local_aggregate,confidence,300,60,5,0.004632459341315551,0.009376986335537497,0.012666046262412044,0.015611378437034718,0.7966666666666666,1.0,1.0,0.19062499999999996,0.0,0.19062499999999996,30775.0,16187.5,0.012666046262412044,0.015611378437034718
stratified_size_rep093,stratified_size,93,b50_lb5_k10_eps0p0025,hierarchical_local_aggregate,shot_proportional,300,60,5,0.00475352897252088,0.009430554096638653,0.01324175282779057,0.015859291338582715,0.7966666666666666,1.0,1.0,0.19062499999999996,0.0,0.19062499999999996,30775.0,16187.5,0.01324175282779057,0.015859291338582715
stratified_size_rep093,stratified_size,93,b50_lb5_k10_eps0p0025,hierarchical_local_aggregate,uniform,300,60,5,0.00475352897252088,0.009426963064529458,0.01324175282779057,0.015859291338582715,0.7966666666666666,1.0,1.0,0.19062499999999996,0.0,0.19062499999999996,30775.0,16187.5,0.01324175282779057,0.015859291338582715
stratified_size_rep093,stratified_size,93,b50_lb5_k10_eps0p0025,local_only_offline_aggregate,confidence,300,60,5,0.0,0.00565808272781777,0.009478396923665028,0.013312835249042239,0.9533333333333334,1.0,1.0,0.0,0.0,0.0,40000.0,20000.0,0.009478396923665028,0.013312835249042239
stratified_size_rep093,stratified_size,93,b50_lb5_k10_eps0p0025,local_only_offline_aggregate,shot_proportional,300,60,5,0.0,0.005607411719362085,0.009449457495436839,0.013312835249042239,0.9566666666666667,1.0,1.0,0.0,0.0,0.0,40000.0,20000.0,0.009449457495436839,0.013312835249042239
stratified_size_rep093,stratified_size,93,b50_lb5_k10_eps0p0025,local_only_offline_aggregate,uniform,300,60,5,0.0,0.005633415332674964,0.009472636126751447,0.013312835249042239,0.9566666666666667,1.0,1.0,0.0,0.0,0.0,40000.0,20000.0,0.009472636126751447,0.013312835249042239
stratified_size_rep094,stratified_size,94,b50_lb5_k10_eps0p0025,aggregate_only_sync,confidence,300,60,5,0.004533158602150559,0.009505459840572831,0.013318668721918598,0.015859291338582715,0.7933333333333333,1.0,1.0,0.19437499999999996,0.0,0.19437499999999996,32125.0,16112.5,0.013318668721918598,0.015859291338582715
stratified_size_rep094,stratified_size,94,b50_lb5_k10_eps0p0025,aggregate_only_sync,shot_proportional,300,60,5,0.004533158602150559,0.009505459840572831,0.013318668721918598,0.015859291338582715,0.7933333333333333,1.0,1.0,0.19437499999999996,0.0,0.19437499999999996,32125.0,16112.5,0.013318668721918598,0.015859291338582715
stratified_size_rep094,stratified_size,94,b50_lb5_k10_eps0p0025,aggregate_only_sync,uniform,300,60,5,0.004533158602150559,0.009505459840572831,0.013318668721918598,0.015859291338582715,0.7933333333333333,1.0,1.0,0.19437499999999996,0.0,0.19437499999999996,32125.0,16112.5,0.013318668721918598,0.015859291338582715
stratified_size_rep094,stratified_size,94,b50_lb5_k10_eps0p0025,hierarchical_local_aggregate,confidence,300,60,5,0.004709608825708928,0.009408449777020433,0.012859389507841362,0.015611378437034718,0.79,1.0,1.0,0.19749999999999995,0.0,0.19749999999999995,32125.0,16050.0,0.012859389507841362,0.015611378437034718
stratified_size_rep094,stratified_size,94,b50_lb5_k10_eps0p0025,hierarchical_local_aggregate,shot_proportional,300,60,5,0.004533158602150559,0.009510307176887485,0.013489013196592148,0.015859291338582715,0.79,1.0,1.0,0.19749999999999995,0.0,0.19749999999999995,32125.0,16050.0,0.013489013196592148,0.015859291338582715
stratified_size_rep094,stratified_size,94,b50_lb5_k10_eps0p0025,hierarchical_local_aggregate,uniform,300,60,5,0.004533158602150559,0.009497449638429741,0.013489013196592148,0.015859291338582715,0.79,1.0,1.0,0.19749999999999995,0.0,0.19749999999999995,32125.0,16050.0,0.013489013196592148,0.015859291338582715
stratified_size_rep094,stratified_size,94,b50_lb5_k10_eps0p0025,local_only_offline_aggregate,confidence,300,60,5,0.0,0.005566070987991832,0.009250647544873676,0.01344782608695652,0.96,1.0,1.0,0.0,0.0,0.0,40000.0,20000.0,0.009250647544873676,0.01344782608695652
stratified_size_rep094,stratified_size,94,b50_lb5_k10_eps0p0025,local_only_offline_aggregate,shot_proportional,300,60,5,0.0,0.0054522733560082625,0.009233518373807066,0.01344782608695652,0.96,1.0,1.0,0.0,0.0,0.0,40000.0,20000.0,0.009233518373807066,0.01344782608695652
stratified_size_rep094,stratified_size,94,b50_lb5_k10_eps0p0025,local_only_offline_aggregate,uniform,300,60,5,0.0,0.005557564661603714,0.009267930047130262,0.01344782608695652,0.96,1.0,1.0,0.0,0.0,0.0,40000.0,20000.0,0.009267930047130262,0.01344782608695652
stratified_size_rep095,stratified_size,95,b50_lb5_k10_eps0p0025,aggregate_only_sync,confidence,300,60,5,0.005584476861405648,0.009597414380425152,0.0133378064500176,0.015859291338582715,0.7733333333333333,1.0,1.0,0.27937500000000004,0.0,0.27937500000000004,31700.0,14412.5,0.0133378064500176,0.015859291338582715
stratified_size_rep095,stratified_size,95,b50_lb5_k10_eps0p0025,aggregate_only_sync,shot_proportional,300,60,5,0.005584476861405648,0.009597414380425152,0.0133378064500176,0.015859291338582715,0.7733333333333333,1.0,1.0,0.27937500000000004,0.0,0.27937500000000004,31700.0,14412.5,0.0133378064500176,0.015859291338582715
stratified_size_rep095,stratified_size,95,b50_lb5_k10_eps0p0025,aggregate_only_sync,uniform,300,60,5,0.005584476861405648,0.009597414380425152,0.0133378064500176,0.015859291338582715,0.7733333333333333,1.0,1.0,0.27937500000000004,0.0,0.27937500000000004,31700.0,14412.5,0.0133378064500176,0.015859291338582715
stratified_size_rep095,stratified_size,95,b50_lb5_k10_eps0p0025,hierarchical_local_aggregate,confidence,300,60,5,0.0054837823177991815,0.009623134069881344,0.012926882219335793,0.015611378437034718,0.7666666666666667,1.0,1.0,0.285625,0.0,0.285625,31700.0,14287.5,0.012926882219335793,0.015611378437034718
stratified_size_rep095,stratified_size,95,b50_lb5_k10_eps0p0025,hierarchical_local_aggregate,shot_proportional,300,60,5,0.005584476861405648,0.00963244486622434,0.013489013196592148,0.015859291338582715,0.77,1.0,1.0,0.285625,0.0,0.285625,31700.0,14287.5,0.013489013196592148,0.015859291338582715
stratified_size_rep095,stratified_size,95,b50_lb5_k10_eps0p0025,hierarchical_local_aggregate,uniform,300,60,5,0.005584476861405648,0.009628165980667343,0.013489013196592148,0.015859291338582715,0.77,1.0,1.0,0.285625,0.0,0.285625,31700.0,14287.5,0.013489013196592148,0.015859291338582715
stratified_size_rep095,stratified_size,95,b50_lb5_k10_eps0p0025,local_only_offline_aggregate,confidence,300,60,5,0.0,0.00565808272781777,0.009478396923665028,0.01344782608695652,0.9533333333333334,1.0,1.0,0.0,0.0,0.0,40000.0,20000.0,0.009478396923665028,0.01344782608695652
stratified_size_rep095,stratified_size,95,b50_lb5_k10_eps0p0025,local_only_offline_aggregate,shot_proportional,300,60,5,0.0,0.00552901896025033,0.009449457495436839,0.01344782608695652,0.9566666666666667,1.0,1.0,0.0,0.0,0.0,40000.0,20000.0,0.009449457495436839,0.01344782608695652
stratified_size_rep095,stratified_size,95,b50_lb5_k10_eps0p0025,local_only_offline_aggregate,uniform,300,60,5,0.0,0.005595058333696522,0.009472636126751447,0.01344782608695652,0.9566666666666667,1.0,1.0,0.0,0.0,0.0,40000.0,20000.0,0.009472636126751447,0.01344782608695652
stratified_size_rep096,stratified_size,96,b50_lb5_k10_eps0p0025,aggregate_only_sync,confidence,300,60,5,0.00455524991760393,0.009371359681012987,0.01302360229996015,0.015859291338582715,0.8,1.0,1.0,0.20187499999999997,0.0,0.20187499999999997,31225.0,15962.5,0.01302360229996015,0.015859291338582715
stratified_size_rep096,stratified_size,96,b50_lb5_k10_eps0p0025,aggregate_only_sync,shot_proportional,300,60,5,0.00455524991760393,0.009371359681012987,0.01302360229996015,0.015859291338582715,0.8,1.0,1.0,0.20187499999999997,0.0,0.20187499999999997,31225.0,15962.5,0.01302360229996015,0.015859291338582715
stratified_size_rep096,stratified_size,96,b50_lb5_k10_eps0p0025,aggregate_only_sync,uniform,300,60,5,0.00455524991760393,0.009371359681012987,0.01302360229996015,0.015859291338582715,0.8,1.0,1.0,0.20187499999999997,0.0,0.20187499999999997,31225.0,15962.5,0.01302360229996015,0.015859291338582715
stratified_size_rep096,stratified_size,96,b50_lb5_k10_eps0p0025,hierarchical_local_aggregate,confidence,300,60,5,0.004632459341315551,0.009360639573821087,0.012666046262412044,0.015611378437034718,0.8,1.0,1.0,0.20499999999999996,0.0,0.20499999999999996,31200.0,15900.0,0.012666046262412044,0.015611378437034718
stratified_size_rep096,stratified_size,96,b50_lb5_k10_eps0p0025,hierarchical_local_aggregate,shot_proportional,300,60,5,0.00455524991760393,0.009371359681012987,0.01324175282779057,0.015859291338582715,0.7966666666666666,1.0,1.0,0.20499999999999996,0.0,0.20499999999999996,31200.0,15900.0,0.01324175282779057,0.015859291338582715
stratified_size_rep096,stratified_size,96,b50_lb5_k10_eps0p0025,hierarchical_local_aggregate,uniform,300,60,5,0.00455524991760393,0.009371359681012987,0.01324175282779057,0.015859291338582715,0.7966666666666666,1.0,1.0,0.20499999999999996,0.0,0.20499999999999996,31200.0,15900.0,0.01324175282779057,0.015859291338582715
stratified_size_rep096,stratified_size,96,b50_lb5_k10_eps0p0025,local_only_offline_aggregate,confidence,300,60,5,0.0,0.005545124766890449,0.009227052038344454,0.013312835249042239,0.9566666666666667,1.0,1.0,0.0,0.0,0.0,40000.0,20000.0,0.009227052038344454,0.013312835249042239
stratified_size_rep096,stratified_size,96,b50_lb5_k10_eps0p0025,local_only_offline_aggregate,shot_proportional,300,60,5,0.0,0.005377967076551289,0.009237613866240377,0.013312835249042239,0.96,1.0,1.0,0.0,0.0,0.0,40000.0,20000.0,0.009237613866240377,0.013312835249042239
stratified_size_rep096,stratified_size,96,b50_lb5_k10_eps0p0025,local_only_offline_aggregate,uniform,300,60,5,0.0,0.005557564661603714,0.009231898371077197,0.013312835249042239,0.96,1.0,1.0,0.0,0.0,0.0,40000.0,20000.0,0.009231898371077197,0.013312835249042239
stratified_size_rep097,stratified_size,97,b50_lb5_k10_eps0p0025,aggregate_only_sync,confidence,300,60,5,0.005936013257593948,0.009550778279787451,0.01329417745842139,0.01447394495412818,0.7766666666666666,1.0,1.0,0.25875,0.0,0.25875,31575.0,14825.0,0.01329417745842139,0.01447394495412818
stratified_size_rep097,stratified_size,97,b50_lb5_k10_eps0p0025,aggregate_only_sync,shot_proportional,300,60,5,0.005936013257593948,0.009550778279787451,0.01329417745842139,0.01447394495412818,0.7766666666666666,1.0,1.0,0.25875,0.0,0.25875,31575.0,14825.0,0.01329417745842139,0.01447394495412818
stratified_size_rep097,stratified_size,97,b50_lb5_k10_eps0p0025,aggregate_only_sync,uniform,300,60,5,0.005936013257593948,0.009550778279787451,0.01329417745842139,0.01447394495412818,0.7766666666666666,1.0,1.0,0.25875,0.0,0.25875,31575.0,14825.0,0.01329417745842139,0.01447394495412818
stratified_size_rep097,stratified_size,97,b50_lb5_k10_eps0p0025,hierarchical_local_aggregate,confidence,300,60,5,0.005782506607236055,0.009526375145559162,0.012766234455826317,0.01376465242048849,0.7766666666666666,1.0,1.0,0.27,0.0,0.27,31575.0,14600.0,0.012766234455826317,0.01376465242048849
stratified_size_rep097,stratified_size,97,b50_lb5_k10_eps0p0025,hierarchical_local_aggregate,shot_proportional,300,60,5,0.0059725906385463,0.00958202255112792,0.013449769380105342,0.01447394495412818,0.7733333333333333,1.0,1.0,0.27,0.0,0.27,31575.0,14600.0,0.013449769380105342,0.01447394495412818
stratified_size_rep097,stratified_size,97,b50_lb5_k10_eps0p0025,hierarchical_local_aggregate,uniform,300,60,5,0.005970735479816168,0.00958202255112792,0.013449769380105342,0.01447394495412818,0.7733333333333333,1.0,1.0,0.27,0.0,0.27,31575.0,14600.0,0.013449769380105342,0.01447394495412818
stratified_size_rep097,stratified_size,97,b50_lb5_k10_eps0p0025,local_only_offline_aggregate,confidence,300,60,5,0.0,0.0057090698595131835,0.009290443985347955,0.01344782608695652,0.9566666666666667,1.0,1.0,0.0,0.0,0.0,40000.0,20000.0,0.009290443985347955,0.01344782608695652
stratified_size_rep097,stratified_size,97,b50_lb5_k10_eps0p0025,local_only_offline_aggregate,shot_proportional,300,60,5,0.0,0.0055729850044281435,0.009338932030423219,0.01344782608695652,0.96,1.0,1.0,0.0,0.0,0.0,40000.0,20000.0,0.009338932030423219,0.01344782608695652
stratified_size_rep097,stratified_size,97,b50_lb5_k10_eps0p0025,local_only_offline_aggregate,uniform,300,60,5,0.0,0.005633415332674964,0.009288599608435475,0.01344782608695652,0.96,1.0,1.0,0.0,0.0,0.0,40000.0,20000.0,0.009288599608435475,0.01344782608695652
stratified_size_rep098,stratified_size,98,b50_lb5_k10_eps0p0025,aggregate_only_sync,confidence,300,60,5,0.0029766371548619504,0.00919930522376175,0.013022653887261745,0.015859291338582715,0.83,1.0,1.0,0.10937500000000003,0.0,0.10937500000000003,36775.0,17812.5,0.013022653887261745,0.015859291338582715
stratified_size_rep098,stratified_size,98,b50_lb5_k10_eps0p0025,aggregate_only_sync,shot_proportional,300,60,5,0.0029766371548619504,0.00919930522376175,0.013022653887261745,0.015859291338582715,0.83,1.0,1.0,0.10937500000000003,0.0,0.10937500000000003,36775.0,17812.5,0.013022653887261745,0.015859291338582715
stratified_size_rep098,stratified_size,98,b50_lb5_k10_eps0p0025,aggregate_only_sync,uniform,300,60,5,0.0029766371548619504,0.00919930522376175,0.013022653887261745,0.015859291338582715,0.83,1.0,1.0,0.10937500000000003,0.0,0.10937500000000003,36775.0,17812.5,0.013022653887261745,0.015859291338582715
stratified_size_rep098,stratified_size,98,b50_lb5_k10_eps0p0025,hierarchical_local_aggregate,confidence,300,60,5,0.002975154737776194,0.009194562556554452,0.012763741949186396,0.015611378437034718,0.82,1.0,1.0,0.10937500000000003,0.0,0.10937500000000003,36262.5,17812.5,0.012763741949186396,0.015611378437034718
stratified_size_rep098,stratified_size,98,b50_lb5_k10_eps0p0025,hierarchical_local_aggregate,shot_proportional,300,60,5,0.0029766371548619504,0.009220581424656954,0.013240997889407127,0.015859291338582715,0.8266666666666667,1.0,1.0,0.10937500000000003,0.0,0.10937500000000003,36262.5,17812.5,0.013240997889407127,0.015859291338582715
stratified_size_rep098,stratified_size,98,b50_lb5_k10_eps0p0025,hierarchical_local_aggregate,uniform,300,60,5,0.0029766371548619504,0.00919930522376175,0.013240997889407127,0.015859291338582715,0.8266666666666667,1.0,1.0,0.10937500000000003,0.0,0.10937500000000003,36262.5,17812.5,0.013240997889407127,0.015859291338582715
stratified_size_rep098,stratified_size,98,b50_lb5_k10_eps0p0025,local_only_offline_aggregate,confidence,300,60,5,0.0,0.005024905382223109,0.009085686546713047,0.013312835249042239,0.9666666666666667,1.0,1.0,0.0,0.0,0.0,40000.0,20000.0,0.009085686546713047,0.013312835249042239
stratified_size_rep098,stratified_size,98,b50_lb5_k10_eps0p0025,local_only_offline_aggregate,shot_proportional,300,60,5,0.0,0.004619262177587425,0.008806637525656245,0.013312835249042239,0.97,1.0,1.0,0.0,0.0,0.0,40000.0,20000.0,0.008806637525656245,0.013312835249042239
stratified_size_rep098,stratified_size,98,b50_lb5_k10_eps0p0025,local_only_offline_aggregate,uniform,300,60,5,0.0,0.004731666779526475,0.008941887620993938,0.013312835249042239,0.97,1.0,1.0,0.0,0.0,0.0,40000.0,20000.0,0.008941887620993938,0.013312835249042239
stratified_size_rep099,stratified_size,99,b50_lb5_k10_eps0p0025,aggregate_only_sync,confidence,300,60,5,0.004365424648786774,0.009315068561698048,0.012890550738595614,0.01447394495412818,0.8166666666666667,1.0,1.0,0.143125,0.0,0.143125,32500.0,17137.5,0.012890550738595614,0.01447394495412818
stratified_size_rep099,stratified_size,99,b50_lb5_k10_eps0p0025,aggregate_only_sync,shot_proportional,300,60,5,0.004365424648786774,0.009315068561698048,0.012890550738595614,0.01447394495412818,0.8166666666666667,1.0,1.0,0.143125,0.0,0.143125,32500.0,17137.5,0.012890550738595614,0.01447394495412818
stratified_size_rep099,stratified_size,99,b50_lb5_k10_eps0p0025,aggregate_only_sync,uniform,300,60,5,0.004365424648786774,0.009315068561698048,0.012890550738595614,0.01447394495412818,0.8166666666666667,1.0,1.0,0.143125,0.0,0.143125,32500.0,17137.5,0.012890550738595614,0.01447394495412818
stratified_size_rep099,stratified_size,99,b50_lb5_k10_eps0p0025,hierarchical_local_aggregate,confidence,300,60,5,0.004613414211839367,0.009233104342258812,0.012468034394452385,0.013514675153968694,0.8133333333333334,1.0,1.0,0.15312499999999998,0.0,0.15312499999999998,32500.0,16937.5,0.012468034394452385,0.013514675153968694
stratified_size_rep099,stratified_size,99,b50_lb5_k10_eps0p0025,hierarchical_local_aggregate,shot_proportional,300,60,5,0.004365424648786774,0.009315068561698048,0.012994648641799375,0.01447394495412818,0.8133333333333334,1.0,1.0,0.15312499999999998,0.0,0.15312499999999998,32500.0,16937.5,0.012994648641799375,0.01447394495412818
stratified_size_rep099,stratified_size,99,b50_lb5_k10_eps0p0025,hierarchical_local_aggregate,uniform,300,60,5,0.004365424648786774,0.009315068561698048,0.012994648641799375,0.01447394495412818,0.8133333333333334,1.0,1.0,0.15312499999999998,0.0,0.15312499999999998,32500.0,16937.5,0.012994648641799375,0.01447394495412818
stratified_size_rep099,stratified_size,99,b50_lb5_k10_eps0p0025,local_only_offline_aggregate,confidence,300,60,5,0.0,0.005392509000685228,0.009124727061556308,0.01298823529411764,0.9633333333333334,1.0,1.0,0.0,0.0,0.0,40000.0,20000.0,0.009124727061556308,0.01298823529411764
stratified_size_rep099,stratified_size,99,b50_lb5_k10_eps0p0025,local_only_offline_aggregate,shot_proportional,300,60,5,0.0,0.005234674752633705,0.009224028339561567,0.01298823529411764,0.9666666666666667,1.0,1.0,0.0,0.0,0.0,40000.0,20000.0,0.009224028339561567,0.01298823529411764
stratified_size_rep099,stratified_size,99,b50_lb5_k10_eps0p0025,local_only_offline_aggregate,uniform,300,60,5,0.0,0.00538874919501577,0.009124727061556308,0.01298823529411764,0.9666666666666667,1.0,1.0,0.0,0.0,0.0,40000.0,20000.0,0.009124727061556308,0.01298823529411764
