config_id,policy,scheme,k,circuit_key,algorithm,size,circuit_kind,circuit_median_tvd,circuit_q95_tvd,circuit_max_tvd,circuit_median_ssr,circuit_median_parallel_ssr,circuit_median_total_shots,circuit_median_max_backend_shots,subset_rows
b50_lb5_k2_eps0p0025,aggregate_only_sync,confidence,1,dj_10_circuit,dj,10,circuit,0.014354644808743234,0.01730949685534596,0.017799371069182453,0.6025,0.6025,7950.0,7950.0,5
b50_lb5_k2_eps0p0025,aggregate_only_sync,confidence,1,dj_11_circuit,dj,11,circuit,0.013675837320574166,0.017057145581691087,0.017657692307692353,0.48,0.48,10400.0,10400.0,5
b50_lb5_k2_eps0p0025,aggregate_only_sync,confidence,1,dj_12_circuit,dj,12,circuit,0.01617272727272731,0.017745191760401176,0.01811914893617025,0.4125,0.4125,11750.0,11750.0,5
b50_lb5_k2_eps0p0025,aggregate_only_sync,confidence,1,dj_13_circuit,dj,13,circuit,0.017601162790697702,0.018326928092654304,0.01843091286307062,0.39749999999999996,0.39749999999999996,12050.0,12050.0,5
b50_lb5_k2_eps0p0025,aggregate_only_sync,confidence,1,dj_14_circuit,dj,14,circuit,0.015445296167247562,0.019148183846773664,0.019911085972850646,0.2825,0.2825,14350.0,14350.0,5
b50_lb5_k2_eps0p0025,aggregate_only_sync,confidence,1,dj_15_circuit,dj,15,circuit,0.013638343558282175,0.01724260838663828,0.017562189054726413,0.18500000000000005,0.18500000000000005,16300.0,16300.0,5
b50_lb5_k2_eps0p0025,aggregate_only_sync,confidence,1,dj_4_circuit,dj,4,circuit,0.006033783783783786,0.007393450292397641,0.007697368421052611,0.92,0.92,1600.0,1600.0,5
b50_lb5_k2_eps0p0025,aggregate_only_sync,confidence,1,dj_5_circuit,dj,5,circuit,0.0066500000000000075,0.00855038277511964,0.008663636363636392,0.88,0.88,2400.0,2400.0,5
b50_lb5_k2_eps0p0025,aggregate_only_sync,confidence,1,dj_6_circuit,dj,6,circuit,0.008900000000000016,0.014930524876981956,0.015537096774193546,0.845,0.845,3100.0,3100.0,5
b50_lb5_k2_eps0p0025,aggregate_only_sync,confidence,1,dj_7_circuit,dj,7,circuit,0.011137864077669882,0.014313083853083863,0.014985585585585597,0.7725,0.7725,4550.0,4550.0,5
b50_lb5_k2_eps0p0025,aggregate_only_sync,confidence,1,dj_8_circuit,dj,8,circuit,0.010581751824817532,0.018252538636783458,0.01850963302752295,0.7275,0.7275,5450.0,5450.0,5
b50_lb5_k2_eps0p0025,aggregate_only_sync,confidence,1,dj_9_circuit,dj,9,circuit,0.013882748538011722,0.016321727140783737,0.016737735849056586,0.6025,0.6025,7950.0,7950.0,5
b50_lb5_k2_eps0p0025,aggregate_only_sync,confidence,1,qaoa_10_circuit,qaoa,10,circuit,0.0,0.0,0.0,0.0,0.0,20000.0,20000.0,5
b50_lb5_k2_eps0p0025,aggregate_only_sync,confidence,1,qaoa_11_circuit,qaoa,11,circuit,0.0,0.0,0.0,0.0,0.0,20000.0,20000.0,5
b50_lb5_k2_eps0p0025,aggregate_only_sync,confidence,1,qaoa_12_circuit,qaoa,12,circuit,0.0,0.0,0.0,0.0,0.0,20000.0,20000.0,5
b50_lb5_k2_eps0p0025,aggregate_only_sync,confidence,1,qaoa_13_circuit,qaoa,13,circuit,0.0,0.0,0.0,0.0,0.0,20000.0,20000.0,5
b50_lb5_k2_eps0p0025,aggregate_only_sync,confidence,1,qaoa_14_circuit,qaoa,14,circuit,0.0,0.0,0.0,0.0,0.0,20000.0,20000.0,5
b50_lb5_k2_eps0p0025,aggregate_only_sync,confidence,1,qaoa_15_circuit,qaoa,15,circuit,0.0,0.0,0.0,0.0,0.0,20000.0,20000.0,5
b50_lb5_k2_eps0p0025,aggregate_only_sync,confidence,1,qaoa_4_circuit,qaoa,4,circuit,0.011933333333333348,0.015659369369369357,0.01573333333333332,0.775,0.775,4500.0,4500.0,5
b50_lb5_k2_eps0p0025,aggregate_only_sync,confidence,1,qaoa_5_circuit,qaoa,5,circuit,0.013404166666666663,0.015785502273996655,0.01613278145695365,0.585,0.585,8300.0,8300.0,5
b50_lb5_k2_eps0p0025,aggregate_only_sync,confidence,1,qaoa_6_circuit,qaoa,6,circuit,0.010798630136986303,0.01302153538384597,0.01356451612903227,0.27,0.27,14600.0,14600.0,5
b50_lb5_k2_eps0p0025,aggregate_only_sync,confidence,1,qaoa_7_circuit,qaoa,7,circuit,0.0,0.007250842984899578,0.0074214484679665784,0.0,0.0,20000.0,20000.0,5
b50_lb5_k2_eps0p0025,aggregate_only_sync,confidence,1,qaoa_8_circuit,qaoa,8,circuit,0.0,0.0,0.0,0.0,0.0,20000.0,20000.0,5
b50_lb5_k2_eps0p0025,aggregate_only_sync,confidence,1,qaoa_9_circuit,qaoa,9,circuit,0.0,0.0,0.0,0.0,0.0,20000.0,20000.0,5
b50_lb5_k2_eps0p0025,aggregate_only_sync,confidence,1,qft_10_circuit,qft,10,circuit,0.0,0.0,0.0,0.0,0.0,20000.0,20000.0,5
b50_lb5_k2_eps0p0025,aggregate_only_sync,confidence,1,qft_11_circuit,qft,11,circuit,0.0,0.0,0.0,0.0,0.0,20000.0,20000.0,5
b50_lb5_k2_eps0p0025,aggregate_only_sync,confidence,1,qft_12_circuit,qft,12,circuit,0.0,0.0,0.0,0.0,0.0,20000.0,20000.0,5
b50_lb5_k2_eps0p0025,aggregate_only_sync,confidence,1,qft_13_circuit,qft,13,circuit,0.0,0.0,0.0,0.0,0.0,20000.0,20000.0,5
b50_lb5_k2_eps0p0025,aggregate_only_sync,confidence,1,qft_14_circuit,qft,14,circuit,0.0,0.0,0.0,0.0,0.0,20000.0,20000.0,5
b50_lb5_k2_eps0p0025,aggregate_only_sync,confidence,1,qft_15_circuit,qft,15,circuit,0.0,0.0,0.0,0.0,0.0,20000.0,20000.0,5
b50_lb5_k2_eps0p0025,aggregate_only_sync,confidence,1,qft_4_circuit,qft,4,circuit,0.013286363636363655,0.014723665262068456,0.01507155688622755,0.5825,0.5825,8350.0,8350.0,5
b50_lb5_k2_eps0p0025,aggregate_only_sync,confidence,1,qft_5_circuit,qft,5,circuit,0.012215447154471547,0.015043536749419101,0.015381447963800901,0.38,0.38,12400.0,12400.0,5
b50_lb5_k2_eps0p0025,aggregate_only_sync,confidence,1,qft_6_circuit,qft,6,circuit,0.008364942528735634,0.008737663207342875,0.008760662824207496,0.13,0.13,17400.0,17400.0,5
b50_lb5_k2_eps0p0025,aggregate_only_sync,confidence,1,qft_7_circuit,qft,7,circuit,0.0,0.0,0.0,0.0,0.0,20000.0,20000.0,5
b50_lb5_k2_eps0p0025,aggregate_only_sync,confidence,1,qft_8_circuit,qft,8,circuit,0.0,0.0,0.0,0.0,0.0,20000.0,20000.0,5
b50_lb5_k2_eps0p0025,aggregate_only_sync,confidence,1,qft_9_circuit,qft,9,circuit,0.0,0.0,0.0,0.0,0.0,20000.0,20000.0,5
b50_lb5_k2_eps0p0025,aggregate_only_sync,confidence,1,qnn_10_circuit,qnn,10,circuit,0.0,0.0,0.0,0.0,0.0,20000.0,20000.0,5
b50_lb5_k2_eps0p0025,aggregate_only_sync,confidence,1,qnn_11_circuit,qnn,11,circuit,0.0,0.0,0.0,0.0,0.0,20000.0,20000.0,5
b50_lb5_k2_eps0p0025,aggregate_only_sync,confidence,1,qnn_12_circuit,qnn,12,circuit,0.0,0.0,0.0,0.0,0.0,20000.0,20000.0,5
b50_lb5_k2_eps0p0025,aggregate_only_sync,confidence,1,qnn_13_circuit,qnn,13,circuit,0.0,0.0,0.0,0.0,0.0,20000.0,20000.0,5
b50_lb5_k2_eps0p0025,aggregate_only_sync,confidence,1,qnn_14_circuit,qnn,14,circuit,0.0,0.0,0.0,0.0,0.0,20000.0,20000.0,5
b50_lb5_k2_eps0p0025,aggregate_only_sync,confidence,1,qnn_15_circuit,qnn,15,circuit,0.0,0.0,0.0,0.0,0.0,20000.0,20000.0,5
b50_lb5_k2_eps0p0025,aggregate_only_sync,confidence,1,qnn_4_circuit,qnn,4,circuit,0.01573111888111888,0.017445113519322906,0.017554014598540134,0.6575,0.6575,6850.0,6850.0,5
b50_lb5_k2_eps0p0025,aggregate_only_sync,confidence,1,qnn_5_circuit,qnn,5,circuit,0.012733333333333324,0.014437704564870186,0.014766396761133605,0.41000000000000003,0.41000000000000003,11800.0,11800.0,5
b50_lb5_k2_eps0p0025,aggregate_only_sync,confidence,1,qnn_6_circuit,qnn,6,circuit,0.00909242424242425,0.012296783216783225,0.012740209790209798,0.19499999999999995,0.19499999999999995,16100.0,16100.0,5
b50_lb5_k2_eps0p0025,aggregate_only_sync,confidence,1,qnn_7_circuit,qnn,7,circuit,0.0,0.0,0.0,0.0,0.0,20000.0,20000.0,5
b50_lb5_k2_eps0p0025,aggregate_only_sync,confidence,1,qnn_8_circuit,qnn,8,circuit,0.0,0.0,0.0,0.0,0.0,20000.0,20000.0,5
b50_lb5_k2_eps0p0025,aggregate_only_sync,confidence,1,qnn_9_circuit,qnn,9,circuit,0.0,0.0,0.0,0.0,0.0,20000.0,20000.0,5
b50_lb5_k2_eps0p0025,aggregate_only_sync,confidence,1,random_10_circuit,random,10,circuit,0.0,0.0,0.0,0.0,0.0,20000.0,20000.0,5
b50_lb5_k2_eps0p0025,aggregate_only_sync,confidence,1,random_11_circuit,random,11,circuit,0.0,0.0,0.0,0.0,0.0,20000.0,20000.0,5
b50_lb5_k2_eps0p0025,aggregate_only_sync,confidence,1,random_12_circuit,random,12,circuit,0.0,0.0,0.0,0.0,0.0,20000.0,20000.0,5
b50_lb5_k2_eps0p0025,aggregate_only_sync,confidence,1,random_13_circuit,random,13,circuit,0.0,0.0,0.0,0.0,0.0,20000.0,20000.0,5
b50_lb5_k2_eps0p0025,aggregate_only_sync,confidence,1,random_14_circuit,random,14,circuit,0.0,0.0,0.0,0.0,0.0,20000.0,20000.0,5
b50_lb5_k2_eps0p0025,aggregate_only_sync,confidence,1,random_15_circuit,random,15,circuit,0.0,0.0,0.0,0.0,0.0,20000.0,20000.0,5
b50_lb5_k2_eps0p0025,aggregate_only_sync,confidence,1,random_4_circuit,random,4,circuit,0.010995454545454569,0.014819369369369378,0.015350000000000011,0.6825,0.6825,6350.0,6350.0,5
b50_lb5_k2_eps0p0025,aggregate_only_sync,confidence,1,random_5_circuit,random,5,circuit,0.011512130177514778,0.01364114742193173,0.013828395061728387,0.5775,0.5775,8450.0,8450.0,5
b50_lb5_k2_eps0p0025,aggregate_only_sync,confidence,1,random_6_circuit,random,6,circuit,0.00913095238095238,0.011042893432854552,0.011155369127516787,0.19499999999999995,0.19499999999999995,16100.0,16100.0,5
b50_lb5_k2_eps0p0025,aggregate_only_sync,confidence,1,random_7_circuit,random,7,circuit,0.0,0.0,0.0,0.0,0.0,20000.0,20000.0,5
b50_lb5_k2_eps0p0025,aggregate_only_sync,confidence,1,random_8_circuit,random,8,circuit,0.0,0.0,0.0,0.0,0.0,20000.0,20000.0,5
b50_lb5_k2_eps0p0025,aggregate_only_sync,confidence,1,random_9_circuit,random,9,circuit,0.0,0.0,0.0,0.0,0.0,20000.0,20000.0,5
b50_lb5_k2_eps0p0025,aggregate_only_sync,confidence,1,vqe_10_circuit,vqe,10,circuit,0.017350000000000088,0.021091515637530117,0.02186206896551728,0.5,0.5,10000.0,10000.0,5
b50_lb5_k2_eps0p0025,aggregate_only_sync,confidence,1,vqe_11_circuit,vqe,11,circuit,0.014976991150442466,0.018357234042553176,0.018434042553191463,0.43500000000000005,0.43500000000000005,11300.0,11300.0,5
b50_lb5_k2_eps0p0025,aggregate_only_sync,confidence,1,vqe_12_circuit,vqe,12,circuit,0.015366788321167977,0.019295351141749278,0.020063507109004782,0.47250000000000003,0.47250000000000003,10550.0,10550.0,5
b50_lb5_k2_eps0p0025,aggregate_only_sync,confidence,1,vqe_13_circuit,vqe,13,circuit,0.010098882681564256,0.019523434753211766,0.020461764705882506,0.10499999999999998,0.10499999999999998,17900.0,17900.0,5
b50_lb5_k2_eps0p0025,aggregate_only_sync,confidence,1,vqe_14_circuit,vqe,14,circuit,0.0,0.017224392614188632,0.018683333333333434,0.0,0.0,20000.0,20000.0,5
b50_lb5_k2_eps0p0025,aggregate_only_sync,confidence,1,vqe_15_circuit,vqe,15,circuit,0.0,0.01309117903604576,0.015205035971223016,0.0,0.0,20000.0,20000.0,5
b50_lb5_k2_eps0p0025,aggregate_only_sync,confidence,1,vqe_4_circuit,vqe,4,circuit,0.006288235294117608,0.010405588972431098,0.010942105263157921,0.905,0.905,1900.0,1900.0,5
b50_lb5_k2_eps0p0025,aggregate_only_sync,confidence,1,vqe_5_circuit,vqe,5,circuit,0.011348101265822797,0.015283492063492074,0.016165079365079382,0.825,0.825,3500.0,3500.0,5
b50_lb5_k2_eps0p0025,aggregate_only_sync,confidence,1,vqe_6_circuit,vqe,6,circuit,0.010297368421052661,0.014604357398873523,0.015637301587301575,0.845,0.845,3100.0,3100.0,5
b50_lb5_k2_eps0p0025,aggregate_only_sync,confidence,1,vqe_7_circuit,vqe,7,circuit,0.012683027522935804,0.014810000000000025,0.015316666666666685,0.73,0.73,5400.0,5400.0,5
b50_lb5_k2_eps0p0025,aggregate_only_sync,confidence,1,vqe_8_circuit,vqe,8,circuit,0.015262189054726373,0.01778658791419679,0.018078625954198492,0.6575,0.6575,6850.0,6850.0,5
b50_lb5_k2_eps0p0025,aggregate_only_sync,confidence,1,vqe_9_circuit,vqe,9,circuit,0.016044134078212303,0.01833496855345914,0.018883333333333353,0.6025,0.6025,7950.0,7950.0,5
b50_lb5_k2_eps0p0025,aggregate_only_sync,confidence,2,dj_10_circuit,dj,10,circuit,0.013570437877480605,0.01556012446873105,0.01623703703703701,0.67375,0.67375,13050.0,6525.0,10
b50_lb5_k2_eps0p0025,aggregate_only_sync,confidence,2,dj_11_circuit,dj,11,circuit,0.014710365978327582,0.015903264650189323,0.01635948275862068,0.62125,0.62125,15150.0,7575.0,10
b50_lb5_k2_eps0p0025,aggregate_only_sync,confidence,2,dj_12_circuit,dj,12,circuit,0.01556384508348796,0.01745540110356532,0.01786495215310999,0.55,0.55,18000.0,9000.0,10
b50_lb5_k2_eps0p0025,aggregate_only_sync,confidence,2,dj_13_circuit,dj,13,circuit,0.015882859966708338,0.017437678571428455,0.017857142857142665,0.53625,0.53625,18550.0,9275.0,10
b50_lb5_k2_eps0p0025,aggregate_only_sync,confidence,2,dj_14_circuit,dj,14,circuit,0.01605644863266812,0.01851570799201473,0.019244095477386855,0.4325,0.4325,22700.0,11350.0,10
b50_lb5_k2_eps0p0025,aggregate_only_sync,confidence,2,dj_15_circuit,dj,15,circuit,0.015431650731158462,0.018185731203721023,0.018792139737990994,0.34249999999999997,0.34249999999999997,26300.0,13150.0,10
b50_lb5_k2_eps0p0025,aggregate_only_sync,confidence,2,dj_4_circuit,dj,4,circuit,0.00521011904761904,0.00851875,0.009849999999999939,0.9475,0.9475,2100.0,1050.0,10
b50_lb5_k2_eps0p0025,aggregate_only_sync,confidence,2,dj_5_circuit,dj,5,circuit,0.0056914898132427675,0.007397884615384646,0.0076211538461538764,0.90625,0.90625,3750.0,1875.0,10
b50_lb5_k2_eps0p0025,aggregate_only_sync,confidence,2,dj_6_circuit,dj,6,circuit,0.008191902645721363,0.009783663793103421,0.010524999999999998,0.85375,0.85375,5850.0,2925.0,10
b50_lb5_k2_eps0p0025,aggregate_only_sync,confidence,2,dj_7_circuit,dj,7,circuit,0.009856060606060646,0.012827770270270275,0.013175000000000006,0.8200000000000001,0.8200000000000001,7200.0,3600.0,10
b50_lb5_k2_eps0p0025,aggregate_only_sync,confidence,2,dj_8_circuit,dj,8,circuit,0.01079898989898991,0.013374712885154051,0.014323809523809518,0.7725,0.7725,9100.0,4550.0,10
b50_lb5_k2_eps0p0025,aggregate_only_sync,confidence,2,dj_9_circuit,dj,9,circuit,0.012152491492464786,0.01385493990384613,0.014140625,0.7275,0.7275,10900.0,5450.0,10
b50_lb5_k2_eps0p0025,aggregate_only_sync,confidence,2,qaoa_10_circuit,qaoa,10,circuit,0.0,0.0,0.0,0.0,0.0,40000.0,20000.0,10
b50_lb5_k2_eps0p0025,aggregate_only_sync,confidence,2,qaoa_11_circuit,qaoa,11,circuit,0.0,0.0,0.0,0.0,0.0,40000.0,20000.0,10
b50_lb5_k2_eps0p0025,aggregate_only_sync,confidence,2,qaoa_12_circuit,qaoa,12,circuit,0.0,0.0,0.0,0.0,0.0,40000.0,20000.0,10
b50_lb5_k2_eps0p0025,aggregate_only_sync,confidence,2,qaoa_13_circuit,qaoa,13,circuit,0.0,0.0,0.0,0.0,0.0,40000.0,20000.0,10
b50_lb5_k2_eps0p0025,aggregate_only_sync,confidence,2,qaoa_14_circuit,qaoa,14,circuit,0.0,0.0,0.0,0.0,0.0,40000.0,20000.0,10
b50_lb5_k2_eps0p0025,aggregate_only_sync,confidence,2,qaoa_15_circuit,qaoa,15,circuit,0.0,0.0,0.0,0.0,0.0,40000.0,20000.0,10
b50_lb5_k2_eps0p0025,aggregate_only_sync,confidence,2,qaoa_4_circuit,qaoa,4,circuit,0.01064593081887857,0.013225757020756996,0.013967460317460314,0.845,0.845,6200.0,3100.0,10
b50_lb5_k2_eps0p0025,aggregate_only_sync,confidence,2,qaoa_5_circuit,qaoa,5,circuit,0.0127315476190476,0.014660216090425515,0.01522340425531913,0.67125,0.67125,13150.0,6575.0,10
b50_lb5_k2_eps0p0025,aggregate_only_sync,confidence,2,qaoa_6_circuit,qaoa,6,circuit,0.011866366832092653,0.014409541420118332,0.014918181818181813,0.51,0.51,19600.0,9800.0,10
b50_lb5_k2_eps0p0025,aggregate_only_sync,confidence,2,qaoa_7_circuit,qaoa,7,circuit,0.009827619080179251,0.012092705602641175,0.012538356164383568,0.22875,0.22875,30850.0,15425.0,10
b50_lb5_k2_eps0p0025,aggregate_only_sync,confidence,2,qaoa_8_circuit,qaoa,8,circuit,0.0067593806921675955,0.009265756027760873,0.009326183431952649,0.09249999999999997,0.09249999999999997,36300.0,18150.0,10
b50_lb5_k2_eps0p0025,aggregate_only_sync,confidence,2,qaoa_9_circuit,qaoa,9,circuit,0.0,0.0,0.0,0.0,0.0,40000.0,20000.0,10
b50_lb5_k2_eps0p0025,aggregate_only_sync,confidence,2,qft_10_circuit,qft,10,circuit,0.0,0.0,0.0,0.0,0.0,40000.0,20000.0,10
b50_lb5_k2_eps0p0025,aggregate_only_sync,confidence,2,qft_11_circuit,qft,11,circuit,0.0,0.0,0.0,0.0,0.0,40000.0,20000.0,10
b50_lb5_k2_eps0p0025,aggregate_only_sync,confidence,2,qft_12_circuit,qft,12,circuit,0.0,0.0,0.0,0.0,0.0,40000.0,20000.0,10
b50_lb5_k2_eps0p0025,aggregate_only_sync,confidence,2,qft_13_circuit,qft,13,circuit,0.0,0.0,0.0,0.0,0.0,40000.0,20000.0,10
b50_lb5_k2_eps0p0025,aggregate_only_sync,confidence,2,qft_14_circuit,qft,14,circuit,0.0,0.0,0.0,0.0,0.0,40000.0,20000.0,10
b50_lb5_k2_eps0p0025,aggregate_only_sync,confidence,2,qft_15_circuit,qft,15,circuit,0.0,0.0,0.0,0.0,0.0,40000.0,20000.0,10
b50_lb5_k2_eps0p0025,aggregate_only_sync,confidence,2,qft_4_circuit,qft,4,circuit,0.013186917372881371,0.01773708073727933,0.01888611111111111,0.70875,0.70875,11650.0,5825.0,10
b50_lb5_k2_eps0p0025,aggregate_only_sync,confidence,2,qft_5_circuit,qft,5,circuit,0.012947067901234555,0.014690919312169308,0.014950661375661374,0.56125,0.56125,17550.0,8775.0,10
b50_lb5_k2_eps0p0025,aggregate_only_sync,confidence,2,qft_6_circuit,qft,6,circuit,0.01188659005160074,0.013610893353002428,0.013635820895522382,0.33875,0.33875,26450.0,13225.0,10
b50_lb5_k2_eps0p0025,aggregate_only_sync,confidence,2,qft_7_circuit,qft,7,circuit,0.002839720812182739,0.007455779231360131,0.0077983193277310885,0.015000000000000013,0.015000000000000013,39400.0,19700.0,10
b50_lb5_k2_eps0p0025,aggregate_only_sync,confidence,2,qft_8_circuit,qft,8,circuit,0.0,0.0,0.0,0.0,0.0,40000.0,20000.0,10
b50_lb5_k2_eps0p0025,aggregate_only_sync,confidence,2,qft_9_circuit,qft,9,circuit,0.0,0.0,0.0,0.0,0.0,40000.0,20000.0,10
b50_lb5_k2_eps0p0025,aggregate_only_sync,confidence,2,qnn_10_circuit,qnn,10,circuit,0.0,0.0,0.0,0.0,0.0,40000.0,20000.0,10
b50_lb5_k2_eps0p0025,aggregate_only_sync,confidence,2,qnn_11_circuit,qnn,11,circuit,0.0,0.0,0.0,0.0,0.0,40000.0,20000.0,10
b50_lb5_k2_eps0p0025,aggregate_only_sync,confidence,2,qnn_12_circuit,qnn,12,circuit,0.0,0.0,0.0,0.0,0.0,40000.0,20000.0,10
b50_lb5_k2_eps0p0025,aggregate_only_sync,confidence,2,qnn_13_circuit,qnn,13,circuit,0.0,0.0,0.0,0.0,0.0,40000.0,20000.0,10
b50_lb5_k2_eps0p0025,aggregate_only_sync,confidence,2,qnn_14_circuit,qnn,14,circuit,0.0,0.0,0.0,0.0,0.0,40000.0,20000.0,10
b50_lb5_k2_eps0p0025,aggregate_only_sync,confidence,2,qnn_15_circuit,qnn,15,circuit,0.0,0.0,0.0,0.0,0.0,40000.0,20000.0,10
b50_lb5_k2_eps0p0025,aggregate_only_sync,confidence,2,qnn_4_circuit,qnn,4,circuit,0.01170157337128397,0.014205543394777266,0.014281182795698916,0.7649999999999999,0.7649999999999999,9400.0,4700.0,10
b50_lb5_k2_eps0p0025,aggregate_only_sync,confidence,2,qnn_5_circuit,qnn,5,circuit,0.013180448717948724,0.01619916551066413,0.016463356164383568,0.6074999999999999,0.6074999999999999,15700.0,7850.0,10
b50_lb5_k2_eps0p0025,aggregate_only_sync,confidence,2,qnn_6_circuit,qnn,6,circuit,0.011574999999999988,0.014025488758081617,0.014566279069767422,0.43000000000000005,0.43000000000000005,22800.0,11400.0,10
b50_lb5_k2_eps0p0025,aggregate_only_sync,confidence,2,qnn_7_circuit,qnn,7,circuit,0.0063346075527582375,0.00686376393722174,0.006955710306406688,0.08250000000000002,0.08250000000000002,36700.0,18350.0,10
b50_lb5_k2_eps0p0025,aggregate_only_sync,confidence,2,qnn_8_circuit,qnn,8,circuit,0.0,0.0,0.0,0.0,0.0,40000.0,20000.0,10
b50_lb5_k2_eps0p0025,aggregate_only_sync,confidence,2,qnn_9_circuit,qnn,9,circuit,0.0,0.0,0.0,0.0,0.0,40000.0,20000.0,10
b50_lb5_k2_eps0p0025,aggregate_only_sync,confidence,2,random_10_circuit,random,10,circuit,0.0,0.0,0.0,0.0,0.0,40000.0,20000.0,10
b50_lb5_k2_eps0p0025,aggregate_only_sync,confidence,2,random_11_circuit,random,11,circuit,0.0,0.0,0.0,0.0,0.0,40000.0,20000.0,10
b50_lb5_k2_eps0p0025,aggregate_only_sync,confidence,2,random_12_circuit,random,12,circuit,0.0,0.0,0.0,0.0,0.0,40000.0,20000.0,10
b50_lb5_k2_eps0p0025,aggregate_only_sync,confidence,2,random_13_circuit,random,13,circuit,0.0,0.0,0.0,0.0,0.0,40000.0,20000.0,10
b50_lb5_k2_eps0p0025,aggregate_only_sync,confidence,2,random_14_circuit,random,14,circuit,0.0,0.0,0.0,0.0,0.0,40000.0,20000.0,10
b50_lb5_k2_eps0p0025,aggregate_only_sync,confidence,2,random_15_circuit,random,15,circuit,0.0,0.0,0.0,0.0,0.0,40000.0,20000.0,10
b50_lb5_k2_eps0p0025,aggregate_only_sync,confidence,2,random_4_circuit,random,4,circuit,0.007006129877693635,0.010859973667579528,0.010864893617021264,0.7637499999999999,0.7637499999999999,9450.0,4725.0,10
b50_lb5_k2_eps0p0025,aggregate_only_sync,confidence,2,random_5_circuit,random,5,circuit,0.012805828779599264,0.015117904135338353,0.01639642857142858,0.6875,0.6875,12500.0,6250.0,10
b50_lb5_k2_eps0p0025,aggregate_only_sync,confidence,2,random_6_circuit,random,6,circuit,0.011228206391529483,0.013546613876319754,0.014723039215686273,0.41750000000000004,0.41750000000000004,23300.0,11650.0,10
b50_lb5_k2_eps0p0025,aggregate_only_sync,confidence,2,random_7_circuit,random,7,circuit,0.0068333728892693135,0.010754623459607487,0.011142172523961668,0.10375000000000001,0.10375000000000001,35850.0,17925.0,10
b50_lb5_k2_eps0p0025,aggregate_only_sync,confidence,2,random_8_circuit,random,8,circuit,0.0,0.0,0.0,0.0,0.0,40000.0,20000.0,10
b50_lb5_k2_eps0p0025,aggregate_only_sync,confidence,2,random_9_circuit,random,9,circuit,0.0,0.0,0.0,0.0,0.0,40000.0,20000.0,10
b50_lb5_k2_eps0p0025,aggregate_only_sync,confidence,2,vqe_10_circuit,vqe,10,circuit,0.016351610644257664,0.019499318450039275,0.01965241935483865,0.6125,0.6125,15500.0,7750.0,10
b50_lb5_k2_eps0p0025,aggregate_only_sync,confidence,2,vqe_11_circuit,vqe,11,circuit,0.016181208609271504,0.020597543859649035,0.020639473684210437,0.6,0.6,16000.0,8000.0,10
b50_lb5_k2_eps0p0025,aggregate_only_sync,confidence,2,vqe_12_circuit,vqe,12,circuit,0.015357225355895739,0.01717209094684382,0.018024418604651087,0.545,0.545,18200.0,9100.0,10
b50_lb5_k2_eps0p0025,aggregate_only_sync,confidence,2,vqe_13_circuit,vqe,13,circuit,0.01536451786193935,0.017026048632218783,0.017739893617021208,0.38,0.38,24800.0,12400.0,10
b50_lb5_k2_eps0p0025,aggregate_only_sync,confidence,2,vqe_14_circuit,vqe,14,circuit,0.01443153977188542,0.017784785841795322,0.01817236286919822,0.23125,0.23125,30750.0,15375.0,10
b50_lb5_k2_eps0p0025,aggregate_only_sync,confidence,2,vqe_15_circuit,vqe,15,circuit,0.011658578431372437,0.015700682773109254,0.017937605042016806,0.16125,0.16125,33550.0,16775.0,10
b50_lb5_k2_eps0p0025,aggregate_only_sync,confidence,2,vqe_4_circuit,vqe,4,circuit,0.0042850369458127865,0.006297748868778207,0.006526923076923,0.9125,0.9125,3500.0,1750.0,10
b50_lb5_k2_eps0p0025,aggregate_only_sync,confidence,2,vqe_5_circuit,vqe,5,circuit,0.0084669002607562,0.014010193577431006,0.01562602040816329,0.85,0.85,6000.0,3000.0,10
b50_lb5_k2_eps0p0025,aggregate_only_sync,confidence,2,vqe_6_circuit,vqe,6,circuit,0.008160576923076951,0.010881639344262275,0.011364344262295031,0.8600000000000001,0.8600000000000001,5600.0,2800.0,10
b50_lb5_k2_eps0p0025,aggregate_only_sync,confidence,2,vqe_7_circuit,vqe,7,circuit,0.009487012987013045,0.01367749999999996,0.014940909090909024,0.8025,0.8025,7900.0,3950.0,10
b50_lb5_k2_eps0p0025,aggregate_only_sync,confidence,2,vqe_8_circuit,vqe,8,circuit,0.01156775862068965,0.014712151649284522,0.015033064516129041,0.7012499999999999,0.7012499999999999,11950.0,5975.0,10
b50_lb5_k2_eps0p0025,aggregate_only_sync,confidence,2,vqe_9_circuit,vqe,9,circuit,0.012932721088435399,0.018528749999999955,0.020449999999999934,0.6875,0.6875,12500.0,6250.0,10
b50_lb5_k2_eps0p0025,aggregate_only_sync,confidence,3,dj_10_circuit,dj,10,circuit,0.012826690576245067,0.013859522912270208,0.01418271028037394,0.725,0.725,16500.0,5500.0,10
b50_lb5_k2_eps0p0025,aggregate_only_sync,confidence,3,dj_11_circuit,dj,11,circuit,0.01364065399911633,0.015362337384457433,0.015674803149606377,0.6799999999999999,0.6799999999999999,19200.0,6400.0,10
b50_lb5_k2_eps0p0025,aggregate_only_sync,confidence,3,dj_12_circuit,dj,12,circuit,0.014922836885577426,0.01649893345957083,0.016888342967244684,0.62,0.62,22800.0,7600.0,10
b50_lb5_k2_eps0p0025,aggregate_only_sync,confidence,3,dj_13_circuit,dj,13,circuit,0.015864606741573098,0.018099895712256214,0.018157490636704028,0.5625,0.5625,26250.0,8750.0,10
b50_lb5_k2_eps0p0025,aggregate_only_sync,confidence,3,dj_14_circuit,dj,14,circuit,0.016443046545154986,0.01799020415522455,0.01811311336717434,0.5137499999999999,0.5137499999999999,29175.0,9725.0,10
b50_lb5_k2_eps0p0025,aggregate_only_sync,confidence,3,dj_15_circuit,dj,15,circuit,0.016589115646258583,0.01882226246316652,0.018903623188405647,0.40375,0.40375,35775.0,11925.0,10
b50_lb5_k2_eps0p0025,aggregate_only_sync,confidence,3,dj_4_circuit,dj,4,circuit,0.004765079365079352,0.007389166666666627,0.008266666666666606,0.9512499999999999,0.9512499999999999,2925.0,975.0,10
b50_lb5_k2_eps0p0025,aggregate_only_sync,confidence,3,dj_5_circuit,dj,5,circuit,0.005022619047619031,0.008135833333333347,0.00816666666666667,0.91625,0.91625,5025.0,1675.0,10
b50_lb5_k2_eps0p0025,aggregate_only_sync,confidence,3,dj_6_circuit,dj,6,circuit,0.006897222222222211,0.009453416289592745,0.009991176470588253,0.8787499999999999,0.8787499999999999,7275.0,2425.0,10
b50_lb5_k2_eps0p0025,aggregate_only_sync,confidence,3,dj_7_circuit,dj,7,circuit,0.008591836734693877,0.009538809523809503,0.009716666666666656,0.8274999999999999,0.8274999999999999,10350.0,3450.0,10
b50_lb5_k2_eps0p0025,aggregate_only_sync,confidence,3,dj_8_circuit,dj,8,circuit,0.008987659289067747,0.011495555555555592,0.011705555555555603,0.8125,0.8125,11250.0,3750.0,10
b50_lb5_k2_eps0p0025,aggregate_only_sync,confidence,3,dj_9_circuit,dj,9,circuit,0.011057780745557987,0.012614965371469736,0.012917584097859378,0.7424999999999999,0.7424999999999999,15450.0,5150.0,10
b50_lb5_k2_eps0p0025,aggregate_only_sync,confidence,3,qaoa_10_circuit,qaoa,10,circuit,0.0,0.0,0.0,0.0,0.0,60000.0,20000.0,10
b50_lb5_k2_eps0p0025,aggregate_only_sync,confidence,3,qaoa_11_circuit,qaoa,11,circuit,0.0,0.0,0.0,0.0,0.0,60000.0,20000.0,10
b50_lb5_k2_eps0p0025,aggregate_only_sync,confidence,3,qaoa_12_circuit,qaoa,12,circuit,0.0,0.0,0.0,0.0,0.0,60000.0,20000.0,10
b50_lb5_k2_eps0p0025,aggregate_only_sync,confidence,3,qaoa_13_circuit,qaoa,13,circuit,0.0,0.0,0.0,0.0,0.0,60000.0,20000.0,10
b50_lb5_k2_eps0p0025,aggregate_only_sync,confidence,3,qaoa_14_circuit,qaoa,14,circuit,0.0,0.0,0.0,0.0,0.0,60000.0,20000.0,10
b50_lb5_k2_eps0p0025,aggregate_only_sync,confidence,3,qaoa_15_circuit,qaoa,15,circuit,0.0,0.0,0.0,0.0,0.0,60000.0,20000.0,10
b50_lb5_k2_eps0p0025,aggregate_only_sync,confidence,3,qaoa_4_circuit,qaoa,4,circuit,0.011171913580246901,0.014250081699346398,0.014672875816993437,0.86375,0.86375,8175.0,2725.0,10
b50_lb5_k2_eps0p0025,aggregate_only_sync,confidence,3,qaoa_5_circuit,qaoa,5,circuit,0.011009076707606114,0.013942163299663303,0.014464814814814814,0.73875,0.73875,15675.0,5225.0,10
b50_lb5_k2_eps0p0025,aggregate_only_sync,confidence,3,qaoa_6_circuit,qaoa,6,circuit,0.01259228167616558,0.014382136465324392,0.014416666666666678,0.62625,0.62625,22425.0,7475.0,10
b50_lb5_k2_eps0p0025,aggregate_only_sync,confidence,3,qaoa_7_circuit,qaoa,7,circuit,0.011411667555200157,0.012714687463093583,0.012812165963431791,0.385,0.385,36900.0,12300.0,10
b50_lb5_k2_eps0p0025,aggregate_only_sync,confidence,3,qaoa_8_circuit,qaoa,8,circuit,0.010098315487446479,0.010950541237113419,0.011323711340206188,0.2675,0.2675,43950.0,14650.0,10
b50_lb5_k2_eps0p0025,aggregate_only_sync,confidence,3,qaoa_9_circuit,qaoa,9,circuit,0.0017681972789115675,0.005532691559277888,0.005614235190097244,0.010000000000000009,0.010000000000000009,59400.0,19800.0,10
b50_lb5_k2_eps0p0025,aggregate_only_sync,confidence,3,qft_10_circuit,qft,10,circuit,0.0,0.0,0.0,0.0,0.0,60000.0,20000.0,10
b50_lb5_k2_eps0p0025,aggregate_only_sync,confidence,3,qft_11_circuit,qft,11,circuit,0.0,0.0,0.0,0.0,0.0,60000.0,20000.0,10
b50_lb5_k2_eps0p0025,aggregate_only_sync,confidence,3,qft_12_circuit,qft,12,circuit,0.0,0.0,0.0,0.0,0.0,60000.0,20000.0,10
b50_lb5_k2_eps0p0025,aggregate_only_sync,confidence,3,qft_13_circuit,qft,13,circuit,0.0,0.0,0.0,0.0,0.0,60000.0,20000.0,10
b50_lb5_k2_eps0p0025,aggregate_only_sync,confidence,3,qft_14_circuit,qft,14,circuit,0.0,0.0,0.0,0.0,0.0,60000.0,20000.0,10
b50_lb5_k2_eps0p0025,aggregate_only_sync,confidence,3,qft_15_circuit,qft,15,circuit,0.0,0.0,0.0,0.0,0.0,60000.0,20000.0,10
b50_lb5_k2_eps0p0025,aggregate_only_sync,confidence,3,qft_4_circuit,qft,4,circuit,0.011925375738056907,0.015537964576074332,0.015688095238095244,0.7324999999999999,0.7324999999999999,16050.0,5350.0,10
b50_lb5_k2_eps0p0025,aggregate_only_sync,confidence,3,qft_5_circuit,qft,5,circuit,0.012217639902676401,0.013923452223871572,0.014478423772609807,0.635,0.635,21900.0,7300.0,10
b50_lb5_k2_eps0p0025,aggregate_only_sync,confidence,3,qft_6_circuit,qft,6,circuit,0.012405921131487477,0.014000325614263967,0.014135007610350074,0.45625,0.45625,32625.0,10875.0,10
b50_lb5_k2_eps0p0025,aggregate_only_sync,confidence,3,qft_7_circuit,qft,7,circuit,0.008988703839023534,0.009911242450388264,0.00999508196721311,0.1975,0.1975,48150.0,16050.0,10
b50_lb5_k2_eps0p0025,aggregate_only_sync,confidence,3,qft_8_circuit,qft,8,circuit,0.0,0.0,0.0,0.0,0.0,60000.0,20000.0,10
b50_lb5_k2_eps0p0025,aggregate_only_sync,confidence,3,qft_9_circuit,qft,9,circuit,0.0,0.0,0.0,0.0,0.0,60000.0,20000.0,10
b50_lb5_k2_eps0p0025,aggregate_only_sync,confidence,3,qnn_10_circuit,qnn,10,circuit,0.0,0.0,0.0,0.0,0.0,60000.0,20000.0,10
b50_lb5_k2_eps0p0025,aggregate_only_sync,confidence,3,qnn_11_circuit,qnn,11,circuit,0.0,0.0,0.0,0.0,0.0,60000.0,20000.0,10
b50_lb5_k2_eps0p0025,aggregate_only_sync,confidence,3,qnn_12_circuit,qnn,12,circuit,0.0,0.0,0.0,0.0,0.0,60000.0,20000.0,10
b50_lb5_k2_eps0p0025,aggregate_only_sync,confidence,3,qnn_13_circuit,qnn,13,circuit,0.0,0.0,0.0,0.0,0.0,60000.0,20000.0,10
b50_lb5_k2_eps0p0025,aggregate_only_sync,confidence,3,qnn_14_circuit,qnn,14,circuit,0.0,0.0,0.0,0.0,0.0,60000.0,20000.0,10
b50_lb5_k2_eps0p0025,aggregate_only_sync,confidence,3,qnn_15_circuit,qnn,15,circuit,0.0,0.0,0.0,0.0,0.0,60000.0,20000.0,10
b50_lb5_k2_eps0p0025,aggregate_only_sync,confidence,3,qnn_4_circuit,qnn,4,circuit,0.010747057159026602,0.012324973544973535,0.012856349206349184,0.78125,0.78125,13125.0,4375.0,10
b50_lb5_k2_eps0p0025,aggregate_only_sync,confidence,3,qnn_5_circuit,qnn,5,circuit,0.012076558051249627,0.013612337299660037,0.014065517241379322,0.645,0.645,21300.0,7100.0,10
b50_lb5_k2_eps0p0025,aggregate_only_sync,confidence,3,qnn_6_circuit,qnn,6,circuit,0.011230723158828747,0.012966041591356392,0.013499568221070802,0.52375,0.52375,28575.0,9525.0,10
b50_lb5_k2_eps0p0025,aggregate_only_sync,confidence,3,qnn_7_circuit,qnn,7,circuit,0.009344350282485876,0.011223157454960463,0.01146075650118204,0.23750000000000004,0.23750000000000004,45750.0,15250.0,10
b50_lb5_k2_eps0p0025,aggregate_only_sync,confidence,3,qnn_8_circuit,qnn,8,circuit,0.0,0.0027079449558879936,0.002832489451476787,0.0,0.0,60000.0,20000.0,10
b50_lb5_k2_eps0p0025,aggregate_only_sync,confidence,3,qnn_9_circuit,qnn,9,circuit,0.0,0.0,0.0,0.0,0.0,60000.0,20000.0,10
b50_lb5_k2_eps0p0025,aggregate_only_sync,confidence,3,random_10_circuit,random,10,circuit,0.0,0.0,0.0,0.0,0.0,60000.0,20000.0,10
b50_lb5_k2_eps0p0025,aggregate_only_sync,confidence,3,random_11_circuit,random,11,circuit,0.0,0.0,0.0,0.0,0.0,60000.0,20000.0,10
b50_lb5_k2_eps0p0025,aggregate_only_sync,confidence,3,random_12_circuit,random,12,circuit,0.0,0.0,0.0,0.0,0.0,60000.0,20000.0,10
b50_lb5_k2_eps0p0025,aggregate_only_sync,confidence,3,random_13_circuit,random,13,circuit,0.0,0.0,0.0,0.0,0.0,60000.0,20000.0,10
b50_lb5_k2_eps0p0025,aggregate_only_sync,confidence,3,random_14_circuit,random,14,circuit,0.0,0.0,0.0,0.0,0.0,60000.0,20000.0,10
b50_lb5_k2_eps0p0025,aggregate_only_sync,confidence,3,random_15_circuit,random,15,circuit,0.0,0.0,0.0,0.0,0.0,60000.0,20000.0,10
b50_lb5_k2_eps0p0025,aggregate_only_sync,confidence,3,random_4_circuit,random,4,circuit,0.007829464285714268,0.009335929487179494,0.009344871794871819,0.7887500000000001,0.7887500000000001,12675.0,4225.0,10
b50_lb5_k2_eps0p0025,aggregate_only_sync,confidence,3,random_5_circuit,random,5,circuit,0.010143970013037792,0.014145838171262696,0.014480769230769241,0.72625,0.72625,16425.0,5475.0,10
b50_lb5_k2_eps0p0025,aggregate_only_sync,confidence,3,random_6_circuit,random,6,circuit,0.01236321448119478,0.013690727346424058,0.014101098901098893,0.5225,0.5225,28650.0,9550.0,10
b50_lb5_k2_eps0p0025,aggregate_only_sync,confidence,3,random_7_circuit,random,7,circuit,0.010199255001593126,0.011605616488758451,0.0119040312876053,0.28625,0.28625,42825.0,14275.0,10
b50_lb5_k2_eps0p0025,aggregate_only_sync,confidence,3,random_8_circuit,random,8,circuit,0.0,0.0014416033755274237,0.0026210970464135026,0.0,0.0,60000.0,20000.0,10
b50_lb5_k2_eps0p0025,aggregate_only_sync,confidence,3,random_9_circuit,random,9,circuit,0.0,0.0,0.0,0.0,0.0,60000.0,20000.0,10
b50_lb5_k2_eps0p0025,aggregate_only_sync,confidence,3,vqe_10_circuit,vqe,10,circuit,0.01589316214088949,0.01699019025875192,0.0171205479452055,0.65,0.65,21000.0,7000.0,10
b50_lb5_k2_eps0p0025,aggregate_only_sync,confidence,3,vqe_11_circuit,vqe,11,circuit,0.016528577162351992,0.01936226763432644,0.019448622589531686,0.66625,0.66625,20025.0,6675.0,10
b50_lb5_k2_eps0p0025,aggregate_only_sync,confidence,3,vqe_12_circuit,vqe,12,circuit,0.015946296296296358,0.01735606807511739,0.017761032863849755,0.59875,0.59875,24075.0,8025.0,10
b50_lb5_k2_eps0p0025,aggregate_only_sync,confidence,3,vqe_13_circuit,vqe,13,circuit,0.015172339267033926,0.018073107448107372,0.018170512820512755,0.47875,0.47875,31275.0,10425.0,10
b50_lb5_k2_eps0p0025,aggregate_only_sync,confidence,3,vqe_14_circuit,vqe,14,circuit,0.015300950570342765,0.017178432447739606,0.01728607764390907,0.30625,0.30625,41625.0,13875.0,10
b50_lb5_k2_eps0p0025,aggregate_only_sync,confidence,3,vqe_15_circuit,vqe,15,circuit,0.014616438532342554,0.017958208898944124,0.018471568627450932,0.29000000000000004,0.29000000000000004,42600.0,14200.0,10
b50_lb5_k2_eps0p0025,aggregate_only_sync,confidence,3,vqe_4_circuit,vqe,4,circuit,0.00464002704530086,0.006268832891246705,0.006396153846153868,0.9275,0.9275,4350.0,1450.0,10
b50_lb5_k2_eps0p0025,aggregate_only_sync,confidence,3,vqe_5_circuit,vqe,5,circuit,0.008561003051106039,0.01620074561403509,0.017087719298245603,0.8825000000000001,0.8825000000000001,7050.0,2350.0,10
b50_lb5_k2_eps0p0025,aggregate_only_sync,confidence,3,vqe_6_circuit,vqe,6,circuit,0.007077527818093917,0.008780833333333337,0.008833333333333342,0.8812500000000001,0.8812500000000001,7125.0,2375.0,10
b50_lb5_k2_eps0p0025,aggregate_only_sync,confidence,3,vqe_7_circuit,vqe,7,circuit,0.009467251461988343,0.010998333333333332,0.011433333333333332,0.8125,0.8125,11250.0,3750.0,10
b50_lb5_k2_eps0p0025,aggregate_only_sync,confidence,3,vqe_8_circuit,vqe,8,circuit,0.01108285857071468,0.012454685990338178,0.013334782608695693,0.73875,0.73875,15675.0,5225.0,10
b50_lb5_k2_eps0p0025,aggregate_only_sync,confidence,3,vqe_9_circuit,vqe,9,circuit,0.01250092715457115,0.01631333333333336,0.016583333333333325,0.75,0.75,15000.0,5000.0,10
b50_lb5_k2_eps0p0025,aggregate_only_sync,confidence,4,dj_10_circuit,dj,10,circuit,0.01228387096774187,0.013812812285518132,0.013986693548387037,0.7675,0.7675,18600.0,4650.0,5
b50_lb5_k2_eps0p0025,aggregate_only_sync,confidence,4,dj_11_circuit,dj,11,circuit,0.013469004065040594,0.01462897849462365,0.01487580645161289,0.6925,0.6925,24600.0,6150.0,5
b50_lb5_k2_eps0p0025,aggregate_only_sync,confidence,4,dj_12_circuit,dj,12,circuit,0.013911111111111046,0.015422085605234318,0.01555305343511436,0.65,0.65,28000.0,7000.0,5
b50_lb5_k2_eps0p0025,aggregate_only_sync,confidence,4,dj_13_circuit,dj,13,circuit,0.015934876543209735,0.019075945945945853,0.019794256756756678,0.6275,0.6275,29800.0,7450.0,5
b50_lb5_k2_eps0p0025,aggregate_only_sync,confidence,4,dj_14_circuit,dj,14,circuit,0.015768975903614455,0.016668487949191117,0.016867218543046264,0.5825,0.5825,33400.0,8350.0,5
b50_lb5_k2_eps0p0025,aggregate_only_sync,confidence,4,dj_15_circuit,dj,15,circuit,0.01689672489082947,0.0175530231834658,0.017715505464480766,0.495,0.495,40400.0,10100.0,5
b50_lb5_k2_eps0p0025,aggregate_only_sync,confidence,4,dj_4_circuit,dj,4,circuit,0.005361363636363603,0.006672499999999958,0.006987499999999956,0.96,0.96,3200.0,800.0,5
b50_lb5_k2_eps0p0025,aggregate_only_sync,confidence,4,dj_5_circuit,dj,5,circuit,0.004575,0.005224404761904702,0.005316666666666589,0.92,0.92,6400.0,1600.0,5
b50_lb5_k2_eps0p0025,aggregate_only_sync,confidence,4,dj_6_circuit,dj,6,circuit,0.006528525641025624,0.006932934646654134,0.0069455128205127906,0.8975,0.8975,8200.0,2050.0,5
b50_lb5_k2_eps0p0025,aggregate_only_sync,confidence,4,dj_7_circuit,dj,7,circuit,0.009204901960784287,0.010254339622641525,0.010311792452830214,0.8674999999999999,0.8674999999999999,10600.0,2650.0,5
b50_lb5_k2_eps0p0025,aggregate_only_sync,confidence,4,dj_8_circuit,dj,8,circuit,0.008687499999999975,0.00902842723004697,0.00907095070422536,0.825,0.825,14000.0,3500.0,5
b50_lb5_k2_eps0p0025,aggregate_only_sync,confidence,4,dj_9_circuit,dj,9,circuit,0.010173892405063233,0.011071568627450998,0.011212500000000025,0.7675,0.7675,18600.0,4650.0,5
b50_lb5_k2_eps0p0025,aggregate_only_sync,confidence,4,qaoa_10_circuit,qaoa,10,circuit,0.0,0.0,0.0,0.0,0.0,80000.0,20000.0,5
b50_lb5_k2_eps0p0025,aggregate_only_sync,confidence,4,qaoa_11_circuit,qaoa,11,circuit,0.0,0.0,0.0,0.0,0.0,80000.0,20000.0,5
b50_lb5_k2_eps0p0025,aggregate_only_sync,confidence,4,qaoa_12_circuit,qaoa,12,circuit,0.0,0.0,0.0,0.0,0.0,80000.0,20000.0,5
b50_lb5_k2_eps0p0025,aggregate_only_sync,confidence,4,qaoa_13_circuit,qaoa,13,circuit,0.0,0.0,0.0,0.0,0.0,80000.0,20000.0,5
b50_lb5_k2_eps0p0025,aggregate_only_sync,confidence,4,qaoa_14_circuit,qaoa,14,circuit,0.0,0.0,0.0,0.0,0.0,80000.0,20000.0,5
b50_lb5_k2_eps0p0025,aggregate_only_sync,confidence,4,qaoa_15_circuit,qaoa,15,circuit,0.0,0.0,0.0,0.0,0.0,80000.0,20000.0,5
b50_lb5_k2_eps0p0025,aggregate_only_sync,confidence,4,qaoa_4_circuit,qaoa,4,circuit,0.011359957627118668,0.013970769230769254,0.014450961538461555,0.87,0.87,10400.0,2600.0,5
b50_lb5_k2_eps0p0025,aggregate_only_sync,confidence,4,qaoa_5_circuit,qaoa,5,circuit,0.010121078431372532,0.012980400313971735,0.013471291208791198,0.755,0.755,19600.0,4900.0,5
b50_lb5_k2_eps0p0025,aggregate_only_sync,confidence,4,qaoa_6_circuit,qaoa,6,circuit,0.01189222972972972,0.012872166666666664,0.012984999999999997,0.6325000000000001,0.6325000000000001,29400.0,7350.0,5
b50_lb5_k2_eps0p0025,aggregate_only_sync,confidence,4,qaoa_7_circuit,qaoa,7,circuit,0.011320215311004809,0.011653219436351992,0.011664027149321268,0.45499999999999996,0.45499999999999996,43600.0,10900.0,5
b50_lb5_k2_eps0p0025,aggregate_only_sync,confidence,4,qaoa_8_circuit,qaoa,8,circuit,0.010150427756653996,0.012350794983893215,0.012739024390243874,0.3425,0.3425,52600.0,13150.0,5
b50_lb5_k2_eps0p0025,aggregate_only_sync,confidence,4,qaoa_9_circuit,qaoa,9,circuit,0.008441844729344733,0.008623554923117956,0.008650638138138132,0.12250000000000005,0.12250000000000005,70200.0,17550.0,5
b50_lb5_k2_eps0p0025,aggregate_only_sync,confidence,4,qft_10_circuit,qft,10,circuit,0.0,0.0,0.0,0.0,0.0,80000.0,20000.0,5
b50_lb5_k2_eps0p0025,aggregate_only_sync,confidence,4,qft_11_circuit,qft,11,circuit,0.0,0.0,0.0,0.0,0.0,80000.0,20000.0,5
b50_lb5_k2_eps0p0025,aggregate_only_sync,confidence,4,qft_12_circuit,qft,12,circuit,0.0,0.0,0.0,0.0,0.0,80000.0,20000.0,5
b50_lb5_k2_eps0p0025,aggregate_only_sync,confidence,4,qft_13_circuit,qft,13,circuit,0.0,0.0,0.0,0.0,0.0,80000.0,20000.0,5
b50_lb5_k2_eps0p0025,aggregate_only_sync,confidence,4,qft_14_circuit,qft,14,circuit,0.0,0.0,0.0,0.0,0.0,80000.0,20000.0,5
b50_lb5_k2_eps0p0025,aggregate_only_sync,confidence,4,qft_15_circuit,qft,15,circuit,0.0,0.0,0.0,0.0,0.0,80000.0,20000.0,5
b50_lb5_k2_eps0p0025,aggregate_only_sync,confidence,4,qft_4_circuit,qft,4,circuit,0.012654807692307708,0.01648328767123287,0.016784075342465746,0.7475,0.7475,20200.0,5050.0,5
b50_lb5_k2_eps0p0025,aggregate_only_sync,confidence,4,qft_5_circuit,qft,5,circuit,0.011356249999999995,0.01203671981572335,0.012052098540145991,0.6799999999999999,0.6799999999999999,25600.0,6400.0,5
b50_lb5_k2_eps0p0025,aggregate_only_sync,confidence,4,qft_6_circuit,qft,6,circuit,0.011976546391752588,0.013150883126446451,0.013351932989690713,0.515,0.515,38800.0,9700.0,5
b50_lb5_k2_eps0p0025,aggregate_only_sync,confidence,4,qft_7_circuit,qft,7,circuit,0.0104603494623656,0.010966051295566784,0.011087873134328366,0.3025,0.3025,55800.0,13950.0,5
b50_lb5_k2_eps0p0025,aggregate_only_sync,confidence,4,qft_8_circuit,qft,8,circuit,0.003568589743589735,0.004956120659834088,0.005269492084432713,0.025000000000000022,0.025000000000000022,78000.0,19500.0,5
b50_lb5_k2_eps0p0025,aggregate_only_sync,confidence,4,qft_9_circuit,qft,9,circuit,0.0,0.0,0.0,0.0,0.0,80000.0,20000.0,5
b50_lb5_k2_eps0p0025,aggregate_only_sync,confidence,4,qnn_10_circuit,qnn,10,circuit,0.0,0.0,0.0,0.0,0.0,80000.0,20000.0,5
b50_lb5_k2_eps0p0025,aggregate_only_sync,confidence,4,qnn_11_circuit,qnn,11,circuit,0.0,0.0,0.0,0.0,0.0,80000.0,20000.0,5
b50_lb5_k2_eps0p0025,aggregate_only_sync,confidence,4,qnn_12_circuit,qnn,12,circuit,0.0,0.0,0.0,0.0,0.0,80000.0,20000.0,5
b50_lb5_k2_eps0p0025,aggregate_only_sync,confidence,4,qnn_13_circuit,qnn,13,circuit,0.0,0.0,0.0,0.0,0.0,80000.0,20000.0,5
b50_lb5_k2_eps0p0025,aggregate_only_sync,confidence,4,qnn_14_circuit,qnn,14,circuit,0.0,0.0,0.0,0.0,0.0,80000.0,20000.0,5
b50_lb5_k2_eps0p0025,aggregate_only_sync,confidence,4,qnn_15_circuit,qnn,15,circuit,0.0,0.0,0.0,0.0,0.0,80000.0,20000.0,5
b50_lb5_k2_eps0p0025,aggregate_only_sync,confidence,4,qnn_4_circuit,qnn,4,circuit,0.010136046511627889,0.010704288061336234,0.010714772727272706,0.7925,0.7925,16600.0,4150.0,5
b50_lb5_k2_eps0p0025,aggregate_only_sync,confidence,4,qnn_5_circuit,qnn,5,circuit,0.012801106194690258,0.014532358838551031,0.014803865979381443,0.7175,0.7175,22600.0,5650.0,5
b50_lb5_k2_eps0p0025,aggregate_only_sync,confidence,4,qnn_6_circuit,qnn,6,circuit,0.010255701754385968,0.011465971313886299,0.011653654970760244,0.5725,0.5725,34200.0,8550.0,5
b50_lb5_k2_eps0p0025,aggregate_only_sync,confidence,4,qnn_7_circuit,qnn,7,circuit,0.010689074803149613,0.011104423609592542,0.011112453531598518,0.35750000000000004,0.35750000000000004,51400.0,12850.0,5
b50_lb5_k2_eps0p0025,aggregate_only_sync,confidence,4,qnn_8_circuit,qnn,8,circuit,0.007522136871508375,0.008057149180809641,0.008157414040114613,0.11250000000000004,0.11250000000000004,71000.0,17750.0,5
b50_lb5_k2_eps0p0025,aggregate_only_sync,confidence,4,qnn_9_circuit,qnn,9,circuit,0.0,0.0,0.0,0.0,0.0,80000.0,20000.0,5
b50_lb5_k2_eps0p0025,aggregate_only_sync,confidence,4,random_10_circuit,random,10,circuit,0.0,0.0,0.0,0.0,0.0,80000.0,20000.0,5
b50_lb5_k2_eps0p0025,aggregate_only_sync,confidence,4,random_11_circuit,random,11,circuit,0.0,0.0,0.0,0.0,0.0,80000.0,20000.0,5
b50_lb5_k2_eps0p0025,aggregate_only_sync,confidence,4,random_12_circuit,random,12,circuit,0.0,0.0,0.0,0.0,0.0,80000.0,20000.0,5
b50_lb5_k2_eps0p0025,aggregate_only_sync,confidence,4,random_13_circuit,random,13,circuit,0.0,0.0,0.0,0.0,0.0,80000.0,20000.0,5
b50_lb5_k2_eps0p0025,aggregate_only_sync,confidence,4,random_14_circuit,random,14,circuit,0.0,0.0,0.0,0.0,0.0,80000.0,20000.0,5
b50_lb5_k2_eps0p0025,aggregate_only_sync,confidence,4,random_15_circuit,random,15,circuit,0.0,0.0,0.0,0.0,0.0,80000.0,20000.0,5
b50_lb5_k2_eps0p0025,aggregate_only_sync,confidence,4,random_4_circuit,random,4,circuit,0.007383333333333291,0.008309166666666666,0.008428124999999991,0.85,0.85,12000.0,3000.0,5
b50_lb5_k2_eps0p0025,aggregate_only_sync,confidence,4,random_5_circuit,random,5,circuit,0.010073014018691574,0.012237720628340778,0.0126196629213483,0.745,0.745,20400.0,5100.0,5
b50_lb5_k2_eps0p0025,aggregate_only_sync,confidence,4,random_6_circuit,random,6,circuit,0.01129796511627908,0.012218294797687863,0.012241618497109827,0.5675,0.5675,34600.0,8650.0,5
b50_lb5_k2_eps0p0025,aggregate_only_sync,confidence,4,random_7_circuit,random,7,circuit,0.010291911764705897,0.01093109649122807,0.010973245614035091,0.36750000000000005,0.36750000000000005,50600.0,12650.0,5
b50_lb5_k2_eps0p0025,aggregate_only_sync,confidence,4,random_8_circuit,random,8,circuit,0.005424999999999998,0.0076545257006328405,0.007703304597701162,0.0625,0.0625,75000.0,18750.0,5
b50_lb5_k2_eps0p0025,aggregate_only_sync,confidence,4,random_9_circuit,random,9,circuit,0.0,0.0,0.0,0.0,0.0,80000.0,20000.0,5
b50_lb5_k2_eps0p0025,aggregate_only_sync,confidence,4,vqe_10_circuit,vqe,10,circuit,0.015344111570247896,0.015451136292956002,0.015472033898305097,0.7,0.7,24000.0,6000.0,5
b50_lb5_k2_eps0p0025,aggregate_only_sync,confidence,4,vqe_11_circuit,vqe,11,circuit,0.015824999999999954,0.01808386363636348,0.018207954545454364,0.7,0.7,24000.0,6000.0,5
b50_lb5_k2_eps0p0025,aggregate_only_sync,confidence,4,vqe_12_circuit,vqe,12,circuit,0.015135956790123304,0.01618065217391291,0.016357065217391168,0.61,0.61,31200.0,7800.0,5
b50_lb5_k2_eps0p0025,aggregate_only_sync,confidence,4,vqe_13_circuit,vqe,13,circuit,0.01619335106382962,0.016975117506332564,0.017083552631578822,0.53,0.53,37600.0,9400.0,5
b50_lb5_k2_eps0p0025,aggregate_only_sync,confidence,4,vqe_14_circuit,vqe,14,circuit,0.015927777777777548,0.016857335390946526,0.016933127572016565,0.39249999999999996,0.39249999999999996,48600.0,12150.0,5
b50_lb5_k2_eps0p0025,aggregate_only_sync,confidence,4,vqe_15_circuit,vqe,15,circuit,0.015564032567049963,0.016223975095785385,0.016299999999999905,0.34750000000000003,0.34750000000000003,52200.0,13050.0,5
b50_lb5_k2_eps0p0025,aggregate_only_sync,confidence,4,vqe_4_circuit,vqe,4,circuit,0.0043507352941176995,0.006215256410256458,0.006558653846153912,0.935,0.935,5200.0,1300.0,5
b50_lb5_k2_eps0p0025,aggregate_only_sync,confidence,4,vqe_5_circuit,vqe,5,circuit,0.009805851063829755,0.01341618421052631,0.01375986842105263,0.905,0.905,7600.0,1900.0,5
b50_lb5_k2_eps0p0025,aggregate_only_sync,confidence,4,vqe_6_circuit,vqe,6,circuit,0.006441346153846181,0.007814038461538473,0.00810000000000001,0.9,0.9,8000.0,2000.0,5
b50_lb5_k2_eps0p0025,aggregate_only_sync,confidence,4,vqe_7_circuit,vqe,7,circuit,0.0079184210526316,0.00869955326109179,0.008742164179104466,0.8175,0.8175,14600.0,3650.0,5
b50_lb5_k2_eps0p0025,aggregate_only_sync,confidence,4,vqe_8_circuit,vqe,8,circuit,0.010248936170212754,0.011508804347826066,0.011562499999999979,0.7725,0.7725,18200.0,4550.0,5
b50_lb5_k2_eps0p0025,aggregate_only_sync,confidence,4,vqe_9_circuit,vqe,9,circuit,0.010863563829787275,0.012551736861956255,0.012666881443298968,0.7675,0.7675,18600.0,4650.0,5
b50_lb5_k2_eps0p0025,aggregate_only_sync,confidence,5,dj_10_circuit,dj,10,circuit,0.011296236559139713,0.011296236559139713,0.011296236559139713,0.7675,0.7675,23250.0,4650.0,1
b50_lb5_k2_eps0p0025,aggregate_only_sync,confidence,5,dj_11_circuit,dj,11,circuit,0.013156725663716807,0.013156725663716807,0.013156725663716807,0.7175,0.7175,28250.0,5650.0,1
b50_lb5_k2_eps0p0025,aggregate_only_sync,confidence,5,dj_12_circuit,dj,12,circuit,0.013905151515151436,0.013905151515151436,0.013905151515151436,0.6699999999999999,0.6699999999999999,33000.0,6600.0,1
b50_lb5_k2_eps0p0025,aggregate_only_sync,confidence,5,dj_13_circuit,dj,13,circuit,0.016156567164179073,0.016156567164179073,0.016156567164179073,0.665,0.665,33500.0,6700.0,1
b50_lb5_k2_eps0p0025,aggregate_only_sync,confidence,5,dj_14_circuit,dj,14,circuit,0.015189493670885897,0.015189493670885897,0.015189493670885897,0.605,0.605,39500.0,7900.0,1
b50_lb5_k2_eps0p0025,aggregate_only_sync,confidence,5,dj_15_circuit,dj,15,circuit,0.016157978142076684,0.016157978142076684,0.016157978142076684,0.5425,0.5425,45750.0,9150.0,1
b50_lb5_k2_eps0p0025,aggregate_only_sync,confidence,5,dj_4_circuit,dj,4,circuit,0.004960000000000007,0.004960000000000007,0.004960000000000007,0.96,0.96,4000.0,800.0,1
b50_lb5_k2_eps0p0025,aggregate_only_sync,confidence,5,dj_5_circuit,dj,5,circuit,0.004496153846153927,0.004496153846153927,0.004496153846153927,0.935,0.935,6500.0,1300.0,1
b50_lb5_k2_eps0p0025,aggregate_only_sync,confidence,5,dj_6_circuit,dj,6,circuit,0.006345294117647054,0.006345294117647054,0.006345294117647054,0.915,0.915,8500.0,1700.0,1
b50_lb5_k2_eps0p0025,aggregate_only_sync,confidence,5,dj_7_circuit,dj,7,circuit,0.00899603773584903,0.00899603773584903,0.00899603773584903,0.8674999999999999,0.8674999999999999,13250.0,2650.0,1
b50_lb5_k2_eps0p0025,aggregate_only_sync,confidence,5,dj_8_circuit,dj,8,circuit,0.006860447761194006,0.006860447761194006,0.006860447761194006,0.8325,0.8325,16750.0,3350.0,1
b50_lb5_k2_eps0p0025,aggregate_only_sync,confidence,5,dj_9_circuit,dj,9,circuit,0.008772207792207753,0.008772207792207753,0.008772207792207753,0.8075,0.8075,19250.0,3850.0,1
b50_lb5_k2_eps0p0025,aggregate_only_sync,confidence,5,qaoa_10_circuit,qaoa,10,circuit,0.0,0.0,0.0,0.0,0.0,100000.0,20000.0,1
b50_lb5_k2_eps0p0025,aggregate_only_sync,confidence,5,qaoa_11_circuit,qaoa,11,circuit,0.0,0.0,0.0,0.0,0.0,100000.0,20000.0,1
b50_lb5_k2_eps0p0025,aggregate_only_sync,confidence,5,qaoa_12_circuit,qaoa,12,circuit,0.0,0.0,0.0,0.0,0.0,100000.0,20000.0,1
b50_lb5_k2_eps0p0025,aggregate_only_sync,confidence,5,qaoa_13_circuit,qaoa,13,circuit,0.0,0.0,0.0,0.0,0.0,100000.0,20000.0,1
b50_lb5_k2_eps0p0025,aggregate_only_sync,confidence,5,qaoa_14_circuit,qaoa,14,circuit,0.0,0.0,0.0,0.0,0.0,100000.0,20000.0,1
b50_lb5_k2_eps0p0025,aggregate_only_sync,confidence,5,qaoa_15_circuit,qaoa,15,circuit,0.0,0.0,0.0,0.0,0.0,100000.0,20000.0,1
b50_lb5_k2_eps0p0025,aggregate_only_sync,confidence,5,qaoa_4_circuit,qaoa,4,circuit,0.012013404255319158,0.012013404255319158,0.012013404255319158,0.8825000000000001,0.8825000000000001,11750.0,2350.0,1
b50_lb5_k2_eps0p0025,aggregate_only_sync,confidence,5,qaoa_5_circuit,qaoa,5,circuit,0.01005612244897959,0.01005612244897959,0.01005612244897959,0.755,0.755,24500.0,4900.0,1
b50_lb5_k2_eps0p0025,aggregate_only_sync,confidence,5,qaoa_6_circuit,qaoa,6,circuit,0.011592000000000022,0.011592000000000022,0.011592000000000022,0.6875,0.6875,31250.0,6250.0,1
b50_lb5_k2_eps0p0025,aggregate_only_sync,confidence,5,qaoa_7_circuit,qaoa,7,circuit,0.009836231884057975,0.009836231884057975,0.009836231884057975,0.48250000000000004,0.48250000000000004,51750.0,10350.0,1
b50_lb5_k2_eps0p0025,aggregate_only_sync,confidence,5,qaoa_8_circuit,qaoa,8,circuit,0.011108373983739848,0.011108373983739848,0.011108373983739848,0.385,0.385,61500.0,12300.0,1
b50_lb5_k2_eps0p0025,aggregate_only_sync,confidence,5,qaoa_9_circuit,qaoa,9,circuit,0.009290490797545996,0.009290490797545996,0.009290490797545996,0.18500000000000005,0.18500000000000005,81500.0,16300.0,1
b50_lb5_k2_eps0p0025,aggregate_only_sync,confidence,5,qft_10_circuit,qft,10,circuit,0.0,0.0,0.0,0.0,0.0,100000.0,20000.0,1
b50_lb5_k2_eps0p0025,aggregate_only_sync,confidence,5,qft_11_circuit,qft,11,circuit,0.0,0.0,0.0,0.0,0.0,100000.0,20000.0,1
b50_lb5_k2_eps0p0025,aggregate_only_sync,confidence,5,qft_12_circuit,qft,12,circuit,0.0,0.0,0.0,0.0,0.0,100000.0,20000.0,1
b50_lb5_k2_eps0p0025,aggregate_only_sync,confidence,5,qft_13_circuit,qft,13,circuit,0.0,0.0,0.0,0.0,0.0,100000.0,20000.0,1
b50_lb5_k2_eps0p0025,aggregate_only_sync,confidence,5,qft_14_circuit,qft,14,circuit,0.0,0.0,0.0,0.0,0.0,100000.0,20000.0,1
b50_lb5_k2_eps0p0025,aggregate_only_sync,confidence,5,qft_15_circuit,qft,15,circuit,0.0,0.0,0.0,0.0,0.0,100000.0,20000.0,1
b50_lb5_k2_eps0p0025,aggregate_only_sync,confidence,5,qft_4_circuit,qft,4,circuit,0.015555555555555576,0.015555555555555576,0.015555555555555576,0.8200000000000001,0.8200000000000001,18000.0,3600.0,1
b50_lb5_k2_eps0p0025,aggregate_only_sync,confidence,5,qft_5_circuit,qft,5,circuit,0.009659491525423723,0.009659491525423723,0.009659491525423723,0.7050000000000001,0.7050000000000001,29500.0,5900.0,1
b50_lb5_k2_eps0p0025,aggregate_only_sync,confidence,5,qft_6_circuit,qft,6,circuit,0.013553333333333332,0.013553333333333332,0.013553333333333332,0.625,0.625,37500.0,7500.0,1
b50_lb5_k2_eps0p0025,aggregate_only_sync,confidence,5,qft_7_circuit,qft,7,circuit,0.011854279475982527,0.011854279475982527,0.011854279475982527,0.4275,0.4275,57250.0,11450.0,1
b50_lb5_k2_eps0p0025,aggregate_only_sync,confidence,5,qft_8_circuit,qft,8,circuit,0.009000895522388058,0.009000895522388058,0.009000895522388058,0.16249999999999998,0.16249999999999998,83750.0,16750.0,1
b50_lb5_k2_eps0p0025,aggregate_only_sync,confidence,5,qft_9_circuit,qft,9,circuit,0.0,0.0,0.0,0.0,0.0,100000.0,20000.0,1
b50_lb5_k2_eps0p0025,aggregate_only_sync,confidence,5,qnn_10_circuit,qnn,10,circuit,0.0,0.0,0.0,0.0,0.0,100000.0,20000.0,1
b50_lb5_k2_eps0p0025,aggregate_only_sync,confidence,5,qnn_11_circuit,qnn,11,circuit,0.0,0.0,0.0,0.0,0.0,100000.0,20000.0,1
b50_lb5_k2_eps0p0025,aggregate_only_sync,confidence,5,qnn_12_circuit,qnn,12,circuit,0.0,0.0,0.0,0.0,0.0,100000.0,20000.0,1
b50_lb5_k2_eps0p0025,aggregate_only_sync,confidence,5,qnn_13_circuit,qnn,13,circuit,0.0,0.0,0.0,0.0,0.0,100000.0,20000.0,1
b50_lb5_k2_eps0p0025,aggregate_only_sync,confidence,5,qnn_14_circuit,qnn,14,circuit,0.0,0.0,0.0,0.0,0.0,100000.0,20000.0,1
b50_lb5_k2_eps0p0025,aggregate_only_sync,confidence,5,qnn_15_circuit,qnn,15,circuit,0.0,0.0,0.0,0.0,0.0,100000.0,20000.0,1
b50_lb5_k2_eps0p0025,aggregate_only_sync,confidence,5,qnn_4_circuit,qnn,4,circuit,0.0101144155844156,0.0101144155844156,0.0101144155844156,0.8075,0.8075,19250.0,3850.0,1
b50_lb5_k2_eps0p0025,aggregate_only_sync,confidence,5,qnn_5_circuit,qnn,5,circuit,0.012456666666666647,0.012456666666666647,0.012456666666666647,0.76,0.76,24000.0,4800.0,1
b50_lb5_k2_eps0p0025,aggregate_only_sync,confidence,5,qnn_6_circuit,qnn,6,circuit,0.013243661971831001,0.013243661971831001,0.013243661971831001,0.645,0.645,35500.0,7100.0,1
b50_lb5_k2_eps0p0025,aggregate_only_sync,confidence,5,qnn_7_circuit,qnn,7,circuit,0.009501138211382118,0.009501138211382118,0.009501138211382118,0.385,0.385,61500.0,12300.0,1
b50_lb5_k2_eps0p0025,aggregate_only_sync,confidence,5,qnn_8_circuit,qnn,8,circuit,0.0072641379310344825,0.0072641379310344825,0.0072641379310344825,0.13,0.13,87000.0,17400.0,1
b50_lb5_k2_eps0p0025,aggregate_only_sync,confidence,5,qnn_9_circuit,qnn,9,circuit,0.0,0.0,0.0,0.0,0.0,100000.0,20000.0,1
b50_lb5_k2_eps0p0025,aggregate_only_sync,confidence,5,random_10_circuit,random,10,circuit,0.0,0.0,0.0,0.0,0.0,100000.0,20000.0,1
b50_lb5_k2_eps0p0025,aggregate_only_sync,confidence,5,random_11_circuit,random,11,circuit,0.0,0.0,0.0,0.0,0.0,100000.0,20000.0,1
b50_lb5_k2_eps0p0025,aggregate_only_sync,confidence,5,random_12_circuit,random,12,circuit,0.0,0.0,0.0,0.0,0.0,100000.0,20000.0,1
b50_lb5_k2_eps0p0025,aggregate_only_sync,confidence,5,random_13_circuit,random,13,circuit,0.0,0.0,0.0,0.0,0.0,100000.0,20000.0,1
b50_lb5_k2_eps0p0025,aggregate_only_sync,confidence,5,random_14_circuit,random,14,circuit,0.0,0.0,0.0,0.0,0.0,100000.0,20000.0,1
b50_lb5_k2_eps0p0025,aggregate_only_sync,confidence,5,random_15_circuit,random,15,circuit,0.0,0.0,0.0,0.0,0.0,100000.0,20000.0,1
b50_lb5_k2_eps0p0025,aggregate_only_sync,confidence,5,random_4_circuit,random,4,circuit,0.006626666666666701,0.006626666666666701,0.006626666666666701,0.85,0.85,15000.0,3000.0,1
b50_lb5_k2_eps0p0025,aggregate_only_sync,confidence,5,random_5_circuit,random,5,circuit,0.009314494382022455,0.009314494382022455,0.009314494382022455,0.7775,0.7775,22250.0,4450.0,1
b50_lb5_k2_eps0p0025,aggregate_only_sync,confidence,5,random_6_circuit,random,6,circuit,0.009688139534883716,0.009688139534883716,0.009688139534883716,0.5700000000000001,0.5700000000000001,43000.0,8600.0,1
b50_lb5_k2_eps0p0025,aggregate_only_sync,confidence,5,random_7_circuit,random,7,circuit,0.009576814159292029,0.009576814159292029,0.009576814159292029,0.43500000000000005,0.43500000000000005,56500.0,11300.0,1
b50_lb5_k2_eps0p0025,aggregate_only_sync,confidence,5,random_8_circuit,random,8,circuit,0.008650120481927717,0.008650120481927717,0.008650120481927717,0.17000000000000004,0.17000000000000004,83000.0,16600.0,1
b50_lb5_k2_eps0p0025,aggregate_only_sync,confidence,5,random_9_circuit,random,9,circuit,0.0,0.0,0.0,0.0,0.0,100000.0,20000.0,1
b50_lb5_k2_eps0p0025,aggregate_only_sync,confidence,5,vqe_10_circuit,vqe,10,circuit,0.015201376146788891,0.015201376146788891,0.015201376146788891,0.7275,0.7275,27250.0,5450.0,1
b50_lb5_k2_eps0p0025,aggregate_only_sync,confidence,5,vqe_11_circuit,vqe,11,circuit,0.016540270270270413,0.016540270270270413,0.016540270270270413,0.7224999999999999,0.7224999999999999,27750.0,5550.0,1
b50_lb5_k2_eps0p0025,aggregate_only_sync,confidence,5,vqe_12_circuit,vqe,12,circuit,0.014780802919707898,0.014780802919707898,0.014780802919707898,0.6575,0.6575,34250.0,6850.0,1
b50_lb5_k2_eps0p0025,aggregate_only_sync,confidence,5,vqe_13_circuit,vqe,13,circuit,0.014705319148935931,0.014705319148935931,0.014705319148935931,0.53,0.53,47000.0,9400.0,1
b50_lb5_k2_eps0p0025,aggregate_only_sync,confidence,5,vqe_14_circuit,vqe,14,circuit,0.015335720164609061,0.015335720164609061,0.015335720164609061,0.39249999999999996,0.39249999999999996,60750.0,12150.0,1
b50_lb5_k2_eps0p0025,aggregate_only_sync,confidence,5,vqe_15_circuit,vqe,15,circuit,0.01591443037974693,0.01591443037974693,0.01591443037974693,0.4075,0.4075,59250.0,11850.0,1
b50_lb5_k2_eps0p0025,aggregate_only_sync,confidence,5,vqe_4_circuit,vqe,4,circuit,0.004272222222222246,0.004272222222222246,0.004272222222222246,0.955,0.955,4500.0,900.0,1
b50_lb5_k2_eps0p0025,aggregate_only_sync,confidence,5,vqe_5_circuit,vqe,5,circuit,0.010196842105263094,0.010196842105263094,0.010196842105263094,0.905,0.905,9500.0,1900.0,1
b50_lb5_k2_eps0p0025,aggregate_only_sync,confidence,5,vqe_6_circuit,vqe,6,circuit,0.005258717948718032,0.005258717948718032,0.005258717948718032,0.9025,0.9025,9750.0,1950.0,1
b50_lb5_k2_eps0p0025,aggregate_only_sync,confidence,5,vqe_7_circuit,vqe,7,circuit,0.012231111111111082,0.012231111111111082,0.012231111111111082,0.8875,0.8875,11250.0,2250.0,1
b50_lb5_k2_eps0p0025,aggregate_only_sync,confidence,5,vqe_8_circuit,vqe,8,circuit,0.008812921348314639,0.008812921348314639,0.008812921348314639,0.7775,0.7775,22250.0,4450.0,1
b50_lb5_k2_eps0p0025,aggregate_only_sync,confidence,5,vqe_9_circuit,vqe,9,circuit,0.010071707317073141,0.010071707317073141,0.010071707317073141,0.795,0.795,20500.0,4100.0,1
b50_lb5_k2_eps0p0025,aggregate_only_sync,shot_proportional,1,dj_10_circuit,dj,10,circuit,0.014354644808743234,0.01730949685534596,0.017799371069182453,0.6025,0.6025,7950.0,7950.0,5
b50_lb5_k2_eps0p0025,aggregate_only_sync,shot_proportional,1,dj_11_circuit,dj,11,circuit,0.013675837320574166,0.017057145581691087,0.017657692307692353,0.48,0.48,10400.0,10400.0,5
b50_lb5_k2_eps0p0025,aggregate_only_sync,shot_proportional,1,dj_12_circuit,dj,12,circuit,0.01617272727272731,0.017745191760401176,0.01811914893617025,0.4125,0.4125,11750.0,11750.0,5
b50_lb5_k2_eps0p0025,aggregate_only_sync,shot_proportional,1,dj_13_circuit,dj,13,circuit,0.017601162790697702,0.018326928092654304,0.01843091286307062,0.39749999999999996,0.39749999999999996,12050.0,12050.0,5
b50_lb5_k2_eps0p0025,aggregate_only_sync,shot_proportional,1,dj_14_circuit,dj,14,circuit,0.015445296167247562,0.019148183846773664,0.019911085972850646,0.2825,0.2825,14350.0,14350.0,5
b50_lb5_k2_eps0p0025,aggregate_only_sync,shot_proportional,1,dj_15_circuit,dj,15,circuit,0.013638343558282175,0.01724260838663828,0.017562189054726413,0.18500000000000005,0.18500000000000005,16300.0,16300.0,5
b50_lb5_k2_eps0p0025,aggregate_only_sync,shot_proportional,1,dj_4_circuit,dj,4,circuit,0.006033783783783786,0.007393450292397641,0.007697368421052611,0.92,0.92,1600.0,1600.0,5
b50_lb5_k2_eps0p0025,aggregate_only_sync,shot_proportional,1,dj_5_circuit,dj,5,circuit,0.0066500000000000075,0.00855038277511964,0.008663636363636392,0.88,0.88,2400.0,2400.0,5
b50_lb5_k2_eps0p0025,aggregate_only_sync,shot_proportional,1,dj_6_circuit,dj,6,circuit,0.008900000000000016,0.014930524876981956,0.015537096774193546,0.845,0.845,3100.0,3100.0,5
b50_lb5_k2_eps0p0025,aggregate_only_sync,shot_proportional,1,dj_7_circuit,dj,7,circuit,0.011137864077669882,0.014313083853083863,0.014985585585585597,0.7725,0.7725,4550.0,4550.0,5
b50_lb5_k2_eps0p0025,aggregate_only_sync,shot_proportional,1,dj_8_circuit,dj,8,circuit,0.010581751824817532,0.018252538636783458,0.01850963302752295,0.7275,0.7275,5450.0,5450.0,5
b50_lb5_k2_eps0p0025,aggregate_only_sync,shot_proportional,1,dj_9_circuit,dj,9,circuit,0.013882748538011722,0.016321727140783737,0.016737735849056586,0.6025,0.6025,7950.0,7950.0,5
b50_lb5_k2_eps0p0025,aggregate_only_sync,shot_proportional,1,qaoa_10_circuit,qaoa,10,circuit,0.0,0.0,0.0,0.0,0.0,20000.0,20000.0,5
b50_lb5_k2_eps0p0025,aggregate_only_sync,shot_proportional,1,qaoa_11_circuit,qaoa,11,circuit,0.0,0.0,0.0,0.0,0.0,20000.0,20000.0,5
b50_lb5_k2_eps0p0025,aggregate_only_sync,shot_proportional,1,qaoa_12_circuit,qaoa,12,circuit,0.0,0.0,0.0,0.0,0.0,20000.0,20000.0,5
b50_lb5_k2_eps0p0025,aggregate_only_sync,shot_proportional,1,qaoa_13_circuit,qaoa,13,circuit,0.0,0.0,0.0,0.0,0.0,20000.0,20000.0,5
b50_lb5_k2_eps0p0025,aggregate_only_sync,shot_proportional,1,qaoa_14_circuit,qaoa,14,circuit,0.0,0.0,0.0,0.0,0.0,20000.0,20000.0,5
b50_lb5_k2_eps0p0025,aggregate_only_sync,shot_proportional,1,qaoa_15_circuit,qaoa,15,circuit,0.0,0.0,0.0,0.0,0.0,20000.0,20000.0,5
b50_lb5_k2_eps0p0025,aggregate_only_sync,shot_proportional,1,qaoa_4_circuit,qaoa,4,circuit,0.011933333333333348,0.015659369369369357,0.01573333333333332,0.775,0.775,4500.0,4500.0,5
b50_lb5_k2_eps0p0025,aggregate_only_sync,shot_proportional,1,qaoa_5_circuit,qaoa,5,circuit,0.013404166666666663,0.015785502273996655,0.01613278145695365,0.585,0.585,8300.0,8300.0,5
b50_lb5_k2_eps0p0025,aggregate_only_sync,shot_proportional,1,qaoa_6_circuit,qaoa,6,circuit,0.010798630136986303,0.01302153538384597,0.01356451612903227,0.27,0.27,14600.0,14600.0,5
b50_lb5_k2_eps0p0025,aggregate_only_sync,shot_proportional,1,qaoa_7_circuit,qaoa,7,circuit,0.0,0.007250842984899578,0.0074214484679665784,0.0,0.0,20000.0,20000.0,5
b50_lb5_k2_eps0p0025,aggregate_only_sync,shot_proportional,1,qaoa_8_circuit,qaoa,8,circuit,0.0,0.0,0.0,0.0,0.0,20000.0,20000.0,5
b50_lb5_k2_eps0p0025,aggregate_only_sync,shot_proportional,1,qaoa_9_circuit,qaoa,9,circuit,0.0,0.0,0.0,0.0,0.0,20000.0,20000.0,5
b50_lb5_k2_eps0p0025,aggregate_only_sync,shot_proportional,1,qft_10_circuit,qft,10,circuit,0.0,0.0,0.0,0.0,0.0,20000.0,20000.0,5
b50_lb5_k2_eps0p0025,aggregate_only_sync,shot_proportional,1,qft_11_circuit,qft,11,circuit,0.0,0.0,0.0,0.0,0.0,20000.0,20000.0,5
b50_lb5_k2_eps0p0025,aggregate_only_sync,shot_proportional,1,qft_12_circuit,qft,12,circuit,0.0,0.0,0.0,0.0,0.0,20000.0,20000.0,5
b50_lb5_k2_eps0p0025,aggregate_only_sync,shot_proportional,1,qft_13_circuit,qft,13,circuit,0.0,0.0,0.0,0.0,0.0,20000.0,20000.0,5
b50_lb5_k2_eps0p0025,aggregate_only_sync,shot_proportional,1,qft_14_circuit,qft,14,circuit,0.0,0.0,0.0,0.0,0.0,20000.0,20000.0,5
b50_lb5_k2_eps0p0025,aggregate_only_sync,shot_proportional,1,qft_15_circuit,qft,15,circuit,0.0,0.0,0.0,0.0,0.0,20000.0,20000.0,5
b50_lb5_k2_eps0p0025,aggregate_only_sync,shot_proportional,1,qft_4_circuit,qft,4,circuit,0.013286363636363655,0.014723665262068456,0.01507155688622755,0.5825,0.5825,8350.0,8350.0,5
b50_lb5_k2_eps0p0025,aggregate_only_sync,shot_proportional,1,qft_5_circuit,qft,5,circuit,0.012215447154471547,0.015043536749419101,0.015381447963800901,0.38,0.38,12400.0,12400.0,5
b50_lb5_k2_eps0p0025,aggregate_only_sync,shot_proportional,1,qft_6_circuit,qft,6,circuit,0.008364942528735634,0.008737663207342875,0.008760662824207496,0.13,0.13,17400.0,17400.0,5
b50_lb5_k2_eps0p0025,aggregate_only_sync,shot_proportional,1,qft_7_circuit,qft,7,circuit,0.0,0.0,0.0,0.0,0.0,20000.0,20000.0,5
b50_lb5_k2_eps0p0025,aggregate_only_sync,shot_proportional,1,qft_8_circuit,qft,8,circuit,0.0,0.0,0.0,0.0,0.0,20000.0,20000.0,5
b50_lb5_k2_eps0p0025,aggregate_only_sync,shot_proportional,1,qft_9_circuit,qft,9,circuit,0.0,0.0,0.0,0.0,0.0,20000.0,20000.0,5
b50_lb5_k2_eps0p0025,aggregate_only_sync,shot_proportional,1,qnn_10_circuit,qnn,10,circuit,0.0,0.0,0.0,0.0,0.0,20000.0,20000.0,5
b50_lb5_k2_eps0p0025,aggregate_only_sync,shot_proportional,1,qnn_11_circuit,qnn,11,circuit,0.0,0.0,0.0,0.0,0.0,20000.0,20000.0,5
b50_lb5_k2_eps0p0025,aggregate_only_sync,shot_proportional,1,qnn_12_circuit,qnn,12,circuit,0.0,0.0,0.0,0.0,0.0,20000.0,20000.0,5
b50_lb5_k2_eps0p0025,aggregate_only_sync,shot_proportional,1,qnn_13_circuit,qnn,13,circuit,0.0,0.0,0.0,0.0,0.0,20000.0,20000.0,5
b50_lb5_k2_eps0p0025,aggregate_only_sync,shot_proportional,1,qnn_14_circuit,qnn,14,circuit,0.0,0.0,0.0,0.0,0.0,20000.0,20000.0,5
b50_lb5_k2_eps0p0025,aggregate_only_sync,shot_proportional,1,qnn_15_circuit,qnn,15,circuit,0.0,0.0,0.0,0.0,0.0,20000.0,20000.0,5
b50_lb5_k2_eps0p0025,aggregate_only_sync,shot_proportional,1,qnn_4_circuit,qnn,4,circuit,0.01573111888111888,0.017445113519322906,0.017554014598540134,0.6575,0.6575,6850.0,6850.0,5
b50_lb5_k2_eps0p0025,aggregate_only_sync,shot_proportional,1,qnn_5_circuit,qnn,5,circuit,0.012733333333333324,0.014437704564870186,0.014766396761133605,0.41000000000000003,0.41000000000000003,11800.0,11800.0,5
b50_lb5_k2_eps0p0025,aggregate_only_sync,shot_proportional,1,qnn_6_circuit,qnn,6,circuit,0.00909242424242425,0.012296783216783225,0.012740209790209798,0.19499999999999995,0.19499999999999995,16100.0,16100.0,5
b50_lb5_k2_eps0p0025,aggregate_only_sync,shot_proportional,1,qnn_7_circuit,qnn,7,circuit,0.0,0.0,0.0,0.0,0.0,20000.0,20000.0,5
b50_lb5_k2_eps0p0025,aggregate_only_sync,shot_proportional,1,qnn_8_circuit,qnn,8,circuit,0.0,0.0,0.0,0.0,0.0,20000.0,20000.0,5
b50_lb5_k2_eps0p0025,aggregate_only_sync,shot_proportional,1,qnn_9_circuit,qnn,9,circuit,0.0,0.0,0.0,0.0,0.0,20000.0,20000.0,5
b50_lb5_k2_eps0p0025,aggregate_only_sync,shot_proportional,1,random_10_circuit,random,10,circuit,0.0,0.0,0.0,0.0,0.0,20000.0,20000.0,5
b50_lb5_k2_eps0p0025,aggregate_only_sync,shot_proportional,1,random_11_circuit,random,11,circuit,0.0,0.0,0.0,0.0,0.0,20000.0,20000.0,5
b50_lb5_k2_eps0p0025,aggregate_only_sync,shot_proportional,1,random_12_circuit,random,12,circuit,0.0,0.0,0.0,0.0,0.0,20000.0,20000.0,5
b50_lb5_k2_eps0p0025,aggregate_only_sync,shot_proportional,1,random_13_circuit,random,13,circuit,0.0,0.0,0.0,0.0,0.0,20000.0,20000.0,5
b50_lb5_k2_eps0p0025,aggregate_only_sync,shot_proportional,1,random_14_circuit,random,14,circuit,0.0,0.0,0.0,0.0,0.0,20000.0,20000.0,5
b50_lb5_k2_eps0p0025,aggregate_only_sync,shot_proportional,1,random_15_circuit,random,15,circuit,0.0,0.0,0.0,0.0,0.0,20000.0,20000.0,5
b50_lb5_k2_eps0p0025,aggregate_only_sync,shot_proportional,1,random_4_circuit,random,4,circuit,0.010995454545454569,0.014819369369369378,0.015350000000000011,0.6825,0.6825,6350.0,6350.0,5
b50_lb5_k2_eps0p0025,aggregate_only_sync,shot_proportional,1,random_5_circuit,random,5,circuit,0.011512130177514778,0.01364114742193173,0.013828395061728387,0.5775,0.5775,8450.0,8450.0,5
b50_lb5_k2_eps0p0025,aggregate_only_sync,shot_proportional,1,random_6_circuit,random,6,circuit,0.00913095238095238,0.011042893432854552,0.011155369127516787,0.19499999999999995,0.19499999999999995,16100.0,16100.0,5
b50_lb5_k2_eps0p0025,aggregate_only_sync,shot_proportional,1,random_7_circuit,random,7,circuit,0.0,0.0,0.0,0.0,0.0,20000.0,20000.0,5
b50_lb5_k2_eps0p0025,aggregate_only_sync,shot_proportional,1,random_8_circuit,random,8,circuit,0.0,0.0,0.0,0.0,0.0,20000.0,20000.0,5
b50_lb5_k2_eps0p0025,aggregate_only_sync,shot_proportional,1,random_9_circuit,random,9,circuit,0.0,0.0,0.0,0.0,0.0,20000.0,20000.0,5
b50_lb5_k2_eps0p0025,aggregate_only_sync,shot_proportional,1,vqe_10_circuit,vqe,10,circuit,0.017350000000000088,0.021091515637530117,0.02186206896551728,0.5,0.5,10000.0,10000.0,5
b50_lb5_k2_eps0p0025,aggregate_only_sync,shot_proportional,1,vqe_11_circuit,vqe,11,circuit,0.014976991150442466,0.018357234042553176,0.018434042553191463,0.43500000000000005,0.43500000000000005,11300.0,11300.0,5
b50_lb5_k2_eps0p0025,aggregate_only_sync,shot_proportional,1,vqe_12_circuit,vqe,12,circuit,0.015366788321167977,0.019295351141749278,0.020063507109004782,0.47250000000000003,0.47250000000000003,10550.0,10550.0,5
b50_lb5_k2_eps0p0025,aggregate_only_sync,shot_proportional,1,vqe_13_circuit,vqe,13,circuit,0.010098882681564256,0.019523434753211766,0.020461764705882506,0.10499999999999998,0.10499999999999998,17900.0,17900.0,5
b50_lb5_k2_eps0p0025,aggregate_only_sync,shot_proportional,1,vqe_14_circuit,vqe,14,circuit,0.0,0.017224392614188632,0.018683333333333434,0.0,0.0,20000.0,20000.0,5
b50_lb5_k2_eps0p0025,aggregate_only_sync,shot_proportional,1,vqe_15_circuit,vqe,15,circuit,0.0,0.01309117903604576,0.015205035971223016,0.0,0.0,20000.0,20000.0,5
b50_lb5_k2_eps0p0025,aggregate_only_sync,shot_proportional,1,vqe_4_circuit,vqe,4,circuit,0.006288235294117608,0.010405588972431098,0.010942105263157921,0.905,0.905,1900.0,1900.0,5
b50_lb5_k2_eps0p0025,aggregate_only_sync,shot_proportional,1,vqe_5_circuit,vqe,5,circuit,0.011348101265822797,0.015283492063492074,0.016165079365079382,0.825,0.825,3500.0,3500.0,5
b50_lb5_k2_eps0p0025,aggregate_only_sync,shot_proportional,1,vqe_6_circuit,vqe,6,circuit,0.010297368421052661,0.014604357398873523,0.015637301587301575,0.845,0.845,3100.0,3100.0,5
b50_lb5_k2_eps0p0025,aggregate_only_sync,shot_proportional,1,vqe_7_circuit,vqe,7,circuit,0.012683027522935804,0.014810000000000025,0.015316666666666685,0.73,0.73,5400.0,5400.0,5
b50_lb5_k2_eps0p0025,aggregate_only_sync,shot_proportional,1,vqe_8_circuit,vqe,8,circuit,0.015262189054726373,0.01778658791419679,0.018078625954198492,0.6575,0.6575,6850.0,6850.0,5
b50_lb5_k2_eps0p0025,aggregate_only_sync,shot_proportional,1,vqe_9_circuit,vqe,9,circuit,0.016044134078212303,0.01833496855345914,0.018883333333333353,0.6025,0.6025,7950.0,7950.0,5
b50_lb5_k2_eps0p0025,aggregate_only_sync,shot_proportional,2,dj_10_circuit,dj,10,circuit,0.013570437877480605,0.01556012446873105,0.01623703703703701,0.67375,0.67375,13050.0,6525.0,10
b50_lb5_k2_eps0p0025,aggregate_only_sync,shot_proportional,2,dj_11_circuit,dj,11,circuit,0.014710365978327582,0.015903264650189323,0.01635948275862068,0.62125,0.62125,15150.0,7575.0,10
b50_lb5_k2_eps0p0025,aggregate_only_sync,shot_proportional,2,dj_12_circuit,dj,12,circuit,0.01556384508348796,0.01745540110356532,0.01786495215310999,0.55,0.55,18000.0,9000.0,10
b50_lb5_k2_eps0p0025,aggregate_only_sync,shot_proportional,2,dj_13_circuit,dj,13,circuit,0.015882859966708338,0.017437678571428455,0.017857142857142665,0.53625,0.53625,18550.0,9275.0,10
b50_lb5_k2_eps0p0025,aggregate_only_sync,shot_proportional,2,dj_14_circuit,dj,14,circuit,0.01605644863266812,0.01851570799201473,0.019244095477386855,0.4325,0.4325,22700.0,11350.0,10
b50_lb5_k2_eps0p0025,aggregate_only_sync,shot_proportional,2,dj_15_circuit,dj,15,circuit,0.015431650731158462,0.018185731203721023,0.018792139737990994,0.34249999999999997,0.34249999999999997,26300.0,13150.0,10
b50_lb5_k2_eps0p0025,aggregate_only_sync,shot_proportional,2,dj_4_circuit,dj,4,circuit,0.00521011904761904,0.00851875,0.009849999999999939,0.9475,0.9475,2100.0,1050.0,10
b50_lb5_k2_eps0p0025,aggregate_only_sync,shot_proportional,2,dj_5_circuit,dj,5,circuit,0.0056914898132427675,0.007397884615384646,0.0076211538461538764,0.90625,0.90625,3750.0,1875.0,10
b50_lb5_k2_eps0p0025,aggregate_only_sync,shot_proportional,2,dj_6_circuit,dj,6,circuit,0.008191902645721363,0.009783663793103421,0.010524999999999998,0.85375,0.85375,5850.0,2925.0,10
b50_lb5_k2_eps0p0025,aggregate_only_sync,shot_proportional,2,dj_7_circuit,dj,7,circuit,0.009856060606060646,0.012827770270270275,0.013175000000000006,0.8200000000000001,0.8200000000000001,7200.0,3600.0,10
b50_lb5_k2_eps0p0025,aggregate_only_sync,shot_proportional,2,dj_8_circuit,dj,8,circuit,0.01079898989898991,0.013374712885154051,0.014323809523809518,0.7725,0.7725,9100.0,4550.0,10
b50_lb5_k2_eps0p0025,aggregate_only_sync,shot_proportional,2,dj_9_circuit,dj,9,circuit,0.012152491492464786,0.01385493990384613,0.014140625,0.7275,0.7275,10900.0,5450.0,10
b50_lb5_k2_eps0p0025,aggregate_only_sync,shot_proportional,2,qaoa_10_circuit,qaoa,10,circuit,0.0,0.0,0.0,0.0,0.0,40000.0,20000.0,10
b50_lb5_k2_eps0p0025,aggregate_only_sync,shot_proportional,2,qaoa_11_circuit,qaoa,11,circuit,0.0,0.0,0.0,0.0,0.0,40000.0,20000.0,10
b50_lb5_k2_eps0p0025,aggregate_only_sync,shot_proportional,2,qaoa_12_circuit,qaoa,12,circuit,0.0,0.0,0.0,0.0,0.0,40000.0,20000.0,10
b50_lb5_k2_eps0p0025,aggregate_only_sync,shot_proportional,2,qaoa_13_circuit,qaoa,13,circuit,0.0,0.0,0.0,0.0,0.0,40000.0,20000.0,10
b50_lb5_k2_eps0p0025,aggregate_only_sync,shot_proportional,2,qaoa_14_circuit,qaoa,14,circuit,0.0,0.0,0.0,0.0,0.0,40000.0,20000.0,10
b50_lb5_k2_eps0p0025,aggregate_only_sync,shot_proportional,2,qaoa_15_circuit,qaoa,15,circuit,0.0,0.0,0.0,0.0,0.0,40000.0,20000.0,10
b50_lb5_k2_eps0p0025,aggregate_only_sync,shot_proportional,2,qaoa_4_circuit,qaoa,4,circuit,0.01064593081887857,0.013225757020756996,0.013967460317460314,0.845,0.845,6200.0,3100.0,10
b50_lb5_k2_eps0p0025,aggregate_only_sync,shot_proportional,2,qaoa_5_circuit,qaoa,5,circuit,0.0127315476190476,0.014660216090425515,0.01522340425531913,0.67125,0.67125,13150.0,6575.0,10
b50_lb5_k2_eps0p0025,aggregate_only_sync,shot_proportional,2,qaoa_6_circuit,qaoa,6,circuit,0.011866366832092653,0.014409541420118332,0.014918181818181813,0.51,0.51,19600.0,9800.0,10
b50_lb5_k2_eps0p0025,aggregate_only_sync,shot_proportional,2,qaoa_7_circuit,qaoa,7,circuit,0.009827619080179251,0.012092705602641175,0.012538356164383568,0.22875,0.22875,30850.0,15425.0,10
b50_lb5_k2_eps0p0025,aggregate_only_sync,shot_proportional,2,qaoa_8_circuit,qaoa,8,circuit,0.0067593806921675955,0.009265756027760873,0.009326183431952649,0.09249999999999997,0.09249999999999997,36300.0,18150.0,10
b50_lb5_k2_eps0p0025,aggregate_only_sync,shot_proportional,2,qaoa_9_circuit,qaoa,9,circuit,0.0,0.0,0.0,0.0,0.0,40000.0,20000.0,10
b50_lb5_k2_eps0p0025,aggregate_only_sync,shot_proportional,2,qft_10_circuit,qft,10,circuit,0.0,0.0,0.0,0.0,0.0,40000.0,20000.0,10
b50_lb5_k2_eps0p0025,aggregate_only_sync,shot_proportional,2,qft_11_circuit,qft,11,circuit,0.0,0.0,0.0,0.0,0.0,40000.0,20000.0,10
b50_lb5_k2_eps0p0025,aggregate_only_sync,shot_proportional,2,qft_12_circuit,qft,12,circuit,0.0,0.0,0.0,0.0,0.0,40000.0,20000.0,10
b50_lb5_k2_eps0p0025,aggregate_only_sync,shot_proportional,2,qft_13_circuit,qft,13,circuit,0.0,0.0,0.0,0.0,0.0,40000.0,20000.0,10
b50_lb5_k2_eps0p0025,aggregate_only_sync,shot_proportional,2,qft_14_circuit,qft,14,circuit,0.0,0.0,0.0,0.0,0.0,40000.0,20000.0,10
b50_lb5_k2_eps0p0025,aggregate_only_sync,shot_proportional,2,qft_15_circuit,qft,15,circuit,0.0,0.0,0.0,0.0,0.0,40000.0,20000.0,10
b50_lb5_k2_eps0p0025,aggregate_only_sync,shot_proportional,2,qft_4_circuit,qft,4,circuit,0.013186917372881371,0.01773708073727933,0.01888611111111111,0.70875,0.70875,11650.0,5825.0,10
b50_lb5_k2_eps0p0025,aggregate_only_sync,shot_proportional,2,qft_5_circuit,qft,5,circuit,0.012947067901234555,0.014690919312169308,0.014950661375661374,0.56125,0.56125,17550.0,8775.0,10
b50_lb5_k2_eps0p0025,aggregate_only_sync,shot_proportional,2,qft_6_circuit,qft,6,circuit,0.01188659005160074,0.013610893353002428,0.013635820895522382,0.33875,0.33875,26450.0,13225.0,10
b50_lb5_k2_eps0p0025,aggregate_only_sync,shot_proportional,2,qft_7_circuit,qft,7,circuit,0.002839720812182739,0.007455779231360131,0.0077983193277310885,0.015000000000000013,0.015000000000000013,39400.0,19700.0,10
b50_lb5_k2_eps0p0025,aggregate_only_sync,shot_proportional,2,qft_8_circuit,qft,8,circuit,0.0,0.0,0.0,0.0,0.0,40000.0,20000.0,10
b50_lb5_k2_eps0p0025,aggregate_only_sync,shot_proportional,2,qft_9_circuit,qft,9,circuit,0.0,0.0,0.0,0.0,0.0,40000.0,20000.0,10
b50_lb5_k2_eps0p0025,aggregate_only_sync,shot_proportional,2,qnn_10_circuit,qnn,10,circuit,0.0,0.0,0.0,0.0,0.0,40000.0,20000.0,10
b50_lb5_k2_eps0p0025,aggregate_only_sync,shot_proportional,2,qnn_11_circuit,qnn,11,circuit,0.0,0.0,0.0,0.0,0.0,40000.0,20000.0,10
b50_lb5_k2_eps0p0025,aggregate_only_sync,shot_proportional,2,qnn_12_circuit,qnn,12,circuit,0.0,0.0,0.0,0.0,0.0,40000.0,20000.0,10
b50_lb5_k2_eps0p0025,aggregate_only_sync,shot_proportional,2,qnn_13_circuit,qnn,13,circuit,0.0,0.0,0.0,0.0,0.0,40000.0,20000.0,10
b50_lb5_k2_eps0p0025,aggregate_only_sync,shot_proportional,2,qnn_14_circuit,qnn,14,circuit,0.0,0.0,0.0,0.0,0.0,40000.0,20000.0,10
b50_lb5_k2_eps0p0025,aggregate_only_sync,shot_proportional,2,qnn_15_circuit,qnn,15,circuit,0.0,0.0,0.0,0.0,0.0,40000.0,20000.0,10
b50_lb5_k2_eps0p0025,aggregate_only_sync,shot_proportional,2,qnn_4_circuit,qnn,4,circuit,0.01170157337128397,0.014205543394777266,0.014281182795698916,0.7649999999999999,0.7649999999999999,9400.0,4700.0,10
b50_lb5_k2_eps0p0025,aggregate_only_sync,shot_proportional,2,qnn_5_circuit,qnn,5,circuit,0.013180448717948724,0.01619916551066413,0.016463356164383568,0.6074999999999999,0.6074999999999999,15700.0,7850.0,10
b50_lb5_k2_eps0p0025,aggregate_only_sync,shot_proportional,2,qnn_6_circuit,qnn,6,circuit,0.011574999999999988,0.014025488758081617,0.014566279069767422,0.43000000000000005,0.43000000000000005,22800.0,11400.0,10
b50_lb5_k2_eps0p0025,aggregate_only_sync,shot_proportional,2,qnn_7_circuit,qnn,7,circuit,0.0063346075527582375,0.00686376393722174,0.006955710306406688,0.08250000000000002,0.08250000000000002,36700.0,18350.0,10
b50_lb5_k2_eps0p0025,aggregate_only_sync,shot_proportional,2,qnn_8_circuit,qnn,8,circuit,0.0,0.0,0.0,0.0,0.0,40000.0,20000.0,10
b50_lb5_k2_eps0p0025,aggregate_only_sync,shot_proportional,2,qnn_9_circuit,qnn,9,circuit,0.0,0.0,0.0,0.0,0.0,40000.0,20000.0,10
b50_lb5_k2_eps0p0025,aggregate_only_sync,shot_proportional,2,random_10_circuit,random,10,circuit,0.0,0.0,0.0,0.0,0.0,40000.0,20000.0,10
b50_lb5_k2_eps0p0025,aggregate_only_sync,shot_proportional,2,random_11_circuit,random,11,circuit,0.0,0.0,0.0,0.0,0.0,40000.0,20000.0,10
b50_lb5_k2_eps0p0025,aggregate_only_sync,shot_proportional,2,random_12_circuit,random,12,circuit,0.0,0.0,0.0,0.0,0.0,40000.0,20000.0,10
b50_lb5_k2_eps0p0025,aggregate_only_sync,shot_proportional,2,random_13_circuit,random,13,circuit,0.0,0.0,0.0,0.0,0.0,40000.0,20000.0,10
b50_lb5_k2_eps0p0025,aggregate_only_sync,shot_proportional,2,random_14_circuit,random,14,circuit,0.0,0.0,0.0,0.0,0.0,40000.0,20000.0,10
b50_lb5_k2_eps0p0025,aggregate_only_sync,shot_proportional,2,random_15_circuit,random,15,circuit,0.0,0.0,0.0,0.0,0.0,40000.0,20000.0,10
b50_lb5_k2_eps0p0025,aggregate_only_sync,shot_proportional,2,random_4_circuit,random,4,circuit,0.007006129877693635,0.010859973667579528,0.010864893617021264,0.7637499999999999,0.7637499999999999,9450.0,4725.0,10
b50_lb5_k2_eps0p0025,aggregate_only_sync,shot_proportional,2,random_5_circuit,random,5,circuit,0.012805828779599264,0.015117904135338353,0.01639642857142858,0.6875,0.6875,12500.0,6250.0,10
b50_lb5_k2_eps0p0025,aggregate_only_sync,shot_proportional,2,random_6_circuit,random,6,circuit,0.011228206391529483,0.013546613876319754,0.014723039215686273,0.41750000000000004,0.41750000000000004,23300.0,11650.0,10
b50_lb5_k2_eps0p0025,aggregate_only_sync,shot_proportional,2,random_7_circuit,random,7,circuit,0.0068333728892693135,0.010754623459607487,0.011142172523961668,0.10375000000000001,0.10375000000000001,35850.0,17925.0,10
b50_lb5_k2_eps0p0025,aggregate_only_sync,shot_proportional,2,random_8_circuit,random,8,circuit,0.0,0.0,0.0,0.0,0.0,40000.0,20000.0,10
b50_lb5_k2_eps0p0025,aggregate_only_sync,shot_proportional,2,random_9_circuit,random,9,circuit,0.0,0.0,0.0,0.0,0.0,40000.0,20000.0,10
b50_lb5_k2_eps0p0025,aggregate_only_sync,shot_proportional,2,vqe_10_circuit,vqe,10,circuit,0.016351610644257664,0.019499318450039275,0.01965241935483865,0.6125,0.6125,15500.0,7750.0,10
b50_lb5_k2_eps0p0025,aggregate_only_sync,shot_proportional,2,vqe_11_circuit,vqe,11,circuit,0.016181208609271504,0.020597543859649035,0.020639473684210437,0.6,0.6,16000.0,8000.0,10
b50_lb5_k2_eps0p0025,aggregate_only_sync,shot_proportional,2,vqe_12_circuit,vqe,12,circuit,0.015357225355895739,0.01717209094684382,0.018024418604651087,0.545,0.545,18200.0,9100.0,10
b50_lb5_k2_eps0p0025,aggregate_only_sync,shot_proportional,2,vqe_13_circuit,vqe,13,circuit,0.01536451786193935,0.017026048632218783,0.017739893617021208,0.38,0.38,24800.0,12400.0,10
b50_lb5_k2_eps0p0025,aggregate_only_sync,shot_proportional,2,vqe_14_circuit,vqe,14,circuit,0.01443153977188542,0.017784785841795322,0.01817236286919822,0.23125,0.23125,30750.0,15375.0,10
b50_lb5_k2_eps0p0025,aggregate_only_sync,shot_proportional,2,vqe_15_circuit,vqe,15,circuit,0.011658578431372437,0.015700682773109254,0.017937605042016806,0.16125,0.16125,33550.0,16775.0,10
b50_lb5_k2_eps0p0025,aggregate_only_sync,shot_proportional,2,vqe_4_circuit,vqe,4,circuit,0.0042850369458127865,0.006297748868778207,0.006526923076923,0.9125,0.9125,3500.0,1750.0,10
b50_lb5_k2_eps0p0025,aggregate_only_sync,shot_proportional,2,vqe_5_circuit,vqe,5,circuit,0.0084669002607562,0.014010193577431006,0.01562602040816329,0.85,0.85,6000.0,3000.0,10
b50_lb5_k2_eps0p0025,aggregate_only_sync,shot_proportional,2,vqe_6_circuit,vqe,6,circuit,0.008160576923076951,0.010881639344262275,0.011364344262295031,0.8600000000000001,0.8600000000000001,5600.0,2800.0,10
b50_lb5_k2_eps0p0025,aggregate_only_sync,shot_proportional,2,vqe_7_circuit,vqe,7,circuit,0.009487012987013045,0.01367749999999996,0.014940909090909024,0.8025,0.8025,7900.0,3950.0,10
b50_lb5_k2_eps0p0025,aggregate_only_sync,shot_proportional,2,vqe_8_circuit,vqe,8,circuit,0.01156775862068965,0.014712151649284522,0.015033064516129041,0.7012499999999999,0.7012499999999999,11950.0,5975.0,10
b50_lb5_k2_eps0p0025,aggregate_only_sync,shot_proportional,2,vqe_9_circuit,vqe,9,circuit,0.012932721088435399,0.018528749999999955,0.020449999999999934,0.6875,0.6875,12500.0,6250.0,10
b50_lb5_k2_eps0p0025,aggregate_only_sync,shot_proportional,3,dj_10_circuit,dj,10,circuit,0.012826690576245067,0.013859522912270208,0.01418271028037394,0.725,0.725,16500.0,5500.0,10
b50_lb5_k2_eps0p0025,aggregate_only_sync,shot_proportional,3,dj_11_circuit,dj,11,circuit,0.01364065399911633,0.015362337384457433,0.015674803149606377,0.6799999999999999,0.6799999999999999,19200.0,6400.0,10
b50_lb5_k2_eps0p0025,aggregate_only_sync,shot_proportional,3,dj_12_circuit,dj,12,circuit,0.014922836885577426,0.01649893345957083,0.016888342967244684,0.62,0.62,22800.0,7600.0,10
b50_lb5_k2_eps0p0025,aggregate_only_sync,shot_proportional,3,dj_13_circuit,dj,13,circuit,0.015864606741573098,0.018099895712256214,0.018157490636704028,0.5625,0.5625,26250.0,8750.0,10
b50_lb5_k2_eps0p0025,aggregate_only_sync,shot_proportional,3,dj_14_circuit,dj,14,circuit,0.016443046545154986,0.01799020415522455,0.01811311336717434,0.5137499999999999,0.5137499999999999,29175.0,9725.0,10
b50_lb5_k2_eps0p0025,aggregate_only_sync,shot_proportional,3,dj_15_circuit,dj,15,circuit,0.016589115646258583,0.01882226246316652,0.018903623188405647,0.40375,0.40375,35775.0,11925.0,10
b50_lb5_k2_eps0p0025,aggregate_only_sync,shot_proportional,3,dj_4_circuit,dj,4,circuit,0.004765079365079352,0.007389166666666627,0.008266666666666606,0.9512499999999999,0.9512499999999999,2925.0,975.0,10
b50_lb5_k2_eps0p0025,aggregate_only_sync,shot_proportional,3,dj_5_circuit,dj,5,circuit,0.005022619047619031,0.008135833333333347,0.00816666666666667,0.91625,0.91625,5025.0,1675.0,10
b50_lb5_k2_eps0p0025,aggregate_only_sync,shot_proportional,3,dj_6_circuit,dj,6,circuit,0.006897222222222211,0.009453416289592745,0.009991176470588253,0.8787499999999999,0.8787499999999999,7275.0,2425.0,10
b50_lb5_k2_eps0p0025,aggregate_only_sync,shot_proportional,3,dj_7_circuit,dj,7,circuit,0.008591836734693877,0.009538809523809503,0.009716666666666656,0.8274999999999999,0.8274999999999999,10350.0,3450.0,10
b50_lb5_k2_eps0p0025,aggregate_only_sync,shot_proportional,3,dj_8_circuit,dj,8,circuit,0.008987659289067747,0.011495555555555592,0.011705555555555603,0.8125,0.8125,11250.0,3750.0,10
b50_lb5_k2_eps0p0025,aggregate_only_sync,shot_proportional,3,dj_9_circuit,dj,9,circuit,0.011057780745557987,0.012614965371469736,0.012917584097859378,0.7424999999999999,0.7424999999999999,15450.0,5150.0,10
b50_lb5_k2_eps0p0025,aggregate_only_sync,shot_proportional,3,qaoa_10_circuit,qaoa,10,circuit,0.0,0.0,0.0,0.0,0.0,60000.0,20000.0,10
b50_lb5_k2_eps0p0025,aggregate_only_sync,shot_proportional,3,qaoa_11_circuit,qaoa,11,circuit,0.0,0.0,0.0,0.0,0.0,60000.0,20000.0,10
b50_lb5_k2_eps0p0025,aggregate_only_sync,shot_proportional,3,qaoa_12_circuit,qaoa,12,circuit,0.0,0.0,0.0,0.0,0.0,60000.0,20000.0,10
b50_lb5_k2_eps0p0025,aggregate_only_sync,shot_proportional,3,qaoa_13_circuit,qaoa,13,circuit,0.0,0.0,0.0,0.0,0.0,60000.0,20000.0,10
b50_lb5_k2_eps0p0025,aggregate_only_sync,shot_proportional,3,qaoa_14_circuit,qaoa,14,circuit,0.0,0.0,0.0,0.0,0.0,60000.0,20000.0,10
b50_lb5_k2_eps0p0025,aggregate_only_sync,shot_proportional,3,qaoa_15_circuit,qaoa,15,circuit,0.0,0.0,0.0,0.0,0.0,60000.0,20000.0,10
b50_lb5_k2_eps0p0025,aggregate_only_sync,shot_proportional,3,qaoa_4_circuit,qaoa,4,circuit,0.011171913580246901,0.014250081699346398,0.014672875816993437,0.86375,0.86375,8175.0,2725.0,10
b50_lb5_k2_eps0p0025,aggregate_only_sync,shot_proportional,3,qaoa_5_circuit,qaoa,5,circuit,0.011009076707606114,0.013942163299663303,0.014464814814814814,0.73875,0.73875,15675.0,5225.0,10
b50_lb5_k2_eps0p0025,aggregate_only_sync,shot_proportional,3,qaoa_6_circuit,qaoa,6,circuit,0.01259228167616558,0.014382136465324392,0.014416666666666678,0.62625,0.62625,22425.0,7475.0,10
b50_lb5_k2_eps0p0025,aggregate_only_sync,shot_proportional,3,qaoa_7_circuit,qaoa,7,circuit,0.011411667555200157,0.012714687463093583,0.012812165963431791,0.385,0.385,36900.0,12300.0,10
b50_lb5_k2_eps0p0025,aggregate_only_sync,shot_proportional,3,qaoa_8_circuit,qaoa,8,circuit,0.010098315487446479,0.010950541237113419,0.011323711340206188,0.2675,0.2675,43950.0,14650.0,10
b50_lb5_k2_eps0p0025,aggregate_only_sync,shot_proportional,3,qaoa_9_circuit,qaoa,9,circuit,0.0017681972789115675,0.005532691559277888,0.005614235190097244,0.010000000000000009,0.010000000000000009,59400.0,19800.0,10
b50_lb5_k2_eps0p0025,aggregate_only_sync,shot_proportional,3,qft_10_circuit,qft,10,circuit,0.0,0.0,0.0,0.0,0.0,60000.0,20000.0,10
b50_lb5_k2_eps0p0025,aggregate_only_sync,shot_proportional,3,qft_11_circuit,qft,11,circuit,0.0,0.0,0.0,0.0,0.0,60000.0,20000.0,10
b50_lb5_k2_eps0p0025,aggregate_only_sync,shot_proportional,3,qft_12_circuit,qft,12,circuit,0.0,0.0,0.0,0.0,0.0,60000.0,20000.0,10
b50_lb5_k2_eps0p0025,aggregate_only_sync,shot_proportional,3,qft_13_circuit,qft,13,circuit,0.0,0.0,0.0,0.0,0.0,60000.0,20000.0,10
b50_lb5_k2_eps0p0025,aggregate_only_sync,shot_proportional,3,qft_14_circuit,qft,14,circuit,0.0,0.0,0.0,0.0,0.0,60000.0,20000.0,10
b50_lb5_k2_eps0p0025,aggregate_only_sync,shot_proportional,3,qft_15_circuit,qft,15,circuit,0.0,0.0,0.0,0.0,0.0,60000.0,20000.0,10
b50_lb5_k2_eps0p0025,aggregate_only_sync,shot_proportional,3,qft_4_circuit,qft,4,circuit,0.011925375738056907,0.015537964576074332,0.015688095238095244,0.7324999999999999,0.7324999999999999,16050.0,5350.0,10
b50_lb5_k2_eps0p0025,aggregate_only_sync,shot_proportional,3,qft_5_circuit,qft,5,circuit,0.012217639902676401,0.013923452223871572,0.014478423772609807,0.635,0.635,21900.0,7300.0,10
b50_lb5_k2_eps0p0025,aggregate_only_sync,shot_proportional,3,qft_6_circuit,qft,6,circuit,0.012405921131487477,0.014000325614263967,0.014135007610350074,0.45625,0.45625,32625.0,10875.0,10
b50_lb5_k2_eps0p0025,aggregate_only_sync,shot_proportional,3,qft_7_circuit,qft,7,circuit,0.008988703839023534,0.009911242450388264,0.00999508196721311,0.1975,0.1975,48150.0,16050.0,10
b50_lb5_k2_eps0p0025,aggregate_only_sync,shot_proportional,3,qft_8_circuit,qft,8,circuit,0.0,0.0,0.0,0.0,0.0,60000.0,20000.0,10
b50_lb5_k2_eps0p0025,aggregate_only_sync,shot_proportional,3,qft_9_circuit,qft,9,circuit,0.0,0.0,0.0,0.0,0.0,60000.0,20000.0,10
b50_lb5_k2_eps0p0025,aggregate_only_sync,shot_proportional,3,qnn_10_circuit,qnn,10,circuit,0.0,0.0,0.0,0.0,0.0,60000.0,20000.0,10
b50_lb5_k2_eps0p0025,aggregate_only_sync,shot_proportional,3,qnn_11_circuit,qnn,11,circuit,0.0,0.0,0.0,0.0,0.0,60000.0,20000.0,10
b50_lb5_k2_eps0p0025,aggregate_only_sync,shot_proportional,3,qnn_12_circuit,qnn,12,circuit,0.0,0.0,0.0,0.0,0.0,60000.0,20000.0,10
b50_lb5_k2_eps0p0025,aggregate_only_sync,shot_proportional,3,qnn_13_circuit,qnn,13,circuit,0.0,0.0,0.0,0.0,0.0,60000.0,20000.0,10
b50_lb5_k2_eps0p0025,aggregate_only_sync,shot_proportional,3,qnn_14_circuit,qnn,14,circuit,0.0,0.0,0.0,0.0,0.0,60000.0,20000.0,10
b50_lb5_k2_eps0p0025,aggregate_only_sync,shot_proportional,3,qnn_15_circuit,qnn,15,circuit,0.0,0.0,0.0,0.0,0.0,60000.0,20000.0,10
b50_lb5_k2_eps0p0025,aggregate_only_sync,shot_proportional,3,qnn_4_circuit,qnn,4,circuit,0.010747057159026602,0.012324973544973535,0.012856349206349184,0.78125,0.78125,13125.0,4375.0,10
b50_lb5_k2_eps0p0025,aggregate_only_sync,shot_proportional,3,qnn_5_circuit,qnn,5,circuit,0.012076558051249627,0.013612337299660037,0.014065517241379322,0.645,0.645,21300.0,7100.0,10
b50_lb5_k2_eps0p0025,aggregate_only_sync,shot_proportional,3,qnn_6_circuit,qnn,6,circuit,0.011230723158828747,0.012966041591356392,0.013499568221070802,0.52375,0.52375,28575.0,9525.0,10
b50_lb5_k2_eps0p0025,aggregate_only_sync,shot_proportional,3,qnn_7_circuit,qnn,7,circuit,0.009344350282485876,0.011223157454960463,0.01146075650118204,0.23750000000000004,0.23750000000000004,45750.0,15250.0,10
b50_lb5_k2_eps0p0025,aggregate_only_sync,shot_proportional,3,qnn_8_circuit,qnn,8,circuit,0.0,0.0027079449558879936,0.002832489451476787,0.0,0.0,60000.0,20000.0,10
b50_lb5_k2_eps0p0025,aggregate_only_sync,shot_proportional,3,qnn_9_circuit,qnn,9,circuit,0.0,0.0,0.0,0.0,0.0,60000.0,20000.0,10
b50_lb5_k2_eps0p0025,aggregate_only_sync,shot_proportional,3,random_10_circuit,random,10,circuit,0.0,0.0,0.0,0.0,0.0,60000.0,20000.0,10
b50_lb5_k2_eps0p0025,aggregate_only_sync,shot_proportional,3,random_11_circuit,random,11,circuit,0.0,0.0,0.0,0.0,0.0,60000.0,20000.0,10
b50_lb5_k2_eps0p0025,aggregate_only_sync,shot_proportional,3,random_12_circuit,random,12,circuit,0.0,0.0,0.0,0.0,0.0,60000.0,20000.0,10
b50_lb5_k2_eps0p0025,aggregate_only_sync,shot_proportional,3,random_13_circuit,random,13,circuit,0.0,0.0,0.0,0.0,0.0,60000.0,20000.0,10
b50_lb5_k2_eps0p0025,aggregate_only_sync,shot_proportional,3,random_14_circuit,random,14,circuit,0.0,0.0,0.0,0.0,0.0,60000.0,20000.0,10
b50_lb5_k2_eps0p0025,aggregate_only_sync,shot_proportional,3,random_15_circuit,random,15,circuit,0.0,0.0,0.0,0.0,0.0,60000.0,20000.0,10
b50_lb5_k2_eps0p0025,aggregate_only_sync,shot_proportional,3,random_4_circuit,random,4,circuit,0.007829464285714268,0.009335929487179494,0.009344871794871819,0.7887500000000001,0.7887500000000001,12675.0,4225.0,10
b50_lb5_k2_eps0p0025,aggregate_only_sync,shot_proportional,3,random_5_circuit,random,5,circuit,0.010143970013037792,0.014145838171262696,0.014480769230769241,0.72625,0.72625,16425.0,5475.0,10
b50_lb5_k2_eps0p0025,aggregate_only_sync,shot_proportional,3,random_6_circuit,random,6,circuit,0.01236321448119478,0.013690727346424058,0.014101098901098893,0.5225,0.5225,28650.0,9550.0,10
b50_lb5_k2_eps0p0025,aggregate_only_sync,shot_proportional,3,random_7_circuit,random,7,circuit,0.010199255001593126,0.011605616488758451,0.0119040312876053,0.28625,0.28625,42825.0,14275.0,10
b50_lb5_k2_eps0p0025,aggregate_only_sync,shot_proportional,3,random_8_circuit,random,8,circuit,0.0,0.0014416033755274237,0.0026210970464135026,0.0,0.0,60000.0,20000.0,10
b50_lb5_k2_eps0p0025,aggregate_only_sync,shot_proportional,3,random_9_circuit,random,9,circuit,0.0,0.0,0.0,0.0,0.0,60000.0,20000.0,10
b50_lb5_k2_eps0p0025,aggregate_only_sync,shot_proportional,3,vqe_10_circuit,vqe,10,circuit,0.01589316214088949,0.01699019025875192,0.0171205479452055,0.65,0.65,21000.0,7000.0,10
b50_lb5_k2_eps0p0025,aggregate_only_sync,shot_proportional,3,vqe_11_circuit,vqe,11,circuit,0.016528577162351992,0.01936226763432644,0.019448622589531686,0.66625,0.66625,20025.0,6675.0,10
b50_lb5_k2_eps0p0025,aggregate_only_sync,shot_proportional,3,vqe_12_circuit,vqe,12,circuit,0.015946296296296358,0.01735606807511739,0.017761032863849755,0.59875,0.59875,24075.0,8025.0,10
b50_lb5_k2_eps0p0025,aggregate_only_sync,shot_proportional,3,vqe_13_circuit,vqe,13,circuit,0.015172339267033926,0.018073107448107372,0.018170512820512755,0.47875,0.47875,31275.0,10425.0,10
b50_lb5_k2_eps0p0025,aggregate_only_sync,shot_proportional,3,vqe_14_circuit,vqe,14,circuit,0.015300950570342765,0.017178432447739606,0.01728607764390907,0.30625,0.30625,41625.0,13875.0,10
b50_lb5_k2_eps0p0025,aggregate_only_sync,shot_proportional,3,vqe_15_circuit,vqe,15,circuit,0.014616438532342554,0.017958208898944124,0.018471568627450932,0.29000000000000004,0.29000000000000004,42600.0,14200.0,10
b50_lb5_k2_eps0p0025,aggregate_only_sync,shot_proportional,3,vqe_4_circuit,vqe,4,circuit,0.00464002704530086,0.006268832891246705,0.006396153846153868,0.9275,0.9275,4350.0,1450.0,10
b50_lb5_k2_eps0p0025,aggregate_only_sync,shot_proportional,3,vqe_5_circuit,vqe,5,circuit,0.008561003051106039,0.01620074561403509,0.017087719298245603,0.8825000000000001,0.8825000000000001,7050.0,2350.0,10
b50_lb5_k2_eps0p0025,aggregate_only_sync,shot_proportional,3,vqe_6_circuit,vqe,6,circuit,0.007077527818093917,0.008780833333333337,0.008833333333333342,0.8812500000000001,0.8812500000000001,7125.0,2375.0,10
b50_lb5_k2_eps0p0025,aggregate_only_sync,shot_proportional,3,vqe_7_circuit,vqe,7,circuit,0.009467251461988343,0.010998333333333332,0.011433333333333332,0.8125,0.8125,11250.0,3750.0,10
b50_lb5_k2_eps0p0025,aggregate_only_sync,shot_proportional,3,vqe_8_circuit,vqe,8,circuit,0.01108285857071468,0.012454685990338178,0.013334782608695693,0.73875,0.73875,15675.0,5225.0,10
b50_lb5_k2_eps0p0025,aggregate_only_sync,shot_proportional,3,vqe_9_circuit,vqe,9,circuit,0.01250092715457115,0.01631333333333336,0.016583333333333325,0.75,0.75,15000.0,5000.0,10
b50_lb5_k2_eps0p0025,aggregate_only_sync,shot_proportional,4,dj_10_circuit,dj,10,circuit,0.01228387096774187,0.013812812285518132,0.013986693548387037,0.7675,0.7675,18600.0,4650.0,5
b50_lb5_k2_eps0p0025,aggregate_only_sync,shot_proportional,4,dj_11_circuit,dj,11,circuit,0.013469004065040594,0.01462897849462365,0.01487580645161289,0.6925,0.6925,24600.0,6150.0,5
b50_lb5_k2_eps0p0025,aggregate_only_sync,shot_proportional,4,dj_12_circuit,dj,12,circuit,0.013911111111111046,0.015422085605234318,0.01555305343511436,0.65,0.65,28000.0,7000.0,5
b50_lb5_k2_eps0p0025,aggregate_only_sync,shot_proportional,4,dj_13_circuit,dj,13,circuit,0.015934876543209735,0.019075945945945853,0.019794256756756678,0.6275,0.6275,29800.0,7450.0,5
b50_lb5_k2_eps0p0025,aggregate_only_sync,shot_proportional,4,dj_14_circuit,dj,14,circuit,0.015768975903614455,0.016668487949191117,0.016867218543046264,0.5825,0.5825,33400.0,8350.0,5
b50_lb5_k2_eps0p0025,aggregate_only_sync,shot_proportional,4,dj_15_circuit,dj,15,circuit,0.01689672489082947,0.0175530231834658,0.017715505464480766,0.495,0.495,40400.0,10100.0,5
b50_lb5_k2_eps0p0025,aggregate_only_sync,shot_proportional,4,dj_4_circuit,dj,4,circuit,0.005361363636363603,0.006672499999999958,0.006987499999999956,0.96,0.96,3200.0,800.0,5
b50_lb5_k2_eps0p0025,aggregate_only_sync,shot_proportional,4,dj_5_circuit,dj,5,circuit,0.004575,0.005224404761904702,0.005316666666666589,0.92,0.92,6400.0,1600.0,5
b50_lb5_k2_eps0p0025,aggregate_only_sync,shot_proportional,4,dj_6_circuit,dj,6,circuit,0.006528525641025624,0.006932934646654134,0.0069455128205127906,0.8975,0.8975,8200.0,2050.0,5
b50_lb5_k2_eps0p0025,aggregate_only_sync,shot_proportional,4,dj_7_circuit,dj,7,circuit,0.009204901960784287,0.010254339622641525,0.010311792452830214,0.8674999999999999,0.8674999999999999,10600.0,2650.0,5
b50_lb5_k2_eps0p0025,aggregate_only_sync,shot_proportional,4,dj_8_circuit,dj,8,circuit,0.008687499999999975,0.00902842723004697,0.00907095070422536,0.825,0.825,14000.0,3500.0,5
b50_lb5_k2_eps0p0025,aggregate_only_sync,shot_proportional,4,dj_9_circuit,dj,9,circuit,0.010173892405063233,0.011071568627450998,0.011212500000000025,0.7675,0.7675,18600.0,4650.0,5
b50_lb5_k2_eps0p0025,aggregate_only_sync,shot_proportional,4,qaoa_10_circuit,qaoa,10,circuit,0.0,0.0,0.0,0.0,0.0,80000.0,20000.0,5
b50_lb5_k2_eps0p0025,aggregate_only_sync,shot_proportional,4,qaoa_11_circuit,qaoa,11,circuit,0.0,0.0,0.0,0.0,0.0,80000.0,20000.0,5
b50_lb5_k2_eps0p0025,aggregate_only_sync,shot_proportional,4,qaoa_12_circuit,qaoa,12,circuit,0.0,0.0,0.0,0.0,0.0,80000.0,20000.0,5
b50_lb5_k2_eps0p0025,aggregate_only_sync,shot_proportional,4,qaoa_13_circuit,qaoa,13,circuit,0.0,0.0,0.0,0.0,0.0,80000.0,20000.0,5
b50_lb5_k2_eps0p0025,aggregate_only_sync,shot_proportional,4,qaoa_14_circuit,qaoa,14,circuit,0.0,0.0,0.0,0.0,0.0,80000.0,20000.0,5
b50_lb5_k2_eps0p0025,aggregate_only_sync,shot_proportional,4,qaoa_15_circuit,qaoa,15,circuit,0.0,0.0,0.0,0.0,0.0,80000.0,20000.0,5
b50_lb5_k2_eps0p0025,aggregate_only_sync,shot_proportional,4,qaoa_4_circuit,qaoa,4,circuit,0.011359957627118668,0.013970769230769254,0.014450961538461555,0.87,0.87,10400.0,2600.0,5
b50_lb5_k2_eps0p0025,aggregate_only_sync,shot_proportional,4,qaoa_5_circuit,qaoa,5,circuit,0.010121078431372532,0.012980400313971735,0.013471291208791198,0.755,0.755,19600.0,4900.0,5
b50_lb5_k2_eps0p0025,aggregate_only_sync,shot_proportional,4,qaoa_6_circuit,qaoa,6,circuit,0.01189222972972972,0.012872166666666664,0.012984999999999997,0.6325000000000001,0.6325000000000001,29400.0,7350.0,5
b50_lb5_k2_eps0p0025,aggregate_only_sync,shot_proportional,4,qaoa_7_circuit,qaoa,7,circuit,0.011320215311004809,0.011653219436351992,0.011664027149321268,0.45499999999999996,0.45499999999999996,43600.0,10900.0,5
b50_lb5_k2_eps0p0025,aggregate_only_sync,shot_proportional,4,qaoa_8_circuit,qaoa,8,circuit,0.010150427756653996,0.012350794983893215,0.012739024390243874,0.3425,0.3425,52600.0,13150.0,5
b50_lb5_k2_eps0p0025,aggregate_only_sync,shot_proportional,4,qaoa_9_circuit,qaoa,9,circuit,0.008441844729344733,0.008623554923117956,0.008650638138138132,0.12250000000000005,0.12250000000000005,70200.0,17550.0,5
b50_lb5_k2_eps0p0025,aggregate_only_sync,shot_proportional,4,qft_10_circuit,qft,10,circuit,0.0,0.0,0.0,0.0,0.0,80000.0,20000.0,5
b50_lb5_k2_eps0p0025,aggregate_only_sync,shot_proportional,4,qft_11_circuit,qft,11,circuit,0.0,0.0,0.0,0.0,0.0,80000.0,20000.0,5
b50_lb5_k2_eps0p0025,aggregate_only_sync,shot_proportional,4,qft_12_circuit,qft,12,circuit,0.0,0.0,0.0,0.0,0.0,80000.0,20000.0,5
b50_lb5_k2_eps0p0025,aggregate_only_sync,shot_proportional,4,qft_13_circuit,qft,13,circuit,0.0,0.0,0.0,0.0,0.0,80000.0,20000.0,5
b50_lb5_k2_eps0p0025,aggregate_only_sync,shot_proportional,4,qft_14_circuit,qft,14,circuit,0.0,0.0,0.0,0.0,0.0,80000.0,20000.0,5
b50_lb5_k2_eps0p0025,aggregate_only_sync,shot_proportional,4,qft_15_circuit,qft,15,circuit,0.0,0.0,0.0,0.0,0.0,80000.0,20000.0,5
b50_lb5_k2_eps0p0025,aggregate_only_sync,shot_proportional,4,qft_4_circuit,qft,4,circuit,0.012654807692307708,0.01648328767123287,0.016784075342465746,0.7475,0.7475,20200.0,5050.0,5
b50_lb5_k2_eps0p0025,aggregate_only_sync,shot_proportional,4,qft_5_circuit,qft,5,circuit,0.011356249999999995,0.01203671981572335,0.012052098540145991,0.6799999999999999,0.6799999999999999,25600.0,6400.0,5
b50_lb5_k2_eps0p0025,aggregate_only_sync,shot_proportional,4,qft_6_circuit,qft,6,circuit,0.011976546391752588,0.013150883126446451,0.013351932989690713,0.515,0.515,38800.0,9700.0,5
b50_lb5_k2_eps0p0025,aggregate_only_sync,shot_proportional,4,qft_7_circuit,qft,7,circuit,0.0104603494623656,0.010966051295566784,0.011087873134328366,0.3025,0.3025,55800.0,13950.0,5
b50_lb5_k2_eps0p0025,aggregate_only_sync,shot_proportional,4,qft_8_circuit,qft,8,circuit,0.003568589743589735,0.004956120659834088,0.005269492084432713,0.025000000000000022,0.025000000000000022,78000.0,19500.0,5
b50_lb5_k2_eps0p0025,aggregate_only_sync,shot_proportional,4,qft_9_circuit,qft,9,circuit,0.0,0.0,0.0,0.0,0.0,80000.0,20000.0,5
b50_lb5_k2_eps0p0025,aggregate_only_sync,shot_proportional,4,qnn_10_circuit,qnn,10,circuit,0.0,0.0,0.0,0.0,0.0,80000.0,20000.0,5
b50_lb5_k2_eps0p0025,aggregate_only_sync,shot_proportional,4,qnn_11_circuit,qnn,11,circuit,0.0,0.0,0.0,0.0,0.0,80000.0,20000.0,5
b50_lb5_k2_eps0p0025,aggregate_only_sync,shot_proportional,4,qnn_12_circuit,qnn,12,circuit,0.0,0.0,0.0,0.0,0.0,80000.0,20000.0,5
b50_lb5_k2_eps0p0025,aggregate_only_sync,shot_proportional,4,qnn_13_circuit,qnn,13,circuit,0.0,0.0,0.0,0.0,0.0,80000.0,20000.0,5
b50_lb5_k2_eps0p0025,aggregate_only_sync,shot_proportional,4,qnn_14_circuit,qnn,14,circuit,0.0,0.0,0.0,0.0,0.0,80000.0,20000.0,5
b50_lb5_k2_eps0p0025,aggregate_only_sync,shot_proportional,4,qnn_15_circuit,qnn,15,circuit,0.0,0.0,0.0,0.0,0.0,80000.0,20000.0,5
b50_lb5_k2_eps0p0025,aggregate_only_sync,shot_proportional,4,qnn_4_circuit,qnn,4,circuit,0.010136046511627889,0.010704288061336234,0.010714772727272706,0.7925,0.7925,16600.0,4150.0,5
b50_lb5_k2_eps0p0025,aggregate_only_sync,shot_proportional,4,qnn_5_circuit,qnn,5,circuit,0.012801106194690258,0.014532358838551031,0.014803865979381443,0.7175,0.7175,22600.0,5650.0,5
b50_lb5_k2_eps0p0025,aggregate_only_sync,shot_proportional,4,qnn_6_circuit,qnn,6,circuit,0.010255701754385968,0.011465971313886299,0.011653654970760244,0.5725,0.5725,34200.0,8550.0,5
b50_lb5_k2_eps0p0025,aggregate_only_sync,shot_proportional,4,qnn_7_circuit,qnn,7,circuit,0.010689074803149613,0.011104423609592542,0.011112453531598518,0.35750000000000004,0.35750000000000004,51400.0,12850.0,5
b50_lb5_k2_eps0p0025,aggregate_only_sync,shot_proportional,4,qnn_8_circuit,qnn,8,circuit,0.007522136871508375,0.008057149180809641,0.008157414040114613,0.11250000000000004,0.11250000000000004,71000.0,17750.0,5
b50_lb5_k2_eps0p0025,aggregate_only_sync,shot_proportional,4,qnn_9_circuit,qnn,9,circuit,0.0,0.0,0.0,0.0,0.0,80000.0,20000.0,5
b50_lb5_k2_eps0p0025,aggregate_only_sync,shot_proportional,4,random_10_circuit,random,10,circuit,0.0,0.0,0.0,0.0,0.0,80000.0,20000.0,5
b50_lb5_k2_eps0p0025,aggregate_only_sync,shot_proportional,4,random_11_circuit,random,11,circuit,0.0,0.0,0.0,0.0,0.0,80000.0,20000.0,5
b50_lb5_k2_eps0p0025,aggregate_only_sync,shot_proportional,4,random_12_circuit,random,12,circuit,0.0,0.0,0.0,0.0,0.0,80000.0,20000.0,5
b50_lb5_k2_eps0p0025,aggregate_only_sync,shot_proportional,4,random_13_circuit,random,13,circuit,0.0,0.0,0.0,0.0,0.0,80000.0,20000.0,5
b50_lb5_k2_eps0p0025,aggregate_only_sync,shot_proportional,4,random_14_circuit,random,14,circuit,0.0,0.0,0.0,0.0,0.0,80000.0,20000.0,5
b50_lb5_k2_eps0p0025,aggregate_only_sync,shot_proportional,4,random_15_circuit,random,15,circuit,0.0,0.0,0.0,0.0,0.0,80000.0,20000.0,5
b50_lb5_k2_eps0p0025,aggregate_only_sync,shot_proportional,4,random_4_circuit,random,4,circuit,0.007383333333333291,0.008309166666666666,0.008428124999999991,0.85,0.85,12000.0,3000.0,5
b50_lb5_k2_eps0p0025,aggregate_only_sync,shot_proportional,4,random_5_circuit,random,5,circuit,0.010073014018691574,0.012237720628340778,0.0126196629213483,0.745,0.745,20400.0,5100.0,5
b50_lb5_k2_eps0p0025,aggregate_only_sync,shot_proportional,4,random_6_circuit,random,6,circuit,0.01129796511627908,0.012218294797687863,0.012241618497109827,0.5675,0.5675,34600.0,8650.0,5
b50_lb5_k2_eps0p0025,aggregate_only_sync,shot_proportional,4,random_7_circuit,random,7,circuit,0.010291911764705897,0.01093109649122807,0.010973245614035091,0.36750000000000005,0.36750000000000005,50600.0,12650.0,5
b50_lb5_k2_eps0p0025,aggregate_only_sync,shot_proportional,4,random_8_circuit,random,8,circuit,0.005424999999999998,0.0076545257006328405,0.007703304597701162,0.0625,0.0625,75000.0,18750.0,5
b50_lb5_k2_eps0p0025,aggregate_only_sync,shot_proportional,4,random_9_circuit,random,9,circuit,0.0,0.0,0.0,0.0,0.0,80000.0,20000.0,5
b50_lb5_k2_eps0p0025,aggregate_only_sync,shot_proportional,4,vqe_10_circuit,vqe,10,circuit,0.015344111570247896,0.015451136292956002,0.015472033898305097,0.7,0.7,24000.0,6000.0,5
b50_lb5_k2_eps0p0025,aggregate_only_sync,shot_proportional,4,vqe_11_circuit,vqe,11,circuit,0.015824999999999954,0.01808386363636348,0.018207954545454364,0.7,0.7,24000.0,6000.0,5
b50_lb5_k2_eps0p0025,aggregate_only_sync,shot_proportional,4,vqe_12_circuit,vqe,12,circuit,0.015135956790123304,0.01618065217391291,0.016357065217391168,0.61,0.61,31200.0,7800.0,5
b50_lb5_k2_eps0p0025,aggregate_only_sync,shot_proportional,4,vqe_13_circuit,vqe,13,circuit,0.01619335106382962,0.016975117506332564,0.017083552631578822,0.53,0.53,37600.0,9400.0,5
b50_lb5_k2_eps0p0025,aggregate_only_sync,shot_proportional,4,vqe_14_circuit,vqe,14,circuit,0.015927777777777548,0.016857335390946526,0.016933127572016565,0.39249999999999996,0.39249999999999996,48600.0,12150.0,5
b50_lb5_k2_eps0p0025,aggregate_only_sync,shot_proportional,4,vqe_15_circuit,vqe,15,circuit,0.015564032567049963,0.016223975095785385,0.016299999999999905,0.34750000000000003,0.34750000000000003,52200.0,13050.0,5
b50_lb5_k2_eps0p0025,aggregate_only_sync,shot_proportional,4,vqe_4_circuit,vqe,4,circuit,0.0043507352941176995,0.006215256410256458,0.006558653846153912,0.935,0.935,5200.0,1300.0,5
b50_lb5_k2_eps0p0025,aggregate_only_sync,shot_proportional,4,vqe_5_circuit,vqe,5,circuit,0.009805851063829755,0.01341618421052631,0.01375986842105263,0.905,0.905,7600.0,1900.0,5
b50_lb5_k2_eps0p0025,aggregate_only_sync,shot_proportional,4,vqe_6_circuit,vqe,6,circuit,0.006441346153846181,0.007814038461538473,0.00810000000000001,0.9,0.9,8000.0,2000.0,5
b50_lb5_k2_eps0p0025,aggregate_only_sync,shot_proportional,4,vqe_7_circuit,vqe,7,circuit,0.0079184210526316,0.00869955326109179,0.008742164179104466,0.8175,0.8175,14600.0,3650.0,5
b50_lb5_k2_eps0p0025,aggregate_only_sync,shot_proportional,4,vqe_8_circuit,vqe,8,circuit,0.010248936170212754,0.011508804347826066,0.011562499999999979,0.7725,0.7725,18200.0,4550.0,5
b50_lb5_k2_eps0p0025,aggregate_only_sync,shot_proportional,4,vqe_9_circuit,vqe,9,circuit,0.010863563829787275,0.012551736861956255,0.012666881443298968,0.7675,0.7675,18600.0,4650.0,5
b50_lb5_k2_eps0p0025,aggregate_only_sync,shot_proportional,5,dj_10_circuit,dj,10,circuit,0.011296236559139713,0.011296236559139713,0.011296236559139713,0.7675,0.7675,23250.0,4650.0,1
b50_lb5_k2_eps0p0025,aggregate_only_sync,shot_proportional,5,dj_11_circuit,dj,11,circuit,0.013156725663716807,0.013156725663716807,0.013156725663716807,0.7175,0.7175,28250.0,5650.0,1
b50_lb5_k2_eps0p0025,aggregate_only_sync,shot_proportional,5,dj_12_circuit,dj,12,circuit,0.013905151515151436,0.013905151515151436,0.013905151515151436,0.6699999999999999,0.6699999999999999,33000.0,6600.0,1
b50_lb5_k2_eps0p0025,aggregate_only_sync,shot_proportional,5,dj_13_circuit,dj,13,circuit,0.016156567164179073,0.016156567164179073,0.016156567164179073,0.665,0.665,33500.0,6700.0,1
b50_lb5_k2_eps0p0025,aggregate_only_sync,shot_proportional,5,dj_14_circuit,dj,14,circuit,0.015189493670885897,0.015189493670885897,0.015189493670885897,0.605,0.605,39500.0,7900.0,1
b50_lb5_k2_eps0p0025,aggregate_only_sync,shot_proportional,5,dj_15_circuit,dj,15,circuit,0.016157978142076684,0.016157978142076684,0.016157978142076684,0.5425,0.5425,45750.0,9150.0,1
b50_lb5_k2_eps0p0025,aggregate_only_sync,shot_proportional,5,dj_4_circuit,dj,4,circuit,0.004960000000000007,0.004960000000000007,0.004960000000000007,0.96,0.96,4000.0,800.0,1
b50_lb5_k2_eps0p0025,aggregate_only_sync,shot_proportional,5,dj_5_circuit,dj,5,circuit,0.004496153846153927,0.004496153846153927,0.004496153846153927,0.935,0.935,6500.0,1300.0,1
b50_lb5_k2_eps0p0025,aggregate_only_sync,shot_proportional,5,dj_6_circuit,dj,6,circuit,0.006345294117647054,0.006345294117647054,0.006345294117647054,0.915,0.915,8500.0,1700.0,1
b50_lb5_k2_eps0p0025,aggregate_only_sync,shot_proportional,5,dj_7_circuit,dj,7,circuit,0.00899603773584903,0.00899603773584903,0.00899603773584903,0.8674999999999999,0.8674999999999999,13250.0,2650.0,1
b50_lb5_k2_eps0p0025,aggregate_only_sync,shot_proportional,5,dj_8_circuit,dj,8,circuit,0.006860447761194006,0.006860447761194006,0.006860447761194006,0.8325,0.8325,16750.0,3350.0,1
b50_lb5_k2_eps0p0025,aggregate_only_sync,shot_proportional,5,dj_9_circuit,dj,9,circuit,0.008772207792207753,0.008772207792207753,0.008772207792207753,0.8075,0.8075,19250.0,3850.0,1
b50_lb5_k2_eps0p0025,aggregate_only_sync,shot_proportional,5,qaoa_10_circuit,qaoa,10,circuit,0.0,0.0,0.0,0.0,0.0,100000.0,20000.0,1
b50_lb5_k2_eps0p0025,aggregate_only_sync,shot_proportional,5,qaoa_11_circuit,qaoa,11,circuit,0.0,0.0,0.0,0.0,0.0,100000.0,20000.0,1
b50_lb5_k2_eps0p0025,aggregate_only_sync,shot_proportional,5,qaoa_12_circuit,qaoa,12,circuit,0.0,0.0,0.0,0.0,0.0,100000.0,20000.0,1
b50_lb5_k2_eps0p0025,aggregate_only_sync,shot_proportional,5,qaoa_13_circuit,qaoa,13,circuit,0.0,0.0,0.0,0.0,0.0,100000.0,20000.0,1
b50_lb5_k2_eps0p0025,aggregate_only_sync,shot_proportional,5,qaoa_14_circuit,qaoa,14,circuit,0.0,0.0,0.0,0.0,0.0,100000.0,20000.0,1
b50_lb5_k2_eps0p0025,aggregate_only_sync,shot_proportional,5,qaoa_15_circuit,qaoa,15,circuit,0.0,0.0,0.0,0.0,0.0,100000.0,20000.0,1
b50_lb5_k2_eps0p0025,aggregate_only_sync,shot_proportional,5,qaoa_4_circuit,qaoa,4,circuit,0.012013404255319158,0.012013404255319158,0.012013404255319158,0.8825000000000001,0.8825000000000001,11750.0,2350.0,1
b50_lb5_k2_eps0p0025,aggregate_only_sync,shot_proportional,5,qaoa_5_circuit,qaoa,5,circuit,0.01005612244897959,0.01005612244897959,0.01005612244897959,0.755,0.755,24500.0,4900.0,1
b50_lb5_k2_eps0p0025,aggregate_only_sync,shot_proportional,5,qaoa_6_circuit,qaoa,6,circuit,0.011592000000000022,0.011592000000000022,0.011592000000000022,0.6875,0.6875,31250.0,6250.0,1
b50_lb5_k2_eps0p0025,aggregate_only_sync,shot_proportional,5,qaoa_7_circuit,qaoa,7,circuit,0.009836231884057975,0.009836231884057975,0.009836231884057975,0.48250000000000004,0.48250000000000004,51750.0,10350.0,1
b50_lb5_k2_eps0p0025,aggregate_only_sync,shot_proportional,5,qaoa_8_circuit,qaoa,8,circuit,0.011108373983739848,0.011108373983739848,0.011108373983739848,0.385,0.385,61500.0,12300.0,1
b50_lb5_k2_eps0p0025,aggregate_only_sync,shot_proportional,5,qaoa_9_circuit,qaoa,9,circuit,0.009290490797545996,0.009290490797545996,0.009290490797545996,0.18500000000000005,0.18500000000000005,81500.0,16300.0,1
b50_lb5_k2_eps0p0025,aggregate_only_sync,shot_proportional,5,qft_10_circuit,qft,10,circuit,0.0,0.0,0.0,0.0,0.0,100000.0,20000.0,1
b50_lb5_k2_eps0p0025,aggregate_only_sync,shot_proportional,5,qft_11_circuit,qft,11,circuit,0.0,0.0,0.0,0.0,0.0,100000.0,20000.0,1
b50_lb5_k2_eps0p0025,aggregate_only_sync,shot_proportional,5,qft_12_circuit,qft,12,circuit,0.0,0.0,0.0,0.0,0.0,100000.0,20000.0,1
b50_lb5_k2_eps0p0025,aggregate_only_sync,shot_proportional,5,qft_13_circuit,qft,13,circuit,0.0,0.0,0.0,0.0,0.0,100000.0,20000.0,1
b50_lb5_k2_eps0p0025,aggregate_only_sync,shot_proportional,5,qft_14_circuit,qft,14,circuit,0.0,0.0,0.0,0.0,0.0,100000.0,20000.0,1
b50_lb5_k2_eps0p0025,aggregate_only_sync,shot_proportional,5,qft_15_circuit,qft,15,circuit,0.0,0.0,0.0,0.0,0.0,100000.0,20000.0,1
b50_lb5_k2_eps0p0025,aggregate_only_sync,shot_proportional,5,qft_4_circuit,qft,4,circuit,0.015555555555555576,0.015555555555555576,0.015555555555555576,0.8200000000000001,0.8200000000000001,18000.0,3600.0,1
b50_lb5_k2_eps0p0025,aggregate_only_sync,shot_proportional,5,qft_5_circuit,qft,5,circuit,0.009659491525423723,0.009659491525423723,0.009659491525423723,0.7050000000000001,0.7050000000000001,29500.0,5900.0,1
b50_lb5_k2_eps0p0025,aggregate_only_sync,shot_proportional,5,qft_6_circuit,qft,6,circuit,0.013553333333333332,0.013553333333333332,0.013553333333333332,0.625,0.625,37500.0,7500.0,1
b50_lb5_k2_eps0p0025,aggregate_only_sync,shot_proportional,5,qft_7_circuit,qft,7,circuit,0.011854279475982527,0.011854279475982527,0.011854279475982527,0.4275,0.4275,57250.0,11450.0,1
b50_lb5_k2_eps0p0025,aggregate_only_sync,shot_proportional,5,qft_8_circuit,qft,8,circuit,0.009000895522388058,0.009000895522388058,0.009000895522388058,0.16249999999999998,0.16249999999999998,83750.0,16750.0,1
b50_lb5_k2_eps0p0025,aggregate_only_sync,shot_proportional,5,qft_9_circuit,qft,9,circuit,0.0,0.0,0.0,0.0,0.0,100000.0,20000.0,1
b50_lb5_k2_eps0p0025,aggregate_only_sync,shot_proportional,5,qnn_10_circuit,qnn,10,circuit,0.0,0.0,0.0,0.0,0.0,100000.0,20000.0,1
b50_lb5_k2_eps0p0025,aggregate_only_sync,shot_proportional,5,qnn_11_circuit,qnn,11,circuit,0.0,0.0,0.0,0.0,0.0,100000.0,20000.0,1
b50_lb5_k2_eps0p0025,aggregate_only_sync,shot_proportional,5,qnn_12_circuit,qnn,12,circuit,0.0,0.0,0.0,0.0,0.0,100000.0,20000.0,1
b50_lb5_k2_eps0p0025,aggregate_only_sync,shot_proportional,5,qnn_13_circuit,qnn,13,circuit,0.0,0.0,0.0,0.0,0.0,100000.0,20000.0,1
b50_lb5_k2_eps0p0025,aggregate_only_sync,shot_proportional,5,qnn_14_circuit,qnn,14,circuit,0.0,0.0,0.0,0.0,0.0,100000.0,20000.0,1
b50_lb5_k2_eps0p0025,aggregate_only_sync,shot_proportional,5,qnn_15_circuit,qnn,15,circuit,0.0,0.0,0.0,0.0,0.0,100000.0,20000.0,1
b50_lb5_k2_eps0p0025,aggregate_only_sync,shot_proportional,5,qnn_4_circuit,qnn,4,circuit,0.0101144155844156,0.0101144155844156,0.0101144155844156,0.8075,0.8075,19250.0,3850.0,1
b50_lb5_k2_eps0p0025,aggregate_only_sync,shot_proportional,5,qnn_5_circuit,qnn,5,circuit,0.012456666666666647,0.012456666666666647,0.012456666666666647,0.76,0.76,24000.0,4800.0,1
b50_lb5_k2_eps0p0025,aggregate_only_sync,shot_proportional,5,qnn_6_circuit,qnn,6,circuit,0.013243661971831001,0.013243661971831001,0.013243661971831001,0.645,0.645,35500.0,7100.0,1
b50_lb5_k2_eps0p0025,aggregate_only_sync,shot_proportional,5,qnn_7_circuit,qnn,7,circuit,0.009501138211382118,0.009501138211382118,0.009501138211382118,0.385,0.385,61500.0,12300.0,1
b50_lb5_k2_eps0p0025,aggregate_only_sync,shot_proportional,5,qnn_8_circuit,qnn,8,circuit,0.0072641379310344825,0.0072641379310344825,0.0072641379310344825,0.13,0.13,87000.0,17400.0,1
b50_lb5_k2_eps0p0025,aggregate_only_sync,shot_proportional,5,qnn_9_circuit,qnn,9,circuit,0.0,0.0,0.0,0.0,0.0,100000.0,20000.0,1
b50_lb5_k2_eps0p0025,aggregate_only_sync,shot_proportional,5,random_10_circuit,random,10,circuit,0.0,0.0,0.0,0.0,0.0,100000.0,20000.0,1
b50_lb5_k2_eps0p0025,aggregate_only_sync,shot_proportional,5,random_11_circuit,random,11,circuit,0.0,0.0,0.0,0.0,0.0,100000.0,20000.0,1
b50_lb5_k2_eps0p0025,aggregate_only_sync,shot_proportional,5,random_12_circuit,random,12,circuit,0.0,0.0,0.0,0.0,0.0,100000.0,20000.0,1
b50_lb5_k2_eps0p0025,aggregate_only_sync,shot_proportional,5,random_13_circuit,random,13,circuit,0.0,0.0,0.0,0.0,0.0,100000.0,20000.0,1
b50_lb5_k2_eps0p0025,aggregate_only_sync,shot_proportional,5,random_14_circuit,random,14,circuit,0.0,0.0,0.0,0.0,0.0,100000.0,20000.0,1
b50_lb5_k2_eps0p0025,aggregate_only_sync,shot_proportional,5,random_15_circuit,random,15,circuit,0.0,0.0,0.0,0.0,0.0,100000.0,20000.0,1
b50_lb5_k2_eps0p0025,aggregate_only_sync,shot_proportional,5,random_4_circuit,random,4,circuit,0.006626666666666701,0.006626666666666701,0.006626666666666701,0.85,0.85,15000.0,3000.0,1
b50_lb5_k2_eps0p0025,aggregate_only_sync,shot_proportional,5,random_5_circuit,random,5,circuit,0.009314494382022455,0.009314494382022455,0.009314494382022455,0.7775,0.7775,22250.0,4450.0,1
b50_lb5_k2_eps0p0025,aggregate_only_sync,shot_proportional,5,random_6_circuit,random,6,circuit,0.009688139534883716,0.009688139534883716,0.009688139534883716,0.5700000000000001,0.5700000000000001,43000.0,8600.0,1
b50_lb5_k2_eps0p0025,aggregate_only_sync,shot_proportional,5,random_7_circuit,random,7,circuit,0.009576814159292029,0.009576814159292029,0.009576814159292029,0.43500000000000005,0.43500000000000005,56500.0,11300.0,1
b50_lb5_k2_eps0p0025,aggregate_only_sync,shot_proportional,5,random_8_circuit,random,8,circuit,0.008650120481927717,0.008650120481927717,0.008650120481927717,0.17000000000000004,0.17000000000000004,83000.0,16600.0,1
b50_lb5_k2_eps0p0025,aggregate_only_sync,shot_proportional,5,random_9_circuit,random,9,circuit,0.0,0.0,0.0,0.0,0.0,100000.0,20000.0,1
b50_lb5_k2_eps0p0025,aggregate_only_sync,shot_proportional,5,vqe_10_circuit,vqe,10,circuit,0.015201376146788891,0.015201376146788891,0.015201376146788891,0.7275,0.7275,27250.0,5450.0,1
b50_lb5_k2_eps0p0025,aggregate_only_sync,shot_proportional,5,vqe_11_circuit,vqe,11,circuit,0.016540270270270413,0.016540270270270413,0.016540270270270413,0.7224999999999999,0.7224999999999999,27750.0,5550.0,1
b50_lb5_k2_eps0p0025,aggregate_only_sync,shot_proportional,5,vqe_12_circuit,vqe,12,circuit,0.014780802919707898,0.014780802919707898,0.014780802919707898,0.6575,0.6575,34250.0,6850.0,1
b50_lb5_k2_eps0p0025,aggregate_only_sync,shot_proportional,5,vqe_13_circuit,vqe,13,circuit,0.014705319148935931,0.014705319148935931,0.014705319148935931,0.53,0.53,47000.0,9400.0,1
b50_lb5_k2_eps0p0025,aggregate_only_sync,shot_proportional,5,vqe_14_circuit,vqe,14,circuit,0.015335720164609061,0.015335720164609061,0.015335720164609061,0.39249999999999996,0.39249999999999996,60750.0,12150.0,1
b50_lb5_k2_eps0p0025,aggregate_only_sync,shot_proportional,5,vqe_15_circuit,vqe,15,circuit,0.01591443037974693,0.01591443037974693,0.01591443037974693,0.4075,0.4075,59250.0,11850.0,1
b50_lb5_k2_eps0p0025,aggregate_only_sync,shot_proportional,5,vqe_4_circuit,vqe,4,circuit,0.004272222222222246,0.004272222222222246,0.004272222222222246,0.955,0.955,4500.0,900.0,1
b50_lb5_k2_eps0p0025,aggregate_only_sync,shot_proportional,5,vqe_5_circuit,vqe,5,circuit,0.010196842105263094,0.010196842105263094,0.010196842105263094,0.905,0.905,9500.0,1900.0,1
b50_lb5_k2_eps0p0025,aggregate_only_sync,shot_proportional,5,vqe_6_circuit,vqe,6,circuit,0.005258717948718032,0.005258717948718032,0.005258717948718032,0.9025,0.9025,9750.0,1950.0,1
b50_lb5_k2_eps0p0025,aggregate_only_sync,shot_proportional,5,vqe_7_circuit,vqe,7,circuit,0.012231111111111082,0.012231111111111082,0.012231111111111082,0.8875,0.8875,11250.0,2250.0,1
b50_lb5_k2_eps0p0025,aggregate_only_sync,shot_proportional,5,vqe_8_circuit,vqe,8,circuit,0.008812921348314639,0.008812921348314639,0.008812921348314639,0.7775,0.7775,22250.0,4450.0,1
b50_lb5_k2_eps0p0025,aggregate_only_sync,shot_proportional,5,vqe_9_circuit,vqe,9,circuit,0.010071707317073141,0.010071707317073141,0.010071707317073141,0.795,0.795,20500.0,4100.0,1
b50_lb5_k2_eps0p0025,aggregate_only_sync,uniform,1,dj_10_circuit,dj,10,circuit,0.014354644808743234,0.01730949685534596,0.017799371069182453,0.6025,0.6025,7950.0,7950.0,5
b50_lb5_k2_eps0p0025,aggregate_only_sync,uniform,1,dj_11_circuit,dj,11,circuit,0.013675837320574166,0.017057145581691087,0.017657692307692353,0.48,0.48,10400.0,10400.0,5
b50_lb5_k2_eps0p0025,aggregate_only_sync,uniform,1,dj_12_circuit,dj,12,circuit,0.01617272727272731,0.017745191760401176,0.01811914893617025,0.4125,0.4125,11750.0,11750.0,5
b50_lb5_k2_eps0p0025,aggregate_only_sync,uniform,1,dj_13_circuit,dj,13,circuit,0.017601162790697702,0.018326928092654304,0.01843091286307062,0.39749999999999996,0.39749999999999996,12050.0,12050.0,5
b50_lb5_k2_eps0p0025,aggregate_only_sync,uniform,1,dj_14_circuit,dj,14,circuit,0.015445296167247562,0.019148183846773664,0.019911085972850646,0.2825,0.2825,14350.0,14350.0,5
b50_lb5_k2_eps0p0025,aggregate_only_sync,uniform,1,dj_15_circuit,dj,15,circuit,0.013638343558282175,0.01724260838663828,0.017562189054726413,0.18500000000000005,0.18500000000000005,16300.0,16300.0,5
b50_lb5_k2_eps0p0025,aggregate_only_sync,uniform,1,dj_4_circuit,dj,4,circuit,0.006033783783783786,0.007393450292397641,0.007697368421052611,0.92,0.92,1600.0,1600.0,5
b50_lb5_k2_eps0p0025,aggregate_only_sync,uniform,1,dj_5_circuit,dj,5,circuit,0.0066500000000000075,0.00855038277511964,0.008663636363636392,0.88,0.88,2400.0,2400.0,5
b50_lb5_k2_eps0p0025,aggregate_only_sync,uniform,1,dj_6_circuit,dj,6,circuit,0.008900000000000016,0.014930524876981956,0.015537096774193546,0.845,0.845,3100.0,3100.0,5
b50_lb5_k2_eps0p0025,aggregate_only_sync,uniform,1,dj_7_circuit,dj,7,circuit,0.011137864077669882,0.014313083853083863,0.014985585585585597,0.7725,0.7725,4550.0,4550.0,5
b50_lb5_k2_eps0p0025,aggregate_only_sync,uniform,1,dj_8_circuit,dj,8,circuit,0.010581751824817532,0.018252538636783458,0.01850963302752295,0.7275,0.7275,5450.0,5450.0,5
b50_lb5_k2_eps0p0025,aggregate_only_sync,uniform,1,dj_9_circuit,dj,9,circuit,0.013882748538011722,0.016321727140783737,0.016737735849056586,0.6025,0.6025,7950.0,7950.0,5
b50_lb5_k2_eps0p0025,aggregate_only_sync,uniform,1,qaoa_10_circuit,qaoa,10,circuit,0.0,0.0,0.0,0.0,0.0,20000.0,20000.0,5
b50_lb5_k2_eps0p0025,aggregate_only_sync,uniform,1,qaoa_11_circuit,qaoa,11,circuit,0.0,0.0,0.0,0.0,0.0,20000.0,20000.0,5
b50_lb5_k2_eps0p0025,aggregate_only_sync,uniform,1,qaoa_12_circuit,qaoa,12,circuit,0.0,0.0,0.0,0.0,0.0,20000.0,20000.0,5
b50_lb5_k2_eps0p0025,aggregate_only_sync,uniform,1,qaoa_13_circuit,qaoa,13,circuit,0.0,0.0,0.0,0.0,0.0,20000.0,20000.0,5
b50_lb5_k2_eps0p0025,aggregate_only_sync,uniform,1,qaoa_14_circuit,qaoa,14,circuit,0.0,0.0,0.0,0.0,0.0,20000.0,20000.0,5
b50_lb5_k2_eps0p0025,aggregate_only_sync,uniform,1,qaoa_15_circuit,qaoa,15,circuit,0.0,0.0,0.0,0.0,0.0,20000.0,20000.0,5
b50_lb5_k2_eps0p0025,aggregate_only_sync,uniform,1,qaoa_4_circuit,qaoa,4,circuit,0.011933333333333348,0.015659369369369357,0.01573333333333332,0.775,0.775,4500.0,4500.0,5
b50_lb5_k2_eps0p0025,aggregate_only_sync,uniform,1,qaoa_5_circuit,qaoa,5,circuit,0.013404166666666663,0.015785502273996655,0.01613278145695365,0.585,0.585,8300.0,8300.0,5
b50_lb5_k2_eps0p0025,aggregate_only_sync,uniform,1,qaoa_6_circuit,qaoa,6,circuit,0.010798630136986303,0.01302153538384597,0.01356451612903227,0.27,0.27,14600.0,14600.0,5
b50_lb5_k2_eps0p0025,aggregate_only_sync,uniform,1,qaoa_7_circuit,qaoa,7,circuit,0.0,0.007250842984899578,0.0074214484679665784,0.0,0.0,20000.0,20000.0,5
b50_lb5_k2_eps0p0025,aggregate_only_sync,uniform,1,qaoa_8_circuit,qaoa,8,circuit,0.0,0.0,0.0,0.0,0.0,20000.0,20000.0,5
b50_lb5_k2_eps0p0025,aggregate_only_sync,uniform,1,qaoa_9_circuit,qaoa,9,circuit,0.0,0.0,0.0,0.0,0.0,20000.0,20000.0,5
b50_lb5_k2_eps0p0025,aggregate_only_sync,uniform,1,qft_10_circuit,qft,10,circuit,0.0,0.0,0.0,0.0,0.0,20000.0,20000.0,5
b50_lb5_k2_eps0p0025,aggregate_only_sync,uniform,1,qft_11_circuit,qft,11,circuit,0.0,0.0,0.0,0.0,0.0,20000.0,20000.0,5
b50_lb5_k2_eps0p0025,aggregate_only_sync,uniform,1,qft_12_circuit,qft,12,circuit,0.0,0.0,0.0,0.0,0.0,20000.0,20000.0,5
b50_lb5_k2_eps0p0025,aggregate_only_sync,uniform,1,qft_13_circuit,qft,13,circuit,0.0,0.0,0.0,0.0,0.0,20000.0,20000.0,5
b50_lb5_k2_eps0p0025,aggregate_only_sync,uniform,1,qft_14_circuit,qft,14,circuit,0.0,0.0,0.0,0.0,0.0,20000.0,20000.0,5
b50_lb5_k2_eps0p0025,aggregate_only_sync,uniform,1,qft_15_circuit,qft,15,circuit,0.0,0.0,0.0,0.0,0.0,20000.0,20000.0,5
b50_lb5_k2_eps0p0025,aggregate_only_sync,uniform,1,qft_4_circuit,qft,4,circuit,0.013286363636363655,0.014723665262068456,0.01507155688622755,0.5825,0.5825,8350.0,8350.0,5
b50_lb5_k2_eps0p0025,aggregate_only_sync,uniform,1,qft_5_circuit,qft,5,circuit,0.012215447154471547,0.015043536749419101,0.015381447963800901,0.38,0.38,12400.0,12400.0,5
b50_lb5_k2_eps0p0025,aggregate_only_sync,uniform,1,qft_6_circuit,qft,6,circuit,0.008364942528735634,0.008737663207342875,0.008760662824207496,0.13,0.13,17400.0,17400.0,5
b50_lb5_k2_eps0p0025,aggregate_only_sync,uniform,1,qft_7_circuit,qft,7,circuit,0.0,0.0,0.0,0.0,0.0,20000.0,20000.0,5
b50_lb5_k2_eps0p0025,aggregate_only_sync,uniform,1,qft_8_circuit,qft,8,circuit,0.0,0.0,0.0,0.0,0.0,20000.0,20000.0,5
b50_lb5_k2_eps0p0025,aggregate_only_sync,uniform,1,qft_9_circuit,qft,9,circuit,0.0,0.0,0.0,0.0,0.0,20000.0,20000.0,5
b50_lb5_k2_eps0p0025,aggregate_only_sync,uniform,1,qnn_10_circuit,qnn,10,circuit,0.0,0.0,0.0,0.0,0.0,20000.0,20000.0,5
b50_lb5_k2_eps0p0025,aggregate_only_sync,uniform,1,qnn_11_circuit,qnn,11,circuit,0.0,0.0,0.0,0.0,0.0,20000.0,20000.0,5
b50_lb5_k2_eps0p0025,aggregate_only_sync,uniform,1,qnn_12_circuit,qnn,12,circuit,0.0,0.0,0.0,0.0,0.0,20000.0,20000.0,5
b50_lb5_k2_eps0p0025,aggregate_only_sync,uniform,1,qnn_13_circuit,qnn,13,circuit,0.0,0.0,0.0,0.0,0.0,20000.0,20000.0,5
b50_lb5_k2_eps0p0025,aggregate_only_sync,uniform,1,qnn_14_circuit,qnn,14,circuit,0.0,0.0,0.0,0.0,0.0,20000.0,20000.0,5
b50_lb5_k2_eps0p0025,aggregate_only_sync,uniform,1,qnn_15_circuit,qnn,15,circuit,0.0,0.0,0.0,0.0,0.0,20000.0,20000.0,5
b50_lb5_k2_eps0p0025,aggregate_only_sync,uniform,1,qnn_4_circuit,qnn,4,circuit,0.01573111888111888,0.017445113519322906,0.017554014598540134,0.6575,0.6575,6850.0,6850.0,5
b50_lb5_k2_eps0p0025,aggregate_only_sync,uniform,1,qnn_5_circuit,qnn,5,circuit,0.012733333333333324,0.014437704564870186,0.014766396761133605,0.41000000000000003,0.41000000000000003,11800.0,11800.0,5
b50_lb5_k2_eps0p0025,aggregate_only_sync,uniform,1,qnn_6_circuit,qnn,6,circuit,0.00909242424242425,0.012296783216783225,0.012740209790209798,0.19499999999999995,0.19499999999999995,16100.0,16100.0,5
b50_lb5_k2_eps0p0025,aggregate_only_sync,uniform,1,qnn_7_circuit,qnn,7,circuit,0.0,0.0,0.0,0.0,0.0,20000.0,20000.0,5
b50_lb5_k2_eps0p0025,aggregate_only_sync,uniform,1,qnn_8_circuit,qnn,8,circuit,0.0,0.0,0.0,0.0,0.0,20000.0,20000.0,5
b50_lb5_k2_eps0p0025,aggregate_only_sync,uniform,1,qnn_9_circuit,qnn,9,circuit,0.0,0.0,0.0,0.0,0.0,20000.0,20000.0,5
b50_lb5_k2_eps0p0025,aggregate_only_sync,uniform,1,random_10_circuit,random,10,circuit,0.0,0.0,0.0,0.0,0.0,20000.0,20000.0,5
b50_lb5_k2_eps0p0025,aggregate_only_sync,uniform,1,random_11_circuit,random,11,circuit,0.0,0.0,0.0,0.0,0.0,20000.0,20000.0,5
b50_lb5_k2_eps0p0025,aggregate_only_sync,uniform,1,random_12_circuit,random,12,circuit,0.0,0.0,0.0,0.0,0.0,20000.0,20000.0,5
b50_lb5_k2_eps0p0025,aggregate_only_sync,uniform,1,random_13_circuit,random,13,circuit,0.0,0.0,0.0,0.0,0.0,20000.0,20000.0,5
b50_lb5_k2_eps0p0025,aggregate_only_sync,uniform,1,random_14_circuit,random,14,circuit,0.0,0.0,0.0,0.0,0.0,20000.0,20000.0,5
b50_lb5_k2_eps0p0025,aggregate_only_sync,uniform,1,random_15_circuit,random,15,circuit,0.0,0.0,0.0,0.0,0.0,20000.0,20000.0,5
b50_lb5_k2_eps0p0025,aggregate_only_sync,uniform,1,random_4_circuit,random,4,circuit,0.010995454545454569,0.014819369369369378,0.015350000000000011,0.6825,0.6825,6350.0,6350.0,5
b50_lb5_k2_eps0p0025,aggregate_only_sync,uniform,1,random_5_circuit,random,5,circuit,0.011512130177514778,0.01364114742193173,0.013828395061728387,0.5775,0.5775,8450.0,8450.0,5
b50_lb5_k2_eps0p0025,aggregate_only_sync,uniform,1,random_6_circuit,random,6,circuit,0.00913095238095238,0.011042893432854552,0.011155369127516787,0.19499999999999995,0.19499999999999995,16100.0,16100.0,5
b50_lb5_k2_eps0p0025,aggregate_only_sync,uniform,1,random_7_circuit,random,7,circuit,0.0,0.0,0.0,0.0,0.0,20000.0,20000.0,5
b50_lb5_k2_eps0p0025,aggregate_only_sync,uniform,1,random_8_circuit,random,8,circuit,0.0,0.0,0.0,0.0,0.0,20000.0,20000.0,5
b50_lb5_k2_eps0p0025,aggregate_only_sync,uniform,1,random_9_circuit,random,9,circuit,0.0,0.0,0.0,0.0,0.0,20000.0,20000.0,5
b50_lb5_k2_eps0p0025,aggregate_only_sync,uniform,1,vqe_10_circuit,vqe,10,circuit,0.017350000000000088,0.021091515637530117,0.02186206896551728,0.5,0.5,10000.0,10000.0,5
b50_lb5_k2_eps0p0025,aggregate_only_sync,uniform,1,vqe_11_circuit,vqe,11,circuit,0.014976991150442466,0.018357234042553176,0.018434042553191463,0.43500000000000005,0.43500000000000005,11300.0,11300.0,5
b50_lb5_k2_eps0p0025,aggregate_only_sync,uniform,1,vqe_12_circuit,vqe,12,circuit,0.015366788321167977,0.019295351141749278,0.020063507109004782,0.47250000000000003,0.47250000000000003,10550.0,10550.0,5
b50_lb5_k2_eps0p0025,aggregate_only_sync,uniform,1,vqe_13_circuit,vqe,13,circuit,0.010098882681564256,0.019523434753211766,0.020461764705882506,0.10499999999999998,0.10499999999999998,17900.0,17900.0,5
b50_lb5_k2_eps0p0025,aggregate_only_sync,uniform,1,vqe_14_circuit,vqe,14,circuit,0.0,0.017224392614188632,0.018683333333333434,0.0,0.0,20000.0,20000.0,5
b50_lb5_k2_eps0p0025,aggregate_only_sync,uniform,1,vqe_15_circuit,vqe,15,circuit,0.0,0.01309117903604576,0.015205035971223016,0.0,0.0,20000.0,20000.0,5
b50_lb5_k2_eps0p0025,aggregate_only_sync,uniform,1,vqe_4_circuit,vqe,4,circuit,0.006288235294117608,0.010405588972431098,0.010942105263157921,0.905,0.905,1900.0,1900.0,5
b50_lb5_k2_eps0p0025,aggregate_only_sync,uniform,1,vqe_5_circuit,vqe,5,circuit,0.011348101265822797,0.015283492063492074,0.016165079365079382,0.825,0.825,3500.0,3500.0,5
b50_lb5_k2_eps0p0025,aggregate_only_sync,uniform,1,vqe_6_circuit,vqe,6,circuit,0.010297368421052661,0.014604357398873523,0.015637301587301575,0.845,0.845,3100.0,3100.0,5
b50_lb5_k2_eps0p0025,aggregate_only_sync,uniform,1,vqe_7_circuit,vqe,7,circuit,0.012683027522935804,0.014810000000000025,0.015316666666666685,0.73,0.73,5400.0,5400.0,5
b50_lb5_k2_eps0p0025,aggregate_only_sync,uniform,1,vqe_8_circuit,vqe,8,circuit,0.015262189054726373,0.01778658791419679,0.018078625954198492,0.6575,0.6575,6850.0,6850.0,5
b50_lb5_k2_eps0p0025,aggregate_only_sync,uniform,1,vqe_9_circuit,vqe,9,circuit,0.016044134078212303,0.01833496855345914,0.018883333333333353,0.6025,0.6025,7950.0,7950.0,5
b50_lb5_k2_eps0p0025,aggregate_only_sync,uniform,2,dj_10_circuit,dj,10,circuit,0.013570437877480605,0.01556012446873105,0.01623703703703701,0.67375,0.67375,13050.0,6525.0,10
b50_lb5_k2_eps0p0025,aggregate_only_sync,uniform,2,dj_11_circuit,dj,11,circuit,0.014710365978327582,0.015903264650189323,0.01635948275862068,0.62125,0.62125,15150.0,7575.0,10
b50_lb5_k2_eps0p0025,aggregate_only_sync,uniform,2,dj_12_circuit,dj,12,circuit,0.01556384508348796,0.01745540110356532,0.01786495215310999,0.55,0.55,18000.0,9000.0,10
b50_lb5_k2_eps0p0025,aggregate_only_sync,uniform,2,dj_13_circuit,dj,13,circuit,0.015882859966708338,0.017437678571428455,0.017857142857142665,0.53625,0.53625,18550.0,9275.0,10
b50_lb5_k2_eps0p0025,aggregate_only_sync,uniform,2,dj_14_circuit,dj,14,circuit,0.01605644863266812,0.01851570799201473,0.019244095477386855,0.4325,0.4325,22700.0,11350.0,10
b50_lb5_k2_eps0p0025,aggregate_only_sync,uniform,2,dj_15_circuit,dj,15,circuit,0.015431650731158462,0.018185731203721023,0.018792139737990994,0.34249999999999997,0.34249999999999997,26300.0,13150.0,10
b50_lb5_k2_eps0p0025,aggregate_only_sync,uniform,2,dj_4_circuit,dj,4,circuit,0.00521011904761904,0.00851875,0.009849999999999939,0.9475,0.9475,2100.0,1050.0,10
b50_lb5_k2_eps0p0025,aggregate_only_sync,uniform,2,dj_5_circuit,dj,5,circuit,0.0056914898132427675,0.007397884615384646,0.0076211538461538764,0.90625,0.90625,3750.0,1875.0,10
b50_lb5_k2_eps0p0025,aggregate_only_sync,uniform,2,dj_6_circuit,dj,6,circuit,0.008191902645721363,0.009783663793103421,0.010524999999999998,0.85375,0.85375,5850.0,2925.0,10
b50_lb5_k2_eps0p0025,aggregate_only_sync,uniform,2,dj_7_circuit,dj,7,circuit,0.009856060606060646,0.012827770270270275,0.013175000000000006,0.8200000000000001,0.8200000000000001,7200.0,3600.0,10
b50_lb5_k2_eps0p0025,aggregate_only_sync,uniform,2,dj_8_circuit,dj,8,circuit,0.01079898989898991,0.013374712885154051,0.014323809523809518,0.7725,0.7725,9100.0,4550.0,10
b50_lb5_k2_eps0p0025,aggregate_only_sync,uniform,2,dj_9_circuit,dj,9,circuit,0.012152491492464786,0.01385493990384613,0.014140625,0.7275,0.7275,10900.0,5450.0,10
b50_lb5_k2_eps0p0025,aggregate_only_sync,uniform,2,qaoa_10_circuit,qaoa,10,circuit,0.0,0.0,0.0,0.0,0.0,40000.0,20000.0,10
b50_lb5_k2_eps0p0025,aggregate_only_sync,uniform,2,qaoa_11_circuit,qaoa,11,circuit,0.0,0.0,0.0,0.0,0.0,40000.0,20000.0,10
b50_lb5_k2_eps0p0025,aggregate_only_sync,uniform,2,qaoa_12_circuit,qaoa,12,circuit,0.0,0.0,0.0,0.0,0.0,40000.0,20000.0,10
b50_lb5_k2_eps0p0025,aggregate_only_sync,uniform,2,qaoa_13_circuit,qaoa,13,circuit,0.0,0.0,0.0,0.0,0.0,40000.0,20000.0,10
b50_lb5_k2_eps0p0025,aggregate_only_sync,uniform,2,qaoa_14_circuit,qaoa,14,circuit,0.0,0.0,0.0,0.0,0.0,40000.0,20000.0,10
b50_lb5_k2_eps0p0025,aggregate_only_sync,uniform,2,qaoa_15_circuit,qaoa,15,circuit,0.0,0.0,0.0,0.0,0.0,40000.0,20000.0,10
b50_lb5_k2_eps0p0025,aggregate_only_sync,uniform,2,qaoa_4_circuit,qaoa,4,circuit,0.01064593081887857,0.013225757020756996,0.013967460317460314,0.845,0.845,6200.0,3100.0,10
b50_lb5_k2_eps0p0025,aggregate_only_sync,uniform,2,qaoa_5_circuit,qaoa,5,circuit,0.0127315476190476,0.014660216090425515,0.01522340425531913,0.67125,0.67125,13150.0,6575.0,10
b50_lb5_k2_eps0p0025,aggregate_only_sync,uniform,2,qaoa_6_circuit,qaoa,6,circuit,0.011866366832092653,0.014409541420118332,0.014918181818181813,0.51,0.51,19600.0,9800.0,10
b50_lb5_k2_eps0p0025,aggregate_only_sync,uniform,2,qaoa_7_circuit,qaoa,7,circuit,0.009827619080179251,0.012092705602641175,0.012538356164383568,0.22875,0.22875,30850.0,15425.0,10
b50_lb5_k2_eps0p0025,aggregate_only_sync,uniform,2,qaoa_8_circuit,qaoa,8,circuit,0.0067593806921675955,0.009265756027760873,0.009326183431952649,0.09249999999999997,0.09249999999999997,36300.0,18150.0,10
b50_lb5_k2_eps0p0025,aggregate_only_sync,uniform,2,qaoa_9_circuit,qaoa,9,circuit,0.0,0.0,0.0,0.0,0.0,40000.0,20000.0,10
b50_lb5_k2_eps0p0025,aggregate_only_sync,uniform,2,qft_10_circuit,qft,10,circuit,0.0,0.0,0.0,0.0,0.0,40000.0,20000.0,10
b50_lb5_k2_eps0p0025,aggregate_only_sync,uniform,2,qft_11_circuit,qft,11,circuit,0.0,0.0,0.0,0.0,0.0,40000.0,20000.0,10
b50_lb5_k2_eps0p0025,aggregate_only_sync,uniform,2,qft_12_circuit,qft,12,circuit,0.0,0.0,0.0,0.0,0.0,40000.0,20000.0,10
b50_lb5_k2_eps0p0025,aggregate_only_sync,uniform,2,qft_13_circuit,qft,13,circuit,0.0,0.0,0.0,0.0,0.0,40000.0,20000.0,10
b50_lb5_k2_eps0p0025,aggregate_only_sync,uniform,2,qft_14_circuit,qft,14,circuit,0.0,0.0,0.0,0.0,0.0,40000.0,20000.0,10
b50_lb5_k2_eps0p0025,aggregate_only_sync,uniform,2,qft_15_circuit,qft,15,circuit,0.0,0.0,0.0,0.0,0.0,40000.0,20000.0,10
b50_lb5_k2_eps0p0025,aggregate_only_sync,uniform,2,qft_4_circuit,qft,4,circuit,0.013186917372881371,0.01773708073727933,0.01888611111111111,0.70875,0.70875,11650.0,5825.0,10
b50_lb5_k2_eps0p0025,aggregate_only_sync,uniform,2,qft_5_circuit,qft,5,circuit,0.012947067901234555,0.014690919312169308,0.014950661375661374,0.56125,0.56125,17550.0,8775.0,10
b50_lb5_k2_eps0p0025,aggregate_only_sync,uniform,2,qft_6_circuit,qft,6,circuit,0.01188659005160074,0.013610893353002428,0.013635820895522382,0.33875,0.33875,26450.0,13225.0,10
b50_lb5_k2_eps0p0025,aggregate_only_sync,uniform,2,qft_7_circuit,qft,7,circuit,0.002839720812182739,0.007455779231360131,0.0077983193277310885,0.015000000000000013,0.015000000000000013,39400.0,19700.0,10
b50_lb5_k2_eps0p0025,aggregate_only_sync,uniform,2,qft_8_circuit,qft,8,circuit,0.0,0.0,0.0,0.0,0.0,40000.0,20000.0,10
b50_lb5_k2_eps0p0025,aggregate_only_sync,uniform,2,qft_9_circuit,qft,9,circuit,0.0,0.0,0.0,0.0,0.0,40000.0,20000.0,10
b50_lb5_k2_eps0p0025,aggregate_only_sync,uniform,2,qnn_10_circuit,qnn,10,circuit,0.0,0.0,0.0,0.0,0.0,40000.0,20000.0,10
b50_lb5_k2_eps0p0025,aggregate_only_sync,uniform,2,qnn_11_circuit,qnn,11,circuit,0.0,0.0,0.0,0.0,0.0,40000.0,20000.0,10
b50_lb5_k2_eps0p0025,aggregate_only_sync,uniform,2,qnn_12_circuit,qnn,12,circuit,0.0,0.0,0.0,0.0,0.0,40000.0,20000.0,10
b50_lb5_k2_eps0p0025,aggregate_only_sync,uniform,2,qnn_13_circuit,qnn,13,circuit,0.0,0.0,0.0,0.0,0.0,40000.0,20000.0,10
b50_lb5_k2_eps0p0025,aggregate_only_sync,uniform,2,qnn_14_circuit,qnn,14,circuit,0.0,0.0,0.0,0.0,0.0,40000.0,20000.0,10
b50_lb5_k2_eps0p0025,aggregate_only_sync,uniform,2,qnn_15_circuit,qnn,15,circuit,0.0,0.0,0.0,0.0,0.0,40000.0,20000.0,10
b50_lb5_k2_eps0p0025,aggregate_only_sync,uniform,2,qnn_4_circuit,qnn,4,circuit,0.01170157337128397,0.014205543394777266,0.014281182795698916,0.7649999999999999,0.7649999999999999,9400.0,4700.0,10
b50_lb5_k2_eps0p0025,aggregate_only_sync,uniform,2,qnn_5_circuit,qnn,5,circuit,0.013180448717948724,0.01619916551066413,0.016463356164383568,0.6074999999999999,0.6074999999999999,15700.0,7850.0,10
b50_lb5_k2_eps0p0025,aggregate_only_sync,uniform,2,qnn_6_circuit,qnn,6,circuit,0.011574999999999988,0.014025488758081617,0.014566279069767422,0.43000000000000005,0.43000000000000005,22800.0,11400.0,10
b50_lb5_k2_eps0p0025,aggregate_only_sync,uniform,2,qnn_7_circuit,qnn,7,circuit,0.0063346075527582375,0.00686376393722174,0.006955710306406688,0.08250000000000002,0.08250000000000002,36700.0,18350.0,10
b50_lb5_k2_eps0p0025,aggregate_only_sync,uniform,2,qnn_8_circuit,qnn,8,circuit,0.0,0.0,0.0,0.0,0.0,40000.0,20000.0,10
b50_lb5_k2_eps0p0025,aggregate_only_sync,uniform,2,qnn_9_circuit,qnn,9,circuit,0.0,0.0,0.0,0.0,0.0,40000.0,20000.0,10
b50_lb5_k2_eps0p0025,aggregate_only_sync,uniform,2,random_10_circuit,random,10,circuit,0.0,0.0,0.0,0.0,0.0,40000.0,20000.0,10
b50_lb5_k2_eps0p0025,aggregate_only_sync,uniform,2,random_11_circuit,random,11,circuit,0.0,0.0,0.0,0.0,0.0,40000.0,20000.0,10
b50_lb5_k2_eps0p0025,aggregate_only_sync,uniform,2,random_12_circuit,random,12,circuit,0.0,0.0,0.0,0.0,0.0,40000.0,20000.0,10
b50_lb5_k2_eps0p0025,aggregate_only_sync,uniform,2,random_13_circuit,random,13,circuit,0.0,0.0,0.0,0.0,0.0,40000.0,20000.0,10
b50_lb5_k2_eps0p0025,aggregate_only_sync,uniform,2,random_14_circuit,random,14,circuit,0.0,0.0,0.0,0.0,0.0,40000.0,20000.0,10
b50_lb5_k2_eps0p0025,aggregate_only_sync,uniform,2,random_15_circuit,random,15,circuit,0.0,0.0,0.0,0.0,0.0,40000.0,20000.0,10
b50_lb5_k2_eps0p0025,aggregate_only_sync,uniform,2,random_4_circuit,random,4,circuit,0.007006129877693635,0.010859973667579528,0.010864893617021264,0.7637499999999999,0.7637499999999999,9450.0,4725.0,10
b50_lb5_k2_eps0p0025,aggregate_only_sync,uniform,2,random_5_circuit,random,5,circuit,0.012805828779599264,0.015117904135338353,0.01639642857142858,0.6875,0.6875,12500.0,6250.0,10
b50_lb5_k2_eps0p0025,aggregate_only_sync,uniform,2,random_6_circuit,random,6,circuit,0.011228206391529483,0.013546613876319754,0.014723039215686273,0.41750000000000004,0.41750000000000004,23300.0,11650.0,10
b50_lb5_k2_eps0p0025,aggregate_only_sync,uniform,2,random_7_circuit,random,7,circuit,0.0068333728892693135,0.010754623459607487,0.011142172523961668,0.10375000000000001,0.10375000000000001,35850.0,17925.0,10
b50_lb5_k2_eps0p0025,aggregate_only_sync,uniform,2,random_8_circuit,random,8,circuit,0.0,0.0,0.0,0.0,0.0,40000.0,20000.0,10
b50_lb5_k2_eps0p0025,aggregate_only_sync,uniform,2,random_9_circuit,random,9,circuit,0.0,0.0,0.0,0.0,0.0,40000.0,20000.0,10
b50_lb5_k2_eps0p0025,aggregate_only_sync,uniform,2,vqe_10_circuit,vqe,10,circuit,0.016351610644257664,0.019499318450039275,0.01965241935483865,0.6125,0.6125,15500.0,7750.0,10
b50_lb5_k2_eps0p0025,aggregate_only_sync,uniform,2,vqe_11_circuit,vqe,11,circuit,0.016181208609271504,0.020597543859649035,0.020639473684210437,0.6,0.6,16000.0,8000.0,10
b50_lb5_k2_eps0p0025,aggregate_only_sync,uniform,2,vqe_12_circuit,vqe,12,circuit,0.015357225355895739,0.01717209094684382,0.018024418604651087,0.545,0.545,18200.0,9100.0,10
b50_lb5_k2_eps0p0025,aggregate_only_sync,uniform,2,vqe_13_circuit,vqe,13,circuit,0.01536451786193935,0.017026048632218783,0.017739893617021208,0.38,0.38,24800.0,12400.0,10
b50_lb5_k2_eps0p0025,aggregate_only_sync,uniform,2,vqe_14_circuit,vqe,14,circuit,0.01443153977188542,0.017784785841795322,0.01817236286919822,0.23125,0.23125,30750.0,15375.0,10
b50_lb5_k2_eps0p0025,aggregate_only_sync,uniform,2,vqe_15_circuit,vqe,15,circuit,0.011658578431372437,0.015700682773109254,0.017937605042016806,0.16125,0.16125,33550.0,16775.0,10
b50_lb5_k2_eps0p0025,aggregate_only_sync,uniform,2,vqe_4_circuit,vqe,4,circuit,0.0042850369458127865,0.006297748868778207,0.006526923076923,0.9125,0.9125,3500.0,1750.0,10
b50_lb5_k2_eps0p0025,aggregate_only_sync,uniform,2,vqe_5_circuit,vqe,5,circuit,0.0084669002607562,0.014010193577431006,0.01562602040816329,0.85,0.85,6000.0,3000.0,10
b50_lb5_k2_eps0p0025,aggregate_only_sync,uniform,2,vqe_6_circuit,vqe,6,circuit,0.008160576923076951,0.010881639344262275,0.011364344262295031,0.8600000000000001,0.8600000000000001,5600.0,2800.0,10
b50_lb5_k2_eps0p0025,aggregate_only_sync,uniform,2,vqe_7_circuit,vqe,7,circuit,0.009487012987013045,0.01367749999999996,0.014940909090909024,0.8025,0.8025,7900.0,3950.0,10
b50_lb5_k2_eps0p0025,aggregate_only_sync,uniform,2,vqe_8_circuit,vqe,8,circuit,0.01156775862068965,0.014712151649284522,0.015033064516129041,0.7012499999999999,0.7012499999999999,11950.0,5975.0,10
b50_lb5_k2_eps0p0025,aggregate_only_sync,uniform,2,vqe_9_circuit,vqe,9,circuit,0.012932721088435399,0.018528749999999955,0.020449999999999934,0.6875,0.6875,12500.0,6250.0,10
b50_lb5_k2_eps0p0025,aggregate_only_sync,uniform,3,dj_10_circuit,dj,10,circuit,0.012826690576245067,0.013859522912270208,0.01418271028037394,0.725,0.725,16500.0,5500.0,10
b50_lb5_k2_eps0p0025,aggregate_only_sync,uniform,3,dj_11_circuit,dj,11,circuit,0.01364065399911633,0.015362337384457433,0.015674803149606377,0.6799999999999999,0.6799999999999999,19200.0,6400.0,10
b50_lb5_k2_eps0p0025,aggregate_only_sync,uniform,3,dj_12_circuit,dj,12,circuit,0.014922836885577426,0.01649893345957083,0.016888342967244684,0.62,0.62,22800.0,7600.0,10
b50_lb5_k2_eps0p0025,aggregate_only_sync,uniform,3,dj_13_circuit,dj,13,circuit,0.015864606741573098,0.018099895712256214,0.018157490636704028,0.5625,0.5625,26250.0,8750.0,10
b50_lb5_k2_eps0p0025,aggregate_only_sync,uniform,3,dj_14_circuit,dj,14,circuit,0.016443046545154986,0.01799020415522455,0.01811311336717434,0.5137499999999999,0.5137499999999999,29175.0,9725.0,10
b50_lb5_k2_eps0p0025,aggregate_only_sync,uniform,3,dj_15_circuit,dj,15,circuit,0.016589115646258583,0.01882226246316652,0.018903623188405647,0.40375,0.40375,35775.0,11925.0,10
b50_lb5_k2_eps0p0025,aggregate_only_sync,uniform,3,dj_4_circuit,dj,4,circuit,0.004765079365079352,0.007389166666666627,0.008266666666666606,0.9512499999999999,0.9512499999999999,2925.0,975.0,10
b50_lb5_k2_eps0p0025,aggregate_only_sync,uniform,3,dj_5_circuit,dj,5,circuit,0.005022619047619031,0.008135833333333347,0.00816666666666667,0.91625,0.91625,5025.0,1675.0,10
b50_lb5_k2_eps0p0025,aggregate_only_sync,uniform,3,dj_6_circuit,dj,6,circuit,0.006897222222222211,0.009453416289592745,0.009991176470588253,0.8787499999999999,0.8787499999999999,7275.0,2425.0,10
b50_lb5_k2_eps0p0025,aggregate_only_sync,uniform,3,dj_7_circuit,dj,7,circuit,0.008591836734693877,0.009538809523809503,0.009716666666666656,0.8274999999999999,0.8274999999999999,10350.0,3450.0,10
b50_lb5_k2_eps0p0025,aggregate_only_sync,uniform,3,dj_8_circuit,dj,8,circuit,0.008987659289067747,0.011495555555555592,0.011705555555555603,0.8125,0.8125,11250.0,3750.0,10
b50_lb5_k2_eps0p0025,aggregate_only_sync,uniform,3,dj_9_circuit,dj,9,circuit,0.011057780745557987,0.012614965371469736,0.012917584097859378,0.7424999999999999,0.7424999999999999,15450.0,5150.0,10
b50_lb5_k2_eps0p0025,aggregate_only_sync,uniform,3,qaoa_10_circuit,qaoa,10,circuit,0.0,0.0,0.0,0.0,0.0,60000.0,20000.0,10
b50_lb5_k2_eps0p0025,aggregate_only_sync,uniform,3,qaoa_11_circuit,qaoa,11,circuit,0.0,0.0,0.0,0.0,0.0,60000.0,20000.0,10
b50_lb5_k2_eps0p0025,aggregate_only_sync,uniform,3,qaoa_12_circuit,qaoa,12,circuit,0.0,0.0,0.0,0.0,0.0,60000.0,20000.0,10
b50_lb5_k2_eps0p0025,aggregate_only_sync,uniform,3,qaoa_13_circuit,qaoa,13,circuit,0.0,0.0,0.0,0.0,0.0,60000.0,20000.0,10
b50_lb5_k2_eps0p0025,aggregate_only_sync,uniform,3,qaoa_14_circuit,qaoa,14,circuit,0.0,0.0,0.0,0.0,0.0,60000.0,20000.0,10
b50_lb5_k2_eps0p0025,aggregate_only_sync,uniform,3,qaoa_15_circuit,qaoa,15,circuit,0.0,0.0,0.0,0.0,0.0,60000.0,20000.0,10
b50_lb5_k2_eps0p0025,aggregate_only_sync,uniform,3,qaoa_4_circuit,qaoa,4,circuit,0.011171913580246901,0.014250081699346398,0.014672875816993437,0.86375,0.86375,8175.0,2725.0,10
b50_lb5_k2_eps0p0025,aggregate_only_sync,uniform,3,qaoa_5_circuit,qaoa,5,circuit,0.011009076707606114,0.013942163299663303,0.014464814814814814,0.73875,0.73875,15675.0,5225.0,10
b50_lb5_k2_eps0p0025,aggregate_only_sync,uniform,3,qaoa_6_circuit,qaoa,6,circuit,0.01259228167616558,0.014382136465324392,0.014416666666666678,0.62625,0.62625,22425.0,7475.0,10
b50_lb5_k2_eps0p0025,aggregate_only_sync,uniform,3,qaoa_7_circuit,qaoa,7,circuit,0.011411667555200157,0.012714687463093583,0.012812165963431791,0.385,0.385,36900.0,12300.0,10
b50_lb5_k2_eps0p0025,aggregate_only_sync,uniform,3,qaoa_8_circuit,qaoa,8,circuit,0.010098315487446479,0.010950541237113419,0.011323711340206188,0.2675,0.2675,43950.0,14650.0,10
b50_lb5_k2_eps0p0025,aggregate_only_sync,uniform,3,qaoa_9_circuit,qaoa,9,circuit,0.0017681972789115675,0.005532691559277888,0.005614235190097244,0.010000000000000009,0.010000000000000009,59400.0,19800.0,10
b50_lb5_k2_eps0p0025,aggregate_only_sync,uniform,3,qft_10_circuit,qft,10,circuit,0.0,0.0,0.0,0.0,0.0,60000.0,20000.0,10
b50_lb5_k2_eps0p0025,aggregate_only_sync,uniform,3,qft_11_circuit,qft,11,circuit,0.0,0.0,0.0,0.0,0.0,60000.0,20000.0,10
b50_lb5_k2_eps0p0025,aggregate_only_sync,uniform,3,qft_12_circuit,qft,12,circuit,0.0,0.0,0.0,0.0,0.0,60000.0,20000.0,10
b50_lb5_k2_eps0p0025,aggregate_only_sync,uniform,3,qft_13_circuit,qft,13,circuit,0.0,0.0,0.0,0.0,0.0,60000.0,20000.0,10
b50_lb5_k2_eps0p0025,aggregate_only_sync,uniform,3,qft_14_circuit,qft,14,circuit,0.0,0.0,0.0,0.0,0.0,60000.0,20000.0,10
b50_lb5_k2_eps0p0025,aggregate_only_sync,uniform,3,qft_15_circuit,qft,15,circuit,0.0,0.0,0.0,0.0,0.0,60000.0,20000.0,10
b50_lb5_k2_eps0p0025,aggregate_only_sync,uniform,3,qft_4_circuit,qft,4,circuit,0.011925375738056907,0.015537964576074332,0.015688095238095244,0.7324999999999999,0.7324999999999999,16050.0,5350.0,10
b50_lb5_k2_eps0p0025,aggregate_only_sync,uniform,3,qft_5_circuit,qft,5,circuit,0.012217639902676401,0.013923452223871572,0.014478423772609807,0.635,0.635,21900.0,7300.0,10
b50_lb5_k2_eps0p0025,aggregate_only_sync,uniform,3,qft_6_circuit,qft,6,circuit,0.012405921131487477,0.014000325614263967,0.014135007610350074,0.45625,0.45625,32625.0,10875.0,10
b50_lb5_k2_eps0p0025,aggregate_only_sync,uniform,3,qft_7_circuit,qft,7,circuit,0.008988703839023534,0.009911242450388264,0.00999508196721311,0.1975,0.1975,48150.0,16050.0,10
b50_lb5_k2_eps0p0025,aggregate_only_sync,uniform,3,qft_8_circuit,qft,8,circuit,0.0,0.0,0.0,0.0,0.0,60000.0,20000.0,10
b50_lb5_k2_eps0p0025,aggregate_only_sync,uniform,3,qft_9_circuit,qft,9,circuit,0.0,0.0,0.0,0.0,0.0,60000.0,20000.0,10
b50_lb5_k2_eps0p0025,aggregate_only_sync,uniform,3,qnn_10_circuit,qnn,10,circuit,0.0,0.0,0.0,0.0,0.0,60000.0,20000.0,10
b50_lb5_k2_eps0p0025,aggregate_only_sync,uniform,3,qnn_11_circuit,qnn,11,circuit,0.0,0.0,0.0,0.0,0.0,60000.0,20000.0,10
b50_lb5_k2_eps0p0025,aggregate_only_sync,uniform,3,qnn_12_circuit,qnn,12,circuit,0.0,0.0,0.0,0.0,0.0,60000.0,20000.0,10
b50_lb5_k2_eps0p0025,aggregate_only_sync,uniform,3,qnn_13_circuit,qnn,13,circuit,0.0,0.0,0.0,0.0,0.0,60000.0,20000.0,10
b50_lb5_k2_eps0p0025,aggregate_only_sync,uniform,3,qnn_14_circuit,qnn,14,circuit,0.0,0.0,0.0,0.0,0.0,60000.0,20000.0,10
b50_lb5_k2_eps0p0025,aggregate_only_sync,uniform,3,qnn_15_circuit,qnn,15,circuit,0.0,0.0,0.0,0.0,0.0,60000.0,20000.0,10
b50_lb5_k2_eps0p0025,aggregate_only_sync,uniform,3,qnn_4_circuit,qnn,4,circuit,0.010747057159026602,0.012324973544973535,0.012856349206349184,0.78125,0.78125,13125.0,4375.0,10
b50_lb5_k2_eps0p0025,aggregate_only_sync,uniform,3,qnn_5_circuit,qnn,5,circuit,0.012076558051249627,0.013612337299660037,0.014065517241379322,0.645,0.645,21300.0,7100.0,10
b50_lb5_k2_eps0p0025,aggregate_only_sync,uniform,3,qnn_6_circuit,qnn,6,circuit,0.011230723158828747,0.012966041591356392,0.013499568221070802,0.52375,0.52375,28575.0,9525.0,10
b50_lb5_k2_eps0p0025,aggregate_only_sync,uniform,3,qnn_7_circuit,qnn,7,circuit,0.009344350282485876,0.011223157454960463,0.01146075650118204,0.23750000000000004,0.23750000000000004,45750.0,15250.0,10
b50_lb5_k2_eps0p0025,aggregate_only_sync,uniform,3,qnn_8_circuit,qnn,8,circuit,0.0,0.0027079449558879936,0.002832489451476787,0.0,0.0,60000.0,20000.0,10
b50_lb5_k2_eps0p0025,aggregate_only_sync,uniform,3,qnn_9_circuit,qnn,9,circuit,0.0,0.0,0.0,0.0,0.0,60000.0,20000.0,10
b50_lb5_k2_eps0p0025,aggregate_only_sync,uniform,3,random_10_circuit,random,10,circuit,0.0,0.0,0.0,0.0,0.0,60000.0,20000.0,10
b50_lb5_k2_eps0p0025,aggregate_only_sync,uniform,3,random_11_circuit,random,11,circuit,0.0,0.0,0.0,0.0,0.0,60000.0,20000.0,10
b50_lb5_k2_eps0p0025,aggregate_only_sync,uniform,3,random_12_circuit,random,12,circuit,0.0,0.0,0.0,0.0,0.0,60000.0,20000.0,10
b50_lb5_k2_eps0p0025,aggregate_only_sync,uniform,3,random_13_circuit,random,13,circuit,0.0,0.0,0.0,0.0,0.0,60000.0,20000.0,10
b50_lb5_k2_eps0p0025,aggregate_only_sync,uniform,3,random_14_circuit,random,14,circuit,0.0,0.0,0.0,0.0,0.0,60000.0,20000.0,10
b50_lb5_k2_eps0p0025,aggregate_only_sync,uniform,3,random_15_circuit,random,15,circuit,0.0,0.0,0.0,0.0,0.0,60000.0,20000.0,10
b50_lb5_k2_eps0p0025,aggregate_only_sync,uniform,3,random_4_circuit,random,4,circuit,0.007829464285714268,0.009335929487179494,0.009344871794871819,0.7887500000000001,0.7887500000000001,12675.0,4225.0,10
b50_lb5_k2_eps0p0025,aggregate_only_sync,uniform,3,random_5_circuit,random,5,circuit,0.010143970013037792,0.014145838171262696,0.014480769230769241,0.72625,0.72625,16425.0,5475.0,10
b50_lb5_k2_eps0p0025,aggregate_only_sync,uniform,3,random_6_circuit,random,6,circuit,0.01236321448119478,0.013690727346424058,0.014101098901098893,0.5225,0.5225,28650.0,9550.0,10
b50_lb5_k2_eps0p0025,aggregate_only_sync,uniform,3,random_7_circuit,random,7,circuit,0.010199255001593126,0.011605616488758451,0.0119040312876053,0.28625,0.28625,42825.0,14275.0,10
b50_lb5_k2_eps0p0025,aggregate_only_sync,uniform,3,random_8_circuit,random,8,circuit,0.0,0.0014416033755274237,0.0026210970464135026,0.0,0.0,60000.0,20000.0,10
b50_lb5_k2_eps0p0025,aggregate_only_sync,uniform,3,random_9_circuit,random,9,circuit,0.0,0.0,0.0,0.0,0.0,60000.0,20000.0,10
b50_lb5_k2_eps0p0025,aggregate_only_sync,uniform,3,vqe_10_circuit,vqe,10,circuit,0.01589316214088949,0.01699019025875192,0.0171205479452055,0.65,0.65,21000.0,7000.0,10
b50_lb5_k2_eps0p0025,aggregate_only_sync,uniform,3,vqe_11_circuit,vqe,11,circuit,0.016528577162351992,0.01936226763432644,0.019448622589531686,0.66625,0.66625,20025.0,6675.0,10
b50_lb5_k2_eps0p0025,aggregate_only_sync,uniform,3,vqe_12_circuit,vqe,12,circuit,0.015946296296296358,0.01735606807511739,0.017761032863849755,0.59875,0.59875,24075.0,8025.0,10
b50_lb5_k2_eps0p0025,aggregate_only_sync,uniform,3,vqe_13_circuit,vqe,13,circuit,0.015172339267033926,0.018073107448107372,0.018170512820512755,0.47875,0.47875,31275.0,10425.0,10
b50_lb5_k2_eps0p0025,aggregate_only_sync,uniform,3,vqe_14_circuit,vqe,14,circuit,0.015300950570342765,0.017178432447739606,0.01728607764390907,0.30625,0.30625,41625.0,13875.0,10
b50_lb5_k2_eps0p0025,aggregate_only_sync,uniform,3,vqe_15_circuit,vqe,15,circuit,0.014616438532342554,0.017958208898944124,0.018471568627450932,0.29000000000000004,0.29000000000000004,42600.0,14200.0,10
b50_lb5_k2_eps0p0025,aggregate_only_sync,uniform,3,vqe_4_circuit,vqe,4,circuit,0.00464002704530086,0.006268832891246705,0.006396153846153868,0.9275,0.9275,4350.0,1450.0,10
b50_lb5_k2_eps0p0025,aggregate_only_sync,uniform,3,vqe_5_circuit,vqe,5,circuit,0.008561003051106039,0.01620074561403509,0.017087719298245603,0.8825000000000001,0.8825000000000001,7050.0,2350.0,10
b50_lb5_k2_eps0p0025,aggregate_only_sync,uniform,3,vqe_6_circuit,vqe,6,circuit,0.007077527818093917,0.008780833333333337,0.008833333333333342,0.8812500000000001,0.8812500000000001,7125.0,2375.0,10
b50_lb5_k2_eps0p0025,aggregate_only_sync,uniform,3,vqe_7_circuit,vqe,7,circuit,0.009467251461988343,0.010998333333333332,0.011433333333333332,0.8125,0.8125,11250.0,3750.0,10
b50_lb5_k2_eps0p0025,aggregate_only_sync,uniform,3,vqe_8_circuit,vqe,8,circuit,0.01108285857071468,0.012454685990338178,0.013334782608695693,0.73875,0.73875,15675.0,5225.0,10
b50_lb5_k2_eps0p0025,aggregate_only_sync,uniform,3,vqe_9_circuit,vqe,9,circuit,0.01250092715457115,0.01631333333333336,0.016583333333333325,0.75,0.75,15000.0,5000.0,10
b50_lb5_k2_eps0p0025,aggregate_only_sync,uniform,4,dj_10_circuit,dj,10,circuit,0.01228387096774187,0.013812812285518132,0.013986693548387037,0.7675,0.7675,18600.0,4650.0,5
b50_lb5_k2_eps0p0025,aggregate_only_sync,uniform,4,dj_11_circuit,dj,11,circuit,0.013469004065040594,0.01462897849462365,0.01487580645161289,0.6925,0.6925,24600.0,6150.0,5
b50_lb5_k2_eps0p0025,aggregate_only_sync,uniform,4,dj_12_circuit,dj,12,circuit,0.013911111111111046,0.015422085605234318,0.01555305343511436,0.65,0.65,28000.0,7000.0,5
b50_lb5_k2_eps0p0025,aggregate_only_sync,uniform,4,dj_13_circuit,dj,13,circuit,0.015934876543209735,0.019075945945945853,0.019794256756756678,0.6275,0.6275,29800.0,7450.0,5
b50_lb5_k2_eps0p0025,aggregate_only_sync,uniform,4,dj_14_circuit,dj,14,circuit,0.015768975903614455,0.016668487949191117,0.016867218543046264,0.5825,0.5825,33400.0,8350.0,5
b50_lb5_k2_eps0p0025,aggregate_only_sync,uniform,4,dj_15_circuit,dj,15,circuit,0.01689672489082947,0.0175530231834658,0.017715505464480766,0.495,0.495,40400.0,10100.0,5
b50_lb5_k2_eps0p0025,aggregate_only_sync,uniform,4,dj_4_circuit,dj,4,circuit,0.005361363636363603,0.006672499999999958,0.006987499999999956,0.96,0.96,3200.0,800.0,5
b50_lb5_k2_eps0p0025,aggregate_only_sync,uniform,4,dj_5_circuit,dj,5,circuit,0.004575,0.005224404761904702,0.005316666666666589,0.92,0.92,6400.0,1600.0,5
b50_lb5_k2_eps0p0025,aggregate_only_sync,uniform,4,dj_6_circuit,dj,6,circuit,0.006528525641025624,0.006932934646654134,0.0069455128205127906,0.8975,0.8975,8200.0,2050.0,5
b50_lb5_k2_eps0p0025,aggregate_only_sync,uniform,4,dj_7_circuit,dj,7,circuit,0.009204901960784287,0.010254339622641525,0.010311792452830214,0.8674999999999999,0.8674999999999999,10600.0,2650.0,5
b50_lb5_k2_eps0p0025,aggregate_only_sync,uniform,4,dj_8_circuit,dj,8,circuit,0.008687499999999975,0.00902842723004697,0.00907095070422536,0.825,0.825,14000.0,3500.0,5
b50_lb5_k2_eps0p0025,aggregate_only_sync,uniform,4,dj_9_circuit,dj,9,circuit,0.010173892405063233,0.011071568627450998,0.011212500000000025,0.7675,0.7675,18600.0,4650.0,5
b50_lb5_k2_eps0p0025,aggregate_only_sync,uniform,4,qaoa_10_circuit,qaoa,10,circuit,0.0,0.0,0.0,0.0,0.0,80000.0,20000.0,5
b50_lb5_k2_eps0p0025,aggregate_only_sync,uniform,4,qaoa_11_circuit,qaoa,11,circuit,0.0,0.0,0.0,0.0,0.0,80000.0,20000.0,5
b50_lb5_k2_eps0p0025,aggregate_only_sync,uniform,4,qaoa_12_circuit,qaoa,12,circuit,0.0,0.0,0.0,0.0,0.0,80000.0,20000.0,5
b50_lb5_k2_eps0p0025,aggregate_only_sync,uniform,4,qaoa_13_circuit,qaoa,13,circuit,0.0,0.0,0.0,0.0,0.0,80000.0,20000.0,5
b50_lb5_k2_eps0p0025,aggregate_only_sync,uniform,4,qaoa_14_circuit,qaoa,14,circuit,0.0,0.0,0.0,0.0,0.0,80000.0,20000.0,5
b50_lb5_k2_eps0p0025,aggregate_only_sync,uniform,4,qaoa_15_circuit,qaoa,15,circuit,0.0,0.0,0.0,0.0,0.0,80000.0,20000.0,5
b50_lb5_k2_eps0p0025,aggregate_only_sync,uniform,4,qaoa_4_circuit,qaoa,4,circuit,0.011359957627118668,0.013970769230769254,0.014450961538461555,0.87,0.87,10400.0,2600.0,5
b50_lb5_k2_eps0p0025,aggregate_only_sync,uniform,4,qaoa_5_circuit,qaoa,5,circuit,0.010121078431372532,0.012980400313971735,0.013471291208791198,0.755,0.755,19600.0,4900.0,5
b50_lb5_k2_eps0p0025,aggregate_only_sync,uniform,4,qaoa_6_circuit,qaoa,6,circuit,0.01189222972972972,0.012872166666666664,0.012984999999999997,0.6325000000000001,0.6325000000000001,29400.0,7350.0,5
b50_lb5_k2_eps0p0025,aggregate_only_sync,uniform,4,qaoa_7_circuit,qaoa,7,circuit,0.011320215311004809,0.011653219436351992,0.011664027149321268,0.45499999999999996,0.45499999999999996,43600.0,10900.0,5
b50_lb5_k2_eps0p0025,aggregate_only_sync,uniform,4,qaoa_8_circuit,qaoa,8,circuit,0.010150427756653996,0.012350794983893215,0.012739024390243874,0.3425,0.3425,52600.0,13150.0,5
b50_lb5_k2_eps0p0025,aggregate_only_sync,uniform,4,qaoa_9_circuit,qaoa,9,circuit,0.008441844729344733,0.008623554923117956,0.008650638138138132,0.12250000000000005,0.12250000000000005,70200.0,17550.0,5
b50_lb5_k2_eps0p0025,aggregate_only_sync,uniform,4,qft_10_circuit,qft,10,circuit,0.0,0.0,0.0,0.0,0.0,80000.0,20000.0,5
b50_lb5_k2_eps0p0025,aggregate_only_sync,uniform,4,qft_11_circuit,qft,11,circuit,0.0,0.0,0.0,0.0,0.0,80000.0,20000.0,5
b50_lb5_k2_eps0p0025,aggregate_only_sync,uniform,4,qft_12_circuit,qft,12,circuit,0.0,0.0,0.0,0.0,0.0,80000.0,20000.0,5
b50_lb5_k2_eps0p0025,aggregate_only_sync,uniform,4,qft_13_circuit,qft,13,circuit,0.0,0.0,0.0,0.0,0.0,80000.0,20000.0,5
b50_lb5_k2_eps0p0025,aggregate_only_sync,uniform,4,qft_14_circuit,qft,14,circuit,0.0,0.0,0.0,0.0,0.0,80000.0,20000.0,5
b50_lb5_k2_eps0p0025,aggregate_only_sync,uniform,4,qft_15_circuit,qft,15,circuit,0.0,0.0,0.0,0.0,0.0,80000.0,20000.0,5
b50_lb5_k2_eps0p0025,aggregate_only_sync,uniform,4,qft_4_circuit,qft,4,circuit,0.012654807692307708,0.01648328767123287,0.016784075342465746,0.7475,0.7475,20200.0,5050.0,5
b50_lb5_k2_eps0p0025,aggregate_only_sync,uniform,4,qft_5_circuit,qft,5,circuit,0.011356249999999995,0.01203671981572335,0.012052098540145991,0.6799999999999999,0.6799999999999999,25600.0,6400.0,5
b50_lb5_k2_eps0p0025,aggregate_only_sync,uniform,4,qft_6_circuit,qft,6,circuit,0.011976546391752588,0.013150883126446451,0.013351932989690713,0.515,0.515,38800.0,9700.0,5
b50_lb5_k2_eps0p0025,aggregate_only_sync,uniform,4,qft_7_circuit,qft,7,circuit,0.0104603494623656,0.010966051295566784,0.011087873134328366,0.3025,0.3025,55800.0,13950.0,5
b50_lb5_k2_eps0p0025,aggregate_only_sync,uniform,4,qft_8_circuit,qft,8,circuit,0.003568589743589735,0.004956120659834088,0.005269492084432713,0.025000000000000022,0.025000000000000022,78000.0,19500.0,5
b50_lb5_k2_eps0p0025,aggregate_only_sync,uniform,4,qft_9_circuit,qft,9,circuit,0.0,0.0,0.0,0.0,0.0,80000.0,20000.0,5
b50_lb5_k2_eps0p0025,aggregate_only_sync,uniform,4,qnn_10_circuit,qnn,10,circuit,0.0,0.0,0.0,0.0,0.0,80000.0,20000.0,5
b50_lb5_k2_eps0p0025,aggregate_only_sync,uniform,4,qnn_11_circuit,qnn,11,circuit,0.0,0.0,0.0,0.0,0.0,80000.0,20000.0,5
b50_lb5_k2_eps0p0025,aggregate_only_sync,uniform,4,qnn_12_circuit,qnn,12,circuit,0.0,0.0,0.0,0.0,0.0,80000.0,20000.0,5
b50_lb5_k2_eps0p0025,aggregate_only_sync,uniform,4,qnn_13_circuit,qnn,13,circuit,0.0,0.0,0.0,0.0,0.0,80000.0,20000.0,5
b50_lb5_k2_eps0p0025,aggregate_only_sync,uniform,4,qnn_14_circuit,qnn,14,circuit,0.0,0.0,0.0,0.0,0.0,80000.0,20000.0,5
b50_lb5_k2_eps0p0025,aggregate_only_sync,uniform,4,qnn_15_circuit,qnn,15,circuit,0.0,0.0,0.0,0.0,0.0,80000.0,20000.0,5
b50_lb5_k2_eps0p0025,aggregate_only_sync,uniform,4,qnn_4_circuit,qnn,4,circuit,0.010136046511627889,0.010704288061336234,0.010714772727272706,0.7925,0.7925,16600.0,4150.0,5
b50_lb5_k2_eps0p0025,aggregate_only_sync,uniform,4,qnn_5_circuit,qnn,5,circuit,0.012801106194690258,0.014532358838551031,0.014803865979381443,0.7175,0.7175,22600.0,5650.0,5
b50_lb5_k2_eps0p0025,aggregate_only_sync,uniform,4,qnn_6_circuit,qnn,6,circuit,0.010255701754385968,0.011465971313886299,0.011653654970760244,0.5725,0.5725,34200.0,8550.0,5
b50_lb5_k2_eps0p0025,aggregate_only_sync,uniform,4,qnn_7_circuit,qnn,7,circuit,0.010689074803149613,0.011104423609592542,0.011112453531598518,0.35750000000000004,0.35750000000000004,51400.0,12850.0,5
b50_lb5_k2_eps0p0025,aggregate_only_sync,uniform,4,qnn_8_circuit,qnn,8,circuit,0.007522136871508375,0.008057149180809641,0.008157414040114613,0.11250000000000004,0.11250000000000004,71000.0,17750.0,5
b50_lb5_k2_eps0p0025,aggregate_only_sync,uniform,4,qnn_9_circuit,qnn,9,circuit,0.0,0.0,0.0,0.0,0.0,80000.0,20000.0,5
b50_lb5_k2_eps0p0025,aggregate_only_sync,uniform,4,random_10_circuit,random,10,circuit,0.0,0.0,0.0,0.0,0.0,80000.0,20000.0,5
b50_lb5_k2_eps0p0025,aggregate_only_sync,uniform,4,random_11_circuit,random,11,circuit,0.0,0.0,0.0,0.0,0.0,80000.0,20000.0,5
b50_lb5_k2_eps0p0025,aggregate_only_sync,uniform,4,random_12_circuit,random,12,circuit,0.0,0.0,0.0,0.0,0.0,80000.0,20000.0,5
b50_lb5_k2_eps0p0025,aggregate_only_sync,uniform,4,random_13_circuit,random,13,circuit,0.0,0.0,0.0,0.0,0.0,80000.0,20000.0,5
b50_lb5_k2_eps0p0025,aggregate_only_sync,uniform,4,random_14_circuit,random,14,circuit,0.0,0.0,0.0,0.0,0.0,80000.0,20000.0,5
b50_lb5_k2_eps0p0025,aggregate_only_sync,uniform,4,random_15_circuit,random,15,circuit,0.0,0.0,0.0,0.0,0.0,80000.0,20000.0,5
b50_lb5_k2_eps0p0025,aggregate_only_sync,uniform,4,random_4_circuit,random,4,circuit,0.007383333333333291,0.008309166666666666,0.008428124999999991,0.85,0.85,12000.0,3000.0,5
b50_lb5_k2_eps0p0025,aggregate_only_sync,uniform,4,random_5_circuit,random,5,circuit,0.010073014018691574,0.012237720628340778,0.0126196629213483,0.745,0.745,20400.0,5100.0,5
b50_lb5_k2_eps0p0025,aggregate_only_sync,uniform,4,random_6_circuit,random,6,circuit,0.01129796511627908,0.012218294797687863,0.012241618497109827,0.5675,0.5675,34600.0,8650.0,5
b50_lb5_k2_eps0p0025,aggregate_only_sync,uniform,4,random_7_circuit,random,7,circuit,0.010291911764705897,0.01093109649122807,0.010973245614035091,0.36750000000000005,0.36750000000000005,50600.0,12650.0,5
b50_lb5_k2_eps0p0025,aggregate_only_sync,uniform,4,random_8_circuit,random,8,circuit,0.005424999999999998,0.0076545257006328405,0.007703304597701162,0.0625,0.0625,75000.0,18750.0,5
b50_lb5_k2_eps0p0025,aggregate_only_sync,uniform,4,random_9_circuit,random,9,circuit,0.0,0.0,0.0,0.0,0.0,80000.0,20000.0,5
b50_lb5_k2_eps0p0025,aggregate_only_sync,uniform,4,vqe_10_circuit,vqe,10,circuit,0.015344111570247896,0.015451136292956002,0.015472033898305097,0.7,0.7,24000.0,6000.0,5
b50_lb5_k2_eps0p0025,aggregate_only_sync,uniform,4,vqe_11_circuit,vqe,11,circuit,0.015824999999999954,0.01808386363636348,0.018207954545454364,0.7,0.7,24000.0,6000.0,5
b50_lb5_k2_eps0p0025,aggregate_only_sync,uniform,4,vqe_12_circuit,vqe,12,circuit,0.015135956790123304,0.01618065217391291,0.016357065217391168,0.61,0.61,31200.0,7800.0,5
b50_lb5_k2_eps0p0025,aggregate_only_sync,uniform,4,vqe_13_circuit,vqe,13,circuit,0.01619335106382962,0.016975117506332564,0.017083552631578822,0.53,0.53,37600.0,9400.0,5
b50_lb5_k2_eps0p0025,aggregate_only_sync,uniform,4,vqe_14_circuit,vqe,14,circuit,0.015927777777777548,0.016857335390946526,0.016933127572016565,0.39249999999999996,0.39249999999999996,48600.0,12150.0,5
b50_lb5_k2_eps0p0025,aggregate_only_sync,uniform,4,vqe_15_circuit,vqe,15,circuit,0.015564032567049963,0.016223975095785385,0.016299999999999905,0.34750000000000003,0.34750000000000003,52200.0,13050.0,5
b50_lb5_k2_eps0p0025,aggregate_only_sync,uniform,4,vqe_4_circuit,vqe,4,circuit,0.0043507352941176995,0.006215256410256458,0.006558653846153912,0.935,0.935,5200.0,1300.0,5
b50_lb5_k2_eps0p0025,aggregate_only_sync,uniform,4,vqe_5_circuit,vqe,5,circuit,0.009805851063829755,0.01341618421052631,0.01375986842105263,0.905,0.905,7600.0,1900.0,5
b50_lb5_k2_eps0p0025,aggregate_only_sync,uniform,4,vqe_6_circuit,vqe,6,circuit,0.006441346153846181,0.007814038461538473,0.00810000000000001,0.9,0.9,8000.0,2000.0,5
b50_lb5_k2_eps0p0025,aggregate_only_sync,uniform,4,vqe_7_circuit,vqe,7,circuit,0.0079184210526316,0.00869955326109179,0.008742164179104466,0.8175,0.8175,14600.0,3650.0,5
b50_lb5_k2_eps0p0025,aggregate_only_sync,uniform,4,vqe_8_circuit,vqe,8,circuit,0.010248936170212754,0.011508804347826066,0.011562499999999979,0.7725,0.7725,18200.0,4550.0,5
b50_lb5_k2_eps0p0025,aggregate_only_sync,uniform,4,vqe_9_circuit,vqe,9,circuit,0.010863563829787275,0.012551736861956255,0.012666881443298968,0.7675,0.7675,18600.0,4650.0,5
b50_lb5_k2_eps0p0025,aggregate_only_sync,uniform,5,dj_10_circuit,dj,10,circuit,0.011296236559139713,0.011296236559139713,0.011296236559139713,0.7675,0.7675,23250.0,4650.0,1
b50_lb5_k2_eps0p0025,aggregate_only_sync,uniform,5,dj_11_circuit,dj,11,circuit,0.013156725663716807,0.013156725663716807,0.013156725663716807,0.7175,0.7175,28250.0,5650.0,1
b50_lb5_k2_eps0p0025,aggregate_only_sync,uniform,5,dj_12_circuit,dj,12,circuit,0.013905151515151436,0.013905151515151436,0.013905151515151436,0.6699999999999999,0.6699999999999999,33000.0,6600.0,1
b50_lb5_k2_eps0p0025,aggregate_only_sync,uniform,5,dj_13_circuit,dj,13,circuit,0.016156567164179073,0.016156567164179073,0.016156567164179073,0.665,0.665,33500.0,6700.0,1
b50_lb5_k2_eps0p0025,aggregate_only_sync,uniform,5,dj_14_circuit,dj,14,circuit,0.015189493670885897,0.015189493670885897,0.015189493670885897,0.605,0.605,39500.0,7900.0,1
b50_lb5_k2_eps0p0025,aggregate_only_sync,uniform,5,dj_15_circuit,dj,15,circuit,0.016157978142076684,0.016157978142076684,0.016157978142076684,0.5425,0.5425,45750.0,9150.0,1
b50_lb5_k2_eps0p0025,aggregate_only_sync,uniform,5,dj_4_circuit,dj,4,circuit,0.004960000000000007,0.004960000000000007,0.004960000000000007,0.96,0.96,4000.0,800.0,1
b50_lb5_k2_eps0p0025,aggregate_only_sync,uniform,5,dj_5_circuit,dj,5,circuit,0.004496153846153927,0.004496153846153927,0.004496153846153927,0.935,0.935,6500.0,1300.0,1
b50_lb5_k2_eps0p0025,aggregate_only_sync,uniform,5,dj_6_circuit,dj,6,circuit,0.006345294117647054,0.006345294117647054,0.006345294117647054,0.915,0.915,8500.0,1700.0,1
b50_lb5_k2_eps0p0025,aggregate_only_sync,uniform,5,dj_7_circuit,dj,7,circuit,0.00899603773584903,0.00899603773584903,0.00899603773584903,0.8674999999999999,0.8674999999999999,13250.0,2650.0,1
b50_lb5_k2_eps0p0025,aggregate_only_sync,uniform,5,dj_8_circuit,dj,8,circuit,0.006860447761194006,0.006860447761194006,0.006860447761194006,0.8325,0.8325,16750.0,3350.0,1
b50_lb5_k2_eps0p0025,aggregate_only_sync,uniform,5,dj_9_circuit,dj,9,circuit,0.008772207792207753,0.008772207792207753,0.008772207792207753,0.8075,0.8075,19250.0,3850.0,1
b50_lb5_k2_eps0p0025,aggregate_only_sync,uniform,5,qaoa_10_circuit,qaoa,10,circuit,0.0,0.0,0.0,0.0,0.0,100000.0,20000.0,1
b50_lb5_k2_eps0p0025,aggregate_only_sync,uniform,5,qaoa_11_circuit,qaoa,11,circuit,0.0,0.0,0.0,0.0,0.0,100000.0,20000.0,1
b50_lb5_k2_eps0p0025,aggregate_only_sync,uniform,5,qaoa_12_circuit,qaoa,12,circuit,0.0,0.0,0.0,0.0,0.0,100000.0,20000.0,1
b50_lb5_k2_eps0p0025,aggregate_only_sync,uniform,5,qaoa_13_circuit,qaoa,13,circuit,0.0,0.0,0.0,0.0,0.0,100000.0,20000.0,1
b50_lb5_k2_eps0p0025,aggregate_only_sync,uniform,5,qaoa_14_circuit,qaoa,14,circuit,0.0,0.0,0.0,0.0,0.0,100000.0,20000.0,1
b50_lb5_k2_eps0p0025,aggregate_only_sync,uniform,5,qaoa_15_circuit,qaoa,15,circuit,0.0,0.0,0.0,0.0,0.0,100000.0,20000.0,1
b50_lb5_k2_eps0p0025,aggregate_only_sync,uniform,5,qaoa_4_circuit,qaoa,4,circuit,0.012013404255319158,0.012013404255319158,0.012013404255319158,0.8825000000000001,0.8825000000000001,11750.0,2350.0,1
b50_lb5_k2_eps0p0025,aggregate_only_sync,uniform,5,qaoa_5_circuit,qaoa,5,circuit,0.01005612244897959,0.01005612244897959,0.01005612244897959,0.755,0.755,24500.0,4900.0,1
b50_lb5_k2_eps0p0025,aggregate_only_sync,uniform,5,qaoa_6_circuit,qaoa,6,circuit,0.011592000000000022,0.011592000000000022,0.011592000000000022,0.6875,0.6875,31250.0,6250.0,1
b50_lb5_k2_eps0p0025,aggregate_only_sync,uniform,5,qaoa_7_circuit,qaoa,7,circuit,0.009836231884057975,0.009836231884057975,0.009836231884057975,0.48250000000000004,0.48250000000000004,51750.0,10350.0,1
b50_lb5_k2_eps0p0025,aggregate_only_sync,uniform,5,qaoa_8_circuit,qaoa,8,circuit,0.011108373983739848,0.011108373983739848,0.011108373983739848,0.385,0.385,61500.0,12300.0,1
b50_lb5_k2_eps0p0025,aggregate_only_sync,uniform,5,qaoa_9_circuit,qaoa,9,circuit,0.009290490797545996,0.009290490797545996,0.009290490797545996,0.18500000000000005,0.18500000000000005,81500.0,16300.0,1
b50_lb5_k2_eps0p0025,aggregate_only_sync,uniform,5,qft_10_circuit,qft,10,circuit,0.0,0.0,0.0,0.0,0.0,100000.0,20000.0,1
b50_lb5_k2_eps0p0025,aggregate_only_sync,uniform,5,qft_11_circuit,qft,11,circuit,0.0,0.0,0.0,0.0,0.0,100000.0,20000.0,1
b50_lb5_k2_eps0p0025,aggregate_only_sync,uniform,5,qft_12_circuit,qft,12,circuit,0.0,0.0,0.0,0.0,0.0,100000.0,20000.0,1
b50_lb5_k2_eps0p0025,aggregate_only_sync,uniform,5,qft_13_circuit,qft,13,circuit,0.0,0.0,0.0,0.0,0.0,100000.0,20000.0,1
b50_lb5_k2_eps0p0025,aggregate_only_sync,uniform,5,qft_14_circuit,qft,14,circuit,0.0,0.0,0.0,0.0,0.0,100000.0,20000.0,1
b50_lb5_k2_eps0p0025,aggregate_only_sync,uniform,5,qft_15_circuit,qft,15,circuit,0.0,0.0,0.0,0.0,0.0,100000.0,20000.0,1
b50_lb5_k2_eps0p0025,aggregate_only_sync,uniform,5,qft_4_circuit,qft,4,circuit,0.015555555555555576,0.015555555555555576,0.015555555555555576,0.8200000000000001,0.8200000000000001,18000.0,3600.0,1
b50_lb5_k2_eps0p0025,aggregate_only_sync,uniform,5,qft_5_circuit,qft,5,circuit,0.009659491525423723,0.009659491525423723,0.009659491525423723,0.7050000000000001,0.7050000000000001,29500.0,5900.0,1
b50_lb5_k2_eps0p0025,aggregate_only_sync,uniform,5,qft_6_circuit,qft,6,circuit,0.013553333333333332,0.013553333333333332,0.013553333333333332,0.625,0.625,37500.0,7500.0,1
b50_lb5_k2_eps0p0025,aggregate_only_sync,uniform,5,qft_7_circuit,qft,7,circuit,0.011854279475982527,0.011854279475982527,0.011854279475982527,0.4275,0.4275,57250.0,11450.0,1
b50_lb5_k2_eps0p0025,aggregate_only_sync,uniform,5,qft_8_circuit,qft,8,circuit,0.009000895522388058,0.009000895522388058,0.009000895522388058,0.16249999999999998,0.16249999999999998,83750.0,16750.0,1
b50_lb5_k2_eps0p0025,aggregate_only_sync,uniform,5,qft_9_circuit,qft,9,circuit,0.0,0.0,0.0,0.0,0.0,100000.0,20000.0,1
b50_lb5_k2_eps0p0025,aggregate_only_sync,uniform,5,qnn_10_circuit,qnn,10,circuit,0.0,0.0,0.0,0.0,0.0,100000.0,20000.0,1
b50_lb5_k2_eps0p0025,aggregate_only_sync,uniform,5,qnn_11_circuit,qnn,11,circuit,0.0,0.0,0.0,0.0,0.0,100000.0,20000.0,1
b50_lb5_k2_eps0p0025,aggregate_only_sync,uniform,5,qnn_12_circuit,qnn,12,circuit,0.0,0.0,0.0,0.0,0.0,100000.0,20000.0,1
b50_lb5_k2_eps0p0025,aggregate_only_sync,uniform,5,qnn_13_circuit,qnn,13,circuit,0.0,0.0,0.0,0.0,0.0,100000.0,20000.0,1
b50_lb5_k2_eps0p0025,aggregate_only_sync,uniform,5,qnn_14_circuit,qnn,14,circuit,0.0,0.0,0.0,0.0,0.0,100000.0,20000.0,1
b50_lb5_k2_eps0p0025,aggregate_only_sync,uniform,5,qnn_15_circuit,qnn,15,circuit,0.0,0.0,0.0,0.0,0.0,100000.0,20000.0,1
b50_lb5_k2_eps0p0025,aggregate_only_sync,uniform,5,qnn_4_circuit,qnn,4,circuit,0.0101144155844156,0.0101144155844156,0.0101144155844156,0.8075,0.8075,19250.0,3850.0,1
b50_lb5_k2_eps0p0025,aggregate_only_sync,uniform,5,qnn_5_circuit,qnn,5,circuit,0.012456666666666647,0.012456666666666647,0.012456666666666647,0.76,0.76,24000.0,4800.0,1
b50_lb5_k2_eps0p0025,aggregate_only_sync,uniform,5,qnn_6_circuit,qnn,6,circuit,0.013243661971831001,0.013243661971831001,0.013243661971831001,0.645,0.645,35500.0,7100.0,1
b50_lb5_k2_eps0p0025,aggregate_only_sync,uniform,5,qnn_7_circuit,qnn,7,circuit,0.009501138211382118,0.009501138211382118,0.009501138211382118,0.385,0.385,61500.0,12300.0,1
b50_lb5_k2_eps0p0025,aggregate_only_sync,uniform,5,qnn_8_circuit,qnn,8,circuit,0.0072641379310344825,0.0072641379310344825,0.0072641379310344825,0.13,0.13,87000.0,17400.0,1
b50_lb5_k2_eps0p0025,aggregate_only_sync,uniform,5,qnn_9_circuit,qnn,9,circuit,0.0,0.0,0.0,0.0,0.0,100000.0,20000.0,1
b50_lb5_k2_eps0p0025,aggregate_only_sync,uniform,5,random_10_circuit,random,10,circuit,0.0,0.0,0.0,0.0,0.0,100000.0,20000.0,1
b50_lb5_k2_eps0p0025,aggregate_only_sync,uniform,5,random_11_circuit,random,11,circuit,0.0,0.0,0.0,0.0,0.0,100000.0,20000.0,1
b50_lb5_k2_eps0p0025,aggregate_only_sync,uniform,5,random_12_circuit,random,12,circuit,0.0,0.0,0.0,0.0,0.0,100000.0,20000.0,1
b50_lb5_k2_eps0p0025,aggregate_only_sync,uniform,5,random_13_circuit,random,13,circuit,0.0,0.0,0.0,0.0,0.0,100000.0,20000.0,1
b50_lb5_k2_eps0p0025,aggregate_only_sync,uniform,5,random_14_circuit,random,14,circuit,0.0,0.0,0.0,0.0,0.0,100000.0,20000.0,1
b50_lb5_k2_eps0p0025,aggregate_only_sync,uniform,5,random_15_circuit,random,15,circuit,0.0,0.0,0.0,0.0,0.0,100000.0,20000.0,1
b50_lb5_k2_eps0p0025,aggregate_only_sync,uniform,5,random_4_circuit,random,4,circuit,0.006626666666666701,0.006626666666666701,0.006626666666666701,0.85,0.85,15000.0,3000.0,1
b50_lb5_k2_eps0p0025,aggregate_only_sync,uniform,5,random_5_circuit,random,5,circuit,0.009314494382022455,0.009314494382022455,0.009314494382022455,0.7775,0.7775,22250.0,4450.0,1
b50_lb5_k2_eps0p0025,aggregate_only_sync,uniform,5,random_6_circuit,random,6,circuit,0.009688139534883716,0.009688139534883716,0.009688139534883716,0.5700000000000001,0.5700000000000001,43000.0,8600.0,1
b50_lb5_k2_eps0p0025,aggregate_only_sync,uniform,5,random_7_circuit,random,7,circuit,0.009576814159292029,0.009576814159292029,0.009576814159292029,0.43500000000000005,0.43500000000000005,56500.0,11300.0,1
b50_lb5_k2_eps0p0025,aggregate_only_sync,uniform,5,random_8_circuit,random,8,circuit,0.008650120481927717,0.008650120481927717,0.008650120481927717,0.17000000000000004,0.17000000000000004,83000.0,16600.0,1
b50_lb5_k2_eps0p0025,aggregate_only_sync,uniform,5,random_9_circuit,random,9,circuit,0.0,0.0,0.0,0.0,0.0,100000.0,20000.0,1
b50_lb5_k2_eps0p0025,aggregate_only_sync,uniform,5,vqe_10_circuit,vqe,10,circuit,0.015201376146788891,0.015201376146788891,0.015201376146788891,0.7275,0.7275,27250.0,5450.0,1
b50_lb5_k2_eps0p0025,aggregate_only_sync,uniform,5,vqe_11_circuit,vqe,11,circuit,0.016540270270270413,0.016540270270270413,0.016540270270270413,0.7224999999999999,0.7224999999999999,27750.0,5550.0,1
b50_lb5_k2_eps0p0025,aggregate_only_sync,uniform,5,vqe_12_circuit,vqe,12,circuit,0.014780802919707898,0.014780802919707898,0.014780802919707898,0.6575,0.6575,34250.0,6850.0,1
b50_lb5_k2_eps0p0025,aggregate_only_sync,uniform,5,vqe_13_circuit,vqe,13,circuit,0.014705319148935931,0.014705319148935931,0.014705319148935931,0.53,0.53,47000.0,9400.0,1
b50_lb5_k2_eps0p0025,aggregate_only_sync,uniform,5,vqe_14_circuit,vqe,14,circuit,0.015335720164609061,0.015335720164609061,0.015335720164609061,0.39249999999999996,0.39249999999999996,60750.0,12150.0,1
b50_lb5_k2_eps0p0025,aggregate_only_sync,uniform,5,vqe_15_circuit,vqe,15,circuit,0.01591443037974693,0.01591443037974693,0.01591443037974693,0.4075,0.4075,59250.0,11850.0,1
b50_lb5_k2_eps0p0025,aggregate_only_sync,uniform,5,vqe_4_circuit,vqe,4,circuit,0.004272222222222246,0.004272222222222246,0.004272222222222246,0.955,0.955,4500.0,900.0,1
b50_lb5_k2_eps0p0025,aggregate_only_sync,uniform,5,vqe_5_circuit,vqe,5,circuit,0.010196842105263094,0.010196842105263094,0.010196842105263094,0.905,0.905,9500.0,1900.0,1
b50_lb5_k2_eps0p0025,aggregate_only_sync,uniform,5,vqe_6_circuit,vqe,6,circuit,0.005258717948718032,0.005258717948718032,0.005258717948718032,0.9025,0.9025,9750.0,1950.0,1
b50_lb5_k2_eps0p0025,aggregate_only_sync,uniform,5,vqe_7_circuit,vqe,7,circuit,0.012231111111111082,0.012231111111111082,0.012231111111111082,0.8875,0.8875,11250.0,2250.0,1
b50_lb5_k2_eps0p0025,aggregate_only_sync,uniform,5,vqe_8_circuit,vqe,8,circuit,0.008812921348314639,0.008812921348314639,0.008812921348314639,0.7775,0.7775,22250.0,4450.0,1
b50_lb5_k2_eps0p0025,aggregate_only_sync,uniform,5,vqe_9_circuit,vqe,9,circuit,0.010071707317073141,0.010071707317073141,0.010071707317073141,0.795,0.795,20500.0,4100.0,1
b50_lb5_k2_eps0p0025,hierarchical_local_aggregate,confidence,1,dj_10_circuit,dj,10,circuit,0.014354644808743234,0.01730949685534596,0.017799371069182453,0.6025,0.6025,7950.0,7950.0,5
b50_lb5_k2_eps0p0025,hierarchical_local_aggregate,confidence,1,dj_11_circuit,dj,11,circuit,0.013675837320574166,0.017057145581691087,0.017657692307692353,0.48,0.48,10400.0,10400.0,5
b50_lb5_k2_eps0p0025,hierarchical_local_aggregate,confidence,1,dj_12_circuit,dj,12,circuit,0.01617272727272731,0.017745191760401176,0.01811914893617025,0.4125,0.4125,11750.0,11750.0,5
b50_lb5_k2_eps0p0025,hierarchical_local_aggregate,confidence,1,dj_13_circuit,dj,13,circuit,0.017601162790697702,0.018326928092654304,0.01843091286307062,0.39749999999999996,0.39749999999999996,12050.0,12050.0,5
b50_lb5_k2_eps0p0025,hierarchical_local_aggregate,confidence,1,dj_14_circuit,dj,14,circuit,0.015445296167247562,0.019148183846773664,0.019911085972850646,0.2825,0.2825,14350.0,14350.0,5
b50_lb5_k2_eps0p0025,hierarchical_local_aggregate,confidence,1,dj_15_circuit,dj,15,circuit,0.013638343558282175,0.01724260838663828,0.017562189054726413,0.18500000000000005,0.18500000000000005,16300.0,16300.0,5
b50_lb5_k2_eps0p0025,hierarchical_local_aggregate,confidence,1,dj_4_circuit,dj,4,circuit,0.006033783783783786,0.007393450292397641,0.007697368421052611,0.92,0.92,1600.0,1600.0,5
b50_lb5_k2_eps0p0025,hierarchical_local_aggregate,confidence,1,dj_5_circuit,dj,5,circuit,0.0066500000000000075,0.00855038277511964,0.008663636363636392,0.88,0.88,2400.0,2400.0,5
b50_lb5_k2_eps0p0025,hierarchical_local_aggregate,confidence,1,dj_6_circuit,dj,6,circuit,0.008900000000000016,0.014930524876981956,0.015537096774193546,0.845,0.845,3100.0,3100.0,5
b50_lb5_k2_eps0p0025,hierarchical_local_aggregate,confidence,1,dj_7_circuit,dj,7,circuit,0.011137864077669882,0.014313083853083863,0.014985585585585597,0.7725,0.7725,4550.0,4550.0,5
b50_lb5_k2_eps0p0025,hierarchical_local_aggregate,confidence,1,dj_8_circuit,dj,8,circuit,0.010581751824817532,0.018252538636783458,0.01850963302752295,0.7275,0.7275,5450.0,5450.0,5
b50_lb5_k2_eps0p0025,hierarchical_local_aggregate,confidence,1,dj_9_circuit,dj,9,circuit,0.013882748538011722,0.016321727140783737,0.016737735849056586,0.6025,0.6025,7950.0,7950.0,5
b50_lb5_k2_eps0p0025,hierarchical_local_aggregate,confidence,1,qaoa_10_circuit,qaoa,10,circuit,0.0,0.0,0.0,0.0,0.0,20000.0,20000.0,5
b50_lb5_k2_eps0p0025,hierarchical_local_aggregate,confidence,1,qaoa_11_circuit,qaoa,11,circuit,0.0,0.0,0.0,0.0,0.0,20000.0,20000.0,5
b50_lb5_k2_eps0p0025,hierarchical_local_aggregate,confidence,1,qaoa_12_circuit,qaoa,12,circuit,0.0,0.0,0.0,0.0,0.0,20000.0,20000.0,5
b50_lb5_k2_eps0p0025,hierarchical_local_aggregate,confidence,1,qaoa_13_circuit,qaoa,13,circuit,0.0,0.0,0.0,0.0,0.0,20000.0,20000.0,5
b50_lb5_k2_eps0p0025,hierarchical_local_aggregate,confidence,1,qaoa_14_circuit,qaoa,14,circuit,0.0,0.0,0.0,0.0,0.0,20000.0,20000.0,5
b50_lb5_k2_eps0p0025,hierarchical_local_aggregate,confidence,1,qaoa_15_circuit,qaoa,15,circuit,0.0,0.0,0.0,0.0,0.0,20000.0,20000.0,5
b50_lb5_k2_eps0p0025,hierarchical_local_aggregate,confidence,1,qaoa_4_circuit,qaoa,4,circuit,0.011933333333333348,0.015659369369369357,0.01573333333333332,0.775,0.775,4500.0,4500.0,5
b50_lb5_k2_eps0p0025,hierarchical_local_aggregate,confidence,1,qaoa_5_circuit,qaoa,5,circuit,0.013404166666666663,0.015785502273996655,0.01613278145695365,0.585,0.585,8300.0,8300.0,5
b50_lb5_k2_eps0p0025,hierarchical_local_aggregate,confidence,1,qaoa_6_circuit,qaoa,6,circuit,0.010798630136986303,0.01302153538384597,0.01356451612903227,0.27,0.27,14600.0,14600.0,5
b50_lb5_k2_eps0p0025,hierarchical_local_aggregate,confidence,1,qaoa_7_circuit,qaoa,7,circuit,0.0,0.007250842984899578,0.0074214484679665784,0.0,0.0,20000.0,20000.0,5
b50_lb5_k2_eps0p0025,hierarchical_local_aggregate,confidence,1,qaoa_8_circuit,qaoa,8,circuit,0.0,0.0,0.0,0.0,0.0,20000.0,20000.0,5
b50_lb5_k2_eps0p0025,hierarchical_local_aggregate,confidence,1,qaoa_9_circuit,qaoa,9,circuit,0.0,0.0,0.0,0.0,0.0,20000.0,20000.0,5
b50_lb5_k2_eps0p0025,hierarchical_local_aggregate,confidence,1,qft_10_circuit,qft,10,circuit,0.0,0.0,0.0,0.0,0.0,20000.0,20000.0,5
b50_lb5_k2_eps0p0025,hierarchical_local_aggregate,confidence,1,qft_11_circuit,qft,11,circuit,0.0,0.0,0.0,0.0,0.0,20000.0,20000.0,5
b50_lb5_k2_eps0p0025,hierarchical_local_aggregate,confidence,1,qft_12_circuit,qft,12,circuit,0.0,0.0,0.0,0.0,0.0,20000.0,20000.0,5
b50_lb5_k2_eps0p0025,hierarchical_local_aggregate,confidence,1,qft_13_circuit,qft,13,circuit,0.0,0.0,0.0,0.0,0.0,20000.0,20000.0,5
b50_lb5_k2_eps0p0025,hierarchical_local_aggregate,confidence,1,qft_14_circuit,qft,14,circuit,0.0,0.0,0.0,0.0,0.0,20000.0,20000.0,5
b50_lb5_k2_eps0p0025,hierarchical_local_aggregate,confidence,1,qft_15_circuit,qft,15,circuit,0.0,0.0,0.0,0.0,0.0,20000.0,20000.0,5
b50_lb5_k2_eps0p0025,hierarchical_local_aggregate,confidence,1,qft_4_circuit,qft,4,circuit,0.013286363636363655,0.014723665262068456,0.01507155688622755,0.5825,0.5825,8350.0,8350.0,5
b50_lb5_k2_eps0p0025,hierarchical_local_aggregate,confidence,1,qft_5_circuit,qft,5,circuit,0.012215447154471547,0.015043536749419101,0.015381447963800901,0.38,0.38,12400.0,12400.0,5
b50_lb5_k2_eps0p0025,hierarchical_local_aggregate,confidence,1,qft_6_circuit,qft,6,circuit,0.008364942528735634,0.008737663207342875,0.008760662824207496,0.13,0.13,17400.0,17400.0,5
b50_lb5_k2_eps0p0025,hierarchical_local_aggregate,confidence,1,qft_7_circuit,qft,7,circuit,0.0,0.0,0.0,0.0,0.0,20000.0,20000.0,5
b50_lb5_k2_eps0p0025,hierarchical_local_aggregate,confidence,1,qft_8_circuit,qft,8,circuit,0.0,0.0,0.0,0.0,0.0,20000.0,20000.0,5
b50_lb5_k2_eps0p0025,hierarchical_local_aggregate,confidence,1,qft_9_circuit,qft,9,circuit,0.0,0.0,0.0,0.0,0.0,20000.0,20000.0,5
b50_lb5_k2_eps0p0025,hierarchical_local_aggregate,confidence,1,qnn_10_circuit,qnn,10,circuit,0.0,0.0,0.0,0.0,0.0,20000.0,20000.0,5
b50_lb5_k2_eps0p0025,hierarchical_local_aggregate,confidence,1,qnn_11_circuit,qnn,11,circuit,0.0,0.0,0.0,0.0,0.0,20000.0,20000.0,5
b50_lb5_k2_eps0p0025,hierarchical_local_aggregate,confidence,1,qnn_12_circuit,qnn,12,circuit,0.0,0.0,0.0,0.0,0.0,20000.0,20000.0,5
b50_lb5_k2_eps0p0025,hierarchical_local_aggregate,confidence,1,qnn_13_circuit,qnn,13,circuit,0.0,0.0,0.0,0.0,0.0,20000.0,20000.0,5
b50_lb5_k2_eps0p0025,hierarchical_local_aggregate,confidence,1,qnn_14_circuit,qnn,14,circuit,0.0,0.0,0.0,0.0,0.0,20000.0,20000.0,5
b50_lb5_k2_eps0p0025,hierarchical_local_aggregate,confidence,1,qnn_15_circuit,qnn,15,circuit,0.0,0.0,0.0,0.0,0.0,20000.0,20000.0,5
b50_lb5_k2_eps0p0025,hierarchical_local_aggregate,confidence,1,qnn_4_circuit,qnn,4,circuit,0.01573111888111888,0.017445113519322906,0.017554014598540134,0.6575,0.6575,6850.0,6850.0,5
b50_lb5_k2_eps0p0025,hierarchical_local_aggregate,confidence,1,qnn_5_circuit,qnn,5,circuit,0.012733333333333324,0.014437704564870186,0.014766396761133605,0.41000000000000003,0.41000000000000003,11800.0,11800.0,5
b50_lb5_k2_eps0p0025,hierarchical_local_aggregate,confidence,1,qnn_6_circuit,qnn,6,circuit,0.00909242424242425,0.012296783216783225,0.012740209790209798,0.19499999999999995,0.19499999999999995,16100.0,16100.0,5
b50_lb5_k2_eps0p0025,hierarchical_local_aggregate,confidence,1,qnn_7_circuit,qnn,7,circuit,0.0,0.0,0.0,0.0,0.0,20000.0,20000.0,5
b50_lb5_k2_eps0p0025,hierarchical_local_aggregate,confidence,1,qnn_8_circuit,qnn,8,circuit,0.0,0.0,0.0,0.0,0.0,20000.0,20000.0,5
b50_lb5_k2_eps0p0025,hierarchical_local_aggregate,confidence,1,qnn_9_circuit,qnn,9,circuit,0.0,0.0,0.0,0.0,0.0,20000.0,20000.0,5
b50_lb5_k2_eps0p0025,hierarchical_local_aggregate,confidence,1,random_10_circuit,random,10,circuit,0.0,0.0,0.0,0.0,0.0,20000.0,20000.0,5
b50_lb5_k2_eps0p0025,hierarchical_local_aggregate,confidence,1,random_11_circuit,random,11,circuit,0.0,0.0,0.0,0.0,0.0,20000.0,20000.0,5
b50_lb5_k2_eps0p0025,hierarchical_local_aggregate,confidence,1,random_12_circuit,random,12,circuit,0.0,0.0,0.0,0.0,0.0,20000.0,20000.0,5
b50_lb5_k2_eps0p0025,hierarchical_local_aggregate,confidence,1,random_13_circuit,random,13,circuit,0.0,0.0,0.0,0.0,0.0,20000.0,20000.0,5
b50_lb5_k2_eps0p0025,hierarchical_local_aggregate,confidence,1,random_14_circuit,random,14,circuit,0.0,0.0,0.0,0.0,0.0,20000.0,20000.0,5
b50_lb5_k2_eps0p0025,hierarchical_local_aggregate,confidence,1,random_15_circuit,random,15,circuit,0.0,0.0,0.0,0.0,0.0,20000.0,20000.0,5
b50_lb5_k2_eps0p0025,hierarchical_local_aggregate,confidence,1,random_4_circuit,random,4,circuit,0.010995454545454569,0.014819369369369378,0.015350000000000011,0.6825,0.6825,6350.0,6350.0,5
b50_lb5_k2_eps0p0025,hierarchical_local_aggregate,confidence,1,random_5_circuit,random,5,circuit,0.011512130177514778,0.01364114742193173,0.013828395061728387,0.5775,0.5775,8450.0,8450.0,5
b50_lb5_k2_eps0p0025,hierarchical_local_aggregate,confidence,1,random_6_circuit,random,6,circuit,0.00913095238095238,0.011042893432854552,0.011155369127516787,0.19499999999999995,0.19499999999999995,16100.0,16100.0,5
b50_lb5_k2_eps0p0025,hierarchical_local_aggregate,confidence,1,random_7_circuit,random,7,circuit,0.0,0.0,0.0,0.0,0.0,20000.0,20000.0,5
b50_lb5_k2_eps0p0025,hierarchical_local_aggregate,confidence,1,random_8_circuit,random,8,circuit,0.0,0.0,0.0,0.0,0.0,20000.0,20000.0,5
b50_lb5_k2_eps0p0025,hierarchical_local_aggregate,confidence,1,random_9_circuit,random,9,circuit,0.0,0.0,0.0,0.0,0.0,20000.0,20000.0,5
b50_lb5_k2_eps0p0025,hierarchical_local_aggregate,confidence,1,vqe_10_circuit,vqe,10,circuit,0.017350000000000088,0.021091515637530117,0.02186206896551728,0.5,0.5,10000.0,10000.0,5
b50_lb5_k2_eps0p0025,hierarchical_local_aggregate,confidence,1,vqe_11_circuit,vqe,11,circuit,0.014976991150442466,0.018357234042553176,0.018434042553191463,0.43500000000000005,0.43500000000000005,11300.0,11300.0,5
b50_lb5_k2_eps0p0025,hierarchical_local_aggregate,confidence,1,vqe_12_circuit,vqe,12,circuit,0.015366788321167977,0.019295351141749278,0.020063507109004782,0.47250000000000003,0.47250000000000003,10550.0,10550.0,5
b50_lb5_k2_eps0p0025,hierarchical_local_aggregate,confidence,1,vqe_13_circuit,vqe,13,circuit,0.010098882681564256,0.019523434753211766,0.020461764705882506,0.10499999999999998,0.10499999999999998,17900.0,17900.0,5
b50_lb5_k2_eps0p0025,hierarchical_local_aggregate,confidence,1,vqe_14_circuit,vqe,14,circuit,0.0,0.017224392614188632,0.018683333333333434,0.0,0.0,20000.0,20000.0,5
b50_lb5_k2_eps0p0025,hierarchical_local_aggregate,confidence,1,vqe_15_circuit,vqe,15,circuit,0.0,0.01309117903604576,0.015205035971223016,0.0,0.0,20000.0,20000.0,5
b50_lb5_k2_eps0p0025,hierarchical_local_aggregate,confidence,1,vqe_4_circuit,vqe,4,circuit,0.006288235294117608,0.010405588972431098,0.010942105263157921,0.905,0.905,1900.0,1900.0,5
b50_lb5_k2_eps0p0025,hierarchical_local_aggregate,confidence,1,vqe_5_circuit,vqe,5,circuit,0.011348101265822797,0.015283492063492074,0.016165079365079382,0.825,0.825,3500.0,3500.0,5
b50_lb5_k2_eps0p0025,hierarchical_local_aggregate,confidence,1,vqe_6_circuit,vqe,6,circuit,0.010297368421052661,0.014604357398873523,0.015637301587301575,0.845,0.845,3100.0,3100.0,5
b50_lb5_k2_eps0p0025,hierarchical_local_aggregate,confidence,1,vqe_7_circuit,vqe,7,circuit,0.012683027522935804,0.014810000000000025,0.015316666666666685,0.73,0.73,5400.0,5400.0,5
b50_lb5_k2_eps0p0025,hierarchical_local_aggregate,confidence,1,vqe_8_circuit,vqe,8,circuit,0.015262189054726373,0.01778658791419679,0.018078625954198492,0.6575,0.6575,6850.0,6850.0,5
b50_lb5_k2_eps0p0025,hierarchical_local_aggregate,confidence,1,vqe_9_circuit,vqe,9,circuit,0.016044134078212303,0.01833496855345914,0.018883333333333353,0.6025,0.6025,7950.0,7950.0,5
b50_lb5_k2_eps0p0025,hierarchical_local_aggregate,confidence,2,dj_10_circuit,dj,10,circuit,0.014223437446794702,0.015804958665534424,0.01638053849494384,0.68375,0.68375,12650.0,6325.0,10
b50_lb5_k2_eps0p0025,hierarchical_local_aggregate,confidence,2,dj_11_circuit,dj,11,circuit,0.014011642956427855,0.015313167108598397,0.015341344884961854,0.623125,0.62,15075.0,7600.0,10
b50_lb5_k2_eps0p0025,hierarchical_local_aggregate,confidence,2,dj_12_circuit,dj,12,circuit,0.015023358933730302,0.01720065865136214,0.017962761020479265,0.6212500000000001,0.615,15150.0,7700.0,10
b50_lb5_k2_eps0p0025,hierarchical_local_aggregate,confidence,2,dj_13_circuit,dj,13,circuit,0.01554642941106024,0.017794077832001064,0.01816720326409827,0.5525,0.55,17900.0,9000.0,10
b50_lb5_k2_eps0p0025,hierarchical_local_aggregate,confidence,2,dj_14_circuit,dj,14,circuit,0.016182283096061522,0.018330572981816447,0.018717666779490872,0.465625,0.46375,21375.0,10725.0,10
b50_lb5_k2_eps0p0025,hierarchical_local_aggregate,confidence,2,dj_15_circuit,dj,15,circuit,0.015621551315750926,0.01837169602952207,0.01844586073969286,0.43312500000000004,0.4225,22675.0,11550.0,10
b50_lb5_k2_eps0p0025,hierarchical_local_aggregate,confidence,2,dj_4_circuit,dj,4,circuit,0.005308437307496406,0.00938332844574781,0.011527272727272763,0.9475,0.9475,2100.0,1050.0,10
b50_lb5_k2_eps0p0025,hierarchical_local_aggregate,confidence,2,dj_5_circuit,dj,5,circuit,0.005721046376429964,0.007882431158205418,0.00797972027972034,0.90625,0.90625,3750.0,1875.0,10
b50_lb5_k2_eps0p0025,hierarchical_local_aggregate,confidence,2,dj_6_circuit,dj,6,circuit,0.008112997316574553,0.009804786590474596,0.009911720626725403,0.87625,0.8725,4950.0,2550.0,10
b50_lb5_k2_eps0p0025,hierarchical_local_aggregate,confidence,2,dj_7_circuit,dj,7,circuit,0.008606313018143966,0.013378000840768933,0.014381465517241301,0.835,0.8262499999999999,6600.0,3475.0,10
b50_lb5_k2_eps0p0025,hierarchical_local_aggregate,confidence,2,dj_8_circuit,dj,8,circuit,0.01083943158065301,0.013168444838056632,0.014421538461538392,0.7725,0.7725,9100.0,4550.0,10
b50_lb5_k2_eps0p0025,hierarchical_local_aggregate,confidence,2,dj_9_circuit,dj,9,circuit,0.011820405668470264,0.014086443717059997,0.014510602256909982,0.734375,0.72875,10625.0,5425.0,10
b50_lb5_k2_eps0p0025,hierarchical_local_aggregate,confidence,2,qaoa_10_circuit,qaoa,10,circuit,0.0,0.0,0.0,0.0,0.0,40000.0,20000.0,10
b50_lb5_k2_eps0p0025,hierarchical_local_aggregate,confidence,2,qaoa_11_circuit,qaoa,11,circuit,0.0,0.0,0.0,0.0,0.0,40000.0,20000.0,10
b50_lb5_k2_eps0p0025,hierarchical_local_aggregate,confidence,2,qaoa_12_circuit,qaoa,12,circuit,0.0,0.0,0.0,0.0,0.0,40000.0,20000.0,10
b50_lb5_k2_eps0p0025,hierarchical_local_aggregate,confidence,2,qaoa_13_circuit,qaoa,13,circuit,0.0,0.0,0.0,0.0,0.0,40000.0,20000.0,10
b50_lb5_k2_eps0p0025,hierarchical_local_aggregate,confidence,2,qaoa_14_circuit,qaoa,14,circuit,0.0,0.0,0.0,0.0,0.0,40000.0,20000.0,10
b50_lb5_k2_eps0p0025,hierarchical_local_aggregate,confidence,2,qaoa_15_circuit,qaoa,15,circuit,0.0,0.0,0.0,0.0,0.0,40000.0,20000.0,10
b50_lb5_k2_eps0p0025,hierarchical_local_aggregate,confidence,2,qaoa_4_circuit,qaoa,4,circuit,0.010928984804559415,0.013117209299697823,0.013797964778853034,0.8456250000000001,0.845,6175.0,3100.0,10
b50_lb5_k2_eps0p0025,hierarchical_local_aggregate,confidence,2,qaoa_5_circuit,qaoa,5,circuit,0.012508931271955261,0.014734987029797435,0.015366519570863019,0.67125,0.67125,13150.0,6575.0,10
b50_lb5_k2_eps0p0025,hierarchical_local_aggregate,confidence,2,qaoa_6_circuit,qaoa,6,circuit,0.012324277360155234,0.014376959540070513,0.014896491954260883,0.51,0.51,19600.0,9800.0,10
b50_lb5_k2_eps0p0025,hierarchical_local_aggregate,confidence,2,qaoa_7_circuit,qaoa,7,circuit,0.009857358305533758,0.012135462495688162,0.012541636545879779,0.22875,0.22875,30850.0,15425.0,10
b50_lb5_k2_eps0p0025,hierarchical_local_aggregate,confidence,2,qaoa_8_circuit,qaoa,8,circuit,0.0067799636571835775,0.00924702576833612,0.009293089106787993,0.09249999999999997,0.09249999999999997,36300.0,18150.0,10
b50_lb5_k2_eps0p0025,hierarchical_local_aggregate,confidence,2,qaoa_9_circuit,qaoa,9,circuit,0.0,0.0,0.0,0.0,0.0,40000.0,20000.0,10
b50_lb5_k2_eps0p0025,hierarchical_local_aggregate,confidence,2,qft_10_circuit,qft,10,circuit,0.0,0.0,0.0,0.0,0.0,40000.0,20000.0,10
b50_lb5_k2_eps0p0025,hierarchical_local_aggregate,confidence,2,qft_11_circuit,qft,11,circuit,0.0,0.0,0.0,0.0,0.0,40000.0,20000.0,10
b50_lb5_k2_eps0p0025,hierarchical_local_aggregate,confidence,2,qft_12_circuit,qft,12,circuit,0.0,0.0,0.0,0.0,0.0,40000.0,20000.0,10
b50_lb5_k2_eps0p0025,hierarchical_local_aggregate,confidence,2,qft_13_circuit,qft,13,circuit,0.0,0.0,0.0,0.0,0.0,40000.0,20000.0,10
b50_lb5_k2_eps0p0025,hierarchical_local_aggregate,confidence,2,qft_14_circuit,qft,14,circuit,0.0,0.0,0.0,0.0,0.0,40000.0,20000.0,10
b50_lb5_k2_eps0p0025,hierarchical_local_aggregate,confidence,2,qft_15_circuit,qft,15,circuit,0.0,0.0,0.0,0.0,0.0,40000.0,20000.0,10
b50_lb5_k2_eps0p0025,hierarchical_local_aggregate,confidence,2,qft_4_circuit,qft,4,circuit,0.013672737729186923,0.017900863633405373,0.019583602788425605,0.70875,0.70875,11650.0,5825.0,10
b50_lb5_k2_eps0p0025,hierarchical_local_aggregate,confidence,2,qft_5_circuit,qft,5,circuit,0.013007768366098592,0.014939479482778621,0.01514467131888499,0.56125,0.56125,17550.0,8775.0,10
b50_lb5_k2_eps0p0025,hierarchical_local_aggregate,confidence,2,qft_6_circuit,qft,6,circuit,0.011831425120197959,0.01363250801476471,0.013637697444337238,0.33875,0.33875,26450.0,13225.0,10
b50_lb5_k2_eps0p0025,hierarchical_local_aggregate,confidence,2,qft_7_circuit,qft,7,circuit,0.0028310601970192584,0.007468468766386268,0.007801300135271116,0.015000000000000013,0.015000000000000013,39400.0,19700.0,10
b50_lb5_k2_eps0p0025,hierarchical_local_aggregate,confidence,2,qft_8_circuit,qft,8,circuit,0.0,0.0,0.0,0.0,0.0,40000.0,20000.0,10
b50_lb5_k2_eps0p0025,hierarchical_local_aggregate,confidence,2,qft_9_circuit,qft,9,circuit,0.0,0.0,0.0,0.0,0.0,40000.0,20000.0,10
b50_lb5_k2_eps0p0025,hierarchical_local_aggregate,confidence,2,qnn_10_circuit,qnn,10,circuit,0.0,0.0,0.0,0.0,0.0,40000.0,20000.0,10
b50_lb5_k2_eps0p0025,hierarchical_local_aggregate,confidence,2,qnn_11_circuit,qnn,11,circuit,0.0,0.0,0.0,0.0,0.0,40000.0,20000.0,10
b50_lb5_k2_eps0p0025,hierarchical_local_aggregate,confidence,2,qnn_12_circuit,qnn,12,circuit,0.0,0.0,0.0,0.0,0.0,40000.0,20000.0,10
b50_lb5_k2_eps0p0025,hierarchical_local_aggregate,confidence,2,qnn_13_circuit,qnn,13,circuit,0.0,0.0,0.0,0.0,0.0,40000.0,20000.0,10
b50_lb5_k2_eps0p0025,hierarchical_local_aggregate,confidence,2,qnn_14_circuit,qnn,14,circuit,0.0,0.0,0.0,0.0,0.0,40000.0,20000.0,10
b50_lb5_k2_eps0p0025,hierarchical_local_aggregate,confidence,2,qnn_15_circuit,qnn,15,circuit,0.0,0.0,0.0,0.0,0.0,40000.0,20000.0,10
b50_lb5_k2_eps0p0025,hierarchical_local_aggregate,confidence,2,qnn_4_circuit,qnn,4,circuit,0.012433053819476418,0.014511425863701072,0.014564707438530946,0.7649999999999999,0.7649999999999999,9400.0,4700.0,10
b50_lb5_k2_eps0p0025,hierarchical_local_aggregate,confidence,2,qnn_5_circuit,qnn,5,circuit,0.0130286962218862,0.01737974670679553,0.01833100423911766,0.6074999999999999,0.6074999999999999,15700.0,7850.0,10
b50_lb5_k2_eps0p0025,hierarchical_local_aggregate,confidence,2,qnn_6_circuit,qnn,6,circuit,0.011486481160173364,0.014159712413899347,0.014889106948193528,0.43000000000000005,0.43000000000000005,22800.0,11400.0,10
b50_lb5_k2_eps0p0025,hierarchical_local_aggregate,confidence,2,qnn_7_circuit,qnn,7,circuit,0.006348672450822095,0.006871752228651847,0.006966233612845011,0.08250000000000002,0.08250000000000002,36700.0,18350.0,10
b50_lb5_k2_eps0p0025,hierarchical_local_aggregate,confidence,2,qnn_8_circuit,qnn,8,circuit,0.0,0.0,0.0,0.0,0.0,40000.0,20000.0,10
b50_lb5_k2_eps0p0025,hierarchical_local_aggregate,confidence,2,qnn_9_circuit,qnn,9,circuit,0.0,0.0,0.0,0.0,0.0,40000.0,20000.0,10
b50_lb5_k2_eps0p0025,hierarchical_local_aggregate,confidence,2,random_10_circuit,random,10,circuit,0.0,0.0,0.0,0.0,0.0,40000.0,20000.0,10
b50_lb5_k2_eps0p0025,hierarchical_local_aggregate,confidence,2,random_11_circuit,random,11,circuit,0.0,0.0,0.0,0.0,0.0,40000.0,20000.0,10
b50_lb5_k2_eps0p0025,hierarchical_local_aggregate,confidence,2,random_12_circuit,random,12,circuit,0.0,0.0,0.0,0.0,0.0,40000.0,20000.0,10
b50_lb5_k2_eps0p0025,hierarchical_local_aggregate,confidence,2,random_13_circuit,random,13,circuit,0.0,0.0,0.0,0.0,0.0,40000.0,20000.0,10
b50_lb5_k2_eps0p0025,hierarchical_local_aggregate,confidence,2,random_14_circuit,random,14,circuit,0.0,0.0,0.0,0.0,0.0,40000.0,20000.0,10
b50_lb5_k2_eps0p0025,hierarchical_local_aggregate,confidence,2,random_15_circuit,random,15,circuit,0.0,0.0,0.0,0.0,0.0,40000.0,20000.0,10
b50_lb5_k2_eps0p0025,hierarchical_local_aggregate,confidence,2,random_4_circuit,random,4,circuit,0.007660598153093336,0.010774024632063672,0.010819375405990251,0.7637499999999999,0.7637499999999999,9450.0,4725.0,10
b50_lb5_k2_eps0p0025,hierarchical_local_aggregate,confidence,2,random_5_circuit,random,5,circuit,0.012656234889484336,0.015006996067193534,0.016373146322518985,0.6875,0.6875,12500.0,6250.0,10
b50_lb5_k2_eps0p0025,hierarchical_local_aggregate,confidence,2,random_6_circuit,random,6,circuit,0.011226472318560582,0.013686115896670736,0.014874616738708277,0.41750000000000004,0.41750000000000004,23300.0,11650.0,10
b50_lb5_k2_eps0p0025,hierarchical_local_aggregate,confidence,2,random_7_circuit,random,7,circuit,0.006835111803190088,0.010597760252054826,0.010855332068440594,0.10375000000000001,0.10375000000000001,35850.0,17925.0,10
b50_lb5_k2_eps0p0025,hierarchical_local_aggregate,confidence,2,random_8_circuit,random,8,circuit,0.0,0.0,0.0,0.0,0.0,40000.0,20000.0,10
b50_lb5_k2_eps0p0025,hierarchical_local_aggregate,confidence,2,random_9_circuit,random,9,circuit,0.0,0.0,0.0,0.0,0.0,40000.0,20000.0,10
b50_lb5_k2_eps0p0025,hierarchical_local_aggregate,confidence,2,vqe_10_circuit,vqe,10,circuit,0.016306631318178888,0.01905144189127803,0.01907936684975134,0.6375,0.6325000000000001,14500.0,7350.0,10
b50_lb5_k2_eps0p0025,hierarchical_local_aggregate,confidence,2,vqe_11_circuit,vqe,11,circuit,0.017771087807542753,0.020027541835198278,0.020392770132043936,0.61625,0.61625,15350.0,7675.0,10
b50_lb5_k2_eps0p0025,hierarchical_local_aggregate,confidence,2,vqe_12_circuit,vqe,12,circuit,0.01565064615626129,0.016119581521802484,0.01613983852051026,0.55125,0.54875,17950.0,9025.0,10
b50_lb5_k2_eps0p0025,hierarchical_local_aggregate,confidence,2,vqe_13_circuit,vqe,13,circuit,0.01601638376745672,0.018009136376425382,0.01834429743034966,0.406875,0.40499999999999997,23725.0,11900.0,10
b50_lb5_k2_eps0p0025,hierarchical_local_aggregate,confidence,2,vqe_14_circuit,vqe,14,circuit,0.01413693069217925,0.01891431441095372,0.01907917363941752,0.23125,0.23125,30750.0,15375.0,10
b50_lb5_k2_eps0p0025,hierarchical_local_aggregate,confidence,2,vqe_15_circuit,vqe,15,circuit,0.011493058935934403,0.01583346737747295,0.016924200963232595,0.16125,0.16125,33550.0,16775.0,10
b50_lb5_k2_eps0p0025,hierarchical_local_aggregate,confidence,2,vqe_4_circuit,vqe,4,circuit,0.00535617213276857,0.007903664981293112,0.008412466913710928,0.93125,0.9237500000000001,2750.0,1525.0,10
b50_lb5_k2_eps0p0025,hierarchical_local_aggregate,confidence,2,vqe_5_circuit,vqe,5,circuit,0.008729390991317589,0.01405522482711018,0.01505534255989011,0.8518749999999999,0.85,5925.0,3000.0,10
b50_lb5_k2_eps0p0025,hierarchical_local_aggregate,confidence,2,vqe_6_circuit,vqe,6,circuit,0.0074787353406663695,0.01060578341725961,0.011694949762030641,0.8600000000000001,0.8600000000000001,5600.0,2800.0,10
b50_lb5_k2_eps0p0025,hierarchical_local_aggregate,confidence,2,vqe_7_circuit,vqe,7,circuit,0.009790765444200607,0.013476746253049815,0.015061483253588458,0.80375,0.8025,7850.0,3950.0,10
b50_lb5_k2_eps0p0025,hierarchical_local_aggregate,confidence,2,vqe_8_circuit,vqe,8,circuit,0.01143403231726988,0.014193428633894131,0.014649925072714733,0.7324999999999999,0.72875,10700.0,5425.0,10
b50_lb5_k2_eps0p0025,hierarchical_local_aggregate,confidence,2,vqe_9_circuit,vqe,9,circuit,0.013740902431406696,0.018508809820342812,0.020630945945945892,0.693125,0.6925,12275.0,6150.0,10
b50_lb5_k2_eps0p0025,hierarchical_local_aggregate,confidence,3,dj_10_circuit,dj,10,circuit,0.01254213443163036,0.013524109757131014,0.013623213089404751,0.7433333333333334,0.74,15400.0,5200.0,10
b50_lb5_k2_eps0p0025,hierarchical_local_aggregate,confidence,3,dj_11_circuit,dj,11,circuit,0.01307849469029859,0.014641393369876486,0.015046379406056808,0.6799999999999999,0.6799999999999999,19200.0,6400.0,10
b50_lb5_k2_eps0p0025,hierarchical_local_aggregate,confidence,3,dj_12_circuit,dj,12,circuit,0.01376027663282312,0.015550856079554167,0.016036827838022218,0.6275,0.62,22350.0,7600.0,10
b50_lb5_k2_eps0p0025,hierarchical_local_aggregate,confidence,3,dj_13_circuit,dj,13,circuit,0.0146921438373571,0.017783594762758096,0.017852389902296848,0.5641666666666667,0.5625,26150.0,8750.0,10
b50_lb5_k2_eps0p0025,hierarchical_local_aggregate,confidence,3,dj_14_circuit,dj,14,circuit,0.015991413439378304,0.017581228716945993,0.018191169781614457,0.5137499999999999,0.5137499999999999,29175.0,9725.0,10
b50_lb5_k2_eps0p0025,hierarchical_local_aggregate,confidence,3,dj_15_circuit,dj,15,circuit,0.015615945613282287,0.017046837488106516,0.01708839724031144,0.4404166666666667,0.42625,33575.0,11475.0,10
b50_lb5_k2_eps0p0025,hierarchical_local_aggregate,confidence,3,dj_4_circuit,dj,4,circuit,0.0054798819911742215,0.009959121233859398,0.010636096256684453,0.9512499999999999,0.9512499999999999,2925.0,975.0,10
b50_lb5_k2_eps0p0025,hierarchical_local_aggregate,confidence,3,dj_5_circuit,dj,5,circuit,0.005300528034313996,0.008253948652166465,0.008600974421813734,0.91625,0.91625,5025.0,1675.0,10
b50_lb5_k2_eps0p0025,hierarchical_local_aggregate,confidence,3,dj_6_circuit,dj,6,circuit,0.006907919799354869,0.0091671982927848,0.010085102065312828,0.8841666666666667,0.8787499999999999,6950.0,2425.0,10
b50_lb5_k2_eps0p0025,hierarchical_local_aggregate,confidence,3,dj_7_circuit,dj,7,circuit,0.006909755029777552,0.008651571529979266,0.009177117768023043,0.8483333333333334,0.84125,9100.0,3175.0,10
b50_lb5_k2_eps0p0025,hierarchical_local_aggregate,confidence,3,dj_8_circuit,dj,8,circuit,0.008493788475558678,0.010441131205963737,0.010453771337797924,0.8125,0.8125,11250.0,3750.0,10
b50_lb5_k2_eps0p0025,hierarchical_local_aggregate,confidence,3,dj_9_circuit,dj,9,circuit,0.009913581709120857,0.012624029066591819,0.01313360100271608,0.7424999999999999,0.7424999999999999,15450.0,5150.0,10
b50_lb5_k2_eps0p0025,hierarchical_local_aggregate,confidence,3,qaoa_10_circuit,qaoa,10,circuit,0.0,0.0,0.0,0.0,0.0,60000.0,20000.0,10
b50_lb5_k2_eps0p0025,hierarchical_local_aggregate,confidence,3,qaoa_11_circuit,qaoa,11,circuit,0.0,0.0,0.0,0.0,0.0,60000.0,20000.0,10
b50_lb5_k2_eps0p0025,hierarchical_local_aggregate,confidence,3,qaoa_12_circuit,qaoa,12,circuit,0.0,0.0,0.0,0.0,0.0,60000.0,20000.0,10
b50_lb5_k2_eps0p0025,hierarchical_local_aggregate,confidence,3,qaoa_13_circuit,qaoa,13,circuit,0.0,0.0,0.0,0.0,0.0,60000.0,20000.0,10
b50_lb5_k2_eps0p0025,hierarchical_local_aggregate,confidence,3,qaoa_14_circuit,qaoa,14,circuit,0.0,0.0,0.0,0.0,0.0,60000.0,20000.0,10
b50_lb5_k2_eps0p0025,hierarchical_local_aggregate,confidence,3,qaoa_15_circuit,qaoa,15,circuit,0.0,0.0,0.0,0.0,0.0,60000.0,20000.0,10
b50_lb5_k2_eps0p0025,hierarchical_local_aggregate,confidence,3,qaoa_4_circuit,qaoa,4,circuit,0.01151980307272122,0.013690658249923425,0.014447318943093156,0.86375,0.86375,8175.0,2725.0,10
b50_lb5_k2_eps0p0025,hierarchical_local_aggregate,confidence,3,qaoa_5_circuit,qaoa,5,circuit,0.011089883099107464,0.01420733357581084,0.014529904546553165,0.73875,0.73875,15675.0,5225.0,10
b50_lb5_k2_eps0p0025,hierarchical_local_aggregate,confidence,3,qaoa_6_circuit,qaoa,6,circuit,0.012828430118921347,0.014518279342230973,0.01451906137676037,0.62625,0.62625,22425.0,7475.0,10
b50_lb5_k2_eps0p0025,hierarchical_local_aggregate,confidence,3,qaoa_7_circuit,qaoa,7,circuit,0.011525627060581058,0.012954026389764927,0.013127956281613451,0.385,0.385,36900.0,12300.0,10
b50_lb5_k2_eps0p0025,hierarchical_local_aggregate,confidence,3,qaoa_8_circuit,qaoa,8,circuit,0.01004525722307167,0.010983770911366196,0.011297000711258652,0.2675,0.2675,43950.0,14650.0,10
b50_lb5_k2_eps0p0025,hierarchical_local_aggregate,confidence,3,qaoa_9_circuit,qaoa,9,circuit,0.001750547359985525,0.005490002404799671,0.005576141241446103,0.010000000000000009,0.010000000000000009,59400.0,19800.0,10
b50_lb5_k2_eps0p0025,hierarchical_local_aggregate,confidence,3,qft_10_circuit,qft,10,circuit,0.0,0.0,0.0,0.0,0.0,60000.0,20000.0,10
b50_lb5_k2_eps0p0025,hierarchical_local_aggregate,confidence,3,qft_11_circuit,qft,11,circuit,0.0,0.0,0.0,0.0,0.0,60000.0,20000.0,10
b50_lb5_k2_eps0p0025,hierarchical_local_aggregate,confidence,3,qft_12_circuit,qft,12,circuit,0.0,0.0,0.0,0.0,0.0,60000.0,20000.0,10
b50_lb5_k2_eps0p0025,hierarchical_local_aggregate,confidence,3,qft_13_circuit,qft,13,circuit,0.0,0.0,0.0,0.0,0.0,60000.0,20000.0,10
b50_lb5_k2_eps0p0025,hierarchical_local_aggregate,confidence,3,qft_14_circuit,qft,14,circuit,0.0,0.0,0.0,0.0,0.0,60000.0,20000.0,10
b50_lb5_k2_eps0p0025,hierarchical_local_aggregate,confidence,3,qft_15_circuit,qft,15,circuit,0.0,0.0,0.0,0.0,0.0,60000.0,20000.0,10
b50_lb5_k2_eps0p0025,hierarchical_local_aggregate,confidence,3,qft_4_circuit,qft,4,circuit,0.012837748749867265,0.01555173782958207,0.015554401422082292,0.7324999999999999,0.7324999999999999,16050.0,5350.0,10
b50_lb5_k2_eps0p0025,hierarchical_local_aggregate,confidence,3,qft_5_circuit,qft,5,circuit,0.012374502197177733,0.014131004073517852,0.014584510221112781,0.635,0.635,21900.0,7300.0,10
b50_lb5_k2_eps0p0025,hierarchical_local_aggregate,confidence,3,qft_6_circuit,qft,6,circuit,0.012468940503224777,0.013938774504206334,0.013970855025277144,0.45625,0.45625,32625.0,10875.0,10
b50_lb5_k2_eps0p0025,hierarchical_local_aggregate,confidence,3,qft_7_circuit,qft,7,circuit,0.009024510866339215,0.009955714693773755,0.010021327670545808,0.1975,0.1975,48150.0,16050.0,10
b50_lb5_k2_eps0p0025,hierarchical_local_aggregate,confidence,3,qft_8_circuit,qft,8,circuit,0.0,0.0,0.0,0.0,0.0,60000.0,20000.0,10
b50_lb5_k2_eps0p0025,hierarchical_local_aggregate,confidence,3,qft_9_circuit,qft,9,circuit,0.0,0.0,0.0,0.0,0.0,60000.0,20000.0,10
b50_lb5_k2_eps0p0025,hierarchical_local_aggregate,confidence,3,qnn_10_circuit,qnn,10,circuit,0.0,0.0,0.0,0.0,0.0,60000.0,20000.0,10
b50_lb5_k2_eps0p0025,hierarchical_local_aggregate,confidence,3,qnn_11_circuit,qnn,11,circuit,0.0,0.0,0.0,0.0,0.0,60000.0,20000.0,10
b50_lb5_k2_eps0p0025,hierarchical_local_aggregate,confidence,3,qnn_12_circuit,qnn,12,circuit,0.0,0.0,0.0,0.0,0.0,60000.0,20000.0,10
b50_lb5_k2_eps0p0025,hierarchical_local_aggregate,confidence,3,qnn_13_circuit,qnn,13,circuit,0.0,0.0,0.0,0.0,0.0,60000.0,20000.0,10
b50_lb5_k2_eps0p0025,hierarchical_local_aggregate,confidence,3,qnn_14_circuit,qnn,14,circuit,0.0,0.0,0.0,0.0,0.0,60000.0,20000.0,10
b50_lb5_k2_eps0p0025,hierarchical_local_aggregate,confidence,3,qnn_15_circuit,qnn,15,circuit,0.0,0.0,0.0,0.0,0.0,60000.0,20000.0,10
b50_lb5_k2_eps0p0025,hierarchical_local_aggregate,confidence,3,qnn_4_circuit,qnn,4,circuit,0.010987719668364284,0.012890189990956941,0.013154843172936127,0.78125,0.78125,13125.0,4375.0,10
b50_lb5_k2_eps0p0025,hierarchical_local_aggregate,confidence,3,qnn_5_circuit,qnn,5,circuit,0.012521787780171508,0.013873200025307503,0.014376121806361428,0.645,0.645,21300.0,7100.0,10
b50_lb5_k2_eps0p0025,hierarchical_local_aggregate,confidence,3,qnn_6_circuit,qnn,6,circuit,0.01122741234637089,0.012951618814293719,0.013608398081022353,0.52375,0.52375,28575.0,9525.0,10
b50_lb5_k2_eps0p0025,hierarchical_local_aggregate,confidence,3,qnn_7_circuit,qnn,7,circuit,0.00938090978318596,0.011258436814608374,0.011462666086186218,0.23750000000000004,0.23750000000000004,45750.0,15250.0,10
b50_lb5_k2_eps0p0025,hierarchical_local_aggregate,confidence,3,qnn_8_circuit,qnn,8,circuit,0.0,0.0027012036978610126,0.002821192539868119,0.0,0.0,60000.0,20000.0,10
b50_lb5_k2_eps0p0025,hierarchical_local_aggregate,confidence,3,qnn_9_circuit,qnn,9,circuit,0.0,0.0,0.0,0.0,0.0,60000.0,20000.0,10
b50_lb5_k2_eps0p0025,hierarchical_local_aggregate,confidence,3,random_10_circuit,random,10,circuit,0.0,0.0,0.0,0.0,0.0,60000.0,20000.0,10
b50_lb5_k2_eps0p0025,hierarchical_local_aggregate,confidence,3,random_11_circuit,random,11,circuit,0.0,0.0,0.0,0.0,0.0,60000.0,20000.0,10
b50_lb5_k2_eps0p0025,hierarchical_local_aggregate,confidence,3,random_12_circuit,random,12,circuit,0.0,0.0,0.0,0.0,0.0,60000.0,20000.0,10
b50_lb5_k2_eps0p0025,hierarchical_local_aggregate,confidence,3,random_13_circuit,random,13,circuit,0.0,0.0,0.0,0.0,0.0,60000.0,20000.0,10
b50_lb5_k2_eps0p0025,hierarchical_local_aggregate,confidence,3,random_14_circuit,random,14,circuit,0.0,0.0,0.0,0.0,0.0,60000.0,20000.0,10
b50_lb5_k2_eps0p0025,hierarchical_local_aggregate,confidence,3,random_15_circuit,random,15,circuit,0.0,0.0,0.0,0.0,0.0,60000.0,20000.0,10
b50_lb5_k2_eps0p0025,hierarchical_local_aggregate,confidence,3,random_4_circuit,random,4,circuit,0.007475237468785149,0.009321207597252655,0.009379272648371701,0.7887500000000001,0.7887500000000001,12675.0,4225.0,10
b50_lb5_k2_eps0p0025,hierarchical_local_aggregate,confidence,3,random_5_circuit,random,5,circuit,0.010585098561334636,0.014297721993728522,0.014666378345270976,0.72625,0.72625,16425.0,5475.0,10
b50_lb5_k2_eps0p0025,hierarchical_local_aggregate,confidence,3,random_6_circuit,random,6,circuit,0.01230116153812251,0.013600966983841183,0.014066049353599699,0.5225,0.5225,28650.0,9550.0,10
b50_lb5_k2_eps0p0025,hierarchical_local_aggregate,confidence,3,random_7_circuit,random,7,circuit,0.010116996907853691,0.011467836451771631,0.011820324417267533,0.28625,0.28625,42825.0,14275.0,10
b50_lb5_k2_eps0p0025,hierarchical_local_aggregate,confidence,3,random_8_circuit,random,8,circuit,0.0,0.0014395086445880589,0.002617288444705567,0.0,0.0,60000.0,20000.0,10
b50_lb5_k2_eps0p0025,hierarchical_local_aggregate,confidence,3,random_9_circuit,random,9,circuit,0.0,0.0,0.0,0.0,0.0,60000.0,20000.0,10
b50_lb5_k2_eps0p0025,hierarchical_local_aggregate,confidence,3,vqe_10_circuit,vqe,10,circuit,0.015380072382041903,0.01668715602709024,0.01692269931983404,0.6520833333333333,0.65,20875.0,7000.0,10
b50_lb5_k2_eps0p0025,hierarchical_local_aggregate,confidence,3,vqe_11_circuit,vqe,11,circuit,0.016624789638390845,0.01821062577758868,0.01823206041949648,0.7025,0.69875,17850.0,6025.0,10
b50_lb5_k2_eps0p0025,hierarchical_local_aggregate,confidence,3,vqe_12_circuit,vqe,12,circuit,0.014761118317121635,0.01631185788837876,0.01662163105977577,0.6075,0.6012500000000001,23550.0,7975.0,10
b50_lb5_k2_eps0p0025,hierarchical_local_aggregate,confidence,3,vqe_13_circuit,vqe,13,circuit,0.014697361576220013,0.018094712890646854,0.018103054970643486,0.5141666666666667,0.48875,29150.0,10225.0,10
b50_lb5_k2_eps0p0025,hierarchical_local_aggregate,confidence,3,vqe_14_circuit,vqe,14,circuit,0.016280131730706693,0.017098149275082228,0.01741088906399431,0.3866666666666667,0.38,36800.0,12400.0,10
b50_lb5_k2_eps0p0025,hierarchical_local_aggregate,confidence,3,vqe_15_circuit,vqe,15,circuit,0.013889074899249433,0.016508396302090084,0.01661064739233367,0.2991666666666667,0.29625,42050.0,14075.0,10
b50_lb5_k2_eps0p0025,hierarchical_local_aggregate,confidence,3,vqe_4_circuit,vqe,4,circuit,0.0050332312724441775,0.006948228360940673,0.007039803461170479,0.9383333333333332,0.93125,3700.0,1375.0,10
b50_lb5_k2_eps0p0025,hierarchical_local_aggregate,confidence,3,vqe_5_circuit,vqe,5,circuit,0.00829431192918437,0.015143949185837231,0.015594635087649397,0.8825000000000001,0.8825000000000001,7050.0,2350.0,10
b50_lb5_k2_eps0p0025,hierarchical_local_aggregate,confidence,3,vqe_6_circuit,vqe,6,circuit,0.006353539468973922,0.007808550690718513,0.008250818429375839,0.8987499999999999,0.8912500000000001,6075.0,2175.0,10
b50_lb5_k2_eps0p0025,hierarchical_local_aggregate,confidence,3,vqe_7_circuit,vqe,7,circuit,0.009679941710775273,0.011148985638904367,0.011551601009060329,0.8125,0.8125,11250.0,3750.0,10
b50_lb5_k2_eps0p0025,hierarchical_local_aggregate,confidence,3,vqe_8_circuit,vqe,8,circuit,0.0101300580259488,0.012022199787104,0.012938496569059875,0.7533333333333333,0.74875,14800.0,5025.0,10
b50_lb5_k2_eps0p0025,hierarchical_local_aggregate,confidence,3,vqe_9_circuit,vqe,9,circuit,0.012781694044295785,0.016490124815092554,0.016803491356102585,0.75,0.75,15000.0,5000.0,10
b50_lb5_k2_eps0p0025,hierarchical_local_aggregate,confidence,4,dj_10_circuit,dj,10,circuit,0.011213645707174194,0.013162816334291293,0.013358680535584639,0.7675,0.7675,18600.0,4650.0,5
b50_lb5_k2_eps0p0025,hierarchical_local_aggregate,confidence,4,dj_11_circuit,dj,11,circuit,0.012964669852943275,0.014129604655808035,0.014300899224493636,0.6925,0.6925,24600.0,6150.0,5
b50_lb5_k2_eps0p0025,hierarchical_local_aggregate,confidence,4,dj_12_circuit,dj,12,circuit,0.013020374113455762,0.014448486471493797,0.014451554109849394,0.65,0.65,28000.0,7000.0,5
b50_lb5_k2_eps0p0025,hierarchical_local_aggregate,confidence,4,dj_13_circuit,dj,13,circuit,0.014937515599463613,0.018694638782044193,0.01936814321755306,0.6275,0.6275,29800.0,7450.0,5
b50_lb5_k2_eps0p0025,hierarchical_local_aggregate,confidence,4,dj_14_circuit,dj,14,circuit,0.015012978818531093,0.016116377919200994,0.016323722444781006,0.5825,0.5825,33400.0,8350.0,5
b50_lb5_k2_eps0p0025,hierarchical_local_aggregate,confidence,4,dj_15_circuit,dj,15,circuit,0.014728836326491888,0.015629598781508266,0.015783803204844245,0.495625,0.495,40350.0,10100.0,5
b50_lb5_k2_eps0p0025,hierarchical_local_aggregate,confidence,4,dj_4_circuit,dj,4,circuit,0.0074013718876801,0.008622367566131037,0.008817611336032401,0.96,0.96,3200.0,800.0,5
b50_lb5_k2_eps0p0025,hierarchical_local_aggregate,confidence,4,dj_5_circuit,dj,5,circuit,0.004322806687218855,0.005201034285126179,0.005224593000650035,0.92,0.92,6400.0,1600.0,5
b50_lb5_k2_eps0p0025,hierarchical_local_aggregate,confidence,4,dj_6_circuit,dj,6,circuit,0.006374357792684643,0.006777846115843833,0.006850533253382862,0.8975,0.8975,8200.0,2050.0,5
b50_lb5_k2_eps0p0025,hierarchical_local_aggregate,confidence,4,dj_7_circuit,dj,7,circuit,0.006148227436989847,0.007303854733801399,0.0073592554261864675,0.853125,0.845,11750.0,3100.0,5
b50_lb5_k2_eps0p0025,hierarchical_local_aggregate,confidence,4,dj_8_circuit,dj,8,circuit,0.007892796043100917,0.008582066681187061,0.008698899149052659,0.825,0.825,14000.0,3500.0,5
b50_lb5_k2_eps0p0025,hierarchical_local_aggregate,confidence,4,dj_9_circuit,dj,9,circuit,0.009538566075316323,0.010153147372639271,0.010292289650080583,0.7675,0.7675,18600.0,4650.0,5
b50_lb5_k2_eps0p0025,hierarchical_local_aggregate,confidence,4,qaoa_10_circuit,qaoa,10,circuit,0.0,0.0,0.0,0.0,0.0,80000.0,20000.0,5
b50_lb5_k2_eps0p0025,hierarchical_local_aggregate,confidence,4,qaoa_11_circuit,qaoa,11,circuit,0.0,0.0,0.0,0.0,0.0,80000.0,20000.0,5
b50_lb5_k2_eps0p0025,hierarchical_local_aggregate,confidence,4,qaoa_12_circuit,qaoa,12,circuit,0.0,0.0,0.0,0.0,0.0,80000.0,20000.0,5
b50_lb5_k2_eps0p0025,hierarchical_local_aggregate,confidence,4,qaoa_13_circuit,qaoa,13,circuit,0.0,0.0,0.0,0.0,0.0,80000.0,20000.0,5
b50_lb5_k2_eps0p0025,hierarchical_local_aggregate,confidence,4,qaoa_14_circuit,qaoa,14,circuit,0.0,0.0,0.0,0.0,0.0,80000.0,20000.0,5
b50_lb5_k2_eps0p0025,hierarchical_local_aggregate,confidence,4,qaoa_15_circuit,qaoa,15,circuit,0.0,0.0,0.0,0.0,0.0,80000.0,20000.0,5
b50_lb5_k2_eps0p0025,hierarchical_local_aggregate,confidence,4,qaoa_4_circuit,qaoa,4,circuit,0.010485851285417975,0.013859973463471793,0.01455798409511953,0.87,0.87,10400.0,2600.0,5
b50_lb5_k2_eps0p0025,hierarchical_local_aggregate,confidence,4,qaoa_5_circuit,qaoa,5,circuit,0.010230154211704824,0.012754559118320396,0.013194972771960297,0.755,0.755,19600.0,4900.0,5
b50_lb5_k2_eps0p0025,hierarchical_local_aggregate,confidence,4,qaoa_6_circuit,qaoa,6,circuit,0.012134072490509242,0.012785471680683553,0.012818349398728135,0.6325000000000001,0.6325000000000001,29400.0,7350.0,5
b50_lb5_k2_eps0p0025,hierarchical_local_aggregate,confidence,4,qaoa_7_circuit,qaoa,7,circuit,0.011288456770368407,0.011593265301438702,0.01164916330240568,0.45499999999999996,0.45499999999999996,43600.0,10900.0,5
b50_lb5_k2_eps0p0025,hierarchical_local_aggregate,confidence,4,qaoa_8_circuit,qaoa,8,circuit,0.010134797386907883,0.01221525047433285,0.012617728774338546,0.3425,0.3425,52600.0,13150.0,5
b50_lb5_k2_eps0p0025,hierarchical_local_aggregate,confidence,4,qaoa_9_circuit,qaoa,9,circuit,0.008255269760083278,0.008515599354397147,0.008549315868084122,0.12250000000000005,0.12250000000000005,70200.0,17550.0,5
b50_lb5_k2_eps0p0025,hierarchical_local_aggregate,confidence,4,qft_10_circuit,qft,10,circuit,0.0,0.0,0.0,0.0,0.0,80000.0,20000.0,5
b50_lb5_k2_eps0p0025,hierarchical_local_aggregate,confidence,4,qft_11_circuit,qft,11,circuit,0.0,0.0,0.0,0.0,0.0,80000.0,20000.0,5
b50_lb5_k2_eps0p0025,hierarchical_local_aggregate,confidence,4,qft_12_circuit,qft,12,circuit,0.0,0.0,0.0,0.0,0.0,80000.0,20000.0,5
b50_lb5_k2_eps0p0025,hierarchical_local_aggregate,confidence,4,qft_13_circuit,qft,13,circuit,0.0,0.0,0.0,0.0,0.0,80000.0,20000.0,5
b50_lb5_k2_eps0p0025,hierarchical_local_aggregate,confidence,4,qft_14_circuit,qft,14,circuit,0.0,0.0,0.0,0.0,0.0,80000.0,20000.0,5
b50_lb5_k2_eps0p0025,hierarchical_local_aggregate,confidence,4,qft_15_circuit,qft,15,circuit,0.0,0.0,0.0,0.0,0.0,80000.0,20000.0,5
b50_lb5_k2_eps0p0025,hierarchical_local_aggregate,confidence,4,qft_4_circuit,qft,4,circuit,0.013124058486260973,0.01676489726617026,0.016973835566804922,0.7475,0.7475,20200.0,5050.0,5
b50_lb5_k2_eps0p0025,hierarchical_local_aggregate,confidence,4,qft_5_circuit,qft,5,circuit,0.011228456201983308,0.012628709596817172,0.01269706688378669,0.6799999999999999,0.6799999999999999,25600.0,6400.0,5
b50_lb5_k2_eps0p0025,hierarchical_local_aggregate,confidence,4,qft_6_circuit,qft,6,circuit,0.012097112780935679,0.013377636660935187,0.013645145771509094,0.515,0.515,38800.0,9700.0,5
b50_lb5_k2_eps0p0025,hierarchical_local_aggregate,confidence,4,qft_7_circuit,qft,7,circuit,0.010368240226196472,0.01102750898539878,0.011168725171232574,0.3025,0.3025,55800.0,13950.0,5
b50_lb5_k2_eps0p0025,hierarchical_local_aggregate,confidence,4,qft_8_circuit,qft,8,circuit,0.0035558328508421876,0.004948874209999699,0.0052652820630344046,0.025000000000000022,0.025000000000000022,78000.0,19500.0,5
b50_lb5_k2_eps0p0025,hierarchical_local_aggregate,confidence,4,qft_9_circuit,qft,9,circuit,0.0,0.0,0.0,0.0,0.0,80000.0,20000.0,5
b50_lb5_k2_eps0p0025,hierarchical_local_aggregate,confidence,4,qnn_10_circuit,qnn,10,circuit,0.0,0.0,0.0,0.0,0.0,80000.0,20000.0,5
b50_lb5_k2_eps0p0025,hierarchical_local_aggregate,confidence,4,qnn_11_circuit,qnn,11,circuit,0.0,0.0,0.0,0.0,0.0,80000.0,20000.0,5
b50_lb5_k2_eps0p0025,hierarchical_local_aggregate,confidence,4,qnn_12_circuit,qnn,12,circuit,0.0,0.0,0.0,0.0,0.0,80000.0,20000.0,5
b50_lb5_k2_eps0p0025,hierarchical_local_aggregate,confidence,4,qnn_13_circuit,qnn,13,circuit,0.0,0.0,0.0,0.0,0.0,80000.0,20000.0,5
b50_lb5_k2_eps0p0025,hierarchical_local_aggregate,confidence,4,qnn_14_circuit,qnn,14,circuit,0.0,0.0,0.0,0.0,0.0,80000.0,20000.0,5
b50_lb5_k2_eps0p0025,hierarchical_local_aggregate,confidence,4,qnn_15_circuit,qnn,15,circuit,0.0,0.0,0.0,0.0,0.0,80000.0,20000.0,5
b50_lb5_k2_eps0p0025,hierarchical_local_aggregate,confidence,4,qnn_4_circuit,qnn,4,circuit,0.010633385748826541,0.010896349324121993,0.010906956731514681,0.7925,0.7925,16600.0,4150.0,5
b50_lb5_k2_eps0p0025,hierarchical_local_aggregate,confidence,4,qnn_5_circuit,qnn,5,circuit,0.012901657334543648,0.014186009748640423,0.014457571985577152,0.7175,0.7175,22600.0,5650.0,5
b50_lb5_k2_eps0p0025,hierarchical_local_aggregate,confidence,4,qnn_6_circuit,qnn,6,circuit,0.00997773145495413,0.011446886280607263,0.011597787457953482,0.5725,0.5725,34200.0,8550.0,5
b50_lb5_k2_eps0p0025,hierarchical_local_aggregate,confidence,4,qnn_7_circuit,qnn,7,circuit,0.01078632943322254,0.011176010872056934,0.011194529333336693,0.35750000000000004,0.35750000000000004,51400.0,12850.0,5
b50_lb5_k2_eps0p0025,hierarchical_local_aggregate,confidence,4,qnn_8_circuit,qnn,8,circuit,0.007517298565444445,0.008053310564425334,0.008144206806491338,0.11250000000000004,0.11250000000000004,71000.0,17750.0,5
b50_lb5_k2_eps0p0025,hierarchical_local_aggregate,confidence,4,qnn_9_circuit,qnn,9,circuit,0.0,0.0,0.0,0.0,0.0,80000.0,20000.0,5
b50_lb5_k2_eps0p0025,hierarchical_local_aggregate,confidence,4,random_10_circuit,random,10,circuit,0.0,0.0,0.0,0.0,0.0,80000.0,20000.0,5
b50_lb5_k2_eps0p0025,hierarchical_local_aggregate,confidence,4,random_11_circuit,random,11,circuit,0.0,0.0,0.0,0.0,0.0,80000.0,20000.0,5
b50_lb5_k2_eps0p0025,hierarchical_local_aggregate,confidence,4,random_12_circuit,random,12,circuit,0.0,0.0,0.0,0.0,0.0,80000.0,20000.0,5
b50_lb5_k2_eps0p0025,hierarchical_local_aggregate,confidence,4,random_13_circuit,random,13,circuit,0.0,0.0,0.0,0.0,0.0,80000.0,20000.0,5
b50_lb5_k2_eps0p0025,hierarchical_local_aggregate,confidence,4,random_14_circuit,random,14,circuit,0.0,0.0,0.0,0.0,0.0,80000.0,20000.0,5
b50_lb5_k2_eps0p0025,hierarchical_local_aggregate,confidence,4,random_15_circuit,random,15,circuit,0.0,0.0,0.0,0.0,0.0,80000.0,20000.0,5
b50_lb5_k2_eps0p0025,hierarchical_local_aggregate,confidence,4,random_4_circuit,random,4,circuit,0.007753866583734393,0.008068123955061773,0.008094299022027091,0.85,0.85,12000.0,3000.0,5
b50_lb5_k2_eps0p0025,hierarchical_local_aggregate,confidence,4,random_5_circuit,random,5,circuit,0.010603082957574188,0.012999274913568443,0.013527104473452838,0.745,0.745,20400.0,5100.0,5
b50_lb5_k2_eps0p0025,hierarchical_local_aggregate,confidence,4,random_6_circuit,random,6,circuit,0.010914051134920924,0.012561268518605334,0.012664106476366415,0.5675,0.5675,34600.0,8650.0,5
b50_lb5_k2_eps0p0025,hierarchical_local_aggregate,confidence,4,random_7_circuit,random,7,circuit,0.01032303677048587,0.010930778121652971,0.011006376814925207,0.36750000000000005,0.36750000000000005,50600.0,12650.0,5
b50_lb5_k2_eps0p0025,hierarchical_local_aggregate,confidence,4,random_8_circuit,random,8,circuit,0.0053712402569100984,0.0076144290049591475,0.007654111639475701,0.0625,0.0625,75000.0,18750.0,5
b50_lb5_k2_eps0p0025,hierarchical_local_aggregate,confidence,4,random_9_circuit,random,9,circuit,0.0,0.0,0.0,0.0,0.0,80000.0,20000.0,5
b50_lb5_k2_eps0p0025,hierarchical_local_aggregate,confidence,4,vqe_10_circuit,vqe,10,circuit,0.015013957422415713,0.015344602234089727,0.015406939645334695,0.7,0.7,24000.0,6000.0,5
b50_lb5_k2_eps0p0025,hierarchical_local_aggregate,confidence,4,vqe_11_circuit,vqe,11,circuit,0.01658676264288544,0.017035707198327758,0.017093409819614755,0.703125,0.7,23750.0,6000.0,5
b50_lb5_k2_eps0p0025,hierarchical_local_aggregate,confidence,4,vqe_12_circuit,vqe,12,circuit,0.01461737311668038,0.015031449456831289,0.01508923081331502,0.61625,0.615,30700.0,7700.0,5
b50_lb5_k2_eps0p0025,hierarchical_local_aggregate,confidence,4,vqe_13_circuit,vqe,13,circuit,0.014307624416459542,0.017101262526733732,0.017745423096017437,0.540625,0.5325,36750.0,9350.0,5
b50_lb5_k2_eps0p0025,hierarchical_local_aggregate,confidence,4,vqe_14_circuit,vqe,14,circuit,0.015303414407735602,0.01594573486350027,0.01597145197649836,0.39437500000000003,0.39249999999999996,48450.0,12150.0,5
b50_lb5_k2_eps0p0025,hierarchical_local_aggregate,confidence,4,vqe_15_circuit,vqe,15,circuit,0.014762190648970726,0.015382535496367554,0.015469766524136876,0.34750000000000003,0.34750000000000003,52200.0,13050.0,5
b50_lb5_k2_eps0p0025,hierarchical_local_aggregate,confidence,4,vqe_4_circuit,vqe,4,circuit,0.004462407211044921,0.006706523575306238,0.006964277180406173,0.946875,0.945,4250.0,1100.0,5
b50_lb5_k2_eps0p0025,hierarchical_local_aggregate,confidence,4,vqe_5_circuit,vqe,5,circuit,0.01028806601142709,0.011865343378307946,0.012088918241501795,0.905,0.905,7600.0,1900.0,5
b50_lb5_k2_eps0p0025,hierarchical_local_aggregate,confidence,4,vqe_6_circuit,vqe,6,circuit,0.00551962016472407,0.005893006683292226,0.005894546158596267,0.90875,0.905,7300.0,1900.0,5
b50_lb5_k2_eps0p0025,hierarchical_local_aggregate,confidence,4,vqe_7_circuit,vqe,7,circuit,0.00880669863699781,0.01020268442285263,0.01036776663531824,0.8175,0.8175,14600.0,3650.0,5
b50_lb5_k2_eps0p0025,hierarchical_local_aggregate,confidence,4,vqe_8_circuit,vqe,8,circuit,0.009403680483227858,0.011099839597895421,0.011119020367347144,0.7725,0.7725,18200.0,4550.0,5
b50_lb5_k2_eps0p0025,hierarchical_local_aggregate,confidence,4,vqe_9_circuit,vqe,9,circuit,0.011162699277091126,0.013087158870483704,0.013284112005788409,0.7675,0.7675,18600.0,4650.0,5
b50_lb5_k2_eps0p0025,hierarchical_local_aggregate,confidence,5,dj_10_circuit,dj,10,circuit,0.010282158351316274,0.010282158351316274,0.010282158351316274,0.7675,0.7675,23250.0,4650.0,1
b50_lb5_k2_eps0p0025,hierarchical_local_aggregate,confidence,5,dj_11_circuit,dj,11,circuit,0.012801360441586742,0.012801360441586742,0.012801360441586742,0.7175,0.7175,28250.0,5650.0,1
b50_lb5_k2_eps0p0025,hierarchical_local_aggregate,confidence,5,dj_12_circuit,dj,12,circuit,0.012810154047867124,0.012810154047867124,0.012810154047867124,0.6699999999999999,0.6699999999999999,33000.0,6600.0,1
b50_lb5_k2_eps0p0025,hierarchical_local_aggregate,confidence,5,dj_13_circuit,dj,13,circuit,0.014901759270390082,0.014901759270390082,0.014901759270390082,0.665,0.665,33500.0,6700.0,1
b50_lb5_k2_eps0p0025,hierarchical_local_aggregate,confidence,5,dj_14_circuit,dj,14,circuit,0.01443072743357894,0.01443072743357894,0.01443072743357894,0.605,0.605,39500.0,7900.0,1
b50_lb5_k2_eps0p0025,hierarchical_local_aggregate,confidence,5,dj_15_circuit,dj,15,circuit,0.014304806066931085,0.014304806066931085,0.014304806066931085,0.5425,0.5425,45750.0,9150.0,1
b50_lb5_k2_eps0p0025,hierarchical_local_aggregate,confidence,5,dj_4_circuit,dj,4,circuit,0.006885744026647887,0.006885744026647887,0.006885744026647887,0.96,0.96,4000.0,800.0,1
b50_lb5_k2_eps0p0025,hierarchical_local_aggregate,confidence,5,dj_5_circuit,dj,5,circuit,0.004880630049388744,0.004880630049388744,0.004880630049388744,0.935,0.935,6500.0,1300.0,1
b50_lb5_k2_eps0p0025,hierarchical_local_aggregate,confidence,5,dj_6_circuit,dj,6,circuit,0.007447210040342368,0.007447210040342368,0.007447210040342368,0.915,0.915,8500.0,1700.0,1
b50_lb5_k2_eps0p0025,hierarchical_local_aggregate,confidence,5,dj_7_circuit,dj,7,circuit,0.005053184557773575,0.005053184557773575,0.005053184557773575,0.8515,0.845,14850.0,3100.0,1
b50_lb5_k2_eps0p0025,hierarchical_local_aggregate,confidence,5,dj_8_circuit,dj,8,circuit,0.006359712853705675,0.006359712853705675,0.006359712853705675,0.8325,0.8325,16750.0,3350.0,1
b50_lb5_k2_eps0p0025,hierarchical_local_aggregate,confidence,5,dj_9_circuit,dj,9,circuit,0.00857934247769838,0.00857934247769838,0.00857934247769838,0.8075,0.8075,19250.0,3850.0,1
b50_lb5_k2_eps0p0025,hierarchical_local_aggregate,confidence,5,qaoa_10_circuit,qaoa,10,circuit,0.0,0.0,0.0,0.0,0.0,100000.0,20000.0,1
b50_lb5_k2_eps0p0025,hierarchical_local_aggregate,confidence,5,qaoa_11_circuit,qaoa,11,circuit,0.0,0.0,0.0,0.0,0.0,100000.0,20000.0,1
b50_lb5_k2_eps0p0025,hierarchical_local_aggregate,confidence,5,qaoa_12_circuit,qaoa,12,circuit,0.0,0.0,0.0,0.0,0.0,100000.0,20000.0,1
b50_lb5_k2_eps0p0025,hierarchical_local_aggregate,confidence,5,qaoa_13_circuit,qaoa,13,circuit,0.0,0.0,0.0,0.0,0.0,100000.0,20000.0,1
b50_lb5_k2_eps0p0025,hierarchical_local_aggregate,confidence,5,qaoa_14_circuit,qaoa,14,circuit,0.0,0.0,0.0,0.0,0.0,100000.0,20000.0,1
b50_lb5_k2_eps0p0025,hierarchical_local_aggregate,confidence,5,qaoa_15_circuit,qaoa,15,circuit,0.0,0.0,0.0,0.0,0.0,100000.0,20000.0,1
b50_lb5_k2_eps0p0025,hierarchical_local_aggregate,confidence,5,qaoa_4_circuit,qaoa,4,circuit,0.011311611948618608,0.011311611948618608,0.011311611948618608,0.8825000000000001,0.8825000000000001,11750.0,2350.0,1
b50_lb5_k2_eps0p0025,hierarchical_local_aggregate,confidence,5,qaoa_5_circuit,qaoa,5,circuit,0.010005578042886085,0.010005578042886085,0.010005578042886085,0.755,0.755,24500.0,4900.0,1
b50_lb5_k2_eps0p0025,hierarchical_local_aggregate,confidence,5,qaoa_6_circuit,qaoa,6,circuit,0.01151793884067329,0.01151793884067329,0.01151793884067329,0.6875,0.6875,31250.0,6250.0,1
b50_lb5_k2_eps0p0025,hierarchical_local_aggregate,confidence,5,qaoa_7_circuit,qaoa,7,circuit,0.009639955665876105,0.009639955665876105,0.009639955665876105,0.48250000000000004,0.48250000000000004,51750.0,10350.0,1
b50_lb5_k2_eps0p0025,hierarchical_local_aggregate,confidence,5,qaoa_8_circuit,qaoa,8,circuit,0.01101410167899426,0.01101410167899426,0.01101410167899426,0.385,0.385,61500.0,12300.0,1
b50_lb5_k2_eps0p0025,hierarchical_local_aggregate,confidence,5,qaoa_9_circuit,qaoa,9,circuit,0.009225079513548793,0.009225079513548793,0.009225079513548793,0.18500000000000005,0.18500000000000005,81500.0,16300.0,1
b50_lb5_k2_eps0p0025,hierarchical_local_aggregate,confidence,5,qft_10_circuit,qft,10,circuit,0.0,0.0,0.0,0.0,0.0,100000.0,20000.0,1
b50_lb5_k2_eps0p0025,hierarchical_local_aggregate,confidence,5,qft_11_circuit,qft,11,circuit,0.0,0.0,0.0,0.0,0.0,100000.0,20000.0,1
b50_lb5_k2_eps0p0025,hierarchical_local_aggregate,confidence,5,qft_12_circuit,qft,12,circuit,0.0,0.0,0.0,0.0,0.0,100000.0,20000.0,1
b50_lb5_k2_eps0p0025,hierarchical_local_aggregate,confidence,5,qft_13_circuit,qft,13,circuit,0.0,0.0,0.0,0.0,0.0,100000.0,20000.0,1
b50_lb5_k2_eps0p0025,hierarchical_local_aggregate,confidence,5,qft_14_circuit,qft,14,circuit,0.0,0.0,0.0,0.0,0.0,100000.0,20000.0,1
b50_lb5_k2_eps0p0025,hierarchical_local_aggregate,confidence,5,qft_15_circuit,qft,15,circuit,0.0,0.0,0.0,0.0,0.0,100000.0,20000.0,1
b50_lb5_k2_eps0p0025,hierarchical_local_aggregate,confidence,5,qft_4_circuit,qft,4,circuit,0.015648894292661236,0.015648894292661236,0.015648894292661236,0.8200000000000001,0.8200000000000001,18000.0,3600.0,1
b50_lb5_k2_eps0p0025,hierarchical_local_aggregate,confidence,5,qft_5_circuit,qft,5,circuit,0.009852911368436962,0.009852911368436962,0.009852911368436962,0.7050000000000001,0.7050000000000001,29500.0,5900.0,1
b50_lb5_k2_eps0p0025,hierarchical_local_aggregate,confidence,5,qft_6_circuit,qft,6,circuit,0.013617493506413798,0.013617493506413798,0.013617493506413798,0.625,0.625,37500.0,7500.0,1
b50_lb5_k2_eps0p0025,hierarchical_local_aggregate,confidence,5,qft_7_circuit,qft,7,circuit,0.011864509196722457,0.011864509196722457,0.011864509196722457,0.4275,0.4275,57250.0,11450.0,1
b50_lb5_k2_eps0p0025,hierarchical_local_aggregate,confidence,5,qft_8_circuit,qft,8,circuit,0.009005946446731439,0.009005946446731439,0.009005946446731439,0.16249999999999998,0.16249999999999998,83750.0,16750.0,1
b50_lb5_k2_eps0p0025,hierarchical_local_aggregate,confidence,5,qft_9_circuit,qft,9,circuit,0.0,0.0,0.0,0.0,0.0,100000.0,20000.0,1
b50_lb5_k2_eps0p0025,hierarchical_local_aggregate,confidence,5,qnn_10_circuit,qnn,10,circuit,0.0,0.0,0.0,0.0,0.0,100000.0,20000.0,1
b50_lb5_k2_eps0p0025,hierarchical_local_aggregate,confidence,5,qnn_11_circuit,qnn,11,circuit,0.0,0.0,0.0,0.0,0.0,100000.0,20000.0,1
b50_lb5_k2_eps0p0025,hierarchical_local_aggregate,confidence,5,qnn_12_circuit,qnn,12,circuit,0.0,0.0,0.0,0.0,0.0,100000.0,20000.0,1
b50_lb5_k2_eps0p0025,hierarchical_local_aggregate,confidence,5,qnn_13_circuit,qnn,13,circuit,0.0,0.0,0.0,0.0,0.0,100000.0,20000.0,1
b50_lb5_k2_eps0p0025,hierarchical_local_aggregate,confidence,5,qnn_14_circuit,qnn,14,circuit,0.0,0.0,0.0,0.0,0.0,100000.0,20000.0,1
b50_lb5_k2_eps0p0025,hierarchical_local_aggregate,confidence,5,qnn_15_circuit,qnn,15,circuit,0.0,0.0,0.0,0.0,0.0,100000.0,20000.0,1
b50_lb5_k2_eps0p0025,hierarchical_local_aggregate,confidence,5,qnn_4_circuit,qnn,4,circuit,0.010093242879912256,0.010093242879912256,0.010093242879912256,0.8075,0.8075,19250.0,3850.0,1
b50_lb5_k2_eps0p0025,hierarchical_local_aggregate,confidence,5,qnn_5_circuit,qnn,5,circuit,0.01275866946194522,0.01275866946194522,0.01275866946194522,0.76,0.76,24000.0,4800.0,1
b50_lb5_k2_eps0p0025,hierarchical_local_aggregate,confidence,5,qnn_6_circuit,qnn,6,circuit,0.01307351456883843,0.01307351456883843,0.01307351456883843,0.645,0.645,35500.0,7100.0,1
b50_lb5_k2_eps0p0025,hierarchical_local_aggregate,confidence,5,qnn_7_circuit,qnn,7,circuit,0.00956676542445139,0.00956676542445139,0.00956676542445139,0.385,0.385,61500.0,12300.0,1
b50_lb5_k2_eps0p0025,hierarchical_local_aggregate,confidence,5,qnn_8_circuit,qnn,8,circuit,0.007257754667432095,0.007257754667432095,0.007257754667432095,0.13,0.13,87000.0,17400.0,1
b50_lb5_k2_eps0p0025,hierarchical_local_aggregate,confidence,5,qnn_9_circuit,qnn,9,circuit,0.0,0.0,0.0,0.0,0.0,100000.0,20000.0,1
b50_lb5_k2_eps0p0025,hierarchical_local_aggregate,confidence,5,random_10_circuit,random,10,circuit,0.0,0.0,0.0,0.0,0.0,100000.0,20000.0,1
b50_lb5_k2_eps0p0025,hierarchical_local_aggregate,confidence,5,random_11_circuit,random,11,circuit,0.0,0.0,0.0,0.0,0.0,100000.0,20000.0,1
b50_lb5_k2_eps0p0025,hierarchical_local_aggregate,confidence,5,random_12_circuit,random,12,circuit,0.0,0.0,0.0,0.0,0.0,100000.0,20000.0,1
b50_lb5_k2_eps0p0025,hierarchical_local_aggregate,confidence,5,random_13_circuit,random,13,circuit,0.0,0.0,0.0,0.0,0.0,100000.0,20000.0,1
b50_lb5_k2_eps0p0025,hierarchical_local_aggregate,confidence,5,random_14_circuit,random,14,circuit,0.0,0.0,0.0,0.0,0.0,100000.0,20000.0,1
b50_lb5_k2_eps0p0025,hierarchical_local_aggregate,confidence,5,random_15_circuit,random,15,circuit,0.0,0.0,0.0,0.0,0.0,100000.0,20000.0,1
b50_lb5_k2_eps0p0025,hierarchical_local_aggregate,confidence,5,random_4_circuit,random,4,circuit,0.006805011895608185,0.006805011895608185,0.006805011895608185,0.85,0.85,15000.0,3000.0,1
b50_lb5_k2_eps0p0025,hierarchical_local_aggregate,confidence,5,random_5_circuit,random,5,circuit,0.010971182063050325,0.010971182063050325,0.010971182063050325,0.7775,0.7775,22250.0,4450.0,1
b50_lb5_k2_eps0p0025,hierarchical_local_aggregate,confidence,5,random_6_circuit,random,6,circuit,0.009755016644801053,0.009755016644801053,0.009755016644801053,0.5700000000000001,0.5700000000000001,43000.0,8600.0,1
b50_lb5_k2_eps0p0025,hierarchical_local_aggregate,confidence,5,random_7_circuit,random,7,circuit,0.009611634259669046,0.009611634259669046,0.009611634259669046,0.43500000000000005,0.43500000000000005,56500.0,11300.0,1
b50_lb5_k2_eps0p0025,hierarchical_local_aggregate,confidence,5,random_8_circuit,random,8,circuit,0.008585117063430809,0.008585117063430809,0.008585117063430809,0.17000000000000004,0.17000000000000004,83000.0,16600.0,1
b50_lb5_k2_eps0p0025,hierarchical_local_aggregate,confidence,5,random_9_circuit,random,9,circuit,0.0,0.0,0.0,0.0,0.0,100000.0,20000.0,1
b50_lb5_k2_eps0p0025,hierarchical_local_aggregate,confidence,5,vqe_10_circuit,vqe,10,circuit,0.014915125272252338,0.014915125272252338,0.014915125272252338,0.7275,0.7275,27250.0,5450.0,1
b50_lb5_k2_eps0p0025,hierarchical_local_aggregate,confidence,5,vqe_11_circuit,vqe,11,circuit,0.016032681184332917,0.016032681184332917,0.016032681184332917,0.7224999999999999,0.7224999999999999,27750.0,5550.0,1
b50_lb5_k2_eps0p0025,hierarchical_local_aggregate,confidence,5,vqe_12_circuit,vqe,12,circuit,0.013888251436282755,0.013888251436282755,0.013888251436282755,0.6575,0.6575,34250.0,6850.0,1
b50_lb5_k2_eps0p0025,hierarchical_local_aggregate,confidence,5,vqe_13_circuit,vqe,13,circuit,0.013379856508396284,0.013379856508396284,0.013379856508396284,0.5389999999999999,0.5325,46100.0,9350.0,1
b50_lb5_k2_eps0p0025,hierarchical_local_aggregate,confidence,5,vqe_14_circuit,vqe,14,circuit,0.014622080891042053,0.014622080891042053,0.014622080891042053,0.394,0.39249999999999996,60600.0,12150.0,1
b50_lb5_k2_eps0p0025,hierarchical_local_aggregate,confidence,5,vqe_15_circuit,vqe,15,circuit,0.014811778041201073,0.014811778041201073,0.014811778041201073,0.4075,0.4075,59250.0,11850.0,1
b50_lb5_k2_eps0p0025,hierarchical_local_aggregate,confidence,5,vqe_4_circuit,vqe,4,circuit,0.005715576434877797,0.005715576434877797,0.005715576434877797,0.955,0.955,4500.0,900.0,1
b50_lb5_k2_eps0p0025,hierarchical_local_aggregate,confidence,5,vqe_5_circuit,vqe,5,circuit,0.009462048290513276,0.009462048290513276,0.009462048290513276,0.905,0.905,9500.0,1900.0,1
b50_lb5_k2_eps0p0025,hierarchical_local_aggregate,confidence,5,vqe_6_circuit,vqe,6,circuit,0.004445576245347962,0.004445576245347962,0.004445576245347962,0.908,0.905,9200.0,1900.0,1
b50_lb5_k2_eps0p0025,hierarchical_local_aggregate,confidence,5,vqe_7_circuit,vqe,7,circuit,0.012373566737673578,0.012373566737673578,0.012373566737673578,0.8875,0.8875,11250.0,2250.0,1
b50_lb5_k2_eps0p0025,hierarchical_local_aggregate,confidence,5,vqe_8_circuit,vqe,8,circuit,0.008909482162949931,0.008909482162949931,0.008909482162949931,0.7775,0.7775,22250.0,4450.0,1
b50_lb5_k2_eps0p0025,hierarchical_local_aggregate,confidence,5,vqe_9_circuit,vqe,9,circuit,0.010283758814108899,0.010283758814108899,0.010283758814108899,0.795,0.795,20500.0,4100.0,1
b50_lb5_k2_eps0p0025,hierarchical_local_aggregate,shot_proportional,1,dj_10_circuit,dj,10,circuit,0.014354644808743234,0.01730949685534596,0.017799371069182453,0.6025,0.6025,7950.0,7950.0,5
b50_lb5_k2_eps0p0025,hierarchical_local_aggregate,shot_proportional,1,dj_11_circuit,dj,11,circuit,0.013675837320574166,0.017057145581691087,0.017657692307692353,0.48,0.48,10400.0,10400.0,5
b50_lb5_k2_eps0p0025,hierarchical_local_aggregate,shot_proportional,1,dj_12_circuit,dj,12,circuit,0.01617272727272731,0.017745191760401176,0.01811914893617025,0.4125,0.4125,11750.0,11750.0,5
b50_lb5_k2_eps0p0025,hierarchical_local_aggregate,shot_proportional,1,dj_13_circuit,dj,13,circuit,0.017601162790697702,0.018326928092654304,0.01843091286307062,0.39749999999999996,0.39749999999999996,12050.0,12050.0,5
b50_lb5_k2_eps0p0025,hierarchical_local_aggregate,shot_proportional,1,dj_14_circuit,dj,14,circuit,0.015445296167247562,0.019148183846773664,0.019911085972850646,0.2825,0.2825,14350.0,14350.0,5
b50_lb5_k2_eps0p0025,hierarchical_local_aggregate,shot_proportional,1,dj_15_circuit,dj,15,circuit,0.013638343558282175,0.01724260838663828,0.017562189054726413,0.18500000000000005,0.18500000000000005,16300.0,16300.0,5
b50_lb5_k2_eps0p0025,hierarchical_local_aggregate,shot_proportional,1,dj_4_circuit,dj,4,circuit,0.006033783783783786,0.007393450292397641,0.007697368421052611,0.92,0.92,1600.0,1600.0,5
b50_lb5_k2_eps0p0025,hierarchical_local_aggregate,shot_proportional,1,dj_5_circuit,dj,5,circuit,0.0066500000000000075,0.00855038277511964,0.008663636363636392,0.88,0.88,2400.0,2400.0,5
b50_lb5_k2_eps0p0025,hierarchical_local_aggregate,shot_proportional,1,dj_6_circuit,dj,6,circuit,0.008900000000000016,0.014930524876981956,0.015537096774193546,0.845,0.845,3100.0,3100.0,5
b50_lb5_k2_eps0p0025,hierarchical_local_aggregate,shot_proportional,1,dj_7_circuit,dj,7,circuit,0.011137864077669882,0.014313083853083863,0.014985585585585597,0.7725,0.7725,4550.0,4550.0,5
b50_lb5_k2_eps0p0025,hierarchical_local_aggregate,shot_proportional,1,dj_8_circuit,dj,8,circuit,0.010581751824817532,0.018252538636783458,0.01850963302752295,0.7275,0.7275,5450.0,5450.0,5
b50_lb5_k2_eps0p0025,hierarchical_local_aggregate,shot_proportional,1,dj_9_circuit,dj,9,circuit,0.013882748538011722,0.016321727140783737,0.016737735849056586,0.6025,0.6025,7950.0,7950.0,5
b50_lb5_k2_eps0p0025,hierarchical_local_aggregate,shot_proportional,1,qaoa_10_circuit,qaoa,10,circuit,0.0,0.0,0.0,0.0,0.0,20000.0,20000.0,5
b50_lb5_k2_eps0p0025,hierarchical_local_aggregate,shot_proportional,1,qaoa_11_circuit,qaoa,11,circuit,0.0,0.0,0.0,0.0,0.0,20000.0,20000.0,5
b50_lb5_k2_eps0p0025,hierarchical_local_aggregate,shot_proportional,1,qaoa_12_circuit,qaoa,12,circuit,0.0,0.0,0.0,0.0,0.0,20000.0,20000.0,5
b50_lb5_k2_eps0p0025,hierarchical_local_aggregate,shot_proportional,1,qaoa_13_circuit,qaoa,13,circuit,0.0,0.0,0.0,0.0,0.0,20000.0,20000.0,5
b50_lb5_k2_eps0p0025,hierarchical_local_aggregate,shot_proportional,1,qaoa_14_circuit,qaoa,14,circuit,0.0,0.0,0.0,0.0,0.0,20000.0,20000.0,5
b50_lb5_k2_eps0p0025,hierarchical_local_aggregate,shot_proportional,1,qaoa_15_circuit,qaoa,15,circuit,0.0,0.0,0.0,0.0,0.0,20000.0,20000.0,5
b50_lb5_k2_eps0p0025,hierarchical_local_aggregate,shot_proportional,1,qaoa_4_circuit,qaoa,4,circuit,0.011933333333333348,0.015659369369369357,0.01573333333333332,0.775,0.775,4500.0,4500.0,5
b50_lb5_k2_eps0p0025,hierarchical_local_aggregate,shot_proportional,1,qaoa_5_circuit,qaoa,5,circuit,0.013404166666666663,0.015785502273996655,0.01613278145695365,0.585,0.585,8300.0,8300.0,5
b50_lb5_k2_eps0p0025,hierarchical_local_aggregate,shot_proportional,1,qaoa_6_circuit,qaoa,6,circuit,0.010798630136986303,0.01302153538384597,0.01356451612903227,0.27,0.27,14600.0,14600.0,5
b50_lb5_k2_eps0p0025,hierarchical_local_aggregate,shot_proportional,1,qaoa_7_circuit,qaoa,7,circuit,0.0,0.007250842984899578,0.0074214484679665784,0.0,0.0,20000.0,20000.0,5
b50_lb5_k2_eps0p0025,hierarchical_local_aggregate,shot_proportional,1,qaoa_8_circuit,qaoa,8,circuit,0.0,0.0,0.0,0.0,0.0,20000.0,20000.0,5
b50_lb5_k2_eps0p0025,hierarchical_local_aggregate,shot_proportional,1,qaoa_9_circuit,qaoa,9,circuit,0.0,0.0,0.0,0.0,0.0,20000.0,20000.0,5
b50_lb5_k2_eps0p0025,hierarchical_local_aggregate,shot_proportional,1,qft_10_circuit,qft,10,circuit,0.0,0.0,0.0,0.0,0.0,20000.0,20000.0,5
b50_lb5_k2_eps0p0025,hierarchical_local_aggregate,shot_proportional,1,qft_11_circuit,qft,11,circuit,0.0,0.0,0.0,0.0,0.0,20000.0,20000.0,5
b50_lb5_k2_eps0p0025,hierarchical_local_aggregate,shot_proportional,1,qft_12_circuit,qft,12,circuit,0.0,0.0,0.0,0.0,0.0,20000.0,20000.0,5
b50_lb5_k2_eps0p0025,hierarchical_local_aggregate,shot_proportional,1,qft_13_circuit,qft,13,circuit,0.0,0.0,0.0,0.0,0.0,20000.0,20000.0,5
b50_lb5_k2_eps0p0025,hierarchical_local_aggregate,shot_proportional,1,qft_14_circuit,qft,14,circuit,0.0,0.0,0.0,0.0,0.0,20000.0,20000.0,5
b50_lb5_k2_eps0p0025,hierarchical_local_aggregate,shot_proportional,1,qft_15_circuit,qft,15,circuit,0.0,0.0,0.0,0.0,0.0,20000.0,20000.0,5
b50_lb5_k2_eps0p0025,hierarchical_local_aggregate,shot_proportional,1,qft_4_circuit,qft,4,circuit,0.013286363636363655,0.014723665262068456,0.01507155688622755,0.5825,0.5825,8350.0,8350.0,5
b50_lb5_k2_eps0p0025,hierarchical_local_aggregate,shot_proportional,1,qft_5_circuit,qft,5,circuit,0.012215447154471547,0.015043536749419101,0.015381447963800901,0.38,0.38,12400.0,12400.0,5
b50_lb5_k2_eps0p0025,hierarchical_local_aggregate,shot_proportional,1,qft_6_circuit,qft,6,circuit,0.008364942528735634,0.008737663207342875,0.008760662824207496,0.13,0.13,17400.0,17400.0,5
b50_lb5_k2_eps0p0025,hierarchical_local_aggregate,shot_proportional,1,qft_7_circuit,qft,7,circuit,0.0,0.0,0.0,0.0,0.0,20000.0,20000.0,5
b50_lb5_k2_eps0p0025,hierarchical_local_aggregate,shot_proportional,1,qft_8_circuit,qft,8,circuit,0.0,0.0,0.0,0.0,0.0,20000.0,20000.0,5
b50_lb5_k2_eps0p0025,hierarchical_local_aggregate,shot_proportional,1,qft_9_circuit,qft,9,circuit,0.0,0.0,0.0,0.0,0.0,20000.0,20000.0,5
b50_lb5_k2_eps0p0025,hierarchical_local_aggregate,shot_proportional,1,qnn_10_circuit,qnn,10,circuit,0.0,0.0,0.0,0.0,0.0,20000.0,20000.0,5
b50_lb5_k2_eps0p0025,hierarchical_local_aggregate,shot_proportional,1,qnn_11_circuit,qnn,11,circuit,0.0,0.0,0.0,0.0,0.0,20000.0,20000.0,5
b50_lb5_k2_eps0p0025,hierarchical_local_aggregate,shot_proportional,1,qnn_12_circuit,qnn,12,circuit,0.0,0.0,0.0,0.0,0.0,20000.0,20000.0,5
b50_lb5_k2_eps0p0025,hierarchical_local_aggregate,shot_proportional,1,qnn_13_circuit,qnn,13,circuit,0.0,0.0,0.0,0.0,0.0,20000.0,20000.0,5
b50_lb5_k2_eps0p0025,hierarchical_local_aggregate,shot_proportional,1,qnn_14_circuit,qnn,14,circuit,0.0,0.0,0.0,0.0,0.0,20000.0,20000.0,5
b50_lb5_k2_eps0p0025,hierarchical_local_aggregate,shot_proportional,1,qnn_15_circuit,qnn,15,circuit,0.0,0.0,0.0,0.0,0.0,20000.0,20000.0,5
b50_lb5_k2_eps0p0025,hierarchical_local_aggregate,shot_proportional,1,qnn_4_circuit,qnn,4,circuit,0.01573111888111888,0.017445113519322906,0.017554014598540134,0.6575,0.6575,6850.0,6850.0,5
b50_lb5_k2_eps0p0025,hierarchical_local_aggregate,shot_proportional,1,qnn_5_circuit,qnn,5,circuit,0.012733333333333324,0.014437704564870186,0.014766396761133605,0.41000000000000003,0.41000000000000003,11800.0,11800.0,5
b50_lb5_k2_eps0p0025,hierarchical_local_aggregate,shot_proportional,1,qnn_6_circuit,qnn,6,circuit,0.00909242424242425,0.012296783216783225,0.012740209790209798,0.19499999999999995,0.19499999999999995,16100.0,16100.0,5
b50_lb5_k2_eps0p0025,hierarchical_local_aggregate,shot_proportional,1,qnn_7_circuit,qnn,7,circuit,0.0,0.0,0.0,0.0,0.0,20000.0,20000.0,5
b50_lb5_k2_eps0p0025,hierarchical_local_aggregate,shot_proportional,1,qnn_8_circuit,qnn,8,circuit,0.0,0.0,0.0,0.0,0.0,20000.0,20000.0,5
b50_lb5_k2_eps0p0025,hierarchical_local_aggregate,shot_proportional,1,qnn_9_circuit,qnn,9,circuit,0.0,0.0,0.0,0.0,0.0,20000.0,20000.0,5
b50_lb5_k2_eps0p0025,hierarchical_local_aggregate,shot_proportional,1,random_10_circuit,random,10,circuit,0.0,0.0,0.0,0.0,0.0,20000.0,20000.0,5
b50_lb5_k2_eps0p0025,hierarchical_local_aggregate,shot_proportional,1,random_11_circuit,random,11,circuit,0.0,0.0,0.0,0.0,0.0,20000.0,20000.0,5
b50_lb5_k2_eps0p0025,hierarchical_local_aggregate,shot_proportional,1,random_12_circuit,random,12,circuit,0.0,0.0,0.0,0.0,0.0,20000.0,20000.0,5
b50_lb5_k2_eps0p0025,hierarchical_local_aggregate,shot_proportional,1,random_13_circuit,random,13,circuit,0.0,0.0,0.0,0.0,0.0,20000.0,20000.0,5
b50_lb5_k2_eps0p0025,hierarchical_local_aggregate,shot_proportional,1,random_14_circuit,random,14,circuit,0.0,0.0,0.0,0.0,0.0,20000.0,20000.0,5
b50_lb5_k2_eps0p0025,hierarchical_local_aggregate,shot_proportional,1,random_15_circuit,random,15,circuit,0.0,0.0,0.0,0.0,0.0,20000.0,20000.0,5
b50_lb5_k2_eps0p0025,hierarchical_local_aggregate,shot_proportional,1,random_4_circuit,random,4,circuit,0.010995454545454569,0.014819369369369378,0.015350000000000011,0.6825,0.6825,6350.0,6350.0,5
b50_lb5_k2_eps0p0025,hierarchical_local_aggregate,shot_proportional,1,random_5_circuit,random,5,circuit,0.011512130177514778,0.01364114742193173,0.013828395061728387,0.5775,0.5775,8450.0,8450.0,5
b50_lb5_k2_eps0p0025,hierarchical_local_aggregate,shot_proportional,1,random_6_circuit,random,6,circuit,0.00913095238095238,0.011042893432854552,0.011155369127516787,0.19499999999999995,0.19499999999999995,16100.0,16100.0,5
b50_lb5_k2_eps0p0025,hierarchical_local_aggregate,shot_proportional,1,random_7_circuit,random,7,circuit,0.0,0.0,0.0,0.0,0.0,20000.0,20000.0,5
b50_lb5_k2_eps0p0025,hierarchical_local_aggregate,shot_proportional,1,random_8_circuit,random,8,circuit,0.0,0.0,0.0,0.0,0.0,20000.0,20000.0,5
b50_lb5_k2_eps0p0025,hierarchical_local_aggregate,shot_proportional,1,random_9_circuit,random,9,circuit,0.0,0.0,0.0,0.0,0.0,20000.0,20000.0,5
b50_lb5_k2_eps0p0025,hierarchical_local_aggregate,shot_proportional,1,vqe_10_circuit,vqe,10,circuit,0.017350000000000088,0.021091515637530117,0.02186206896551728,0.5,0.5,10000.0,10000.0,5
b50_lb5_k2_eps0p0025,hierarchical_local_aggregate,shot_proportional,1,vqe_11_circuit,vqe,11,circuit,0.014976991150442466,0.018357234042553176,0.018434042553191463,0.43500000000000005,0.43500000000000005,11300.0,11300.0,5
b50_lb5_k2_eps0p0025,hierarchical_local_aggregate,shot_proportional,1,vqe_12_circuit,vqe,12,circuit,0.015366788321167977,0.019295351141749278,0.020063507109004782,0.47250000000000003,0.47250000000000003,10550.0,10550.0,5
b50_lb5_k2_eps0p0025,hierarchical_local_aggregate,shot_proportional,1,vqe_13_circuit,vqe,13,circuit,0.010098882681564256,0.019523434753211766,0.020461764705882506,0.10499999999999998,0.10499999999999998,17900.0,17900.0,5
b50_lb5_k2_eps0p0025,hierarchical_local_aggregate,shot_proportional,1,vqe_14_circuit,vqe,14,circuit,0.0,0.017224392614188632,0.018683333333333434,0.0,0.0,20000.0,20000.0,5
b50_lb5_k2_eps0p0025,hierarchical_local_aggregate,shot_proportional,1,vqe_15_circuit,vqe,15,circuit,0.0,0.01309117903604576,0.015205035971223016,0.0,0.0,20000.0,20000.0,5
b50_lb5_k2_eps0p0025,hierarchical_local_aggregate,shot_proportional,1,vqe_4_circuit,vqe,4,circuit,0.006288235294117608,0.010405588972431098,0.010942105263157921,0.905,0.905,1900.0,1900.0,5
b50_lb5_k2_eps0p0025,hierarchical_local_aggregate,shot_proportional,1,vqe_5_circuit,vqe,5,circuit,0.011348101265822797,0.015283492063492074,0.016165079365079382,0.825,0.825,3500.0,3500.0,5
b50_lb5_k2_eps0p0025,hierarchical_local_aggregate,shot_proportional,1,vqe_6_circuit,vqe,6,circuit,0.010297368421052661,0.014604357398873523,0.015637301587301575,0.845,0.845,3100.0,3100.0,5
b50_lb5_k2_eps0p0025,hierarchical_local_aggregate,shot_proportional,1,vqe_7_circuit,vqe,7,circuit,0.012683027522935804,0.014810000000000025,0.015316666666666685,0.73,0.73,5400.0,5400.0,5
b50_lb5_k2_eps0p0025,hierarchical_local_aggregate,shot_proportional,1,vqe_8_circuit,vqe,8,circuit,0.015262189054726373,0.01778658791419679,0.018078625954198492,0.6575,0.6575,6850.0,6850.0,5
b50_lb5_k2_eps0p0025,hierarchical_local_aggregate,shot_proportional,1,vqe_9_circuit,vqe,9,circuit,0.016044134078212303,0.01833496855345914,0.018883333333333353,0.6025,0.6025,7950.0,7950.0,5
b50_lb5_k2_eps0p0025,hierarchical_local_aggregate,shot_proportional,2,dj_10_circuit,dj,10,circuit,0.014113416075650146,0.01650140804597708,0.016709523809523896,0.68375,0.68375,12650.0,6325.0,10
b50_lb5_k2_eps0p0025,hierarchical_local_aggregate,shot_proportional,2,dj_11_circuit,dj,11,circuit,0.014710365978327582,0.015903264650189323,0.01635948275862068,0.623125,0.62,15075.0,7600.0,10
b50_lb5_k2_eps0p0025,hierarchical_local_aggregate,shot_proportional,2,dj_12_circuit,dj,12,circuit,0.016283634561185055,0.017845098684210508,0.01786495215310999,0.6212500000000001,0.615,15150.0,7700.0,10
b50_lb5_k2_eps0p0025,hierarchical_local_aggregate,shot_proportional,2,dj_13_circuit,dj,13,circuit,0.01611695402298851,0.01871318711180115,0.019413586956521733,0.5525,0.55,17900.0,9000.0,10
b50_lb5_k2_eps0p0025,hierarchical_local_aggregate,shot_proportional,2,dj_14_circuit,dj,14,circuit,0.017098667512690333,0.019348606946927006,0.019434116331096225,0.465625,0.46375,21375.0,10725.0,10
b50_lb5_k2_eps0p0025,hierarchical_local_aggregate,shot_proportional,2,dj_15_circuit,dj,15,circuit,0.01732538037571807,0.021858877149471146,0.022002893518518876,0.43312500000000004,0.4225,22675.0,11550.0,10
b50_lb5_k2_eps0p0025,hierarchical_local_aggregate,shot_proportional,2,dj_4_circuit,dj,4,circuit,0.00521011904761904,0.00851875,0.009849999999999939,0.9475,0.9475,2100.0,1050.0,10
b50_lb5_k2_eps0p0025,hierarchical_local_aggregate,shot_proportional,2,dj_5_circuit,dj,5,circuit,0.0056914898132427675,0.007397884615384646,0.0076211538461538764,0.90625,0.90625,3750.0,1875.0,10
b50_lb5_k2_eps0p0025,hierarchical_local_aggregate,shot_proportional,2,dj_6_circuit,dj,6,circuit,0.008305182926829252,0.009939612068965493,0.010524999999999998,0.87625,0.8725,4950.0,2550.0,10
b50_lb5_k2_eps0p0025,hierarchical_local_aggregate,shot_proportional,2,dj_7_circuit,dj,7,circuit,0.009545599046970735,0.012673527397260262,0.013175000000000006,0.835,0.8262499999999999,6600.0,3475.0,10
b50_lb5_k2_eps0p0025,hierarchical_local_aggregate,shot_proportional,2,dj_8_circuit,dj,8,circuit,0.010736111111111127,0.013374712885154051,0.014323809523809518,0.7725,0.7725,9100.0,4550.0,10
b50_lb5_k2_eps0p0025,hierarchical_local_aggregate,shot_proportional,2,dj_9_circuit,dj,9,circuit,0.012152491492464786,0.01385493990384613,0.014140625,0.734375,0.72875,10625.0,5425.0,10
b50_lb5_k2_eps0p0025,hierarchical_local_aggregate,shot_proportional,2,qaoa_10_circuit,qaoa,10,circuit,0.0,0.0,0.0,0.0,0.0,40000.0,20000.0,10
b50_lb5_k2_eps0p0025,hierarchical_local_aggregate,shot_proportional,2,qaoa_11_circuit,qaoa,11,circuit,0.0,0.0,0.0,0.0,0.0,40000.0,20000.0,10
b50_lb5_k2_eps0p0025,hierarchical_local_aggregate,shot_proportional,2,qaoa_12_circuit,qaoa,12,circuit,0.0,0.0,0.0,0.0,0.0,40000.0,20000.0,10
b50_lb5_k2_eps0p0025,hierarchical_local_aggregate,shot_proportional,2,qaoa_13_circuit,qaoa,13,circuit,0.0,0.0,0.0,0.0,0.0,40000.0,20000.0,10
b50_lb5_k2_eps0p0025,hierarchical_local_aggregate,shot_proportional,2,qaoa_14_circuit,qaoa,14,circuit,0.0,0.0,0.0,0.0,0.0,40000.0,20000.0,10
b50_lb5_k2_eps0p0025,hierarchical_local_aggregate,shot_proportional,2,qaoa_15_circuit,qaoa,15,circuit,0.0,0.0,0.0,0.0,0.0,40000.0,20000.0,10
b50_lb5_k2_eps0p0025,hierarchical_local_aggregate,shot_proportional,2,qaoa_4_circuit,qaoa,4,circuit,0.010835390508618845,0.013225757020756996,0.013967460317460314,0.8456250000000001,0.845,6175.0,3100.0,10
b50_lb5_k2_eps0p0025,hierarchical_local_aggregate,shot_proportional,2,qaoa_5_circuit,qaoa,5,circuit,0.0127315476190476,0.014660216090425515,0.01522340425531913,0.67125,0.67125,13150.0,6575.0,10
b50_lb5_k2_eps0p0025,hierarchical_local_aggregate,shot_proportional,2,qaoa_6_circuit,qaoa,6,circuit,0.011866366832092653,0.014409541420118332,0.014918181818181813,0.51,0.51,19600.0,9800.0,10
b50_lb5_k2_eps0p0025,hierarchical_local_aggregate,shot_proportional,2,qaoa_7_circuit,qaoa,7,circuit,0.009827619080179251,0.012092705602641175,0.012538356164383568,0.22875,0.22875,30850.0,15425.0,10
b50_lb5_k2_eps0p0025,hierarchical_local_aggregate,shot_proportional,2,qaoa_8_circuit,qaoa,8,circuit,0.0067593806921675955,0.009265756027760873,0.009326183431952649,0.09249999999999997,0.09249999999999997,36300.0,18150.0,10
b50_lb5_k2_eps0p0025,hierarchical_local_aggregate,shot_proportional,2,qaoa_9_circuit,qaoa,9,circuit,0.0,0.0,0.0,0.0,0.0,40000.0,20000.0,10
b50_lb5_k2_eps0p0025,hierarchical_local_aggregate,shot_proportional,2,qft_10_circuit,qft,10,circuit,0.0,0.0,0.0,0.0,0.0,40000.0,20000.0,10
b50_lb5_k2_eps0p0025,hierarchical_local_aggregate,shot_proportional,2,qft_11_circuit,qft,11,circuit,0.0,0.0,0.0,0.0,0.0,40000.0,20000.0,10
b50_lb5_k2_eps0p0025,hierarchical_local_aggregate,shot_proportional,2,qft_12_circuit,qft,12,circuit,0.0,0.0,0.0,0.0,0.0,40000.0,20000.0,10
b50_lb5_k2_eps0p0025,hierarchical_local_aggregate,shot_proportional,2,qft_13_circuit,qft,13,circuit,0.0,0.0,0.0,0.0,0.0,40000.0,20000.0,10
b50_lb5_k2_eps0p0025,hierarchical_local_aggregate,shot_proportional,2,qft_14_circuit,qft,14,circuit,0.0,0.0,0.0,0.0,0.0,40000.0,20000.0,10
b50_lb5_k2_eps0p0025,hierarchical_local_aggregate,shot_proportional,2,qft_15_circuit,qft,15,circuit,0.0,0.0,0.0,0.0,0.0,40000.0,20000.0,10
b50_lb5_k2_eps0p0025,hierarchical_local_aggregate,shot_proportional,2,qft_4_circuit,qft,4,circuit,0.013186917372881371,0.01773708073727933,0.01888611111111111,0.70875,0.70875,11650.0,5825.0,10
b50_lb5_k2_eps0p0025,hierarchical_local_aggregate,shot_proportional,2,qft_5_circuit,qft,5,circuit,0.012947067901234555,0.014690919312169308,0.014950661375661374,0.56125,0.56125,17550.0,8775.0,10
b50_lb5_k2_eps0p0025,hierarchical_local_aggregate,shot_proportional,2,qft_6_circuit,qft,6,circuit,0.01188659005160074,0.013610893353002428,0.013635820895522382,0.33875,0.33875,26450.0,13225.0,10
b50_lb5_k2_eps0p0025,hierarchical_local_aggregate,shot_proportional,2,qft_7_circuit,qft,7,circuit,0.002839720812182739,0.007455779231360131,0.0077983193277310885,0.015000000000000013,0.015000000000000013,39400.0,19700.0,10
b50_lb5_k2_eps0p0025,hierarchical_local_aggregate,shot_proportional,2,qft_8_circuit,qft,8,circuit,0.0,0.0,0.0,0.0,0.0,40000.0,20000.0,10
b50_lb5_k2_eps0p0025,hierarchical_local_aggregate,shot_proportional,2,qft_9_circuit,qft,9,circuit,0.0,0.0,0.0,0.0,0.0,40000.0,20000.0,10
b50_lb5_k2_eps0p0025,hierarchical_local_aggregate,shot_proportional,2,qnn_10_circuit,qnn,10,circuit,0.0,0.0,0.0,0.0,0.0,40000.0,20000.0,10
b50_lb5_k2_eps0p0025,hierarchical_local_aggregate,shot_proportional,2,qnn_11_circuit,qnn,11,circuit,0.0,0.0,0.0,0.0,0.0,40000.0,20000.0,10
b50_lb5_k2_eps0p0025,hierarchical_local_aggregate,shot_proportional,2,qnn_12_circuit,qnn,12,circuit,0.0,0.0,0.0,0.0,0.0,40000.0,20000.0,10
b50_lb5_k2_eps0p0025,hierarchical_local_aggregate,shot_proportional,2,qnn_13_circuit,qnn,13,circuit,0.0,0.0,0.0,0.0,0.0,40000.0,20000.0,10
b50_lb5_k2_eps0p0025,hierarchical_local_aggregate,shot_proportional,2,qnn_14_circuit,qnn,14,circuit,0.0,0.0,0.0,0.0,0.0,40000.0,20000.0,10
b50_lb5_k2_eps0p0025,hierarchical_local_aggregate,shot_proportional,2,qnn_15_circuit,qnn,15,circuit,0.0,0.0,0.0,0.0,0.0,40000.0,20000.0,10
b50_lb5_k2_eps0p0025,hierarchical_local_aggregate,shot_proportional,2,qnn_4_circuit,qnn,4,circuit,0.011987619770041508,0.014205543394777266,0.014281182795698916,0.7649999999999999,0.7649999999999999,9400.0,4700.0,10
b50_lb5_k2_eps0p0025,hierarchical_local_aggregate,shot_proportional,2,qnn_5_circuit,qnn,5,circuit,0.013180448717948724,0.01619916551066413,0.016463356164383568,0.6074999999999999,0.6074999999999999,15700.0,7850.0,10
b50_lb5_k2_eps0p0025,hierarchical_local_aggregate,shot_proportional,2,qnn_6_circuit,qnn,6,circuit,0.011574999999999988,0.014025488758081617,0.014566279069767422,0.43000000000000005,0.43000000000000005,22800.0,11400.0,10
b50_lb5_k2_eps0p0025,hierarchical_local_aggregate,shot_proportional,2,qnn_7_circuit,qnn,7,circuit,0.0063346075527582375,0.00686376393722174,0.006955710306406688,0.08250000000000002,0.08250000000000002,36700.0,18350.0,10
b50_lb5_k2_eps0p0025,hierarchical_local_aggregate,shot_proportional,2,qnn_8_circuit,qnn,8,circuit,0.0,0.0,0.0,0.0,0.0,40000.0,20000.0,10
b50_lb5_k2_eps0p0025,hierarchical_local_aggregate,shot_proportional,2,qnn_9_circuit,qnn,9,circuit,0.0,0.0,0.0,0.0,0.0,40000.0,20000.0,10
b50_lb5_k2_eps0p0025,hierarchical_local_aggregate,shot_proportional,2,random_10_circuit,random,10,circuit,0.0,0.0,0.0,0.0,0.0,40000.0,20000.0,10
b50_lb5_k2_eps0p0025,hierarchical_local_aggregate,shot_proportional,2,random_11_circuit,random,11,circuit,0.0,0.0,0.0,0.0,0.0,40000.0,20000.0,10
b50_lb5_k2_eps0p0025,hierarchical_local_aggregate,shot_proportional,2,random_12_circuit,random,12,circuit,0.0,0.0,0.0,0.0,0.0,40000.0,20000.0,10
b50_lb5_k2_eps0p0025,hierarchical_local_aggregate,shot_proportional,2,random_13_circuit,random,13,circuit,0.0,0.0,0.0,0.0,0.0,40000.0,20000.0,10
b50_lb5_k2_eps0p0025,hierarchical_local_aggregate,shot_proportional,2,random_14_circuit,random,14,circuit,0.0,0.0,0.0,0.0,0.0,40000.0,20000.0,10
b50_lb5_k2_eps0p0025,hierarchical_local_aggregate,shot_proportional,2,random_15_circuit,random,15,circuit,0.0,0.0,0.0,0.0,0.0,40000.0,20000.0,10
b50_lb5_k2_eps0p0025,hierarchical_local_aggregate,shot_proportional,2,random_4_circuit,random,4,circuit,0.007006129877693635,0.010859973667579528,0.010864893617021264,0.7637499999999999,0.7637499999999999,9450.0,4725.0,10
b50_lb5_k2_eps0p0025,hierarchical_local_aggregate,shot_proportional,2,random_5_circuit,random,5,circuit,0.012805828779599264,0.015117904135338353,0.01639642857142858,0.6875,0.6875,12500.0,6250.0,10
b50_lb5_k2_eps0p0025,hierarchical_local_aggregate,shot_proportional,2,random_6_circuit,random,6,circuit,0.011228206391529483,0.013546613876319754,0.014723039215686273,0.41750000000000004,0.41750000000000004,23300.0,11650.0,10
b50_lb5_k2_eps0p0025,hierarchical_local_aggregate,shot_proportional,2,random_7_circuit,random,7,circuit,0.0068333728892693135,0.010754623459607487,0.011142172523961668,0.10375000000000001,0.10375000000000001,35850.0,17925.0,10
b50_lb5_k2_eps0p0025,hierarchical_local_aggregate,shot_proportional,2,random_8_circuit,random,8,circuit,0.0,0.0,0.0,0.0,0.0,40000.0,20000.0,10
b50_lb5_k2_eps0p0025,hierarchical_local_aggregate,shot_proportional,2,random_9_circuit,random,9,circuit,0.0,0.0,0.0,0.0,0.0,40000.0,20000.0,10
b50_lb5_k2_eps0p0025,hierarchical_local_aggregate,shot_proportional,2,vqe_10_circuit,vqe,10,circuit,0.01695377816627816,0.019246477725236442,0.01931219512195115,0.6375,0.6325000000000001,14500.0,7350.0,10
b50_lb5_k2_eps0p0025,hierarchical_local_aggregate,shot_proportional,2,vqe_11_circuit,vqe,11,circuit,0.0180929403951207,0.02135501951382682,0.021940466101694773,0.61625,0.61625,15350.0,7675.0,10
b50_lb5_k2_eps0p0025,hierarchical_local_aggregate,shot_proportional,2,vqe_12_circuit,vqe,12,circuit,0.01579941055600325,0.017628370798627273,0.018297385620914965,0.55125,0.54875,17950.0,9025.0,10
b50_lb5_k2_eps0p0025,hierarchical_local_aggregate,shot_proportional,2,vqe_13_circuit,vqe,13,circuit,0.017519268311642168,0.0193346910056472,0.019787534626038546,0.406875,0.40499999999999997,23725.0,11900.0,10
b50_lb5_k2_eps0p0025,hierarchical_local_aggregate,shot_proportional,2,vqe_14_circuit,vqe,14,circuit,0.01443153977188542,0.0205541752577322,0.02084690721649507,0.23125,0.23125,30750.0,15375.0,10
b50_lb5_k2_eps0p0025,hierarchical_local_aggregate,shot_proportional,2,vqe_15_circuit,vqe,15,circuit,0.011917742580415936,0.017118290107635117,0.017937605042016806,0.16125,0.16125,33550.0,16775.0,10
b50_lb5_k2_eps0p0025,hierarchical_local_aggregate,shot_proportional,2,vqe_4_circuit,vqe,4,circuit,0.004575248447204944,0.007843465909090876,0.007861363636363647,0.93125,0.9237500000000001,2750.0,1525.0,10
b50_lb5_k2_eps0p0025,hierarchical_local_aggregate,shot_proportional,2,vqe_5_circuit,vqe,5,circuit,0.008337334217506643,0.0142925670384433,0.01562602040816329,0.8518749999999999,0.85,5925.0,3000.0,10
b50_lb5_k2_eps0p0025,hierarchical_local_aggregate,shot_proportional,2,vqe_6_circuit,vqe,6,circuit,0.009017324561403525,0.011011275420211655,0.011364344262295031,0.8600000000000001,0.8600000000000001,5600.0,2800.0,10
b50_lb5_k2_eps0p0025,hierarchical_local_aggregate,shot_proportional,2,vqe_7_circuit,vqe,7,circuit,0.009639215225563935,0.01367749999999996,0.014940909090909024,0.80375,0.8025,7850.0,3950.0,10
b50_lb5_k2_eps0p0025,hierarchical_local_aggregate,shot_proportional,2,vqe_8_circuit,vqe,8,circuit,0.01156775862068965,0.014428290236549153,0.014550765306122442,0.7324999999999999,0.72875,10700.0,5425.0,10
b50_lb5_k2_eps0p0025,hierarchical_local_aggregate,shot_proportional,2,vqe_9_circuit,vqe,9,circuit,0.013062990797978919,0.018528749999999955,0.020449999999999934,0.693125,0.6925,12275.0,6150.0,10
b50_lb5_k2_eps0p0025,hierarchical_local_aggregate,shot_proportional,3,dj_10_circuit,dj,10,circuit,0.013022029180403683,0.014465893463497517,0.0145919354838711,0.7433333333333334,0.74,15400.0,5200.0,10
b50_lb5_k2_eps0p0025,hierarchical_local_aggregate,shot_proportional,3,dj_11_circuit,dj,11,circuit,0.01364065399911633,0.015362337384457433,0.015674803149606377,0.6799999999999999,0.6799999999999999,19200.0,6400.0,10
b50_lb5_k2_eps0p0025,hierarchical_local_aggregate,shot_proportional,3,dj_12_circuit,dj,12,circuit,0.015082772448099139,0.017091405919154094,0.018004781704781578,0.6275,0.62,22350.0,7600.0,10
b50_lb5_k2_eps0p0025,hierarchical_local_aggregate,shot_proportional,3,dj_13_circuit,dj,13,circuit,0.01585998727735379,0.018099895712256214,0.018157490636704028,0.5641666666666667,0.5625,26150.0,8750.0,10
b50_lb5_k2_eps0p0025,hierarchical_local_aggregate,shot_proportional,3,dj_14_circuit,dj,14,circuit,0.016443046545154986,0.01799020415522455,0.01811311336717434,0.5137499999999999,0.5137499999999999,29175.0,9725.0,10
b50_lb5_k2_eps0p0025,hierarchical_local_aggregate,shot_proportional,3,dj_15_circuit,dj,15,circuit,0.01737897676192847,0.01921283893059653,0.019377769347496354,0.4404166666666667,0.42625,33575.0,11475.0,10
b50_lb5_k2_eps0p0025,hierarchical_local_aggregate,shot_proportional,3,dj_4_circuit,dj,4,circuit,0.004765079365079352,0.007389166666666627,0.008266666666666606,0.9512499999999999,0.9512499999999999,2925.0,975.0,10
b50_lb5_k2_eps0p0025,hierarchical_local_aggregate,shot_proportional,3,dj_5_circuit,dj,5,circuit,0.004837934362934377,0.008135833333333347,0.00816666666666667,0.91625,0.91625,5025.0,1675.0,10
b50_lb5_k2_eps0p0025,hierarchical_local_aggregate,shot_proportional,3,dj_6_circuit,dj,6,circuit,0.007217307692307647,0.009453416289592745,0.009991176470588253,0.8841666666666667,0.8787499999999999,6950.0,2425.0,10
b50_lb5_k2_eps0p0025,hierarchical_local_aggregate,shot_proportional,3,dj_7_circuit,dj,7,circuit,0.008854441982272334,0.009050736156949029,0.009109259259259298,0.8483333333333334,0.84125,9100.0,3175.0,10
b50_lb5_k2_eps0p0025,hierarchical_local_aggregate,shot_proportional,3,dj_8_circuit,dj,8,circuit,0.008987659289067747,0.011495555555555592,0.011705555555555603,0.8125,0.8125,11250.0,3750.0,10
b50_lb5_k2_eps0p0025,hierarchical_local_aggregate,shot_proportional,3,dj_9_circuit,dj,9,circuit,0.010916715849965081,0.012614965371469736,0.012917584097859378,0.7424999999999999,0.7424999999999999,15450.0,5150.0,10
b50_lb5_k2_eps0p0025,hierarchical_local_aggregate,shot_proportional,3,qaoa_10_circuit,qaoa,10,circuit,0.0,0.0,0.0,0.0,0.0,60000.0,20000.0,10
b50_lb5_k2_eps0p0025,hierarchical_local_aggregate,shot_proportional,3,qaoa_11_circuit,qaoa,11,circuit,0.0,0.0,0.0,0.0,0.0,60000.0,20000.0,10
b50_lb5_k2_eps0p0025,hierarchical_local_aggregate,shot_proportional,3,qaoa_12_circuit,qaoa,12,circuit,0.0,0.0,0.0,0.0,0.0,60000.0,20000.0,10
b50_lb5_k2_eps0p0025,hierarchical_local_aggregate,shot_proportional,3,qaoa_13_circuit,qaoa,13,circuit,0.0,0.0,0.0,0.0,0.0,60000.0,20000.0,10
b50_lb5_k2_eps0p0025,hierarchical_local_aggregate,shot_proportional,3,qaoa_14_circuit,qaoa,14,circuit,0.0,0.0,0.0,0.0,0.0,60000.0,20000.0,10
b50_lb5_k2_eps0p0025,hierarchical_local_aggregate,shot_proportional,3,qaoa_15_circuit,qaoa,15,circuit,0.0,0.0,0.0,0.0,0.0,60000.0,20000.0,10
b50_lb5_k2_eps0p0025,hierarchical_local_aggregate,shot_proportional,3,qaoa_4_circuit,qaoa,4,circuit,0.011552016129032276,0.014250081699346398,0.014672875816993437,0.86375,0.86375,8175.0,2725.0,10
b50_lb5_k2_eps0p0025,hierarchical_local_aggregate,shot_proportional,3,qaoa_5_circuit,qaoa,5,circuit,0.011009076707606114,0.013942163299663303,0.014464814814814814,0.73875,0.73875,15675.0,5225.0,10
b50_lb5_k2_eps0p0025,hierarchical_local_aggregate,shot_proportional,3,qaoa_6_circuit,qaoa,6,circuit,0.01259228167616558,0.014382136465324392,0.014416666666666678,0.62625,0.62625,22425.0,7475.0,10
b50_lb5_k2_eps0p0025,hierarchical_local_aggregate,shot_proportional,3,qaoa_7_circuit,qaoa,7,circuit,0.011411667555200157,0.012714687463093583,0.012812165963431791,0.385,0.385,36900.0,12300.0,10
b50_lb5_k2_eps0p0025,hierarchical_local_aggregate,shot_proportional,3,qaoa_8_circuit,qaoa,8,circuit,0.010098315487446479,0.010950541237113419,0.011323711340206188,0.2675,0.2675,43950.0,14650.0,10
b50_lb5_k2_eps0p0025,hierarchical_local_aggregate,shot_proportional,3,qaoa_9_circuit,qaoa,9,circuit,0.0017681972789115675,0.005532691559277888,0.005614235190097244,0.010000000000000009,0.010000000000000009,59400.0,19800.0,10
b50_lb5_k2_eps0p0025,hierarchical_local_aggregate,shot_proportional,3,qft_10_circuit,qft,10,circuit,0.0,0.0,0.0,0.0,0.0,60000.0,20000.0,10
b50_lb5_k2_eps0p0025,hierarchical_local_aggregate,shot_proportional,3,qft_11_circuit,qft,11,circuit,0.0,0.0,0.0,0.0,0.0,60000.0,20000.0,10
b50_lb5_k2_eps0p0025,hierarchical_local_aggregate,shot_proportional,3,qft_12_circuit,qft,12,circuit,0.0,0.0,0.0,0.0,0.0,60000.0,20000.0,10
b50_lb5_k2_eps0p0025,hierarchical_local_aggregate,shot_proportional,3,qft_13_circuit,qft,13,circuit,0.0,0.0,0.0,0.0,0.0,60000.0,20000.0,10
b50_lb5_k2_eps0p0025,hierarchical_local_aggregate,shot_proportional,3,qft_14_circuit,qft,14,circuit,0.0,0.0,0.0,0.0,0.0,60000.0,20000.0,10
b50_lb5_k2_eps0p0025,hierarchical_local_aggregate,shot_proportional,3,qft_15_circuit,qft,15,circuit,0.0,0.0,0.0,0.0,0.0,60000.0,20000.0,10
b50_lb5_k2_eps0p0025,hierarchical_local_aggregate,shot_proportional,3,qft_4_circuit,qft,4,circuit,0.011925375738056907,0.015537964576074332,0.015688095238095244,0.7324999999999999,0.7324999999999999,16050.0,5350.0,10
b50_lb5_k2_eps0p0025,hierarchical_local_aggregate,shot_proportional,3,qft_5_circuit,qft,5,circuit,0.012217639902676401,0.013923452223871572,0.014478423772609807,0.635,0.635,21900.0,7300.0,10
b50_lb5_k2_eps0p0025,hierarchical_local_aggregate,shot_proportional,3,qft_6_circuit,qft,6,circuit,0.012405921131487477,0.014000325614263967,0.014135007610350074,0.45625,0.45625,32625.0,10875.0,10
b50_lb5_k2_eps0p0025,hierarchical_local_aggregate,shot_proportional,3,qft_7_circuit,qft,7,circuit,0.008988703839023534,0.009911242450388264,0.00999508196721311,0.1975,0.1975,48150.0,16050.0,10
b50_lb5_k2_eps0p0025,hierarchical_local_aggregate,shot_proportional,3,qft_8_circuit,qft,8,circuit,0.0,0.0,0.0,0.0,0.0,60000.0,20000.0,10
b50_lb5_k2_eps0p0025,hierarchical_local_aggregate,shot_proportional,3,qft_9_circuit,qft,9,circuit,0.0,0.0,0.0,0.0,0.0,60000.0,20000.0,10
b50_lb5_k2_eps0p0025,hierarchical_local_aggregate,shot_proportional,3,qnn_10_circuit,qnn,10,circuit,0.0,0.0,0.0,0.0,0.0,60000.0,20000.0,10
b50_lb5_k2_eps0p0025,hierarchical_local_aggregate,shot_proportional,3,qnn_11_circuit,qnn,11,circuit,0.0,0.0,0.0,0.0,0.0,60000.0,20000.0,10
b50_lb5_k2_eps0p0025,hierarchical_local_aggregate,shot_proportional,3,qnn_12_circuit,qnn,12,circuit,0.0,0.0,0.0,0.0,0.0,60000.0,20000.0,10
b50_lb5_k2_eps0p0025,hierarchical_local_aggregate,shot_proportional,3,qnn_13_circuit,qnn,13,circuit,0.0,0.0,0.0,0.0,0.0,60000.0,20000.0,10
b50_lb5_k2_eps0p0025,hierarchical_local_aggregate,shot_proportional,3,qnn_14_circuit,qnn,14,circuit,0.0,0.0,0.0,0.0,0.0,60000.0,20000.0,10
b50_lb5_k2_eps0p0025,hierarchical_local_aggregate,shot_proportional,3,qnn_15_circuit,qnn,15,circuit,0.0,0.0,0.0,0.0,0.0,60000.0,20000.0,10
b50_lb5_k2_eps0p0025,hierarchical_local_aggregate,shot_proportional,3,qnn_4_circuit,qnn,4,circuit,0.010747057159026602,0.012324973544973535,0.012856349206349184,0.78125,0.78125,13125.0,4375.0,10
b50_lb5_k2_eps0p0025,hierarchical_local_aggregate,shot_proportional,3,qnn_5_circuit,qnn,5,circuit,0.012076558051249627,0.013612337299660037,0.014065517241379322,0.645,0.645,21300.0,7100.0,10
b50_lb5_k2_eps0p0025,hierarchical_local_aggregate,shot_proportional,3,qnn_6_circuit,qnn,6,circuit,0.011230723158828747,0.012966041591356392,0.013499568221070802,0.52375,0.52375,28575.0,9525.0,10
b50_lb5_k2_eps0p0025,hierarchical_local_aggregate,shot_proportional,3,qnn_7_circuit,qnn,7,circuit,0.009344350282485876,0.011223157454960463,0.01146075650118204,0.23750000000000004,0.23750000000000004,45750.0,15250.0,10
b50_lb5_k2_eps0p0025,hierarchical_local_aggregate,shot_proportional,3,qnn_8_circuit,qnn,8,circuit,0.0,0.0027079449558879936,0.002832489451476787,0.0,0.0,60000.0,20000.0,10
b50_lb5_k2_eps0p0025,hierarchical_local_aggregate,shot_proportional,3,qnn_9_circuit,qnn,9,circuit,0.0,0.0,0.0,0.0,0.0,60000.0,20000.0,10
b50_lb5_k2_eps0p0025,hierarchical_local_aggregate,shot_proportional,3,random_10_circuit,random,10,circuit,0.0,0.0,0.0,0.0,0.0,60000.0,20000.0,10
b50_lb5_k2_eps0p0025,hierarchical_local_aggregate,shot_proportional,3,random_11_circuit,random,11,circuit,0.0,0.0,0.0,0.0,0.0,60000.0,20000.0,10
b50_lb5_k2_eps0p0025,hierarchical_local_aggregate,shot_proportional,3,random_12_circuit,random,12,circuit,0.0,0.0,0.0,0.0,0.0,60000.0,20000.0,10
b50_lb5_k2_eps0p0025,hierarchical_local_aggregate,shot_proportional,3,random_13_circuit,random,13,circuit,0.0,0.0,0.0,0.0,0.0,60000.0,20000.0,10
b50_lb5_k2_eps0p0025,hierarchical_local_aggregate,shot_proportional,3,random_14_circuit,random,14,circuit,0.0,0.0,0.0,0.0,0.0,60000.0,20000.0,10
b50_lb5_k2_eps0p0025,hierarchical_local_aggregate,shot_proportional,3,random_15_circuit,random,15,circuit,0.0,0.0,0.0,0.0,0.0,60000.0,20000.0,10
b50_lb5_k2_eps0p0025,hierarchical_local_aggregate,shot_proportional,3,random_4_circuit,random,4,circuit,0.007829464285714268,0.009335929487179494,0.009344871794871819,0.7887500000000001,0.7887500000000001,12675.0,4225.0,10
b50_lb5_k2_eps0p0025,hierarchical_local_aggregate,shot_proportional,3,random_5_circuit,random,5,circuit,0.010143970013037792,0.014145838171262696,0.014480769230769241,0.72625,0.72625,16425.0,5475.0,10
b50_lb5_k2_eps0p0025,hierarchical_local_aggregate,shot_proportional,3,random_6_circuit,random,6,circuit,0.01236321448119478,0.013690727346424058,0.014101098901098893,0.5225,0.5225,28650.0,9550.0,10
b50_lb5_k2_eps0p0025,hierarchical_local_aggregate,shot_proportional,3,random_7_circuit,random,7,circuit,0.010199255001593126,0.011605616488758451,0.0119040312876053,0.28625,0.28625,42825.0,14275.0,10
b50_lb5_k2_eps0p0025,hierarchical_local_aggregate,shot_proportional,3,random_8_circuit,random,8,circuit,0.0,0.0014416033755274237,0.0026210970464135026,0.0,0.0,60000.0,20000.0,10
b50_lb5_k2_eps0p0025,hierarchical_local_aggregate,shot_proportional,3,random_9_circuit,random,9,circuit,0.0,0.0,0.0,0.0,0.0,60000.0,20000.0,10
b50_lb5_k2_eps0p0025,hierarchical_local_aggregate,shot_proportional,3,vqe_10_circuit,vqe,10,circuit,0.015838935170300987,0.016960513602847758,0.01706659038901611,0.6520833333333333,0.65,20875.0,7000.0,10
b50_lb5_k2_eps0p0025,hierarchical_local_aggregate,shot_proportional,3,vqe_11_circuit,vqe,11,circuit,0.016867676767676764,0.019513228784471516,0.019547887323943563,0.7025,0.69875,17850.0,6025.0,10
b50_lb5_k2_eps0p0025,hierarchical_local_aggregate,shot_proportional,3,vqe_12_circuit,vqe,12,circuit,0.015959789356211194,0.01735606807511739,0.017761032863849755,0.6075,0.6012500000000001,23550.0,7975.0,10
b50_lb5_k2_eps0p0025,hierarchical_local_aggregate,shot_proportional,3,vqe_13_circuit,vqe,13,circuit,0.01608165760869558,0.018204358974358934,0.018232051282051263,0.5141666666666667,0.48875,29150.0,10225.0,10
b50_lb5_k2_eps0p0025,hierarchical_local_aggregate,shot_proportional,3,vqe_14_circuit,vqe,14,circuit,0.016964684516396825,0.018292550338560472,0.018805978260869865,0.3866666666666667,0.38,36800.0,12400.0,10
b50_lb5_k2_eps0p0025,hierarchical_local_aggregate,shot_proportional,3,vqe_15_circuit,vqe,15,circuit,0.014857001521424312,0.017958208898944124,0.018471568627450932,0.2991666666666667,0.29625,42050.0,14075.0,10
b50_lb5_k2_eps0p0025,hierarchical_local_aggregate,shot_proportional,3,vqe_4_circuit,vqe,4,circuit,0.005004831932773045,0.005911754658385071,0.005934415584415594,0.9383333333333332,0.93125,3700.0,1375.0,10
b50_lb5_k2_eps0p0025,hierarchical_local_aggregate,shot_proportional,3,vqe_5_circuit,vqe,5,circuit,0.008561003051106039,0.01620074561403509,0.017087719298245603,0.8825000000000001,0.8825000000000001,7050.0,2350.0,10
b50_lb5_k2_eps0p0025,hierarchical_local_aggregate,shot_proportional,3,vqe_6_circuit,vqe,6,circuit,0.006813196316262413,0.008886250000000009,0.00902500000000002,0.8987499999999999,0.8912500000000001,6075.0,2175.0,10
b50_lb5_k2_eps0p0025,hierarchical_local_aggregate,shot_proportional,3,vqe_7_circuit,vqe,7,circuit,0.009530494371023011,0.010998333333333332,0.011433333333333332,0.8125,0.8125,11250.0,3750.0,10
b50_lb5_k2_eps0p0025,hierarchical_local_aggregate,shot_proportional,3,vqe_8_circuit,vqe,8,circuit,0.011103101974653716,0.012637160737812913,0.013334782608695693,0.7533333333333333,0.74875,14800.0,5025.0,10
b50_lb5_k2_eps0p0025,hierarchical_local_aggregate,shot_proportional,3,vqe_9_circuit,vqe,9,circuit,0.01250092715457115,0.01631333333333336,0.016583333333333325,0.75,0.75,15000.0,5000.0,10
b50_lb5_k2_eps0p0025,hierarchical_local_aggregate,shot_proportional,4,dj_10_circuit,dj,10,circuit,0.01228387096774187,0.013812812285518132,0.013986693548387037,0.7675,0.7675,18600.0,4650.0,5
b50_lb5_k2_eps0p0025,hierarchical_local_aggregate,shot_proportional,4,dj_11_circuit,dj,11,circuit,0.013469004065040594,0.01462897849462365,0.01487580645161289,0.6925,0.6925,24600.0,6150.0,5
b50_lb5_k2_eps0p0025,hierarchical_local_aggregate,shot_proportional,4,dj_12_circuit,dj,12,circuit,0.013875652173913193,0.015422085605234318,0.01555305343511436,0.65,0.65,28000.0,7000.0,5
b50_lb5_k2_eps0p0025,hierarchical_local_aggregate,shot_proportional,4,dj_13_circuit,dj,13,circuit,0.015934876543209735,0.019075945945945853,0.019794256756756678,0.6275,0.6275,29800.0,7450.0,5
b50_lb5_k2_eps0p0025,hierarchical_local_aggregate,shot_proportional,4,dj_14_circuit,dj,14,circuit,0.015768975903614455,0.016668487949191117,0.016867218543046264,0.5825,0.5825,33400.0,8350.0,5
b50_lb5_k2_eps0p0025,hierarchical_local_aggregate,shot_proportional,4,dj_15_circuit,dj,15,circuit,0.016914622057001096,0.01772840144625303,0.017731625441696094,0.495625,0.495,40350.0,10100.0,5
b50_lb5_k2_eps0p0025,hierarchical_local_aggregate,shot_proportional,4,dj_4_circuit,dj,4,circuit,0.005361363636363603,0.006672499999999958,0.006987499999999956,0.96,0.96,3200.0,800.0,5
b50_lb5_k2_eps0p0025,hierarchical_local_aggregate,shot_proportional,4,dj_5_circuit,dj,5,circuit,0.004575,0.005224404761904702,0.005316666666666589,0.92,0.92,6400.0,1600.0,5
b50_lb5_k2_eps0p0025,hierarchical_local_aggregate,shot_proportional,4,dj_6_circuit,dj,6,circuit,0.006528525641025624,0.006932934646654134,0.0069455128205127906,0.8975,0.8975,8200.0,2050.0,5
b50_lb5_k2_eps0p0025,hierarchical_local_aggregate,shot_proportional,4,dj_7_circuit,dj,7,circuit,0.007287021276595762,0.008463892078071196,0.008519230769230786,0.853125,0.845,11750.0,3100.0,5
b50_lb5_k2_eps0p0025,hierarchical_local_aggregate,shot_proportional,4,dj_8_circuit,dj,8,circuit,0.008687499999999975,0.00902842723004697,0.00907095070422536,0.825,0.825,14000.0,3500.0,5
b50_lb5_k2_eps0p0025,hierarchical_local_aggregate,shot_proportional,4,dj_9_circuit,dj,9,circuit,0.010173892405063233,0.011071568627450998,0.011212500000000025,0.7675,0.7675,18600.0,4650.0,5
b50_lb5_k2_eps0p0025,hierarchical_local_aggregate,shot_proportional,4,qaoa_10_circuit,qaoa,10,circuit,0.0,0.0,0.0,0.0,0.0,80000.0,20000.0,5
b50_lb5_k2_eps0p0025,hierarchical_local_aggregate,shot_proportional,4,qaoa_11_circuit,qaoa,11,circuit,0.0,0.0,0.0,0.0,0.0,80000.0,20000.0,5
b50_lb5_k2_eps0p0025,hierarchical_local_aggregate,shot_proportional,4,qaoa_12_circuit,qaoa,12,circuit,0.0,0.0,0.0,0.0,0.0,80000.0,20000.0,5
b50_lb5_k2_eps0p0025,hierarchical_local_aggregate,shot_proportional,4,qaoa_13_circuit,qaoa,13,circuit,0.0,0.0,0.0,0.0,0.0,80000.0,20000.0,5
b50_lb5_k2_eps0p0025,hierarchical_local_aggregate,shot_proportional,4,qaoa_14_circuit,qaoa,14,circuit,0.0,0.0,0.0,0.0,0.0,80000.0,20000.0,5
b50_lb5_k2_eps0p0025,hierarchical_local_aggregate,shot_proportional,4,qaoa_15_circuit,qaoa,15,circuit,0.0,0.0,0.0,0.0,0.0,80000.0,20000.0,5
b50_lb5_k2_eps0p0025,hierarchical_local_aggregate,shot_proportional,4,qaoa_4_circuit,qaoa,4,circuit,0.011359957627118668,0.013970769230769254,0.014450961538461555,0.87,0.87,10400.0,2600.0,5
b50_lb5_k2_eps0p0025,hierarchical_local_aggregate,shot_proportional,4,qaoa_5_circuit,qaoa,5,circuit,0.010121078431372532,0.012980400313971735,0.013471291208791198,0.755,0.755,19600.0,4900.0,5
b50_lb5_k2_eps0p0025,hierarchical_local_aggregate,shot_proportional,4,qaoa_6_circuit,qaoa,6,circuit,0.01189222972972972,0.012872166666666664,0.012984999999999997,0.6325000000000001,0.6325000000000001,29400.0,7350.0,5
b50_lb5_k2_eps0p0025,hierarchical_local_aggregate,shot_proportional,4,qaoa_7_circuit,qaoa,7,circuit,0.011320215311004809,0.011653219436351992,0.011664027149321268,0.45499999999999996,0.45499999999999996,43600.0,10900.0,5
b50_lb5_k2_eps0p0025,hierarchical_local_aggregate,shot_proportional,4,qaoa_8_circuit,qaoa,8,circuit,0.010150427756653996,0.012350794983893215,0.012739024390243874,0.3425,0.3425,52600.0,13150.0,5
b50_lb5_k2_eps0p0025,hierarchical_local_aggregate,shot_proportional,4,qaoa_9_circuit,qaoa,9,circuit,0.008441844729344733,0.008623554923117956,0.008650638138138132,0.12250000000000005,0.12250000000000005,70200.0,17550.0,5
b50_lb5_k2_eps0p0025,hierarchical_local_aggregate,shot_proportional,4,qft_10_circuit,qft,10,circuit,0.0,0.0,0.0,0.0,0.0,80000.0,20000.0,5
b50_lb5_k2_eps0p0025,hierarchical_local_aggregate,shot_proportional,4,qft_11_circuit,qft,11,circuit,0.0,0.0,0.0,0.0,0.0,80000.0,20000.0,5
b50_lb5_k2_eps0p0025,hierarchical_local_aggregate,shot_proportional,4,qft_12_circuit,qft,12,circuit,0.0,0.0,0.0,0.0,0.0,80000.0,20000.0,5
b50_lb5_k2_eps0p0025,hierarchical_local_aggregate,shot_proportional,4,qft_13_circuit,qft,13,circuit,0.0,0.0,0.0,0.0,0.0,80000.0,20000.0,5
b50_lb5_k2_eps0p0025,hierarchical_local_aggregate,shot_proportional,4,qft_14_circuit,qft,14,circuit,0.0,0.0,0.0,0.0,0.0,80000.0,20000.0,5
b50_lb5_k2_eps0p0025,hierarchical_local_aggregate,shot_proportional,4,qft_15_circuit,qft,15,circuit,0.0,0.0,0.0,0.0,0.0,80000.0,20000.0,5
b50_lb5_k2_eps0p0025,hierarchical_local_aggregate,shot_proportional,4,qft_4_circuit,qft,4,circuit,0.012654807692307708,0.01648328767123287,0.016784075342465746,0.7475,0.7475,20200.0,5050.0,5
b50_lb5_k2_eps0p0025,hierarchical_local_aggregate,shot_proportional,4,qft_5_circuit,qft,5,circuit,0.011356249999999995,0.01203671981572335,0.012052098540145991,0.6799999999999999,0.6799999999999999,25600.0,6400.0,5
b50_lb5_k2_eps0p0025,hierarchical_local_aggregate,shot_proportional,4,qft_6_circuit,qft,6,circuit,0.011976546391752588,0.013150883126446451,0.013351932989690713,0.515,0.515,38800.0,9700.0,5
b50_lb5_k2_eps0p0025,hierarchical_local_aggregate,shot_proportional,4,qft_7_circuit,qft,7,circuit,0.0104603494623656,0.010966051295566784,0.011087873134328366,0.3025,0.3025,55800.0,13950.0,5
b50_lb5_k2_eps0p0025,hierarchical_local_aggregate,shot_proportional,4,qft_8_circuit,qft,8,circuit,0.003568589743589735,0.004956120659834088,0.005269492084432713,0.025000000000000022,0.025000000000000022,78000.0,19500.0,5
b50_lb5_k2_eps0p0025,hierarchical_local_aggregate,shot_proportional,4,qft_9_circuit,qft,9,circuit,0.0,0.0,0.0,0.0,0.0,80000.0,20000.0,5
b50_lb5_k2_eps0p0025,hierarchical_local_aggregate,shot_proportional,4,qnn_10_circuit,qnn,10,circuit,0.0,0.0,0.0,0.0,0.0,80000.0,20000.0,5
b50_lb5_k2_eps0p0025,hierarchical_local_aggregate,shot_proportional,4,qnn_11_circuit,qnn,11,circuit,0.0,0.0,0.0,0.0,0.0,80000.0,20000.0,5
b50_lb5_k2_eps0p0025,hierarchical_local_aggregate,shot_proportional,4,qnn_12_circuit,qnn,12,circuit,0.0,0.0,0.0,0.0,0.0,80000.0,20000.0,5
b50_lb5_k2_eps0p0025,hierarchical_local_aggregate,shot_proportional,4,qnn_13_circuit,qnn,13,circuit,0.0,0.0,0.0,0.0,0.0,80000.0,20000.0,5
b50_lb5_k2_eps0p0025,hierarchical_local_aggregate,shot_proportional,4,qnn_14_circuit,qnn,14,circuit,0.0,0.0,0.0,0.0,0.0,80000.0,20000.0,5
b50_lb5_k2_eps0p0025,hierarchical_local_aggregate,shot_proportional,4,qnn_15_circuit,qnn,15,circuit,0.0,0.0,0.0,0.0,0.0,80000.0,20000.0,5
b50_lb5_k2_eps0p0025,hierarchical_local_aggregate,shot_proportional,4,qnn_4_circuit,qnn,4,circuit,0.010136046511627889,0.010704288061336234,0.010714772727272706,0.7925,0.7925,16600.0,4150.0,5
b50_lb5_k2_eps0p0025,hierarchical_local_aggregate,shot_proportional,4,qnn_5_circuit,qnn,5,circuit,0.012801106194690258,0.014532358838551031,0.014803865979381443,0.7175,0.7175,22600.0,5650.0,5
b50_lb5_k2_eps0p0025,hierarchical_local_aggregate,shot_proportional,4,qnn_6_circuit,qnn,6,circuit,0.010255701754385968,0.011465971313886299,0.011653654970760244,0.5725,0.5725,34200.0,8550.0,5
b50_lb5_k2_eps0p0025,hierarchical_local_aggregate,shot_proportional,4,qnn_7_circuit,qnn,7,circuit,0.010689074803149613,0.011104423609592542,0.011112453531598518,0.35750000000000004,0.35750000000000004,51400.0,12850.0,5
b50_lb5_k2_eps0p0025,hierarchical_local_aggregate,shot_proportional,4,qnn_8_circuit,qnn,8,circuit,0.007522136871508375,0.008057149180809641,0.008157414040114613,0.11250000000000004,0.11250000000000004,71000.0,17750.0,5
b50_lb5_k2_eps0p0025,hierarchical_local_aggregate,shot_proportional,4,qnn_9_circuit,qnn,9,circuit,0.0,0.0,0.0,0.0,0.0,80000.0,20000.0,5
b50_lb5_k2_eps0p0025,hierarchical_local_aggregate,shot_proportional,4,random_10_circuit,random,10,circuit,0.0,0.0,0.0,0.0,0.0,80000.0,20000.0,5
b50_lb5_k2_eps0p0025,hierarchical_local_aggregate,shot_proportional,4,random_11_circuit,random,11,circuit,0.0,0.0,0.0,0.0,0.0,80000.0,20000.0,5
b50_lb5_k2_eps0p0025,hierarchical_local_aggregate,shot_proportional,4,random_12_circuit,random,12,circuit,0.0,0.0,0.0,0.0,0.0,80000.0,20000.0,5
b50_lb5_k2_eps0p0025,hierarchical_local_aggregate,shot_proportional,4,random_13_circuit,random,13,circuit,0.0,0.0,0.0,0.0,0.0,80000.0,20000.0,5
b50_lb5_k2_eps0p0025,hierarchical_local_aggregate,shot_proportional,4,random_14_circuit,random,14,circuit,0.0,0.0,0.0,0.0,0.0,80000.0,20000.0,5
b50_lb5_k2_eps0p0025,hierarchical_local_aggregate,shot_proportional,4,random_15_circuit,random,15,circuit,0.0,0.0,0.0,0.0,0.0,80000.0,20000.0,5
b50_lb5_k2_eps0p0025,hierarchical_local_aggregate,shot_proportional,4,random_4_circuit,random,4,circuit,0.007383333333333291,0.008309166666666666,0.008428124999999991,0.85,0.85,12000.0,3000.0,5
b50_lb5_k2_eps0p0025,hierarchical_local_aggregate,shot_proportional,4,random_5_circuit,random,5,circuit,0.010073014018691574,0.012237720628340778,0.0126196629213483,0.745,0.745,20400.0,5100.0,5
b50_lb5_k2_eps0p0025,hierarchical_local_aggregate,shot_proportional,4,random_6_circuit,random,6,circuit,0.01129796511627908,0.012218294797687863,0.012241618497109827,0.5675,0.5675,34600.0,8650.0,5
b50_lb5_k2_eps0p0025,hierarchical_local_aggregate,shot_proportional,4,random_7_circuit,random,7,circuit,0.010291911764705897,0.01093109649122807,0.010973245614035091,0.36750000000000005,0.36750000000000005,50600.0,12650.0,5
b50_lb5_k2_eps0p0025,hierarchical_local_aggregate,shot_proportional,4,random_8_circuit,random,8,circuit,0.005424999999999998,0.0076545257006328405,0.007703304597701162,0.0625,0.0625,75000.0,18750.0,5
b50_lb5_k2_eps0p0025,hierarchical_local_aggregate,shot_proportional,4,random_9_circuit,random,9,circuit,0.0,0.0,0.0,0.0,0.0,80000.0,20000.0,5
b50_lb5_k2_eps0p0025,hierarchical_local_aggregate,shot_proportional,4,vqe_10_circuit,vqe,10,circuit,0.015344111570247896,0.015451136292956002,0.015472033898305097,0.7,0.7,24000.0,6000.0,5
b50_lb5_k2_eps0p0025,hierarchical_local_aggregate,shot_proportional,4,vqe_11_circuit,vqe,11,circuit,0.017478947368421007,0.018089100478468755,0.018207954545454364,0.703125,0.7,23750.0,6000.0,5
b50_lb5_k2_eps0p0025,hierarchical_local_aggregate,shot_proportional,4,vqe_12_circuit,vqe,12,circuit,0.015135956790123304,0.01618065217391291,0.016357065217391168,0.61625,0.615,30700.0,7700.0,5
b50_lb5_k2_eps0p0025,hierarchical_local_aggregate,shot_proportional,4,vqe_13_circuit,vqe,13,circuit,0.016158435374149852,0.016974929536957013,0.017083552631578822,0.540625,0.5325,36750.0,9350.0,5
b50_lb5_k2_eps0p0025,hierarchical_local_aggregate,shot_proportional,4,vqe_14_circuit,vqe,14,circuit,0.015974796747967222,0.016778531991743915,0.0168346233230133,0.39437500000000003,0.39249999999999996,48450.0,12150.0,5
b50_lb5_k2_eps0p0025,hierarchical_local_aggregate,shot_proportional,4,vqe_15_circuit,vqe,15,circuit,0.015564032567049963,0.016223975095785385,0.016299999999999905,0.34750000000000003,0.34750000000000003,52200.0,13050.0,5
b50_lb5_k2_eps0p0025,hierarchical_local_aggregate,shot_proportional,4,vqe_4_circuit,vqe,4,circuit,0.0043507352941176995,0.006010395189003396,0.006302577319587585,0.946875,0.945,4250.0,1100.0,5
b50_lb5_k2_eps0p0025,hierarchical_local_aggregate,shot_proportional,4,vqe_5_circuit,vqe,5,circuit,0.009805851063829755,0.01341618421052631,0.01375986842105263,0.905,0.905,7600.0,1900.0,5
b50_lb5_k2_eps0p0025,hierarchical_local_aggregate,shot_proportional,4,vqe_6_circuit,vqe,6,circuit,0.00569405594405596,0.007313655577299365,0.0074767123287670795,0.90875,0.905,7300.0,1900.0,5
b50_lb5_k2_eps0p0025,hierarchical_local_aggregate,shot_proportional,4,vqe_7_circuit,vqe,7,circuit,0.007865676567656738,0.00869955326109179,0.008742164179104466,0.8175,0.8175,14600.0,3650.0,5
b50_lb5_k2_eps0p0025,hierarchical_local_aggregate,shot_proportional,4,vqe_8_circuit,vqe,8,circuit,0.010248936170212754,0.011508804347826066,0.011562499999999979,0.7725,0.7725,18200.0,4550.0,5
b50_lb5_k2_eps0p0025,hierarchical_local_aggregate,shot_proportional,4,vqe_9_circuit,vqe,9,circuit,0.010863563829787275,0.012551736861956255,0.012666881443298968,0.7675,0.7675,18600.0,4650.0,5
b50_lb5_k2_eps0p0025,hierarchical_local_aggregate,shot_proportional,5,dj_10_circuit,dj,10,circuit,0.011296236559139713,0.011296236559139713,0.011296236559139713,0.7675,0.7675,23250.0,4650.0,1
b50_lb5_k2_eps0p0025,hierarchical_local_aggregate,shot_proportional,5,dj_11_circuit,dj,11,circuit,0.013156725663716807,0.013156725663716807,0.013156725663716807,0.7175,0.7175,28250.0,5650.0,1
b50_lb5_k2_eps0p0025,hierarchical_local_aggregate,shot_proportional,5,dj_12_circuit,dj,12,circuit,0.013905151515151436,0.013905151515151436,0.013905151515151436,0.6699999999999999,0.6699999999999999,33000.0,6600.0,1
b50_lb5_k2_eps0p0025,hierarchical_local_aggregate,shot_proportional,5,dj_13_circuit,dj,13,circuit,0.016156567164179073,0.016156567164179073,0.016156567164179073,0.665,0.665,33500.0,6700.0,1
b50_lb5_k2_eps0p0025,hierarchical_local_aggregate,shot_proportional,5,dj_14_circuit,dj,14,circuit,0.015189493670885897,0.015189493670885897,0.015189493670885897,0.605,0.605,39500.0,7900.0,1
b50_lb5_k2_eps0p0025,hierarchical_local_aggregate,shot_proportional,5,dj_15_circuit,dj,15,circuit,0.016157978142076684,0.016157978142076684,0.016157978142076684,0.5425,0.5425,45750.0,9150.0,1
b50_lb5_k2_eps0p0025,hierarchical_local_aggregate,shot_proportional,5,dj_4_circuit,dj,4,circuit,0.004960000000000007,0.004960000000000007,0.004960000000000007,0.96,0.96,4000.0,800.0,1
b50_lb5_k2_eps0p0025,hierarchical_local_aggregate,shot_proportional,5,dj_5_circuit,dj,5,circuit,0.004496153846153927,0.004496153846153927,0.004496153846153927,0.935,0.935,6500.0,1300.0,1
b50_lb5_k2_eps0p0025,hierarchical_local_aggregate,shot_proportional,5,dj_6_circuit,dj,6,circuit,0.006345294117647054,0.006345294117647054,0.006345294117647054,0.915,0.915,8500.0,1700.0,1
b50_lb5_k2_eps0p0025,hierarchical_local_aggregate,shot_proportional,5,dj_7_circuit,dj,7,circuit,0.006141245791245846,0.006141245791245846,0.006141245791245846,0.8515,0.845,14850.0,3100.0,1
b50_lb5_k2_eps0p0025,hierarchical_local_aggregate,shot_proportional,5,dj_8_circuit,dj,8,circuit,0.006860447761194006,0.006860447761194006,0.006860447761194006,0.8325,0.8325,16750.0,3350.0,1
b50_lb5_k2_eps0p0025,hierarchical_local_aggregate,shot_proportional,5,dj_9_circuit,dj,9,circuit,0.008772207792207753,0.008772207792207753,0.008772207792207753,0.8075,0.8075,19250.0,3850.0,1
b50_lb5_k2_eps0p0025,hierarchical_local_aggregate,shot_proportional,5,qaoa_10_circuit,qaoa,10,circuit,0.0,0.0,0.0,0.0,0.0,100000.0,20000.0,1
b50_lb5_k2_eps0p0025,hierarchical_local_aggregate,shot_proportional,5,qaoa_11_circuit,qaoa,11,circuit,0.0,0.0,0.0,0.0,0.0,100000.0,20000.0,1
b50_lb5_k2_eps0p0025,hierarchical_local_aggregate,shot_proportional,5,qaoa_12_circuit,qaoa,12,circuit,0.0,0.0,0.0,0.0,0.0,100000.0,20000.0,1
b50_lb5_k2_eps0p0025,hierarchical_local_aggregate,shot_proportional,5,qaoa_13_circuit,qaoa,13,circuit,0.0,0.0,0.0,0.0,0.0,100000.0,20000.0,1
b50_lb5_k2_eps0p0025,hierarchical_local_aggregate,shot_proportional,5,qaoa_14_circuit,qaoa,14,circuit,0.0,0.0,0.0,0.0,0.0,100000.0,20000.0,1
b50_lb5_k2_eps0p0025,hierarchical_local_aggregate,shot_proportional,5,qaoa_15_circuit,qaoa,15,circuit,0.0,0.0,0.0,0.0,0.0,100000.0,20000.0,1
b50_lb5_k2_eps0p0025,hierarchical_local_aggregate,shot_proportional,5,qaoa_4_circuit,qaoa,4,circuit,0.012013404255319158,0.012013404255319158,0.012013404255319158,0.8825000000000001,0.8825000000000001,11750.0,2350.0,1
b50_lb5_k2_eps0p0025,hierarchical_local_aggregate,shot_proportional,5,qaoa_5_circuit,qaoa,5,circuit,0.01005612244897959,0.01005612244897959,0.01005612244897959,0.755,0.755,24500.0,4900.0,1
b50_lb5_k2_eps0p0025,hierarchical_local_aggregate,shot_proportional,5,qaoa_6_circuit,qaoa,6,circuit,0.011592000000000022,0.011592000000000022,0.011592000000000022,0.6875,0.6875,31250.0,6250.0,1
b50_lb5_k2_eps0p0025,hierarchical_local_aggregate,shot_proportional,5,qaoa_7_circuit,qaoa,7,circuit,0.009836231884057975,0.009836231884057975,0.009836231884057975,0.48250000000000004,0.48250000000000004,51750.0,10350.0,1
b50_lb5_k2_eps0p0025,hierarchical_local_aggregate,shot_proportional,5,qaoa_8_circuit,qaoa,8,circuit,0.011108373983739848,0.011108373983739848,0.011108373983739848,0.385,0.385,61500.0,12300.0,1
b50_lb5_k2_eps0p0025,hierarchical_local_aggregate,shot_proportional,5,qaoa_9_circuit,qaoa,9,circuit,0.009290490797545996,0.009290490797545996,0.009290490797545996,0.18500000000000005,0.18500000000000005,81500.0,16300.0,1
b50_lb5_k2_eps0p0025,hierarchical_local_aggregate,shot_proportional,5,qft_10_circuit,qft,10,circuit,0.0,0.0,0.0,0.0,0.0,100000.0,20000.0,1
b50_lb5_k2_eps0p0025,hierarchical_local_aggregate,shot_proportional,5,qft_11_circuit,qft,11,circuit,0.0,0.0,0.0,0.0,0.0,100000.0,20000.0,1
b50_lb5_k2_eps0p0025,hierarchical_local_aggregate,shot_proportional,5,qft_12_circuit,qft,12,circuit,0.0,0.0,0.0,0.0,0.0,100000.0,20000.0,1
b50_lb5_k2_eps0p0025,hierarchical_local_aggregate,shot_proportional,5,qft_13_circuit,qft,13,circuit,0.0,0.0,0.0,0.0,0.0,100000.0,20000.0,1
b50_lb5_k2_eps0p0025,hierarchical_local_aggregate,shot_proportional,5,qft_14_circuit,qft,14,circuit,0.0,0.0,0.0,0.0,0.0,100000.0,20000.0,1
b50_lb5_k2_eps0p0025,hierarchical_local_aggregate,shot_proportional,5,qft_15_circuit,qft,15,circuit,0.0,0.0,0.0,0.0,0.0,100000.0,20000.0,1
b50_lb5_k2_eps0p0025,hierarchical_local_aggregate,shot_proportional,5,qft_4_circuit,qft,4,circuit,0.015555555555555576,0.015555555555555576,0.015555555555555576,0.8200000000000001,0.8200000000000001,18000.0,3600.0,1
b50_lb5_k2_eps0p0025,hierarchical_local_aggregate,shot_proportional,5,qft_5_circuit,qft,5,circuit,0.009659491525423723,0.009659491525423723,0.009659491525423723,0.7050000000000001,0.7050000000000001,29500.0,5900.0,1
b50_lb5_k2_eps0p0025,hierarchical_local_aggregate,shot_proportional,5,qft_6_circuit,qft,6,circuit,0.013553333333333332,0.013553333333333332,0.013553333333333332,0.625,0.625,37500.0,7500.0,1
b50_lb5_k2_eps0p0025,hierarchical_local_aggregate,shot_proportional,5,qft_7_circuit,qft,7,circuit,0.011854279475982527,0.011854279475982527,0.011854279475982527,0.4275,0.4275,57250.0,11450.0,1
b50_lb5_k2_eps0p0025,hierarchical_local_aggregate,shot_proportional,5,qft_8_circuit,qft,8,circuit,0.009000895522388058,0.009000895522388058,0.009000895522388058,0.16249999999999998,0.16249999999999998,83750.0,16750.0,1
b50_lb5_k2_eps0p0025,hierarchical_local_aggregate,shot_proportional,5,qft_9_circuit,qft,9,circuit,0.0,0.0,0.0,0.0,0.0,100000.0,20000.0,1
b50_lb5_k2_eps0p0025,hierarchical_local_aggregate,shot_proportional,5,qnn_10_circuit,qnn,10,circuit,0.0,0.0,0.0,0.0,0.0,100000.0,20000.0,1
b50_lb5_k2_eps0p0025,hierarchical_local_aggregate,shot_proportional,5,qnn_11_circuit,qnn,11,circuit,0.0,0.0,0.0,0.0,0.0,100000.0,20000.0,1
b50_lb5_k2_eps0p0025,hierarchical_local_aggregate,shot_proportional,5,qnn_12_circuit,qnn,12,circuit,0.0,0.0,0.0,0.0,0.0,100000.0,20000.0,1
b50_lb5_k2_eps0p0025,hierarchical_local_aggregate,shot_proportional,5,qnn_13_circuit,qnn,13,circuit,0.0,0.0,0.0,0.0,0.0,100000.0,20000.0,1
b50_lb5_k2_eps0p0025,hierarchical_local_aggregate,shot_proportional,5,qnn_14_circuit,qnn,14,circuit,0.0,0.0,0.0,0.0,0.0,100000.0,20000.0,1
b50_lb5_k2_eps0p0025,hierarchical_local_aggregate,shot_proportional,5,qnn_15_circuit,qnn,15,circuit,0.0,0.0,0.0,0.0,0.0,100000.0,20000.0,1
b50_lb5_k2_eps0p0025,hierarchical_local_aggregate,shot_proportional,5,qnn_4_circuit,qnn,4,circuit,0.0101144155844156,0.0101144155844156,0.0101144155844156,0.8075,0.8075,19250.0,3850.0,1
b50_lb5_k2_eps0p0025,hierarchical_local_aggregate,shot_proportional,5,qnn_5_circuit,qnn,5,circuit,0.012456666666666647,0.012456666666666647,0.012456666666666647,0.76,0.76,24000.0,4800.0,1
b50_lb5_k2_eps0p0025,hierarchical_local_aggregate,shot_proportional,5,qnn_6_circuit,qnn,6,circuit,0.013243661971831001,0.013243661971831001,0.013243661971831001,0.645,0.645,35500.0,7100.0,1
b50_lb5_k2_eps0p0025,hierarchical_local_aggregate,shot_proportional,5,qnn_7_circuit,qnn,7,circuit,0.009501138211382118,0.009501138211382118,0.009501138211382118,0.385,0.385,61500.0,12300.0,1
b50_lb5_k2_eps0p0025,hierarchical_local_aggregate,shot_proportional,5,qnn_8_circuit,qnn,8,circuit,0.0072641379310344825,0.0072641379310344825,0.0072641379310344825,0.13,0.13,87000.0,17400.0,1
b50_lb5_k2_eps0p0025,hierarchical_local_aggregate,shot_proportional,5,qnn_9_circuit,qnn,9,circuit,0.0,0.0,0.0,0.0,0.0,100000.0,20000.0,1
b50_lb5_k2_eps0p0025,hierarchical_local_aggregate,shot_proportional,5,random_10_circuit,random,10,circuit,0.0,0.0,0.0,0.0,0.0,100000.0,20000.0,1
b50_lb5_k2_eps0p0025,hierarchical_local_aggregate,shot_proportional,5,random_11_circuit,random,11,circuit,0.0,0.0,0.0,0.0,0.0,100000.0,20000.0,1
b50_lb5_k2_eps0p0025,hierarchical_local_aggregate,shot_proportional,5,random_12_circuit,random,12,circuit,0.0,0.0,0.0,0.0,0.0,100000.0,20000.0,1
b50_lb5_k2_eps0p0025,hierarchical_local_aggregate,shot_proportional,5,random_13_circuit,random,13,circuit,0.0,0.0,0.0,0.0,0.0,100000.0,20000.0,1
b50_lb5_k2_eps0p0025,hierarchical_local_aggregate,shot_proportional,5,random_14_circuit,random,14,circuit,0.0,0.0,0.0,0.0,0.0,100000.0,20000.0,1
b50_lb5_k2_eps0p0025,hierarchical_local_aggregate,shot_proportional,5,random_15_circuit,random,15,circuit,0.0,0.0,0.0,0.0,0.0,100000.0,20000.0,1
b50_lb5_k2_eps0p0025,hierarchical_local_aggregate,shot_proportional,5,random_4_circuit,random,4,circuit,0.006626666666666701,0.006626666666666701,0.006626666666666701,0.85,0.85,15000.0,3000.0,1
b50_lb5_k2_eps0p0025,hierarchical_local_aggregate,shot_proportional,5,random_5_circuit,random,5,circuit,0.009314494382022455,0.009314494382022455,0.009314494382022455,0.7775,0.7775,22250.0,4450.0,1
b50_lb5_k2_eps0p0025,hierarchical_local_aggregate,shot_proportional,5,random_6_circuit,random,6,circuit,0.009688139534883716,0.009688139534883716,0.009688139534883716,0.5700000000000001,0.5700000000000001,43000.0,8600.0,1
b50_lb5_k2_eps0p0025,hierarchical_local_aggregate,shot_proportional,5,random_7_circuit,random,7,circuit,0.009576814159292029,0.009576814159292029,0.009576814159292029,0.43500000000000005,0.43500000000000005,56500.0,11300.0,1
b50_lb5_k2_eps0p0025,hierarchical_local_aggregate,shot_proportional,5,random_8_circuit,random,8,circuit,0.008650120481927717,0.008650120481927717,0.008650120481927717,0.17000000000000004,0.17000000000000004,83000.0,16600.0,1
b50_lb5_k2_eps0p0025,hierarchical_local_aggregate,shot_proportional,5,random_9_circuit,random,9,circuit,0.0,0.0,0.0,0.0,0.0,100000.0,20000.0,1
b50_lb5_k2_eps0p0025,hierarchical_local_aggregate,shot_proportional,5,vqe_10_circuit,vqe,10,circuit,0.015201376146788891,0.015201376146788891,0.015201376146788891,0.7275,0.7275,27250.0,5450.0,1
b50_lb5_k2_eps0p0025,hierarchical_local_aggregate,shot_proportional,5,vqe_11_circuit,vqe,11,circuit,0.016540270270270413,0.016540270270270413,0.016540270270270413,0.7224999999999999,0.7224999999999999,27750.0,5550.0,1
b50_lb5_k2_eps0p0025,hierarchical_local_aggregate,shot_proportional,5,vqe_12_circuit,vqe,12,circuit,0.014780802919707898,0.014780802919707898,0.014780802919707898,0.6575,0.6575,34250.0,6850.0,1
b50_lb5_k2_eps0p0025,hierarchical_local_aggregate,shot_proportional,5,vqe_13_circuit,vqe,13,circuit,0.014751030368763548,0.014751030368763548,0.014751030368763548,0.5389999999999999,0.5325,46100.0,9350.0,1
b50_lb5_k2_eps0p0025,hierarchical_local_aggregate,shot_proportional,5,vqe_14_circuit,vqe,14,circuit,0.015250371287128438,0.015250371287128438,0.015250371287128438,0.394,0.39249999999999996,60600.0,12150.0,1
b50_lb5_k2_eps0p0025,hierarchical_local_aggregate,shot_proportional,5,vqe_15_circuit,vqe,15,circuit,0.01591443037974693,0.01591443037974693,0.01591443037974693,0.4075,0.4075,59250.0,11850.0,1
b50_lb5_k2_eps0p0025,hierarchical_local_aggregate,shot_proportional,5,vqe_4_circuit,vqe,4,circuit,0.004272222222222246,0.004272222222222246,0.004272222222222246,0.955,0.955,4500.0,900.0,1
b50_lb5_k2_eps0p0025,hierarchical_local_aggregate,shot_proportional,5,vqe_5_circuit,vqe,5,circuit,0.010196842105263094,0.010196842105263094,0.010196842105263094,0.905,0.905,9500.0,1900.0,1
b50_lb5_k2_eps0p0025,hierarchical_local_aggregate,shot_proportional,5,vqe_6_circuit,vqe,6,circuit,0.004582065217391252,0.004582065217391252,0.004582065217391252,0.908,0.905,9200.0,1900.0,1
b50_lb5_k2_eps0p0025,hierarchical_local_aggregate,shot_proportional,5,vqe_7_circuit,vqe,7,circuit,0.012231111111111082,0.012231111111111082,0.012231111111111082,0.8875,0.8875,11250.0,2250.0,1
b50_lb5_k2_eps0p0025,hierarchical_local_aggregate,shot_proportional,5,vqe_8_circuit,vqe,8,circuit,0.008812921348314639,0.008812921348314639,0.008812921348314639,0.7775,0.7775,22250.0,4450.0,1
b50_lb5_k2_eps0p0025,hierarchical_local_aggregate,shot_proportional,5,vqe_9_circuit,vqe,9,circuit,0.010071707317073141,0.010071707317073141,0.010071707317073141,0.795,0.795,20500.0,4100.0,1
b50_lb5_k2_eps0p0025,hierarchical_local_aggregate,uniform,1,dj_10_circuit,dj,10,circuit,0.014354644808743234,0.01730949685534596,0.017799371069182453,0.6025,0.6025,7950.0,7950.0,5
b50_lb5_k2_eps0p0025,hierarchical_local_aggregate,uniform,1,dj_11_circuit,dj,11,circuit,0.013675837320574166,0.017057145581691087,0.017657692307692353,0.48,0.48,10400.0,10400.0,5
b50_lb5_k2_eps0p0025,hierarchical_local_aggregate,uniform,1,dj_12_circuit,dj,12,circuit,0.01617272727272731,0.017745191760401176,0.01811914893617025,0.4125,0.4125,11750.0,11750.0,5
b50_lb5_k2_eps0p0025,hierarchical_local_aggregate,uniform,1,dj_13_circuit,dj,13,circuit,0.017601162790697702,0.018326928092654304,0.01843091286307062,0.39749999999999996,0.39749999999999996,12050.0,12050.0,5
b50_lb5_k2_eps0p0025,hierarchical_local_aggregate,uniform,1,dj_14_circuit,dj,14,circuit,0.015445296167247562,0.019148183846773664,0.019911085972850646,0.2825,0.2825,14350.0,14350.0,5
b50_lb5_k2_eps0p0025,hierarchical_local_aggregate,uniform,1,dj_15_circuit,dj,15,circuit,0.013638343558282175,0.01724260838663828,0.017562189054726413,0.18500000000000005,0.18500000000000005,16300.0,16300.0,5
b50_lb5_k2_eps0p0025,hierarchical_local_aggregate,uniform,1,dj_4_circuit,dj,4,circuit,0.006033783783783786,0.007393450292397641,0.007697368421052611,0.92,0.92,1600.0,1600.0,5
b50_lb5_k2_eps0p0025,hierarchical_local_aggregate,uniform,1,dj_5_circuit,dj,5,circuit,0.0066500000000000075,0.00855038277511964,0.008663636363636392,0.88,0.88,2400.0,2400.0,5
b50_lb5_k2_eps0p0025,hierarchical_local_aggregate,uniform,1,dj_6_circuit,dj,6,circuit,0.008900000000000016,0.014930524876981956,0.015537096774193546,0.845,0.845,3100.0,3100.0,5
b50_lb5_k2_eps0p0025,hierarchical_local_aggregate,uniform,1,dj_7_circuit,dj,7,circuit,0.011137864077669882,0.014313083853083863,0.014985585585585597,0.7725,0.7725,4550.0,4550.0,5
b50_lb5_k2_eps0p0025,hierarchical_local_aggregate,uniform,1,dj_8_circuit,dj,8,circuit,0.010581751824817532,0.018252538636783458,0.01850963302752295,0.7275,0.7275,5450.0,5450.0,5
b50_lb5_k2_eps0p0025,hierarchical_local_aggregate,uniform,1,dj_9_circuit,dj,9,circuit,0.013882748538011722,0.016321727140783737,0.016737735849056586,0.6025,0.6025,7950.0,7950.0,5
b50_lb5_k2_eps0p0025,hierarchical_local_aggregate,uniform,1,qaoa_10_circuit,qaoa,10,circuit,0.0,0.0,0.0,0.0,0.0,20000.0,20000.0,5
b50_lb5_k2_eps0p0025,hierarchical_local_aggregate,uniform,1,qaoa_11_circuit,qaoa,11,circuit,0.0,0.0,0.0,0.0,0.0,20000.0,20000.0,5
b50_lb5_k2_eps0p0025,hierarchical_local_aggregate,uniform,1,qaoa_12_circuit,qaoa,12,circuit,0.0,0.0,0.0,0.0,0.0,20000.0,20000.0,5
b50_lb5_k2_eps0p0025,hierarchical_local_aggregate,uniform,1,qaoa_13_circuit,qaoa,13,circuit,0.0,0.0,0.0,0.0,0.0,20000.0,20000.0,5
b50_lb5_k2_eps0p0025,hierarchical_local_aggregate,uniform,1,qaoa_14_circuit,qaoa,14,circuit,0.0,0.0,0.0,0.0,0.0,20000.0,20000.0,5
b50_lb5_k2_eps0p0025,hierarchical_local_aggregate,uniform,1,qaoa_15_circuit,qaoa,15,circuit,0.0,0.0,0.0,0.0,0.0,20000.0,20000.0,5
b50_lb5_k2_eps0p0025,hierarchical_local_aggregate,uniform,1,qaoa_4_circuit,qaoa,4,circuit,0.011933333333333348,0.015659369369369357,0.01573333333333332,0.775,0.775,4500.0,4500.0,5
b50_lb5_k2_eps0p0025,hierarchical_local_aggregate,uniform,1,qaoa_5_circuit,qaoa,5,circuit,0.013404166666666663,0.015785502273996655,0.01613278145695365,0.585,0.585,8300.0,8300.0,5
b50_lb5_k2_eps0p0025,hierarchical_local_aggregate,uniform,1,qaoa_6_circuit,qaoa,6,circuit,0.010798630136986303,0.01302153538384597,0.01356451612903227,0.27,0.27,14600.0,14600.0,5
b50_lb5_k2_eps0p0025,hierarchical_local_aggregate,uniform,1,qaoa_7_circuit,qaoa,7,circuit,0.0,0.007250842984899578,0.0074214484679665784,0.0,0.0,20000.0,20000.0,5
b50_lb5_k2_eps0p0025,hierarchical_local_aggregate,uniform,1,qaoa_8_circuit,qaoa,8,circuit,0.0,0.0,0.0,0.0,0.0,20000.0,20000.0,5
b50_lb5_k2_eps0p0025,hierarchical_local_aggregate,uniform,1,qaoa_9_circuit,qaoa,9,circuit,0.0,0.0,0.0,0.0,0.0,20000.0,20000.0,5
b50_lb5_k2_eps0p0025,hierarchical_local_aggregate,uniform,1,qft_10_circuit,qft,10,circuit,0.0,0.0,0.0,0.0,0.0,20000.0,20000.0,5
b50_lb5_k2_eps0p0025,hierarchical_local_aggregate,uniform,1,qft_11_circuit,qft,11,circuit,0.0,0.0,0.0,0.0,0.0,20000.0,20000.0,5
b50_lb5_k2_eps0p0025,hierarchical_local_aggregate,uniform,1,qft_12_circuit,qft,12,circuit,0.0,0.0,0.0,0.0,0.0,20000.0,20000.0,5
b50_lb5_k2_eps0p0025,hierarchical_local_aggregate,uniform,1,qft_13_circuit,qft,13,circuit,0.0,0.0,0.0,0.0,0.0,20000.0,20000.0,5
b50_lb5_k2_eps0p0025,hierarchical_local_aggregate,uniform,1,qft_14_circuit,qft,14,circuit,0.0,0.0,0.0,0.0,0.0,20000.0,20000.0,5
b50_lb5_k2_eps0p0025,hierarchical_local_aggregate,uniform,1,qft_15_circuit,qft,15,circuit,0.0,0.0,0.0,0.0,0.0,20000.0,20000.0,5
b50_lb5_k2_eps0p0025,hierarchical_local_aggregate,uniform,1,qft_4_circuit,qft,4,circuit,0.013286363636363655,0.014723665262068456,0.01507155688622755,0.5825,0.5825,8350.0,8350.0,5
b50_lb5_k2_eps0p0025,hierarchical_local_aggregate,uniform,1,qft_5_circuit,qft,5,circuit,0.012215447154471547,0.015043536749419101,0.015381447963800901,0.38,0.38,12400.0,12400.0,5
b50_lb5_k2_eps0p0025,hierarchical_local_aggregate,uniform,1,qft_6_circuit,qft,6,circuit,0.008364942528735634,0.008737663207342875,0.008760662824207496,0.13,0.13,17400.0,17400.0,5
b50_lb5_k2_eps0p0025,hierarchical_local_aggregate,uniform,1,qft_7_circuit,qft,7,circuit,0.0,0.0,0.0,0.0,0.0,20000.0,20000.0,5
b50_lb5_k2_eps0p0025,hierarchical_local_aggregate,uniform,1,qft_8_circuit,qft,8,circuit,0.0,0.0,0.0,0.0,0.0,20000.0,20000.0,5
b50_lb5_k2_eps0p0025,hierarchical_local_aggregate,uniform,1,qft_9_circuit,qft,9,circuit,0.0,0.0,0.0,0.0,0.0,20000.0,20000.0,5
b50_lb5_k2_eps0p0025,hierarchical_local_aggregate,uniform,1,qnn_10_circuit,qnn,10,circuit,0.0,0.0,0.0,0.0,0.0,20000.0,20000.0,5
b50_lb5_k2_eps0p0025,hierarchical_local_aggregate,uniform,1,qnn_11_circuit,qnn,11,circuit,0.0,0.0,0.0,0.0,0.0,20000.0,20000.0,5
b50_lb5_k2_eps0p0025,hierarchical_local_aggregate,uniform,1,qnn_12_circuit,qnn,12,circuit,0.0,0.0,0.0,0.0,0.0,20000.0,20000.0,5
b50_lb5_k2_eps0p0025,hierarchical_local_aggregate,uniform,1,qnn_13_circuit,qnn,13,circuit,0.0,0.0,0.0,0.0,0.0,20000.0,20000.0,5
b50_lb5_k2_eps0p0025,hierarchical_local_aggregate,uniform,1,qnn_14_circuit,qnn,14,circuit,0.0,0.0,0.0,0.0,0.0,20000.0,20000.0,5
b50_lb5_k2_eps0p0025,hierarchical_local_aggregate,uniform,1,qnn_15_circuit,qnn,15,circuit,0.0,0.0,0.0,0.0,0.0,20000.0,20000.0,5
b50_lb5_k2_eps0p0025,hierarchical_local_aggregate,uniform,1,qnn_4_circuit,qnn,4,circuit,0.01573111888111888,0.017445113519322906,0.017554014598540134,0.6575,0.6575,6850.0,6850.0,5
b50_lb5_k2_eps0p0025,hierarchical_local_aggregate,uniform,1,qnn_5_circuit,qnn,5,circuit,0.012733333333333324,0.014437704564870186,0.014766396761133605,0.41000000000000003,0.41000000000000003,11800.0,11800.0,5
b50_lb5_k2_eps0p0025,hierarchical_local_aggregate,uniform,1,qnn_6_circuit,qnn,6,circuit,0.00909242424242425,0.012296783216783225,0.012740209790209798,0.19499999999999995,0.19499999999999995,16100.0,16100.0,5
b50_lb5_k2_eps0p0025,hierarchical_local_aggregate,uniform,1,qnn_7_circuit,qnn,7,circuit,0.0,0.0,0.0,0.0,0.0,20000.0,20000.0,5
b50_lb5_k2_eps0p0025,hierarchical_local_aggregate,uniform,1,qnn_8_circuit,qnn,8,circuit,0.0,0.0,0.0,0.0,0.0,20000.0,20000.0,5
b50_lb5_k2_eps0p0025,hierarchical_local_aggregate,uniform,1,qnn_9_circuit,qnn,9,circuit,0.0,0.0,0.0,0.0,0.0,20000.0,20000.0,5
b50_lb5_k2_eps0p0025,hierarchical_local_aggregate,uniform,1,random_10_circuit,random,10,circuit,0.0,0.0,0.0,0.0,0.0,20000.0,20000.0,5
b50_lb5_k2_eps0p0025,hierarchical_local_aggregate,uniform,1,random_11_circuit,random,11,circuit,0.0,0.0,0.0,0.0,0.0,20000.0,20000.0,5
b50_lb5_k2_eps0p0025,hierarchical_local_aggregate,uniform,1,random_12_circuit,random,12,circuit,0.0,0.0,0.0,0.0,0.0,20000.0,20000.0,5
b50_lb5_k2_eps0p0025,hierarchical_local_aggregate,uniform,1,random_13_circuit,random,13,circuit,0.0,0.0,0.0,0.0,0.0,20000.0,20000.0,5
b50_lb5_k2_eps0p0025,hierarchical_local_aggregate,uniform,1,random_14_circuit,random,14,circuit,0.0,0.0,0.0,0.0,0.0,20000.0,20000.0,5
b50_lb5_k2_eps0p0025,hierarchical_local_aggregate,uniform,1,random_15_circuit,random,15,circuit,0.0,0.0,0.0,0.0,0.0,20000.0,20000.0,5
b50_lb5_k2_eps0p0025,hierarchical_local_aggregate,uniform,1,random_4_circuit,random,4,circuit,0.010995454545454569,0.014819369369369378,0.015350000000000011,0.6825,0.6825,6350.0,6350.0,5
b50_lb5_k2_eps0p0025,hierarchical_local_aggregate,uniform,1,random_5_circuit,random,5,circuit,0.011512130177514778,0.01364114742193173,0.013828395061728387,0.5775,0.5775,8450.0,8450.0,5
b50_lb5_k2_eps0p0025,hierarchical_local_aggregate,uniform,1,random_6_circuit,random,6,circuit,0.00913095238095238,0.011042893432854552,0.011155369127516787,0.19499999999999995,0.19499999999999995,16100.0,16100.0,5
b50_lb5_k2_eps0p0025,hierarchical_local_aggregate,uniform,1,random_7_circuit,random,7,circuit,0.0,0.0,0.0,0.0,0.0,20000.0,20000.0,5
b50_lb5_k2_eps0p0025,hierarchical_local_aggregate,uniform,1,random_8_circuit,random,8,circuit,0.0,0.0,0.0,0.0,0.0,20000.0,20000.0,5
b50_lb5_k2_eps0p0025,hierarchical_local_aggregate,uniform,1,random_9_circuit,random,9,circuit,0.0,0.0,0.0,0.0,0.0,20000.0,20000.0,5
b50_lb5_k2_eps0p0025,hierarchical_local_aggregate,uniform,1,vqe_10_circuit,vqe,10,circuit,0.017350000000000088,0.021091515637530117,0.02186206896551728,0.5,0.5,10000.0,10000.0,5
b50_lb5_k2_eps0p0025,hierarchical_local_aggregate,uniform,1,vqe_11_circuit,vqe,11,circuit,0.014976991150442466,0.018357234042553176,0.018434042553191463,0.43500000000000005,0.43500000000000005,11300.0,11300.0,5
b50_lb5_k2_eps0p0025,hierarchical_local_aggregate,uniform,1,vqe_12_circuit,vqe,12,circuit,0.015366788321167977,0.019295351141749278,0.020063507109004782,0.47250000000000003,0.47250000000000003,10550.0,10550.0,5
b50_lb5_k2_eps0p0025,hierarchical_local_aggregate,uniform,1,vqe_13_circuit,vqe,13,circuit,0.010098882681564256,0.019523434753211766,0.020461764705882506,0.10499999999999998,0.10499999999999998,17900.0,17900.0,5
b50_lb5_k2_eps0p0025,hierarchical_local_aggregate,uniform,1,vqe_14_circuit,vqe,14,circuit,0.0,0.017224392614188632,0.018683333333333434,0.0,0.0,20000.0,20000.0,5
b50_lb5_k2_eps0p0025,hierarchical_local_aggregate,uniform,1,vqe_15_circuit,vqe,15,circuit,0.0,0.01309117903604576,0.015205035971223016,0.0,0.0,20000.0,20000.0,5
b50_lb5_k2_eps0p0025,hierarchical_local_aggregate,uniform,1,vqe_4_circuit,vqe,4,circuit,0.006288235294117608,0.010405588972431098,0.010942105263157921,0.905,0.905,1900.0,1900.0,5
b50_lb5_k2_eps0p0025,hierarchical_local_aggregate,uniform,1,vqe_5_circuit,vqe,5,circuit,0.011348101265822797,0.015283492063492074,0.016165079365079382,0.825,0.825,3500.0,3500.0,5
b50_lb5_k2_eps0p0025,hierarchical_local_aggregate,uniform,1,vqe_6_circuit,vqe,6,circuit,0.010297368421052661,0.014604357398873523,0.015637301587301575,0.845,0.845,3100.0,3100.0,5
b50_lb5_k2_eps0p0025,hierarchical_local_aggregate,uniform,1,vqe_7_circuit,vqe,7,circuit,0.012683027522935804,0.014810000000000025,0.015316666666666685,0.73,0.73,5400.0,5400.0,5
b50_lb5_k2_eps0p0025,hierarchical_local_aggregate,uniform,1,vqe_8_circuit,vqe,8,circuit,0.015262189054726373,0.01778658791419679,0.018078625954198492,0.6575,0.6575,6850.0,6850.0,5
b50_lb5_k2_eps0p0025,hierarchical_local_aggregate,uniform,1,vqe_9_circuit,vqe,9,circuit,0.016044134078212303,0.01833496855345914,0.018883333333333353,0.6025,0.6025,7950.0,7950.0,5
b50_lb5_k2_eps0p0025,hierarchical_local_aggregate,uniform,2,dj_10_circuit,dj,10,circuit,0.014113416075650146,0.01634291666666666,0.01642954545454546,0.68375,0.68375,12650.0,6325.0,10
b50_lb5_k2_eps0p0025,hierarchical_local_aggregate,uniform,2,dj_11_circuit,dj,11,circuit,0.014710365978327582,0.015903264650189323,0.01635948275862068,0.623125,0.62,15075.0,7600.0,10
b50_lb5_k2_eps0p0025,hierarchical_local_aggregate,uniform,2,dj_12_circuit,dj,12,circuit,0.016221434208673675,0.017734145010347997,0.01786495215310999,0.6212500000000001,0.615,15150.0,7700.0,10
b50_lb5_k2_eps0p0025,hierarchical_local_aggregate,uniform,2,dj_13_circuit,dj,13,circuit,0.01604864827100192,0.018679130627436934,0.019351666075859524,0.5525,0.55,17900.0,9000.0,10
b50_lb5_k2_eps0p0025,hierarchical_local_aggregate,uniform,2,dj_14_circuit,dj,14,circuit,0.017098667512690333,0.019324526973553545,0.019390334561326293,0.465625,0.46375,21375.0,10725.0,10
b50_lb5_k2_eps0p0025,hierarchical_local_aggregate,uniform,2,dj_15_circuit,dj,15,circuit,0.01722482229280093,0.021375258286489267,0.02150422077922037,0.43312500000000004,0.4225,22675.0,11550.0,10
b50_lb5_k2_eps0p0025,hierarchical_local_aggregate,uniform,2,dj_4_circuit,dj,4,circuit,0.00521011904761904,0.00851875,0.009849999999999939,0.9475,0.9475,2100.0,1050.0,10
b50_lb5_k2_eps0p0025,hierarchical_local_aggregate,uniform,2,dj_5_circuit,dj,5,circuit,0.0056914898132427675,0.007397884615384646,0.0076211538461538764,0.90625,0.90625,3750.0,1875.0,10
b50_lb5_k2_eps0p0025,hierarchical_local_aggregate,uniform,2,dj_6_circuit,dj,6,circuit,0.008305182926829252,0.009853214285714288,0.010524999999999998,0.87625,0.8725,4950.0,2550.0,10
b50_lb5_k2_eps0p0025,hierarchical_local_aggregate,uniform,2,dj_7_circuit,dj,7,circuit,0.009487896324354664,0.012673527397260262,0.013175000000000006,0.835,0.8262499999999999,6600.0,3475.0,10
b50_lb5_k2_eps0p0025,hierarchical_local_aggregate,uniform,2,dj_8_circuit,dj,8,circuit,0.010736111111111127,0.013374712885154051,0.014323809523809518,0.7725,0.7725,9100.0,4550.0,10
b50_lb5_k2_eps0p0025,hierarchical_local_aggregate,uniform,2,dj_9_circuit,dj,9,circuit,0.012152491492464786,0.01385493990384613,0.014140625,0.734375,0.72875,10625.0,5425.0,10
b50_lb5_k2_eps0p0025,hierarchical_local_aggregate,uniform,2,qaoa_10_circuit,qaoa,10,circuit,0.0,0.0,0.0,0.0,0.0,40000.0,20000.0,10
b50_lb5_k2_eps0p0025,hierarchical_local_aggregate,uniform,2,qaoa_11_circuit,qaoa,11,circuit,0.0,0.0,0.0,0.0,0.0,40000.0,20000.0,10
b50_lb5_k2_eps0p0025,hierarchical_local_aggregate,uniform,2,qaoa_12_circuit,qaoa,12,circuit,0.0,0.0,0.0,0.0,0.0,40000.0,20000.0,10
b50_lb5_k2_eps0p0025,hierarchical_local_aggregate,uniform,2,qaoa_13_circuit,qaoa,13,circuit,0.0,0.0,0.0,0.0,0.0,40000.0,20000.0,10
b50_lb5_k2_eps0p0025,hierarchical_local_aggregate,uniform,2,qaoa_14_circuit,qaoa,14,circuit,0.0,0.0,0.0,0.0,0.0,40000.0,20000.0,10
b50_lb5_k2_eps0p0025,hierarchical_local_aggregate,uniform,2,qaoa_15_circuit,qaoa,15,circuit,0.0,0.0,0.0,0.0,0.0,40000.0,20000.0,10
b50_lb5_k2_eps0p0025,hierarchical_local_aggregate,uniform,2,qaoa_4_circuit,qaoa,4,circuit,0.010811104948231811,0.013225757020756996,0.013967460317460314,0.8456250000000001,0.845,6175.0,3100.0,10
b50_lb5_k2_eps0p0025,hierarchical_local_aggregate,uniform,2,qaoa_5_circuit,qaoa,5,circuit,0.0127315476190476,0.014660216090425515,0.01522340425531913,0.67125,0.67125,13150.0,6575.0,10
b50_lb5_k2_eps0p0025,hierarchical_local_aggregate,uniform,2,qaoa_6_circuit,qaoa,6,circuit,0.011866366832092653,0.014409541420118332,0.014918181818181813,0.51,0.51,19600.0,9800.0,10
b50_lb5_k2_eps0p0025,hierarchical_local_aggregate,uniform,2,qaoa_7_circuit,qaoa,7,circuit,0.009827619080179251,0.012092705602641175,0.012538356164383568,0.22875,0.22875,30850.0,15425.0,10
b50_lb5_k2_eps0p0025,hierarchical_local_aggregate,uniform,2,qaoa_8_circuit,qaoa,8,circuit,0.0067593806921675955,0.009265756027760873,0.009326183431952649,0.09249999999999997,0.09249999999999997,36300.0,18150.0,10
b50_lb5_k2_eps0p0025,hierarchical_local_aggregate,uniform,2,qaoa_9_circuit,qaoa,9,circuit,0.0,0.0,0.0,0.0,0.0,40000.0,20000.0,10
b50_lb5_k2_eps0p0025,hierarchical_local_aggregate,uniform,2,qft_10_circuit,qft,10,circuit,0.0,0.0,0.0,0.0,0.0,40000.0,20000.0,10
b50_lb5_k2_eps0p0025,hierarchical_local_aggregate,uniform,2,qft_11_circuit,qft,11,circuit,0.0,0.0,0.0,0.0,0.0,40000.0,20000.0,10
b50_lb5_k2_eps0p0025,hierarchical_local_aggregate,uniform,2,qft_12_circuit,qft,12,circuit,0.0,0.0,0.0,0.0,0.0,40000.0,20000.0,10
b50_lb5_k2_eps0p0025,hierarchical_local_aggregate,uniform,2,qft_13_circuit,qft,13,circuit,0.0,0.0,0.0,0.0,0.0,40000.0,20000.0,10
b50_lb5_k2_eps0p0025,hierarchical_local_aggregate,uniform,2,qft_14_circuit,qft,14,circuit,0.0,0.0,0.0,0.0,0.0,40000.0,20000.0,10
b50_lb5_k2_eps0p0025,hierarchical_local_aggregate,uniform,2,qft_15_circuit,qft,15,circuit,0.0,0.0,0.0,0.0,0.0,40000.0,20000.0,10
b50_lb5_k2_eps0p0025,hierarchical_local_aggregate,uniform,2,qft_4_circuit,qft,4,circuit,0.013186917372881371,0.01773708073727933,0.01888611111111111,0.70875,0.70875,11650.0,5825.0,10
b50_lb5_k2_eps0p0025,hierarchical_local_aggregate,uniform,2,qft_5_circuit,qft,5,circuit,0.012947067901234555,0.014690919312169308,0.014950661375661374,0.56125,0.56125,17550.0,8775.0,10
b50_lb5_k2_eps0p0025,hierarchical_local_aggregate,uniform,2,qft_6_circuit,qft,6,circuit,0.01188659005160074,0.013610893353002428,0.013635820895522382,0.33875,0.33875,26450.0,13225.0,10
b50_lb5_k2_eps0p0025,hierarchical_local_aggregate,uniform,2,qft_7_circuit,qft,7,circuit,0.002839720812182739,0.007455779231360131,0.0077983193277310885,0.015000000000000013,0.015000000000000013,39400.0,19700.0,10
b50_lb5_k2_eps0p0025,hierarchical_local_aggregate,uniform,2,qft_8_circuit,qft,8,circuit,0.0,0.0,0.0,0.0,0.0,40000.0,20000.0,10
b50_lb5_k2_eps0p0025,hierarchical_local_aggregate,uniform,2,qft_9_circuit,qft,9,circuit,0.0,0.0,0.0,0.0,0.0,40000.0,20000.0,10
b50_lb5_k2_eps0p0025,hierarchical_local_aggregate,uniform,2,qnn_10_circuit,qnn,10,circuit,0.0,0.0,0.0,0.0,0.0,40000.0,20000.0,10
b50_lb5_k2_eps0p0025,hierarchical_local_aggregate,uniform,2,qnn_11_circuit,qnn,11,circuit,0.0,0.0,0.0,0.0,0.0,40000.0,20000.0,10
b50_lb5_k2_eps0p0025,hierarchical_local_aggregate,uniform,2,qnn_12_circuit,qnn,12,circuit,0.0,0.0,0.0,0.0,0.0,40000.0,20000.0,10
b50_lb5_k2_eps0p0025,hierarchical_local_aggregate,uniform,2,qnn_13_circuit,qnn,13,circuit,0.0,0.0,0.0,0.0,0.0,40000.0,20000.0,10
b50_lb5_k2_eps0p0025,hierarchical_local_aggregate,uniform,2,qnn_14_circuit,qnn,14,circuit,0.0,0.0,0.0,0.0,0.0,40000.0,20000.0,10
b50_lb5_k2_eps0p0025,hierarchical_local_aggregate,uniform,2,qnn_15_circuit,qnn,15,circuit,0.0,0.0,0.0,0.0,0.0,40000.0,20000.0,10
b50_lb5_k2_eps0p0025,hierarchical_local_aggregate,uniform,2,qnn_4_circuit,qnn,4,circuit,0.011989808665401634,0.014205543394777266,0.014281182795698916,0.7649999999999999,0.7649999999999999,9400.0,4700.0,10
b50_lb5_k2_eps0p0025,hierarchical_local_aggregate,uniform,2,qnn_5_circuit,qnn,5,circuit,0.013180448717948724,0.01619916551066413,0.016463356164383568,0.6074999999999999,0.6074999999999999,15700.0,7850.0,10
b50_lb5_k2_eps0p0025,hierarchical_local_aggregate,uniform,2,qnn_6_circuit,qnn,6,circuit,0.011574999999999988,0.014025488758081617,0.014566279069767422,0.43000000000000005,0.43000000000000005,22800.0,11400.0,10
b50_lb5_k2_eps0p0025,hierarchical_local_aggregate,uniform,2,qnn_7_circuit,qnn,7,circuit,0.0063346075527582375,0.00686376393722174,0.006955710306406688,0.08250000000000002,0.08250000000000002,36700.0,18350.0,10
b50_lb5_k2_eps0p0025,hierarchical_local_aggregate,uniform,2,qnn_8_circuit,qnn,8,circuit,0.0,0.0,0.0,0.0,0.0,40000.0,20000.0,10
b50_lb5_k2_eps0p0025,hierarchical_local_aggregate,uniform,2,qnn_9_circuit,qnn,9,circuit,0.0,0.0,0.0,0.0,0.0,40000.0,20000.0,10
b50_lb5_k2_eps0p0025,hierarchical_local_aggregate,uniform,2,random_10_circuit,random,10,circuit,0.0,0.0,0.0,0.0,0.0,40000.0,20000.0,10
b50_lb5_k2_eps0p0025,hierarchical_local_aggregate,uniform,2,random_11_circuit,random,11,circuit,0.0,0.0,0.0,0.0,0.0,40000.0,20000.0,10
b50_lb5_k2_eps0p0025,hierarchical_local_aggregate,uniform,2,random_12_circuit,random,12,circuit,0.0,0.0,0.0,0.0,0.0,40000.0,20000.0,10
b50_lb5_k2_eps0p0025,hierarchical_local_aggregate,uniform,2,random_13_circuit,random,13,circuit,0.0,0.0,0.0,0.0,0.0,40000.0,20000.0,10
b50_lb5_k2_eps0p0025,hierarchical_local_aggregate,uniform,2,random_14_circuit,random,14,circuit,0.0,0.0,0.0,0.0,0.0,40000.0,20000.0,10
b50_lb5_k2_eps0p0025,hierarchical_local_aggregate,uniform,2,random_15_circuit,random,15,circuit,0.0,0.0,0.0,0.0,0.0,40000.0,20000.0,10
b50_lb5_k2_eps0p0025,hierarchical_local_aggregate,uniform,2,random_4_circuit,random,4,circuit,0.007006129877693635,0.010859973667579528,0.010864893617021264,0.7637499999999999,0.7637499999999999,9450.0,4725.0,10
b50_lb5_k2_eps0p0025,hierarchical_local_aggregate,uniform,2,random_5_circuit,random,5,circuit,0.012805828779599264,0.015117904135338353,0.01639642857142858,0.6875,0.6875,12500.0,6250.0,10
b50_lb5_k2_eps0p0025,hierarchical_local_aggregate,uniform,2,random_6_circuit,random,6,circuit,0.011228206391529483,0.013546613876319754,0.014723039215686273,0.41750000000000004,0.41750000000000004,23300.0,11650.0,10
b50_lb5_k2_eps0p0025,hierarchical_local_aggregate,uniform,2,random_7_circuit,random,7,circuit,0.0068333728892693135,0.010754623459607487,0.011142172523961668,0.10375000000000001,0.10375000000000001,35850.0,17925.0,10
b50_lb5_k2_eps0p0025,hierarchical_local_aggregate,uniform,2,random_8_circuit,random,8,circuit,0.0,0.0,0.0,0.0,0.0,40000.0,20000.0,10
b50_lb5_k2_eps0p0025,hierarchical_local_aggregate,uniform,2,random_9_circuit,random,9,circuit,0.0,0.0,0.0,0.0,0.0,40000.0,20000.0,10
b50_lb5_k2_eps0p0025,hierarchical_local_aggregate,uniform,2,vqe_10_circuit,vqe,10,circuit,0.01691837865505323,0.019236726120590814,0.01931219512195115,0.6375,0.6325000000000001,14500.0,7350.0,10
b50_lb5_k2_eps0p0025,hierarchical_local_aggregate,uniform,2,vqe_11_circuit,vqe,11,circuit,0.0180929403951207,0.021242145568961805,0.021735240747394743,0.61625,0.61625,15350.0,7675.0,10
b50_lb5_k2_eps0p0025,hierarchical_local_aggregate,uniform,2,vqe_12_circuit,vqe,12,circuit,0.01579949616108286,0.01756878545796301,0.018241490088858416,0.55125,0.54875,17950.0,9025.0,10
b50_lb5_k2_eps0p0025,hierarchical_local_aggregate,uniform,2,vqe_13_circuit,vqe,13,circuit,0.01751433643157964,0.018981723400477466,0.01938524033437805,0.406875,0.40499999999999997,23725.0,11900.0,10
b50_lb5_k2_eps0p0025,hierarchical_local_aggregate,uniform,2,vqe_14_circuit,vqe,14,circuit,0.01443153977188542,0.02047520408163239,0.020769387755101777,0.23125,0.23125,30750.0,15375.0,10
b50_lb5_k2_eps0p0025,hierarchical_local_aggregate,uniform,2,vqe_15_circuit,vqe,15,circuit,0.011917742580415936,0.01710351755510579,0.017937605042016806,0.16125,0.16125,33550.0,16775.0,10
b50_lb5_k2_eps0p0025,hierarchical_local_aggregate,uniform,2,vqe_4_circuit,vqe,4,circuit,0.005128169074647394,0.00768062159709615,0.008046052631578907,0.93125,0.9237500000000001,2750.0,1525.0,10
b50_lb5_k2_eps0p0025,hierarchical_local_aggregate,uniform,2,vqe_5_circuit,vqe,5,circuit,0.008298895503099334,0.014311405380333974,0.01562602040816329,0.8518749999999999,0.85,5925.0,3000.0,10
b50_lb5_k2_eps0p0025,hierarchical_local_aggregate,uniform,2,vqe_6_circuit,vqe,6,circuit,0.008846491228070167,0.010581244607420152,0.011364344262295031,0.8600000000000001,0.8600000000000001,5600.0,2800.0,10
b50_lb5_k2_eps0p0025,hierarchical_local_aggregate,uniform,2,vqe_7_circuit,vqe,7,circuit,0.00964069264069272,0.01367749999999996,0.014940909090909024,0.80375,0.8025,7850.0,3950.0,10
b50_lb5_k2_eps0p0025,hierarchical_local_aggregate,uniform,2,vqe_8_circuit,vqe,8,circuit,0.01156775862068965,0.014338148768300465,0.014383624283480974,0.7324999999999999,0.72875,10700.0,5425.0,10
b50_lb5_k2_eps0p0025,hierarchical_local_aggregate,uniform,2,vqe_9_circuit,vqe,9,circuit,0.013066564063641994,0.018528749999999955,0.020449999999999934,0.693125,0.6925,12275.0,6150.0,10
b50_lb5_k2_eps0p0025,hierarchical_local_aggregate,uniform,3,dj_10_circuit,dj,10,circuit,0.013018750894979565,0.01438250700280119,0.014473809523809604,0.7433333333333334,0.74,15400.0,5200.0,10
b50_lb5_k2_eps0p0025,hierarchical_local_aggregate,uniform,3,dj_11_circuit,dj,11,circuit,0.01364065399911633,0.015362337384457433,0.015674803149606377,0.6799999999999999,0.6799999999999999,19200.0,6400.0,10
b50_lb5_k2_eps0p0025,hierarchical_local_aggregate,uniform,3,dj_12_circuit,dj,12,circuit,0.015082772448099139,0.017035533394508633,0.01790774946921443,0.6275,0.62,22350.0,7600.0,10
b50_lb5_k2_eps0p0025,hierarchical_local_aggregate,uniform,3,dj_13_circuit,dj,13,circuit,0.015819097956307322,0.018099895712256214,0.018157490636704028,0.5641666666666667,0.5625,26150.0,8750.0,10
b50_lb5_k2_eps0p0025,hierarchical_local_aggregate,uniform,3,dj_14_circuit,dj,14,circuit,0.016443046545154986,0.01799020415522455,0.01811311336717434,0.5137499999999999,0.5137499999999999,29175.0,9725.0,10
b50_lb5_k2_eps0p0025,hierarchical_local_aggregate,uniform,3,dj_15_circuit,dj,15,circuit,0.017067624343845723,0.01891757548694303,0.01892179089026902,0.4404166666666667,0.42625,33575.0,11475.0,10
b50_lb5_k2_eps0p0025,hierarchical_local_aggregate,uniform,3,dj_4_circuit,dj,4,circuit,0.004765079365079352,0.007389166666666627,0.008266666666666606,0.9512499999999999,0.9512499999999999,2925.0,975.0,10
b50_lb5_k2_eps0p0025,hierarchical_local_aggregate,uniform,3,dj_5_circuit,dj,5,circuit,0.004847619047619042,0.008135833333333347,0.00816666666666667,0.91625,0.91625,5025.0,1675.0,10
b50_lb5_k2_eps0p0025,hierarchical_local_aggregate,uniform,3,dj_6_circuit,dj,6,circuit,0.007206709956709932,0.009453416289592745,0.009991176470588253,0.8841666666666667,0.8787499999999999,6950.0,2425.0,10
b50_lb5_k2_eps0p0025,hierarchical_local_aggregate,uniform,3,dj_7_circuit,dj,7,circuit,0.008380102040816299,0.008851870408973615,0.008852511415525115,0.8483333333333334,0.84125,9100.0,3175.0,10
b50_lb5_k2_eps0p0025,hierarchical_local_aggregate,uniform,3,dj_8_circuit,dj,8,circuit,0.008987659289067747,0.011495555555555592,0.011705555555555603,0.8125,0.8125,11250.0,3750.0,10
b50_lb5_k2_eps0p0025,hierarchical_local_aggregate,uniform,3,dj_9_circuit,dj,9,circuit,0.010903284200082838,0.012614965371469736,0.012917584097859378,0.7424999999999999,0.7424999999999999,15450.0,5150.0,10
b50_lb5_k2_eps0p0025,hierarchical_local_aggregate,uniform,3,qaoa_10_circuit,qaoa,10,circuit,0.0,0.0,0.0,0.0,0.0,60000.0,20000.0,10
b50_lb5_k2_eps0p0025,hierarchical_local_aggregate,uniform,3,qaoa_11_circuit,qaoa,11,circuit,0.0,0.0,0.0,0.0,0.0,60000.0,20000.0,10
b50_lb5_k2_eps0p0025,hierarchical_local_aggregate,uniform,3,qaoa_12_circuit,qaoa,12,circuit,0.0,0.0,0.0,0.0,0.0,60000.0,20000.0,10
b50_lb5_k2_eps0p0025,hierarchical_local_aggregate,uniform,3,qaoa_13_circuit,qaoa,13,circuit,0.0,0.0,0.0,0.0,0.0,60000.0,20000.0,10
b50_lb5_k2_eps0p0025,hierarchical_local_aggregate,uniform,3,qaoa_14_circuit,qaoa,14,circuit,0.0,0.0,0.0,0.0,0.0,60000.0,20000.0,10
b50_lb5_k2_eps0p0025,hierarchical_local_aggregate,uniform,3,qaoa_15_circuit,qaoa,15,circuit,0.0,0.0,0.0,0.0,0.0,60000.0,20000.0,10
b50_lb5_k2_eps0p0025,hierarchical_local_aggregate,uniform,3,qaoa_4_circuit,qaoa,4,circuit,0.01153055555555553,0.014250081699346398,0.014672875816993437,0.86375,0.86375,8175.0,2725.0,10
b50_lb5_k2_eps0p0025,hierarchical_local_aggregate,uniform,3,qaoa_5_circuit,qaoa,5,circuit,0.011009076707606114,0.013942163299663303,0.014464814814814814,0.73875,0.73875,15675.0,5225.0,10
b50_lb5_k2_eps0p0025,hierarchical_local_aggregate,uniform,3,qaoa_6_circuit,qaoa,6,circuit,0.01259228167616558,0.014382136465324392,0.014416666666666678,0.62625,0.62625,22425.0,7475.0,10
b50_lb5_k2_eps0p0025,hierarchical_local_aggregate,uniform,3,qaoa_7_circuit,qaoa,7,circuit,0.011411667555200157,0.012714687463093583,0.012812165963431791,0.385,0.385,36900.0,12300.0,10
b50_lb5_k2_eps0p0025,hierarchical_local_aggregate,uniform,3,qaoa_8_circuit,qaoa,8,circuit,0.010098315487446479,0.010950541237113419,0.011323711340206188,0.2675,0.2675,43950.0,14650.0,10
b50_lb5_k2_eps0p0025,hierarchical_local_aggregate,uniform,3,qaoa_9_circuit,qaoa,9,circuit,0.0017681972789115675,0.005532691559277888,0.005614235190097244,0.010000000000000009,0.010000000000000009,59400.0,19800.0,10
b50_lb5_k2_eps0p0025,hierarchical_local_aggregate,uniform,3,qft_10_circuit,qft,10,circuit,0.0,0.0,0.0,0.0,0.0,60000.0,20000.0,10
b50_lb5_k2_eps0p0025,hierarchical_local_aggregate,uniform,3,qft_11_circuit,qft,11,circuit,0.0,0.0,0.0,0.0,0.0,60000.0,20000.0,10
b50_lb5_k2_eps0p0025,hierarchical_local_aggregate,uniform,3,qft_12_circuit,qft,12,circuit,0.0,0.0,0.0,0.0,0.0,60000.0,20000.0,10
b50_lb5_k2_eps0p0025,hierarchical_local_aggregate,uniform,3,qft_13_circuit,qft,13,circuit,0.0,0.0,0.0,0.0,0.0,60000.0,20000.0,10
b50_lb5_k2_eps0p0025,hierarchical_local_aggregate,uniform,3,qft_14_circuit,qft,14,circuit,0.0,0.0,0.0,0.0,0.0,60000.0,20000.0,10
b50_lb5_k2_eps0p0025,hierarchical_local_aggregate,uniform,3,qft_15_circuit,qft,15,circuit,0.0,0.0,0.0,0.0,0.0,60000.0,20000.0,10
b50_lb5_k2_eps0p0025,hierarchical_local_aggregate,uniform,3,qft_4_circuit,qft,4,circuit,0.011925375738056907,0.015537964576074332,0.015688095238095244,0.7324999999999999,0.7324999999999999,16050.0,5350.0,10
b50_lb5_k2_eps0p0025,hierarchical_local_aggregate,uniform,3,qft_5_circuit,qft,5,circuit,0.012217639902676401,0.013923452223871572,0.014478423772609807,0.635,0.635,21900.0,7300.0,10
b50_lb5_k2_eps0p0025,hierarchical_local_aggregate,uniform,3,qft_6_circuit,qft,6,circuit,0.012405921131487477,0.014000325614263967,0.014135007610350074,0.45625,0.45625,32625.0,10875.0,10
b50_lb5_k2_eps0p0025,hierarchical_local_aggregate,uniform,3,qft_7_circuit,qft,7,circuit,0.008988703839023534,0.009911242450388264,0.00999508196721311,0.1975,0.1975,48150.0,16050.0,10
b50_lb5_k2_eps0p0025,hierarchical_local_aggregate,uniform,3,qft_8_circuit,qft,8,circuit,0.0,0.0,0.0,0.0,0.0,60000.0,20000.0,10
b50_lb5_k2_eps0p0025,hierarchical_local_aggregate,uniform,3,qft_9_circuit,qft,9,circuit,0.0,0.0,0.0,0.0,0.0,60000.0,20000.0,10
b50_lb5_k2_eps0p0025,hierarchical_local_aggregate,uniform,3,qnn_10_circuit,qnn,10,circuit,0.0,0.0,0.0,0.0,0.0,60000.0,20000.0,10
b50_lb5_k2_eps0p0025,hierarchical_local_aggregate,uniform,3,qnn_11_circuit,qnn,11,circuit,0.0,0.0,0.0,0.0,0.0,60000.0,20000.0,10
b50_lb5_k2_eps0p0025,hierarchical_local_aggregate,uniform,3,qnn_12_circuit,qnn,12,circuit,0.0,0.0,0.0,0.0,0.0,60000.0,20000.0,10
b50_lb5_k2_eps0p0025,hierarchical_local_aggregate,uniform,3,qnn_13_circuit,qnn,13,circuit,0.0,0.0,0.0,0.0,0.0,60000.0,20000.0,10
b50_lb5_k2_eps0p0025,hierarchical_local_aggregate,uniform,3,qnn_14_circuit,qnn,14,circuit,0.0,0.0,0.0,0.0,0.0,60000.0,20000.0,10
b50_lb5_k2_eps0p0025,hierarchical_local_aggregate,uniform,3,qnn_15_circuit,qnn,15,circuit,0.0,0.0,0.0,0.0,0.0,60000.0,20000.0,10
b50_lb5_k2_eps0p0025,hierarchical_local_aggregate,uniform,3,qnn_4_circuit,qnn,4,circuit,0.010747057159026602,0.012324973544973535,0.012856349206349184,0.78125,0.78125,13125.0,4375.0,10
b50_lb5_k2_eps0p0025,hierarchical_local_aggregate,uniform,3,qnn_5_circuit,qnn,5,circuit,0.012076558051249627,0.013612337299660037,0.014065517241379322,0.645,0.645,21300.0,7100.0,10
b50_lb5_k2_eps0p0025,hierarchical_local_aggregate,uniform,3,qnn_6_circuit,qnn,6,circuit,0.011230723158828747,0.012966041591356392,0.013499568221070802,0.52375,0.52375,28575.0,9525.0,10
b50_lb5_k2_eps0p0025,hierarchical_local_aggregate,uniform,3,qnn_7_circuit,qnn,7,circuit,0.009344350282485876,0.011223157454960463,0.01146075650118204,0.23750000000000004,0.23750000000000004,45750.0,15250.0,10
b50_lb5_k2_eps0p0025,hierarchical_local_aggregate,uniform,3,qnn_8_circuit,qnn,8,circuit,0.0,0.0027079449558879936,0.002832489451476787,0.0,0.0,60000.0,20000.0,10
b50_lb5_k2_eps0p0025,hierarchical_local_aggregate,uniform,3,qnn_9_circuit,qnn,9,circuit,0.0,0.0,0.0,0.0,0.0,60000.0,20000.0,10
b50_lb5_k2_eps0p0025,hierarchical_local_aggregate,uniform,3,random_10_circuit,random,10,circuit,0.0,0.0,0.0,0.0,0.0,60000.0,20000.0,10
b50_lb5_k2_eps0p0025,hierarchical_local_aggregate,uniform,3,random_11_circuit,random,11,circuit,0.0,0.0,0.0,0.0,0.0,60000.0,20000.0,10
b50_lb5_k2_eps0p0025,hierarchical_local_aggregate,uniform,3,random_12_circuit,random,12,circuit,0.0,0.0,0.0,0.0,0.0,60000.0,20000.0,10
b50_lb5_k2_eps0p0025,hierarchical_local_aggregate,uniform,3,random_13_circuit,random,13,circuit,0.0,0.0,0.0,0.0,0.0,60000.0,20000.0,10
b50_lb5_k2_eps0p0025,hierarchical_local_aggregate,uniform,3,random_14_circuit,random,14,circuit,0.0,0.0,0.0,0.0,0.0,60000.0,20000.0,10
b50_lb5_k2_eps0p0025,hierarchical_local_aggregate,uniform,3,random_15_circuit,random,15,circuit,0.0,0.0,0.0,0.0,0.0,60000.0,20000.0,10
b50_lb5_k2_eps0p0025,hierarchical_local_aggregate,uniform,3,random_4_circuit,random,4,circuit,0.007829464285714268,0.009335929487179494,0.009344871794871819,0.7887500000000001,0.7887500000000001,12675.0,4225.0,10
b50_lb5_k2_eps0p0025,hierarchical_local_aggregate,uniform,3,random_5_circuit,random,5,circuit,0.010143970013037792,0.014145838171262696,0.014480769230769241,0.72625,0.72625,16425.0,5475.0,10
b50_lb5_k2_eps0p0025,hierarchical_local_aggregate,uniform,3,random_6_circuit,random,6,circuit,0.01236321448119478,0.013690727346424058,0.014101098901098893,0.5225,0.5225,28650.0,9550.0,10
b50_lb5_k2_eps0p0025,hierarchical_local_aggregate,uniform,3,random_7_circuit,random,7,circuit,0.010199255001593126,0.011605616488758451,0.0119040312876053,0.28625,0.28625,42825.0,14275.0,10
b50_lb5_k2_eps0p0025,hierarchical_local_aggregate,uniform,3,random_8_circuit,random,8,circuit,0.0,0.0014416033755274237,0.0026210970464135026,0.0,0.0,60000.0,20000.0,10
b50_lb5_k2_eps0p0025,hierarchical_local_aggregate,uniform,3,random_9_circuit,random,9,circuit,0.0,0.0,0.0,0.0,0.0,60000.0,20000.0,10
b50_lb5_k2_eps0p0025,hierarchical_local_aggregate,uniform,3,vqe_10_circuit,vqe,10,circuit,0.015837734833194828,0.01695866766388496,0.01706323413635648,0.6520833333333333,0.65,20875.0,7000.0,10
b50_lb5_k2_eps0p0025,hierarchical_local_aggregate,uniform,3,vqe_11_circuit,vqe,11,circuit,0.016867676767676764,0.019419784105880942,0.019463768115942016,0.7025,0.69875,17850.0,6025.0,10
b50_lb5_k2_eps0p0025,hierarchical_local_aggregate,uniform,3,vqe_12_circuit,vqe,12,circuit,0.01588969568984197,0.01735606807511739,0.017761032863849755,0.6075,0.6012500000000001,23550.0,7975.0,10
b50_lb5_k2_eps0p0025,hierarchical_local_aggregate,uniform,3,vqe_13_circuit,vqe,13,circuit,0.01593319906998068,0.018075242006788172,0.018170512820512755,0.5141666666666667,0.48875,29150.0,10225.0,10
b50_lb5_k2_eps0p0025,hierarchical_local_aggregate,uniform,3,vqe_14_circuit,vqe,14,circuit,0.016939583158366172,0.0182274853571117,0.01872347670250908,0.3866666666666667,0.38,36800.0,12400.0,10
b50_lb5_k2_eps0p0025,hierarchical_local_aggregate,uniform,3,vqe_15_circuit,vqe,15,circuit,0.014825820396314505,0.017958208898944124,0.018471568627450932,0.2991666666666667,0.29625,42050.0,14075.0,10
b50_lb5_k2_eps0p0025,hierarchical_local_aggregate,uniform,3,vqe_4_circuit,vqe,4,circuit,0.004971868843231044,0.006086240169388961,0.006103690260133071,0.9383333333333332,0.93125,3700.0,1375.0,10
b50_lb5_k2_eps0p0025,hierarchical_local_aggregate,uniform,3,vqe_5_circuit,vqe,5,circuit,0.008561003051106039,0.01620074561403509,0.017087719298245603,0.8825000000000001,0.8825000000000001,7050.0,2350.0,10
b50_lb5_k2_eps0p0025,hierarchical_local_aggregate,uniform,3,vqe_6_circuit,vqe,6,circuit,0.006735220125786213,0.00872631578947367,0.00873421052631577,0.8987499999999999,0.8912500000000001,6075.0,2175.0,10
b50_lb5_k2_eps0p0025,hierarchical_local_aggregate,uniform,3,vqe_7_circuit,vqe,7,circuit,0.009529824561403548,0.010998333333333332,0.011433333333333332,0.8125,0.8125,11250.0,3750.0,10
b50_lb5_k2_eps0p0025,hierarchical_local_aggregate,uniform,3,vqe_8_circuit,vqe,8,circuit,0.011070947362431367,0.012522668735981166,0.013334782608695693,0.7533333333333333,0.74875,14800.0,5025.0,10
b50_lb5_k2_eps0p0025,hierarchical_local_aggregate,uniform,3,vqe_9_circuit,vqe,9,circuit,0.01250092715457115,0.01631333333333336,0.016583333333333325,0.75,0.75,15000.0,5000.0,10
b50_lb5_k2_eps0p0025,hierarchical_local_aggregate,uniform,4,dj_10_circuit,dj,10,circuit,0.01228387096774187,0.013812812285518132,0.013986693548387037,0.7675,0.7675,18600.0,4650.0,5
b50_lb5_k2_eps0p0025,hierarchical_local_aggregate,uniform,4,dj_11_circuit,dj,11,circuit,0.013469004065040594,0.01462897849462365,0.01487580645161289,0.6925,0.6925,24600.0,6150.0,5
b50_lb5_k2_eps0p0025,hierarchical_local_aggregate,uniform,4,dj_12_circuit,dj,12,circuit,0.013862548562548503,0.015422085605234318,0.01555305343511436,0.65,0.65,28000.0,7000.0,5
b50_lb5_k2_eps0p0025,hierarchical_local_aggregate,uniform,4,dj_13_circuit,dj,13,circuit,0.015934876543209735,0.019075945945945853,0.019794256756756678,0.6275,0.6275,29800.0,7450.0,5
b50_lb5_k2_eps0p0025,hierarchical_local_aggregate,uniform,4,dj_14_circuit,dj,14,circuit,0.015768975903614455,0.016668487949191117,0.016867218543046264,0.5825,0.5825,33400.0,8350.0,5
b50_lb5_k2_eps0p0025,hierarchical_local_aggregate,uniform,4,dj_15_circuit,dj,15,circuit,0.01690186259297574,0.017682836931009714,0.017715505464480766,0.495625,0.495,40350.0,10100.0,5
b50_lb5_k2_eps0p0025,hierarchical_local_aggregate,uniform,4,dj_4_circuit,dj,4,circuit,0.005361363636363603,0.006672499999999958,0.006987499999999956,0.96,0.96,3200.0,800.0,5
b50_lb5_k2_eps0p0025,hierarchical_local_aggregate,uniform,4,dj_5_circuit,dj,5,circuit,0.004575,0.005224404761904702,0.005316666666666589,0.92,0.92,6400.0,1600.0,5
b50_lb5_k2_eps0p0025,hierarchical_local_aggregate,uniform,4,dj_6_circuit,dj,6,circuit,0.006528525641025624,0.006932934646654134,0.0069455128205127906,0.8975,0.8975,8200.0,2050.0,5
b50_lb5_k2_eps0p0025,hierarchical_local_aggregate,uniform,4,dj_7_circuit,dj,7,circuit,0.007035738973008525,0.008351462943668054,0.008396130150173292,0.853125,0.845,11750.0,3100.0,5
b50_lb5_k2_eps0p0025,hierarchical_local_aggregate,uniform,4,dj_8_circuit,dj,8,circuit,0.008687499999999975,0.00902842723004697,0.00907095070422536,0.825,0.825,14000.0,3500.0,5
b50_lb5_k2_eps0p0025,hierarchical_local_aggregate,uniform,4,dj_9_circuit,dj,9,circuit,0.010173892405063233,0.011071568627450998,0.011212500000000025,0.7675,0.7675,18600.0,4650.0,5
b50_lb5_k2_eps0p0025,hierarchical_local_aggregate,uniform,4,qaoa_10_circuit,qaoa,10,circuit,0.0,0.0,0.0,0.0,0.0,80000.0,20000.0,5
b50_lb5_k2_eps0p0025,hierarchical_local_aggregate,uniform,4,qaoa_11_circuit,qaoa,11,circuit,0.0,0.0,0.0,0.0,0.0,80000.0,20000.0,5
b50_lb5_k2_eps0p0025,hierarchical_local_aggregate,uniform,4,qaoa_12_circuit,qaoa,12,circuit,0.0,0.0,0.0,0.0,0.0,80000.0,20000.0,5
b50_lb5_k2_eps0p0025,hierarchical_local_aggregate,uniform,4,qaoa_13_circuit,qaoa,13,circuit,0.0,0.0,0.0,0.0,0.0,80000.0,20000.0,5
b50_lb5_k2_eps0p0025,hierarchical_local_aggregate,uniform,4,qaoa_14_circuit,qaoa,14,circuit,0.0,0.0,0.0,0.0,0.0,80000.0,20000.0,5
b50_lb5_k2_eps0p0025,hierarchical_local_aggregate,uniform,4,qaoa_15_circuit,qaoa,15,circuit,0.0,0.0,0.0,0.0,0.0,80000.0,20000.0,5
b50_lb5_k2_eps0p0025,hierarchical_local_aggregate,uniform,4,qaoa_4_circuit,qaoa,4,circuit,0.011359957627118668,0.013970769230769254,0.014450961538461555,0.87,0.87,10400.0,2600.0,5
b50_lb5_k2_eps0p0025,hierarchical_local_aggregate,uniform,4,qaoa_5_circuit,qaoa,5,circuit,0.010121078431372532,0.012980400313971735,0.013471291208791198,0.755,0.755,19600.0,4900.0,5
b50_lb5_k2_eps0p0025,hierarchical_local_aggregate,uniform,4,qaoa_6_circuit,qaoa,6,circuit,0.01189222972972972,0.012872166666666664,0.012984999999999997,0.6325000000000001,0.6325000000000001,29400.0,7350.0,5
b50_lb5_k2_eps0p0025,hierarchical_local_aggregate,uniform,4,qaoa_7_circuit,qaoa,7,circuit,0.011320215311004809,0.011653219436351992,0.011664027149321268,0.45499999999999996,0.45499999999999996,43600.0,10900.0,5
b50_lb5_k2_eps0p0025,hierarchical_local_aggregate,uniform,4,qaoa_8_circuit,qaoa,8,circuit,0.010150427756653996,0.012350794983893215,0.012739024390243874,0.3425,0.3425,52600.0,13150.0,5
b50_lb5_k2_eps0p0025,hierarchical_local_aggregate,uniform,4,qaoa_9_circuit,qaoa,9,circuit,0.008441844729344733,0.008623554923117956,0.008650638138138132,0.12250000000000005,0.12250000000000005,70200.0,17550.0,5
b50_lb5_k2_eps0p0025,hierarchical_local_aggregate,uniform,4,qft_10_circuit,qft,10,circuit,0.0,0.0,0.0,0.0,0.0,80000.0,20000.0,5
b50_lb5_k2_eps0p0025,hierarchical_local_aggregate,uniform,4,qft_11_circuit,qft,11,circuit,0.0,0.0,0.0,0.0,0.0,80000.0,20000.0,5
b50_lb5_k2_eps0p0025,hierarchical_local_aggregate,uniform,4,qft_12_circuit,qft,12,circuit,0.0,0.0,0.0,0.0,0.0,80000.0,20000.0,5
b50_lb5_k2_eps0p0025,hierarchical_local_aggregate,uniform,4,qft_13_circuit,qft,13,circuit,0.0,0.0,0.0,0.0,0.0,80000.0,20000.0,5
b50_lb5_k2_eps0p0025,hierarchical_local_aggregate,uniform,4,qft_14_circuit,qft,14,circuit,0.0,0.0,0.0,0.0,0.0,80000.0,20000.0,5
b50_lb5_k2_eps0p0025,hierarchical_local_aggregate,uniform,4,qft_15_circuit,qft,15,circuit,0.0,0.0,0.0,0.0,0.0,80000.0,20000.0,5
b50_lb5_k2_eps0p0025,hierarchical_local_aggregate,uniform,4,qft_4_circuit,qft,4,circuit,0.012654807692307708,0.01648328767123287,0.016784075342465746,0.7475,0.7475,20200.0,5050.0,5
b50_lb5_k2_eps0p0025,hierarchical_local_aggregate,uniform,4,qft_5_circuit,qft,5,circuit,0.011356249999999995,0.01203671981572335,0.012052098540145991,0.6799999999999999,0.6799999999999999,25600.0,6400.0,5
b50_lb5_k2_eps0p0025,hierarchical_local_aggregate,uniform,4,qft_6_circuit,qft,6,circuit,0.011976546391752588,0.013150883126446451,0.013351932989690713,0.515,0.515,38800.0,9700.0,5
b50_lb5_k2_eps0p0025,hierarchical_local_aggregate,uniform,4,qft_7_circuit,qft,7,circuit,0.0104603494623656,0.010966051295566784,0.011087873134328366,0.3025,0.3025,55800.0,13950.0,5
b50_lb5_k2_eps0p0025,hierarchical_local_aggregate,uniform,4,qft_8_circuit,qft,8,circuit,0.003568589743589735,0.004956120659834088,0.005269492084432713,0.025000000000000022,0.025000000000000022,78000.0,19500.0,5
b50_lb5_k2_eps0p0025,hierarchical_local_aggregate,uniform,4,qft_9_circuit,qft,9,circuit,0.0,0.0,0.0,0.0,0.0,80000.0,20000.0,5
b50_lb5_k2_eps0p0025,hierarchical_local_aggregate,uniform,4,qnn_10_circuit,qnn,10,circuit,0.0,0.0,0.0,0.0,0.0,80000.0,20000.0,5
b50_lb5_k2_eps0p0025,hierarchical_local_aggregate,uniform,4,qnn_11_circuit,qnn,11,circuit,0.0,0.0,0.0,0.0,0.0,80000.0,20000.0,5
b50_lb5_k2_eps0p0025,hierarchical_local_aggregate,uniform,4,qnn_12_circuit,qnn,12,circuit,0.0,0.0,0.0,0.0,0.0,80000.0,20000.0,5
b50_lb5_k2_eps0p0025,hierarchical_local_aggregate,uniform,4,qnn_13_circuit,qnn,13,circuit,0.0,0.0,0.0,0.0,0.0,80000.0,20000.0,5
b50_lb5_k2_eps0p0025,hierarchical_local_aggregate,uniform,4,qnn_14_circuit,qnn,14,circuit,0.0,0.0,0.0,0.0,0.0,80000.0,20000.0,5
b50_lb5_k2_eps0p0025,hierarchical_local_aggregate,uniform,4,qnn_15_circuit,qnn,15,circuit,0.0,0.0,0.0,0.0,0.0,80000.0,20000.0,5
b50_lb5_k2_eps0p0025,hierarchical_local_aggregate,uniform,4,qnn_4_circuit,qnn,4,circuit,0.010136046511627889,0.010704288061336234,0.010714772727272706,0.7925,0.7925,16600.0,4150.0,5
b50_lb5_k2_eps0p0025,hierarchical_local_aggregate,uniform,4,qnn_5_circuit,qnn,5,circuit,0.012801106194690258,0.014532358838551031,0.014803865979381443,0.7175,0.7175,22600.0,5650.0,5
b50_lb5_k2_eps0p0025,hierarchical_local_aggregate,uniform,4,qnn_6_circuit,qnn,6,circuit,0.010255701754385968,0.011465971313886299,0.011653654970760244,0.5725,0.5725,34200.0,8550.0,5
b50_lb5_k2_eps0p0025,hierarchical_local_aggregate,uniform,4,qnn_7_circuit,qnn,7,circuit,0.010689074803149613,0.011104423609592542,0.011112453531598518,0.35750000000000004,0.35750000000000004,51400.0,12850.0,5
b50_lb5_k2_eps0p0025,hierarchical_local_aggregate,uniform,4,qnn_8_circuit,qnn,8,circuit,0.007522136871508375,0.008057149180809641,0.008157414040114613,0.11250000000000004,0.11250000000000004,71000.0,17750.0,5
b50_lb5_k2_eps0p0025,hierarchical_local_aggregate,uniform,4,qnn_9_circuit,qnn,9,circuit,0.0,0.0,0.0,0.0,0.0,80000.0,20000.0,5
b50_lb5_k2_eps0p0025,hierarchical_local_aggregate,uniform,4,random_10_circuit,random,10,circuit,0.0,0.0,0.0,0.0,0.0,80000.0,20000.0,5
b50_lb5_k2_eps0p0025,hierarchical_local_aggregate,uniform,4,random_11_circuit,random,11,circuit,0.0,0.0,0.0,0.0,0.0,80000.0,20000.0,5
b50_lb5_k2_eps0p0025,hierarchical_local_aggregate,uniform,4,random_12_circuit,random,12,circuit,0.0,0.0,0.0,0.0,0.0,80000.0,20000.0,5
b50_lb5_k2_eps0p0025,hierarchical_local_aggregate,uniform,4,random_13_circuit,random,13,circuit,0.0,0.0,0.0,0.0,0.0,80000.0,20000.0,5
b50_lb5_k2_eps0p0025,hierarchical_local_aggregate,uniform,4,random_14_circuit,random,14,circuit,0.0,0.0,0.0,0.0,0.0,80000.0,20000.0,5
b50_lb5_k2_eps0p0025,hierarchical_local_aggregate,uniform,4,random_15_circuit,random,15,circuit,0.0,0.0,0.0,0.0,0.0,80000.0,20000.0,5
b50_lb5_k2_eps0p0025,hierarchical_local_aggregate,uniform,4,random_4_circuit,random,4,circuit,0.007383333333333291,0.008309166666666666,0.008428124999999991,0.85,0.85,12000.0,3000.0,5
b50_lb5_k2_eps0p0025,hierarchical_local_aggregate,uniform,4,random_5_circuit,random,5,circuit,0.010073014018691574,0.012237720628340778,0.0126196629213483,0.745,0.745,20400.0,5100.0,5
b50_lb5_k2_eps0p0025,hierarchical_local_aggregate,uniform,4,random_6_circuit,random,6,circuit,0.01129796511627908,0.012218294797687863,0.012241618497109827,0.5675,0.5675,34600.0,8650.0,5
b50_lb5_k2_eps0p0025,hierarchical_local_aggregate,uniform,4,random_7_circuit,random,7,circuit,0.010291911764705897,0.01093109649122807,0.010973245614035091,0.36750000000000005,0.36750000000000005,50600.0,12650.0,5
b50_lb5_k2_eps0p0025,hierarchical_local_aggregate,uniform,4,random_8_circuit,random,8,circuit,0.005424999999999998,0.0076545257006328405,0.007703304597701162,0.0625,0.0625,75000.0,18750.0,5
b50_lb5_k2_eps0p0025,hierarchical_local_aggregate,uniform,4,random_9_circuit,random,9,circuit,0.0,0.0,0.0,0.0,0.0,80000.0,20000.0,5
b50_lb5_k2_eps0p0025,hierarchical_local_aggregate,uniform,4,vqe_10_circuit,vqe,10,circuit,0.015344111570247896,0.015451136292956002,0.015472033898305097,0.7,0.7,24000.0,6000.0,5
b50_lb5_k2_eps0p0025,hierarchical_local_aggregate,uniform,4,vqe_11_circuit,vqe,11,circuit,0.017433514492753533,0.01807908102766781,0.018207954545454364,0.703125,0.7,23750.0,6000.0,5
b50_lb5_k2_eps0p0025,hierarchical_local_aggregate,uniform,4,vqe_12_circuit,vqe,12,circuit,0.015135956790123304,0.01618065217391291,0.016357065217391168,0.61625,0.615,30700.0,7700.0,5
b50_lb5_k2_eps0p0025,hierarchical_local_aggregate,uniform,4,vqe_13_circuit,vqe,13,circuit,0.015994410381707465,0.016939563647717634,0.017083552631578822,0.540625,0.5325,36750.0,9350.0,5
b50_lb5_k2_eps0p0025,hierarchical_local_aggregate,uniform,4,vqe_14_circuit,vqe,14,circuit,0.015927777777777548,0.01676309670781891,0.016815329218107043,0.39437500000000003,0.39249999999999996,48450.0,12150.0,5
b50_lb5_k2_eps0p0025,hierarchical_local_aggregate,uniform,4,vqe_15_circuit,vqe,15,circuit,0.015564032567049963,0.016223975095785385,0.016299999999999905,0.34750000000000003,0.34750000000000003,52200.0,13050.0,5
b50_lb5_k2_eps0p0025,hierarchical_local_aggregate,uniform,4,vqe_4_circuit,vqe,4,circuit,0.0043507352941176995,0.006012665317139032,0.006305414979757129,0.946875,0.945,4250.0,1100.0,5
b50_lb5_k2_eps0p0025,hierarchical_local_aggregate,uniform,4,vqe_5_circuit,vqe,5,circuit,0.009805851063829755,0.01341618421052631,0.01375986842105263,0.905,0.905,7600.0,1900.0,5
b50_lb5_k2_eps0p0025,hierarchical_local_aggregate,uniform,4,vqe_6_circuit,vqe,6,circuit,0.005625337837837845,0.007099999999999992,0.007262499999999981,0.90875,0.905,7300.0,1900.0,5
b50_lb5_k2_eps0p0025,hierarchical_local_aggregate,uniform,4,vqe_7_circuit,vqe,7,circuit,0.007859649122806992,0.00869955326109179,0.008742164179104466,0.8175,0.8175,14600.0,3650.0,5
b50_lb5_k2_eps0p0025,hierarchical_local_aggregate,uniform,4,vqe_8_circuit,vqe,8,circuit,0.010248936170212754,0.011508804347826066,0.011562499999999979,0.7725,0.7725,18200.0,4550.0,5
b50_lb5_k2_eps0p0025,hierarchical_local_aggregate,uniform,4,vqe_9_circuit,vqe,9,circuit,0.010863563829787275,0.012551736861956255,0.012666881443298968,0.7675,0.7675,18600.0,4650.0,5
b50_lb5_k2_eps0p0025,hierarchical_local_aggregate,uniform,5,dj_10_circuit,dj,10,circuit,0.011296236559139713,0.011296236559139713,0.011296236559139713,0.7675,0.7675,23250.0,4650.0,1
b50_lb5_k2_eps0p0025,hierarchical_local_aggregate,uniform,5,dj_11_circuit,dj,11,circuit,0.013156725663716807,0.013156725663716807,0.013156725663716807,0.7175,0.7175,28250.0,5650.0,1
b50_lb5_k2_eps0p0025,hierarchical_local_aggregate,uniform,5,dj_12_circuit,dj,12,circuit,0.013905151515151436,0.013905151515151436,0.013905151515151436,0.6699999999999999,0.6699999999999999,33000.0,6600.0,1
b50_lb5_k2_eps0p0025,hierarchical_local_aggregate,uniform,5,dj_13_circuit,dj,13,circuit,0.016156567164179073,0.016156567164179073,0.016156567164179073,0.665,0.665,33500.0,6700.0,1
b50_lb5_k2_eps0p0025,hierarchical_local_aggregate,uniform,5,dj_14_circuit,dj,14,circuit,0.015189493670885897,0.015189493670885897,0.015189493670885897,0.605,0.605,39500.0,7900.0,1
b50_lb5_k2_eps0p0025,hierarchical_local_aggregate,uniform,5,dj_15_circuit,dj,15,circuit,0.016157978142076684,0.016157978142076684,0.016157978142076684,0.5425,0.5425,45750.0,9150.0,1
b50_lb5_k2_eps0p0025,hierarchical_local_aggregate,uniform,5,dj_4_circuit,dj,4,circuit,0.004960000000000007,0.004960000000000007,0.004960000000000007,0.96,0.96,4000.0,800.0,1
b50_lb5_k2_eps0p0025,hierarchical_local_aggregate,uniform,5,dj_5_circuit,dj,5,circuit,0.004496153846153927,0.004496153846153927,0.004496153846153927,0.935,0.935,6500.0,1300.0,1
b50_lb5_k2_eps0p0025,hierarchical_local_aggregate,uniform,5,dj_6_circuit,dj,6,circuit,0.006345294117647054,0.006345294117647054,0.006345294117647054,0.915,0.915,8500.0,1700.0,1
b50_lb5_k2_eps0p0025,hierarchical_local_aggregate,uniform,5,dj_7_circuit,dj,7,circuit,0.005941435154707097,0.005941435154707097,0.005941435154707097,0.8515,0.845,14850.0,3100.0,1
b50_lb5_k2_eps0p0025,hierarchical_local_aggregate,uniform,5,dj_8_circuit,dj,8,circuit,0.006860447761194006,0.006860447761194006,0.006860447761194006,0.8325,0.8325,16750.0,3350.0,1
b50_lb5_k2_eps0p0025,hierarchical_local_aggregate,uniform,5,dj_9_circuit,dj,9,circuit,0.008772207792207753,0.008772207792207753,0.008772207792207753,0.8075,0.8075,19250.0,3850.0,1
b50_lb5_k2_eps0p0025,hierarchical_local_aggregate,uniform,5,qaoa_10_circuit,qaoa,10,circuit,0.0,0.0,0.0,0.0,0.0,100000.0,20000.0,1
b50_lb5_k2_eps0p0025,hierarchical_local_aggregate,uniform,5,qaoa_11_circuit,qaoa,11,circuit,0.0,0.0,0.0,0.0,0.0,100000.0,20000.0,1
b50_lb5_k2_eps0p0025,hierarchical_local_aggregate,uniform,5,qaoa_12_circuit,qaoa,12,circuit,0.0,0.0,0.0,0.0,0.0,100000.0,20000.0,1
b50_lb5_k2_eps0p0025,hierarchical_local_aggregate,uniform,5,qaoa_13_circuit,qaoa,13,circuit,0.0,0.0,0.0,0.0,0.0,100000.0,20000.0,1
b50_lb5_k2_eps0p0025,hierarchical_local_aggregate,uniform,5,qaoa_14_circuit,qaoa,14,circuit,0.0,0.0,0.0,0.0,0.0,100000.0,20000.0,1
b50_lb5_k2_eps0p0025,hierarchical_local_aggregate,uniform,5,qaoa_15_circuit,qaoa,15,circuit,0.0,0.0,0.0,0.0,0.0,100000.0,20000.0,1
b50_lb5_k2_eps0p0025,hierarchical_local_aggregate,uniform,5,qaoa_4_circuit,qaoa,4,circuit,0.012013404255319158,0.012013404255319158,0.012013404255319158,0.8825000000000001,0.8825000000000001,11750.0,2350.0,1
b50_lb5_k2_eps0p0025,hierarchical_local_aggregate,uniform,5,qaoa_5_circuit,qaoa,5,circuit,0.01005612244897959,0.01005612244897959,0.01005612244897959,0.755,0.755,24500.0,4900.0,1
b50_lb5_k2_eps0p0025,hierarchical_local_aggregate,uniform,5,qaoa_6_circuit,qaoa,6,circuit,0.011592000000000022,0.011592000000000022,0.011592000000000022,0.6875,0.6875,31250.0,6250.0,1
b50_lb5_k2_eps0p0025,hierarchical_local_aggregate,uniform,5,qaoa_7_circuit,qaoa,7,circuit,0.009836231884057975,0.009836231884057975,0.009836231884057975,0.48250000000000004,0.48250000000000004,51750.0,10350.0,1
b50_lb5_k2_eps0p0025,hierarchical_local_aggregate,uniform,5,qaoa_8_circuit,qaoa,8,circuit,0.011108373983739848,0.011108373983739848,0.011108373983739848,0.385,0.385,61500.0,12300.0,1
b50_lb5_k2_eps0p0025,hierarchical_local_aggregate,uniform,5,qaoa_9_circuit,qaoa,9,circuit,0.009290490797545996,0.009290490797545996,0.009290490797545996,0.18500000000000005,0.18500000000000005,81500.0,16300.0,1
b50_lb5_k2_eps0p0025,hierarchical_local_aggregate,uniform,5,qft_10_circuit,qft,10,circuit,0.0,0.0,0.0,0.0,0.0,100000.0,20000.0,1
b50_lb5_k2_eps0p0025,hierarchical_local_aggregate,uniform,5,qft_11_circuit,qft,11,circuit,0.0,0.0,0.0,0.0,0.0,100000.0,20000.0,1
b50_lb5_k2_eps0p0025,hierarchical_local_aggregate,uniform,5,qft_12_circuit,qft,12,circuit,0.0,0.0,0.0,0.0,0.0,100000.0,20000.0,1
b50_lb5_k2_eps0p0025,hierarchical_local_aggregate,uniform,5,qft_13_circuit,qft,13,circuit,0.0,0.0,0.0,0.0,0.0,100000.0,20000.0,1
b50_lb5_k2_eps0p0025,hierarchical_local_aggregate,uniform,5,qft_14_circuit,qft,14,circuit,0.0,0.0,0.0,0.0,0.0,100000.0,20000.0,1
b50_lb5_k2_eps0p0025,hierarchical_local_aggregate,uniform,5,qft_15_circuit,qft,15,circuit,0.0,0.0,0.0,0.0,0.0,100000.0,20000.0,1
b50_lb5_k2_eps0p0025,hierarchical_local_aggregate,uniform,5,qft_4_circuit,qft,4,circuit,0.015555555555555576,0.015555555555555576,0.015555555555555576,0.8200000000000001,0.8200000000000001,18000.0,3600.0,1
b50_lb5_k2_eps0p0025,hierarchical_local_aggregate,uniform,5,qft_5_circuit,qft,5,circuit,0.009659491525423723,0.009659491525423723,0.009659491525423723,0.7050000000000001,0.7050000000000001,29500.0,5900.0,1
b50_lb5_k2_eps0p0025,hierarchical_local_aggregate,uniform,5,qft_6_circuit,qft,6,circuit,0.013553333333333332,0.013553333333333332,0.013553333333333332,0.625,0.625,37500.0,7500.0,1
b50_lb5_k2_eps0p0025,hierarchical_local_aggregate,uniform,5,qft_7_circuit,qft,7,circuit,0.011854279475982527,0.011854279475982527,0.011854279475982527,0.4275,0.4275,57250.0,11450.0,1
b50_lb5_k2_eps0p0025,hierarchical_local_aggregate,uniform,5,qft_8_circuit,qft,8,circuit,0.009000895522388058,0.009000895522388058,0.009000895522388058,0.16249999999999998,0.16249999999999998,83750.0,16750.0,1
b50_lb5_k2_eps0p0025,hierarchical_local_aggregate,uniform,5,qft_9_circuit,qft,9,circuit,0.0,0.0,0.0,0.0,0.0,100000.0,20000.0,1
b50_lb5_k2_eps0p0025,hierarchical_local_aggregate,uniform,5,qnn_10_circuit,qnn,10,circuit,0.0,0.0,0.0,0.0,0.0,100000.0,20000.0,1
b50_lb5_k2_eps0p0025,hierarchical_local_aggregate,uniform,5,qnn_11_circuit,qnn,11,circuit,0.0,0.0,0.0,0.0,0.0,100000.0,20000.0,1
b50_lb5_k2_eps0p0025,hierarchical_local_aggregate,uniform,5,qnn_12_circuit,qnn,12,circuit,0.0,0.0,0.0,0.0,0.0,100000.0,20000.0,1
b50_lb5_k2_eps0p0025,hierarchical_local_aggregate,uniform,5,qnn_13_circuit,qnn,13,circuit,0.0,0.0,0.0,0.0,0.0,100000.0,20000.0,1
b50_lb5_k2_eps0p0025,hierarchical_local_aggregate,uniform,5,qnn_14_circuit,qnn,14,circuit,0.0,0.0,0.0,0.0,0.0,100000.0,20000.0,1
b50_lb5_k2_eps0p0025,hierarchical_local_aggregate,uniform,5,qnn_15_circuit,qnn,15,circuit,0.0,0.0,0.0,0.0,0.0,100000.0,20000.0,1
b50_lb5_k2_eps0p0025,hierarchical_local_aggregate,uniform,5,qnn_4_circuit,qnn,4,circuit,0.0101144155844156,0.0101144155844156,0.0101144155844156,0.8075,0.8075,19250.0,3850.0,1
b50_lb5_k2_eps0p0025,hierarchical_local_aggregate,uniform,5,qnn_5_circuit,qnn,5,circuit,0.012456666666666647,0.012456666666666647,0.012456666666666647,0.76,0.76,24000.0,4800.0,1
b50_lb5_k2_eps0p0025,hierarchical_local_aggregate,uniform,5,qnn_6_circuit,qnn,6,circuit,0.013243661971831001,0.013243661971831001,0.013243661971831001,0.645,0.645,35500.0,7100.0,1
b50_lb5_k2_eps0p0025,hierarchical_local_aggregate,uniform,5,qnn_7_circuit,qnn,7,circuit,0.009501138211382118,0.009501138211382118,0.009501138211382118,0.385,0.385,61500.0,12300.0,1
b50_lb5_k2_eps0p0025,hierarchical_local_aggregate,uniform,5,qnn_8_circuit,qnn,8,circuit,0.0072641379310344825,0.0072641379310344825,0.0072641379310344825,0.13,0.13,87000.0,17400.0,1
b50_lb5_k2_eps0p0025,hierarchical_local_aggregate,uniform,5,qnn_9_circuit,qnn,9,circuit,0.0,0.0,0.0,0.0,0.0,100000.0,20000.0,1
b50_lb5_k2_eps0p0025,hierarchical_local_aggregate,uniform,5,random_10_circuit,random,10,circuit,0.0,0.0,0.0,0.0,0.0,100000.0,20000.0,1
b50_lb5_k2_eps0p0025,hierarchical_local_aggregate,uniform,5,random_11_circuit,random,11,circuit,0.0,0.0,0.0,0.0,0.0,100000.0,20000.0,1
b50_lb5_k2_eps0p0025,hierarchical_local_aggregate,uniform,5,random_12_circuit,random,12,circuit,0.0,0.0,0.0,0.0,0.0,100000.0,20000.0,1
b50_lb5_k2_eps0p0025,hierarchical_local_aggregate,uniform,5,random_13_circuit,random,13,circuit,0.0,0.0,0.0,0.0,0.0,100000.0,20000.0,1
b50_lb5_k2_eps0p0025,hierarchical_local_aggregate,uniform,5,random_14_circuit,random,14,circuit,0.0,0.0,0.0,0.0,0.0,100000.0,20000.0,1
b50_lb5_k2_eps0p0025,hierarchical_local_aggregate,uniform,5,random_15_circuit,random,15,circuit,0.0,0.0,0.0,0.0,0.0,100000.0,20000.0,1
b50_lb5_k2_eps0p0025,hierarchical_local_aggregate,uniform,5,random_4_circuit,random,4,circuit,0.006626666666666701,0.006626666666666701,0.006626666666666701,0.85,0.85,15000.0,3000.0,1
b50_lb5_k2_eps0p0025,hierarchical_local_aggregate,uniform,5,random_5_circuit,random,5,circuit,0.009314494382022455,0.009314494382022455,0.009314494382022455,0.7775,0.7775,22250.0,4450.0,1
b50_lb5_k2_eps0p0025,hierarchical_local_aggregate,uniform,5,random_6_circuit,random,6,circuit,0.009688139534883716,0.009688139534883716,0.009688139534883716,0.5700000000000001,0.5700000000000001,43000.0,8600.0,1
b50_lb5_k2_eps0p0025,hierarchical_local_aggregate,uniform,5,random_7_circuit,random,7,circuit,0.009576814159292029,0.009576814159292029,0.009576814159292029,0.43500000000000005,0.43500000000000005,56500.0,11300.0,1
b50_lb5_k2_eps0p0025,hierarchical_local_aggregate,uniform,5,random_8_circuit,random,8,circuit,0.008650120481927717,0.008650120481927717,0.008650120481927717,0.17000000000000004,0.17000000000000004,83000.0,16600.0,1
b50_lb5_k2_eps0p0025,hierarchical_local_aggregate,uniform,5,random_9_circuit,random,9,circuit,0.0,0.0,0.0,0.0,0.0,100000.0,20000.0,1
b50_lb5_k2_eps0p0025,hierarchical_local_aggregate,uniform,5,vqe_10_circuit,vqe,10,circuit,0.015201376146788891,0.015201376146788891,0.015201376146788891,0.7275,0.7275,27250.0,5450.0,1
b50_lb5_k2_eps0p0025,hierarchical_local_aggregate,uniform,5,vqe_11_circuit,vqe,11,circuit,0.016540270270270413,0.016540270270270413,0.016540270270270413,0.7224999999999999,0.7224999999999999,27750.0,5550.0,1
b50_lb5_k2_eps0p0025,hierarchical_local_aggregate,uniform,5,vqe_12_circuit,vqe,12,circuit,0.014780802919707898,0.014780802919707898,0.014780802919707898,0.6575,0.6575,34250.0,6850.0,1
b50_lb5_k2_eps0p0025,hierarchical_local_aggregate,uniform,5,vqe_13_circuit,vqe,13,circuit,0.014629685291044343,0.014629685291044343,0.014629685291044343,0.5389999999999999,0.5325,46100.0,9350.0,1
b50_lb5_k2_eps0p0025,hierarchical_local_aggregate,uniform,5,vqe_14_circuit,vqe,14,circuit,0.015237572016460841,0.015237572016460841,0.015237572016460841,0.394,0.39249999999999996,60600.0,12150.0,1
b50_lb5_k2_eps0p0025,hierarchical_local_aggregate,uniform,5,vqe_15_circuit,vqe,15,circuit,0.01591443037974693,0.01591443037974693,0.01591443037974693,0.4075,0.4075,59250.0,11850.0,1
b50_lb5_k2_eps0p0025,hierarchical_local_aggregate,uniform,5,vqe_4_circuit,vqe,4,circuit,0.004272222222222246,0.004272222222222246,0.004272222222222246,0.955,0.955,4500.0,900.0,1
b50_lb5_k2_eps0p0025,hierarchical_local_aggregate,uniform,5,vqe_5_circuit,vqe,5,circuit,0.010196842105263094,0.010196842105263094,0.010196842105263094,0.905,0.905,9500.0,1900.0,1
b50_lb5_k2_eps0p0025,hierarchical_local_aggregate,uniform,5,vqe_6_circuit,vqe,6,circuit,0.00450631578947375,0.00450631578947375,0.00450631578947375,0.908,0.905,9200.0,1900.0,1
b50_lb5_k2_eps0p0025,hierarchical_local_aggregate,uniform,5,vqe_7_circuit,vqe,7,circuit,0.012231111111111082,0.012231111111111082,0.012231111111111082,0.8875,0.8875,11250.0,2250.0,1
b50_lb5_k2_eps0p0025,hierarchical_local_aggregate,uniform,5,vqe_8_circuit,vqe,8,circuit,0.008812921348314639,0.008812921348314639,0.008812921348314639,0.7775,0.7775,22250.0,4450.0,1
b50_lb5_k2_eps0p0025,hierarchical_local_aggregate,uniform,5,vqe_9_circuit,vqe,9,circuit,0.010071707317073141,0.010071707317073141,0.010071707317073141,0.795,0.795,20500.0,4100.0,1
b50_lb5_k2_eps0p0025,local_only_offline_aggregate,confidence,1,dj_10_circuit,dj,10,circuit,0.014354644808743234,0.01730949685534596,0.017799371069182453,0.6025,0.6025,7950.0,7950.0,5
b50_lb5_k2_eps0p0025,local_only_offline_aggregate,confidence,1,dj_11_circuit,dj,11,circuit,0.013675837320574166,0.017057145581691087,0.017657692307692353,0.48,0.48,10400.0,10400.0,5
b50_lb5_k2_eps0p0025,local_only_offline_aggregate,confidence,1,dj_12_circuit,dj,12,circuit,0.01617272727272731,0.017745191760401176,0.01811914893617025,0.4125,0.4125,11750.0,11750.0,5
b50_lb5_k2_eps0p0025,local_only_offline_aggregate,confidence,1,dj_13_circuit,dj,13,circuit,0.017601162790697702,0.018326928092654304,0.01843091286307062,0.39749999999999996,0.39749999999999996,12050.0,12050.0,5
b50_lb5_k2_eps0p0025,local_only_offline_aggregate,confidence,1,dj_14_circuit,dj,14,circuit,0.015445296167247562,0.019148183846773664,0.019911085972850646,0.2825,0.2825,14350.0,14350.0,5
b50_lb5_k2_eps0p0025,local_only_offline_aggregate,confidence,1,dj_15_circuit,dj,15,circuit,0.013638343558282175,0.01724260838663828,0.017562189054726413,0.18500000000000005,0.18500000000000005,16300.0,16300.0,5
b50_lb5_k2_eps0p0025,local_only_offline_aggregate,confidence,1,dj_4_circuit,dj,4,circuit,0.006033783783783786,0.007393450292397641,0.007697368421052611,0.92,0.92,1600.0,1600.0,5
b50_lb5_k2_eps0p0025,local_only_offline_aggregate,confidence,1,dj_5_circuit,dj,5,circuit,0.0066500000000000075,0.00855038277511964,0.008663636363636392,0.88,0.88,2400.0,2400.0,5
b50_lb5_k2_eps0p0025,local_only_offline_aggregate,confidence,1,dj_6_circuit,dj,6,circuit,0.008900000000000016,0.014930524876981956,0.015537096774193546,0.845,0.845,3100.0,3100.0,5
b50_lb5_k2_eps0p0025,local_only_offline_aggregate,confidence,1,dj_7_circuit,dj,7,circuit,0.011137864077669882,0.014313083853083863,0.014985585585585597,0.7725,0.7725,4550.0,4550.0,5
b50_lb5_k2_eps0p0025,local_only_offline_aggregate,confidence,1,dj_8_circuit,dj,8,circuit,0.010581751824817532,0.018252538636783458,0.01850963302752295,0.7275,0.7275,5450.0,5450.0,5
b50_lb5_k2_eps0p0025,local_only_offline_aggregate,confidence,1,dj_9_circuit,dj,9,circuit,0.013882748538011722,0.016321727140783737,0.016737735849056586,0.6025,0.6025,7950.0,7950.0,5
b50_lb5_k2_eps0p0025,local_only_offline_aggregate,confidence,1,qaoa_10_circuit,qaoa,10,circuit,0.0,0.0,0.0,0.0,0.0,20000.0,20000.0,5
b50_lb5_k2_eps0p0025,local_only_offline_aggregate,confidence,1,qaoa_11_circuit,qaoa,11,circuit,0.0,0.0,0.0,0.0,0.0,20000.0,20000.0,5
b50_lb5_k2_eps0p0025,local_only_offline_aggregate,confidence,1,qaoa_12_circuit,qaoa,12,circuit,0.0,0.0,0.0,0.0,0.0,20000.0,20000.0,5
b50_lb5_k2_eps0p0025,local_only_offline_aggregate,confidence,1,qaoa_13_circuit,qaoa,13,circuit,0.0,0.0,0.0,0.0,0.0,20000.0,20000.0,5
b50_lb5_k2_eps0p0025,local_only_offline_aggregate,confidence,1,qaoa_14_circuit,qaoa,14,circuit,0.0,0.0,0.0,0.0,0.0,20000.0,20000.0,5
b50_lb5_k2_eps0p0025,local_only_offline_aggregate,confidence,1,qaoa_15_circuit,qaoa,15,circuit,0.0,0.0,0.0,0.0,0.0,20000.0,20000.0,5
b50_lb5_k2_eps0p0025,local_only_offline_aggregate,confidence,1,qaoa_4_circuit,qaoa,4,circuit,0.011933333333333348,0.015659369369369357,0.01573333333333332,0.775,0.775,4500.0,4500.0,5
b50_lb5_k2_eps0p0025,local_only_offline_aggregate,confidence,1,qaoa_5_circuit,qaoa,5,circuit,0.013404166666666663,0.015785502273996655,0.01613278145695365,0.585,0.585,8300.0,8300.0,5
b50_lb5_k2_eps0p0025,local_only_offline_aggregate,confidence,1,qaoa_6_circuit,qaoa,6,circuit,0.010798630136986303,0.01302153538384597,0.01356451612903227,0.27,0.27,14600.0,14600.0,5
b50_lb5_k2_eps0p0025,local_only_offline_aggregate,confidence,1,qaoa_7_circuit,qaoa,7,circuit,0.0,0.007250842984899578,0.0074214484679665784,0.0,0.0,20000.0,20000.0,5
b50_lb5_k2_eps0p0025,local_only_offline_aggregate,confidence,1,qaoa_8_circuit,qaoa,8,circuit,0.0,0.0,0.0,0.0,0.0,20000.0,20000.0,5
b50_lb5_k2_eps0p0025,local_only_offline_aggregate,confidence,1,qaoa_9_circuit,qaoa,9,circuit,0.0,0.0,0.0,0.0,0.0,20000.0,20000.0,5
b50_lb5_k2_eps0p0025,local_only_offline_aggregate,confidence,1,qft_10_circuit,qft,10,circuit,0.0,0.0,0.0,0.0,0.0,20000.0,20000.0,5
b50_lb5_k2_eps0p0025,local_only_offline_aggregate,confidence,1,qft_11_circuit,qft,11,circuit,0.0,0.0,0.0,0.0,0.0,20000.0,20000.0,5
b50_lb5_k2_eps0p0025,local_only_offline_aggregate,confidence,1,qft_12_circuit,qft,12,circuit,0.0,0.0,0.0,0.0,0.0,20000.0,20000.0,5
b50_lb5_k2_eps0p0025,local_only_offline_aggregate,confidence,1,qft_13_circuit,qft,13,circuit,0.0,0.0,0.0,0.0,0.0,20000.0,20000.0,5
b50_lb5_k2_eps0p0025,local_only_offline_aggregate,confidence,1,qft_14_circuit,qft,14,circuit,0.0,0.0,0.0,0.0,0.0,20000.0,20000.0,5
b50_lb5_k2_eps0p0025,local_only_offline_aggregate,confidence,1,qft_15_circuit,qft,15,circuit,0.0,0.0,0.0,0.0,0.0,20000.0,20000.0,5
b50_lb5_k2_eps0p0025,local_only_offline_aggregate,confidence,1,qft_4_circuit,qft,4,circuit,0.013286363636363655,0.014723665262068456,0.01507155688622755,0.5825,0.5825,8350.0,8350.0,5
b50_lb5_k2_eps0p0025,local_only_offline_aggregate,confidence,1,qft_5_circuit,qft,5,circuit,0.012215447154471547,0.015043536749419101,0.015381447963800901,0.38,0.38,12400.0,12400.0,5
b50_lb5_k2_eps0p0025,local_only_offline_aggregate,confidence,1,qft_6_circuit,qft,6,circuit,0.008364942528735634,0.008737663207342875,0.008760662824207496,0.13,0.13,17400.0,17400.0,5
b50_lb5_k2_eps0p0025,local_only_offline_aggregate,confidence,1,qft_7_circuit,qft,7,circuit,0.0,0.0,0.0,0.0,0.0,20000.0,20000.0,5
b50_lb5_k2_eps0p0025,local_only_offline_aggregate,confidence,1,qft_8_circuit,qft,8,circuit,0.0,0.0,0.0,0.0,0.0,20000.0,20000.0,5
b50_lb5_k2_eps0p0025,local_only_offline_aggregate,confidence,1,qft_9_circuit,qft,9,circuit,0.0,0.0,0.0,0.0,0.0,20000.0,20000.0,5
b50_lb5_k2_eps0p0025,local_only_offline_aggregate,confidence,1,qnn_10_circuit,qnn,10,circuit,0.0,0.0,0.0,0.0,0.0,20000.0,20000.0,5
b50_lb5_k2_eps0p0025,local_only_offline_aggregate,confidence,1,qnn_11_circuit,qnn,11,circuit,0.0,0.0,0.0,0.0,0.0,20000.0,20000.0,5
b50_lb5_k2_eps0p0025,local_only_offline_aggregate,confidence,1,qnn_12_circuit,qnn,12,circuit,0.0,0.0,0.0,0.0,0.0,20000.0,20000.0,5
b50_lb5_k2_eps0p0025,local_only_offline_aggregate,confidence,1,qnn_13_circuit,qnn,13,circuit,0.0,0.0,0.0,0.0,0.0,20000.0,20000.0,5
b50_lb5_k2_eps0p0025,local_only_offline_aggregate,confidence,1,qnn_14_circuit,qnn,14,circuit,0.0,0.0,0.0,0.0,0.0,20000.0,20000.0,5
b50_lb5_k2_eps0p0025,local_only_offline_aggregate,confidence,1,qnn_15_circuit,qnn,15,circuit,0.0,0.0,0.0,0.0,0.0,20000.0,20000.0,5
b50_lb5_k2_eps0p0025,local_only_offline_aggregate,confidence,1,qnn_4_circuit,qnn,4,circuit,0.01573111888111888,0.017445113519322906,0.017554014598540134,0.6575,0.6575,6850.0,6850.0,5
b50_lb5_k2_eps0p0025,local_only_offline_aggregate,confidence,1,qnn_5_circuit,qnn,5,circuit,0.012733333333333324,0.014437704564870186,0.014766396761133605,0.41000000000000003,0.41000000000000003,11800.0,11800.0,5
b50_lb5_k2_eps0p0025,local_only_offline_aggregate,confidence,1,qnn_6_circuit,qnn,6,circuit,0.00909242424242425,0.012296783216783225,0.012740209790209798,0.19499999999999995,0.19499999999999995,16100.0,16100.0,5
b50_lb5_k2_eps0p0025,local_only_offline_aggregate,confidence,1,qnn_7_circuit,qnn,7,circuit,0.0,0.0,0.0,0.0,0.0,20000.0,20000.0,5
b50_lb5_k2_eps0p0025,local_only_offline_aggregate,confidence,1,qnn_8_circuit,qnn,8,circuit,0.0,0.0,0.0,0.0,0.0,20000.0,20000.0,5
b50_lb5_k2_eps0p0025,local_only_offline_aggregate,confidence,1,qnn_9_circuit,qnn,9,circuit,0.0,0.0,0.0,0.0,0.0,20000.0,20000.0,5
b50_lb5_k2_eps0p0025,local_only_offline_aggregate,confidence,1,random_10_circuit,random,10,circuit,0.0,0.0,0.0,0.0,0.0,20000.0,20000.0,5
b50_lb5_k2_eps0p0025,local_only_offline_aggregate,confidence,1,random_11_circuit,random,11,circuit,0.0,0.0,0.0,0.0,0.0,20000.0,20000.0,5
b50_lb5_k2_eps0p0025,local_only_offline_aggregate,confidence,1,random_12_circuit,random,12,circuit,0.0,0.0,0.0,0.0,0.0,20000.0,20000.0,5
b50_lb5_k2_eps0p0025,local_only_offline_aggregate,confidence,1,random_13_circuit,random,13,circuit,0.0,0.0,0.0,0.0,0.0,20000.0,20000.0,5
b50_lb5_k2_eps0p0025,local_only_offline_aggregate,confidence,1,random_14_circuit,random,14,circuit,0.0,0.0,0.0,0.0,0.0,20000.0,20000.0,5
b50_lb5_k2_eps0p0025,local_only_offline_aggregate,confidence,1,random_15_circuit,random,15,circuit,0.0,0.0,0.0,0.0,0.0,20000.0,20000.0,5
b50_lb5_k2_eps0p0025,local_only_offline_aggregate,confidence,1,random_4_circuit,random,4,circuit,0.010995454545454569,0.014819369369369378,0.015350000000000011,0.6825,0.6825,6350.0,6350.0,5
b50_lb5_k2_eps0p0025,local_only_offline_aggregate,confidence,1,random_5_circuit,random,5,circuit,0.011512130177514778,0.01364114742193173,0.013828395061728387,0.5775,0.5775,8450.0,8450.0,5
b50_lb5_k2_eps0p0025,local_only_offline_aggregate,confidence,1,random_6_circuit,random,6,circuit,0.00913095238095238,0.011042893432854552,0.011155369127516787,0.19499999999999995,0.19499999999999995,16100.0,16100.0,5
b50_lb5_k2_eps0p0025,local_only_offline_aggregate,confidence,1,random_7_circuit,random,7,circuit,0.0,0.0,0.0,0.0,0.0,20000.0,20000.0,5
b50_lb5_k2_eps0p0025,local_only_offline_aggregate,confidence,1,random_8_circuit,random,8,circuit,0.0,0.0,0.0,0.0,0.0,20000.0,20000.0,5
b50_lb5_k2_eps0p0025,local_only_offline_aggregate,confidence,1,random_9_circuit,random,9,circuit,0.0,0.0,0.0,0.0,0.0,20000.0,20000.0,5
b50_lb5_k2_eps0p0025,local_only_offline_aggregate,confidence,1,vqe_10_circuit,vqe,10,circuit,0.017350000000000088,0.021091515637530117,0.02186206896551728,0.5,0.5,10000.0,10000.0,5
b50_lb5_k2_eps0p0025,local_only_offline_aggregate,confidence,1,vqe_11_circuit,vqe,11,circuit,0.014976991150442466,0.018357234042553176,0.018434042553191463,0.43500000000000005,0.43500000000000005,11300.0,11300.0,5
b50_lb5_k2_eps0p0025,local_only_offline_aggregate,confidence,1,vqe_12_circuit,vqe,12,circuit,0.015366788321167977,0.019295351141749278,0.020063507109004782,0.47250000000000003,0.47250000000000003,10550.0,10550.0,5
b50_lb5_k2_eps0p0025,local_only_offline_aggregate,confidence,1,vqe_13_circuit,vqe,13,circuit,0.010098882681564256,0.019523434753211766,0.020461764705882506,0.10499999999999998,0.10499999999999998,17900.0,17900.0,5
b50_lb5_k2_eps0p0025,local_only_offline_aggregate,confidence,1,vqe_14_circuit,vqe,14,circuit,0.0,0.017224392614188632,0.018683333333333434,0.0,0.0,20000.0,20000.0,5
b50_lb5_k2_eps0p0025,local_only_offline_aggregate,confidence,1,vqe_15_circuit,vqe,15,circuit,0.0,0.01309117903604576,0.015205035971223016,0.0,0.0,20000.0,20000.0,5
b50_lb5_k2_eps0p0025,local_only_offline_aggregate,confidence,1,vqe_4_circuit,vqe,4,circuit,0.006288235294117608,0.010405588972431098,0.010942105263157921,0.905,0.905,1900.0,1900.0,5
b50_lb5_k2_eps0p0025,local_only_offline_aggregate,confidence,1,vqe_5_circuit,vqe,5,circuit,0.011348101265822797,0.015283492063492074,0.016165079365079382,0.825,0.825,3500.0,3500.0,5
b50_lb5_k2_eps0p0025,local_only_offline_aggregate,confidence,1,vqe_6_circuit,vqe,6,circuit,0.010297368421052661,0.014604357398873523,0.015637301587301575,0.845,0.845,3100.0,3100.0,5
b50_lb5_k2_eps0p0025,local_only_offline_aggregate,confidence,1,vqe_7_circuit,vqe,7,circuit,0.012683027522935804,0.014810000000000025,0.015316666666666685,0.73,0.73,5400.0,5400.0,5
b50_lb5_k2_eps0p0025,local_only_offline_aggregate,confidence,1,vqe_8_circuit,vqe,8,circuit,0.015262189054726373,0.01778658791419679,0.018078625954198492,0.6575,0.6575,6850.0,6850.0,5
b50_lb5_k2_eps0p0025,local_only_offline_aggregate,confidence,1,vqe_9_circuit,vqe,9,circuit,0.016044134078212303,0.01833496855345914,0.018883333333333353,0.6025,0.6025,7950.0,7950.0,5
b50_lb5_k2_eps0p0025,local_only_offline_aggregate,confidence,2,dj_10_circuit,dj,10,circuit,0.011193798658635117,0.011821264431955563,0.011918565349168759,0.5925,0.5425,16300.0,9150.0,10
b50_lb5_k2_eps0p0025,local_only_offline_aggregate,confidence,2,dj_11_circuit,dj,11,circuit,0.010966999440432435,0.013019503803872975,0.013208382099801526,0.52125,0.47750000000000004,19150.0,10450.0,10
b50_lb5_k2_eps0p0025,local_only_offline_aggregate,confidence,2,dj_12_circuit,dj,12,circuit,0.012777294977946805,0.013768601702103494,0.013890514927962498,0.469375,0.31999999999999995,21225.0,13600.0,10
b50_lb5_k2_eps0p0025,local_only_offline_aggregate,confidence,2,dj_13_circuit,dj,13,circuit,0.012331889385356804,0.013552038993728305,0.013588356469912022,0.4425,0.3375,22300.0,13250.0,10
b50_lb5_k2_eps0p0025,local_only_offline_aggregate,confidence,2,dj_14_circuit,dj,14,circuit,0.012269717188589532,0.014170961743587809,0.014330762254399663,0.351875,0.27,25925.0,14600.0,10
b50_lb5_k2_eps0p0025,local_only_offline_aggregate,confidence,2,dj_15_circuit,dj,15,circuit,0.009714752856198113,0.01292147073982383,0.013320444001081488,0.25625000000000003,0.08750000000000002,29750.0,18250.0,10
b50_lb5_k2_eps0p0025,local_only_offline_aggregate,confidence,2,dj_4_circuit,dj,4,circuit,0.005075292039229187,0.006509097120894655,0.00651789392075239,0.9175,0.9075,3300.0,1850.0,10
b50_lb5_k2_eps0p0025,local_only_offline_aggregate,confidence,2,dj_5_circuit,dj,5,circuit,0.004394215996341863,0.006300235011172673,0.006327263117888808,0.8775,0.8625,4900.0,2750.0,10
b50_lb5_k2_eps0p0025,local_only_offline_aggregate,confidence,2,dj_6_circuit,dj,6,circuit,0.007864483302574084,0.009620791938662504,0.009651480793399211,0.8474999999999999,0.84,6100.0,3200.0,10
b50_lb5_k2_eps0p0025,local_only_offline_aggregate,confidence,2,dj_7_circuit,dj,7,circuit,0.007626065439888221,0.009866516934557552,0.009910140765926426,0.795625,0.7424999999999999,8175.0,5150.0,10
b50_lb5_k2_eps0p0025,local_only_offline_aggregate,confidence,2,dj_8_circuit,dj,8,circuit,0.009528172844897284,0.011563736929850443,0.011747347334218994,0.704375,0.6575,11825.0,6850.0,10
b50_lb5_k2_eps0p0025,local_only_offline_aggregate,confidence,2,dj_9_circuit,dj,9,circuit,0.009244259565336355,0.011543071509965093,0.011723146502572841,0.65875,0.5925,13650.0,8150.0,10
b50_lb5_k2_eps0p0025,local_only_offline_aggregate,confidence,2,qaoa_10_circuit,qaoa,10,circuit,0.0,0.0,0.0,0.0,0.0,40000.0,20000.0,10
b50_lb5_k2_eps0p0025,local_only_offline_aggregate,confidence,2,qaoa_11_circuit,qaoa,11,circuit,0.0,0.0,0.0,0.0,0.0,40000.0,20000.0,10
b50_lb5_k2_eps0p0025,local_only_offline_aggregate,confidence,2,qaoa_12_circuit,qaoa,12,circuit,0.0,0.0,0.0,0.0,0.0,40000.0,20000.0,10
b50_lb5_k2_eps0p0025,local_only_offline_aggregate,confidence,2,qaoa_13_circuit,qaoa,13,circuit,0.0,0.0,0.0,0.0,0.0,40000.0,20000.0,10
b50_lb5_k2_eps0p0025,local_only_offline_aggregate,confidence,2,qaoa_14_circuit,qaoa,14,circuit,0.0,0.0,0.0,0.0,0.0,40000.0,20000.0,10
b50_lb5_k2_eps0p0025,local_only_offline_aggregate,confidence,2,qaoa_15_circuit,qaoa,15,circuit,0.0,0.0,0.0,0.0,0.0,40000.0,20000.0,10
b50_lb5_k2_eps0p0025,local_only_offline_aggregate,confidence,2,qaoa_4_circuit,qaoa,4,circuit,0.009595850501447123,0.01299808691666393,0.013837070745124972,0.7925,0.765,8300.0,4700.0,10
b50_lb5_k2_eps0p0025,local_only_offline_aggregate,confidence,2,qaoa_5_circuit,qaoa,5,circuit,0.009727500373488027,0.010820268248109237,0.011202591568614771,0.5643750000000001,0.52,17425.0,9600.0,10
b50_lb5_k2_eps0p0025,local_only_offline_aggregate,confidence,2,qaoa_6_circuit,qaoa,6,circuit,0.007408525633077772,0.009123448619263896,0.009206821614821406,0.308125,0.26249999999999996,27675.0,14750.0,10
b50_lb5_k2_eps0p0025,local_only_offline_aggregate,confidence,2,qaoa_7_circuit,qaoa,7,circuit,0.003761419531799652,0.004474508351231627,0.004520298756872478,0.025000000000000022,0.0,39000.0,20000.0,10
b50_lb5_k2_eps0p0025,local_only_offline_aggregate,confidence,2,qaoa_8_circuit,qaoa,8,circuit,0.0,0.0,0.0,0.0,0.0,40000.0,20000.0,10
b50_lb5_k2_eps0p0025,local_only_offline_aggregate,confidence,2,qaoa_9_circuit,qaoa,9,circuit,0.0,0.0,0.0,0.0,0.0,40000.0,20000.0,10
b50_lb5_k2_eps0p0025,local_only_offline_aggregate,confidence,2,qft_10_circuit,qft,10,circuit,0.0,0.0,0.0,0.0,0.0,40000.0,20000.0,10
b50_lb5_k2_eps0p0025,local_only_offline_aggregate,confidence,2,qft_11_circuit,qft,11,circuit,0.0,0.0,0.0,0.0,0.0,40000.0,20000.0,10
b50_lb5_k2_eps0p0025,local_only_offline_aggregate,confidence,2,qft_12_circuit,qft,12,circuit,0.0,0.0,0.0,0.0,0.0,40000.0,20000.0,10
b50_lb5_k2_eps0p0025,local_only_offline_aggregate,confidence,2,qft_13_circuit,qft,13,circuit,0.0,0.0,0.0,0.0,0.0,40000.0,20000.0,10
b50_lb5_k2_eps0p0025,local_only_offline_aggregate,confidence,2,qft_14_circuit,qft,14,circuit,0.0,0.0,0.0,0.0,0.0,40000.0,20000.0,10
b50_lb5_k2_eps0p0025,local_only_offline_aggregate,confidence,2,qft_15_circuit,qft,15,circuit,0.0,0.0,0.0,0.0,0.0,40000.0,20000.0,10
b50_lb5_k2_eps0p0025,local_only_offline_aggregate,confidence,2,qft_4_circuit,qft,4,circuit,0.01003421438066058,0.012264745479824939,0.012702978173114547,0.57375,0.5625,17050.0,8750.0,10
b50_lb5_k2_eps0p0025,local_only_offline_aggregate,confidence,2,qft_5_circuit,qft,5,circuit,0.009176339804830302,0.009760543718310767,0.009767146514407337,0.375625,0.35250000000000004,24975.0,12950.0,10
b50_lb5_k2_eps0p0025,local_only_offline_aggregate,confidence,2,qft_6_circuit,qft,6,circuit,0.005448148844503127,0.006114883866330261,0.006160124980368281,0.09562499999999996,0.06000000000000005,36175.0,18800.0,10
b50_lb5_k2_eps0p0025,local_only_offline_aggregate,confidence,2,qft_7_circuit,qft,7,circuit,0.0,0.0,0.0,0.0,0.0,40000.0,20000.0,10
b50_lb5_k2_eps0p0025,local_only_offline_aggregate,confidence,2,qft_8_circuit,qft,8,circuit,0.0,0.0,0.0,0.0,0.0,40000.0,20000.0,10
b50_lb5_k2_eps0p0025,local_only_offline_aggregate,confidence,2,qft_9_circuit,qft,9,circuit,0.0,0.0,0.0,0.0,0.0,40000.0,20000.0,10
b50_lb5_k2_eps0p0025,local_only_offline_aggregate,confidence,2,qnn_10_circuit,qnn,10,circuit,0.0,0.0,0.0,0.0,0.0,40000.0,20000.0,10
b50_lb5_k2_eps0p0025,local_only_offline_aggregate,confidence,2,qnn_11_circuit,qnn,11,circuit,0.0,0.0,0.0,0.0,0.0,40000.0,20000.0,10
b50_lb5_k2_eps0p0025,local_only_offline_aggregate,confidence,2,qnn_12_circuit,qnn,12,circuit,0.0,0.0,0.0,0.0,0.0,40000.0,20000.0,10
b50_lb5_k2_eps0p0025,local_only_offline_aggregate,confidence,2,qnn_13_circuit,qnn,13,circuit,0.0,0.0,0.0,0.0,0.0,40000.0,20000.0,10
b50_lb5_k2_eps0p0025,local_only_offline_aggregate,confidence,2,qnn_14_circuit,qnn,14,circuit,0.0,0.0,0.0,0.0,0.0,40000.0,20000.0,10
b50_lb5_k2_eps0p0025,local_only_offline_aggregate,confidence,2,qnn_15_circuit,qnn,15,circuit,0.0,0.0,0.0,0.0,0.0,40000.0,20000.0,10
b50_lb5_k2_eps0p0025,local_only_offline_aggregate,confidence,2,qnn_4_circuit,qnn,4,circuit,0.012139031248567491,0.01416503062596081,0.014872596285809905,0.6675,0.6425000000000001,13300.0,7150.0,10
b50_lb5_k2_eps0p0025,local_only_offline_aggregate,confidence,2,qnn_5_circuit,qnn,5,circuit,0.007920462026965436,0.010232182858351287,0.010998520195247566,0.420625,0.385,23175.0,12300.0,10
b50_lb5_k2_eps0p0025,local_only_offline_aggregate,confidence,2,qnn_6_circuit,qnn,6,circuit,0.006444483065428135,0.008210728738564555,0.00880709932627015,0.2025,0.17500000000000004,31900.0,16500.0,10
b50_lb5_k2_eps0p0025,local_only_offline_aggregate,confidence,2,qnn_7_circuit,qnn,7,circuit,0.0,0.0,0.0,0.0,0.0,40000.0,20000.0,10
b50_lb5_k2_eps0p0025,local_only_offline_aggregate,confidence,2,qnn_8_circuit,qnn,8,circuit,0.0,0.0,0.0,0.0,0.0,40000.0,20000.0,10
b50_lb5_k2_eps0p0025,local_only_offline_aggregate,confidence,2,qnn_9_circuit,qnn,9,circuit,0.0,0.0,0.0,0.0,0.0,40000.0,20000.0,10
b50_lb5_k2_eps0p0025,local_only_offline_aggregate,confidence,2,random_10_circuit,random,10,circuit,0.0,0.0,0.0,0.0,0.0,40000.0,20000.0,10
b50_lb5_k2_eps0p0025,local_only_offline_aggregate,confidence,2,random_11_circuit,random,11,circuit,0.0,0.0,0.0,0.0,0.0,40000.0,20000.0,10
b50_lb5_k2_eps0p0025,local_only_offline_aggregate,confidence,2,random_12_circuit,random,12,circuit,0.0,0.0,0.0,0.0,0.0,40000.0,20000.0,10
b50_lb5_k2_eps0p0025,local_only_offline_aggregate,confidence,2,random_13_circuit,random,13,circuit,0.0,0.0,0.0,0.0,0.0,40000.0,20000.0,10
b50_lb5_k2_eps0p0025,local_only_offline_aggregate,confidence,2,random_14_circuit,random,14,circuit,0.0,0.0,0.0,0.0,0.0,40000.0,20000.0,10
b50_lb5_k2_eps0p0025,local_only_offline_aggregate,confidence,2,random_15_circuit,random,15,circuit,0.0,0.0,0.0,0.0,0.0,40000.0,20000.0,10
b50_lb5_k2_eps0p0025,local_only_offline_aggregate,confidence,2,random_4_circuit,random,4,circuit,0.008499010989944236,0.01089193878534371,0.011284450994841544,0.6875,0.6625,12500.0,6750.0,10
b50_lb5_k2_eps0p0025,local_only_offline_aggregate,confidence,2,random_5_circuit,random,5,circuit,0.008876857549469108,0.010268169675999552,0.01038179300702554,0.5406249999999999,0.495,18375.0,10100.0,10
b50_lb5_k2_eps0p0025,local_only_offline_aggregate,confidence,2,random_6_circuit,random,6,circuit,0.00635294456456631,0.0074341192858961855,0.0074681444691812315,0.17812499999999998,0.16000000000000003,32875.0,16800.0,10
b50_lb5_k2_eps0p0025,local_only_offline_aggregate,confidence,2,random_7_circuit,random,7,circuit,0.0,0.0,0.0,0.0,0.0,40000.0,20000.0,10
b50_lb5_k2_eps0p0025,local_only_offline_aggregate,confidence,2,random_8_circuit,random,8,circuit,0.0,0.0,0.0,0.0,0.0,40000.0,20000.0,10
b50_lb5_k2_eps0p0025,local_only_offline_aggregate,confidence,2,random_9_circuit,random,9,circuit,0.0,0.0,0.0,0.0,0.0,40000.0,20000.0,10
b50_lb5_k2_eps0p0025,local_only_offline_aggregate,confidence,2,vqe_10_circuit,vqe,10,circuit,0.014394990466633176,0.0171132581665579,0.01712225632032741,0.5431250000000001,0.4625,18275.0,10750.0,10
b50_lb5_k2_eps0p0025,local_only_offline_aggregate,confidence,2,vqe_11_circuit,vqe,11,circuit,0.011868904213309488,0.014834863175376247,0.015384258256159335,0.5118750000000001,0.4125,19525.0,11750.0,10
b50_lb5_k2_eps0p0025,local_only_offline_aggregate,confidence,2,vqe_12_circuit,vqe,12,circuit,0.01245295799409885,0.013558487922498481,0.013718799932546885,0.44375,0.31499999999999995,22250.0,13700.0,10
b50_lb5_k2_eps0p0025,local_only_offline_aggregate,confidence,2,vqe_13_circuit,vqe,13,circuit,0.01037170963702532,0.013416505735486263,0.014102137968874068,0.25375,0.09999999999999998,29850.0,18000.0,10
b50_lb5_k2_eps0p0025,local_only_offline_aggregate,confidence,2,vqe_14_circuit,vqe,14,circuit,0.006065208384268075,0.011035848705652844,0.011988615877582182,0.07125000000000004,0.0,37150.0,20000.0,10
b50_lb5_k2_eps0p0025,local_only_offline_aggregate,confidence,2,vqe_15_circuit,vqe,15,circuit,0.0026494951297324166,0.009172370080425776,0.009219686200344312,0.01749999999999996,0.0,39300.0,20000.0,10
b50_lb5_k2_eps0p0025,local_only_offline_aggregate,confidence,2,vqe_4_circuit,vqe,4,circuit,0.00428036865003178,0.006709862871160293,0.007146919526080902,0.909375,0.9025,3625.0,1950.0,10
b50_lb5_k2_eps0p0025,local_only_offline_aggregate,confidence,2,vqe_5_circuit,vqe,5,circuit,0.007752838506527438,0.010785452678849308,0.011449036430015012,0.8200000000000001,0.8025,7200.0,3950.0,10
b50_lb5_k2_eps0p0025,local_only_offline_aggregate,confidence,2,vqe_6_circuit,vqe,6,circuit,0.006646837922995573,0.00975291135939877,0.010075685335419882,0.84625,0.8425,6150.0,3150.0,10
b50_lb5_k2_eps0p0025,local_only_offline_aggregate,confidence,2,vqe_7_circuit,vqe,7,circuit,0.008986604241614649,0.010969851070511743,0.01103365296803648,0.7424999999999999,0.7275,10300.0,5450.0,10
b50_lb5_k2_eps0p0025,local_only_offline_aggregate,confidence,2,vqe_8_circuit,vqe,8,circuit,0.010010665466195525,0.012751208752921165,0.013159538930326608,0.6212500000000001,0.5525,15150.0,8950.0,10
b50_lb5_k2_eps0p0025,local_only_offline_aggregate,confidence,2,vqe_9_circuit,vqe,9,circuit,0.011005390692054213,0.013984428229707815,0.014840957633460546,0.605,0.5525,15800.0,8950.0,10
b50_lb5_k2_eps0p0025,local_only_offline_aggregate,confidence,3,dj_10_circuit,dj,10,circuit,0.008784353640511545,0.00998470635384688,0.01015920339352713,0.5958333333333334,0.41000000000000003,24250.0,11800.0,10
b50_lb5_k2_eps0p0025,local_only_offline_aggregate,confidence,3,dj_11_circuit,dj,11,circuit,0.010132341588425952,0.010949018217218925,0.011256101400897521,0.5075000000000001,0.395,29550.0,12100.0,10
b50_lb5_k2_eps0p0025,local_only_offline_aggregate,confidence,3,dj_12_circuit,dj,12,circuit,0.01099598544169586,0.011855523836991115,0.012066463284570336,0.4504166666666667,0.3075,32975.0,13850.0,10
b50_lb5_k2_eps0p0025,local_only_offline_aggregate,confidence,3,dj_13_circuit,dj,13,circuit,0.010207703823348444,0.011195286158533154,0.011227381435021536,0.4275,0.3175,34350.0,13650.0,10
b50_lb5_k2_eps0p0025,local_only_offline_aggregate,confidence,3,dj_14_circuit,dj,14,circuit,0.010675837536541728,0.011622902185621344,0.011848416431871614,0.32875000000000004,0.20750000000000002,40275.0,15850.0,10
b50_lb5_k2_eps0p0025,local_only_offline_aggregate,confidence,3,dj_15_circuit,dj,15,circuit,0.008548961579831777,0.010429464778661756,0.010956715914469511,0.23250000000000004,0.0,46050.0,20000.0,10
b50_lb5_k2_eps0p0025,local_only_offline_aggregate,confidence,3,dj_4_circuit,dj,4,circuit,0.00475627267125473,0.005565142826917798,0.006056794165661643,0.9183333333333333,0.905,4900.0,1900.0,10
b50_lb5_k2_eps0p0025,local_only_offline_aggregate,confidence,3,dj_5_circuit,dj,5,circuit,0.003197660288446155,0.00509910951580725,0.005243730322406019,0.8783333333333334,0.8575,7300.0,2850.0,10
b50_lb5_k2_eps0p0025,local_only_offline_aggregate,confidence,3,dj_6_circuit,dj,6,circuit,0.006217098756938039,0.007345122927070799,0.007352144990005413,0.8591666666666666,0.84,8450.0,3200.0,10
b50_lb5_k2_eps0p0025,local_only_offline_aggregate,confidence,3,dj_7_circuit,dj,7,circuit,0.00645610191867145,0.007426115569910291,0.007756126960723297,0.7879166666666666,0.7224999999999999,12725.0,5550.0,10
b50_lb5_k2_eps0p0025,local_only_offline_aggregate,confidence,3,dj_8_circuit,dj,8,circuit,0.007962152550434195,0.008315914461378063,0.008404368371769865,0.7120833333333333,0.6275,17275.0,7450.0,10
b50_lb5_k2_eps0p0025,local_only_offline_aggregate,confidence,3,dj_9_circuit,dj,9,circuit,0.007539950591007479,0.008751625137546454,0.00925870576702843,0.6399999999999999,0.5725,21600.0,8550.0,10
b50_lb5_k2_eps0p0025,local_only_offline_aggregate,confidence,3,qaoa_10_circuit,qaoa,10,circuit,0.0,0.0,0.0,0.0,0.0,60000.0,20000.0,10
b50_lb5_k2_eps0p0025,local_only_offline_aggregate,confidence,3,qaoa_11_circuit,qaoa,11,circuit,0.0,0.0,0.0,0.0,0.0,60000.0,20000.0,10
b50_lb5_k2_eps0p0025,local_only_offline_aggregate,confidence,3,qaoa_12_circuit,qaoa,12,circuit,0.0,0.0,0.0,0.0,0.0,60000.0,20000.0,10
b50_lb5_k2_eps0p0025,local_only_offline_aggregate,confidence,3,qaoa_13_circuit,qaoa,13,circuit,0.0,0.0,0.0,0.0,0.0,60000.0,20000.0,10
b50_lb5_k2_eps0p0025,local_only_offline_aggregate,confidence,3,qaoa_14_circuit,qaoa,14,circuit,0.0,0.0,0.0,0.0,0.0,60000.0,20000.0,10
b50_lb5_k2_eps0p0025,local_only_offline_aggregate,confidence,3,qaoa_15_circuit,qaoa,15,circuit,0.0,0.0,0.0,0.0,0.0,60000.0,20000.0,10
b50_lb5_k2_eps0p0025,local_only_offline_aggregate,confidence,3,qaoa_4_circuit,qaoa,4,circuit,0.008297353594961015,0.011188556047312203,0.011553691419619929,0.7916666666666667,0.755,12500.0,4900.0,10
b50_lb5_k2_eps0p0025,local_only_offline_aggregate,confidence,3,qaoa_5_circuit,qaoa,5,circuit,0.007159551065006827,0.008822187886620899,0.009087096094072161,0.5712499999999999,0.5,25725.0,10000.0,10
b50_lb5_k2_eps0p0025,local_only_offline_aggregate,confidence,3,qaoa_6_circuit,qaoa,6,circuit,0.006962135259169225,0.007215531704787454,0.007231623234301256,0.29541666666666666,0.235,42275.0,15300.0,10
b50_lb5_k2_eps0p0025,local_only_offline_aggregate,confidence,3,qaoa_7_circuit,qaoa,7,circuit,0.002806294518483922,0.0033108001422228104,0.0033607121189230976,0.03416666666666668,0.0,57950.0,20000.0,10
b50_lb5_k2_eps0p0025,local_only_offline_aggregate,confidence,3,qaoa_8_circuit,qaoa,8,circuit,0.0,0.0,0.0,0.0,0.0,60000.0,20000.0,10
b50_lb5_k2_eps0p0025,local_only_offline_aggregate,confidence,3,qaoa_9_circuit,qaoa,9,circuit,0.0,0.0,0.0,0.0,0.0,60000.0,20000.0,10
b50_lb5_k2_eps0p0025,local_only_offline_aggregate,confidence,3,qft_10_circuit,qft,10,circuit,0.0,0.0,0.0,0.0,0.0,60000.0,20000.0,10
b50_lb5_k2_eps0p0025,local_only_offline_aggregate,confidence,3,qft_11_circuit,qft,11,circuit,0.0,0.0,0.0,0.0,0.0,60000.0,20000.0,10
b50_lb5_k2_eps0p0025,local_only_offline_aggregate,confidence,3,qft_12_circuit,qft,12,circuit,0.0,0.0,0.0,0.0,0.0,60000.0,20000.0,10
b50_lb5_k2_eps0p0025,local_only_offline_aggregate,confidence,3,qft_13_circuit,qft,13,circuit,0.0,0.0,0.0,0.0,0.0,60000.0,20000.0,10
b50_lb5_k2_eps0p0025,local_only_offline_aggregate,confidence,3,qft_14_circuit,qft,14,circuit,0.0,0.0,0.0,0.0,0.0,60000.0,20000.0,10
b50_lb5_k2_eps0p0025,local_only_offline_aggregate,confidence,3,qft_15_circuit,qft,15,circuit,0.0,0.0,0.0,0.0,0.0,60000.0,20000.0,10
b50_lb5_k2_eps0p0025,local_only_offline_aggregate,confidence,3,qft_4_circuit,qft,4,circuit,0.008617801933930988,0.010824713382156676,0.010967943788493393,0.57,0.53,25800.0,9400.0,10
b50_lb5_k2_eps0p0025,local_only_offline_aggregate,confidence,3,qft_5_circuit,qft,5,circuit,0.0076318769637477215,0.008246914231628644,0.008371167043905276,0.3854166666666667,0.3425,36875.0,13150.0,10
b50_lb5_k2_eps0p0025,local_only_offline_aggregate,confidence,3,qft_6_circuit,qft,6,circuit,0.004406332779257908,0.004977282531997286,0.005128306850110828,0.1045833333333333,0.04749999999999999,53725.0,19050.0,10
b50_lb5_k2_eps0p0025,local_only_offline_aggregate,confidence,3,qft_7_circuit,qft,7,circuit,0.0,0.0,0.0,0.0,0.0,60000.0,20000.0,10
b50_lb5_k2_eps0p0025,local_only_offline_aggregate,confidence,3,qft_8_circuit,qft,8,circuit,0.0,0.0,0.0,0.0,0.0,60000.0,20000.0,10
b50_lb5_k2_eps0p0025,local_only_offline_aggregate,confidence,3,qft_9_circuit,qft,9,circuit,0.0,0.0,0.0,0.0,0.0,60000.0,20000.0,10
b50_lb5_k2_eps0p0025,local_only_offline_aggregate,confidence,3,qnn_10_circuit,qnn,10,circuit,0.0,0.0,0.0,0.0,0.0,60000.0,20000.0,10
b50_lb5_k2_eps0p0025,local_only_offline_aggregate,confidence,3,qnn_11_circuit,qnn,11,circuit,0.0,0.0,0.0,0.0,0.0,60000.0,20000.0,10
b50_lb5_k2_eps0p0025,local_only_offline_aggregate,confidence,3,qnn_12_circuit,qnn,12,circuit,0.0,0.0,0.0,0.0,0.0,60000.0,20000.0,10
b50_lb5_k2_eps0p0025,local_only_offline_aggregate,confidence,3,qnn_13_circuit,qnn,13,circuit,0.0,0.0,0.0,0.0,0.0,60000.0,20000.0,10
b50_lb5_k2_eps0p0025,local_only_offline_aggregate,confidence,3,qnn_14_circuit,qnn,14,circuit,0.0,0.0,0.0,0.0,0.0,60000.0,20000.0,10
b50_lb5_k2_eps0p0025,local_only_offline_aggregate,confidence,3,qnn_15_circuit,qnn,15,circuit,0.0,0.0,0.0,0.0,0.0,60000.0,20000.0,10
b50_lb5_k2_eps0p0025,local_only_offline_aggregate,confidence,3,qnn_4_circuit,qnn,4,circuit,0.0106962534752057,0.012265154632524743,0.012413506360359226,0.6641666666666667,0.5925,20150.0,8150.0,10
b50_lb5_k2_eps0p0025,local_only_offline_aggregate,confidence,3,qnn_5_circuit,qnn,5,circuit,0.005938377910319131,0.007699917255440128,0.0077776138888182925,0.4170833333333333,0.38249999999999995,34975.0,12350.0,10
b50_lb5_k2_eps0p0025,local_only_offline_aggregate,confidence,3,qnn_6_circuit,qnn,6,circuit,0.005130357042778211,0.006182087325620979,0.006605212590815787,0.20166666666666666,0.135,47900.0,17300.0,10
b50_lb5_k2_eps0p0025,local_only_offline_aggregate,confidence,3,qnn_7_circuit,qnn,7,circuit,0.0,0.0,0.0,0.0,0.0,60000.0,20000.0,10
b50_lb5_k2_eps0p0025,local_only_offline_aggregate,confidence,3,qnn_8_circuit,qnn,8,circuit,0.0,0.0,0.0,0.0,0.0,60000.0,20000.0,10
b50_lb5_k2_eps0p0025,local_only_offline_aggregate,confidence,3,qnn_9_circuit,qnn,9,circuit,0.0,0.0,0.0,0.0,0.0,60000.0,20000.0,10
b50_lb5_k2_eps0p0025,local_only_offline_aggregate,confidence,3,random_10_circuit,random,10,circuit,0.0,0.0,0.0,0.0,0.0,60000.0,20000.0,10
b50_lb5_k2_eps0p0025,local_only_offline_aggregate,confidence,3,random_11_circuit,random,11,circuit,0.0,0.0,0.0,0.0,0.0,60000.0,20000.0,10
b50_lb5_k2_eps0p0025,local_only_offline_aggregate,confidence,3,random_12_circuit,random,12,circuit,0.0,0.0,0.0,0.0,0.0,60000.0,20000.0,10
b50_lb5_k2_eps0p0025,local_only_offline_aggregate,confidence,3,random_13_circuit,random,13,circuit,0.0,0.0,0.0,0.0,0.0,60000.0,20000.0,10
b50_lb5_k2_eps0p0025,local_only_offline_aggregate,confidence,3,random_14_circuit,random,14,circuit,0.0,0.0,0.0,0.0,0.0,60000.0,20000.0,10
b50_lb5_k2_eps0p0025,local_only_offline_aggregate,confidence,3,random_15_circuit,random,15,circuit,0.0,0.0,0.0,0.0,0.0,60000.0,20000.0,10
b50_lb5_k2_eps0p0025,local_only_offline_aggregate,confidence,3,random_4_circuit,random,4,circuit,0.006193655746573188,0.00895206114874629,0.009415071475399002,0.6858333333333333,0.64,18850.0,7200.0,10
b50_lb5_k2_eps0p0025,local_only_offline_aggregate,confidence,3,random_5_circuit,random,5,circuit,0.007331820174154423,0.008669016376317219,0.008740215421761403,0.5454166666666667,0.4325,27275.0,11350.0,10
b50_lb5_k2_eps0p0025,local_only_offline_aggregate,confidence,3,random_6_circuit,random,6,circuit,0.005163963185214584,0.005798936936358492,0.005883581133874716,0.15791666666666665,0.022499999999999964,50525.0,19550.0,10
b50_lb5_k2_eps0p0025,local_only_offline_aggregate,confidence,3,random_7_circuit,random,7,circuit,0.0,0.0,0.0,0.0,0.0,60000.0,20000.0,10
b50_lb5_k2_eps0p0025,local_only_offline_aggregate,confidence,3,random_8_circuit,random,8,circuit,0.0,0.0,0.0,0.0,0.0,60000.0,20000.0,10
b50_lb5_k2_eps0p0025,local_only_offline_aggregate,confidence,3,random_9_circuit,random,9,circuit,0.0,0.0,0.0,0.0,0.0,60000.0,20000.0,10
b50_lb5_k2_eps0p0025,local_only_offline_aggregate,confidence,3,vqe_10_circuit,vqe,10,circuit,0.013352071649734832,0.014614663321674728,0.014913540173510993,0.52875,0.42500000000000004,28275.0,11500.0,10
b50_lb5_k2_eps0p0025,local_only_offline_aggregate,confidence,3,vqe_11_circuit,vqe,11,circuit,0.010546718976609196,0.01263739058970713,0.012685262868618489,0.4995833333333334,0.36250000000000004,30025.0,12750.0,10
b50_lb5_k2_eps0p0025,local_only_offline_aggregate,confidence,3,vqe_12_circuit,vqe,12,circuit,0.010958153715926513,0.011255194148760448,0.01128840011506816,0.4533333333333333,0.3075,32800.0,13850.0,10
b50_lb5_k2_eps0p0025,local_only_offline_aggregate,confidence,3,vqe_13_circuit,vqe,13,circuit,0.008489703519909991,0.010715039753616942,0.011031061017955096,0.25583333333333336,0.09999999999999998,44650.0,18000.0,10
b50_lb5_k2_eps0p0025,local_only_offline_aggregate,confidence,3,vqe_14_circuit,vqe,14,circuit,0.0064039021907649814,0.008290014440990442,0.008336897834400336,0.1333333333333333,0.0,52000.0,20000.0,10
b50_lb5_k2_eps0p0025,local_only_offline_aggregate,confidence,3,vqe_15_circuit,vqe,15,circuit,0.006250140646936078,0.006749319159652795,0.00677208449589168,0.10166666666666668,0.0,53900.0,20000.0,10
b50_lb5_k2_eps0p0025,local_only_offline_aggregate,confidence,3,vqe_4_circuit,vqe,4,circuit,0.003509055877483784,0.004927530227457694,0.005421813032876254,0.9170833333333333,0.895,4975.0,2100.0,10
b50_lb5_k2_eps0p0025,local_only_offline_aggregate,confidence,3,vqe_5_circuit,vqe,5,circuit,0.005490584586920209,0.00785448798080809,0.00789485201779753,0.8216666666666668,0.7775,10700.0,4450.0,10
b50_lb5_k2_eps0p0025,local_only_offline_aggregate,confidence,3,vqe_6_circuit,vqe,6,circuit,0.006118694870272818,0.007328542748045678,0.00752341930096653,0.8441666666666667,0.7625,9350.0,4750.0,10
b50_lb5_k2_eps0p0025,local_only_offline_aggregate,confidence,3,vqe_7_circuit,vqe,7,circuit,0.0078009827351221035,0.009308670880583216,0.009445144815569516,0.7383333333333334,0.6699999999999999,15700.0,6600.0,10
b50_lb5_k2_eps0p0025,local_only_offline_aggregate,confidence,3,vqe_8_circuit,vqe,8,circuit,0.00817002829191874,0.009908714478812546,0.01020961088391248,0.6333333333333333,0.49750000000000005,22000.0,10050.0,10
b50_lb5_k2_eps0p0025,local_only_offline_aggregate,confidence,3,vqe_9_circuit,vqe,9,circuit,0.008930567010764345,0.010890764904962599,0.01137913996433026,0.6041666666666667,0.5025,23750.0,9950.0,10
b50_lb5_k2_eps0p0025,local_only_offline_aggregate,confidence,4,dj_10_circuit,dj,10,circuit,0.007285208897303056,0.008619183613605426,0.008835064148672418,0.5925,0.41000000000000003,32600.0,11800.0,5
b50_lb5_k2_eps0p0025,local_only_offline_aggregate,confidence,4,dj_11_circuit,dj,11,circuit,0.009009370888906276,0.009515680410964789,0.009560669146134656,0.52125,0.395,38300.0,12100.0,5
b50_lb5_k2_eps0p0025,local_only_offline_aggregate,confidence,4,dj_12_circuit,dj,12,circuit,0.010104964179819285,0.010487438473551205,0.010532776668399897,0.469375,0.3075,42450.0,13850.0,5
b50_lb5_k2_eps0p0025,local_only_offline_aggregate,confidence,4,dj_13_circuit,dj,13,circuit,0.009082273881834467,0.009536757217568463,0.009632100917502464,0.4425,0.3175,44600.0,13650.0,5
b50_lb5_k2_eps0p0025,local_only_offline_aggregate,confidence,4,dj_14_circuit,dj,14,circuit,0.009631544555466299,0.009936194725482572,0.009978226233103583,0.35187500000000005,0.20750000000000002,51850.0,15850.0,5
b50_lb5_k2_eps0p0025,local_only_offline_aggregate,confidence,4,dj_15_circuit,dj,15,circuit,0.007494514198129155,0.008643646092932934,0.008712710582745184,0.25625,0.0,59500.0,20000.0,5
b50_lb5_k2_eps0p0025,local_only_offline_aggregate,confidence,4,dj_4_circuit,dj,4,circuit,0.0045150302074127464,0.004875302436445819,0.004902586066355786,0.9175,0.905,6600.0,1900.0,5
b50_lb5_k2_eps0p0025,local_only_offline_aggregate,confidence,4,dj_5_circuit,dj,5,circuit,0.002710307490814218,0.003823055860068017,0.004066684875627894,0.8775,0.8575,9800.0,2850.0,5
b50_lb5_k2_eps0p0025,local_only_offline_aggregate,confidence,4,dj_6_circuit,dj,6,circuit,0.00536135626879424,0.005765766604753533,0.005808982623085913,0.856875,0.84,11450.0,3200.0,5
b50_lb5_k2_eps0p0025,local_only_offline_aggregate,confidence,4,dj_7_circuit,dj,7,circuit,0.005574808274880617,0.006117434184754607,0.006211845486028833,0.795625,0.7224999999999999,16350.0,5550.0,5
b50_lb5_k2_eps0p0025,local_only_offline_aggregate,confidence,4,dj_8_circuit,dj,8,circuit,0.006564200007977552,0.00672265979833294,0.006753741008476987,0.704375,0.6275,23650.0,7450.0,5
b50_lb5_k2_eps0p0025,local_only_offline_aggregate,confidence,4,dj_9_circuit,dj,9,circuit,0.006195021240415322,0.0066399642482303746,0.006706287684047291,0.65875,0.5725,27300.0,8550.0,5
b50_lb5_k2_eps0p0025,local_only_offline_aggregate,confidence,4,qaoa_10_circuit,qaoa,10,circuit,0.0,0.0,0.0,0.0,0.0,80000.0,20000.0,5
b50_lb5_k2_eps0p0025,local_only_offline_aggregate,confidence,4,qaoa_11_circuit,qaoa,11,circuit,0.0,0.0,0.0,0.0,0.0,80000.0,20000.0,5
b50_lb5_k2_eps0p0025,local_only_offline_aggregate,confidence,4,qaoa_12_circuit,qaoa,12,circuit,0.0,0.0,0.0,0.0,0.0,80000.0,20000.0,5
b50_lb5_k2_eps0p0025,local_only_offline_aggregate,confidence,4,qaoa_13_circuit,qaoa,13,circuit,0.0,0.0,0.0,0.0,0.0,80000.0,20000.0,5
b50_lb5_k2_eps0p0025,local_only_offline_aggregate,confidence,4,qaoa_14_circuit,qaoa,14,circuit,0.0,0.0,0.0,0.0,0.0,80000.0,20000.0,5
b50_lb5_k2_eps0p0025,local_only_offline_aggregate,confidence,4,qaoa_15_circuit,qaoa,15,circuit,0.0,0.0,0.0,0.0,0.0,80000.0,20000.0,5
b50_lb5_k2_eps0p0025,local_only_offline_aggregate,confidence,4,qaoa_4_circuit,qaoa,4,circuit,0.007794818984277139,0.009395639789301921,0.00957376559897363,0.79625,0.755,16300.0,4900.0,5
b50_lb5_k2_eps0p0025,local_only_offline_aggregate,confidence,4,qaoa_5_circuit,qaoa,5,circuit,0.00562722085146663,0.007318798807952942,0.007636602263419701,0.5643750000000001,0.5,34850.0,10000.0,5
b50_lb5_k2_eps0p0025,local_only_offline_aggregate,confidence,4,qaoa_6_circuit,qaoa,6,circuit,0.006005769213638569,0.006058770599765952,0.006071135778046348,0.308125,0.235,55350.0,15300.0,5
b50_lb5_k2_eps0p0025,local_only_offline_aggregate,confidence,4,qaoa_7_circuit,qaoa,7,circuit,0.002432493328511204,0.0025819200487874577,0.0026038735141804027,0.038124999999999964,0.0,76950.0,20000.0,5
b50_lb5_k2_eps0p0025,local_only_offline_aggregate,confidence,4,qaoa_8_circuit,qaoa,8,circuit,0.0,0.0,0.0,0.0,0.0,80000.0,20000.0,5
b50_lb5_k2_eps0p0025,local_only_offline_aggregate,confidence,4,qaoa_9_circuit,qaoa,9,circuit,0.0,0.0,0.0,0.0,0.0,80000.0,20000.0,5
b50_lb5_k2_eps0p0025,local_only_offline_aggregate,confidence,4,qft_10_circuit,qft,10,circuit,0.0,0.0,0.0,0.0,0.0,80000.0,20000.0,5
b50_lb5_k2_eps0p0025,local_only_offline_aggregate,confidence,4,qft_11_circuit,qft,11,circuit,0.0,0.0,0.0,0.0,0.0,80000.0,20000.0,5
b50_lb5_k2_eps0p0025,local_only_offline_aggregate,confidence,4,qft_12_circuit,qft,12,circuit,0.0,0.0,0.0,0.0,0.0,80000.0,20000.0,5
b50_lb5_k2_eps0p0025,local_only_offline_aggregate,confidence,4,qft_13_circuit,qft,13,circuit,0.0,0.0,0.0,0.0,0.0,80000.0,20000.0,5
b50_lb5_k2_eps0p0025,local_only_offline_aggregate,confidence,4,qft_14_circuit,qft,14,circuit,0.0,0.0,0.0,0.0,0.0,80000.0,20000.0,5
b50_lb5_k2_eps0p0025,local_only_offline_aggregate,confidence,4,qft_15_circuit,qft,15,circuit,0.0,0.0,0.0,0.0,0.0,80000.0,20000.0,5
b50_lb5_k2_eps0p0025,local_only_offline_aggregate,confidence,4,qft_4_circuit,qft,4,circuit,0.008531125530571785,0.009449079162722503,0.009628177744728062,0.56875,0.53,34500.0,9400.0,5
b50_lb5_k2_eps0p0025,local_only_offline_aggregate,confidence,4,qft_5_circuit,qft,5,circuit,0.0067872592804268,0.007197690413158591,0.007292730951882478,0.38187499999999996,0.3425,49450.0,13150.0,5
b50_lb5_k2_eps0p0025,local_only_offline_aggregate,confidence,4,qft_6_circuit,qft,6,circuit,0.0038307916361266115,0.0040195362586806635,0.0040545113584061175,0.09375,0.04749999999999999,72500.0,19050.0,5
b50_lb5_k2_eps0p0025,local_only_offline_aggregate,confidence,4,qft_7_circuit,qft,7,circuit,0.0,0.0,0.0,0.0,0.0,80000.0,20000.0,5
b50_lb5_k2_eps0p0025,local_only_offline_aggregate,confidence,4,qft_8_circuit,qft,8,circuit,0.0,0.0,0.0,0.0,0.0,80000.0,20000.0,5
b50_lb5_k2_eps0p0025,local_only_offline_aggregate,confidence,4,qft_9_circuit,qft,9,circuit,0.0,0.0,0.0,0.0,0.0,80000.0,20000.0,5
b50_lb5_k2_eps0p0025,local_only_offline_aggregate,confidence,4,qnn_10_circuit,qnn,10,circuit,0.0,0.0,0.0,0.0,0.0,80000.0,20000.0,5
b50_lb5_k2_eps0p0025,local_only_offline_aggregate,confidence,4,qnn_11_circuit,qnn,11,circuit,0.0,0.0,0.0,0.0,0.0,80000.0,20000.0,5
b50_lb5_k2_eps0p0025,local_only_offline_aggregate,confidence,4,qnn_12_circuit,qnn,12,circuit,0.0,0.0,0.0,0.0,0.0,80000.0,20000.0,5
b50_lb5_k2_eps0p0025,local_only_offline_aggregate,confidence,4,qnn_13_circuit,qnn,13,circuit,0.0,0.0,0.0,0.0,0.0,80000.0,20000.0,5
b50_lb5_k2_eps0p0025,local_only_offline_aggregate,confidence,4,qnn_14_circuit,qnn,14,circuit,0.0,0.0,0.0,0.0,0.0,80000.0,20000.0,5
b50_lb5_k2_eps0p0025,local_only_offline_aggregate,confidence,4,qnn_15_circuit,qnn,15,circuit,0.0,0.0,0.0,0.0,0.0,80000.0,20000.0,5
b50_lb5_k2_eps0p0025,local_only_offline_aggregate,confidence,4,qnn_4_circuit,qnn,4,circuit,0.010014433477732516,0.011061281832534553,0.011285998216862343,0.6675,0.5925,26600.0,8150.0,5
b50_lb5_k2_eps0p0025,local_only_offline_aggregate,confidence,4,qnn_5_circuit,qnn,5,circuit,0.00529303783754314,0.005840352309024886,0.005907017285430609,0.420625,0.38249999999999995,46350.0,12350.0,5
b50_lb5_k2_eps0p0025,local_only_offline_aggregate,confidence,4,qnn_6_circuit,qnn,6,circuit,0.0043106458123341514,0.004986674898618423,0.005065366579034173,0.20375,0.135,63700.0,17300.0,5
b50_lb5_k2_eps0p0025,local_only_offline_aggregate,confidence,4,qnn_7_circuit,qnn,7,circuit,0.0,0.0,0.0,0.0,0.0,80000.0,20000.0,5
b50_lb5_k2_eps0p0025,local_only_offline_aggregate,confidence,4,qnn_8_circuit,qnn,8,circuit,0.0,0.0,0.0,0.0,0.0,80000.0,20000.0,5
b50_lb5_k2_eps0p0025,local_only_offline_aggregate,confidence,4,qnn_9_circuit,qnn,9,circuit,0.0,0.0,0.0,0.0,0.0,80000.0,20000.0,5
b50_lb5_k2_eps0p0025,local_only_offline_aggregate,confidence,4,random_10_circuit,random,10,circuit,0.0,0.0,0.0,0.0,0.0,80000.0,20000.0,5
b50_lb5_k2_eps0p0025,local_only_offline_aggregate,confidence,4,random_11_circuit,random,11,circuit,0.0,0.0,0.0,0.0,0.0,80000.0,20000.0,5
b50_lb5_k2_eps0p0025,local_only_offline_aggregate,confidence,4,random_12_circuit,random,12,circuit,0.0,0.0,0.0,0.0,0.0,80000.0,20000.0,5
b50_lb5_k2_eps0p0025,local_only_offline_aggregate,confidence,4,random_13_circuit,random,13,circuit,0.0,0.0,0.0,0.0,0.0,80000.0,20000.0,5
b50_lb5_k2_eps0p0025,local_only_offline_aggregate,confidence,4,random_14_circuit,random,14,circuit,0.0,0.0,0.0,0.0,0.0,80000.0,20000.0,5
b50_lb5_k2_eps0p0025,local_only_offline_aggregate,confidence,4,random_15_circuit,random,15,circuit,0.0,0.0,0.0,0.0,0.0,80000.0,20000.0,5
b50_lb5_k2_eps0p0025,local_only_offline_aggregate,confidence,4,random_4_circuit,random,4,circuit,0.0060746215157852996,0.006960552773274274,0.007132719621190993,0.6875,0.64,25000.0,7200.0,5
b50_lb5_k2_eps0p0025,local_only_offline_aggregate,confidence,4,random_5_circuit,random,5,circuit,0.006544303657820291,0.007292961641775913,0.007470060814496949,0.5349999999999999,0.4325,37200.0,11350.0,5
b50_lb5_k2_eps0p0025,local_only_offline_aggregate,confidence,4,random_6_circuit,random,6,circuit,0.004307938795631498,0.004681347889723619,0.004730702781585482,0.15874999999999995,0.022499999999999964,67300.0,19550.0,5
b50_lb5_k2_eps0p0025,local_only_offline_aggregate,confidence,4,random_7_circuit,random,7,circuit,0.0,0.0,0.0,0.0,0.0,80000.0,20000.0,5
b50_lb5_k2_eps0p0025,local_only_offline_aggregate,confidence,4,random_8_circuit,random,8,circuit,0.0,0.0,0.0,0.0,0.0,80000.0,20000.0,5
b50_lb5_k2_eps0p0025,local_only_offline_aggregate,confidence,4,random_9_circuit,random,9,circuit,0.0,0.0,0.0,0.0,0.0,80000.0,20000.0,5
b50_lb5_k2_eps0p0025,local_only_offline_aggregate,confidence,4,vqe_10_circuit,vqe,10,circuit,0.0121008619353729,0.012851109046958256,0.01290253012903101,0.5431250000000001,0.42500000000000004,36550.0,11500.0,5
b50_lb5_k2_eps0p0025,local_only_offline_aggregate,confidence,4,vqe_11_circuit,vqe,11,circuit,0.009971025365741612,0.011101903404150164,0.011383675258007958,0.521875,0.36250000000000004,38250.0,12750.0,5
b50_lb5_k2_eps0p0025,local_only_offline_aggregate,confidence,4,vqe_12_circuit,vqe,12,circuit,0.009675680284651569,0.010076483323328209,0.010174549036507333,0.44375,0.3075,44500.0,13850.0,5
b50_lb5_k2_eps0p0025,local_only_offline_aggregate,confidence,4,vqe_13_circuit,vqe,13,circuit,0.008030596332405292,0.008990761512230707,0.009073852377939999,0.2925,0.09999999999999998,56600.0,18000.0,5
b50_lb5_k2_eps0p0025,local_only_offline_aggregate,confidence,4,vqe_14_circuit,vqe,14,circuit,0.006147922627761108,0.006304366379917974,0.006328998674442046,0.135625,0.0,69150.0,20000.0,5
b50_lb5_k2_eps0p0025,local_only_offline_aggregate,confidence,4,vqe_15_circuit,vqe,15,circuit,0.005154741872425509,0.005321829268839875,0.005356175674309654,0.08499999999999996,0.0,73200.0,20000.0,5
b50_lb5_k2_eps0p0025,local_only_offline_aggregate,confidence,4,vqe_4_circuit,vqe,4,circuit,0.002876996441850357,0.004067849283139997,0.0041374263360407035,0.91625,0.895,6700.0,2100.0,5
b50_lb5_k2_eps0p0025,local_only_offline_aggregate,confidence,4,vqe_5_circuit,vqe,5,circuit,0.004672317635378535,0.004993324882472513,0.005057034475975345,0.8200000000000001,0.7775,14400.0,4450.0,5
b50_lb5_k2_eps0p0025,local_only_offline_aggregate,confidence,4,vqe_6_circuit,vqe,6,circuit,0.004714148374489718,0.005912665026495136,0.005982527687660764,0.845,0.7625,12400.0,4750.0,5
b50_lb5_k2_eps0p0025,local_only_offline_aggregate,confidence,4,vqe_7_circuit,vqe,7,circuit,0.006662752555136173,0.007504378562231888,0.007643147791578613,0.7424999999999999,0.6699999999999999,20600.0,6600.0,5
b50_lb5_k2_eps0p0025,local_only_offline_aggregate,confidence,4,vqe_8_circuit,vqe,8,circuit,0.0073413293043207185,0.00749043378675001,0.007509636585535495,0.6212500000000001,0.49750000000000005,30300.0,10050.0,5
b50_lb5_k2_eps0p0025,local_only_offline_aggregate,confidence,4,vqe_9_circuit,vqe,9,circuit,0.007387676792865205,0.008540750841686406,0.00857376165921049,0.605,0.5025,31600.0,9950.0,5
b50_lb5_k2_eps0p0025,local_only_offline_aggregate,confidence,5,dj_10_circuit,dj,10,circuit,0.006928432300552872,0.006928432300552872,0.006928432300552872,0.5945,0.41000000000000003,40550.0,11800.0,1
b50_lb5_k2_eps0p0025,local_only_offline_aggregate,confidence,5,dj_11_circuit,dj,11,circuit,0.008294682726719052,0.008294682726719052,0.008294682726719052,0.513,0.395,48700.0,12100.0,1
b50_lb5_k2_eps0p0025,local_only_offline_aggregate,confidence,5,dj_12_circuit,dj,12,circuit,0.009412391107103802,0.009412391107103802,0.009412391107103802,0.45799999999999996,0.3075,54200.0,13850.0,1
b50_lb5_k2_eps0p0025,local_only_offline_aggregate,confidence,5,dj_13_circuit,dj,13,circuit,0.008023139185838489,0.008023139185838489,0.008023139185838489,0.4335,0.3175,56650.0,13650.0,1
b50_lb5_k2_eps0p0025,local_only_offline_aggregate,confidence,5,dj_14_circuit,dj,14,circuit,0.008835215375107381,0.008835215375107381,0.008835215375107381,0.33799999999999997,0.20750000000000002,66200.0,15850.0,1
b50_lb5_k2_eps0p0025,local_only_offline_aggregate,confidence,5,dj_15_circuit,dj,15,circuit,0.007086463879795723,0.007086463879795723,0.007086463879795723,0.242,0.0,75800.0,20000.0,1
b50_lb5_k2_eps0p0025,local_only_offline_aggregate,confidence,5,dj_4_circuit,dj,4,circuit,0.004537527816603082,0.004537527816603082,0.004537527816603082,0.918,0.905,8200.0,1900.0,1
b50_lb5_k2_eps0p0025,local_only_offline_aggregate,confidence,5,dj_5_circuit,dj,5,circuit,0.0021330895146470397,0.0021330895146470397,0.0021330895146470397,0.878,0.8575,12200.0,2850.0,1
b50_lb5_k2_eps0p0025,local_only_offline_aggregate,confidence,5,dj_6_circuit,dj,6,circuit,0.00467503251094767,0.00467503251094767,0.00467503251094767,0.8545,0.84,14550.0,3200.0,1
b50_lb5_k2_eps0p0025,local_only_offline_aggregate,confidence,5,dj_7_circuit,dj,7,circuit,0.005030429320573173,0.005030429320573173,0.005030429320573173,0.791,0.7224999999999999,20900.0,5550.0,1
b50_lb5_k2_eps0p0025,local_only_offline_aggregate,confidence,5,dj_8_circuit,dj,8,circuit,0.005658944450722443,0.005658944450722443,0.005658944450722443,0.7090000000000001,0.6275,29100.0,7450.0,1
b50_lb5_k2_eps0p0025,local_only_offline_aggregate,confidence,5,dj_9_circuit,dj,9,circuit,0.005418233433338328,0.005418233433338328,0.005418233433338328,0.6475,0.5725,35250.0,8550.0,1
b50_lb5_k2_eps0p0025,local_only_offline_aggregate,confidence,5,qaoa_10_circuit,qaoa,10,circuit,0.0,0.0,0.0,0.0,0.0,100000.0,20000.0,1
b50_lb5_k2_eps0p0025,local_only_offline_aggregate,confidence,5,qaoa_11_circuit,qaoa,11,circuit,0.0,0.0,0.0,0.0,0.0,100000.0,20000.0,1
b50_lb5_k2_eps0p0025,local_only_offline_aggregate,confidence,5,qaoa_12_circuit,qaoa,12,circuit,0.0,0.0,0.0,0.0,0.0,100000.0,20000.0,1
b50_lb5_k2_eps0p0025,local_only_offline_aggregate,confidence,5,qaoa_13_circuit,qaoa,13,circuit,0.0,0.0,0.0,0.0,0.0,100000.0,20000.0,1
b50_lb5_k2_eps0p0025,local_only_offline_aggregate,confidence,5,qaoa_14_circuit,qaoa,14,circuit,0.0,0.0,0.0,0.0,0.0,100000.0,20000.0,1
b50_lb5_k2_eps0p0025,local_only_offline_aggregate,confidence,5,qaoa_15_circuit,qaoa,15,circuit,0.0,0.0,0.0,0.0,0.0,100000.0,20000.0,1
b50_lb5_k2_eps0p0025,local_only_offline_aggregate,confidence,5,qaoa_4_circuit,qaoa,4,circuit,0.007573907407254607,0.007573907407254607,0.007573907407254607,0.792,0.755,20800.0,4900.0,1
b50_lb5_k2_eps0p0025,local_only_offline_aggregate,confidence,5,qaoa_5_circuit,qaoa,5,circuit,0.0056419582807030935,0.0056419582807030935,0.0056419582807030935,0.5685,0.5,43150.0,10000.0,1
b50_lb5_k2_eps0p0025,local_only_offline_aggregate,confidence,5,qaoa_6_circuit,qaoa,6,circuit,0.005377049536433096,0.005377049536433096,0.005377049536433096,0.3005,0.235,69950.0,15300.0,1
b50_lb5_k2_eps0p0025,local_only_offline_aggregate,confidence,5,qaoa_7_circuit,qaoa,7,circuit,0.0020515661695414147,0.0020515661695414147,0.0020515661695414147,0.03049999999999997,0.0,96950.0,20000.0,1
b50_lb5_k2_eps0p0025,local_only_offline_aggregate,confidence,5,qaoa_8_circuit,qaoa,8,circuit,0.0,0.0,0.0,0.0,0.0,100000.0,20000.0,1
b50_lb5_k2_eps0p0025,local_only_offline_aggregate,confidence,5,qaoa_9_circuit,qaoa,9,circuit,0.0,0.0,0.0,0.0,0.0,100000.0,20000.0,1
b50_lb5_k2_eps0p0025,local_only_offline_aggregate,confidence,5,qft_10_circuit,qft,10,circuit,0.0,0.0,0.0,0.0,0.0,100000.0,20000.0,1
b50_lb5_k2_eps0p0025,local_only_offline_aggregate,confidence,5,qft_11_circuit,qft,11,circuit,0.0,0.0,0.0,0.0,0.0,100000.0,20000.0,1
b50_lb5_k2_eps0p0025,local_only_offline_aggregate,confidence,5,qft_12_circuit,qft,12,circuit,0.0,0.0,0.0,0.0,0.0,100000.0,20000.0,1
b50_lb5_k2_eps0p0025,local_only_offline_aggregate,confidence,5,qft_13_circuit,qft,13,circuit,0.0,0.0,0.0,0.0,0.0,100000.0,20000.0,1
b50_lb5_k2_eps0p0025,local_only_offline_aggregate,confidence,5,qft_14_circuit,qft,14,circuit,0.0,0.0,0.0,0.0,0.0,100000.0,20000.0,1
b50_lb5_k2_eps0p0025,local_only_offline_aggregate,confidence,5,qft_15_circuit,qft,15,circuit,0.0,0.0,0.0,0.0,0.0,100000.0,20000.0,1
b50_lb5_k2_eps0p0025,local_only_offline_aggregate,confidence,5,qft_4_circuit,qft,4,circuit,0.00792770150991999,0.00792770150991999,0.00792770150991999,0.5715,0.53,42850.0,9400.0,1
b50_lb5_k2_eps0p0025,local_only_offline_aggregate,confidence,5,qft_5_circuit,qft,5,circuit,0.006211458594464637,0.006211458594464637,0.006211458594464637,0.38149999999999995,0.3425,61850.0,13150.0,1
b50_lb5_k2_eps0p0025,local_only_offline_aggregate,confidence,5,qft_6_circuit,qft,6,circuit,0.003473668038760815,0.003473668038760815,0.003473668038760815,0.10099999999999998,0.04749999999999999,89900.0,19050.0,1
b50_lb5_k2_eps0p0025,local_only_offline_aggregate,confidence,5,qft_7_circuit,qft,7,circuit,0.0,0.0,0.0,0.0,0.0,100000.0,20000.0,1
b50_lb5_k2_eps0p0025,local_only_offline_aggregate,confidence,5,qft_8_circuit,qft,8,circuit,0.0,0.0,0.0,0.0,0.0,100000.0,20000.0,1
b50_lb5_k2_eps0p0025,local_only_offline_aggregate,confidence,5,qft_9_circuit,qft,9,circuit,0.0,0.0,0.0,0.0,0.0,100000.0,20000.0,1
b50_lb5_k2_eps0p0025,local_only_offline_aggregate,confidence,5,qnn_10_circuit,qnn,10,circuit,0.0,0.0,0.0,0.0,0.0,100000.0,20000.0,1
b50_lb5_k2_eps0p0025,local_only_offline_aggregate,confidence,5,qnn_11_circuit,qnn,11,circuit,0.0,0.0,0.0,0.0,0.0,100000.0,20000.0,1
b50_lb5_k2_eps0p0025,local_only_offline_aggregate,confidence,5,qnn_12_circuit,qnn,12,circuit,0.0,0.0,0.0,0.0,0.0,100000.0,20000.0,1
b50_lb5_k2_eps0p0025,local_only_offline_aggregate,confidence,5,qnn_13_circuit,qnn,13,circuit,0.0,0.0,0.0,0.0,0.0,100000.0,20000.0,1
b50_lb5_k2_eps0p0025,local_only_offline_aggregate,confidence,5,qnn_14_circuit,qnn,14,circuit,0.0,0.0,0.0,0.0,0.0,100000.0,20000.0,1
b50_lb5_k2_eps0p0025,local_only_offline_aggregate,confidence,5,qnn_15_circuit,qnn,15,circuit,0.0,0.0,0.0,0.0,0.0,100000.0,20000.0,1
b50_lb5_k2_eps0p0025,local_only_offline_aggregate,confidence,5,qnn_4_circuit,qnn,4,circuit,0.009715145771345206,0.009715145771345206,0.009715145771345206,0.6655,0.5925,33450.0,8150.0,1
b50_lb5_k2_eps0p0025,local_only_offline_aggregate,confidence,5,qnn_5_circuit,qnn,5,circuit,0.004061923449311356,0.004061923449311356,0.004061923449311356,0.4185,0.38249999999999995,58150.0,12350.0,1
b50_lb5_k2_eps0p0025,local_only_offline_aggregate,confidence,5,qnn_6_circuit,qnn,6,circuit,0.0038393391495554607,0.0038393391495554607,0.0038393391495554607,0.20199999999999996,0.135,79800.0,17300.0,1
b50_lb5_k2_eps0p0025,local_only_offline_aggregate,confidence,5,qnn_7_circuit,qnn,7,circuit,0.0,0.0,0.0,0.0,0.0,100000.0,20000.0,1
b50_lb5_k2_eps0p0025,local_only_offline_aggregate,confidence,5,qnn_8_circuit,qnn,8,circuit,0.0,0.0,0.0,0.0,0.0,100000.0,20000.0,1
b50_lb5_k2_eps0p0025,local_only_offline_aggregate,confidence,5,qnn_9_circuit,qnn,9,circuit,0.0,0.0,0.0,0.0,0.0,100000.0,20000.0,1
b50_lb5_k2_eps0p0025,local_only_offline_aggregate,confidence,5,random_10_circuit,random,10,circuit,0.0,0.0,0.0,0.0,0.0,100000.0,20000.0,1
b50_lb5_k2_eps0p0025,local_only_offline_aggregate,confidence,5,random_11_circuit,random,11,circuit,0.0,0.0,0.0,0.0,0.0,100000.0,20000.0,1
b50_lb5_k2_eps0p0025,local_only_offline_aggregate,confidence,5,random_12_circuit,random,12,circuit,0.0,0.0,0.0,0.0,0.0,100000.0,20000.0,1
b50_lb5_k2_eps0p0025,local_only_offline_aggregate,confidence,5,random_13_circuit,random,13,circuit,0.0,0.0,0.0,0.0,0.0,100000.0,20000.0,1
b50_lb5_k2_eps0p0025,local_only_offline_aggregate,confidence,5,random_14_circuit,random,14,circuit,0.0,0.0,0.0,0.0,0.0,100000.0,20000.0,1
b50_lb5_k2_eps0p0025,local_only_offline_aggregate,confidence,5,random_15_circuit,random,15,circuit,0.0,0.0,0.0,0.0,0.0,100000.0,20000.0,1
b50_lb5_k2_eps0p0025,local_only_offline_aggregate,confidence,5,random_4_circuit,random,4,circuit,0.005426176832800913,0.005426176832800913,0.005426176832800913,0.6865,0.64,31350.0,7200.0,1
b50_lb5_k2_eps0p0025,local_only_offline_aggregate,confidence,5,random_5_circuit,random,5,circuit,0.005694427975290783,0.005694427975290783,0.005694427975290783,0.5435,0.4325,45650.0,11350.0,1
b50_lb5_k2_eps0p0025,local_only_offline_aggregate,confidence,5,random_6_circuit,random,6,circuit,0.003746407459636205,0.003746407459636205,0.003746407459636205,0.16600000000000004,0.022499999999999964,83400.0,19550.0,1
b50_lb5_k2_eps0p0025,local_only_offline_aggregate,confidence,5,random_7_circuit,random,7,circuit,0.0,0.0,0.0,0.0,0.0,100000.0,20000.0,1
b50_lb5_k2_eps0p0025,local_only_offline_aggregate,confidence,5,random_8_circuit,random,8,circuit,0.0,0.0,0.0,0.0,0.0,100000.0,20000.0,1
b50_lb5_k2_eps0p0025,local_only_offline_aggregate,confidence,5,random_9_circuit,random,9,circuit,0.0,0.0,0.0,0.0,0.0,100000.0,20000.0,1
b50_lb5_k2_eps0p0025,local_only_offline_aggregate,confidence,5,vqe_10_circuit,vqe,10,circuit,0.011242924921245645,0.011242924921245645,0.011242924921245645,0.5345,0.42500000000000004,46550.0,11500.0,1
b50_lb5_k2_eps0p0025,local_only_offline_aggregate,confidence,5,vqe_11_circuit,vqe,11,circuit,0.009367708372681173,0.009367708372681173,0.009367708372681173,0.5045,0.36250000000000004,49550.0,12750.0,1
b50_lb5_k2_eps0p0025,local_only_offline_aggregate,confidence,5,vqe_12_circuit,vqe,12,circuit,0.008862705579214567,0.008862705579214567,0.008862705579214567,0.4495,0.3075,55050.0,13850.0,1
b50_lb5_k2_eps0p0025,local_only_offline_aggregate,confidence,5,vqe_13_circuit,vqe,13,circuit,0.0074273784872707135,0.0074273784872707135,0.0074273784872707135,0.255,0.09999999999999998,74500.0,18000.0,1
b50_lb5_k2_eps0p0025,local_only_offline_aggregate,confidence,5,vqe_14_circuit,vqe,14,circuit,0.005020261848584727,0.005020261848584727,0.005020261848584727,0.10850000000000004,0.0,89150.0,20000.0,1
b50_lb5_k2_eps0p0025,local_only_offline_aggregate,confidence,5,vqe_15_circuit,vqe,15,circuit,0.004311830177231105,0.004311830177231105,0.004311830177231105,0.06799999999999995,0.0,93200.0,20000.0,1
b50_lb5_k2_eps0p0025,local_only_offline_aggregate,confidence,5,vqe_4_circuit,vqe,4,circuit,0.0029803699672660542,0.0029803699672660542,0.0029803699672660542,0.914,0.895,8600.0,2100.0,1
b50_lb5_k2_eps0p0025,local_only_offline_aggregate,confidence,5,vqe_5_circuit,vqe,5,circuit,0.0037850346272398096,0.0037850346272398096,0.0037850346272398096,0.821,0.7775,17900.0,4450.0,1
b50_lb5_k2_eps0p0025,local_only_offline_aggregate,confidence,5,vqe_6_circuit,vqe,6,circuit,0.004470415884195482,0.004470415884195482,0.004470415884195482,0.845,0.7625,15500.0,4750.0,1
b50_lb5_k2_eps0p0025,local_only_offline_aggregate,confidence,5,vqe_7_circuit,vqe,7,circuit,0.00566252137411062,0.00566252137411062,0.00566252137411062,0.74,0.6699999999999999,26000.0,6600.0,1
b50_lb5_k2_eps0p0025,local_only_offline_aggregate,confidence,5,vqe_8_circuit,vqe,8,circuit,0.005971143055246264,0.005971143055246264,0.005971143055246264,0.6285000000000001,0.49750000000000005,37150.0,10050.0,1
b50_lb5_k2_eps0p0025,local_only_offline_aggregate,confidence,5,vqe_9_circuit,vqe,9,circuit,0.006603852955995902,0.006603852955995902,0.006603852955995902,0.6045,0.5025,39550.0,9950.0,1
b50_lb5_k2_eps0p0025,local_only_offline_aggregate,shot_proportional,1,dj_10_circuit,dj,10,circuit,0.014354644808743234,0.01730949685534596,0.017799371069182453,0.6025,0.6025,7950.0,7950.0,5
b50_lb5_k2_eps0p0025,local_only_offline_aggregate,shot_proportional,1,dj_11_circuit,dj,11,circuit,0.013675837320574166,0.017057145581691087,0.017657692307692353,0.48,0.48,10400.0,10400.0,5
b50_lb5_k2_eps0p0025,local_only_offline_aggregate,shot_proportional,1,dj_12_circuit,dj,12,circuit,0.01617272727272731,0.017745191760401176,0.01811914893617025,0.4125,0.4125,11750.0,11750.0,5
b50_lb5_k2_eps0p0025,local_only_offline_aggregate,shot_proportional,1,dj_13_circuit,dj,13,circuit,0.017601162790697702,0.018326928092654304,0.01843091286307062,0.39749999999999996,0.39749999999999996,12050.0,12050.0,5
b50_lb5_k2_eps0p0025,local_only_offline_aggregate,shot_proportional,1,dj_14_circuit,dj,14,circuit,0.015445296167247562,0.019148183846773664,0.019911085972850646,0.2825,0.2825,14350.0,14350.0,5
b50_lb5_k2_eps0p0025,local_only_offline_aggregate,shot_proportional,1,dj_15_circuit,dj,15,circuit,0.013638343558282175,0.01724260838663828,0.017562189054726413,0.18500000000000005,0.18500000000000005,16300.0,16300.0,5
b50_lb5_k2_eps0p0025,local_only_offline_aggregate,shot_proportional,1,dj_4_circuit,dj,4,circuit,0.006033783783783786,0.007393450292397641,0.007697368421052611,0.92,0.92,1600.0,1600.0,5
b50_lb5_k2_eps0p0025,local_only_offline_aggregate,shot_proportional,1,dj_5_circuit,dj,5,circuit,0.0066500000000000075,0.00855038277511964,0.008663636363636392,0.88,0.88,2400.0,2400.0,5
b50_lb5_k2_eps0p0025,local_only_offline_aggregate,shot_proportional,1,dj_6_circuit,dj,6,circuit,0.008900000000000016,0.014930524876981956,0.015537096774193546,0.845,0.845,3100.0,3100.0,5
b50_lb5_k2_eps0p0025,local_only_offline_aggregate,shot_proportional,1,dj_7_circuit,dj,7,circuit,0.011137864077669882,0.014313083853083863,0.014985585585585597,0.7725,0.7725,4550.0,4550.0,5
b50_lb5_k2_eps0p0025,local_only_offline_aggregate,shot_proportional,1,dj_8_circuit,dj,8,circuit,0.010581751824817532,0.018252538636783458,0.01850963302752295,0.7275,0.7275,5450.0,5450.0,5
b50_lb5_k2_eps0p0025,local_only_offline_aggregate,shot_proportional,1,dj_9_circuit,dj,9,circuit,0.013882748538011722,0.016321727140783737,0.016737735849056586,0.6025,0.6025,7950.0,7950.0,5
b50_lb5_k2_eps0p0025,local_only_offline_aggregate,shot_proportional,1,qaoa_10_circuit,qaoa,10,circuit,0.0,0.0,0.0,0.0,0.0,20000.0,20000.0,5
b50_lb5_k2_eps0p0025,local_only_offline_aggregate,shot_proportional,1,qaoa_11_circuit,qaoa,11,circuit,0.0,0.0,0.0,0.0,0.0,20000.0,20000.0,5
b50_lb5_k2_eps0p0025,local_only_offline_aggregate,shot_proportional,1,qaoa_12_circuit,qaoa,12,circuit,0.0,0.0,0.0,0.0,0.0,20000.0,20000.0,5
b50_lb5_k2_eps0p0025,local_only_offline_aggregate,shot_proportional,1,qaoa_13_circuit,qaoa,13,circuit,0.0,0.0,0.0,0.0,0.0,20000.0,20000.0,5
b50_lb5_k2_eps0p0025,local_only_offline_aggregate,shot_proportional,1,qaoa_14_circuit,qaoa,14,circuit,0.0,0.0,0.0,0.0,0.0,20000.0,20000.0,5
b50_lb5_k2_eps0p0025,local_only_offline_aggregate,shot_proportional,1,qaoa_15_circuit,qaoa,15,circuit,0.0,0.0,0.0,0.0,0.0,20000.0,20000.0,5
b50_lb5_k2_eps0p0025,local_only_offline_aggregate,shot_proportional,1,qaoa_4_circuit,qaoa,4,circuit,0.011933333333333348,0.015659369369369357,0.01573333333333332,0.775,0.775,4500.0,4500.0,5
b50_lb5_k2_eps0p0025,local_only_offline_aggregate,shot_proportional,1,qaoa_5_circuit,qaoa,5,circuit,0.013404166666666663,0.015785502273996655,0.01613278145695365,0.585,0.585,8300.0,8300.0,5
b50_lb5_k2_eps0p0025,local_only_offline_aggregate,shot_proportional,1,qaoa_6_circuit,qaoa,6,circuit,0.010798630136986303,0.01302153538384597,0.01356451612903227,0.27,0.27,14600.0,14600.0,5
b50_lb5_k2_eps0p0025,local_only_offline_aggregate,shot_proportional,1,qaoa_7_circuit,qaoa,7,circuit,0.0,0.007250842984899578,0.0074214484679665784,0.0,0.0,20000.0,20000.0,5
b50_lb5_k2_eps0p0025,local_only_offline_aggregate,shot_proportional,1,qaoa_8_circuit,qaoa,8,circuit,0.0,0.0,0.0,0.0,0.0,20000.0,20000.0,5
b50_lb5_k2_eps0p0025,local_only_offline_aggregate,shot_proportional,1,qaoa_9_circuit,qaoa,9,circuit,0.0,0.0,0.0,0.0,0.0,20000.0,20000.0,5
b50_lb5_k2_eps0p0025,local_only_offline_aggregate,shot_proportional,1,qft_10_circuit,qft,10,circuit,0.0,0.0,0.0,0.0,0.0,20000.0,20000.0,5
b50_lb5_k2_eps0p0025,local_only_offline_aggregate,shot_proportional,1,qft_11_circuit,qft,11,circuit,0.0,0.0,0.0,0.0,0.0,20000.0,20000.0,5
b50_lb5_k2_eps0p0025,local_only_offline_aggregate,shot_proportional,1,qft_12_circuit,qft,12,circuit,0.0,0.0,0.0,0.0,0.0,20000.0,20000.0,5
b50_lb5_k2_eps0p0025,local_only_offline_aggregate,shot_proportional,1,qft_13_circuit,qft,13,circuit,0.0,0.0,0.0,0.0,0.0,20000.0,20000.0,5
b50_lb5_k2_eps0p0025,local_only_offline_aggregate,shot_proportional,1,qft_14_circuit,qft,14,circuit,0.0,0.0,0.0,0.0,0.0,20000.0,20000.0,5
b50_lb5_k2_eps0p0025,local_only_offline_aggregate,shot_proportional,1,qft_15_circuit,qft,15,circuit,0.0,0.0,0.0,0.0,0.0,20000.0,20000.0,5
b50_lb5_k2_eps0p0025,local_only_offline_aggregate,shot_proportional,1,qft_4_circuit,qft,4,circuit,0.013286363636363655,0.014723665262068456,0.01507155688622755,0.5825,0.5825,8350.0,8350.0,5
b50_lb5_k2_eps0p0025,local_only_offline_aggregate,shot_proportional,1,qft_5_circuit,qft,5,circuit,0.012215447154471547,0.015043536749419101,0.015381447963800901,0.38,0.38,12400.0,12400.0,5
b50_lb5_k2_eps0p0025,local_only_offline_aggregate,shot_proportional,1,qft_6_circuit,qft,6,circuit,0.008364942528735634,0.008737663207342875,0.008760662824207496,0.13,0.13,17400.0,17400.0,5
b50_lb5_k2_eps0p0025,local_only_offline_aggregate,shot_proportional,1,qft_7_circuit,qft,7,circuit,0.0,0.0,0.0,0.0,0.0,20000.0,20000.0,5
b50_lb5_k2_eps0p0025,local_only_offline_aggregate,shot_proportional,1,qft_8_circuit,qft,8,circuit,0.0,0.0,0.0,0.0,0.0,20000.0,20000.0,5
b50_lb5_k2_eps0p0025,local_only_offline_aggregate,shot_proportional,1,qft_9_circuit,qft,9,circuit,0.0,0.0,0.0,0.0,0.0,20000.0,20000.0,5
b50_lb5_k2_eps0p0025,local_only_offline_aggregate,shot_proportional,1,qnn_10_circuit,qnn,10,circuit,0.0,0.0,0.0,0.0,0.0,20000.0,20000.0,5
b50_lb5_k2_eps0p0025,local_only_offline_aggregate,shot_proportional,1,qnn_11_circuit,qnn,11,circuit,0.0,0.0,0.0,0.0,0.0,20000.0,20000.0,5
b50_lb5_k2_eps0p0025,local_only_offline_aggregate,shot_proportional,1,qnn_12_circuit,qnn,12,circuit,0.0,0.0,0.0,0.0,0.0,20000.0,20000.0,5
b50_lb5_k2_eps0p0025,local_only_offline_aggregate,shot_proportional,1,qnn_13_circuit,qnn,13,circuit,0.0,0.0,0.0,0.0,0.0,20000.0,20000.0,5
b50_lb5_k2_eps0p0025,local_only_offline_aggregate,shot_proportional,1,qnn_14_circuit,qnn,14,circuit,0.0,0.0,0.0,0.0,0.0,20000.0,20000.0,5
b50_lb5_k2_eps0p0025,local_only_offline_aggregate,shot_proportional,1,qnn_15_circuit,qnn,15,circuit,0.0,0.0,0.0,0.0,0.0,20000.0,20000.0,5
b50_lb5_k2_eps0p0025,local_only_offline_aggregate,shot_proportional,1,qnn_4_circuit,qnn,4,circuit,0.01573111888111888,0.017445113519322906,0.017554014598540134,0.6575,0.6575,6850.0,6850.0,5
b50_lb5_k2_eps0p0025,local_only_offline_aggregate,shot_proportional,1,qnn_5_circuit,qnn,5,circuit,0.012733333333333324,0.014437704564870186,0.014766396761133605,0.41000000000000003,0.41000000000000003,11800.0,11800.0,5
b50_lb5_k2_eps0p0025,local_only_offline_aggregate,shot_proportional,1,qnn_6_circuit,qnn,6,circuit,0.00909242424242425,0.012296783216783225,0.012740209790209798,0.19499999999999995,0.19499999999999995,16100.0,16100.0,5
b50_lb5_k2_eps0p0025,local_only_offline_aggregate,shot_proportional,1,qnn_7_circuit,qnn,7,circuit,0.0,0.0,0.0,0.0,0.0,20000.0,20000.0,5
b50_lb5_k2_eps0p0025,local_only_offline_aggregate,shot_proportional,1,qnn_8_circuit,qnn,8,circuit,0.0,0.0,0.0,0.0,0.0,20000.0,20000.0,5
b50_lb5_k2_eps0p0025,local_only_offline_aggregate,shot_proportional,1,qnn_9_circuit,qnn,9,circuit,0.0,0.0,0.0,0.0,0.0,20000.0,20000.0,5
b50_lb5_k2_eps0p0025,local_only_offline_aggregate,shot_proportional,1,random_10_circuit,random,10,circuit,0.0,0.0,0.0,0.0,0.0,20000.0,20000.0,5
b50_lb5_k2_eps0p0025,local_only_offline_aggregate,shot_proportional,1,random_11_circuit,random,11,circuit,0.0,0.0,0.0,0.0,0.0,20000.0,20000.0,5
b50_lb5_k2_eps0p0025,local_only_offline_aggregate,shot_proportional,1,random_12_circuit,random,12,circuit,0.0,0.0,0.0,0.0,0.0,20000.0,20000.0,5
b50_lb5_k2_eps0p0025,local_only_offline_aggregate,shot_proportional,1,random_13_circuit,random,13,circuit,0.0,0.0,0.0,0.0,0.0,20000.0,20000.0,5
b50_lb5_k2_eps0p0025,local_only_offline_aggregate,shot_proportional,1,random_14_circuit,random,14,circuit,0.0,0.0,0.0,0.0,0.0,20000.0,20000.0,5
b50_lb5_k2_eps0p0025,local_only_offline_aggregate,shot_proportional,1,random_15_circuit,random,15,circuit,0.0,0.0,0.0,0.0,0.0,20000.0,20000.0,5
b50_lb5_k2_eps0p0025,local_only_offline_aggregate,shot_proportional,1,random_4_circuit,random,4,circuit,0.010995454545454569,0.014819369369369378,0.015350000000000011,0.6825,0.6825,6350.0,6350.0,5
b50_lb5_k2_eps0p0025,local_only_offline_aggregate,shot_proportional,1,random_5_circuit,random,5,circuit,0.011512130177514778,0.01364114742193173,0.013828395061728387,0.5775,0.5775,8450.0,8450.0,5
b50_lb5_k2_eps0p0025,local_only_offline_aggregate,shot_proportional,1,random_6_circuit,random,6,circuit,0.00913095238095238,0.011042893432854552,0.011155369127516787,0.19499999999999995,0.19499999999999995,16100.0,16100.0,5
b50_lb5_k2_eps0p0025,local_only_offline_aggregate,shot_proportional,1,random_7_circuit,random,7,circuit,0.0,0.0,0.0,0.0,0.0,20000.0,20000.0,5
b50_lb5_k2_eps0p0025,local_only_offline_aggregate,shot_proportional,1,random_8_circuit,random,8,circuit,0.0,0.0,0.0,0.0,0.0,20000.0,20000.0,5
b50_lb5_k2_eps0p0025,local_only_offline_aggregate,shot_proportional,1,random_9_circuit,random,9,circuit,0.0,0.0,0.0,0.0,0.0,20000.0,20000.0,5
b50_lb5_k2_eps0p0025,local_only_offline_aggregate,shot_proportional,1,vqe_10_circuit,vqe,10,circuit,0.017350000000000088,0.021091515637530117,0.02186206896551728,0.5,0.5,10000.0,10000.0,5
b50_lb5_k2_eps0p0025,local_only_offline_aggregate,shot_proportional,1,vqe_11_circuit,vqe,11,circuit,0.014976991150442466,0.018357234042553176,0.018434042553191463,0.43500000000000005,0.43500000000000005,11300.0,11300.0,5
b50_lb5_k2_eps0p0025,local_only_offline_aggregate,shot_proportional,1,vqe_12_circuit,vqe,12,circuit,0.015366788321167977,0.019295351141749278,0.020063507109004782,0.47250000000000003,0.47250000000000003,10550.0,10550.0,5
b50_lb5_k2_eps0p0025,local_only_offline_aggregate,shot_proportional,1,vqe_13_circuit,vqe,13,circuit,0.010098882681564256,0.019523434753211766,0.020461764705882506,0.10499999999999998,0.10499999999999998,17900.0,17900.0,5
b50_lb5_k2_eps0p0025,local_only_offline_aggregate,shot_proportional,1,vqe_14_circuit,vqe,14,circuit,0.0,0.017224392614188632,0.018683333333333434,0.0,0.0,20000.0,20000.0,5
b50_lb5_k2_eps0p0025,local_only_offline_aggregate,shot_proportional,1,vqe_15_circuit,vqe,15,circuit,0.0,0.01309117903604576,0.015205035971223016,0.0,0.0,20000.0,20000.0,5
b50_lb5_k2_eps0p0025,local_only_offline_aggregate,shot_proportional,1,vqe_4_circuit,vqe,4,circuit,0.006288235294117608,0.010405588972431098,0.010942105263157921,0.905,0.905,1900.0,1900.0,5
b50_lb5_k2_eps0p0025,local_only_offline_aggregate,shot_proportional,1,vqe_5_circuit,vqe,5,circuit,0.011348101265822797,0.015283492063492074,0.016165079365079382,0.825,0.825,3500.0,3500.0,5
b50_lb5_k2_eps0p0025,local_only_offline_aggregate,shot_proportional,1,vqe_6_circuit,vqe,6,circuit,0.010297368421052661,0.014604357398873523,0.015637301587301575,0.845,0.845,3100.0,3100.0,5
b50_lb5_k2_eps0p0025,local_only_offline_aggregate,shot_proportional,1,vqe_7_circuit,vqe,7,circuit,0.012683027522935804,0.014810000000000025,0.015316666666666685,0.73,0.73,5400.0,5400.0,5
b50_lb5_k2_eps0p0025,local_only_offline_aggregate,shot_proportional,1,vqe_8_circuit,vqe,8,circuit,0.015262189054726373,0.01778658791419679,0.018078625954198492,0.6575,0.6575,6850.0,6850.0,5
b50_lb5_k2_eps0p0025,local_only_offline_aggregate,shot_proportional,1,vqe_9_circuit,vqe,9,circuit,0.016044134078212303,0.01833496855345914,0.018883333333333353,0.6025,0.6025,7950.0,7950.0,5
b50_lb5_k2_eps0p0025,local_only_offline_aggregate,shot_proportional,2,dj_10_circuit,dj,10,circuit,0.011062745766564401,0.011865414239327696,0.011868918918918971,0.5925,0.5425,16300.0,9150.0,10
b50_lb5_k2_eps0p0025,local_only_offline_aggregate,shot_proportional,2,dj_11_circuit,dj,11,circuit,0.011208221820373732,0.013414434977914254,0.013558378378378429,0.52125,0.47750000000000004,19150.0,10450.0,10
b50_lb5_k2_eps0p0025,local_only_offline_aggregate,shot_proportional,2,dj_12_circuit,dj,12,circuit,0.012670916273552735,0.013788852306547646,0.013863281249999963,0.469375,0.31999999999999995,21225.0,13600.0,10
b50_lb5_k2_eps0p0025,local_only_offline_aggregate,shot_proportional,2,dj_13_circuit,dj,13,circuit,0.012225546078635349,0.013538609603820535,0.013547044917257575,0.4425,0.3375,22300.0,13250.0,10
b50_lb5_k2_eps0p0025,local_only_offline_aggregate,shot_proportional,2,dj_14_circuit,dj,14,circuit,0.012343152176021069,0.013778979488684564,0.0138200743494424,0.351875,0.27,25925.0,14600.0,10
b50_lb5_k2_eps0p0025,local_only_offline_aggregate,shot_proportional,2,dj_15_circuit,dj,15,circuit,0.008643489233097953,0.01270520151802666,0.013250823529411829,0.25625000000000003,0.08750000000000002,29750.0,18250.0,10
b50_lb5_k2_eps0p0025,local_only_offline_aggregate,shot_proportional,2,dj_4_circuit,dj,4,circuit,0.005027451108213763,0.006221482352941186,0.006347058823529417,0.9175,0.9075,3300.0,1850.0,10
b50_lb5_k2_eps0p0025,local_only_offline_aggregate,shot_proportional,2,dj_5_circuit,dj,5,circuit,0.004575327387672211,0.006438070041608906,0.006440776699029179,0.8775,0.8625,4900.0,2750.0,10
b50_lb5_k2_eps0p0025,local_only_offline_aggregate,shot_proportional,2,dj_6_circuit,dj,6,circuit,0.008068060394889675,0.009818282967032929,0.010090384615384588,0.8474999999999999,0.84,6100.0,3200.0,10
b50_lb5_k2_eps0p0025,local_only_offline_aggregate,shot_proportional,2,dj_7_circuit,dj,7,circuit,0.00867940232137477,0.010521385785007057,0.011002857142857168,0.795625,0.7424999999999999,8175.0,5150.0,10
b50_lb5_k2_eps0p0025,local_only_offline_aggregate,shot_proportional,2,dj_8_circuit,dj,8,circuit,0.01092931108127899,0.011671261726078805,0.012067482517482511,0.704375,0.6575,11825.0,6850.0,10
b50_lb5_k2_eps0p0025,local_only_offline_aggregate,shot_proportional,2,dj_9_circuit,dj,9,circuit,0.009892749431020632,0.011533755175983398,0.01166212121212119,0.65875,0.5925,13650.0,8150.0,10
b50_lb5_k2_eps0p0025,local_only_offline_aggregate,shot_proportional,2,qaoa_10_circuit,qaoa,10,circuit,0.0,0.0,0.0,0.0,0.0,40000.0,20000.0,10
b50_lb5_k2_eps0p0025,local_only_offline_aggregate,shot_proportional,2,qaoa_11_circuit,qaoa,11,circuit,0.0,0.0,0.0,0.0,0.0,40000.0,20000.0,10
b50_lb5_k2_eps0p0025,local_only_offline_aggregate,shot_proportional,2,qaoa_12_circuit,qaoa,12,circuit,0.0,0.0,0.0,0.0,0.0,40000.0,20000.0,10
b50_lb5_k2_eps0p0025,local_only_offline_aggregate,shot_proportional,2,qaoa_13_circuit,qaoa,13,circuit,0.0,0.0,0.0,0.0,0.0,40000.0,20000.0,10
b50_lb5_k2_eps0p0025,local_only_offline_aggregate,shot_proportional,2,qaoa_14_circuit,qaoa,14,circuit,0.0,0.0,0.0,0.0,0.0,40000.0,20000.0,10
b50_lb5_k2_eps0p0025,local_only_offline_aggregate,shot_proportional,2,qaoa_15_circuit,qaoa,15,circuit,0.0,0.0,0.0,0.0,0.0,40000.0,20000.0,10
b50_lb5_k2_eps0p0025,local_only_offline_aggregate,shot_proportional,2,qaoa_4_circuit,qaoa,4,circuit,0.009598138297872337,0.013090350837277021,0.013879878048780443,0.7925,0.765,8300.0,4700.0,10
b50_lb5_k2_eps0p0025,local_only_offline_aggregate,shot_proportional,2,qaoa_5_circuit,qaoa,5,circuit,0.00970848512446874,0.010766551160495545,0.011161987381703436,0.5643750000000001,0.52,17425.0,9600.0,10
b50_lb5_k2_eps0p0025,local_only_offline_aggregate,shot_proportional,2,qaoa_6_circuit,qaoa,6,circuit,0.007399159516803472,0.008939137681159429,0.00907055335968381,0.308125,0.26249999999999996,27675.0,14750.0,10
b50_lb5_k2_eps0p0025,local_only_offline_aggregate,shot_proportional,2,qaoa_7_circuit,qaoa,7,circuit,0.0031999999999999997,0.004034529783330748,0.004463464140730707,0.025000000000000022,0.0,39000.0,20000.0,10
b50_lb5_k2_eps0p0025,local_only_offline_aggregate,shot_proportional,2,qaoa_8_circuit,qaoa,8,circuit,0.0,0.0,0.0,0.0,0.0,40000.0,20000.0,10
b50_lb5_k2_eps0p0025,local_only_offline_aggregate,shot_proportional,2,qaoa_9_circuit,qaoa,9,circuit,0.0,0.0,0.0,0.0,0.0,40000.0,20000.0,10
b50_lb5_k2_eps0p0025,local_only_offline_aggregate,shot_proportional,2,qft_10_circuit,qft,10,circuit,0.0,0.0,0.0,0.0,0.0,40000.0,20000.0,10
b50_lb5_k2_eps0p0025,local_only_offline_aggregate,shot_proportional,2,qft_11_circuit,qft,11,circuit,0.0,0.0,0.0,0.0,0.0,40000.0,20000.0,10
b50_lb5_k2_eps0p0025,local_only_offline_aggregate,shot_proportional,2,qft_12_circuit,qft,12,circuit,0.0,0.0,0.0,0.0,0.0,40000.0,20000.0,10
b50_lb5_k2_eps0p0025,local_only_offline_aggregate,shot_proportional,2,qft_13_circuit,qft,13,circuit,0.0,0.0,0.0,0.0,0.0,40000.0,20000.0,10
b50_lb5_k2_eps0p0025,local_only_offline_aggregate,shot_proportional,2,qft_14_circuit,qft,14,circuit,0.0,0.0,0.0,0.0,0.0,40000.0,20000.0,10
b50_lb5_k2_eps0p0025,local_only_offline_aggregate,shot_proportional,2,qft_15_circuit,qft,15,circuit,0.0,0.0,0.0,0.0,0.0,40000.0,20000.0,10
b50_lb5_k2_eps0p0025,local_only_offline_aggregate,shot_proportional,2,qft_4_circuit,qft,4,circuit,0.00998551769540758,0.011982861930176855,0.012504970760233932,0.57375,0.5625,17050.0,8750.0,10
b50_lb5_k2_eps0p0025,local_only_offline_aggregate,shot_proportional,2,qft_5_circuit,qft,5,circuit,0.00908232825413223,0.009747130374855409,0.009749425287356324,0.375625,0.35250000000000004,24975.0,12950.0,10
b50_lb5_k2_eps0p0025,local_only_offline_aggregate,shot_proportional,2,qft_6_circuit,qft,6,circuit,0.005483830358271743,0.0061117603577978165,0.006159221902017286,0.09562499999999996,0.06000000000000005,36175.0,18800.0,10
b50_lb5_k2_eps0p0025,local_only_offline_aggregate,shot_proportional,2,qft_7_circuit,qft,7,circuit,0.0,0.0,0.0,0.0,0.0,40000.0,20000.0,10
b50_lb5_k2_eps0p0025,local_only_offline_aggregate,shot_proportional,2,qft_8_circuit,qft,8,circuit,0.0,0.0,0.0,0.0,0.0,40000.0,20000.0,10
b50_lb5_k2_eps0p0025,local_only_offline_aggregate,shot_proportional,2,qft_9_circuit,qft,9,circuit,0.0,0.0,0.0,0.0,0.0,40000.0,20000.0,10
b50_lb5_k2_eps0p0025,local_only_offline_aggregate,shot_proportional,2,qnn_10_circuit,qnn,10,circuit,0.0,0.0,0.0,0.0,0.0,40000.0,20000.0,10
b50_lb5_k2_eps0p0025,local_only_offline_aggregate,shot_proportional,2,qnn_11_circuit,qnn,11,circuit,0.0,0.0,0.0,0.0,0.0,40000.0,20000.0,10
b50_lb5_k2_eps0p0025,local_only_offline_aggregate,shot_proportional,2,qnn_12_circuit,qnn,12,circuit,0.0,0.0,0.0,0.0,0.0,40000.0,20000.0,10
b50_lb5_k2_eps0p0025,local_only_offline_aggregate,shot_proportional,2,qnn_13_circuit,qnn,13,circuit,0.0,0.0,0.0,0.0,0.0,40000.0,20000.0,10
b50_lb5_k2_eps0p0025,local_only_offline_aggregate,shot_proportional,2,qnn_14_circuit,qnn,14,circuit,0.0,0.0,0.0,0.0,0.0,40000.0,20000.0,10
b50_lb5_k2_eps0p0025,local_only_offline_aggregate,shot_proportional,2,qnn_15_circuit,qnn,15,circuit,0.0,0.0,0.0,0.0,0.0,40000.0,20000.0,10
b50_lb5_k2_eps0p0025,local_only_offline_aggregate,shot_proportional,2,qnn_4_circuit,qnn,4,circuit,0.012392114500120989,0.014296096319318975,0.015075605536332174,0.6675,0.6425000000000001,13300.0,7150.0,10
b50_lb5_k2_eps0p0025,local_only_offline_aggregate,shot_proportional,2,qnn_5_circuit,qnn,5,circuit,0.008002528018994044,0.010351975034543826,0.011234449244060484,0.420625,0.385,23175.0,12300.0,10
b50_lb5_k2_eps0p0025,local_only_offline_aggregate,shot_proportional,2,qnn_6_circuit,qnn,6,circuit,0.006318786070178139,0.00801127467105263,0.008565909090909091,0.2025,0.17500000000000004,31900.0,16500.0,10
b50_lb5_k2_eps0p0025,local_only_offline_aggregate,shot_proportional,2,qnn_7_circuit,qnn,7,circuit,0.0,0.0,0.0,0.0,0.0,40000.0,20000.0,10
b50_lb5_k2_eps0p0025,local_only_offline_aggregate,shot_proportional,2,qnn_8_circuit,qnn,8,circuit,0.0,0.0,0.0,0.0,0.0,40000.0,20000.0,10
b50_lb5_k2_eps0p0025,local_only_offline_aggregate,shot_proportional,2,qnn_9_circuit,qnn,9,circuit,0.0,0.0,0.0,0.0,0.0,40000.0,20000.0,10
b50_lb5_k2_eps0p0025,local_only_offline_aggregate,shot_proportional,2,random_10_circuit,random,10,circuit,0.0,0.0,0.0,0.0,0.0,40000.0,20000.0,10
b50_lb5_k2_eps0p0025,local_only_offline_aggregate,shot_proportional,2,random_11_circuit,random,11,circuit,0.0,0.0,0.0,0.0,0.0,40000.0,20000.0,10
b50_lb5_k2_eps0p0025,local_only_offline_aggregate,shot_proportional,2,random_12_circuit,random,12,circuit,0.0,0.0,0.0,0.0,0.0,40000.0,20000.0,10
b50_lb5_k2_eps0p0025,local_only_offline_aggregate,shot_proportional,2,random_13_circuit,random,13,circuit,0.0,0.0,0.0,0.0,0.0,40000.0,20000.0,10
b50_lb5_k2_eps0p0025,local_only_offline_aggregate,shot_proportional,2,random_14_circuit,random,14,circuit,0.0,0.0,0.0,0.0,0.0,40000.0,20000.0,10
b50_lb5_k2_eps0p0025,local_only_offline_aggregate,shot_proportional,2,random_15_circuit,random,15,circuit,0.0,0.0,0.0,0.0,0.0,40000.0,20000.0,10
b50_lb5_k2_eps0p0025,local_only_offline_aggregate,shot_proportional,2,random_4_circuit,random,4,circuit,0.008313841917093431,0.011210651650904282,0.011286991869918666,0.6875,0.6625,12500.0,6750.0,10
b50_lb5_k2_eps0p0025,local_only_offline_aggregate,shot_proportional,2,random_5_circuit,random,5,circuit,0.008723949905290223,0.010047342261213125,0.010298489425981886,0.5406249999999999,0.495,18375.0,10100.0,10
b50_lb5_k2_eps0p0025,local_only_offline_aggregate,shot_proportional,2,random_6_circuit,random,6,circuit,0.006330607040816569,0.007320273426152888,0.007344345718901441,0.17812499999999998,0.16000000000000003,32875.0,16800.0,10
b50_lb5_k2_eps0p0025,local_only_offline_aggregate,shot_proportional,2,random_7_circuit,random,7,circuit,0.0,0.0,0.0,0.0,0.0,40000.0,20000.0,10
b50_lb5_k2_eps0p0025,local_only_offline_aggregate,shot_proportional,2,random_8_circuit,random,8,circuit,0.0,0.0,0.0,0.0,0.0,40000.0,20000.0,10
b50_lb5_k2_eps0p0025,local_only_offline_aggregate,shot_proportional,2,random_9_circuit,random,9,circuit,0.0,0.0,0.0,0.0,0.0,40000.0,20000.0,10
b50_lb5_k2_eps0p0025,local_only_offline_aggregate,shot_proportional,2,vqe_10_circuit,vqe,10,circuit,0.014498337450927306,0.01679793025362318,0.016853623188405786,0.5431250000000001,0.4625,18275.0,10750.0,10
b50_lb5_k2_eps0p0025,local_only_offline_aggregate,shot_proportional,2,vqe_11_circuit,vqe,11,circuit,0.011896442741056248,0.014677599706744829,0.015529999999999947,0.5118750000000001,0.4125,19525.0,11750.0,10
b50_lb5_k2_eps0p0025,local_only_offline_aggregate,shot_proportional,2,vqe_12_circuit,vqe,12,circuit,0.012658482903319638,0.013467116003571587,0.013835552763819103,0.44375,0.31499999999999995,22250.0,13700.0,10
b50_lb5_k2_eps0p0025,local_only_offline_aggregate,shot_proportional,2,vqe_13_circuit,vqe,13,circuit,0.009079366302155752,0.013277165814165567,0.014530097087378594,0.25375,0.09999999999999998,29850.0,18000.0,10
b50_lb5_k2_eps0p0025,local_only_offline_aggregate,shot_proportional,2,vqe_14_circuit,vqe,14,circuit,0.005257469717362066,0.009377435141509344,0.011317495711835155,0.07125000000000004,0.0,37150.0,20000.0,10
b50_lb5_k2_eps0p0025,local_only_offline_aggregate,shot_proportional,2,vqe_15_circuit,vqe,15,circuit,0.002276590330788804,0.0070638894071863075,0.0077424698795181416,0.01749999999999996,0.0,39300.0,20000.0,10
b50_lb5_k2_eps0p0025,local_only_offline_aggregate,shot_proportional,2,vqe_4_circuit,vqe,4,circuit,0.004522353395061702,0.006076678252234353,0.0064207547169810855,0.909375,0.9025,3625.0,1950.0,10
b50_lb5_k2_eps0p0025,local_only_offline_aggregate,shot_proportional,2,vqe_5_circuit,vqe,5,circuit,0.007258615717375663,0.010757974624060139,0.011393233082706768,0.8200000000000001,0.8025,7200.0,3950.0,10
b50_lb5_k2_eps0p0025,local_only_offline_aggregate,shot_proportional,2,vqe_6_circuit,vqe,6,circuit,0.007631285106382935,0.010590926707264059,0.011492631578947383,0.84625,0.8425,6150.0,3150.0,10
b50_lb5_k2_eps0p0025,local_only_offline_aggregate,shot_proportional,2,vqe_7_circuit,vqe,7,circuit,0.008641694963214477,0.01097050557780321,0.010971052631578935,0.7424999999999999,0.7275,10300.0,5450.0,10
b50_lb5_k2_eps0p0025,local_only_offline_aggregate,shot_proportional,2,vqe_8_circuit,vqe,8,circuit,0.010440781274545756,0.01306151553293466,0.013065145985401476,0.6212500000000001,0.5525,15150.0,8950.0,10
b50_lb5_k2_eps0p0025,local_only_offline_aggregate,shot_proportional,2,vqe_9_circuit,vqe,9,circuit,0.010639176949330514,0.01352522987045977,0.014491935483871005,0.605,0.5525,15800.0,8950.0,10
b50_lb5_k2_eps0p0025,local_only_offline_aggregate,shot_proportional,3,dj_10_circuit,dj,10,circuit,0.009079470083487938,0.01007080486950428,0.010162620423892071,0.5958333333333334,0.41000000000000003,24250.0,11800.0,10
b50_lb5_k2_eps0p0025,local_only_offline_aggregate,shot_proportional,3,dj_11_circuit,dj,11,circuit,0.010119994276282504,0.011207928997460148,0.01154684512428299,0.5075000000000001,0.395,29550.0,12100.0,10
b50_lb5_k2_eps0p0025,local_only_offline_aggregate,shot_proportional,3,dj_12_circuit,dj,12,circuit,0.01123202132997914,0.012004479170232413,0.012083969465648796,0.4504166666666667,0.3075,32975.0,13850.0,10
b50_lb5_k2_eps0p0025,local_only_offline_aggregate,shot_proportional,3,dj_13_circuit,dj,13,circuit,0.01024342902979708,0.011137918253809146,0.011167296511627855,0.4275,0.3175,34350.0,13650.0,10
b50_lb5_k2_eps0p0025,local_only_offline_aggregate,shot_proportional,3,dj_14_circuit,dj,14,circuit,0.010517120629370545,0.011435497331608346,0.011531807228915716,0.32875000000000004,0.20750000000000002,40275.0,15850.0,10
b50_lb5_k2_eps0p0025,local_only_offline_aggregate,shot_proportional,3,dj_15_circuit,dj,15,circuit,0.0068349895067176805,0.009886260639821927,0.010723235685752093,0.23250000000000004,0.0,46050.0,20000.0,10
b50_lb5_k2_eps0p0025,local_only_offline_aggregate,shot_proportional,3,dj_4_circuit,dj,4,circuit,0.0043358092783505175,0.005407771708683459,0.005743809523809509,0.9183333333333333,0.905,4900.0,1900.0,10
b50_lb5_k2_eps0p0025,local_only_offline_aggregate,shot_proportional,3,dj_5_circuit,dj,5,circuit,0.0038301434878587016,0.005217411057692257,0.0052730769230768864,0.8783333333333334,0.8575,7300.0,2850.0,10
b50_lb5_k2_eps0p0025,local_only_offline_aggregate,shot_proportional,3,dj_6_circuit,dj,6,circuit,0.006100143540669852,0.00722845402424768,0.007243452380952325,0.8591666666666666,0.84,8450.0,3200.0,10
b50_lb5_k2_eps0p0025,local_only_offline_aggregate,shot_proportional,3,dj_7_circuit,dj,7,circuit,0.007250486505017794,0.00808759202412508,0.008338345864661716,0.7879166666666666,0.7224999999999999,12725.0,5550.0,10
b50_lb5_k2_eps0p0025,local_only_offline_aggregate,shot_proportional,3,dj_8_circuit,dj,8,circuit,0.008314454633204604,0.008960563835770525,0.009163254593175813,0.7120833333333333,0.6275,17275.0,7450.0,10
b50_lb5_k2_eps0p0025,local_only_offline_aggregate,shot_proportional,3,dj_9_circuit,dj,9,circuit,0.008435040420941675,0.009196828753230147,0.00933732251521297,0.6399999999999999,0.5725,21600.0,8550.0,10
b50_lb5_k2_eps0p0025,local_only_offline_aggregate,shot_proportional,3,qaoa_10_circuit,qaoa,10,circuit,0.0,0.0,0.0,0.0,0.0,60000.0,20000.0,10
b50_lb5_k2_eps0p0025,local_only_offline_aggregate,shot_proportional,3,qaoa_11_circuit,qaoa,11,circuit,0.0,0.0,0.0,0.0,0.0,60000.0,20000.0,10
b50_lb5_k2_eps0p0025,local_only_offline_aggregate,shot_proportional,3,qaoa_12_circuit,qaoa,12,circuit,0.0,0.0,0.0,0.0,0.0,60000.0,20000.0,10
b50_lb5_k2_eps0p0025,local_only_offline_aggregate,shot_proportional,3,qaoa_13_circuit,qaoa,13,circuit,0.0,0.0,0.0,0.0,0.0,60000.0,20000.0,10
b50_lb5_k2_eps0p0025,local_only_offline_aggregate,shot_proportional,3,qaoa_14_circuit,qaoa,14,circuit,0.0,0.0,0.0,0.0,0.0,60000.0,20000.0,10
b50_lb5_k2_eps0p0025,local_only_offline_aggregate,shot_proportional,3,qaoa_15_circuit,qaoa,15,circuit,0.0,0.0,0.0,0.0,0.0,60000.0,20000.0,10
b50_lb5_k2_eps0p0025,local_only_offline_aggregate,shot_proportional,3,qaoa_4_circuit,qaoa,4,circuit,0.008652082231623505,0.011468232454318909,0.01191919642857137,0.7916666666666667,0.755,12500.0,4900.0,10
b50_lb5_k2_eps0p0025,local_only_offline_aggregate,shot_proportional,3,qaoa_5_circuit,qaoa,5,circuit,0.007312304883991445,0.008785530739391095,0.00910232108317214,0.5712499999999999,0.5,25725.0,10000.0,10
b50_lb5_k2_eps0p0025,local_only_offline_aggregate,shot_proportional,3,qaoa_6_circuit,qaoa,6,circuit,0.006675786908252501,0.007033051810560892,0.007071177944862139,0.29541666666666666,0.235,42275.0,15300.0,10
b50_lb5_k2_eps0p0025,local_only_offline_aggregate,shot_proportional,3,qaoa_7_circuit,qaoa,7,circuit,0.0022987920621225237,0.002895961369622486,0.0028959613696224926,0.03416666666666668,0.0,57950.0,20000.0,10
b50_lb5_k2_eps0p0025,local_only_offline_aggregate,shot_proportional,3,qaoa_8_circuit,qaoa,8,circuit,0.0,0.0,0.0,0.0,0.0,60000.0,20000.0,10
b50_lb5_k2_eps0p0025,local_only_offline_aggregate,shot_proportional,3,qaoa_9_circuit,qaoa,9,circuit,0.0,0.0,0.0,0.0,0.0,60000.0,20000.0,10
b50_lb5_k2_eps0p0025,local_only_offline_aggregate,shot_proportional,3,qft_10_circuit,qft,10,circuit,0.0,0.0,0.0,0.0,0.0,60000.0,20000.0,10
b50_lb5_k2_eps0p0025,local_only_offline_aggregate,shot_proportional,3,qft_11_circuit,qft,11,circuit,0.0,0.0,0.0,0.0,0.0,60000.0,20000.0,10
b50_lb5_k2_eps0p0025,local_only_offline_aggregate,shot_proportional,3,qft_12_circuit,qft,12,circuit,0.0,0.0,0.0,0.0,0.0,60000.0,20000.0,10
b50_lb5_k2_eps0p0025,local_only_offline_aggregate,shot_proportional,3,qft_13_circuit,qft,13,circuit,0.0,0.0,0.0,0.0,0.0,60000.0,20000.0,10
b50_lb5_k2_eps0p0025,local_only_offline_aggregate,shot_proportional,3,qft_14_circuit,qft,14,circuit,0.0,0.0,0.0,0.0,0.0,60000.0,20000.0,10
b50_lb5_k2_eps0p0025,local_only_offline_aggregate,shot_proportional,3,qft_15_circuit,qft,15,circuit,0.0,0.0,0.0,0.0,0.0,60000.0,20000.0,10
b50_lb5_k2_eps0p0025,local_only_offline_aggregate,shot_proportional,3,qft_4_circuit,qft,4,circuit,0.008584155046480748,0.010560112025975983,0.010875049309664712,0.57,0.53,25800.0,9400.0,10
b50_lb5_k2_eps0p0025,local_only_offline_aggregate,shot_proportional,3,qft_5_circuit,qft,5,circuit,0.007467346621957284,0.00820984190910033,0.00837321678321679,0.3854166666666667,0.3425,36875.0,13150.0,10
b50_lb5_k2_eps0p0025,local_only_offline_aggregate,shot_proportional,3,qft_6_circuit,qft,6,circuit,0.004376742626997531,0.004984309608569647,0.00514355742296918,0.1045833333333333,0.04749999999999999,53725.0,19050.0,10
b50_lb5_k2_eps0p0025,local_only_offline_aggregate,shot_proportional,3,qft_7_circuit,qft,7,circuit,0.0,0.0,0.0,0.0,0.0,60000.0,20000.0,10
b50_lb5_k2_eps0p0025,local_only_offline_aggregate,shot_proportional,3,qft_8_circuit,qft,8,circuit,0.0,0.0,0.0,0.0,0.0,60000.0,20000.0,10
b50_lb5_k2_eps0p0025,local_only_offline_aggregate,shot_proportional,3,qft_9_circuit,qft,9,circuit,0.0,0.0,0.0,0.0,0.0,60000.0,20000.0,10
b50_lb5_k2_eps0p0025,local_only_offline_aggregate,shot_proportional,3,qnn_10_circuit,qnn,10,circuit,0.0,0.0,0.0,0.0,0.0,60000.0,20000.0,10
b50_lb5_k2_eps0p0025,local_only_offline_aggregate,shot_proportional,3,qnn_11_circuit,qnn,11,circuit,0.0,0.0,0.0,0.0,0.0,60000.0,20000.0,10
b50_lb5_k2_eps0p0025,local_only_offline_aggregate,shot_proportional,3,qnn_12_circuit,qnn,12,circuit,0.0,0.0,0.0,0.0,0.0,60000.0,20000.0,10
b50_lb5_k2_eps0p0025,local_only_offline_aggregate,shot_proportional,3,qnn_13_circuit,qnn,13,circuit,0.0,0.0,0.0,0.0,0.0,60000.0,20000.0,10
b50_lb5_k2_eps0p0025,local_only_offline_aggregate,shot_proportional,3,qnn_14_circuit,qnn,14,circuit,0.0,0.0,0.0,0.0,0.0,60000.0,20000.0,10
b50_lb5_k2_eps0p0025,local_only_offline_aggregate,shot_proportional,3,qnn_15_circuit,qnn,15,circuit,0.0,0.0,0.0,0.0,0.0,60000.0,20000.0,10
b50_lb5_k2_eps0p0025,local_only_offline_aggregate,shot_proportional,3,qnn_4_circuit,qnn,4,circuit,0.010719775509234766,0.012826036311053966,0.013128020565552668,0.6641666666666667,0.5925,20150.0,8150.0,10
b50_lb5_k2_eps0p0025,local_only_offline_aggregate,shot_proportional,3,qnn_5_circuit,qnn,5,circuit,0.006036666319390182,0.007728522054791925,0.007807725321888412,0.4170833333333333,0.38249999999999995,34975.0,12350.0,10
b50_lb5_k2_eps0p0025,local_only_offline_aggregate,shot_proportional,3,qnn_6_circuit,qnn,6,circuit,0.0050907981200779134,0.006060679475294333,0.006505543710021328,0.20166666666666666,0.135,47900.0,17300.0,10
b50_lb5_k2_eps0p0025,local_only_offline_aggregate,shot_proportional,3,qnn_7_circuit,qnn,7,circuit,0.0,0.0,0.0,0.0,0.0,60000.0,20000.0,10
b50_lb5_k2_eps0p0025,local_only_offline_aggregate,shot_proportional,3,qnn_8_circuit,qnn,8,circuit,0.0,0.0,0.0,0.0,0.0,60000.0,20000.0,10
b50_lb5_k2_eps0p0025,local_only_offline_aggregate,shot_proportional,3,qnn_9_circuit,qnn,9,circuit,0.0,0.0,0.0,0.0,0.0,60000.0,20000.0,10
b50_lb5_k2_eps0p0025,local_only_offline_aggregate,shot_proportional,3,random_10_circuit,random,10,circuit,0.0,0.0,0.0,0.0,0.0,60000.0,20000.0,10
b50_lb5_k2_eps0p0025,local_only_offline_aggregate,shot_proportional,3,random_11_circuit,random,11,circuit,0.0,0.0,0.0,0.0,0.0,60000.0,20000.0,10
b50_lb5_k2_eps0p0025,local_only_offline_aggregate,shot_proportional,3,random_12_circuit,random,12,circuit,0.0,0.0,0.0,0.0,0.0,60000.0,20000.0,10
b50_lb5_k2_eps0p0025,local_only_offline_aggregate,shot_proportional,3,random_13_circuit,random,13,circuit,0.0,0.0,0.0,0.0,0.0,60000.0,20000.0,10
b50_lb5_k2_eps0p0025,local_only_offline_aggregate,shot_proportional,3,random_14_circuit,random,14,circuit,0.0,0.0,0.0,0.0,0.0,60000.0,20000.0,10
b50_lb5_k2_eps0p0025,local_only_offline_aggregate,shot_proportional,3,random_15_circuit,random,15,circuit,0.0,0.0,0.0,0.0,0.0,60000.0,20000.0,10
b50_lb5_k2_eps0p0025,local_only_offline_aggregate,shot_proportional,3,random_4_circuit,random,4,circuit,0.005951268505923244,0.009116837582829173,0.009248974358974354,0.6858333333333333,0.64,18850.0,7200.0,10
b50_lb5_k2_eps0p0025,local_only_offline_aggregate,shot_proportional,3,random_5_circuit,random,5,circuit,0.007101584302133326,0.00853219906617774,0.008566219008264462,0.5454166666666667,0.4325,27275.0,11350.0,10
b50_lb5_k2_eps0p0025,local_only_offline_aggregate,shot_proportional,3,random_6_circuit,random,6,circuit,0.004660925953129443,0.005709301649543244,0.005748953974895386,0.15791666666666665,0.022499999999999964,50525.0,19550.0,10
b50_lb5_k2_eps0p0025,local_only_offline_aggregate,shot_proportional,3,random_7_circuit,random,7,circuit,0.0,0.0,0.0,0.0,0.0,60000.0,20000.0,10
b50_lb5_k2_eps0p0025,local_only_offline_aggregate,shot_proportional,3,random_8_circuit,random,8,circuit,0.0,0.0,0.0,0.0,0.0,60000.0,20000.0,10
b50_lb5_k2_eps0p0025,local_only_offline_aggregate,shot_proportional,3,random_9_circuit,random,9,circuit,0.0,0.0,0.0,0.0,0.0,60000.0,20000.0,10
b50_lb5_k2_eps0p0025,local_only_offline_aggregate,shot_proportional,3,vqe_10_circuit,vqe,10,circuit,0.01292466331625279,0.01438829688836615,0.014558035714285742,0.52875,0.42500000000000004,28275.0,11500.0,10
b50_lb5_k2_eps0p0025,local_only_offline_aggregate,shot_proportional,3,vqe_11_circuit,vqe,11,circuit,0.01001597425301976,0.012602521446078357,0.012812254901960743,0.4995833333333334,0.36250000000000004,30025.0,12750.0,10
b50_lb5_k2_eps0p0025,local_only_offline_aggregate,shot_proportional,3,vqe_12_circuit,vqe,12,circuit,0.010819189333814289,0.011413001712887462,0.011502454545454576,0.4533333333333333,0.3075,32800.0,13850.0,10
b50_lb5_k2_eps0p0025,local_only_offline_aggregate,shot_proportional,3,vqe_13_circuit,vqe,13,circuit,0.0076806330562695785,0.010088931902294585,0.010614025974025937,0.25583333333333336,0.09999999999999998,44650.0,18000.0,10
b50_lb5_k2_eps0p0025,local_only_offline_aggregate,shot_proportional,3,vqe_14_circuit,vqe,14,circuit,0.004311538461538408,0.006712207527975656,0.006712207527975658,0.1333333333333333,0.0,52000.0,20000.0,10
b50_lb5_k2_eps0p0025,local_only_offline_aggregate,shot_proportional,3,vqe_15_circuit,vqe,15,circuit,0.003921150278293136,0.004831766917293224,0.004831766917293225,0.10166666666666668,0.0,53900.0,20000.0,10
b50_lb5_k2_eps0p0025,local_only_offline_aggregate,shot_proportional,3,vqe_4_circuit,vqe,4,circuit,0.0034202207207206714,0.004578772396082181,0.005090109890109883,0.9170833333333333,0.895,4975.0,2100.0,10
b50_lb5_k2_eps0p0025,local_only_offline_aggregate,shot_proportional,3,vqe_5_circuit,vqe,5,circuit,0.005546703446477674,0.007972771052631547,0.008041999999999981,0.8216666666666668,0.7775,10700.0,4450.0,10
b50_lb5_k2_eps0p0025,local_only_offline_aggregate,shot_proportional,3,vqe_6_circuit,vqe,6,circuit,0.006215723422752112,0.008192447368421061,0.008272631578947367,0.8441666666666667,0.7625,9350.0,4750.0,10
b50_lb5_k2_eps0p0025,local_only_offline_aggregate,shot_proportional,3,vqe_7_circuit,vqe,7,circuit,0.007364532880252701,0.009126091609589042,0.00921874999999997,0.7383333333333334,0.6699999999999999,15700.0,6600.0,10
b50_lb5_k2_eps0p0025,local_only_offline_aggregate,shot_proportional,3,vqe_8_circuit,vqe,8,circuit,0.008338943611761247,0.010106731935560307,0.010342643923240965,0.6333333333333333,0.49750000000000005,22000.0,10050.0,10
b50_lb5_k2_eps0p0025,local_only_offline_aggregate,shot_proportional,3,vqe_9_circuit,vqe,9,circuit,0.008474167747711564,0.010124248176925695,0.01098232445520581,0.6041666666666667,0.5025,23750.0,9950.0,10
b50_lb5_k2_eps0p0025,local_only_offline_aggregate,shot_proportional,4,dj_10_circuit,dj,10,circuit,0.007914888535031857,0.008659739173317428,0.008824041297935133,0.5925,0.41000000000000003,32600.0,11800.0,5
b50_lb5_k2_eps0p0025,local_only_offline_aggregate,shot_proportional,4,dj_11_circuit,dj,11,circuit,0.008974116930572464,0.00954530290367516,0.009577527322404411,0.52125,0.395,38300.0,12100.0,5
b50_lb5_k2_eps0p0025,local_only_offline_aggregate,shot_proportional,4,dj_12_circuit,dj,12,circuit,0.01035111583421883,0.010749289513819213,0.01082327586206905,0.469375,0.3075,42450.0,13850.0,5
b50_lb5_k2_eps0p0025,local_only_offline_aggregate,shot_proportional,4,dj_13_circuit,dj,13,circuit,0.009398255813953461,0.009485659283484443,0.009495276497695831,0.4425,0.3175,44600.0,13650.0,5
b50_lb5_k2_eps0p0025,local_only_offline_aggregate,shot_proportional,4,dj_14_circuit,dj,14,circuit,0.009524321705426383,0.009857085689816922,0.009938042430086702,0.35187500000000005,0.20750000000000002,51850.0,15850.0,5
b50_lb5_k2_eps0p0025,local_only_offline_aggregate,shot_proportional,4,dj_15_circuit,dj,15,circuit,0.005884033613445364,0.007876499475288883,0.008096460573476856,0.25625,0.0,59500.0,20000.0,5
b50_lb5_k2_eps0p0025,local_only_offline_aggregate,shot_proportional,4,dj_4_circuit,dj,4,circuit,0.004367153284671466,0.004813500678426105,0.004918181818181896,0.9175,0.905,6600.0,1900.0,5
b50_lb5_k2_eps0p0025,local_only_offline_aggregate,shot_proportional,4,dj_5_circuit,dj,5,circuit,0.0035439153439154295,0.004078720211826996,0.004168181818181809,0.8775,0.8575,9800.0,2850.0,5
b50_lb5_k2_eps0p0025,local_only_offline_aggregate,shot_proportional,4,dj_6_circuit,dj,6,circuit,0.005265086206896594,0.005572643171806126,0.005577533039647533,0.856875,0.84,11450.0,3200.0,5
b50_lb5_k2_eps0p0025,local_only_offline_aggregate,shot_proportional,4,dj_7_circuit,dj,7,circuit,0.006387461773700335,0.006644349206349239,0.006666666666666689,0.795625,0.7224999999999999,16350.0,5550.0,5
b50_lb5_k2_eps0p0025,local_only_offline_aggregate,shot_proportional,4,dj_8_circuit,dj,8,circuit,0.006693265306122344,0.007292208545522893,0.007357928118393219,0.704375,0.6275,23650.0,7450.0,5
b50_lb5_k2_eps0p0025,local_only_offline_aggregate,shot_proportional,4,dj_9_circuit,dj,9,circuit,0.007182495812395228,0.007624320842875605,0.007688519134775321,0.65875,0.5725,27300.0,8550.0,5
b50_lb5_k2_eps0p0025,local_only_offline_aggregate,shot_proportional,4,qaoa_10_circuit,qaoa,10,circuit,0.0,0.0,0.0,0.0,0.0,80000.0,20000.0,5
b50_lb5_k2_eps0p0025,local_only_offline_aggregate,shot_proportional,4,qaoa_11_circuit,qaoa,11,circuit,0.0,0.0,0.0,0.0,0.0,80000.0,20000.0,5
b50_lb5_k2_eps0p0025,local_only_offline_aggregate,shot_proportional,4,qaoa_12_circuit,qaoa,12,circuit,0.0,0.0,0.0,0.0,0.0,80000.0,20000.0,5
b50_lb5_k2_eps0p0025,local_only_offline_aggregate,shot_proportional,4,qaoa_13_circuit,qaoa,13,circuit,0.0,0.0,0.0,0.0,0.0,80000.0,20000.0,5
b50_lb5_k2_eps0p0025,local_only_offline_aggregate,shot_proportional,4,qaoa_14_circuit,qaoa,14,circuit,0.0,0.0,0.0,0.0,0.0,80000.0,20000.0,5
b50_lb5_k2_eps0p0025,local_only_offline_aggregate,shot_proportional,4,qaoa_15_circuit,qaoa,15,circuit,0.0,0.0,0.0,0.0,0.0,80000.0,20000.0,5
b50_lb5_k2_eps0p0025,local_only_offline_aggregate,shot_proportional,4,qaoa_4_circuit,qaoa,4,circuit,0.007798595505617954,0.009766108832376233,0.0100022012578616,0.79625,0.755,16300.0,4900.0,5
b50_lb5_k2_eps0p0025,local_only_offline_aggregate,shot_proportional,4,qaoa_5_circuit,qaoa,5,circuit,0.005871040723981866,0.007276081149718797,0.007568899858956241,0.5643750000000001,0.5,34850.0,10000.0,5
b50_lb5_k2_eps0p0025,local_only_offline_aggregate,shot_proportional,4,qaoa_6_circuit,qaoa,6,circuit,0.005778985507246363,0.0058868349219357245,0.0059010064043916064,0.308125,0.235,55350.0,15300.0,5
b50_lb5_k2_eps0p0025,local_only_offline_aggregate,shot_proportional,4,qaoa_7_circuit,qaoa,7,circuit,0.0021432748538011692,0.0021432748538011697,0.0021432748538011697,0.038124999999999964,0.0,76950.0,20000.0,5
b50_lb5_k2_eps0p0025,local_only_offline_aggregate,shot_proportional,4,qaoa_8_circuit,qaoa,8,circuit,0.0,0.0,0.0,0.0,0.0,80000.0,20000.0,5
b50_lb5_k2_eps0p0025,local_only_offline_aggregate,shot_proportional,4,qaoa_9_circuit,qaoa,9,circuit,0.0,0.0,0.0,0.0,0.0,80000.0,20000.0,5
b50_lb5_k2_eps0p0025,local_only_offline_aggregate,shot_proportional,4,qft_10_circuit,qft,10,circuit,0.0,0.0,0.0,0.0,0.0,80000.0,20000.0,5
b50_lb5_k2_eps0p0025,local_only_offline_aggregate,shot_proportional,4,qft_11_circuit,qft,11,circuit,0.0,0.0,0.0,0.0,0.0,80000.0,20000.0,5
b50_lb5_k2_eps0p0025,local_only_offline_aggregate,shot_proportional,4,qft_12_circuit,qft,12,circuit,0.0,0.0,0.0,0.0,0.0,80000.0,20000.0,5
b50_lb5_k2_eps0p0025,local_only_offline_aggregate,shot_proportional,4,qft_13_circuit,qft,13,circuit,0.0,0.0,0.0,0.0,0.0,80000.0,20000.0,5
b50_lb5_k2_eps0p0025,local_only_offline_aggregate,shot_proportional,4,qft_14_circuit,qft,14,circuit,0.0,0.0,0.0,0.0,0.0,80000.0,20000.0,5
b50_lb5_k2_eps0p0025,local_only_offline_aggregate,shot_proportional,4,qft_15_circuit,qft,15,circuit,0.0,0.0,0.0,0.0,0.0,80000.0,20000.0,5
b50_lb5_k2_eps0p0025,local_only_offline_aggregate,shot_proportional,4,qft_4_circuit,qft,4,circuit,0.00850909090909091,0.009152589347356174,0.009285467625899255,0.56875,0.53,34500.0,9400.0,5
b50_lb5_k2_eps0p0025,local_only_offline_aggregate,shot_proportional,4,qft_5_circuit,qft,5,circuit,0.006783267716535436,0.007114934807606181,0.007181496461071803,0.38187499999999996,0.3425,49450.0,13150.0,5
b50_lb5_k2_eps0p0025,local_only_offline_aggregate,shot_proportional,4,qft_6_circuit,qft,6,circuit,0.003797623966942139,0.004025867648912595,0.004065949188426258,0.09375,0.04749999999999999,72500.0,19050.0,5
b50_lb5_k2_eps0p0025,local_only_offline_aggregate,shot_proportional,4,qft_7_circuit,qft,7,circuit,0.0,0.0,0.0,0.0,0.0,80000.0,20000.0,5
b50_lb5_k2_eps0p0025,local_only_offline_aggregate,shot_proportional,4,qft_8_circuit,qft,8,circuit,0.0,0.0,0.0,0.0,0.0,80000.0,20000.0,5
b50_lb5_k2_eps0p0025,local_only_offline_aggregate,shot_proportional,4,qft_9_circuit,qft,9,circuit,0.0,0.0,0.0,0.0,0.0,80000.0,20000.0,5
b50_lb5_k2_eps0p0025,local_only_offline_aggregate,shot_proportional,4,qnn_10_circuit,qnn,10,circuit,0.0,0.0,0.0,0.0,0.0,80000.0,20000.0,5
b50_lb5_k2_eps0p0025,local_only_offline_aggregate,shot_proportional,4,qnn_11_circuit,qnn,11,circuit,0.0,0.0,0.0,0.0,0.0,80000.0,20000.0,5
b50_lb5_k2_eps0p0025,local_only_offline_aggregate,shot_proportional,4,qnn_12_circuit,qnn,12,circuit,0.0,0.0,0.0,0.0,0.0,80000.0,20000.0,5
b50_lb5_k2_eps0p0025,local_only_offline_aggregate,shot_proportional,4,qnn_13_circuit,qnn,13,circuit,0.0,0.0,0.0,0.0,0.0,80000.0,20000.0,5
b50_lb5_k2_eps0p0025,local_only_offline_aggregate,shot_proportional,4,qnn_14_circuit,qnn,14,circuit,0.0,0.0,0.0,0.0,0.0,80000.0,20000.0,5
b50_lb5_k2_eps0p0025,local_only_offline_aggregate,shot_proportional,4,qnn_15_circuit,qnn,15,circuit,0.0,0.0,0.0,0.0,0.0,80000.0,20000.0,5
b50_lb5_k2_eps0p0025,local_only_offline_aggregate,shot_proportional,4,qnn_4_circuit,qnn,4,circuit,0.010739279437609833,0.011479328883044102,0.011654793233082692,0.6675,0.5925,26600.0,8150.0,5
b50_lb5_k2_eps0p0025,local_only_offline_aggregate,shot_proportional,4,qnn_5_circuit,qnn,5,circuit,0.0055081984897518785,0.005752974352760607,0.0057652126499454686,0.420625,0.38249999999999995,46350.0,12350.0,5
b50_lb5_k2_eps0p0025,local_only_offline_aggregate,shot_proportional,4,qnn_6_circuit,qnn,6,circuit,0.004267022900763382,0.0048530669408099825,0.004938160000000022,0.20375,0.135,63700.0,17300.0,5
b50_lb5_k2_eps0p0025,local_only_offline_aggregate,shot_proportional,4,qnn_7_circuit,qnn,7,circuit,0.0,0.0,0.0,0.0,0.0,80000.0,20000.0,5
b50_lb5_k2_eps0p0025,local_only_offline_aggregate,shot_proportional,4,qnn_8_circuit,qnn,8,circuit,0.0,0.0,0.0,0.0,0.0,80000.0,20000.0,5
b50_lb5_k2_eps0p0025,local_only_offline_aggregate,shot_proportional,4,qnn_9_circuit,qnn,9,circuit,0.0,0.0,0.0,0.0,0.0,80000.0,20000.0,5
b50_lb5_k2_eps0p0025,local_only_offline_aggregate,shot_proportional,4,random_10_circuit,random,10,circuit,0.0,0.0,0.0,0.0,0.0,80000.0,20000.0,5
b50_lb5_k2_eps0p0025,local_only_offline_aggregate,shot_proportional,4,random_11_circuit,random,11,circuit,0.0,0.0,0.0,0.0,0.0,80000.0,20000.0,5
b50_lb5_k2_eps0p0025,local_only_offline_aggregate,shot_proportional,4,random_12_circuit,random,12,circuit,0.0,0.0,0.0,0.0,0.0,80000.0,20000.0,5
b50_lb5_k2_eps0p0025,local_only_offline_aggregate,shot_proportional,4,random_13_circuit,random,13,circuit,0.0,0.0,0.0,0.0,0.0,80000.0,20000.0,5
b50_lb5_k2_eps0p0025,local_only_offline_aggregate,shot_proportional,4,random_14_circuit,random,14,circuit,0.0,0.0,0.0,0.0,0.0,80000.0,20000.0,5
b50_lb5_k2_eps0p0025,local_only_offline_aggregate,shot_proportional,4,random_15_circuit,random,15,circuit,0.0,0.0,0.0,0.0,0.0,80000.0,20000.0,5
b50_lb5_k2_eps0p0025,local_only_offline_aggregate,shot_proportional,4,random_4_circuit,random,4,circuit,0.005737209302325625,0.007053727204968969,0.007269100000000018,0.6875,0.64,25000.0,7200.0,5
b50_lb5_k2_eps0p0025,local_only_offline_aggregate,shot_proportional,4,random_5_circuit,random,5,circuit,0.006241578947368413,0.007234908497455648,0.007456997084548114,0.5349999999999999,0.4325,37200.0,11350.0,5
b50_lb5_k2_eps0p0025,local_only_offline_aggregate,shot_proportional,4,random_6_circuit,random,6,circuit,0.003962124624624649,0.0045080046264241065,0.004595575567736884,0.15874999999999995,0.022499999999999964,67300.0,19550.0,5
b50_lb5_k2_eps0p0025,local_only_offline_aggregate,shot_proportional,4,random_7_circuit,random,7,circuit,0.0,0.0,0.0,0.0,0.0,80000.0,20000.0,5
b50_lb5_k2_eps0p0025,local_only_offline_aggregate,shot_proportional,4,random_8_circuit,random,8,circuit,0.0,0.0,0.0,0.0,0.0,80000.0,20000.0,5
b50_lb5_k2_eps0p0025,local_only_offline_aggregate,shot_proportional,4,random_9_circuit,random,9,circuit,0.0,0.0,0.0,0.0,0.0,80000.0,20000.0,5
b50_lb5_k2_eps0p0025,local_only_offline_aggregate,shot_proportional,4,vqe_10_circuit,vqe,10,circuit,0.011983100558659133,0.01266805133714944,0.012768687589158334,0.5431250000000001,0.42500000000000004,36550.0,11500.0,5
b50_lb5_k2_eps0p0025,local_only_offline_aggregate,shot_proportional,4,vqe_11_circuit,vqe,11,circuit,0.00926612515042117,0.011018026427962454,0.011382336956521714,0.521875,0.36250000000000004,38250.0,12750.0,5
b50_lb5_k2_eps0p0025,local_only_offline_aggregate,shot_proportional,4,vqe_12_circuit,vqe,12,circuit,0.009693954050785953,0.009984627495363793,0.010023426966292118,0.44375,0.3075,44500.0,13850.0,5
b50_lb5_k2_eps0p0025,local_only_offline_aggregate,shot_proportional,4,vqe_13_circuit,vqe,13,circuit,0.006851443768997002,0.008278654867256572,0.008411415929203452,0.2925,0.09999999999999998,56600.0,18000.0,5
b50_lb5_k2_eps0p0025,local_only_offline_aggregate,shot_proportional,4,vqe_14_circuit,vqe,14,circuit,0.004770860448300788,0.004770860448300832,0.004770860448300843,0.135625,0.0,69150.0,20000.0,5
b50_lb5_k2_eps0p0025,local_only_offline_aggregate,shot_proportional,4,vqe_15_circuit,vqe,15,circuit,0.003511612021857909,0.0035116120218579303,0.003511612021857933,0.08499999999999996,0.0,73200.0,20000.0,5
b50_lb5_k2_eps0p0025,local_only_offline_aggregate,shot_proportional,4,vqe_4_circuit,vqe,4,circuit,0.002694202898550715,0.003834667437825275,0.0039461538461537625,0.91625,0.895,6700.0,2100.0,5
b50_lb5_k2_eps0p0025,local_only_offline_aggregate,shot_proportional,4,vqe_5_circuit,vqe,5,circuit,0.0046643369175628085,0.005065399132521252,0.0051543402777777985,0.8200000000000001,0.7775,14400.0,4450.0,5
b50_lb5_k2_eps0p0025,local_only_offline_aggregate,shot_proportional,4,vqe_6_circuit,vqe,6,circuit,0.005297209302325563,0.006359811827956999,0.006500806451612901,0.845,0.7625,12400.0,4750.0,5
b50_lb5_k2_eps0p0025,local_only_offline_aggregate,shot_proportional,4,vqe_7_circuit,vqe,7,circuit,0.006492268041237211,0.007084041949074967,0.0071410194174757755,0.7424999999999999,0.6699999999999999,20600.0,6600.0,5
b50_lb5_k2_eps0p0025,local_only_offline_aggregate,shot_proportional,4,vqe_8_circuit,vqe,8,circuit,0.007125771604938227,0.008112539321137882,0.008202482269503531,0.6212500000000001,0.49750000000000005,30300.0,10050.0,5
b50_lb5_k2_eps0p0025,local_only_offline_aggregate,shot_proportional,4,vqe_9_circuit,vqe,9,circuit,0.007247467320261438,0.007560354578684491,0.007576900149031288,0.605,0.5025,31600.0,9950.0,5
b50_lb5_k2_eps0p0025,local_only_offline_aggregate,shot_proportional,5,dj_10_circuit,dj,10,circuit,0.007256288532675677,0.007256288532675677,0.007256288532675677,0.5945,0.41000000000000003,40550.0,11800.0,1
b50_lb5_k2_eps0p0025,local_only_offline_aggregate,shot_proportional,5,dj_11_circuit,dj,11,circuit,0.008263501026694028,0.008263501026694028,0.008263501026694028,0.513,0.395,48700.0,12100.0,1
b50_lb5_k2_eps0p0025,local_only_offline_aggregate,shot_proportional,5,dj_12_circuit,dj,12,circuit,0.009674538745387455,0.009674538745387455,0.009674538745387455,0.45799999999999996,0.3075,54200.0,13850.0,1
b50_lb5_k2_eps0p0025,local_only_offline_aggregate,shot_proportional,5,dj_13_circuit,dj,13,circuit,0.008212886142983171,0.008212886142983171,0.008212886142983171,0.4335,0.3175,56650.0,13650.0,1
b50_lb5_k2_eps0p0025,local_only_offline_aggregate,shot_proportional,5,dj_14_circuit,dj,14,circuit,0.008705022658610182,0.008705022658610182,0.008705022658610182,0.33799999999999997,0.20750000000000002,66200.0,15850.0,1
b50_lb5_k2_eps0p0025,local_only_offline_aggregate,shot_proportional,5,dj_15_circuit,dj,15,circuit,0.005960191292876042,0.005960191292876042,0.005960191292876042,0.242,0.0,75800.0,20000.0,1
b50_lb5_k2_eps0p0025,local_only_offline_aggregate,shot_proportional,5,dj_4_circuit,dj,4,circuit,0.004441463414634145,0.004441463414634145,0.004441463414634145,0.918,0.905,8200.0,1900.0,1
b50_lb5_k2_eps0p0025,local_only_offline_aggregate,shot_proportional,5,dj_5_circuit,dj,5,circuit,0.002995491803278739,0.002995491803278739,0.002995491803278739,0.878,0.8575,12200.0,2850.0,1
b50_lb5_k2_eps0p0025,local_only_offline_aggregate,shot_proportional,5,dj_6_circuit,dj,6,circuit,0.004492439862542965,0.004492439862542965,0.004492439862542965,0.8545,0.84,14550.0,3200.0,1
b50_lb5_k2_eps0p0025,local_only_offline_aggregate,shot_proportional,5,dj_7_circuit,dj,7,circuit,0.005688038277511939,0.005688038277511939,0.005688038277511939,0.791,0.7224999999999999,20900.0,5550.0,1
b50_lb5_k2_eps0p0025,local_only_offline_aggregate,shot_proportional,5,dj_8_circuit,dj,8,circuit,0.005734621993127088,0.005734621993127088,0.005734621993127088,0.7090000000000001,0.6275,29100.0,7450.0,1
b50_lb5_k2_eps0p0025,local_only_offline_aggregate,shot_proportional,5,dj_9_circuit,dj,9,circuit,0.0062426950354610156,0.0062426950354610156,0.0062426950354610156,0.6475,0.5725,35250.0,8550.0,1
b50_lb5_k2_eps0p0025,local_only_offline_aggregate,shot_proportional,5,qaoa_10_circuit,qaoa,10,circuit,0.0,0.0,0.0,0.0,0.0,100000.0,20000.0,1
b50_lb5_k2_eps0p0025,local_only_offline_aggregate,shot_proportional,5,qaoa_11_circuit,qaoa,11,circuit,0.0,0.0,0.0,0.0,0.0,100000.0,20000.0,1
b50_lb5_k2_eps0p0025,local_only_offline_aggregate,shot_proportional,5,qaoa_12_circuit,qaoa,12,circuit,0.0,0.0,0.0,0.0,0.0,100000.0,20000.0,1
b50_lb5_k2_eps0p0025,local_only_offline_aggregate,shot_proportional,5,qaoa_13_circuit,qaoa,13,circuit,0.0,0.0,0.0,0.0,0.0,100000.0,20000.0,1
b50_lb5_k2_eps0p0025,local_only_offline_aggregate,shot_proportional,5,qaoa_14_circuit,qaoa,14,circuit,0.0,0.0,0.0,0.0,0.0,100000.0,20000.0,1
b50_lb5_k2_eps0p0025,local_only_offline_aggregate,shot_proportional,5,qaoa_15_circuit,qaoa,15,circuit,0.0,0.0,0.0,0.0,0.0,100000.0,20000.0,1
b50_lb5_k2_eps0p0025,local_only_offline_aggregate,shot_proportional,5,qaoa_4_circuit,qaoa,4,circuit,0.007556009615384628,0.007556009615384628,0.007556009615384628,0.792,0.755,20800.0,4900.0,1
b50_lb5_k2_eps0p0025,local_only_offline_aggregate,shot_proportional,5,qaoa_5_circuit,qaoa,5,circuit,0.005761587485515657,0.005761587485515657,0.005761587485515657,0.5685,0.5,43150.0,10000.0,1
b50_lb5_k2_eps0p0025,local_only_offline_aggregate,shot_proportional,5,qaoa_6_circuit,qaoa,6,circuit,0.005208005718370269,0.005208005718370269,0.005208005718370269,0.3005,0.235,69950.0,15300.0,1
b50_lb5_k2_eps0p0025,local_only_offline_aggregate,shot_proportional,5,qaoa_7_circuit,qaoa,7,circuit,0.0017011346054667546,0.0017011346054667546,0.0017011346054667546,0.03049999999999997,0.0,96950.0,20000.0,1
b50_lb5_k2_eps0p0025,local_only_offline_aggregate,shot_proportional,5,qaoa_8_circuit,qaoa,8,circuit,0.0,0.0,0.0,0.0,0.0,100000.0,20000.0,1
b50_lb5_k2_eps0p0025,local_only_offline_aggregate,shot_proportional,5,qaoa_9_circuit,qaoa,9,circuit,0.0,0.0,0.0,0.0,0.0,100000.0,20000.0,1
b50_lb5_k2_eps0p0025,local_only_offline_aggregate,shot_proportional,5,qft_10_circuit,qft,10,circuit,0.0,0.0,0.0,0.0,0.0,100000.0,20000.0,1
b50_lb5_k2_eps0p0025,local_only_offline_aggregate,shot_proportional,5,qft_11_circuit,qft,11,circuit,0.0,0.0,0.0,0.0,0.0,100000.0,20000.0,1
b50_lb5_k2_eps0p0025,local_only_offline_aggregate,shot_proportional,5,qft_12_circuit,qft,12,circuit,0.0,0.0,0.0,0.0,0.0,100000.0,20000.0,1
b50_lb5_k2_eps0p0025,local_only_offline_aggregate,shot_proportional,5,qft_13_circuit,qft,13,circuit,0.0,0.0,0.0,0.0,0.0,100000.0,20000.0,1
b50_lb5_k2_eps0p0025,local_only_offline_aggregate,shot_proportional,5,qft_14_circuit,qft,14,circuit,0.0,0.0,0.0,0.0,0.0,100000.0,20000.0,1
b50_lb5_k2_eps0p0025,local_only_offline_aggregate,shot_proportional,5,qft_15_circuit,qft,15,circuit,0.0,0.0,0.0,0.0,0.0,100000.0,20000.0,1
b50_lb5_k2_eps0p0025,local_only_offline_aggregate,shot_proportional,5,qft_4_circuit,qft,4,circuit,0.007799008168027994,0.007799008168027994,0.007799008168027994,0.5715,0.53,42850.0,9400.0,1
b50_lb5_k2_eps0p0025,local_only_offline_aggregate,shot_proportional,5,qft_5_circuit,qft,5,circuit,0.006250565885206137,0.006250565885206137,0.006250565885206137,0.38149999999999995,0.3425,61850.0,13150.0,1
b50_lb5_k2_eps0p0025,local_only_offline_aggregate,shot_proportional,5,qft_6_circuit,qft,6,circuit,0.0034652113459399296,0.0034652113459399296,0.0034652113459399296,0.10099999999999998,0.04749999999999999,89900.0,19050.0,1
b50_lb5_k2_eps0p0025,local_only_offline_aggregate,shot_proportional,5,qft_7_circuit,qft,7,circuit,0.0,0.0,0.0,0.0,0.0,100000.0,20000.0,1
b50_lb5_k2_eps0p0025,local_only_offline_aggregate,shot_proportional,5,qft_8_circuit,qft,8,circuit,0.0,0.0,0.0,0.0,0.0,100000.0,20000.0,1
b50_lb5_k2_eps0p0025,local_only_offline_aggregate,shot_proportional,5,qft_9_circuit,qft,9,circuit,0.0,0.0,0.0,0.0,0.0,100000.0,20000.0,1
b50_lb5_k2_eps0p0025,local_only_offline_aggregate,shot_proportional,5,qnn_10_circuit,qnn,10,circuit,0.0,0.0,0.0,0.0,0.0,100000.0,20000.0,1
b50_lb5_k2_eps0p0025,local_only_offline_aggregate,shot_proportional,5,qnn_11_circuit,qnn,11,circuit,0.0,0.0,0.0,0.0,0.0,100000.0,20000.0,1
b50_lb5_k2_eps0p0025,local_only_offline_aggregate,shot_proportional,5,qnn_12_circuit,qnn,12,circuit,0.0,0.0,0.0,0.0,0.0,100000.0,20000.0,1
b50_lb5_k2_eps0p0025,local_only_offline_aggregate,shot_proportional,5,qnn_13_circuit,qnn,13,circuit,0.0,0.0,0.0,0.0,0.0,100000.0,20000.0,1
b50_lb5_k2_eps0p0025,local_only_offline_aggregate,shot_proportional,5,qnn_14_circuit,qnn,14,circuit,0.0,0.0,0.0,0.0,0.0,100000.0,20000.0,1
b50_lb5_k2_eps0p0025,local_only_offline_aggregate,shot_proportional,5,qnn_15_circuit,qnn,15,circuit,0.0,0.0,0.0,0.0,0.0,100000.0,20000.0,1
b50_lb5_k2_eps0p0025,local_only_offline_aggregate,shot_proportional,5,qnn_4_circuit,qnn,4,circuit,0.010160612855007464,0.010160612855007464,0.010160612855007464,0.6655,0.5925,33450.0,8150.0,1
b50_lb5_k2_eps0p0025,local_only_offline_aggregate,shot_proportional,5,qnn_5_circuit,qnn,5,circuit,0.0040306964746345715,0.0040306964746345715,0.0040306964746345715,0.4185,0.38249999999999995,58150.0,12350.0,1
b50_lb5_k2_eps0p0025,local_only_offline_aggregate,shot_proportional,5,qnn_6_circuit,qnn,6,circuit,0.003731641604010027,0.003731641604010027,0.003731641604010027,0.20199999999999996,0.135,79800.0,17300.0,1
b50_lb5_k2_eps0p0025,local_only_offline_aggregate,shot_proportional,5,qnn_7_circuit,qnn,7,circuit,0.0,0.0,0.0,0.0,0.0,100000.0,20000.0,1
b50_lb5_k2_eps0p0025,local_only_offline_aggregate,shot_proportional,5,qnn_8_circuit,qnn,8,circuit,0.0,0.0,0.0,0.0,0.0,100000.0,20000.0,1
b50_lb5_k2_eps0p0025,local_only_offline_aggregate,shot_proportional,5,qnn_9_circuit,qnn,9,circuit,0.0,0.0,0.0,0.0,0.0,100000.0,20000.0,1
b50_lb5_k2_eps0p0025,local_only_offline_aggregate,shot_proportional,5,random_10_circuit,random,10,circuit,0.0,0.0,0.0,0.0,0.0,100000.0,20000.0,1
b50_lb5_k2_eps0p0025,local_only_offline_aggregate,shot_proportional,5,random_11_circuit,random,11,circuit,0.0,0.0,0.0,0.0,0.0,100000.0,20000.0,1
b50_lb5_k2_eps0p0025,local_only_offline_aggregate,shot_proportional,5,random_12_circuit,random,12,circuit,0.0,0.0,0.0,0.0,0.0,100000.0,20000.0,1
b50_lb5_k2_eps0p0025,local_only_offline_aggregate,shot_proportional,5,random_13_circuit,random,13,circuit,0.0,0.0,0.0,0.0,0.0,100000.0,20000.0,1
b50_lb5_k2_eps0p0025,local_only_offline_aggregate,shot_proportional,5,random_14_circuit,random,14,circuit,0.0,0.0,0.0,0.0,0.0,100000.0,20000.0,1
b50_lb5_k2_eps0p0025,local_only_offline_aggregate,shot_proportional,5,random_15_circuit,random,15,circuit,0.0,0.0,0.0,0.0,0.0,100000.0,20000.0,1
b50_lb5_k2_eps0p0025,local_only_offline_aggregate,shot_proportional,5,random_4_circuit,random,4,circuit,0.005187320574162685,0.005187320574162685,0.005187320574162685,0.6865,0.64,31350.0,7200.0,1
b50_lb5_k2_eps0p0025,local_only_offline_aggregate,shot_proportional,5,random_5_circuit,random,5,circuit,0.005522343921139079,0.005522343921139079,0.005522343921139079,0.5435,0.4325,45650.0,11350.0,1
b50_lb5_k2_eps0p0025,local_only_offline_aggregate,shot_proportional,5,random_6_circuit,random,6,circuit,0.003459442446043179,0.003459442446043179,0.003459442446043179,0.16600000000000004,0.022499999999999964,83400.0,19550.0,1
b50_lb5_k2_eps0p0025,local_only_offline_aggregate,shot_proportional,5,random_7_circuit,random,7,circuit,0.0,0.0,0.0,0.0,0.0,100000.0,20000.0,1
b50_lb5_k2_eps0p0025,local_only_offline_aggregate,shot_proportional,5,random_8_circuit,random,8,circuit,0.0,0.0,0.0,0.0,0.0,100000.0,20000.0,1
b50_lb5_k2_eps0p0025,local_only_offline_aggregate,shot_proportional,5,random_9_circuit,random,9,circuit,0.0,0.0,0.0,0.0,0.0,100000.0,20000.0,1
b50_lb5_k2_eps0p0025,local_only_offline_aggregate,shot_proportional,5,vqe_10_circuit,vqe,10,circuit,0.011111009667024711,0.011111009667024711,0.011111009667024711,0.5345,0.42500000000000004,46550.0,11500.0,1
b50_lb5_k2_eps0p0025,local_only_offline_aggregate,shot_proportional,5,vqe_11_circuit,vqe,11,circuit,0.008832542885973741,0.008832542885973741,0.008832542885973741,0.5045,0.36250000000000004,49550.0,12750.0,1
b50_lb5_k2_eps0p0025,local_only_offline_aggregate,shot_proportional,5,vqe_12_circuit,vqe,12,circuit,0.008872343324250699,0.008872343324250699,0.008872343324250699,0.4495,0.3075,55050.0,13850.0,1
b50_lb5_k2_eps0p0025,local_only_offline_aggregate,shot_proportional,5,vqe_13_circuit,vqe,13,circuit,0.006642416107382597,0.006642416107382597,0.006642416107382597,0.255,0.09999999999999998,74500.0,18000.0,1
b50_lb5_k2_eps0p0025,local_only_offline_aggregate,shot_proportional,5,vqe_14_circuit,vqe,14,circuit,0.0037005608524958355,0.0037005608524958355,0.0037005608524958355,0.10850000000000004,0.0,89150.0,20000.0,1
b50_lb5_k2_eps0p0025,local_only_offline_aggregate,shot_proportional,5,vqe_15_circuit,vqe,15,circuit,0.00275804721030042,0.00275804721030042,0.00275804721030042,0.06799999999999995,0.0,93200.0,20000.0,1
b50_lb5_k2_eps0p0025,local_only_offline_aggregate,shot_proportional,5,vqe_4_circuit,vqe,4,circuit,0.002775290697674431,0.002775290697674431,0.002775290697674431,0.914,0.895,8600.0,2100.0,1
b50_lb5_k2_eps0p0025,local_only_offline_aggregate,shot_proportional,5,vqe_5_circuit,vqe,5,circuit,0.003840083798882707,0.003840083798882707,0.003840083798882707,0.821,0.7775,17900.0,4450.0,1
b50_lb5_k2_eps0p0025,local_only_offline_aggregate,shot_proportional,5,vqe_6_circuit,vqe,6,circuit,0.004408548387096807,0.004408548387096807,0.004408548387096807,0.845,0.7625,15500.0,4750.0,1
b50_lb5_k2_eps0p0025,local_only_offline_aggregate,shot_proportional,5,vqe_7_circuit,vqe,7,circuit,0.005697019230769247,0.005697019230769247,0.005697019230769247,0.74,0.6699999999999999,26000.0,6600.0,1
b50_lb5_k2_eps0p0025,local_only_offline_aggregate,shot_proportional,5,vqe_8_circuit,vqe,8,circuit,0.006095491251682372,0.006095491251682372,0.006095491251682372,0.6285000000000001,0.49750000000000005,37150.0,10050.0,1
b50_lb5_k2_eps0p0025,local_only_offline_aggregate,shot_proportional,5,vqe_9_circuit,vqe,9,circuit,0.005295069532237684,0.005295069532237684,0.005295069532237684,0.6045,0.5025,39550.0,9950.0,1
b50_lb5_k2_eps0p0025,local_only_offline_aggregate,uniform,1,dj_10_circuit,dj,10,circuit,0.014354644808743234,0.01730949685534596,0.017799371069182453,0.6025,0.6025,7950.0,7950.0,5
b50_lb5_k2_eps0p0025,local_only_offline_aggregate,uniform,1,dj_11_circuit,dj,11,circuit,0.013675837320574166,0.017057145581691087,0.017657692307692353,0.48,0.48,10400.0,10400.0,5
b50_lb5_k2_eps0p0025,local_only_offline_aggregate,uniform,1,dj_12_circuit,dj,12,circuit,0.01617272727272731,0.017745191760401176,0.01811914893617025,0.4125,0.4125,11750.0,11750.0,5
b50_lb5_k2_eps0p0025,local_only_offline_aggregate,uniform,1,dj_13_circuit,dj,13,circuit,0.017601162790697702,0.018326928092654304,0.01843091286307062,0.39749999999999996,0.39749999999999996,12050.0,12050.0,5
b50_lb5_k2_eps0p0025,local_only_offline_aggregate,uniform,1,dj_14_circuit,dj,14,circuit,0.015445296167247562,0.019148183846773664,0.019911085972850646,0.2825,0.2825,14350.0,14350.0,5
b50_lb5_k2_eps0p0025,local_only_offline_aggregate,uniform,1,dj_15_circuit,dj,15,circuit,0.013638343558282175,0.01724260838663828,0.017562189054726413,0.18500000000000005,0.18500000000000005,16300.0,16300.0,5
b50_lb5_k2_eps0p0025,local_only_offline_aggregate,uniform,1,dj_4_circuit,dj,4,circuit,0.006033783783783786,0.007393450292397641,0.007697368421052611,0.92,0.92,1600.0,1600.0,5
b50_lb5_k2_eps0p0025,local_only_offline_aggregate,uniform,1,dj_5_circuit,dj,5,circuit,0.0066500000000000075,0.00855038277511964,0.008663636363636392,0.88,0.88,2400.0,2400.0,5
b50_lb5_k2_eps0p0025,local_only_offline_aggregate,uniform,1,dj_6_circuit,dj,6,circuit,0.008900000000000016,0.014930524876981956,0.015537096774193546,0.845,0.845,3100.0,3100.0,5
b50_lb5_k2_eps0p0025,local_only_offline_aggregate,uniform,1,dj_7_circuit,dj,7,circuit,0.011137864077669882,0.014313083853083863,0.014985585585585597,0.7725,0.7725,4550.0,4550.0,5
b50_lb5_k2_eps0p0025,local_only_offline_aggregate,uniform,1,dj_8_circuit,dj,8,circuit,0.010581751824817532,0.018252538636783458,0.01850963302752295,0.7275,0.7275,5450.0,5450.0,5
b50_lb5_k2_eps0p0025,local_only_offline_aggregate,uniform,1,dj_9_circuit,dj,9,circuit,0.013882748538011722,0.016321727140783737,0.016737735849056586,0.6025,0.6025,7950.0,7950.0,5
b50_lb5_k2_eps0p0025,local_only_offline_aggregate,uniform,1,qaoa_10_circuit,qaoa,10,circuit,0.0,0.0,0.0,0.0,0.0,20000.0,20000.0,5
b50_lb5_k2_eps0p0025,local_only_offline_aggregate,uniform,1,qaoa_11_circuit,qaoa,11,circuit,0.0,0.0,0.0,0.0,0.0,20000.0,20000.0,5
b50_lb5_k2_eps0p0025,local_only_offline_aggregate,uniform,1,qaoa_12_circuit,qaoa,12,circuit,0.0,0.0,0.0,0.0,0.0,20000.0,20000.0,5
b50_lb5_k2_eps0p0025,local_only_offline_aggregate,uniform,1,qaoa_13_circuit,qaoa,13,circuit,0.0,0.0,0.0,0.0,0.0,20000.0,20000.0,5
b50_lb5_k2_eps0p0025,local_only_offline_aggregate,uniform,1,qaoa_14_circuit,qaoa,14,circuit,0.0,0.0,0.0,0.0,0.0,20000.0,20000.0,5
b50_lb5_k2_eps0p0025,local_only_offline_aggregate,uniform,1,qaoa_15_circuit,qaoa,15,circuit,0.0,0.0,0.0,0.0,0.0,20000.0,20000.0,5
b50_lb5_k2_eps0p0025,local_only_offline_aggregate,uniform,1,qaoa_4_circuit,qaoa,4,circuit,0.011933333333333348,0.015659369369369357,0.01573333333333332,0.775,0.775,4500.0,4500.0,5
b50_lb5_k2_eps0p0025,local_only_offline_aggregate,uniform,1,qaoa_5_circuit,qaoa,5,circuit,0.013404166666666663,0.015785502273996655,0.01613278145695365,0.585,0.585,8300.0,8300.0,5
b50_lb5_k2_eps0p0025,local_only_offline_aggregate,uniform,1,qaoa_6_circuit,qaoa,6,circuit,0.010798630136986303,0.01302153538384597,0.01356451612903227,0.27,0.27,14600.0,14600.0,5
b50_lb5_k2_eps0p0025,local_only_offline_aggregate,uniform,1,qaoa_7_circuit,qaoa,7,circuit,0.0,0.007250842984899578,0.0074214484679665784,0.0,0.0,20000.0,20000.0,5
b50_lb5_k2_eps0p0025,local_only_offline_aggregate,uniform,1,qaoa_8_circuit,qaoa,8,circuit,0.0,0.0,0.0,0.0,0.0,20000.0,20000.0,5
b50_lb5_k2_eps0p0025,local_only_offline_aggregate,uniform,1,qaoa_9_circuit,qaoa,9,circuit,0.0,0.0,0.0,0.0,0.0,20000.0,20000.0,5
b50_lb5_k2_eps0p0025,local_only_offline_aggregate,uniform,1,qft_10_circuit,qft,10,circuit,0.0,0.0,0.0,0.0,0.0,20000.0,20000.0,5
b50_lb5_k2_eps0p0025,local_only_offline_aggregate,uniform,1,qft_11_circuit,qft,11,circuit,0.0,0.0,0.0,0.0,0.0,20000.0,20000.0,5
b50_lb5_k2_eps0p0025,local_only_offline_aggregate,uniform,1,qft_12_circuit,qft,12,circuit,0.0,0.0,0.0,0.0,0.0,20000.0,20000.0,5
b50_lb5_k2_eps0p0025,local_only_offline_aggregate,uniform,1,qft_13_circuit,qft,13,circuit,0.0,0.0,0.0,0.0,0.0,20000.0,20000.0,5
b50_lb5_k2_eps0p0025,local_only_offline_aggregate,uniform,1,qft_14_circuit,qft,14,circuit,0.0,0.0,0.0,0.0,0.0,20000.0,20000.0,5
b50_lb5_k2_eps0p0025,local_only_offline_aggregate,uniform,1,qft_15_circuit,qft,15,circuit,0.0,0.0,0.0,0.0,0.0,20000.0,20000.0,5
b50_lb5_k2_eps0p0025,local_only_offline_aggregate,uniform,1,qft_4_circuit,qft,4,circuit,0.013286363636363655,0.014723665262068456,0.01507155688622755,0.5825,0.5825,8350.0,8350.0,5
b50_lb5_k2_eps0p0025,local_only_offline_aggregate,uniform,1,qft_5_circuit,qft,5,circuit,0.012215447154471547,0.015043536749419101,0.015381447963800901,0.38,0.38,12400.0,12400.0,5
b50_lb5_k2_eps0p0025,local_only_offline_aggregate,uniform,1,qft_6_circuit,qft,6,circuit,0.008364942528735634,0.008737663207342875,0.008760662824207496,0.13,0.13,17400.0,17400.0,5
b50_lb5_k2_eps0p0025,local_only_offline_aggregate,uniform,1,qft_7_circuit,qft,7,circuit,0.0,0.0,0.0,0.0,0.0,20000.0,20000.0,5
b50_lb5_k2_eps0p0025,local_only_offline_aggregate,uniform,1,qft_8_circuit,qft,8,circuit,0.0,0.0,0.0,0.0,0.0,20000.0,20000.0,5
b50_lb5_k2_eps0p0025,local_only_offline_aggregate,uniform,1,qft_9_circuit,qft,9,circuit,0.0,0.0,0.0,0.0,0.0,20000.0,20000.0,5
b50_lb5_k2_eps0p0025,local_only_offline_aggregate,uniform,1,qnn_10_circuit,qnn,10,circuit,0.0,0.0,0.0,0.0,0.0,20000.0,20000.0,5
b50_lb5_k2_eps0p0025,local_only_offline_aggregate,uniform,1,qnn_11_circuit,qnn,11,circuit,0.0,0.0,0.0,0.0,0.0,20000.0,20000.0,5
b50_lb5_k2_eps0p0025,local_only_offline_aggregate,uniform,1,qnn_12_circuit,qnn,12,circuit,0.0,0.0,0.0,0.0,0.0,20000.0,20000.0,5
b50_lb5_k2_eps0p0025,local_only_offline_aggregate,uniform,1,qnn_13_circuit,qnn,13,circuit,0.0,0.0,0.0,0.0,0.0,20000.0,20000.0,5
b50_lb5_k2_eps0p0025,local_only_offline_aggregate,uniform,1,qnn_14_circuit,qnn,14,circuit,0.0,0.0,0.0,0.0,0.0,20000.0,20000.0,5
b50_lb5_k2_eps0p0025,local_only_offline_aggregate,uniform,1,qnn_15_circuit,qnn,15,circuit,0.0,0.0,0.0,0.0,0.0,20000.0,20000.0,5
b50_lb5_k2_eps0p0025,local_only_offline_aggregate,uniform,1,qnn_4_circuit,qnn,4,circuit,0.01573111888111888,0.017445113519322906,0.017554014598540134,0.6575,0.6575,6850.0,6850.0,5
b50_lb5_k2_eps0p0025,local_only_offline_aggregate,uniform,1,qnn_5_circuit,qnn,5,circuit,0.012733333333333324,0.014437704564870186,0.014766396761133605,0.41000000000000003,0.41000000000000003,11800.0,11800.0,5
b50_lb5_k2_eps0p0025,local_only_offline_aggregate,uniform,1,qnn_6_circuit,qnn,6,circuit,0.00909242424242425,0.012296783216783225,0.012740209790209798,0.19499999999999995,0.19499999999999995,16100.0,16100.0,5
b50_lb5_k2_eps0p0025,local_only_offline_aggregate,uniform,1,qnn_7_circuit,qnn,7,circuit,0.0,0.0,0.0,0.0,0.0,20000.0,20000.0,5
b50_lb5_k2_eps0p0025,local_only_offline_aggregate,uniform,1,qnn_8_circuit,qnn,8,circuit,0.0,0.0,0.0,0.0,0.0,20000.0,20000.0,5
b50_lb5_k2_eps0p0025,local_only_offline_aggregate,uniform,1,qnn_9_circuit,qnn,9,circuit,0.0,0.0,0.0,0.0,0.0,20000.0,20000.0,5
b50_lb5_k2_eps0p0025,local_only_offline_aggregate,uniform,1,random_10_circuit,random,10,circuit,0.0,0.0,0.0,0.0,0.0,20000.0,20000.0,5
b50_lb5_k2_eps0p0025,local_only_offline_aggregate,uniform,1,random_11_circuit,random,11,circuit,0.0,0.0,0.0,0.0,0.0,20000.0,20000.0,5
b50_lb5_k2_eps0p0025,local_only_offline_aggregate,uniform,1,random_12_circuit,random,12,circuit,0.0,0.0,0.0,0.0,0.0,20000.0,20000.0,5
b50_lb5_k2_eps0p0025,local_only_offline_aggregate,uniform,1,random_13_circuit,random,13,circuit,0.0,0.0,0.0,0.0,0.0,20000.0,20000.0,5
b50_lb5_k2_eps0p0025,local_only_offline_aggregate,uniform,1,random_14_circuit,random,14,circuit,0.0,0.0,0.0,0.0,0.0,20000.0,20000.0,5
b50_lb5_k2_eps0p0025,local_only_offline_aggregate,uniform,1,random_15_circuit,random,15,circuit,0.0,0.0,0.0,0.0,0.0,20000.0,20000.0,5
b50_lb5_k2_eps0p0025,local_only_offline_aggregate,uniform,1,random_4_circuit,random,4,circuit,0.010995454545454569,0.014819369369369378,0.015350000000000011,0.6825,0.6825,6350.0,6350.0,5
b50_lb5_k2_eps0p0025,local_only_offline_aggregate,uniform,1,random_5_circuit,random,5,circuit,0.011512130177514778,0.01364114742193173,0.013828395061728387,0.5775,0.5775,8450.0,8450.0,5
b50_lb5_k2_eps0p0025,local_only_offline_aggregate,uniform,1,random_6_circuit,random,6,circuit,0.00913095238095238,0.011042893432854552,0.011155369127516787,0.19499999999999995,0.19499999999999995,16100.0,16100.0,5
b50_lb5_k2_eps0p0025,local_only_offline_aggregate,uniform,1,random_7_circuit,random,7,circuit,0.0,0.0,0.0,0.0,0.0,20000.0,20000.0,5
b50_lb5_k2_eps0p0025,local_only_offline_aggregate,uniform,1,random_8_circuit,random,8,circuit,0.0,0.0,0.0,0.0,0.0,20000.0,20000.0,5
b50_lb5_k2_eps0p0025,local_only_offline_aggregate,uniform,1,random_9_circuit,random,9,circuit,0.0,0.0,0.0,0.0,0.0,20000.0,20000.0,5
b50_lb5_k2_eps0p0025,local_only_offline_aggregate,uniform,1,vqe_10_circuit,vqe,10,circuit,0.017350000000000088,0.021091515637530117,0.02186206896551728,0.5,0.5,10000.0,10000.0,5
b50_lb5_k2_eps0p0025,local_only_offline_aggregate,uniform,1,vqe_11_circuit,vqe,11,circuit,0.014976991150442466,0.018357234042553176,0.018434042553191463,0.43500000000000005,0.43500000000000005,11300.0,11300.0,5
b50_lb5_k2_eps0p0025,local_only_offline_aggregate,uniform,1,vqe_12_circuit,vqe,12,circuit,0.015366788321167977,0.019295351141749278,0.020063507109004782,0.47250000000000003,0.47250000000000003,10550.0,10550.0,5
b50_lb5_k2_eps0p0025,local_only_offline_aggregate,uniform,1,vqe_13_circuit,vqe,13,circuit,0.010098882681564256,0.019523434753211766,0.020461764705882506,0.10499999999999998,0.10499999999999998,17900.0,17900.0,5
b50_lb5_k2_eps0p0025,local_only_offline_aggregate,uniform,1,vqe_14_circuit,vqe,14,circuit,0.0,0.017224392614188632,0.018683333333333434,0.0,0.0,20000.0,20000.0,5
b50_lb5_k2_eps0p0025,local_only_offline_aggregate,uniform,1,vqe_15_circuit,vqe,15,circuit,0.0,0.01309117903604576,0.015205035971223016,0.0,0.0,20000.0,20000.0,5
b50_lb5_k2_eps0p0025,local_only_offline_aggregate,uniform,1,vqe_4_circuit,vqe,4,circuit,0.006288235294117608,0.010405588972431098,0.010942105263157921,0.905,0.905,1900.0,1900.0,5
b50_lb5_k2_eps0p0025,local_only_offline_aggregate,uniform,1,vqe_5_circuit,vqe,5,circuit,0.011348101265822797,0.015283492063492074,0.016165079365079382,0.825,0.825,3500.0,3500.0,5
b50_lb5_k2_eps0p0025,local_only_offline_aggregate,uniform,1,vqe_6_circuit,vqe,6,circuit,0.010297368421052661,0.014604357398873523,0.015637301587301575,0.845,0.845,3100.0,3100.0,5
b50_lb5_k2_eps0p0025,local_only_offline_aggregate,uniform,1,vqe_7_circuit,vqe,7,circuit,0.012683027522935804,0.014810000000000025,0.015316666666666685,0.73,0.73,5400.0,5400.0,5
b50_lb5_k2_eps0p0025,local_only_offline_aggregate,uniform,1,vqe_8_circuit,vqe,8,circuit,0.015262189054726373,0.01778658791419679,0.018078625954198492,0.6575,0.6575,6850.0,6850.0,5
b50_lb5_k2_eps0p0025,local_only_offline_aggregate,uniform,1,vqe_9_circuit,vqe,9,circuit,0.016044134078212303,0.01833496855345914,0.018883333333333353,0.6025,0.6025,7950.0,7950.0,5
b50_lb5_k2_eps0p0025,local_only_offline_aggregate,uniform,2,dj_10_circuit,dj,10,circuit,0.011162152043884266,0.011886618605622477,0.011986214156273342,0.5925,0.5425,16300.0,9150.0,10
b50_lb5_k2_eps0p0025,local_only_offline_aggregate,uniform,2,dj_11_circuit,dj,11,circuit,0.010973462266755508,0.013032878749790583,0.013208689458689554,0.52125,0.47750000000000004,19150.0,10450.0,10
b50_lb5_k2_eps0p0025,local_only_offline_aggregate,uniform,2,dj_12_circuit,dj,12,circuit,0.01272664140802484,0.013742101692953366,0.01388335893693834,0.469375,0.31999999999999995,21225.0,13600.0,10
b50_lb5_k2_eps0p0025,local_only_offline_aggregate,uniform,2,dj_13_circuit,dj,13,circuit,0.01236482938227543,0.013630320687396022,0.013711922040223893,0.4425,0.3375,22300.0,13250.0,10
b50_lb5_k2_eps0p0025,local_only_offline_aggregate,uniform,2,dj_14_circuit,dj,14,circuit,0.012274239685651313,0.014154348126701521,0.014310753743380394,0.351875,0.27,25925.0,14600.0,10
b50_lb5_k2_eps0p0025,local_only_offline_aggregate,uniform,2,dj_15_circuit,dj,15,circuit,0.009616219964268764,0.012930363710588217,0.013324378109452818,0.25625000000000003,0.08750000000000002,29750.0,18250.0,10
b50_lb5_k2_eps0p0025,local_only_offline_aggregate,uniform,2,dj_4_circuit,dj,4,circuit,0.005015390390390416,0.006131151019440476,0.006198245614035041,0.9175,0.9075,3300.0,1850.0,10
b50_lb5_k2_eps0p0025,local_only_offline_aggregate,uniform,2,dj_5_circuit,dj,5,circuit,0.004356617952985271,0.006375067783094141,0.006380701754386026,0.8775,0.8625,4900.0,2750.0,10
b50_lb5_k2_eps0p0025,local_only_offline_aggregate,uniform,2,dj_6_circuit,dj,6,circuit,0.007898774213075076,0.009464811347926273,0.009555040322580664,0.8474999999999999,0.84,6100.0,3200.0,10
b50_lb5_k2_eps0p0025,local_only_offline_aggregate,uniform,2,dj_7_circuit,dj,7,circuit,0.007619456436420704,0.009836082968270491,0.009907481932481943,0.795625,0.7424999999999999,8175.0,5150.0,10
b50_lb5_k2_eps0p0025,local_only_offline_aggregate,uniform,2,dj_8_circuit,dj,8,circuit,0.009721701533480889,0.011750974804349827,0.011889009454759252,0.704375,0.6575,11825.0,6850.0,10
b50_lb5_k2_eps0p0025,local_only_offline_aggregate,uniform,2,dj_9_circuit,dj,9,circuit,0.009268141791216933,0.011589837198743092,0.011750783405053537,0.65875,0.5925,13650.0,8150.0,10
b50_lb5_k2_eps0p0025,local_only_offline_aggregate,uniform,2,qaoa_10_circuit,qaoa,10,circuit,0.0,0.0,0.0,0.0,0.0,40000.0,20000.0,10
b50_lb5_k2_eps0p0025,local_only_offline_aggregate,uniform,2,qaoa_11_circuit,qaoa,11,circuit,0.0,0.0,0.0,0.0,0.0,40000.0,20000.0,10
b50_lb5_k2_eps0p0025,local_only_offline_aggregate,uniform,2,qaoa_12_circuit,qaoa,12,circuit,0.0,0.0,0.0,0.0,0.0,40000.0,20000.0,10
b50_lb5_k2_eps0p0025,local_only_offline_aggregate,uniform,2,qaoa_13_circuit,qaoa,13,circuit,0.0,0.0,0.0,0.0,0.0,40000.0,20000.0,10
b50_lb5_k2_eps0p0025,local_only_offline_aggregate,uniform,2,qaoa_14_circuit,qaoa,14,circuit,0.0,0.0,0.0,0.0,0.0,40000.0,20000.0,10
b50_lb5_k2_eps0p0025,local_only_offline_aggregate,uniform,2,qaoa_15_circuit,qaoa,15,circuit,0.0,0.0,0.0,0.0,0.0,40000.0,20000.0,10
b50_lb5_k2_eps0p0025,local_only_offline_aggregate,uniform,2,qaoa_4_circuit,qaoa,4,circuit,0.009885971800067542,0.012997413663663677,0.013831906906906935,0.7925,0.765,8300.0,4700.0,10
b50_lb5_k2_eps0p0025,local_only_offline_aggregate,uniform,2,qaoa_5_circuit,qaoa,5,circuit,0.009870863649402813,0.010867130625149598,0.01120016356817999,0.5643750000000001,0.52,17425.0,9600.0,10
b50_lb5_k2_eps0p0025,local_only_offline_aggregate,uniform,2,qaoa_6_circuit,qaoa,6,circuit,0.007403130517653792,0.009052105380797254,0.009119954988747183,0.308125,0.26249999999999996,27675.0,14750.0,10
b50_lb5_k2_eps0p0025,local_only_offline_aggregate,uniform,2,qaoa_7_circuit,qaoa,7,circuit,0.00328421052631579,0.00414462230611347,0.00449962981967453,0.025000000000000022,0.0,39000.0,20000.0,10
b50_lb5_k2_eps0p0025,local_only_offline_aggregate,uniform,2,qaoa_8_circuit,qaoa,8,circuit,0.0,0.0,0.0,0.0,0.0,40000.0,20000.0,10
b50_lb5_k2_eps0p0025,local_only_offline_aggregate,uniform,2,qaoa_9_circuit,qaoa,9,circuit,0.0,0.0,0.0,0.0,0.0,40000.0,20000.0,10
b50_lb5_k2_eps0p0025,local_only_offline_aggregate,uniform,2,qft_10_circuit,qft,10,circuit,0.0,0.0,0.0,0.0,0.0,40000.0,20000.0,10
b50_lb5_k2_eps0p0025,local_only_offline_aggregate,uniform,2,qft_11_circuit,qft,11,circuit,0.0,0.0,0.0,0.0,0.0,40000.0,20000.0,10
b50_lb5_k2_eps0p0025,local_only_offline_aggregate,uniform,2,qft_12_circuit,qft,12,circuit,0.0,0.0,0.0,0.0,0.0,40000.0,20000.0,10
b50_lb5_k2_eps0p0025,local_only_offline_aggregate,uniform,2,qft_13_circuit,qft,13,circuit,0.0,0.0,0.0,0.0,0.0,40000.0,20000.0,10
b50_lb5_k2_eps0p0025,local_only_offline_aggregate,uniform,2,qft_14_circuit,qft,14,circuit,0.0,0.0,0.0,0.0,0.0,40000.0,20000.0,10
b50_lb5_k2_eps0p0025,local_only_offline_aggregate,uniform,2,qft_15_circuit,qft,15,circuit,0.0,0.0,0.0,0.0,0.0,40000.0,20000.0,10
b50_lb5_k2_eps0p0025,local_only_offline_aggregate,uniform,2,qft_4_circuit,qft,4,circuit,0.010043130008289594,0.011994219904347158,0.012538964927288294,0.57375,0.5625,17050.0,8750.0,10
b50_lb5_k2_eps0p0025,local_only_offline_aggregate,uniform,2,qft_5_circuit,qft,5,circuit,0.009156878317613845,0.009839625787071956,0.00990266158996433,0.375625,0.35250000000000004,24975.0,12950.0,10
b50_lb5_k2_eps0p0025,local_only_offline_aggregate,uniform,2,qft_6_circuit,qft,6,circuit,0.005547790839980901,0.006111802255616205,0.006159721945385685,0.09562499999999996,0.06000000000000005,36175.0,18800.0,10
b50_lb5_k2_eps0p0025,local_only_offline_aggregate,uniform,2,qft_7_circuit,qft,7,circuit,0.0,0.0,0.0,0.0,0.0,40000.0,20000.0,10
b50_lb5_k2_eps0p0025,local_only_offline_aggregate,uniform,2,qft_8_circuit,qft,8,circuit,0.0,0.0,0.0,0.0,0.0,40000.0,20000.0,10
b50_lb5_k2_eps0p0025,local_only_offline_aggregate,uniform,2,qft_9_circuit,qft,9,circuit,0.0,0.0,0.0,0.0,0.0,40000.0,20000.0,10
b50_lb5_k2_eps0p0025,local_only_offline_aggregate,uniform,2,qnn_10_circuit,qnn,10,circuit,0.0,0.0,0.0,0.0,0.0,40000.0,20000.0,10
b50_lb5_k2_eps0p0025,local_only_offline_aggregate,uniform,2,qnn_11_circuit,qnn,11,circuit,0.0,0.0,0.0,0.0,0.0,40000.0,20000.0,10
b50_lb5_k2_eps0p0025,local_only_offline_aggregate,uniform,2,qnn_12_circuit,qnn,12,circuit,0.0,0.0,0.0,0.0,0.0,40000.0,20000.0,10
b50_lb5_k2_eps0p0025,local_only_offline_aggregate,uniform,2,qnn_13_circuit,qnn,13,circuit,0.0,0.0,0.0,0.0,0.0,40000.0,20000.0,10
b50_lb5_k2_eps0p0025,local_only_offline_aggregate,uniform,2,qnn_14_circuit,qnn,14,circuit,0.0,0.0,0.0,0.0,0.0,40000.0,20000.0,10
b50_lb5_k2_eps0p0025,local_only_offline_aggregate,uniform,2,qnn_15_circuit,qnn,15,circuit,0.0,0.0,0.0,0.0,0.0,40000.0,20000.0,10
b50_lb5_k2_eps0p0025,local_only_offline_aggregate,uniform,2,qnn_4_circuit,qnn,4,circuit,0.012196991712890569,0.014172002750998149,0.014870849157658983,0.6675,0.6425000000000001,13300.0,7150.0,10
b50_lb5_k2_eps0p0025,local_only_offline_aggregate,uniform,2,qnn_5_circuit,qnn,5,circuit,0.008000019482440494,0.010215499229930543,0.011052046783625737,0.420625,0.385,23175.0,12300.0,10
b50_lb5_k2_eps0p0025,local_only_offline_aggregate,uniform,2,qnn_6_circuit,qnn,6,circuit,0.006479019463195763,0.008148282261217048,0.00870332167832168,0.2025,0.17500000000000004,31900.0,16500.0,10
b50_lb5_k2_eps0p0025,local_only_offline_aggregate,uniform,2,qnn_7_circuit,qnn,7,circuit,0.0,0.0,0.0,0.0,0.0,40000.0,20000.0,10
b50_lb5_k2_eps0p0025,local_only_offline_aggregate,uniform,2,qnn_8_circuit,qnn,8,circuit,0.0,0.0,0.0,0.0,0.0,40000.0,20000.0,10
b50_lb5_k2_eps0p0025,local_only_offline_aggregate,uniform,2,qnn_9_circuit,qnn,9,circuit,0.0,0.0,0.0,0.0,0.0,40000.0,20000.0,10
b50_lb5_k2_eps0p0025,local_only_offline_aggregate,uniform,2,random_10_circuit,random,10,circuit,0.0,0.0,0.0,0.0,0.0,40000.0,20000.0,10
b50_lb5_k2_eps0p0025,local_only_offline_aggregate,uniform,2,random_11_circuit,random,11,circuit,0.0,0.0,0.0,0.0,0.0,40000.0,20000.0,10
b50_lb5_k2_eps0p0025,local_only_offline_aggregate,uniform,2,random_12_circuit,random,12,circuit,0.0,0.0,0.0,0.0,0.0,40000.0,20000.0,10
b50_lb5_k2_eps0p0025,local_only_offline_aggregate,uniform,2,random_13_circuit,random,13,circuit,0.0,0.0,0.0,0.0,0.0,40000.0,20000.0,10
b50_lb5_k2_eps0p0025,local_only_offline_aggregate,uniform,2,random_14_circuit,random,14,circuit,0.0,0.0,0.0,0.0,0.0,40000.0,20000.0,10
b50_lb5_k2_eps0p0025,local_only_offline_aggregate,uniform,2,random_15_circuit,random,15,circuit,0.0,0.0,0.0,0.0,0.0,40000.0,20000.0,10
b50_lb5_k2_eps0p0025,local_only_offline_aggregate,uniform,2,random_4_circuit,random,4,circuit,0.00829388272488669,0.010864142892892894,0.01104086586586588,0.6875,0.6625,12500.0,6750.0,10
b50_lb5_k2_eps0p0025,local_only_offline_aggregate,uniform,2,random_5_circuit,random,5,circuit,0.008858758625819387,0.010188508354615875,0.010326888377529424,0.5406249999999999,0.495,18375.0,10100.0,10
b50_lb5_k2_eps0p0025,local_only_offline_aggregate,uniform,2,random_6_circuit,random,6,circuit,0.0063333991215340215,0.007356175650307796,0.007381029291852228,0.17812499999999998,0.16000000000000003,32875.0,16800.0,10
b50_lb5_k2_eps0p0025,local_only_offline_aggregate,uniform,2,random_7_circuit,random,7,circuit,0.0,0.0,0.0,0.0,0.0,40000.0,20000.0,10
b50_lb5_k2_eps0p0025,local_only_offline_aggregate,uniform,2,random_8_circuit,random,8,circuit,0.0,0.0,0.0,0.0,0.0,40000.0,20000.0,10
b50_lb5_k2_eps0p0025,local_only_offline_aggregate,uniform,2,random_9_circuit,random,9,circuit,0.0,0.0,0.0,0.0,0.0,40000.0,20000.0,10
b50_lb5_k2_eps0p0025,local_only_offline_aggregate,uniform,2,vqe_10_circuit,vqe,10,circuit,0.014384357991093572,0.017095236567762614,0.017114615076182834,0.5431250000000001,0.4625,18275.0,10750.0,10
b50_lb5_k2_eps0p0025,local_only_offline_aggregate,uniform,2,vqe_11_circuit,vqe,11,circuit,0.011863610255813863,0.014841028842926492,0.015398404255319154,0.5118750000000001,0.4125,19525.0,11750.0,10
b50_lb5_k2_eps0p0025,local_only_offline_aggregate,uniform,2,vqe_12_circuit,vqe,12,circuit,0.01242266012298553,0.013497641201329742,0.013666530020021848,0.44375,0.31499999999999995,22250.0,13700.0,10
b50_lb5_k2_eps0p0025,local_only_offline_aggregate,uniform,2,vqe_13_circuit,vqe,13,circuit,0.010215435904022012,0.01358910907264087,0.01418126388486433,0.25375,0.09999999999999998,29850.0,18000.0,10
b50_lb5_k2_eps0p0025,local_only_offline_aggregate,uniform,2,vqe_14_circuit,vqe,14,circuit,0.0056943148688046825,0.010843810738581231,0.01207283770651126,0.07125000000000004,0.0,37150.0,20000.0,10
b50_lb5_k2_eps0p0025,local_only_offline_aggregate,uniform,2,vqe_15_circuit,vqe,15,circuit,0.0023178756476683725,0.00821595906176612,0.008717865396801697,0.01749999999999996,0.0,39300.0,20000.0,10
b50_lb5_k2_eps0p0025,local_only_offline_aggregate,uniform,2,vqe_4_circuit,vqe,4,circuit,0.004706819934451524,0.006747840557275527,0.007151934984520088,0.909375,0.9025,3625.0,1950.0,10
b50_lb5_k2_eps0p0025,local_only_offline_aggregate,uniform,2,vqe_5_circuit,vqe,5,circuit,0.00790718216421205,0.01083783193984465,0.011548809523809546,0.8200000000000001,0.8025,7200.0,3950.0,10
b50_lb5_k2_eps0p0025,local_only_offline_aggregate,uniform,2,vqe_6_circuit,vqe,6,circuit,0.006725748272934836,0.009962021720969093,0.01007510442773599,0.84625,0.8425,6150.0,3150.0,10
b50_lb5_k2_eps0p0025,local_only_offline_aggregate,uniform,2,vqe_7_circuit,vqe,7,circuit,0.008909285901831807,0.010676536697247711,0.010807339449541348,0.7424999999999999,0.7275,10300.0,5450.0,10
b50_lb5_k2_eps0p0025,local_only_offline_aggregate,uniform,2,vqe_8_circuit,vqe,8,circuit,0.00984829313984984,0.012867064897760046,0.013426112756826553,0.6212500000000001,0.5525,15150.0,8950.0,10
b50_lb5_k2_eps0p0025,local_only_offline_aggregate,uniform,2,vqe_9_circuit,vqe,9,circuit,0.01105257289760747,0.013638505115929784,0.014517295597484263,0.605,0.5525,15800.0,8950.0,10
b50_lb5_k2_eps0p0025,local_only_offline_aggregate,uniform,3,dj_10_circuit,dj,10,circuit,0.00877588778756883,0.009969386435668472,0.010123244111018545,0.5958333333333334,0.41000000000000003,24250.0,11800.0,10
b50_lb5_k2_eps0p0025,local_only_offline_aggregate,uniform,3,dj_11_circuit,dj,11,circuit,0.010089503250916242,0.010956377218872795,0.011266325903580836,0.5075000000000001,0.395,29550.0,12100.0,10
b50_lb5_k2_eps0p0025,local_only_offline_aggregate,uniform,3,dj_12_circuit,dj,12,circuit,0.010951938006638209,0.011805220083244498,0.01197506845383415,0.4504166666666667,0.3075,32975.0,13850.0,10
b50_lb5_k2_eps0p0025,local_only_offline_aggregate,uniform,3,dj_13_circuit,dj,13,circuit,0.010241182035351789,0.011227342255398579,0.011289952205731719,0.4275,0.3175,34350.0,13650.0,10
b50_lb5_k2_eps0p0025,local_only_offline_aggregate,uniform,3,dj_14_circuit,dj,14,circuit,0.010638936455622368,0.011610997658578776,0.011833829035365517,0.32875000000000004,0.20750000000000002,40275.0,15850.0,10
b50_lb5_k2_eps0p0025,local_only_offline_aggregate,uniform,3,dj_15_circuit,dj,15,circuit,0.008481107153125781,0.010479544043769886,0.010965587305947608,0.23250000000000004,0.0,46050.0,20000.0,10
b50_lb5_k2_eps0p0025,local_only_offline_aggregate,uniform,3,dj_4_circuit,dj,4,circuit,0.004267204704704669,0.005365661055792611,0.005677208787735095,0.9183333333333333,0.905,4900.0,1900.0,10
b50_lb5_k2_eps0p0025,local_only_offline_aggregate,uniform,3,dj_5_circuit,dj,5,circuit,0.0035587857984883445,0.005084225146198847,0.0051787347155768495,0.8783333333333334,0.8575,7300.0,2850.0,10
b50_lb5_k2_eps0p0025,local_only_offline_aggregate,uniform,3,dj_6_circuit,dj,6,circuit,0.0059559749993490976,0.007020242309745067,0.007039050743315337,0.8591666666666666,0.84,8450.0,3200.0,10
b50_lb5_k2_eps0p0025,local_only_offline_aggregate,uniform,3,dj_7_circuit,dj,7,circuit,0.00646495761051937,0.007560776244277468,0.007735993960993945,0.7879166666666666,0.7224999999999999,12725.0,5550.0,10
b50_lb5_k2_eps0p0025,local_only_offline_aggregate,uniform,3,dj_8_circuit,dj,8,circuit,0.007922155120631396,0.008468098549379096,0.008509317289742153,0.7120833333333333,0.6275,17275.0,7450.0,10
b50_lb5_k2_eps0p0025,local_only_offline_aggregate,uniform,3,dj_9_circuit,dj,9,circuit,0.00789234464039568,0.008857797832802699,0.009342329302697515,0.6399999999999999,0.5725,21600.0,8550.0,10
b50_lb5_k2_eps0p0025,local_only_offline_aggregate,uniform,3,qaoa_10_circuit,qaoa,10,circuit,0.0,0.0,0.0,0.0,0.0,60000.0,20000.0,10
b50_lb5_k2_eps0p0025,local_only_offline_aggregate,uniform,3,qaoa_11_circuit,qaoa,11,circuit,0.0,0.0,0.0,0.0,0.0,60000.0,20000.0,10
b50_lb5_k2_eps0p0025,local_only_offline_aggregate,uniform,3,qaoa_12_circuit,qaoa,12,circuit,0.0,0.0,0.0,0.0,0.0,60000.0,20000.0,10
b50_lb5_k2_eps0p0025,local_only_offline_aggregate,uniform,3,qaoa_13_circuit,qaoa,13,circuit,0.0,0.0,0.0,0.0,0.0,60000.0,20000.0,10
b50_lb5_k2_eps0p0025,local_only_offline_aggregate,uniform,3,qaoa_14_circuit,qaoa,14,circuit,0.0,0.0,0.0,0.0,0.0,60000.0,20000.0,10
b50_lb5_k2_eps0p0025,local_only_offline_aggregate,uniform,3,qaoa_15_circuit,qaoa,15,circuit,0.0,0.0,0.0,0.0,0.0,60000.0,20000.0,10
b50_lb5_k2_eps0p0025,local_only_offline_aggregate,uniform,3,qaoa_4_circuit,qaoa,4,circuit,0.008454162445119913,0.011445847922390463,0.011717167167167145,0.7916666666666667,0.755,12500.0,4900.0,10
b50_lb5_k2_eps0p0025,local_only_offline_aggregate,uniform,3,qaoa_5_circuit,qaoa,5,circuit,0.007135341605808566,0.008916129651054545,0.009214471129551321,0.5712499999999999,0.5,25725.0,10000.0,10
b50_lb5_k2_eps0p0025,local_only_offline_aggregate,uniform,3,qaoa_6_circuit,qaoa,6,circuit,0.006894572551967073,0.007146287141050658,0.007169553918159923,0.29541666666666666,0.235,42275.0,15300.0,10
b50_lb5_k2_eps0p0025,local_only_offline_aggregate,uniform,3,qaoa_7_circuit,qaoa,7,circuit,0.002473816155988857,0.00299975321311636,0.0029997532131163613,0.03416666666666668,0.0,57950.0,20000.0,10
b50_lb5_k2_eps0p0025,local_only_offline_aggregate,uniform,3,qaoa_8_circuit,qaoa,8,circuit,0.0,0.0,0.0,0.0,0.0,60000.0,20000.0,10
b50_lb5_k2_eps0p0025,local_only_offline_aggregate,uniform,3,qaoa_9_circuit,qaoa,9,circuit,0.0,0.0,0.0,0.0,0.0,60000.0,20000.0,10
b50_lb5_k2_eps0p0025,local_only_offline_aggregate,uniform,3,qft_10_circuit,qft,10,circuit,0.0,0.0,0.0,0.0,0.0,60000.0,20000.0,10
b50_lb5_k2_eps0p0025,local_only_offline_aggregate,uniform,3,qft_11_circuit,qft,11,circuit,0.0,0.0,0.0,0.0,0.0,60000.0,20000.0,10
b50_lb5_k2_eps0p0025,local_only_offline_aggregate,uniform,3,qft_12_circuit,qft,12,circuit,0.0,0.0,0.0,0.0,0.0,60000.0,20000.0,10
b50_lb5_k2_eps0p0025,local_only_offline_aggregate,uniform,3,qft_13_circuit,qft,13,circuit,0.0,0.0,0.0,0.0,0.0,60000.0,20000.0,10
b50_lb5_k2_eps0p0025,local_only_offline_aggregate,uniform,3,qft_14_circuit,qft,14,circuit,0.0,0.0,0.0,0.0,0.0,60000.0,20000.0,10
b50_lb5_k2_eps0p0025,local_only_offline_aggregate,uniform,3,qft_15_circuit,qft,15,circuit,0.0,0.0,0.0,0.0,0.0,60000.0,20000.0,10
b50_lb5_k2_eps0p0025,local_only_offline_aggregate,uniform,3,qft_4_circuit,qft,4,circuit,0.00863488200137137,0.010620190672353376,0.010857785295210455,0.57,0.53,25800.0,9400.0,10
b50_lb5_k2_eps0p0025,local_only_offline_aggregate,uniform,3,qft_5_circuit,qft,5,circuit,0.0075548327700110905,0.008252191845621065,0.008410363509926166,0.3854166666666667,0.3425,36875.0,13150.0,10
b50_lb5_k2_eps0p0025,local_only_offline_aggregate,uniform,3,qft_6_circuit,qft,6,circuit,0.004445632337414776,0.005000922376615283,0.0051732255701609255,0.1045833333333333,0.04749999999999999,53725.0,19050.0,10
b50_lb5_k2_eps0p0025,local_only_offline_aggregate,uniform,3,qft_7_circuit,qft,7,circuit,0.0,0.0,0.0,0.0,0.0,60000.0,20000.0,10
b50_lb5_k2_eps0p0025,local_only_offline_aggregate,uniform,3,qft_8_circuit,qft,8,circuit,0.0,0.0,0.0,0.0,0.0,60000.0,20000.0,10
b50_lb5_k2_eps0p0025,local_only_offline_aggregate,uniform,3,qft_9_circuit,qft,9,circuit,0.0,0.0,0.0,0.0,0.0,60000.0,20000.0,10
b50_lb5_k2_eps0p0025,local_only_offline_aggregate,uniform,3,qnn_10_circuit,qnn,10,circuit,0.0,0.0,0.0,0.0,0.0,60000.0,20000.0,10
b50_lb5_k2_eps0p0025,local_only_offline_aggregate,uniform,3,qnn_11_circuit,qnn,11,circuit,0.0,0.0,0.0,0.0,0.0,60000.0,20000.0,10
b50_lb5_k2_eps0p0025,local_only_offline_aggregate,uniform,3,qnn_12_circuit,qnn,12,circuit,0.0,0.0,0.0,0.0,0.0,60000.0,20000.0,10
b50_lb5_k2_eps0p0025,local_only_offline_aggregate,uniform,3,qnn_13_circuit,qnn,13,circuit,0.0,0.0,0.0,0.0,0.0,60000.0,20000.0,10
b50_lb5_k2_eps0p0025,local_only_offline_aggregate,uniform,3,qnn_14_circuit,qnn,14,circuit,0.0,0.0,0.0,0.0,0.0,60000.0,20000.0,10
b50_lb5_k2_eps0p0025,local_only_offline_aggregate,uniform,3,qnn_15_circuit,qnn,15,circuit,0.0,0.0,0.0,0.0,0.0,60000.0,20000.0,10
b50_lb5_k2_eps0p0025,local_only_offline_aggregate,uniform,3,qnn_4_circuit,qnn,4,circuit,0.01078809467152129,0.012494593395130184,0.01257568247476222,0.6641666666666667,0.5925,20150.0,8150.0,10
b50_lb5_k2_eps0p0025,local_only_offline_aggregate,uniform,3,qnn_5_circuit,qnn,5,circuit,0.006007919892707726,0.007714434241340821,0.007780348954137218,0.4170833333333333,0.38249999999999995,34975.0,12350.0,10
b50_lb5_k2_eps0p0025,local_only_offline_aggregate,uniform,3,qnn_6_circuit,qnn,6,circuit,0.00514441165840388,0.006182712241194897,0.006600921300921297,0.20166666666666666,0.135,47900.0,17300.0,10
b50_lb5_k2_eps0p0025,local_only_offline_aggregate,uniform,3,qnn_7_circuit,qnn,7,circuit,0.0,0.0,0.0,0.0,0.0,60000.0,20000.0,10
b50_lb5_k2_eps0p0025,local_only_offline_aggregate,uniform,3,qnn_8_circuit,qnn,8,circuit,0.0,0.0,0.0,0.0,0.0,60000.0,20000.0,10
b50_lb5_k2_eps0p0025,local_only_offline_aggregate,uniform,3,qnn_9_circuit,qnn,9,circuit,0.0,0.0,0.0,0.0,0.0,60000.0,20000.0,10
b50_lb5_k2_eps0p0025,local_only_offline_aggregate,uniform,3,random_10_circuit,random,10,circuit,0.0,0.0,0.0,0.0,0.0,60000.0,20000.0,10
b50_lb5_k2_eps0p0025,local_only_offline_aggregate,uniform,3,random_11_circuit,random,11,circuit,0.0,0.0,0.0,0.0,0.0,60000.0,20000.0,10
b50_lb5_k2_eps0p0025,local_only_offline_aggregate,uniform,3,random_12_circuit,random,12,circuit,0.0,0.0,0.0,0.0,0.0,60000.0,20000.0,10
b50_lb5_k2_eps0p0025,local_only_offline_aggregate,uniform,3,random_13_circuit,random,13,circuit,0.0,0.0,0.0,0.0,0.0,60000.0,20000.0,10
b50_lb5_k2_eps0p0025,local_only_offline_aggregate,uniform,3,random_14_circuit,random,14,circuit,0.0,0.0,0.0,0.0,0.0,60000.0,20000.0,10
b50_lb5_k2_eps0p0025,local_only_offline_aggregate,uniform,3,random_15_circuit,random,15,circuit,0.0,0.0,0.0,0.0,0.0,60000.0,20000.0,10
b50_lb5_k2_eps0p0025,local_only_offline_aggregate,uniform,3,random_4_circuit,random,4,circuit,0.005914639179862241,0.00902219158552494,0.009407924591257973,0.6858333333333333,0.64,18850.0,7200.0,10
b50_lb5_k2_eps0p0025,local_only_offline_aggregate,uniform,3,random_5_circuit,random,5,circuit,0.007287275989786575,0.0086213203047142,0.008648608251138492,0.5454166666666667,0.4325,27275.0,11350.0,10
b50_lb5_k2_eps0p0025,local_only_offline_aggregate,uniform,3,random_6_circuit,random,6,circuit,0.005028665691228236,0.005728106099987753,0.005781066785239517,0.15791666666666665,0.022499999999999964,50525.0,19550.0,10
b50_lb5_k2_eps0p0025,local_only_offline_aggregate,uniform,3,random_7_circuit,random,7,circuit,0.0,0.0,0.0,0.0,0.0,60000.0,20000.0,10
b50_lb5_k2_eps0p0025,local_only_offline_aggregate,uniform,3,random_8_circuit,random,8,circuit,0.0,0.0,0.0,0.0,0.0,60000.0,20000.0,10
b50_lb5_k2_eps0p0025,local_only_offline_aggregate,uniform,3,random_9_circuit,random,9,circuit,0.0,0.0,0.0,0.0,0.0,60000.0,20000.0,10
b50_lb5_k2_eps0p0025,local_only_offline_aggregate,uniform,3,vqe_10_circuit,vqe,10,circuit,0.013366611035155388,0.014578117154930788,0.01489760759155314,0.52875,0.42500000000000004,28275.0,11500.0,10
b50_lb5_k2_eps0p0025,local_only_offline_aggregate,uniform,3,vqe_11_circuit,vqe,11,circuit,0.010601108577055623,0.012688485632089878,0.012694549185584287,0.4995833333333334,0.36250000000000004,30025.0,12750.0,10
b50_lb5_k2_eps0p0025,local_only_offline_aggregate,uniform,3,vqe_12_circuit,vqe,12,circuit,0.010916221225339966,0.011272384369439963,0.011334483287020405,0.4533333333333333,0.3075,32800.0,13850.0,10
b50_lb5_k2_eps0p0025,local_only_offline_aggregate,uniform,3,vqe_13_circuit,vqe,13,circuit,0.008645513425730411,0.010777188094977465,0.011160959642317201,0.25583333333333336,0.09999999999999998,44650.0,18000.0,10
b50_lb5_k2_eps0p0025,local_only_offline_aggregate,uniform,3,vqe_14_circuit,vqe,14,circuit,0.006227777777777752,0.008048558471007446,0.008048558471007449,0.1333333333333333,0.0,52000.0,20000.0,10
b50_lb5_k2_eps0p0025,local_only_offline_aggregate,uniform,3,vqe_15_circuit,vqe,15,circuit,0.005068345323741017,0.005811910264534479,0.005811910264534479,0.10166666666666668,0.0,53900.0,20000.0,10
b50_lb5_k2_eps0p0025,local_only_offline_aggregate,uniform,3,vqe_4_circuit,vqe,4,circuit,0.0036870791231472287,0.005139381003413483,0.00543740970072237,0.9170833333333333,0.895,4975.0,2100.0,10
b50_lb5_k2_eps0p0025,local_only_offline_aggregate,uniform,3,vqe_5_circuit,vqe,5,circuit,0.005469414380069083,0.007792815506623174,0.007854777339451611,0.8216666666666668,0.7775,10700.0,4450.0,10
b50_lb5_k2_eps0p0025,local_only_offline_aggregate,uniform,3,vqe_6_circuit,vqe,6,circuit,0.006070290731153689,0.007525072319207985,0.007784718741297683,0.8441666666666667,0.7625,9350.0,4750.0,10
b50_lb5_k2_eps0p0025,local_only_offline_aggregate,uniform,3,vqe_7_circuit,vqe,7,circuit,0.007616217732884407,0.00915524677200138,0.009208392796466267,0.7383333333333334,0.6699999999999999,15700.0,6600.0,10
b50_lb5_k2_eps0p0025,local_only_offline_aggregate,uniform,3,vqe_8_circuit,vqe,8,circuit,0.00826913139675507,0.009930314586773717,0.010265671272175033,0.6333333333333333,0.49750000000000005,22000.0,10050.0,10
b50_lb5_k2_eps0p0025,local_only_offline_aggregate,uniform,3,vqe_9_circuit,vqe,9,circuit,0.008716469762083125,0.010457800200901278,0.011109241528208028,0.6041666666666667,0.5025,23750.0,9950.0,10
b50_lb5_k2_eps0p0025,local_only_offline_aggregate,uniform,4,dj_10_circuit,dj,10,circuit,0.007298356130428154,0.00861575024501677,0.008853866836699907,0.5925,0.41000000000000003,32600.0,11800.0,5
b50_lb5_k2_eps0p0025,local_only_offline_aggregate,uniform,4,dj_11_circuit,dj,11,circuit,0.0089767868074687,0.009459897637552629,0.009492593738581828,0.52125,0.395,38300.0,12100.0,5
b50_lb5_k2_eps0p0025,local_only_offline_aggregate,uniform,4,dj_12_circuit,dj,12,circuit,0.010126586781500418,0.010414726510210573,0.010434121412242082,0.469375,0.3075,42450.0,13850.0,5
b50_lb5_k2_eps0p0025,local_only_offline_aggregate,uniform,4,dj_13_circuit,dj,13,circuit,0.009065643452208564,0.009556556179660216,0.00965945542752864,0.4425,0.3175,44600.0,13650.0,5
b50_lb5_k2_eps0p0025,local_only_offline_aggregate,uniform,4,dj_14_circuit,dj,14,circuit,0.009603400488338566,0.009924718913268751,0.009972194249677102,0.35187500000000005,0.20750000000000002,51850.0,15850.0,5
b50_lb5_k2_eps0p0025,local_only_offline_aggregate,uniform,4,dj_15_circuit,dj,15,circuit,0.007414118375831328,0.008667739961887808,0.008778627332494578,0.25625,0.0,59500.0,20000.0,5
b50_lb5_k2_eps0p0025,local_only_offline_aggregate,uniform,4,dj_4_circuit,dj,4,circuit,0.004304169630156448,0.004792410370897165,0.004901160370897165,0.9175,0.905,6600.0,1900.0,5
b50_lb5_k2_eps0p0025,local_only_offline_aggregate,uniform,4,dj_5_circuit,dj,5,circuit,0.003223217009916137,0.003948314437278967,0.004030003987240826,0.8775,0.8575,9800.0,2850.0,5
b50_lb5_k2_eps0p0025,local_only_offline_aggregate,uniform,4,dj_6_circuit,dj,6,circuit,0.005082138056835604,0.0054888858242859604,0.005510478012965704,0.856875,0.84,11450.0,3200.0,5
b50_lb5_k2_eps0p0025,local_only_offline_aggregate,uniform,4,dj_7_circuit,dj,7,circuit,0.00541935315913301,0.00622963412186022,0.0063739944611607485,0.795625,0.7224999999999999,16350.0,5550.0,5
b50_lb5_k2_eps0p0025,local_only_offline_aggregate,uniform,4,dj_8_circuit,dj,8,circuit,0.006561392538993971,0.006841786553688497,0.0068607646898327145,0.704375,0.6275,23650.0,7450.0,5
b50_lb5_k2_eps0p0025,local_only_offline_aggregate,uniform,4,dj_9_circuit,dj,9,circuit,0.006452815759767125,0.007027772850329434,0.007133873090592602,0.65875,0.5725,27300.0,8550.0,5
b50_lb5_k2_eps0p0025,local_only_offline_aggregate,uniform,4,qaoa_10_circuit,qaoa,10,circuit,0.0,0.0,0.0,0.0,0.0,80000.0,20000.0,5
b50_lb5_k2_eps0p0025,local_only_offline_aggregate,uniform,4,qaoa_11_circuit,qaoa,11,circuit,0.0,0.0,0.0,0.0,0.0,80000.0,20000.0,5
b50_lb5_k2_eps0p0025,local_only_offline_aggregate,uniform,4,qaoa_12_circuit,qaoa,12,circuit,0.0,0.0,0.0,0.0,0.0,80000.0,20000.0,5
b50_lb5_k2_eps0p0025,local_only_offline_aggregate,uniform,4,qaoa_13_circuit,qaoa,13,circuit,0.0,0.0,0.0,0.0,0.0,80000.0,20000.0,5
b50_lb5_k2_eps0p0025,local_only_offline_aggregate,uniform,4,qaoa_14_circuit,qaoa,14,circuit,0.0,0.0,0.0,0.0,0.0,80000.0,20000.0,5
b50_lb5_k2_eps0p0025,local_only_offline_aggregate,uniform,4,qaoa_15_circuit,qaoa,15,circuit,0.0,0.0,0.0,0.0,0.0,80000.0,20000.0,5
b50_lb5_k2_eps0p0025,local_only_offline_aggregate,uniform,4,qaoa_4_circuit,qaoa,4,circuit,0.008110491000118701,0.009697769028255348,0.009910073637467248,0.79625,0.755,16300.0,4900.0,5
b50_lb5_k2_eps0p0025,local_only_offline_aggregate,uniform,4,qaoa_5_circuit,qaoa,5,circuit,0.005567315529426562,0.007371744523894165,0.007709429273384945,0.5643750000000001,0.5,34850.0,10000.0,5
b50_lb5_k2_eps0p0025,local_only_offline_aggregate,uniform,4,qaoa_6_circuit,qaoa,6,circuit,0.0059592273152225565,0.00601314858517631,0.00602555805685809,0.308125,0.235,55350.0,15300.0,5
b50_lb5_k2_eps0p0025,local_only_offline_aggregate,uniform,4,qaoa_7_circuit,qaoa,7,circuit,0.0022498149098372565,0.0022498149098372743,0.0022498149098372764,0.038124999999999964,0.0,76950.0,20000.0,5
b50_lb5_k2_eps0p0025,local_only_offline_aggregate,uniform,4,qaoa_8_circuit,qaoa,8,circuit,0.0,0.0,0.0,0.0,0.0,80000.0,20000.0,5
b50_lb5_k2_eps0p0025,local_only_offline_aggregate,uniform,4,qaoa_9_circuit,qaoa,9,circuit,0.0,0.0,0.0,0.0,0.0,80000.0,20000.0,5
b50_lb5_k2_eps0p0025,local_only_offline_aggregate,uniform,4,qft_10_circuit,qft,10,circuit,0.0,0.0,0.0,0.0,0.0,80000.0,20000.0,5
b50_lb5_k2_eps0p0025,local_only_offline_aggregate,uniform,4,qft_11_circuit,qft,11,circuit,0.0,0.0,0.0,0.0,0.0,80000.0,20000.0,5
b50_lb5_k2_eps0p0025,local_only_offline_aggregate,uniform,4,qft_12_circuit,qft,12,circuit,0.0,0.0,0.0,0.0,0.0,80000.0,20000.0,5
b50_lb5_k2_eps0p0025,local_only_offline_aggregate,uniform,4,qft_13_circuit,qft,13,circuit,0.0,0.0,0.0,0.0,0.0,80000.0,20000.0,5
b50_lb5_k2_eps0p0025,local_only_offline_aggregate,uniform,4,qft_14_circuit,qft,14,circuit,0.0,0.0,0.0,0.0,0.0,80000.0,20000.0,5
b50_lb5_k2_eps0p0025,local_only_offline_aggregate,uniform,4,qft_15_circuit,qft,15,circuit,0.0,0.0,0.0,0.0,0.0,80000.0,20000.0,5
b50_lb5_k2_eps0p0025,local_only_offline_aggregate,uniform,4,qft_4_circuit,qft,4,circuit,0.008518625234308214,0.00917406947089519,0.009315908539373318,0.56875,0.53,34500.0,9400.0,5
b50_lb5_k2_eps0p0025,local_only_offline_aggregate,uniform,4,qft_5_circuit,qft,5,circuit,0.006793428255837302,0.007194850850254722,0.007294646820561404,0.38187499999999996,0.3425,49450.0,13150.0,5
b50_lb5_k2_eps0p0025,local_only_offline_aggregate,uniform,4,qft_6_circuit,qft,6,circuit,0.003857356090524255,0.00405108177618244,0.004086486312236286,0.09375,0.04749999999999999,72500.0,19050.0,5
b50_lb5_k2_eps0p0025,local_only_offline_aggregate,uniform,4,qft_7_circuit,qft,7,circuit,0.0,0.0,0.0,0.0,0.0,80000.0,20000.0,5
b50_lb5_k2_eps0p0025,local_only_offline_aggregate,uniform,4,qft_8_circuit,qft,8,circuit,0.0,0.0,0.0,0.0,0.0,80000.0,20000.0,5
b50_lb5_k2_eps0p0025,local_only_offline_aggregate,uniform,4,qft_9_circuit,qft,9,circuit,0.0,0.0,0.0,0.0,0.0,80000.0,20000.0,5
b50_lb5_k2_eps0p0025,local_only_offline_aggregate,uniform,4,qnn_10_circuit,qnn,10,circuit,0.0,0.0,0.0,0.0,0.0,80000.0,20000.0,5
b50_lb5_k2_eps0p0025,local_only_offline_aggregate,uniform,4,qnn_11_circuit,qnn,11,circuit,0.0,0.0,0.0,0.0,0.0,80000.0,20000.0,5
b50_lb5_k2_eps0p0025,local_only_offline_aggregate,uniform,4,qnn_12_circuit,qnn,12,circuit,0.0,0.0,0.0,0.0,0.0,80000.0,20000.0,5
b50_lb5_k2_eps0p0025,local_only_offline_aggregate,uniform,4,qnn_13_circuit,qnn,13,circuit,0.0,0.0,0.0,0.0,0.0,80000.0,20000.0,5
b50_lb5_k2_eps0p0025,local_only_offline_aggregate,uniform,4,qnn_14_circuit,qnn,14,circuit,0.0,0.0,0.0,0.0,0.0,80000.0,20000.0,5
b50_lb5_k2_eps0p0025,local_only_offline_aggregate,uniform,4,qnn_15_circuit,qnn,15,circuit,0.0,0.0,0.0,0.0,0.0,80000.0,20000.0,5
b50_lb5_k2_eps0p0025,local_only_offline_aggregate,uniform,4,qnn_4_circuit,qnn,4,circuit,0.010521360396217642,0.011326497740811457,0.011509559058868853,0.6675,0.5925,26600.0,8150.0,5
b50_lb5_k2_eps0p0025,local_only_offline_aggregate,uniform,4,qnn_5_circuit,qnn,5,circuit,0.005497906329674302,0.005789804885937671,0.005807711032479009,0.420625,0.38249999999999995,46350.0,12350.0,5
b50_lb5_k2_eps0p0025,local_only_offline_aggregate,uniform,4,qnn_6_circuit,qnn,6,circuit,0.004307979951480196,0.004959008233326543,0.0050196931691497085,0.20375,0.135,63700.0,17300.0,5
b50_lb5_k2_eps0p0025,local_only_offline_aggregate,uniform,4,qnn_7_circuit,qnn,7,circuit,0.0,0.0,0.0,0.0,0.0,80000.0,20000.0,5
b50_lb5_k2_eps0p0025,local_only_offline_aggregate,uniform,4,qnn_8_circuit,qnn,8,circuit,0.0,0.0,0.0,0.0,0.0,80000.0,20000.0,5
b50_lb5_k2_eps0p0025,local_only_offline_aggregate,uniform,4,qnn_9_circuit,qnn,9,circuit,0.0,0.0,0.0,0.0,0.0,80000.0,20000.0,5
b50_lb5_k2_eps0p0025,local_only_offline_aggregate,uniform,4,random_10_circuit,random,10,circuit,0.0,0.0,0.0,0.0,0.0,80000.0,20000.0,5
b50_lb5_k2_eps0p0025,local_only_offline_aggregate,uniform,4,random_11_circuit,random,11,circuit,0.0,0.0,0.0,0.0,0.0,80000.0,20000.0,5
b50_lb5_k2_eps0p0025,local_only_offline_aggregate,uniform,4,random_12_circuit,random,12,circuit,0.0,0.0,0.0,0.0,0.0,80000.0,20000.0,5
b50_lb5_k2_eps0p0025,local_only_offline_aggregate,uniform,4,random_13_circuit,random,13,circuit,0.0,0.0,0.0,0.0,0.0,80000.0,20000.0,5
b50_lb5_k2_eps0p0025,local_only_offline_aggregate,uniform,4,random_14_circuit,random,14,circuit,0.0,0.0,0.0,0.0,0.0,80000.0,20000.0,5
b50_lb5_k2_eps0p0025,local_only_offline_aggregate,uniform,4,random_15_circuit,random,15,circuit,0.0,0.0,0.0,0.0,0.0,80000.0,20000.0,5
b50_lb5_k2_eps0p0025,local_only_offline_aggregate,uniform,4,random_4_circuit,random,4,circuit,0.005822244757284147,0.006954590648271716,0.007193950768950727,0.6875,0.64,25000.0,7200.0,5
b50_lb5_k2_eps0p0025,local_only_offline_aggregate,uniform,4,random_5_circuit,random,5,circuit,0.0064954853653174435,0.0072845074695015895,0.007473445192635845,0.5349999999999999,0.4325,37200.0,11350.0,5
b50_lb5_k2_eps0p0025,local_only_offline_aggregate,uniform,4,random_6_circuit,random,6,circuit,0.004203605817424127,0.004583843312297704,0.00463218247972947,0.15874999999999995,0.022499999999999964,67300.0,19550.0,5
b50_lb5_k2_eps0p0025,local_only_offline_aggregate,uniform,4,random_7_circuit,random,7,circuit,0.0,0.0,0.0,0.0,0.0,80000.0,20000.0,5
b50_lb5_k2_eps0p0025,local_only_offline_aggregate,uniform,4,random_8_circuit,random,8,circuit,0.0,0.0,0.0,0.0,0.0,80000.0,20000.0,5
b50_lb5_k2_eps0p0025,local_only_offline_aggregate,uniform,4,random_9_circuit,random,9,circuit,0.0,0.0,0.0,0.0,0.0,80000.0,20000.0,5
b50_lb5_k2_eps0p0025,local_only_offline_aggregate,uniform,4,vqe_10_circuit,vqe,10,circuit,0.012097475065658645,0.012813359450284785,0.012844486981521644,0.5431250000000001,0.42500000000000004,36550.0,11500.0,5
b50_lb5_k2_eps0p0025,local_only_offline_aggregate,uniform,4,vqe_11_circuit,vqe,11,circuit,0.00999911177568534,0.011142366079232297,0.011424009899470263,0.521875,0.36250000000000004,38250.0,12750.0,5
b50_lb5_k2_eps0p0025,local_only_offline_aggregate,uniform,4,vqe_12_circuit,vqe,12,circuit,0.009694037089062467,0.010006377051142101,0.0100593212096052,0.44375,0.3075,44500.0,13850.0,5
b50_lb5_k2_eps0p0025,local_only_offline_aggregate,uniform,4,vqe_13_circuit,vqe,13,circuit,0.007969318876976161,0.009014322829176497,0.009090155463713615,0.2925,0.09999999999999998,56600.0,18000.0,5
b50_lb5_k2_eps0p0025,local_only_offline_aggregate,uniform,4,vqe_14_circuit,vqe,14,circuit,0.0060364188532556545,0.006036418853255659,0.006036418853255659,0.135625,0.0,69150.0,20000.0,5
b50_lb5_k2_eps0p0025,local_only_offline_aggregate,uniform,4,vqe_15_circuit,vqe,15,circuit,0.004358932698400831,0.004358932698400848,0.00435893269840085,0.08499999999999996,0.0,73200.0,20000.0,5
b50_lb5_k2_eps0p0025,local_only_offline_aggregate,uniform,4,vqe_4_circuit,vqe,4,circuit,0.0031847099366062817,0.004308131357806332,0.004425335397316884,0.91625,0.895,6700.0,2100.0,5
b50_lb5_k2_eps0p0025,local_only_offline_aggregate,uniform,4,vqe_5_circuit,vqe,5,circuit,0.004686160608461818,0.005033426586068842,0.005104775750237031,0.8200000000000001,0.7775,14400.0,4450.0,5
b50_lb5_k2_eps0p0025,local_only_offline_aggregate,uniform,4,vqe_6_circuit,vqe,6,circuit,0.004725586630647805,0.006035518207829546,0.006147495894909686,0.845,0.7625,12400.0,4750.0,5
b50_lb5_k2_eps0p0025,local_only_offline_aggregate,uniform,4,vqe_7_circuit,vqe,7,circuit,0.0066455869860686766,0.0074060318011923585,0.0074649586460939655,0.7424999999999999,0.6699999999999999,20600.0,6600.0,5
b50_lb5_k2_eps0p0025,local_only_offline_aggregate,uniform,4,vqe_8_circuit,vqe,8,circuit,0.007247813455063871,0.007440166360939985,0.00745205005185082,0.6212500000000001,0.49750000000000005,30300.0,10050.0,5
b50_lb5_k2_eps0p0025,local_only_offline_aggregate,uniform,4,vqe_9_circuit,vqe,9,circuit,0.007376742119024651,0.00808310353830444,0.008114987909613944,0.605,0.5025,31600.0,9950.0,5
b50_lb5_k2_eps0p0025,local_only_offline_aggregate,uniform,5,dj_10_circuit,dj,10,circuit,0.0068639622694067134,0.0068639622694067134,0.0068639622694067134,0.5945,0.41000000000000003,40550.0,11800.0,1
b50_lb5_k2_eps0p0025,local_only_offline_aggregate,uniform,5,dj_11_circuit,dj,11,circuit,0.008247789444574306,0.008247789444574306,0.008247789444574306,0.513,0.395,48700.0,12100.0,1
b50_lb5_k2_eps0p0025,local_only_offline_aggregate,uniform,5,dj_12_circuit,dj,12,circuit,0.009377808347447367,0.009377808347447367,0.009377808347447367,0.45799999999999996,0.3075,54200.0,13850.0,1
b50_lb5_k2_eps0p0025,local_only_offline_aggregate,uniform,5,dj_13_circuit,dj,13,circuit,0.008032575686157338,0.008032575686157338,0.008032575686157338,0.4335,0.3175,56650.0,13650.0,1
b50_lb5_k2_eps0p0025,local_only_offline_aggregate,uniform,5,dj_14_circuit,dj,14,circuit,0.00881276522353056,0.00881276522353056,0.00881276522353056,0.33799999999999997,0.20750000000000002,66200.0,15850.0,1
b50_lb5_k2_eps0p0025,local_only_offline_aggregate,uniform,5,dj_15_circuit,dj,15,circuit,0.007022901865995716,0.007022901865995716,0.007022901865995716,0.242,0.0,75800.0,20000.0,1
b50_lb5_k2_eps0p0025,local_only_offline_aggregate,uniform,5,dj_4_circuit,dj,4,circuit,0.0044159282967176985,0.0044159282967176985,0.0044159282967176985,0.918,0.905,8200.0,1900.0,1
b50_lb5_k2_eps0p0025,local_only_offline_aggregate,uniform,5,dj_5_circuit,dj,5,circuit,0.0027835684071838935,0.0027835684071838935,0.0027835684071838935,0.878,0.8575,12200.0,2850.0,1
b50_lb5_k2_eps0p0025,local_only_offline_aggregate,uniform,5,dj_6_circuit,dj,6,circuit,0.0045683824103725556,0.0045683824103725556,0.0045683824103725556,0.8545,0.84,14550.0,3200.0,1
b50_lb5_k2_eps0p0025,local_only_offline_aggregate,uniform,5,dj_7_circuit,dj,7,circuit,0.004888067961577019,0.004888067961577019,0.004888067961577019,0.791,0.7224999999999999,20900.0,5550.0,1
b50_lb5_k2_eps0p0025,local_only_offline_aggregate,uniform,5,dj_8_circuit,dj,8,circuit,0.005724741996957508,0.005724741996957508,0.005724741996957508,0.7090000000000001,0.6275,29100.0,7450.0,1
b50_lb5_k2_eps0p0025,local_only_offline_aggregate,uniform,5,dj_9_circuit,dj,9,circuit,0.0056319600549808585,0.0056319600549808585,0.0056319600549808585,0.6475,0.5725,35250.0,8550.0,1
b50_lb5_k2_eps0p0025,local_only_offline_aggregate,uniform,5,qaoa_10_circuit,qaoa,10,circuit,0.0,0.0,0.0,0.0,0.0,100000.0,20000.0,1
b50_lb5_k2_eps0p0025,local_only_offline_aggregate,uniform,5,qaoa_11_circuit,qaoa,11,circuit,0.0,0.0,0.0,0.0,0.0,100000.0,20000.0,1
b50_lb5_k2_eps0p0025,local_only_offline_aggregate,uniform,5,qaoa_12_circuit,qaoa,12,circuit,0.0,0.0,0.0,0.0,0.0,100000.0,20000.0,1
b50_lb5_k2_eps0p0025,local_only_offline_aggregate,uniform,5,qaoa_13_circuit,qaoa,13,circuit,0.0,0.0,0.0,0.0,0.0,100000.0,20000.0,1
b50_lb5_k2_eps0p0025,local_only_offline_aggregate,uniform,5,qaoa_14_circuit,qaoa,14,circuit,0.0,0.0,0.0,0.0,0.0,100000.0,20000.0,1
b50_lb5_k2_eps0p0025,local_only_offline_aggregate,uniform,5,qaoa_15_circuit,qaoa,15,circuit,0.0,0.0,0.0,0.0,0.0,100000.0,20000.0,1
b50_lb5_k2_eps0p0025,local_only_offline_aggregate,uniform,5,qaoa_4_circuit,qaoa,4,circuit,0.007849389606714852,0.007849389606714852,0.007849389606714852,0.792,0.755,20800.0,4900.0,1
b50_lb5_k2_eps0p0025,local_only_offline_aggregate,uniform,5,qaoa_5_circuit,qaoa,5,circuit,0.005608547765500791,0.005608547765500791,0.005608547765500791,0.5685,0.5,43150.0,10000.0,1
b50_lb5_k2_eps0p0025,local_only_offline_aggregate,uniform,5,qaoa_6_circuit,qaoa,6,circuit,0.005345414919334384,0.005345414919334384,0.005345414919334384,0.3005,0.235,69950.0,15300.0,1
b50_lb5_k2_eps0p0025,local_only_offline_aggregate,uniform,5,qaoa_7_circuit,qaoa,7,circuit,0.0017998519278698037,0.0017998519278698037,0.0017998519278698037,0.03049999999999997,0.0,96950.0,20000.0,1
b50_lb5_k2_eps0p0025,local_only_offline_aggregate,uniform,5,qaoa_8_circuit,qaoa,8,circuit,0.0,0.0,0.0,0.0,0.0,100000.0,20000.0,1
b50_lb5_k2_eps0p0025,local_only_offline_aggregate,uniform,5,qaoa_9_circuit,qaoa,9,circuit,0.0,0.0,0.0,0.0,0.0,100000.0,20000.0,1
b50_lb5_k2_eps0p0025,local_only_offline_aggregate,uniform,5,qft_10_circuit,qft,10,circuit,0.0,0.0,0.0,0.0,0.0,100000.0,20000.0,1
b50_lb5_k2_eps0p0025,local_only_offline_aggregate,uniform,5,qft_11_circuit,qft,11,circuit,0.0,0.0,0.0,0.0,0.0,100000.0,20000.0,1
b50_lb5_k2_eps0p0025,local_only_offline_aggregate,uniform,5,qft_12_circuit,qft,12,circuit,0.0,0.0,0.0,0.0,0.0,100000.0,20000.0,1
b50_lb5_k2_eps0p0025,local_only_offline_aggregate,uniform,5,qft_13_circuit,qft,13,circuit,0.0,0.0,0.0,0.0,0.0,100000.0,20000.0,1
b50_lb5_k2_eps0p0025,local_only_offline_aggregate,uniform,5,qft_14_circuit,qft,14,circuit,0.0,0.0,0.0,0.0,0.0,100000.0,20000.0,1
b50_lb5_k2_eps0p0025,local_only_offline_aggregate,uniform,5,qft_15_circuit,qft,15,circuit,0.0,0.0,0.0,0.0,0.0,100000.0,20000.0,1
b50_lb5_k2_eps0p0025,local_only_offline_aggregate,uniform,5,qft_4_circuit,qft,4,circuit,0.007810948083263044,0.007810948083263044,0.007810948083263044,0.5715,0.53,42850.0,9400.0,1
b50_lb5_k2_eps0p0025,local_only_offline_aggregate,uniform,5,qft_5_circuit,qft,5,circuit,0.006262435574582951,0.006262435574582951,0.006262435574582951,0.38149999999999995,0.3425,61850.0,13150.0,1
b50_lb5_k2_eps0p0025,local_only_offline_aggregate,uniform,5,qft_6_circuit,qft,6,circuit,0.003509732787026378,0.003509732787026378,0.003509732787026378,0.10099999999999998,0.04749999999999999,89900.0,19050.0,1
b50_lb5_k2_eps0p0025,local_only_offline_aggregate,uniform,5,qft_7_circuit,qft,7,circuit,0.0,0.0,0.0,0.0,0.0,100000.0,20000.0,1
b50_lb5_k2_eps0p0025,local_only_offline_aggregate,uniform,5,qft_8_circuit,qft,8,circuit,0.0,0.0,0.0,0.0,0.0,100000.0,20000.0,1
b50_lb5_k2_eps0p0025,local_only_offline_aggregate,uniform,5,qft_9_circuit,qft,9,circuit,0.0,0.0,0.0,0.0,0.0,100000.0,20000.0,1
b50_lb5_k2_eps0p0025,local_only_offline_aggregate,uniform,5,qnn_10_circuit,qnn,10,circuit,0.0,0.0,0.0,0.0,0.0,100000.0,20000.0,1
b50_lb5_k2_eps0p0025,local_only_offline_aggregate,uniform,5,qnn_11_circuit,qnn,11,circuit,0.0,0.0,0.0,0.0,0.0,100000.0,20000.0,1
b50_lb5_k2_eps0p0025,local_only_offline_aggregate,uniform,5,qnn_12_circuit,qnn,12,circuit,0.0,0.0,0.0,0.0,0.0,100000.0,20000.0,1
b50_lb5_k2_eps0p0025,local_only_offline_aggregate,uniform,5,qnn_13_circuit,qnn,13,circuit,0.0,0.0,0.0,0.0,0.0,100000.0,20000.0,1
b50_lb5_k2_eps0p0025,local_only_offline_aggregate,uniform,5,qnn_14_circuit,qnn,14,circuit,0.0,0.0,0.0,0.0,0.0,100000.0,20000.0,1
b50_lb5_k2_eps0p0025,local_only_offline_aggregate,uniform,5,qnn_15_circuit,qnn,15,circuit,0.0,0.0,0.0,0.0,0.0,100000.0,20000.0,1
b50_lb5_k2_eps0p0025,local_only_offline_aggregate,uniform,5,qnn_4_circuit,qnn,4,circuit,0.010093829181381905,0.010093829181381905,0.010093829181381905,0.6655,0.5925,33450.0,8150.0,1
b50_lb5_k2_eps0p0025,local_only_offline_aggregate,uniform,5,qnn_5_circuit,qnn,5,circuit,0.004137003444296829,0.004137003444296829,0.004137003444296829,0.4185,0.38249999999999995,58150.0,12350.0,1
b50_lb5_k2_eps0p0025,local_only_offline_aggregate,uniform,5,qnn_6_circuit,qnn,6,circuit,0.0038599936797725507,0.0038599936797725507,0.0038599936797725507,0.20199999999999996,0.135,79800.0,17300.0,1
b50_lb5_k2_eps0p0025,local_only_offline_aggregate,uniform,5,qnn_7_circuit,qnn,7,circuit,0.0,0.0,0.0,0.0,0.0,100000.0,20000.0,1
b50_lb5_k2_eps0p0025,local_only_offline_aggregate,uniform,5,qnn_8_circuit,qnn,8,circuit,0.0,0.0,0.0,0.0,0.0,100000.0,20000.0,1
b50_lb5_k2_eps0p0025,local_only_offline_aggregate,uniform,5,qnn_9_circuit,qnn,9,circuit,0.0,0.0,0.0,0.0,0.0,100000.0,20000.0,1
b50_lb5_k2_eps0p0025,local_only_offline_aggregate,uniform,5,random_10_circuit,random,10,circuit,0.0,0.0,0.0,0.0,0.0,100000.0,20000.0,1
b50_lb5_k2_eps0p0025,local_only_offline_aggregate,uniform,5,random_11_circuit,random,11,circuit,0.0,0.0,0.0,0.0,0.0,100000.0,20000.0,1
b50_lb5_k2_eps0p0025,local_only_offline_aggregate,uniform,5,random_12_circuit,random,12,circuit,0.0,0.0,0.0,0.0,0.0,100000.0,20000.0,1
b50_lb5_k2_eps0p0025,local_only_offline_aggregate,uniform,5,random_13_circuit,random,13,circuit,0.0,0.0,0.0,0.0,0.0,100000.0,20000.0,1
b50_lb5_k2_eps0p0025,local_only_offline_aggregate,uniform,5,random_14_circuit,random,14,circuit,0.0,0.0,0.0,0.0,0.0,100000.0,20000.0,1
b50_lb5_k2_eps0p0025,local_only_offline_aggregate,uniform,5,random_15_circuit,random,15,circuit,0.0,0.0,0.0,0.0,0.0,100000.0,20000.0,1
b50_lb5_k2_eps0p0025,local_only_offline_aggregate,uniform,5,random_4_circuit,random,4,circuit,0.005161053465777855,0.005161053465777855,0.005161053465777855,0.6865,0.64,31350.0,7200.0,1
b50_lb5_k2_eps0p0025,local_only_offline_aggregate,uniform,5,random_5_circuit,random,5,circuit,0.005675426839566038,0.005675426839566038,0.005675426839566038,0.5435,0.4325,45650.0,11350.0,1
b50_lb5_k2_eps0p0025,local_only_offline_aggregate,uniform,5,random_6_circuit,random,6,circuit,0.00365008586031653,0.00365008586031653,0.00365008586031653,0.16600000000000004,0.022499999999999964,83400.0,19550.0,1
b50_lb5_k2_eps0p0025,local_only_offline_aggregate,uniform,5,random_7_circuit,random,7,circuit,0.0,0.0,0.0,0.0,0.0,100000.0,20000.0,1
b50_lb5_k2_eps0p0025,local_only_offline_aggregate,uniform,5,random_8_circuit,random,8,circuit,0.0,0.0,0.0,0.0,0.0,100000.0,20000.0,1
b50_lb5_k2_eps0p0025,local_only_offline_aggregate,uniform,5,random_9_circuit,random,9,circuit,0.0,0.0,0.0,0.0,0.0,100000.0,20000.0,1
b50_lb5_k2_eps0p0025,local_only_offline_aggregate,uniform,5,vqe_10_circuit,vqe,10,circuit,0.011242941109850788,0.011242941109850788,0.011242941109850788,0.5345,0.42500000000000004,46550.0,11500.0,1
b50_lb5_k2_eps0p0025,local_only_offline_aggregate,uniform,5,vqe_11_circuit,vqe,11,circuit,0.00938586279614301,0.00938586279614301,0.00938586279614301,0.5045,0.36250000000000004,49550.0,12750.0,1
b50_lb5_k2_eps0p0025,local_only_offline_aggregate,uniform,5,vqe_12_circuit,vqe,12,circuit,0.0089226534634586,0.0089226534634586,0.0089226534634586,0.4495,0.3075,55050.0,13850.0,1
b50_lb5_k2_eps0p0025,local_only_offline_aggregate,uniform,5,vqe_13_circuit,vqe,13,circuit,0.007423285480634115,0.007423285480634115,0.007423285480634115,0.255,0.09999999999999998,74500.0,18000.0,1
b50_lb5_k2_eps0p0025,local_only_offline_aggregate,uniform,5,vqe_14_circuit,vqe,14,circuit,0.004829135082604409,0.004829135082604409,0.004829135082604409,0.10850000000000004,0.0,89150.0,20000.0,1
b50_lb5_k2_eps0p0025,local_only_offline_aggregate,uniform,5,vqe_15_circuit,vqe,15,circuit,0.0034871461587206963,0.0034871461587206963,0.0034871461587206963,0.06799999999999995,0.0,93200.0,20000.0,1
b50_lb5_k2_eps0p0025,local_only_offline_aggregate,uniform,5,vqe_4_circuit,vqe,4,circuit,0.0032114521598112515,0.0032114521598112515,0.0032114521598112515,0.914,0.895,8600.0,2100.0,1
b50_lb5_k2_eps0p0025,local_only_offline_aggregate,uniform,5,vqe_5_circuit,vqe,5,circuit,0.003810015263589259,0.003810015263589259,0.003810015263589259,0.821,0.7775,17900.0,4450.0,1
b50_lb5_k2_eps0p0025,local_only_offline_aggregate,uniform,5,vqe_6_circuit,vqe,6,circuit,0.00446436381089924,0.00446436381089924,0.00446436381089924,0.845,0.7625,15500.0,4750.0,1
b50_lb5_k2_eps0p0025,local_only_offline_aggregate,uniform,5,vqe_7_circuit,vqe,7,circuit,0.005847559694807445,0.005847559694807445,0.005847559694807445,0.74,0.6699999999999999,26000.0,6600.0,1
b50_lb5_k2_eps0p0025,local_only_offline_aggregate,uniform,5,vqe_8_circuit,vqe,8,circuit,0.006069642782386649,0.006069642782386649,0.006069642782386649,0.6285000000000001,0.49750000000000005,37150.0,10050.0,1
b50_lb5_k2_eps0p0025,local_only_offline_aggregate,uniform,5,vqe_9_circuit,vqe,9,circuit,0.0060956204984232935,0.0060956204984232935,0.0060956204984232935,0.6045,0.5025,39550.0,9950.0,1
