config_id,policy,scheme,k,circuit_key,algorithm,size,circuit_kind,circuit_median_tvd,circuit_q95_tvd,circuit_max_tvd,circuit_median_ssr,circuit_median_parallel_ssr,circuit_median_total_shots,circuit_median_max_backend_shots,subset_rows
b50_lb10_k3_eps0p0025,aggregate_only_sync,confidence,1,dj_10_circuit,dj,10,circuit,0.008150000000000003,0.011255426902753341,0.011695962732919283,0.25,0.25,15000.0,15000.0,5
b50_lb10_k3_eps0p0025,aggregate_only_sync,confidence,1,dj_11_circuit,dj,11,circuit,0.005184507042253505,0.011879011316259654,0.01200869565217388,0.11250000000000004,0.11250000000000004,17750.0,17750.0,5
b50_lb10_k3_eps0p0025,aggregate_only_sync,confidence,1,dj_12_circuit,dj,12,circuit,0.0055946236559139655,0.010508623966516856,0.01079708737864077,0.06999999999999995,0.06999999999999995,18600.0,18600.0,5
b50_lb10_k3_eps0p0025,aggregate_only_sync,confidence,1,dj_13_circuit,dj,13,circuit,0.0,0.008897495264314452,0.008918858131487946,0.0,0.0,20000.0,20000.0,5
b50_lb10_k3_eps0p0025,aggregate_only_sync,confidence,1,dj_14_circuit,dj,14,circuit,0.0,0.009606456180635308,0.009797435897435921,0.0,0.0,20000.0,20000.0,5
b50_lb10_k3_eps0p0025,aggregate_only_sync,confidence,1,dj_15_circuit,dj,15,circuit,0.0,0.008200707610146853,0.008759813084112148,0.0,0.0,20000.0,20000.0,5
b50_lb10_k3_eps0p0025,aggregate_only_sync,confidence,1,dj_4_circuit,dj,4,circuit,0.0054188679245283505,0.008252727272727281,0.008931818181818188,0.87,0.87,2600.0,2600.0,5
b50_lb10_k3_eps0p0025,aggregate_only_sync,confidence,1,dj_5_circuit,dj,5,circuit,0.005141803278688479,0.006465670307845096,0.006660377358490575,0.8325,0.8325,3350.0,3350.0,5
b50_lb10_k3_eps0p0025,aggregate_only_sync,confidence,1,dj_6_circuit,dj,6,circuit,0.008426923076923108,0.010434561650257827,0.01091851851851848,0.74,0.74,5200.0,5200.0,5
b50_lb10_k3_eps0p0025,aggregate_only_sync,confidence,1,dj_7_circuit,dj,7,circuit,0.008615662650602395,0.011007743043627633,0.011417073170731725,0.645,0.645,7100.0,7100.0,5
b50_lb10_k3_eps0p0025,aggregate_only_sync,confidence,1,dj_8_circuit,dj,8,circuit,0.009708064516129,0.01158413265306125,0.011952040816326557,0.5349999999999999,0.5349999999999999,9300.0,9300.0,5
b50_lb10_k3_eps0p0025,aggregate_only_sync,confidence,1,dj_9_circuit,dj,9,circuit,0.010468047337278134,0.011237973884039477,0.011334426229508216,0.4225,0.4225,11550.0,11550.0,5
b50_lb10_k3_eps0p0025,aggregate_only_sync,confidence,1,qaoa_10_circuit,qaoa,10,circuit,0.0,0.0,0.0,0.0,0.0,20000.0,20000.0,5
b50_lb10_k3_eps0p0025,aggregate_only_sync,confidence,1,qaoa_11_circuit,qaoa,11,circuit,0.0,0.0,0.0,0.0,0.0,20000.0,20000.0,5
b50_lb10_k3_eps0p0025,aggregate_only_sync,confidence,1,qaoa_12_circuit,qaoa,12,circuit,0.0,0.0,0.0,0.0,0.0,20000.0,20000.0,5
b50_lb10_k3_eps0p0025,aggregate_only_sync,confidence,1,qaoa_13_circuit,qaoa,13,circuit,0.0,0.0,0.0,0.0,0.0,20000.0,20000.0,5
b50_lb10_k3_eps0p0025,aggregate_only_sync,confidence,1,qaoa_14_circuit,qaoa,14,circuit,0.0,0.0,0.0,0.0,0.0,20000.0,20000.0,5
b50_lb10_k3_eps0p0025,aggregate_only_sync,confidence,1,qaoa_15_circuit,qaoa,15,circuit,0.0,0.0,0.0,0.0,0.0,20000.0,20000.0,5
b50_lb10_k3_eps0p0025,aggregate_only_sync,confidence,1,qaoa_4_circuit,qaoa,4,circuit,0.00778911564625852,0.009914967234023839,0.00992106918238994,0.6425000000000001,0.6425000000000001,7150.0,7150.0,5
b50_lb10_k3_eps0p0025,aggregate_only_sync,confidence,1,qaoa_5_circuit,qaoa,5,circuit,0.007346757679180891,0.010295875169606502,0.010840298507462678,0.29500000000000004,0.29500000000000004,14100.0,14100.0,5
b50_lb10_k3_eps0p0025,aggregate_only_sync,confidence,1,qaoa_6_circuit,qaoa,6,circuit,0.0,0.004558170586837729,0.004593478260869563,0.0,0.0,20000.0,20000.0,5
b50_lb10_k3_eps0p0025,aggregate_only_sync,confidence,1,qaoa_7_circuit,qaoa,7,circuit,0.0,0.0,0.0,0.0,0.0,20000.0,20000.0,5
b50_lb10_k3_eps0p0025,aggregate_only_sync,confidence,1,qaoa_8_circuit,qaoa,8,circuit,0.0,0.0,0.0,0.0,0.0,20000.0,20000.0,5
b50_lb10_k3_eps0p0025,aggregate_only_sync,confidence,1,qaoa_9_circuit,qaoa,9,circuit,0.0,0.0,0.0,0.0,0.0,20000.0,20000.0,5
b50_lb10_k3_eps0p0025,aggregate_only_sync,confidence,1,qft_10_circuit,qft,10,circuit,0.0,0.0,0.0,0.0,0.0,20000.0,20000.0,5
b50_lb10_k3_eps0p0025,aggregate_only_sync,confidence,1,qft_11_circuit,qft,11,circuit,0.0,0.0,0.0,0.0,0.0,20000.0,20000.0,5
b50_lb10_k3_eps0p0025,aggregate_only_sync,confidence,1,qft_12_circuit,qft,12,circuit,0.0,0.0,0.0,0.0,0.0,20000.0,20000.0,5
b50_lb10_k3_eps0p0025,aggregate_only_sync,confidence,1,qft_13_circuit,qft,13,circuit,0.0,0.0,0.0,0.0,0.0,20000.0,20000.0,5
b50_lb10_k3_eps0p0025,aggregate_only_sync,confidence,1,qft_14_circuit,qft,14,circuit,0.0,0.0,0.0,0.0,0.0,20000.0,20000.0,5
b50_lb10_k3_eps0p0025,aggregate_only_sync,confidence,1,qft_15_circuit,qft,15,circuit,0.0,0.0,0.0,0.0,0.0,20000.0,20000.0,5
b50_lb10_k3_eps0p0025,aggregate_only_sync,confidence,1,qft_4_circuit,qft,4,circuit,0.010529735682819372,0.011147682843472322,0.011270129870129878,0.4325,0.4325,11350.0,11350.0,5
b50_lb10_k3_eps0p0025,aggregate_only_sync,confidence,1,qft_5_circuit,qft,5,circuit,0.006196408839778997,0.007241449275362313,0.007426811594202895,0.09499999999999997,0.09499999999999997,18100.0,18100.0,5
b50_lb10_k3_eps0p0025,aggregate_only_sync,confidence,1,qft_6_circuit,qft,6,circuit,0.0,0.0,0.0,0.0,0.0,20000.0,20000.0,5
b50_lb10_k3_eps0p0025,aggregate_only_sync,confidence,1,qft_7_circuit,qft,7,circuit,0.0,0.0,0.0,0.0,0.0,20000.0,20000.0,5
b50_lb10_k3_eps0p0025,aggregate_only_sync,confidence,1,qft_8_circuit,qft,8,circuit,0.0,0.0,0.0,0.0,0.0,20000.0,20000.0,5
b50_lb10_k3_eps0p0025,aggregate_only_sync,confidence,1,qft_9_circuit,qft,9,circuit,0.0,0.0,0.0,0.0,0.0,20000.0,20000.0,5
b50_lb10_k3_eps0p0025,aggregate_only_sync,confidence,1,qnn_10_circuit,qnn,10,circuit,0.0,0.0,0.0,0.0,0.0,20000.0,20000.0,5
b50_lb10_k3_eps0p0025,aggregate_only_sync,confidence,1,qnn_11_circuit,qnn,11,circuit,0.0,0.0,0.0,0.0,0.0,20000.0,20000.0,5
b50_lb10_k3_eps0p0025,aggregate_only_sync,confidence,1,qnn_12_circuit,qnn,12,circuit,0.0,0.0,0.0,0.0,0.0,20000.0,20000.0,5
b50_lb10_k3_eps0p0025,aggregate_only_sync,confidence,1,qnn_13_circuit,qnn,13,circuit,0.0,0.0,0.0,0.0,0.0,20000.0,20000.0,5
b50_lb10_k3_eps0p0025,aggregate_only_sync,confidence,1,qnn_14_circuit,qnn,14,circuit,0.0,0.0,0.0,0.0,0.0,20000.0,20000.0,5
b50_lb10_k3_eps0p0025,aggregate_only_sync,confidence,1,qnn_15_circuit,qnn,15,circuit,0.0,0.0,0.0,0.0,0.0,20000.0,20000.0,5
b50_lb10_k3_eps0p0025,aggregate_only_sync,confidence,1,qnn_4_circuit,qnn,4,circuit,0.009510992907801429,0.014031918906176324,0.014823809523809517,0.495,0.495,10100.0,10100.0,5
b50_lb10_k3_eps0p0025,aggregate_only_sync,confidence,1,qnn_5_circuit,qnn,5,circuit,0.005893657817109153,0.0071281576893052374,0.00725245901639345,0.15249999999999997,0.15249999999999997,16950.0,16950.0,5
b50_lb10_k3_eps0p0025,aggregate_only_sync,confidence,1,qnn_6_circuit,qnn,6,circuit,0.0,0.0,0.0,0.0,0.0,20000.0,20000.0,5
b50_lb10_k3_eps0p0025,aggregate_only_sync,confidence,1,qnn_7_circuit,qnn,7,circuit,0.0,0.0,0.0,0.0,0.0,20000.0,20000.0,5
b50_lb10_k3_eps0p0025,aggregate_only_sync,confidence,1,qnn_8_circuit,qnn,8,circuit,0.0,0.0,0.0,0.0,0.0,20000.0,20000.0,5
b50_lb10_k3_eps0p0025,aggregate_only_sync,confidence,1,qnn_9_circuit,qnn,9,circuit,0.0,0.0,0.0,0.0,0.0,20000.0,20000.0,5
b50_lb10_k3_eps0p0025,aggregate_only_sync,confidence,1,random_10_circuit,random,10,circuit,0.0,0.0,0.0,0.0,0.0,20000.0,20000.0,5
b50_lb10_k3_eps0p0025,aggregate_only_sync,confidence,1,random_11_circuit,random,11,circuit,0.0,0.0,0.0,0.0,0.0,20000.0,20000.0,5
b50_lb10_k3_eps0p0025,aggregate_only_sync,confidence,1,random_12_circuit,random,12,circuit,0.0,0.0,0.0,0.0,0.0,20000.0,20000.0,5
b50_lb10_k3_eps0p0025,aggregate_only_sync,confidence,1,random_13_circuit,random,13,circuit,0.0,0.0,0.0,0.0,0.0,20000.0,20000.0,5
b50_lb10_k3_eps0p0025,aggregate_only_sync,confidence,1,random_14_circuit,random,14,circuit,0.0,0.0,0.0,0.0,0.0,20000.0,20000.0,5
b50_lb10_k3_eps0p0025,aggregate_only_sync,confidence,1,random_15_circuit,random,15,circuit,0.0,0.0,0.0,0.0,0.0,20000.0,20000.0,5
b50_lb10_k3_eps0p0025,aggregate_only_sync,confidence,1,random_4_circuit,random,4,circuit,0.00711980198019802,0.01403505285695169,0.015094680851063828,0.5925,0.5925,8150.0,8150.0,5
b50_lb10_k3_eps0p0025,aggregate_only_sync,confidence,1,random_5_circuit,random,5,circuit,0.0070052995391704865,0.008251457955232909,0.00840862068965517,0.3075,0.3075,13850.0,13850.0,5
b50_lb10_k3_eps0p0025,aggregate_only_sync,confidence,1,random_6_circuit,random,6,circuit,0.0,0.0,0.0,0.0,0.0,20000.0,20000.0,5
b50_lb10_k3_eps0p0025,aggregate_only_sync,confidence,1,random_7_circuit,random,7,circuit,0.0,0.0,0.0,0.0,0.0,20000.0,20000.0,5
b50_lb10_k3_eps0p0025,aggregate_only_sync,confidence,1,random_8_circuit,random,8,circuit,0.0,0.0,0.0,0.0,0.0,20000.0,20000.0,5
b50_lb10_k3_eps0p0025,aggregate_only_sync,confidence,1,random_9_circuit,random,9,circuit,0.0,0.0,0.0,0.0,0.0,20000.0,20000.0,5
b50_lb10_k3_eps0p0025,aggregate_only_sync,confidence,1,vqe_10_circuit,vqe,10,circuit,0.007906340057636858,0.010540694980694954,0.010851544401544358,0.16749999999999998,0.16749999999999998,16650.0,16650.0,5
b50_lb10_k3_eps0p0025,aggregate_only_sync,confidence,1,vqe_11_circuit,vqe,11,circuit,0.006273988439306386,0.010891084529505626,0.011084688995215366,0.135,0.135,17300.0,17300.0,5
b50_lb10_k3_eps0p0025,aggregate_only_sync,confidence,1,vqe_12_circuit,vqe,12,circuit,0.006890350877192961,0.01068012231431563,0.011154651162790722,0.14500000000000002,0.14500000000000002,17100.0,17100.0,5
b50_lb10_k3_eps0p0025,aggregate_only_sync,confidence,1,vqe_13_circuit,vqe,13,circuit,0.0,0.00585333333333332,0.007316666666666651,0.0,0.0,20000.0,20000.0,5
b50_lb10_k3_eps0p0025,aggregate_only_sync,confidence,1,vqe_14_circuit,vqe,14,circuit,0.0,0.001540253164556963,0.0019253164556962041,0.0,0.0,20000.0,20000.0,5
b50_lb10_k3_eps0p0025,aggregate_only_sync,confidence,1,vqe_15_circuit,vqe,15,circuit,0.0,0.0,0.0,0.0,0.0,20000.0,20000.0,5
b50_lb10_k3_eps0p0025,aggregate_only_sync,confidence,1,vqe_4_circuit,vqe,4,circuit,0.005539552238805997,0.006149956709956668,0.006213636363636312,0.8375,0.8375,3250.0,3250.0,5
b50_lb10_k3_eps0p0025,aggregate_only_sync,confidence,1,vqe_5_circuit,vqe,5,circuit,0.008446581196581177,0.010243529766520244,0.010460062893081807,0.6599999999999999,0.6599999999999999,6800.0,6800.0,5
b50_lb10_k3_eps0p0025,aggregate_only_sync,confidence,1,vqe_6_circuit,vqe,6,circuit,0.006804878048780457,0.007747487684729081,0.007887931034482782,0.725,0.725,5500.0,5500.0,5
b50_lb10_k3_eps0p0025,aggregate_only_sync,confidence,1,vqe_7_circuit,vqe,7,circuit,0.007410256410256376,0.009692878787878795,0.010084848484848488,0.5875,0.5875,8250.0,8250.0,5
b50_lb10_k3_eps0p0025,aggregate_only_sync,confidence,1,vqe_8_circuit,vqe,8,circuit,0.008984482758620717,0.012574086148982425,0.01288809523809525,0.39749999999999996,0.39749999999999996,12050.0,12050.0,5
b50_lb10_k3_eps0p0025,aggregate_only_sync,confidence,1,vqe_9_circuit,vqe,9,circuit,0.009240909090909103,0.013757113752122258,0.013866129032258081,0.38,0.38,12400.0,12400.0,5
b50_lb10_k3_eps0p0025,aggregate_only_sync,confidence,2,dj_10_circuit,dj,10,circuit,0.009949411951684705,0.01164027013835844,0.011981349206349275,0.50375,0.50375,19850.0,9925.0,10
b50_lb10_k3_eps0p0025,aggregate_only_sync,confidence,2,dj_11_circuit,dj,11,circuit,0.010162101275917096,0.011892970085470116,0.012002777777777845,0.42500000000000004,0.42500000000000004,23000.0,11500.0,10
b50_lb10_k3_eps0p0025,aggregate_only_sync,confidence,2,dj_12_circuit,dj,12,circuit,0.009653519214703438,0.011058684116030696,0.011365585774058601,0.33249999999999996,0.33249999999999996,26700.0,13350.0,10
b50_lb10_k3_eps0p0025,aggregate_only_sync,confidence,2,dj_13_circuit,dj,13,circuit,0.007520833333333404,0.009709770114942617,0.010591666666666772,0.25625,0.25625,29750.0,14875.0,10
b50_lb10_k3_eps0p0025,aggregate_only_sync,confidence,2,dj_14_circuit,dj,14,circuit,0.004532798037763713,0.008704332601007421,0.008753405315614608,0.08124999999999999,0.08124999999999999,36750.0,18375.0,10
b50_lb10_k3_eps0p0025,aggregate_only_sync,confidence,2,dj_15_circuit,dj,15,circuit,0.0,0.008448414441972644,0.009587634408602155,0.0,0.0,40000.0,20000.0,10
b50_lb10_k3_eps0p0025,aggregate_only_sync,confidence,2,dj_4_circuit,dj,4,circuit,0.004061904761904774,0.005170135135135108,0.005322972972972921,0.90125,0.90125,3950.0,1975.0,10
b50_lb10_k3_eps0p0025,aggregate_only_sync,confidence,2,dj_5_circuit,dj,5,circuit,0.004237526123301978,0.005570265151515175,0.006083333333333366,0.8600000000000001,0.8600000000000001,5600.0,2800.0,10
b50_lb10_k3_eps0p0025,aggregate_only_sync,confidence,2,dj_6_circuit,dj,6,circuit,0.006312538866299917,0.008939203652788708,0.00913552631578949,0.81,0.81,7600.0,3800.0,10
b50_lb10_k3_eps0p0025,aggregate_only_sync,confidence,2,dj_7_circuit,dj,7,circuit,0.006881627688630932,0.009092277227722774,0.009495049504950507,0.7362500000000001,0.7362500000000001,10550.0,5275.0,10
b50_lb10_k3_eps0p0025,aggregate_only_sync,confidence,2,dj_8_circuit,dj,8,circuit,0.007551353503184702,0.010342537878787889,0.010483333333333336,0.65,0.65,14000.0,7000.0,10
b50_lb10_k3_eps0p0025,aggregate_only_sync,confidence,2,dj_9_circuit,dj,9,circuit,0.009449681528662466,0.010067869897959157,0.010379081632653029,0.5800000000000001,0.5800000000000001,16800.0,8400.0,10
b50_lb10_k3_eps0p0025,aggregate_only_sync,confidence,2,qaoa_10_circuit,qaoa,10,circuit,0.0,0.0,0.0,0.0,0.0,40000.0,20000.0,10
b50_lb10_k3_eps0p0025,aggregate_only_sync,confidence,2,qaoa_11_circuit,qaoa,11,circuit,0.0,0.0,0.0,0.0,0.0,40000.0,20000.0,10
b50_lb10_k3_eps0p0025,aggregate_only_sync,confidence,2,qaoa_12_circuit,qaoa,12,circuit,0.0,0.0,0.0,0.0,0.0,40000.0,20000.0,10
b50_lb10_k3_eps0p0025,aggregate_only_sync,confidence,2,qaoa_13_circuit,qaoa,13,circuit,0.0,0.0,0.0,0.0,0.0,40000.0,20000.0,10
b50_lb10_k3_eps0p0025,aggregate_only_sync,confidence,2,qaoa_14_circuit,qaoa,14,circuit,0.0,0.0,0.0,0.0,0.0,40000.0,20000.0,10
b50_lb10_k3_eps0p0025,aggregate_only_sync,confidence,2,qaoa_15_circuit,qaoa,15,circuit,0.0,0.0,0.0,0.0,0.0,40000.0,20000.0,10
b50_lb10_k3_eps0p0025,aggregate_only_sync,confidence,2,qaoa_4_circuit,qaoa,4,circuit,0.006020340819542955,0.01008249557260921,0.010862012987012993,0.7237499999999999,0.7237499999999999,11050.0,5525.0,10
b50_lb10_k3_eps0p0025,aggregate_only_sync,confidence,2,qaoa_5_circuit,qaoa,5,circuit,0.008211419025157238,0.00990350121359223,0.010264320388349516,0.50375,0.50375,19850.0,9925.0,10
b50_lb10_k3_eps0p0025,aggregate_only_sync,confidence,2,qaoa_6_circuit,qaoa,6,circuit,0.00720606118304138,0.00925934362934363,0.009266988416988425,0.31,0.31,27600.0,13800.0,10
b50_lb10_k3_eps0p0025,aggregate_only_sync,confidence,2,qaoa_7_circuit,qaoa,7,circuit,0.0,0.0,0.0,0.0,0.0,40000.0,20000.0,10
b50_lb10_k3_eps0p0025,aggregate_only_sync,confidence,2,qaoa_8_circuit,qaoa,8,circuit,0.0,0.0,0.0,0.0,0.0,40000.0,20000.0,10
b50_lb10_k3_eps0p0025,aggregate_only_sync,confidence,2,qaoa_9_circuit,qaoa,9,circuit,0.0,0.0,0.0,0.0,0.0,40000.0,20000.0,10
b50_lb10_k3_eps0p0025,aggregate_only_sync,confidence,2,qft_10_circuit,qft,10,circuit,0.0,0.0,0.0,0.0,0.0,40000.0,20000.0,10
b50_lb10_k3_eps0p0025,aggregate_only_sync,confidence,2,qft_11_circuit,qft,11,circuit,0.0,0.0,0.0,0.0,0.0,40000.0,20000.0,10
b50_lb10_k3_eps0p0025,aggregate_only_sync,confidence,2,qft_12_circuit,qft,12,circuit,0.0,0.0,0.0,0.0,0.0,40000.0,20000.0,10
b50_lb10_k3_eps0p0025,aggregate_only_sync,confidence,2,qft_13_circuit,qft,13,circuit,0.0,0.0,0.0,0.0,0.0,40000.0,20000.0,10
b50_lb10_k3_eps0p0025,aggregate_only_sync,confidence,2,qft_14_circuit,qft,14,circuit,0.0,0.0,0.0,0.0,0.0,40000.0,20000.0,10
b50_lb10_k3_eps0p0025,aggregate_only_sync,confidence,2,qft_15_circuit,qft,15,circuit,0.0,0.0,0.0,0.0,0.0,40000.0,20000.0,10
b50_lb10_k3_eps0p0025,aggregate_only_sync,confidence,2,qft_4_circuit,qft,4,circuit,0.009911445783132538,0.012150198412698416,0.012335714285714287,0.58125,0.58125,16750.0,8375.0,10
b50_lb10_k3_eps0p0025,aggregate_only_sync,confidence,2,qft_5_circuit,qft,5,circuit,0.008911538461538464,0.009517024616079495,0.009518495934959351,0.38,0.38,24800.0,12400.0,10
b50_lb10_k3_eps0p0025,aggregate_only_sync,confidence,2,qft_6_circuit,qft,6,circuit,0.004368842879918009,0.007481154359844421,0.007681797583081566,0.0625,0.0625,37500.0,18750.0,10
b50_lb10_k3_eps0p0025,aggregate_only_sync,confidence,2,qft_7_circuit,qft,7,circuit,0.0,0.0,0.0,0.0,0.0,40000.0,20000.0,10
b50_lb10_k3_eps0p0025,aggregate_only_sync,confidence,2,qft_8_circuit,qft,8,circuit,0.0,0.0,0.0,0.0,0.0,40000.0,20000.0,10
b50_lb10_k3_eps0p0025,aggregate_only_sync,confidence,2,qft_9_circuit,qft,9,circuit,0.0,0.0,0.0,0.0,0.0,40000.0,20000.0,10
b50_lb10_k3_eps0p0025,aggregate_only_sync,confidence,2,qnn_10_circuit,qnn,10,circuit,0.0,0.0,0.0,0.0,0.0,40000.0,20000.0,10
b50_lb10_k3_eps0p0025,aggregate_only_sync,confidence,2,qnn_11_circuit,qnn,11,circuit,0.0,0.0,0.0,0.0,0.0,40000.0,20000.0,10
b50_lb10_k3_eps0p0025,aggregate_only_sync,confidence,2,qnn_12_circuit,qnn,12,circuit,0.0,0.0,0.0,0.0,0.0,40000.0,20000.0,10
b50_lb10_k3_eps0p0025,aggregate_only_sync,confidence,2,qnn_13_circuit,qnn,13,circuit,0.0,0.0,0.0,0.0,0.0,40000.0,20000.0,10
b50_lb10_k3_eps0p0025,aggregate_only_sync,confidence,2,qnn_14_circuit,qnn,14,circuit,0.0,0.0,0.0,0.0,0.0,40000.0,20000.0,10
b50_lb10_k3_eps0p0025,aggregate_only_sync,confidence,2,qnn_15_circuit,qnn,15,circuit,0.0,0.0,0.0,0.0,0.0,40000.0,20000.0,10
b50_lb10_k3_eps0p0025,aggregate_only_sync,confidence,2,qnn_4_circuit,qnn,4,circuit,0.010578813694606438,0.012862394668158078,0.013231879194630864,0.63,0.63,14800.0,7400.0,10
b50_lb10_k3_eps0p0025,aggregate_only_sync,confidence,2,qnn_5_circuit,qnn,5,circuit,0.008211672979557657,0.011269451219512184,0.012185365853658536,0.39749999999999996,0.39749999999999996,24100.0,12050.0,10
b50_lb10_k3_eps0p0025,aggregate_only_sync,confidence,2,qnn_6_circuit,qnn,6,circuit,0.006510472972972979,0.007494554655870453,0.0075489510489510445,0.16125,0.16125,33550.0,16775.0,10
b50_lb10_k3_eps0p0025,aggregate_only_sync,confidence,2,qnn_7_circuit,qnn,7,circuit,0.0,0.0,0.0,0.0,0.0,40000.0,20000.0,10
b50_lb10_k3_eps0p0025,aggregate_only_sync,confidence,2,qnn_8_circuit,qnn,8,circuit,0.0,0.0,0.0,0.0,0.0,40000.0,20000.0,10
b50_lb10_k3_eps0p0025,aggregate_only_sync,confidence,2,qnn_9_circuit,qnn,9,circuit,0.0,0.0,0.0,0.0,0.0,40000.0,20000.0,10
b50_lb10_k3_eps0p0025,aggregate_only_sync,confidence,2,random_10_circuit,random,10,circuit,0.0,0.0,0.0,0.0,0.0,40000.0,20000.0,10
b50_lb10_k3_eps0p0025,aggregate_only_sync,confidence,2,random_11_circuit,random,11,circuit,0.0,0.0,0.0,0.0,0.0,40000.0,20000.0,10
b50_lb10_k3_eps0p0025,aggregate_only_sync,confidence,2,random_12_circuit,random,12,circuit,0.0,0.0,0.0,0.0,0.0,40000.0,20000.0,10
b50_lb10_k3_eps0p0025,aggregate_only_sync,confidence,2,random_13_circuit,random,13,circuit,0.0,0.0,0.0,0.0,0.0,40000.0,20000.0,10
b50_lb10_k3_eps0p0025,aggregate_only_sync,confidence,2,random_14_circuit,random,14,circuit,0.0,0.0,0.0,0.0,0.0,40000.0,20000.0,10
b50_lb10_k3_eps0p0025,aggregate_only_sync,confidence,2,random_15_circuit,random,15,circuit,0.0,0.0,0.0,0.0,0.0,40000.0,20000.0,10
b50_lb10_k3_eps0p0025,aggregate_only_sync,confidence,2,random_4_circuit,random,4,circuit,0.00842203588269495,0.009597628933566447,0.009868750000000011,0.6775,0.6775,12900.0,6450.0,10
b50_lb10_k3_eps0p0025,aggregate_only_sync,confidence,2,random_5_circuit,random,5,circuit,0.007230095920542426,0.009342429435483857,0.01028225806451611,0.48875,0.48875,20450.0,10225.0,10
b50_lb10_k3_eps0p0025,aggregate_only_sync,confidence,2,random_6_circuit,random,6,circuit,0.0058571757230499455,0.007587066969739436,0.007587876254180589,0.12,0.12,35200.0,17600.0,10
b50_lb10_k3_eps0p0025,aggregate_only_sync,confidence,2,random_7_circuit,random,7,circuit,0.0,0.0,0.0,0.0,0.0,40000.0,20000.0,10
b50_lb10_k3_eps0p0025,aggregate_only_sync,confidence,2,random_8_circuit,random,8,circuit,0.0,0.0,0.0,0.0,0.0,40000.0,20000.0,10
b50_lb10_k3_eps0p0025,aggregate_only_sync,confidence,2,random_9_circuit,random,9,circuit,0.0,0.0,0.0,0.0,0.0,40000.0,20000.0,10
b50_lb10_k3_eps0p0025,aggregate_only_sync,confidence,2,vqe_10_circuit,vqe,10,circuit,0.009068235930735961,0.014935204248366073,0.014992483660130812,0.3975,0.3975,24100.0,12050.0,10
b50_lb10_k3_eps0p0025,aggregate_only_sync,confidence,2,vqe_11_circuit,vqe,11,circuit,0.009177733214497918,0.01264434694691281,0.013259523809523886,0.40375,0.40375,23850.0,11925.0,10
b50_lb10_k3_eps0p0025,aggregate_only_sync,confidence,2,vqe_12_circuit,vqe,12,circuit,0.008384902597402604,0.009184875713478698,0.009194483568075182,0.26375000000000004,0.26375000000000004,29450.0,14725.0,10
b50_lb10_k3_eps0p0025,aggregate_only_sync,confidence,2,vqe_13_circuit,vqe,13,circuit,0.0024384485094851136,0.009661666666666697,0.010032575757575728,0.03875000000000001,0.03875000000000001,38450.0,19225.0,10
b50_lb10_k3_eps0p0025,aggregate_only_sync,confidence,2,vqe_14_circuit,vqe,14,circuit,0.0,0.0010563071065989907,0.001920558375634532,0.0,0.0,40000.0,20000.0,10
b50_lb10_k3_eps0p0025,aggregate_only_sync,confidence,2,vqe_15_circuit,vqe,15,circuit,0.0,0.0,0.0,0.0,0.0,40000.0,20000.0,10
b50_lb10_k3_eps0p0025,aggregate_only_sync,confidence,2,vqe_4_circuit,vqe,4,circuit,0.003930952380952405,0.004542152025982089,0.004623584905660361,0.895,0.895,4200.0,2100.0,10
b50_lb10_k3_eps0p0025,aggregate_only_sync,confidence,2,vqe_5_circuit,vqe,5,circuit,0.0059783185840707725,0.009136944444444461,0.009369444444444463,0.7737499999999999,0.7737499999999999,9050.0,4525.0,10
b50_lb10_k3_eps0p0025,aggregate_only_sync,confidence,2,vqe_6_circuit,vqe,6,circuit,0.005353230337078654,0.007938804945054941,0.008157792207792183,0.795,0.795,8200.0,4100.0,10
b50_lb10_k3_eps0p0025,aggregate_only_sync,confidence,2,vqe_7_circuit,vqe,7,circuit,0.006514589007517184,0.010323155737704967,0.01077500000000003,0.6699999999999999,0.6699999999999999,13200.0,6600.0,10
b50_lb10_k3_eps0p0025,aggregate_only_sync,confidence,2,vqe_8_circuit,vqe,8,circuit,0.009061470484270081,0.011392721893491144,0.01179585798816571,0.52125,0.52125,19150.0,9575.0,10
b50_lb10_k3_eps0p0025,aggregate_only_sync,confidence,2,vqe_9_circuit,vqe,9,circuit,0.009971089602221692,0.01089531390266949,0.0110607843137255,0.575,0.575,17000.0,8500.0,10
b50_lb10_k3_eps0p0025,aggregate_only_sync,confidence,3,dj_10_circuit,dj,10,circuit,0.009234359359359467,0.010824886941775113,0.010852459016393524,0.5599999999999999,0.5599999999999999,26400.0,8800.0,10
b50_lb10_k3_eps0p0025,aggregate_only_sync,confidence,3,dj_11_circuit,dj,11,circuit,0.009976195743784303,0.010781250553515163,0.010862935323383092,0.48750000000000004,0.48750000000000004,30750.0,10250.0,10
b50_lb10_k3_eps0p0025,aggregate_only_sync,confidence,3,dj_12_circuit,dj,12,circuit,0.01015348324514986,0.011264075829384016,0.01193181818181833,0.36875,0.36875,37875.0,12625.0,10
b50_lb10_k3_eps0p0025,aggregate_only_sync,confidence,3,dj_13_circuit,dj,13,circuit,0.008041986271017815,0.009912016806722757,0.0101500000000001,0.31124999999999997,0.31124999999999997,41325.0,13775.0,10
b50_lb10_k3_eps0p0025,aggregate_only_sync,confidence,3,dj_14_circuit,dj,14,circuit,0.00787154091914483,0.008632599784250287,0.008877454153182328,0.23375,0.23375,45975.0,15325.0,10
b50_lb10_k3_eps0p0025,aggregate_only_sync,confidence,3,dj_15_circuit,dj,15,circuit,0.00490856374979525,0.008321886102403362,0.008581870428422178,0.08374999999999999,0.08374999999999999,54975.0,18325.0,10
b50_lb10_k3_eps0p0025,aggregate_only_sync,confidence,3,dj_4_circuit,dj,4,circuit,0.003707352941176496,0.006171388888888859,0.006615151515151498,0.915,0.915,5100.0,1700.0,10
b50_lb10_k3_eps0p0025,aggregate_only_sync,confidence,3,dj_5_circuit,dj,5,circuit,0.003851515151515152,0.00501571428571427,0.005028571428571393,0.8825000000000001,0.8825000000000001,7050.0,2350.0,10
b50_lb10_k3_eps0p0025,aggregate_only_sync,confidence,3,dj_6_circuit,dj,6,circuit,0.005453439803439848,0.006523306878306857,0.00653783068783067,0.83375,0.83375,9975.0,3325.0,10
b50_lb10_k3_eps0p0025,aggregate_only_sync,confidence,3,dj_7_circuit,dj,7,circuit,0.00640983642793988,0.009033979160374557,0.009120930232558158,0.7725,0.7725,13650.0,4550.0,10
b50_lb10_k3_eps0p0025,aggregate_only_sync,confidence,3,dj_8_circuit,dj,8,circuit,0.007599628658802985,0.009289399656946863,0.009456198347107498,0.73125,0.73125,16125.0,5375.0,10
b50_lb10_k3_eps0p0025,aggregate_only_sync,confidence,3,dj_9_circuit,dj,9,circuit,0.008483169075115397,0.009884633489919716,0.009955128205128134,0.65625,0.65625,20625.0,6875.0,10
b50_lb10_k3_eps0p0025,aggregate_only_sync,confidence,3,qaoa_10_circuit,qaoa,10,circuit,0.0,0.0,0.0,0.0,0.0,60000.0,20000.0,10
b50_lb10_k3_eps0p0025,aggregate_only_sync,confidence,3,qaoa_11_circuit,qaoa,11,circuit,0.0,0.0,0.0,0.0,0.0,60000.0,20000.0,10
b50_lb10_k3_eps0p0025,aggregate_only_sync,confidence,3,qaoa_12_circuit,qaoa,12,circuit,0.0,0.0,0.0,0.0,0.0,60000.0,20000.0,10
b50_lb10_k3_eps0p0025,aggregate_only_sync,confidence,3,qaoa_13_circuit,qaoa,13,circuit,0.0,0.0,0.0,0.0,0.0,60000.0,20000.0,10
b50_lb10_k3_eps0p0025,aggregate_only_sync,confidence,3,qaoa_14_circuit,qaoa,14,circuit,0.0,0.0,0.0,0.0,0.0,60000.0,20000.0,10
b50_lb10_k3_eps0p0025,aggregate_only_sync,confidence,3,qaoa_15_circuit,qaoa,15,circuit,0.0,0.0,0.0,0.0,0.0,60000.0,20000.0,10
b50_lb10_k3_eps0p0025,aggregate_only_sync,confidence,3,qaoa_4_circuit,qaoa,4,circuit,0.006760023025870252,0.009829906635652886,0.011012935323383072,0.75,0.75,15000.0,5000.0,10
b50_lb10_k3_eps0p0025,aggregate_only_sync,confidence,3,qaoa_5_circuit,qaoa,5,circuit,0.008678117674636656,0.010488044217687072,0.010514625850340133,0.62875,0.62875,22275.0,7425.0,10
b50_lb10_k3_eps0p0025,aggregate_only_sync,confidence,3,qaoa_6_circuit,qaoa,6,circuit,0.007509890016362997,0.008058339243498835,0.00817222222222223,0.40125,0.40125,35925.0,11975.0,10
b50_lb10_k3_eps0p0025,aggregate_only_sync,confidence,3,qaoa_7_circuit,qaoa,7,circuit,0.004473797995999923,0.006986817269076289,0.0072666666666666435,0.08249999999999996,0.08249999999999996,55050.0,18350.0,10
b50_lb10_k3_eps0p0025,aggregate_only_sync,confidence,3,qaoa_8_circuit,qaoa,8,circuit,0.0,0.0021195074758135393,0.0038536499560246243,0.0,0.0,60000.0,20000.0,10
b50_lb10_k3_eps0p0025,aggregate_only_sync,confidence,3,qaoa_9_circuit,qaoa,9,circuit,0.0,0.0,0.0,0.0,0.0,60000.0,20000.0,10
b50_lb10_k3_eps0p0025,aggregate_only_sync,confidence,3,qft_10_circuit,qft,10,circuit,0.0,0.0,0.0,0.0,0.0,60000.0,20000.0,10
b50_lb10_k3_eps0p0025,aggregate_only_sync,confidence,3,qft_11_circuit,qft,11,circuit,0.0,0.0,0.0,0.0,0.0,60000.0,20000.0,10
b50_lb10_k3_eps0p0025,aggregate_only_sync,confidence,3,qft_12_circuit,qft,12,circuit,0.0,0.0,0.0,0.0,0.0,60000.0,20000.0,10
b50_lb10_k3_eps0p0025,aggregate_only_sync,confidence,3,qft_13_circuit,qft,13,circuit,0.0,0.0,0.0,0.0,0.0,60000.0,20000.0,10
b50_lb10_k3_eps0p0025,aggregate_only_sync,confidence,3,qft_14_circuit,qft,14,circuit,0.0,0.0,0.0,0.0,0.0,60000.0,20000.0,10
b50_lb10_k3_eps0p0025,aggregate_only_sync,confidence,3,qft_15_circuit,qft,15,circuit,0.0,0.0,0.0,0.0,0.0,60000.0,20000.0,10
b50_lb10_k3_eps0p0025,aggregate_only_sync,confidence,3,qft_4_circuit,qft,4,circuit,0.009578508771929835,0.012111360044065525,0.012518493150684928,0.6375,0.6375,21750.0,7250.0,10
b50_lb10_k3_eps0p0025,aggregate_only_sync,confidence,3,qft_5_circuit,qft,5,circuit,0.009125240823783428,0.011289319645732682,0.011434006734006729,0.44499999999999995,0.44499999999999995,33300.0,11100.0,10
b50_lb10_k3_eps0p0025,aggregate_only_sync,confidence,3,qft_6_circuit,qft,6,circuit,0.00696462542087542,0.00936795035740049,0.009913725490196082,0.22499999999999998,0.22499999999999998,46500.0,15500.0,10
b50_lb10_k3_eps0p0025,aggregate_only_sync,confidence,3,qft_7_circuit,qft,7,circuit,0.0,0.0,0.0,0.0,0.0,60000.0,20000.0,10
b50_lb10_k3_eps0p0025,aggregate_only_sync,confidence,3,qft_8_circuit,qft,8,circuit,0.0,0.0,0.0,0.0,0.0,60000.0,20000.0,10
b50_lb10_k3_eps0p0025,aggregate_only_sync,confidence,3,qft_9_circuit,qft,9,circuit,0.0,0.0,0.0,0.0,0.0,60000.0,20000.0,10
b50_lb10_k3_eps0p0025,aggregate_only_sync,confidence,3,qnn_10_circuit,qnn,10,circuit,0.0,0.0,0.0,0.0,0.0,60000.0,20000.0,10
b50_lb10_k3_eps0p0025,aggregate_only_sync,confidence,3,qnn_11_circuit,qnn,11,circuit,0.0,0.0,0.0,0.0,0.0,60000.0,20000.0,10
b50_lb10_k3_eps0p0025,aggregate_only_sync,confidence,3,qnn_12_circuit,qnn,12,circuit,0.0,0.0,0.0,0.0,0.0,60000.0,20000.0,10
b50_lb10_k3_eps0p0025,aggregate_only_sync,confidence,3,qnn_13_circuit,qnn,13,circuit,0.0,0.0,0.0,0.0,0.0,60000.0,20000.0,10
b50_lb10_k3_eps0p0025,aggregate_only_sync,confidence,3,qnn_14_circuit,qnn,14,circuit,0.0,0.0,0.0,0.0,0.0,60000.0,20000.0,10
b50_lb10_k3_eps0p0025,aggregate_only_sync,confidence,3,qnn_15_circuit,qnn,15,circuit,0.0,0.0,0.0,0.0,0.0,60000.0,20000.0,10
b50_lb10_k3_eps0p0025,aggregate_only_sync,confidence,3,qnn_4_circuit,qnn,4,circuit,0.010411645095994602,0.011775476556276287,0.011901650165016469,0.7037500000000001,0.7037500000000001,17775.0,5925.0,10
b50_lb10_k3_eps0p0025,aggregate_only_sync,confidence,3,qnn_5_circuit,qnn,5,circuit,0.00757910454337175,0.009266612505602862,0.009408695652173902,0.51,0.51,29400.0,9800.0,10
b50_lb10_k3_eps0p0025,aggregate_only_sync,confidence,3,qnn_6_circuit,qnn,6,circuit,0.007960093253205357,0.00884003512146782,0.008920492866407271,0.3325,0.3325,40050.0,13350.0,10
b50_lb10_k3_eps0p0025,aggregate_only_sync,confidence,3,qnn_7_circuit,qnn,7,circuit,0.0,0.0,0.0,0.0,0.0,60000.0,20000.0,10
b50_lb10_k3_eps0p0025,aggregate_only_sync,confidence,3,qnn_8_circuit,qnn,8,circuit,0.0,0.0,0.0,0.0,0.0,60000.0,20000.0,10
b50_lb10_k3_eps0p0025,aggregate_only_sync,confidence,3,qnn_9_circuit,qnn,9,circuit,0.0,0.0,0.0,0.0,0.0,60000.0,20000.0,10
b50_lb10_k3_eps0p0025,aggregate_only_sync,confidence,3,random_10_circuit,random,10,circuit,0.0,0.0,0.0,0.0,0.0,60000.0,20000.0,10
b50_lb10_k3_eps0p0025,aggregate_only_sync,confidence,3,random_11_circuit,random,11,circuit,0.0,0.0,0.0,0.0,0.0,60000.0,20000.0,10
b50_lb10_k3_eps0p0025,aggregate_only_sync,confidence,3,random_12_circuit,random,12,circuit,0.0,0.0,0.0,0.0,0.0,60000.0,20000.0,10
b50_lb10_k3_eps0p0025,aggregate_only_sync,confidence,3,random_13_circuit,random,13,circuit,0.0,0.0,0.0,0.0,0.0,60000.0,20000.0,10
b50_lb10_k3_eps0p0025,aggregate_only_sync,confidence,3,random_14_circuit,random,14,circuit,0.0,0.0,0.0,0.0,0.0,60000.0,20000.0,10
b50_lb10_k3_eps0p0025,aggregate_only_sync,confidence,3,random_15_circuit,random,15,circuit,0.0,0.0,0.0,0.0,0.0,60000.0,20000.0,10
b50_lb10_k3_eps0p0025,aggregate_only_sync,confidence,3,random_4_circuit,random,4,circuit,0.006133327457547414,0.008469583333333358,0.00902083333333335,0.6937500000000001,0.6937500000000001,18375.0,6125.0,10
b50_lb10_k3_eps0p0025,aggregate_only_sync,confidence,3,random_5_circuit,random,5,circuit,0.008607769423558896,0.011499885496183177,0.012522519083969449,0.5825,0.5825,25050.0,8350.0,10
b50_lb10_k3_eps0p0025,aggregate_only_sync,confidence,3,random_6_circuit,random,6,circuit,0.007767683702008648,0.009457977453580898,0.009987931034482748,0.31125,0.31125,41325.0,13775.0,10
b50_lb10_k3_eps0p0025,aggregate_only_sync,confidence,3,random_7_circuit,random,7,circuit,0.0,0.0030275977347460708,0.0035168831168831136,0.0,0.0,60000.0,20000.0,10
b50_lb10_k3_eps0p0025,aggregate_only_sync,confidence,3,random_8_circuit,random,8,circuit,0.0,0.0,0.0,0.0,0.0,60000.0,20000.0,10
b50_lb10_k3_eps0p0025,aggregate_only_sync,confidence,3,random_9_circuit,random,9,circuit,0.0,0.0,0.0,0.0,0.0,60000.0,20000.0,10
b50_lb10_k3_eps0p0025,aggregate_only_sync,confidence,3,vqe_10_circuit,vqe,10,circuit,0.010783897467811446,0.012221292548914551,0.01267073170731713,0.48500000000000004,0.48500000000000004,30900.0,10300.0,10
b50_lb10_k3_eps0p0025,aggregate_only_sync,confidence,3,vqe_11_circuit,vqe,11,circuit,0.009691029389713599,0.011738313492063555,0.012113888888888955,0.43000000000000005,0.43000000000000005,34200.0,11400.0,10
b50_lb10_k3_eps0p0025,aggregate_only_sync,confidence,3,vqe_12_circuit,vqe,12,circuit,0.00915632022841508,0.010838620972309235,0.010948742138364815,0.39749999999999996,0.39749999999999996,36150.0,12050.0,10
b50_lb10_k3_eps0p0025,aggregate_only_sync,confidence,3,vqe_13_circuit,vqe,13,circuit,0.0061828042293664886,0.009319858803986772,0.009792857142857244,0.15000000000000002,0.15000000000000002,51000.0,17000.0,10
b50_lb10_k3_eps0p0025,aggregate_only_sync,confidence,3,vqe_14_circuit,vqe,14,circuit,0.0,0.0014652564102563817,0.002664102564102517,0.0,0.0,60000.0,20000.0,10
b50_lb10_k3_eps0p0025,aggregate_only_sync,confidence,3,vqe_15_circuit,vqe,15,circuit,0.0,0.0011438273960983655,0.002079686174724305,0.0,0.0,60000.0,20000.0,10
b50_lb10_k3_eps0p0025,aggregate_only_sync,confidence,3,vqe_4_circuit,vqe,4,circuit,0.0030749999999999927,0.0036146031746031406,0.00366746031746027,0.9,0.9,6000.0,2000.0,10
b50_lb10_k3_eps0p0025,aggregate_only_sync,confidence,3,vqe_5_circuit,vqe,5,circuit,0.005516249718278118,0.009564178590355082,0.010807843137254936,0.8099999999999999,0.8099999999999999,11400.0,3800.0,10
b50_lb10_k3_eps0p0025,aggregate_only_sync,confidence,3,vqe_6_circuit,vqe,6,circuit,0.005370352564102557,0.0076524392239364185,0.008309420289855077,0.8375,0.8375,9750.0,3250.0,10
b50_lb10_k3_eps0p0025,aggregate_only_sync,confidence,3,vqe_7_circuit,vqe,7,circuit,0.006134624314056552,0.00855341807909609,0.008806060606060623,0.7150000000000001,0.7150000000000001,17100.0,5700.0,10
b50_lb10_k3_eps0p0025,aggregate_only_sync,confidence,3,vqe_8_circuit,vqe,8,circuit,0.007286866300600167,0.009858859721082858,0.010073913043478282,0.6012500000000001,0.6012500000000001,23925.0,7975.0,10
b50_lb10_k3_eps0p0025,aggregate_only_sync,confidence,3,vqe_9_circuit,vqe,9,circuit,0.008746958596958673,0.010580537900984174,0.01065348583877995,0.615,0.615,23100.0,7700.0,10
b50_lb10_k3_eps0p0025,aggregate_only_sync,confidence,4,dj_10_circuit,dj,10,circuit,0.009154020979021026,0.009442617554858973,0.009459090909090953,0.6375,0.6375,29000.0,7250.0,5
b50_lb10_k3_eps0p0025,aggregate_only_sync,confidence,4,dj_11_circuit,dj,11,circuit,0.009577631578947365,0.010665726157191613,0.010905890804597619,0.5375,0.5375,37000.0,9250.0,5
b50_lb10_k3_eps0p0025,aggregate_only_sync,confidence,4,dj_12_circuit,dj,12,circuit,0.010372983870967715,0.010990583190394468,0.011007547169811274,0.46499999999999997,0.46499999999999997,42800.0,10700.0,5
b50_lb10_k3_eps0p0025,aggregate_only_sync,confidence,4,dj_13_circuit,dj,13,circuit,0.010027717391304192,0.01100937763713058,0.011215506329113674,0.42500000000000004,0.42500000000000004,46000.0,11500.0,5
b50_lb10_k3_eps0p0025,aggregate_only_sync,confidence,4,dj_14_circuit,dj,14,circuit,0.007548578595317807,0.008580459349080001,0.008621886446886424,0.255,0.255,59600.0,14900.0,5
b50_lb10_k3_eps0p0025,aggregate_only_sync,confidence,4,dj_15_circuit,dj,15,circuit,0.00672574626865658,0.008730828603630753,0.009149149659863949,0.15500000000000003,0.15500000000000003,67600.0,16900.0,5
b50_lb10_k3_eps0p0025,aggregate_only_sync,confidence,4,dj_4_circuit,dj,4,circuit,0.004502777777777778,0.005115534759358255,0.0051852272727272355,0.915,0.915,6800.0,1700.0,5
b50_lb10_k3_eps0p0025,aggregate_only_sync,confidence,4,dj_5_circuit,dj,5,circuit,0.003351219512195147,0.0036720296167247267,0.0036928571428571496,0.8975,0.8975,8200.0,2050.0,5
b50_lb10_k3_eps0p0025,aggregate_only_sync,confidence,4,dj_6_circuit,dj,6,circuit,0.004599999999999944,0.005708583743842351,0.005889285714285694,0.855,0.855,11600.0,2900.0,5
b50_lb10_k3_eps0p0025,aggregate_only_sync,confidence,4,dj_7_circuit,dj,7,circuit,0.006224999999999921,0.008128423423423419,0.008283333333333311,0.8125,0.8125,15000.0,3750.0,5
b50_lb10_k3_eps0p0025,aggregate_only_sync,confidence,4,dj_8_circuit,dj,8,circuit,0.006811697247706427,0.007043839563862965,0.007068341121495373,0.7324999999999999,0.7324999999999999,21400.0,5350.0,5
b50_lb10_k3_eps0p0025,aggregate_only_sync,confidence,4,dj_9_circuit,dj,9,circuit,0.00842222222222228,0.008913307833537306,0.009023684210526284,0.7150000000000001,0.7150000000000001,22800.0,5700.0,5
b50_lb10_k3_eps0p0025,aggregate_only_sync,confidence,4,qaoa_10_circuit,qaoa,10,circuit,0.0,0.0,0.0,0.0,0.0,80000.0,20000.0,5
b50_lb10_k3_eps0p0025,aggregate_only_sync,confidence,4,qaoa_11_circuit,qaoa,11,circuit,0.0,0.0,0.0,0.0,0.0,80000.0,20000.0,5
b50_lb10_k3_eps0p0025,aggregate_only_sync,confidence,4,qaoa_12_circuit,qaoa,12,circuit,0.0,0.0,0.0,0.0,0.0,80000.0,20000.0,5
b50_lb10_k3_eps0p0025,aggregate_only_sync,confidence,4,qaoa_13_circuit,qaoa,13,circuit,0.0,0.0,0.0,0.0,0.0,80000.0,20000.0,5
b50_lb10_k3_eps0p0025,aggregate_only_sync,confidence,4,qaoa_14_circuit,qaoa,14,circuit,0.0,0.0,0.0,0.0,0.0,80000.0,20000.0,5
b50_lb10_k3_eps0p0025,aggregate_only_sync,confidence,4,qaoa_15_circuit,qaoa,15,circuit,0.0,0.0,0.0,0.0,0.0,80000.0,20000.0,5
b50_lb10_k3_eps0p0025,aggregate_only_sync,confidence,4,qaoa_4_circuit,qaoa,4,circuit,0.007948214285714333,0.010117606788710938,0.010376449275362347,0.81,0.81,15200.0,3800.0,5
b50_lb10_k3_eps0p0025,aggregate_only_sync,confidence,4,qaoa_5_circuit,qaoa,5,circuit,0.008869444444444445,0.01036498269297336,0.01060231481481483,0.64,0.64,28800.0,7200.0,5
b50_lb10_k3_eps0p0025,aggregate_only_sync,confidence,4,qaoa_6_circuit,qaoa,6,circuit,0.006905963302752285,0.008170926607756514,0.008315592783505162,0.45499999999999996,0.45499999999999996,43600.0,10900.0,5
b50_lb10_k3_eps0p0025,aggregate_only_sync,confidence,4,qaoa_7_circuit,qaoa,7,circuit,0.006045454545454536,0.008138309859154931,0.0082,0.17500000000000004,0.17500000000000004,66000.0,16500.0,5
b50_lb10_k3_eps0p0025,aggregate_only_sync,confidence,4,qaoa_8_circuit,qaoa,8,circuit,0.003862335092348281,0.004679410468319556,0.004759263085399452,0.0625,0.0625,75000.0,18750.0,5
b50_lb10_k3_eps0p0025,aggregate_only_sync,confidence,4,qaoa_9_circuit,qaoa,9,circuit,0.0,0.0,0.0,0.0,0.0,80000.0,20000.0,5
b50_lb10_k3_eps0p0025,aggregate_only_sync,confidence,4,qft_10_circuit,qft,10,circuit,0.0,0.0,0.0,0.0,0.0,80000.0,20000.0,5
b50_lb10_k3_eps0p0025,aggregate_only_sync,confidence,4,qft_11_circuit,qft,11,circuit,0.0,0.0,0.0,0.0,0.0,80000.0,20000.0,5
b50_lb10_k3_eps0p0025,aggregate_only_sync,confidence,4,qft_12_circuit,qft,12,circuit,0.0,0.0,0.0,0.0,0.0,80000.0,20000.0,5
b50_lb10_k3_eps0p0025,aggregate_only_sync,confidence,4,qft_13_circuit,qft,13,circuit,0.0,0.0,0.0,0.0,0.0,80000.0,20000.0,5
b50_lb10_k3_eps0p0025,aggregate_only_sync,confidence,4,qft_14_circuit,qft,14,circuit,0.0,0.0,0.0,0.0,0.0,80000.0,20000.0,5
b50_lb10_k3_eps0p0025,aggregate_only_sync,confidence,4,qft_15_circuit,qft,15,circuit,0.0,0.0,0.0,0.0,0.0,80000.0,20000.0,5
b50_lb10_k3_eps0p0025,aggregate_only_sync,confidence,4,qft_4_circuit,qft,4,circuit,0.009218075539568375,0.01119335664335666,0.011462500000000025,0.6599999999999999,0.6599999999999999,27200.0,6800.0,5
b50_lb10_k3_eps0p0025,aggregate_only_sync,confidence,4,qft_5_circuit,qft,5,circuit,0.008266295811518337,0.009550796357855197,0.009661824324324345,0.5275000000000001,0.5275000000000001,37800.0,9450.0,5
b50_lb10_k3_eps0p0025,aggregate_only_sync,confidence,4,qft_6_circuit,qft,6,circuit,0.008495802919708032,0.008713758777364735,0.008748611111111124,0.32499999999999996,0.32499999999999996,54000.0,13500.0,5
b50_lb10_k3_eps0p0025,aggregate_only_sync,confidence,4,qft_7_circuit,qft,7,circuit,0.0008394423558897219,0.0008863032581453614,0.0008885338345864628,0.0024999999999999467,0.0024999999999999467,79800.0,19950.0,5
b50_lb10_k3_eps0p0025,aggregate_only_sync,confidence,4,qft_8_circuit,qft,8,circuit,0.0,0.0,0.0,0.0,0.0,80000.0,20000.0,5
b50_lb10_k3_eps0p0025,aggregate_only_sync,confidence,4,qft_9_circuit,qft,9,circuit,0.0,0.0,0.0,0.0,0.0,80000.0,20000.0,5
b50_lb10_k3_eps0p0025,aggregate_only_sync,confidence,4,qnn_10_circuit,qnn,10,circuit,0.0,0.0,0.0,0.0,0.0,80000.0,20000.0,5
b50_lb10_k3_eps0p0025,aggregate_only_sync,confidence,4,qnn_11_circuit,qnn,11,circuit,0.0,0.0,0.0,0.0,0.0,80000.0,20000.0,5
b50_lb10_k3_eps0p0025,aggregate_only_sync,confidence,4,qnn_12_circuit,qnn,12,circuit,0.0,0.0,0.0,0.0,0.0,80000.0,20000.0,5
b50_lb10_k3_eps0p0025,aggregate_only_sync,confidence,4,qnn_13_circuit,qnn,13,circuit,0.0,0.0,0.0,0.0,0.0,80000.0,20000.0,5
b50_lb10_k3_eps0p0025,aggregate_only_sync,confidence,4,qnn_14_circuit,qnn,14,circuit,0.0,0.0,0.0,0.0,0.0,80000.0,20000.0,5
b50_lb10_k3_eps0p0025,aggregate_only_sync,confidence,4,qnn_15_circuit,qnn,15,circuit,0.0,0.0,0.0,0.0,0.0,80000.0,20000.0,5
b50_lb10_k3_eps0p0025,aggregate_only_sync,confidence,4,qnn_4_circuit,qnn,4,circuit,0.009155808080808077,0.010398062089242465,0.010468432203389819,0.7525,0.7525,19800.0,4950.0,5
b50_lb10_k3_eps0p0025,aggregate_only_sync,confidence,4,qnn_5_circuit,qnn,5,circuit,0.007350777202072531,0.009244683544303793,0.009456249999999998,0.525,0.525,38000.0,9500.0,5
b50_lb10_k3_eps0p0025,aggregate_only_sync,confidence,4,qnn_6_circuit,qnn,6,circuit,0.008093604651162772,0.00847432374388172,0.00856329787234041,0.4325,0.4325,45400.0,11350.0,5
b50_lb10_k3_eps0p0025,aggregate_only_sync,confidence,4,qnn_7_circuit,qnn,7,circuit,0.0035471965699208343,0.003918763440860214,0.003952553763440858,0.05249999999999999,0.05249999999999999,75800.0,18950.0,5
b50_lb10_k3_eps0p0025,aggregate_only_sync,confidence,4,qnn_8_circuit,qnn,8,circuit,0.0,0.0,0.0,0.0,0.0,80000.0,20000.0,5
b50_lb10_k3_eps0p0025,aggregate_only_sync,confidence,4,qnn_9_circuit,qnn,9,circuit,0.0,0.0,0.0,0.0,0.0,80000.0,20000.0,5
b50_lb10_k3_eps0p0025,aggregate_only_sync,confidence,4,random_10_circuit,random,10,circuit,0.0,0.0,0.0,0.0,0.0,80000.0,20000.0,5
b50_lb10_k3_eps0p0025,aggregate_only_sync,confidence,4,random_11_circuit,random,11,circuit,0.0,0.0,0.0,0.0,0.0,80000.0,20000.0,5
b50_lb10_k3_eps0p0025,aggregate_only_sync,confidence,4,random_12_circuit,random,12,circuit,0.0,0.0,0.0,0.0,0.0,80000.0,20000.0,5
b50_lb10_k3_eps0p0025,aggregate_only_sync,confidence,4,random_13_circuit,random,13,circuit,0.0,0.0,0.0,0.0,0.0,80000.0,20000.0,5
b50_lb10_k3_eps0p0025,aggregate_only_sync,confidence,4,random_14_circuit,random,14,circuit,0.0,0.0,0.0,0.0,0.0,80000.0,20000.0,5
b50_lb10_k3_eps0p0025,aggregate_only_sync,confidence,4,random_15_circuit,random,15,circuit,0.0,0.0,0.0,0.0,0.0,80000.0,20000.0,5
b50_lb10_k3_eps0p0025,aggregate_only_sync,confidence,4,random_4_circuit,random,4,circuit,0.005085752688171982,0.006138864468864429,0.006258333333333288,0.7675,0.7675,18600.0,4650.0,5
b50_lb10_k3_eps0p0025,aggregate_only_sync,confidence,4,random_5_circuit,random,5,circuit,0.009253124999999966,0.012497689633375489,0.013160951327433648,0.6799999999999999,0.6799999999999999,25600.0,6400.0,5
b50_lb10_k3_eps0p0025,aggregate_only_sync,confidence,4,random_6_circuit,random,6,circuit,0.007683620689655171,0.008254495257330392,0.008364967811158789,0.41000000000000003,0.41000000000000003,47200.0,11800.0,5
b50_lb10_k3_eps0p0025,aggregate_only_sync,confidence,4,random_7_circuit,random,7,circuit,0.004790633704735382,0.004912642650374916,0.004924194677871151,0.10250000000000004,0.10250000000000004,71800.0,17950.0,5
b50_lb10_k3_eps0p0025,aggregate_only_sync,confidence,4,random_8_circuit,random,8,circuit,0.0,0.0,0.0,0.0,0.0,80000.0,20000.0,5
b50_lb10_k3_eps0p0025,aggregate_only_sync,confidence,4,random_9_circuit,random,9,circuit,0.0,0.0,0.0,0.0,0.0,80000.0,20000.0,5
b50_lb10_k3_eps0p0025,aggregate_only_sync,confidence,4,vqe_10_circuit,vqe,10,circuit,0.011526505235602108,0.013793121557828471,0.01419193548387094,0.52,0.52,38400.0,9600.0,5
b50_lb10_k3_eps0p0025,aggregate_only_sync,confidence,4,vqe_11_circuit,vqe,11,circuit,0.009845752427184409,0.011245442156470675,0.011379439890710304,0.49,0.49,40800.0,10200.0,5
b50_lb10_k3_eps0p0025,aggregate_only_sync,confidence,4,vqe_12_circuit,vqe,12,circuit,0.009583649289099458,0.010006253132832047,0.010026785714285696,0.43000000000000005,0.43000000000000005,45600.0,11400.0,5
b50_lb10_k3_eps0p0025,aggregate_only_sync,confidence,4,vqe_13_circuit,vqe,13,circuit,0.008116666666666598,0.009296428571428504,0.009308928571428501,0.2875,0.2875,57000.0,14250.0,5
b50_lb10_k3_eps0p0025,aggregate_only_sync,confidence,4,vqe_14_circuit,vqe,14,circuit,0.0,0.0024095948326481736,0.0025044871794870716,0.0,0.0,80000.0,20000.0,5
b50_lb10_k3_eps0p0025,aggregate_only_sync,confidence,4,vqe_15_circuit,vqe,15,circuit,0.0,0.00249793765456194,0.0026554487179486224,0.0,0.0,80000.0,20000.0,5
b50_lb10_k3_eps0p0025,aggregate_only_sync,confidence,4,vqe_4_circuit,vqe,4,circuit,0.002424999999999992,0.0029624999999999877,0.0030874999999999826,0.9,0.9,8000.0,2000.0,5
b50_lb10_k3_eps0p0025,aggregate_only_sync,confidence,4,vqe_5_circuit,vqe,5,circuit,0.005983333333333288,0.006990261437908555,0.007193382352941267,0.8275,0.8275,13800.0,3450.0,5
b50_lb10_k3_eps0p0025,aggregate_only_sync,confidence,4,vqe_6_circuit,vqe,6,circuit,0.004760483870967748,0.006975900058445375,0.007016379310344852,0.845,0.845,12400.0,3100.0,5
b50_lb10_k3_eps0p0025,aggregate_only_sync,confidence,4,vqe_7_circuit,vqe,7,circuit,0.005772727272727342,0.007481712954245914,0.007531648936170226,0.725,0.725,22000.0,5500.0,5
b50_lb10_k3_eps0p0025,aggregate_only_sync,confidence,4,vqe_8_circuit,vqe,8,circuit,0.008097727272727244,0.00984205513784457,0.010172916666666625,0.675,0.675,26000.0,6500.0,5
b50_lb10_k3_eps0p0025,aggregate_only_sync,confidence,4,vqe_9_circuit,vqe,9,circuit,0.007908603896103861,0.009177617549055871,0.009361148648648615,0.63,0.63,29600.0,7400.0,5
b50_lb10_k3_eps0p0025,aggregate_only_sync,confidence,5,dj_10_circuit,dj,10,circuit,0.008971014492753546,0.008971014492753546,0.008971014492753546,0.655,0.655,34500.0,6900.0,1
b50_lb10_k3_eps0p0025,aggregate_only_sync,confidence,5,dj_11_circuit,dj,11,circuit,0.009459090909090782,0.009459090909090782,0.009459090909090782,0.56,0.56,44000.0,8800.0,1
b50_lb10_k3_eps0p0025,aggregate_only_sync,confidence,5,dj_12_circuit,dj,12,circuit,0.009913507109004644,0.009913507109004644,0.009913507109004644,0.47250000000000003,0.47250000000000003,52750.0,10550.0,1
b50_lb10_k3_eps0p0025,aggregate_only_sync,confidence,5,dj_13_circuit,dj,13,circuit,0.009503721973094036,0.009503721973094036,0.009503721973094036,0.4425,0.4425,55750.0,11150.0,1
b50_lb10_k3_eps0p0025,aggregate_only_sync,confidence,5,dj_14_circuit,dj,14,circuit,0.00873755725190854,0.00873755725190854,0.00873755725190854,0.345,0.345,65500.0,13100.0,1
b50_lb10_k3_eps0p0025,aggregate_only_sync,confidence,5,dj_15_circuit,dj,15,circuit,0.00781206896551716,0.00781206896551716,0.00781206896551716,0.2025,0.2025,79750.0,15950.0,1
b50_lb10_k3_eps0p0025,aggregate_only_sync,confidence,5,dj_4_circuit,dj,4,circuit,0.0042484615384615,0.0042484615384615,0.0042484615384615,0.935,0.935,6500.0,1300.0,1
b50_lb10_k3_eps0p0025,aggregate_only_sync,confidence,5,dj_5_circuit,dj,5,circuit,0.0033535294117647612,0.0033535294117647612,0.0033535294117647612,0.915,0.915,8500.0,1700.0,1
b50_lb10_k3_eps0p0025,aggregate_only_sync,confidence,5,dj_6_circuit,dj,6,circuit,0.004488181818181749,0.004488181818181749,0.004488181818181749,0.8625,0.8625,13750.0,2750.0,1
b50_lb10_k3_eps0p0025,aggregate_only_sync,confidence,5,dj_7_circuit,dj,7,circuit,0.006610000000000078,0.006610000000000078,0.006610000000000078,0.8200000000000001,0.8200000000000001,18000.0,3600.0,1
b50_lb10_k3_eps0p0025,aggregate_only_sync,confidence,5,dj_8_circuit,dj,8,circuit,0.0058504761904761855,0.0058504761904761855,0.0058504761904761855,0.7375,0.7375,26250.0,5250.0,1
b50_lb10_k3_eps0p0025,aggregate_only_sync,confidence,5,dj_9_circuit,dj,9,circuit,0.008127272727272705,0.008127272727272705,0.008127272727272705,0.725,0.725,27500.0,5500.0,1
b50_lb10_k3_eps0p0025,aggregate_only_sync,confidence,5,qaoa_10_circuit,qaoa,10,circuit,0.0,0.0,0.0,0.0,0.0,100000.0,20000.0,1
b50_lb10_k3_eps0p0025,aggregate_only_sync,confidence,5,qaoa_11_circuit,qaoa,11,circuit,0.0,0.0,0.0,0.0,0.0,100000.0,20000.0,1
b50_lb10_k3_eps0p0025,aggregate_only_sync,confidence,5,qaoa_12_circuit,qaoa,12,circuit,0.0,0.0,0.0,0.0,0.0,100000.0,20000.0,1
b50_lb10_k3_eps0p0025,aggregate_only_sync,confidence,5,qaoa_13_circuit,qaoa,13,circuit,0.0,0.0,0.0,0.0,0.0,100000.0,20000.0,1
b50_lb10_k3_eps0p0025,aggregate_only_sync,confidence,5,qaoa_14_circuit,qaoa,14,circuit,0.0,0.0,0.0,0.0,0.0,100000.0,20000.0,1
b50_lb10_k3_eps0p0025,aggregate_only_sync,confidence,5,qaoa_15_circuit,qaoa,15,circuit,0.0,0.0,0.0,0.0,0.0,100000.0,20000.0,1
b50_lb10_k3_eps0p0025,aggregate_only_sync,confidence,5,qaoa_4_circuit,qaoa,4,circuit,0.008303684210526307,0.008303684210526307,0.008303684210526307,0.81,0.81,19000.0,3800.0,1
b50_lb10_k3_eps0p0025,aggregate_only_sync,confidence,5,qaoa_5_circuit,qaoa,5,circuit,0.009343396226415097,0.009343396226415097,0.009343396226415097,0.735,0.735,26500.0,5300.0,1
b50_lb10_k3_eps0p0025,aggregate_only_sync,confidence,5,qaoa_6_circuit,qaoa,6,circuit,0.006029523809523826,0.006029523809523826,0.006029523809523826,0.475,0.475,52500.0,10500.0,1
b50_lb10_k3_eps0p0025,aggregate_only_sync,confidence,5,qaoa_7_circuit,qaoa,7,circuit,0.00792591549295773,0.00792591549295773,0.00792591549295773,0.29000000000000004,0.29000000000000004,71000.0,14200.0,1
b50_lb10_k3_eps0p0025,aggregate_only_sync,confidence,5,qaoa_8_circuit,qaoa,8,circuit,0.005146956521739163,0.005146956521739163,0.005146956521739163,0.13749999999999996,0.13749999999999996,86250.0,17250.0,1
b50_lb10_k3_eps0p0025,aggregate_only_sync,confidence,5,qaoa_9_circuit,qaoa,9,circuit,0.0,0.0,0.0,0.0,0.0,100000.0,20000.0,1
b50_lb10_k3_eps0p0025,aggregate_only_sync,confidence,5,qft_10_circuit,qft,10,circuit,0.0,0.0,0.0,0.0,0.0,100000.0,20000.0,1
b50_lb10_k3_eps0p0025,aggregate_only_sync,confidence,5,qft_11_circuit,qft,11,circuit,0.0,0.0,0.0,0.0,0.0,100000.0,20000.0,1
b50_lb10_k3_eps0p0025,aggregate_only_sync,confidence,5,qft_12_circuit,qft,12,circuit,0.0,0.0,0.0,0.0,0.0,100000.0,20000.0,1
b50_lb10_k3_eps0p0025,aggregate_only_sync,confidence,5,qft_13_circuit,qft,13,circuit,0.0,0.0,0.0,0.0,0.0,100000.0,20000.0,1
b50_lb10_k3_eps0p0025,aggregate_only_sync,confidence,5,qft_14_circuit,qft,14,circuit,0.0,0.0,0.0,0.0,0.0,100000.0,20000.0,1
b50_lb10_k3_eps0p0025,aggregate_only_sync,confidence,5,qft_15_circuit,qft,15,circuit,0.0,0.0,0.0,0.0,0.0,100000.0,20000.0,1
b50_lb10_k3_eps0p0025,aggregate_only_sync,confidence,5,qft_4_circuit,qft,4,circuit,0.008631942446043189,0.008631942446043189,0.008631942446043189,0.6525000000000001,0.6525000000000001,34750.0,6950.0,1
b50_lb10_k3_eps0p0025,aggregate_only_sync,confidence,5,qft_5_circuit,qft,5,circuit,0.007709999999999996,0.007709999999999996,0.007709999999999996,0.5575,0.5575,44250.0,8850.0,1
b50_lb10_k3_eps0p0025,aggregate_only_sync,confidence,5,qft_6_circuit,qft,6,circuit,0.007728867924528297,0.007728867924528297,0.007728867924528297,0.3375,0.3375,66250.0,13250.0,1
b50_lb10_k3_eps0p0025,aggregate_only_sync,confidence,5,qft_7_circuit,qft,7,circuit,0.005146056338028169,0.005146056338028169,0.005146056338028169,0.11250000000000004,0.11250000000000004,88750.0,17750.0,1
b50_lb10_k3_eps0p0025,aggregate_only_sync,confidence,5,qft_8_circuit,qft,8,circuit,0.0,0.0,0.0,0.0,0.0,100000.0,20000.0,1
b50_lb10_k3_eps0p0025,aggregate_only_sync,confidence,5,qft_9_circuit,qft,9,circuit,0.0,0.0,0.0,0.0,0.0,100000.0,20000.0,1
b50_lb10_k3_eps0p0025,aggregate_only_sync,confidence,5,qnn_10_circuit,qnn,10,circuit,0.0,0.0,0.0,0.0,0.0,100000.0,20000.0,1
b50_lb10_k3_eps0p0025,aggregate_only_sync,confidence,5,qnn_11_circuit,qnn,11,circuit,0.0,0.0,0.0,0.0,0.0,100000.0,20000.0,1
b50_lb10_k3_eps0p0025,aggregate_only_sync,confidence,5,qnn_12_circuit,qnn,12,circuit,0.0,0.0,0.0,0.0,0.0,100000.0,20000.0,1
b50_lb10_k3_eps0p0025,aggregate_only_sync,confidence,5,qnn_13_circuit,qnn,13,circuit,0.0,0.0,0.0,0.0,0.0,100000.0,20000.0,1
b50_lb10_k3_eps0p0025,aggregate_only_sync,confidence,5,qnn_14_circuit,qnn,14,circuit,0.0,0.0,0.0,0.0,0.0,100000.0,20000.0,1
b50_lb10_k3_eps0p0025,aggregate_only_sync,confidence,5,qnn_15_circuit,qnn,15,circuit,0.0,0.0,0.0,0.0,0.0,100000.0,20000.0,1
b50_lb10_k3_eps0p0025,aggregate_only_sync,confidence,5,qnn_4_circuit,qnn,4,circuit,0.008857777777777796,0.008857777777777796,0.008857777777777796,0.775,0.775,22500.0,4500.0,1
b50_lb10_k3_eps0p0025,aggregate_only_sync,confidence,5,qnn_5_circuit,qnn,5,circuit,0.008642739726027401,0.008642739726027401,0.008642739726027401,0.635,0.635,36500.0,7300.0,1
b50_lb10_k3_eps0p0025,aggregate_only_sync,confidence,5,qnn_6_circuit,qnn,6,circuit,0.006732549019607852,0.006732549019607852,0.006732549019607852,0.49,0.49,51000.0,10200.0,1
b50_lb10_k3_eps0p0025,aggregate_only_sync,confidence,5,qnn_7_circuit,qnn,7,circuit,0.0038669565217391306,0.0038669565217391306,0.0038669565217391306,0.07999999999999996,0.07999999999999996,92000.0,18400.0,1
b50_lb10_k3_eps0p0025,aggregate_only_sync,confidence,5,qnn_8_circuit,qnn,8,circuit,0.0,0.0,0.0,0.0,0.0,100000.0,20000.0,1
b50_lb10_k3_eps0p0025,aggregate_only_sync,confidence,5,qnn_9_circuit,qnn,9,circuit,0.0,0.0,0.0,0.0,0.0,100000.0,20000.0,1
b50_lb10_k3_eps0p0025,aggregate_only_sync,confidence,5,random_10_circuit,random,10,circuit,0.0,0.0,0.0,0.0,0.0,100000.0,20000.0,1
b50_lb10_k3_eps0p0025,aggregate_only_sync,confidence,5,random_11_circuit,random,11,circuit,0.0,0.0,0.0,0.0,0.0,100000.0,20000.0,1
b50_lb10_k3_eps0p0025,aggregate_only_sync,confidence,5,random_12_circuit,random,12,circuit,0.0,0.0,0.0,0.0,0.0,100000.0,20000.0,1
b50_lb10_k3_eps0p0025,aggregate_only_sync,confidence,5,random_13_circuit,random,13,circuit,0.0,0.0,0.0,0.0,0.0,100000.0,20000.0,1
b50_lb10_k3_eps0p0025,aggregate_only_sync,confidence,5,random_14_circuit,random,14,circuit,0.0,0.0,0.0,0.0,0.0,100000.0,20000.0,1
b50_lb10_k3_eps0p0025,aggregate_only_sync,confidence,5,random_15_circuit,random,15,circuit,0.0,0.0,0.0,0.0,0.0,100000.0,20000.0,1
b50_lb10_k3_eps0p0025,aggregate_only_sync,confidence,5,random_4_circuit,random,4,circuit,0.004142608695652184,0.004142608695652184,0.004142608695652184,0.77,0.77,23000.0,4600.0,1
b50_lb10_k3_eps0p0025,aggregate_only_sync,confidence,5,random_5_circuit,random,5,circuit,0.00913,0.00913,0.00913,0.7,0.7,30000.0,6000.0,1
b50_lb10_k3_eps0p0025,aggregate_only_sync,confidence,5,random_6_circuit,random,6,circuit,0.009265306122448979,0.009265306122448979,0.009265306122448979,0.51,0.51,49000.0,9800.0,1
b50_lb10_k3_eps0p0025,aggregate_only_sync,confidence,5,random_7_circuit,random,7,circuit,0.007967163120567373,0.007967163120567373,0.007967163120567373,0.29500000000000004,0.29500000000000004,70500.0,14100.0,1
b50_lb10_k3_eps0p0025,aggregate_only_sync,confidence,5,random_8_circuit,random,8,circuit,0.0,0.0,0.0,0.0,0.0,100000.0,20000.0,1
b50_lb10_k3_eps0p0025,aggregate_only_sync,confidence,5,random_9_circuit,random,9,circuit,0.0,0.0,0.0,0.0,0.0,100000.0,20000.0,1
b50_lb10_k3_eps0p0025,aggregate_only_sync,confidence,5,vqe_10_circuit,vqe,10,circuit,0.012142185792349722,0.012142185792349722,0.012142185792349722,0.5425,0.5425,45750.0,9150.0,1
b50_lb10_k3_eps0p0025,aggregate_only_sync,confidence,5,vqe_11_circuit,vqe,11,circuit,0.010331311475409872,0.010331311475409872,0.010331311475409872,0.5425,0.5425,45750.0,9150.0,1
b50_lb10_k3_eps0p0025,aggregate_only_sync,confidence,5,vqe_12_circuit,vqe,12,circuit,0.0095038095238095,0.0095038095238095,0.0095038095238095,0.475,0.475,52500.0,10500.0,1
b50_lb10_k3_eps0p0025,aggregate_only_sync,confidence,5,vqe_13_circuit,vqe,13,circuit,0.008415714285714127,0.008415714285714127,0.008415714285714127,0.30000000000000004,0.30000000000000004,70000.0,14000.0,1
b50_lb10_k3_eps0p0025,aggregate_only_sync,confidence,5,vqe_14_circuit,vqe,14,circuit,0.004377333333333334,0.004377333333333334,0.004377333333333334,0.0625,0.0625,93750.0,18750.0,1
b50_lb10_k3_eps0p0025,aggregate_only_sync,confidence,5,vqe_15_circuit,vqe,15,circuit,0.0028094315245477362,0.0028094315245477362,0.0028094315245477362,0.03249999999999997,0.03249999999999997,96750.0,19350.0,1
b50_lb10_k3_eps0p0025,aggregate_only_sync,confidence,5,vqe_4_circuit,vqe,4,circuit,0.002129999999999935,0.002129999999999935,0.002129999999999935,0.9,0.9,10000.0,2000.0,1
b50_lb10_k3_eps0p0025,aggregate_only_sync,confidence,5,vqe_5_circuit,vqe,5,circuit,0.0046342857142856325,0.0046342857142856325,0.0046342857142856325,0.825,0.825,17500.0,3500.0,1
b50_lb10_k3_eps0p0025,aggregate_only_sync,confidence,5,vqe_6_circuit,vqe,6,circuit,0.005015714285714326,0.005015714285714326,0.005015714285714326,0.86,0.86,14000.0,2800.0,1
b50_lb10_k3_eps0p0025,aggregate_only_sync,confidence,5,vqe_7_circuit,vqe,7,circuit,0.006855882352941154,0.006855882352941154,0.006855882352941154,0.7875,0.7875,21250.0,4250.0,1
b50_lb10_k3_eps0p0025,aggregate_only_sync,confidence,5,vqe_8_circuit,vqe,8,circuit,0.0065954263565891425,0.0065954263565891425,0.0065954263565891425,0.6775,0.6775,32250.0,6450.0,1
b50_lb10_k3_eps0p0025,aggregate_only_sync,confidence,5,vqe_9_circuit,vqe,9,circuit,0.006422162162162118,0.006422162162162118,0.006422162162162118,0.63,0.63,37000.0,7400.0,1
b50_lb10_k3_eps0p0025,aggregate_only_sync,shot_proportional,1,dj_10_circuit,dj,10,circuit,0.008150000000000003,0.011255426902753341,0.011695962732919283,0.25,0.25,15000.0,15000.0,5
b50_lb10_k3_eps0p0025,aggregate_only_sync,shot_proportional,1,dj_11_circuit,dj,11,circuit,0.005184507042253505,0.011879011316259654,0.01200869565217388,0.11250000000000004,0.11250000000000004,17750.0,17750.0,5
b50_lb10_k3_eps0p0025,aggregate_only_sync,shot_proportional,1,dj_12_circuit,dj,12,circuit,0.0055946236559139655,0.010508623966516856,0.01079708737864077,0.06999999999999995,0.06999999999999995,18600.0,18600.0,5
b50_lb10_k3_eps0p0025,aggregate_only_sync,shot_proportional,1,dj_13_circuit,dj,13,circuit,0.0,0.008897495264314452,0.008918858131487946,0.0,0.0,20000.0,20000.0,5
b50_lb10_k3_eps0p0025,aggregate_only_sync,shot_proportional,1,dj_14_circuit,dj,14,circuit,0.0,0.009606456180635308,0.009797435897435921,0.0,0.0,20000.0,20000.0,5
b50_lb10_k3_eps0p0025,aggregate_only_sync,shot_proportional,1,dj_15_circuit,dj,15,circuit,0.0,0.008200707610146853,0.008759813084112148,0.0,0.0,20000.0,20000.0,5
b50_lb10_k3_eps0p0025,aggregate_only_sync,shot_proportional,1,dj_4_circuit,dj,4,circuit,0.0054188679245283505,0.008252727272727281,0.008931818181818188,0.87,0.87,2600.0,2600.0,5
b50_lb10_k3_eps0p0025,aggregate_only_sync,shot_proportional,1,dj_5_circuit,dj,5,circuit,0.005141803278688479,0.006465670307845096,0.006660377358490575,0.8325,0.8325,3350.0,3350.0,5
b50_lb10_k3_eps0p0025,aggregate_only_sync,shot_proportional,1,dj_6_circuit,dj,6,circuit,0.008426923076923108,0.010434561650257827,0.01091851851851848,0.74,0.74,5200.0,5200.0,5
b50_lb10_k3_eps0p0025,aggregate_only_sync,shot_proportional,1,dj_7_circuit,dj,7,circuit,0.008615662650602395,0.011007743043627633,0.011417073170731725,0.645,0.645,7100.0,7100.0,5
b50_lb10_k3_eps0p0025,aggregate_only_sync,shot_proportional,1,dj_8_circuit,dj,8,circuit,0.009708064516129,0.01158413265306125,0.011952040816326557,0.5349999999999999,0.5349999999999999,9300.0,9300.0,5
b50_lb10_k3_eps0p0025,aggregate_only_sync,shot_proportional,1,dj_9_circuit,dj,9,circuit,0.010468047337278134,0.011237973884039477,0.011334426229508216,0.4225,0.4225,11550.0,11550.0,5
b50_lb10_k3_eps0p0025,aggregate_only_sync,shot_proportional,1,qaoa_10_circuit,qaoa,10,circuit,0.0,0.0,0.0,0.0,0.0,20000.0,20000.0,5
b50_lb10_k3_eps0p0025,aggregate_only_sync,shot_proportional,1,qaoa_11_circuit,qaoa,11,circuit,0.0,0.0,0.0,0.0,0.0,20000.0,20000.0,5
b50_lb10_k3_eps0p0025,aggregate_only_sync,shot_proportional,1,qaoa_12_circuit,qaoa,12,circuit,0.0,0.0,0.0,0.0,0.0,20000.0,20000.0,5
b50_lb10_k3_eps0p0025,aggregate_only_sync,shot_proportional,1,qaoa_13_circuit,qaoa,13,circuit,0.0,0.0,0.0,0.0,0.0,20000.0,20000.0,5
b50_lb10_k3_eps0p0025,aggregate_only_sync,shot_proportional,1,qaoa_14_circuit,qaoa,14,circuit,0.0,0.0,0.0,0.0,0.0,20000.0,20000.0,5
b50_lb10_k3_eps0p0025,aggregate_only_sync,shot_proportional,1,qaoa_15_circuit,qaoa,15,circuit,0.0,0.0,0.0,0.0,0.0,20000.0,20000.0,5
b50_lb10_k3_eps0p0025,aggregate_only_sync,shot_proportional,1,qaoa_4_circuit,qaoa,4,circuit,0.00778911564625852,0.009914967234023839,0.00992106918238994,0.6425000000000001,0.6425000000000001,7150.0,7150.0,5
b50_lb10_k3_eps0p0025,aggregate_only_sync,shot_proportional,1,qaoa_5_circuit,qaoa,5,circuit,0.007346757679180891,0.010295875169606502,0.010840298507462678,0.29500000000000004,0.29500000000000004,14100.0,14100.0,5
b50_lb10_k3_eps0p0025,aggregate_only_sync,shot_proportional,1,qaoa_6_circuit,qaoa,6,circuit,0.0,0.004558170586837729,0.004593478260869563,0.0,0.0,20000.0,20000.0,5
b50_lb10_k3_eps0p0025,aggregate_only_sync,shot_proportional,1,qaoa_7_circuit,qaoa,7,circuit,0.0,0.0,0.0,0.0,0.0,20000.0,20000.0,5
b50_lb10_k3_eps0p0025,aggregate_only_sync,shot_proportional,1,qaoa_8_circuit,qaoa,8,circuit,0.0,0.0,0.0,0.0,0.0,20000.0,20000.0,5
b50_lb10_k3_eps0p0025,aggregate_only_sync,shot_proportional,1,qaoa_9_circuit,qaoa,9,circuit,0.0,0.0,0.0,0.0,0.0,20000.0,20000.0,5
b50_lb10_k3_eps0p0025,aggregate_only_sync,shot_proportional,1,qft_10_circuit,qft,10,circuit,0.0,0.0,0.0,0.0,0.0,20000.0,20000.0,5
b50_lb10_k3_eps0p0025,aggregate_only_sync,shot_proportional,1,qft_11_circuit,qft,11,circuit,0.0,0.0,0.0,0.0,0.0,20000.0,20000.0,5
b50_lb10_k3_eps0p0025,aggregate_only_sync,shot_proportional,1,qft_12_circuit,qft,12,circuit,0.0,0.0,0.0,0.0,0.0,20000.0,20000.0,5
b50_lb10_k3_eps0p0025,aggregate_only_sync,shot_proportional,1,qft_13_circuit,qft,13,circuit,0.0,0.0,0.0,0.0,0.0,20000.0,20000.0,5
b50_lb10_k3_eps0p0025,aggregate_only_sync,shot_proportional,1,qft_14_circuit,qft,14,circuit,0.0,0.0,0.0,0.0,0.0,20000.0,20000.0,5
b50_lb10_k3_eps0p0025,aggregate_only_sync,shot_proportional,1,qft_15_circuit,qft,15,circuit,0.0,0.0,0.0,0.0,0.0,20000.0,20000.0,5
b50_lb10_k3_eps0p0025,aggregate_only_sync,shot_proportional,1,qft_4_circuit,qft,4,circuit,0.010529735682819372,0.011147682843472322,0.011270129870129878,0.4325,0.4325,11350.0,11350.0,5
b50_lb10_k3_eps0p0025,aggregate_only_sync,shot_proportional,1,qft_5_circuit,qft,5,circuit,0.006196408839778997,0.007241449275362313,0.007426811594202895,0.09499999999999997,0.09499999999999997,18100.0,18100.0,5
b50_lb10_k3_eps0p0025,aggregate_only_sync,shot_proportional,1,qft_6_circuit,qft,6,circuit,0.0,0.0,0.0,0.0,0.0,20000.0,20000.0,5
b50_lb10_k3_eps0p0025,aggregate_only_sync,shot_proportional,1,qft_7_circuit,qft,7,circuit,0.0,0.0,0.0,0.0,0.0,20000.0,20000.0,5
b50_lb10_k3_eps0p0025,aggregate_only_sync,shot_proportional,1,qft_8_circuit,qft,8,circuit,0.0,0.0,0.0,0.0,0.0,20000.0,20000.0,5
b50_lb10_k3_eps0p0025,aggregate_only_sync,shot_proportional,1,qft_9_circuit,qft,9,circuit,0.0,0.0,0.0,0.0,0.0,20000.0,20000.0,5
b50_lb10_k3_eps0p0025,aggregate_only_sync,shot_proportional,1,qnn_10_circuit,qnn,10,circuit,0.0,0.0,0.0,0.0,0.0,20000.0,20000.0,5
b50_lb10_k3_eps0p0025,aggregate_only_sync,shot_proportional,1,qnn_11_circuit,qnn,11,circuit,0.0,0.0,0.0,0.0,0.0,20000.0,20000.0,5
b50_lb10_k3_eps0p0025,aggregate_only_sync,shot_proportional,1,qnn_12_circuit,qnn,12,circuit,0.0,0.0,0.0,0.0,0.0,20000.0,20000.0,5
b50_lb10_k3_eps0p0025,aggregate_only_sync,shot_proportional,1,qnn_13_circuit,qnn,13,circuit,0.0,0.0,0.0,0.0,0.0,20000.0,20000.0,5
b50_lb10_k3_eps0p0025,aggregate_only_sync,shot_proportional,1,qnn_14_circuit,qnn,14,circuit,0.0,0.0,0.0,0.0,0.0,20000.0,20000.0,5
b50_lb10_k3_eps0p0025,aggregate_only_sync,shot_proportional,1,qnn_15_circuit,qnn,15,circuit,0.0,0.0,0.0,0.0,0.0,20000.0,20000.0,5
b50_lb10_k3_eps0p0025,aggregate_only_sync,shot_proportional,1,qnn_4_circuit,qnn,4,circuit,0.009510992907801429,0.014031918906176324,0.014823809523809517,0.495,0.495,10100.0,10100.0,5
b50_lb10_k3_eps0p0025,aggregate_only_sync,shot_proportional,1,qnn_5_circuit,qnn,5,circuit,0.005893657817109153,0.0071281576893052374,0.00725245901639345,0.15249999999999997,0.15249999999999997,16950.0,16950.0,5
b50_lb10_k3_eps0p0025,aggregate_only_sync,shot_proportional,1,qnn_6_circuit,qnn,6,circuit,0.0,0.0,0.0,0.0,0.0,20000.0,20000.0,5
b50_lb10_k3_eps0p0025,aggregate_only_sync,shot_proportional,1,qnn_7_circuit,qnn,7,circuit,0.0,0.0,0.0,0.0,0.0,20000.0,20000.0,5
b50_lb10_k3_eps0p0025,aggregate_only_sync,shot_proportional,1,qnn_8_circuit,qnn,8,circuit,0.0,0.0,0.0,0.0,0.0,20000.0,20000.0,5
b50_lb10_k3_eps0p0025,aggregate_only_sync,shot_proportional,1,qnn_9_circuit,qnn,9,circuit,0.0,0.0,0.0,0.0,0.0,20000.0,20000.0,5
b50_lb10_k3_eps0p0025,aggregate_only_sync,shot_proportional,1,random_10_circuit,random,10,circuit,0.0,0.0,0.0,0.0,0.0,20000.0,20000.0,5
b50_lb10_k3_eps0p0025,aggregate_only_sync,shot_proportional,1,random_11_circuit,random,11,circuit,0.0,0.0,0.0,0.0,0.0,20000.0,20000.0,5
b50_lb10_k3_eps0p0025,aggregate_only_sync,shot_proportional,1,random_12_circuit,random,12,circuit,0.0,0.0,0.0,0.0,0.0,20000.0,20000.0,5
b50_lb10_k3_eps0p0025,aggregate_only_sync,shot_proportional,1,random_13_circuit,random,13,circuit,0.0,0.0,0.0,0.0,0.0,20000.0,20000.0,5
b50_lb10_k3_eps0p0025,aggregate_only_sync,shot_proportional,1,random_14_circuit,random,14,circuit,0.0,0.0,0.0,0.0,0.0,20000.0,20000.0,5
b50_lb10_k3_eps0p0025,aggregate_only_sync,shot_proportional,1,random_15_circuit,random,15,circuit,0.0,0.0,0.0,0.0,0.0,20000.0,20000.0,5
b50_lb10_k3_eps0p0025,aggregate_only_sync,shot_proportional,1,random_4_circuit,random,4,circuit,0.00711980198019802,0.01403505285695169,0.015094680851063828,0.5925,0.5925,8150.0,8150.0,5
b50_lb10_k3_eps0p0025,aggregate_only_sync,shot_proportional,1,random_5_circuit,random,5,circuit,0.0070052995391704865,0.008251457955232909,0.00840862068965517,0.3075,0.3075,13850.0,13850.0,5
b50_lb10_k3_eps0p0025,aggregate_only_sync,shot_proportional,1,random_6_circuit,random,6,circuit,0.0,0.0,0.0,0.0,0.0,20000.0,20000.0,5
b50_lb10_k3_eps0p0025,aggregate_only_sync,shot_proportional,1,random_7_circuit,random,7,circuit,0.0,0.0,0.0,0.0,0.0,20000.0,20000.0,5
b50_lb10_k3_eps0p0025,aggregate_only_sync,shot_proportional,1,random_8_circuit,random,8,circuit,0.0,0.0,0.0,0.0,0.0,20000.0,20000.0,5
b50_lb10_k3_eps0p0025,aggregate_only_sync,shot_proportional,1,random_9_circuit,random,9,circuit,0.0,0.0,0.0,0.0,0.0,20000.0,20000.0,5
b50_lb10_k3_eps0p0025,aggregate_only_sync,shot_proportional,1,vqe_10_circuit,vqe,10,circuit,0.007906340057636858,0.010540694980694954,0.010851544401544358,0.16749999999999998,0.16749999999999998,16650.0,16650.0,5
b50_lb10_k3_eps0p0025,aggregate_only_sync,shot_proportional,1,vqe_11_circuit,vqe,11,circuit,0.006273988439306386,0.010891084529505626,0.011084688995215366,0.135,0.135,17300.0,17300.0,5
b50_lb10_k3_eps0p0025,aggregate_only_sync,shot_proportional,1,vqe_12_circuit,vqe,12,circuit,0.006890350877192961,0.01068012231431563,0.011154651162790722,0.14500000000000002,0.14500000000000002,17100.0,17100.0,5
b50_lb10_k3_eps0p0025,aggregate_only_sync,shot_proportional,1,vqe_13_circuit,vqe,13,circuit,0.0,0.00585333333333332,0.007316666666666651,0.0,0.0,20000.0,20000.0,5
b50_lb10_k3_eps0p0025,aggregate_only_sync,shot_proportional,1,vqe_14_circuit,vqe,14,circuit,0.0,0.001540253164556963,0.0019253164556962041,0.0,0.0,20000.0,20000.0,5
b50_lb10_k3_eps0p0025,aggregate_only_sync,shot_proportional,1,vqe_15_circuit,vqe,15,circuit,0.0,0.0,0.0,0.0,0.0,20000.0,20000.0,5
b50_lb10_k3_eps0p0025,aggregate_only_sync,shot_proportional,1,vqe_4_circuit,vqe,4,circuit,0.005539552238805997,0.006149956709956668,0.006213636363636312,0.8375,0.8375,3250.0,3250.0,5
b50_lb10_k3_eps0p0025,aggregate_only_sync,shot_proportional,1,vqe_5_circuit,vqe,5,circuit,0.008446581196581177,0.010243529766520244,0.010460062893081807,0.6599999999999999,0.6599999999999999,6800.0,6800.0,5
b50_lb10_k3_eps0p0025,aggregate_only_sync,shot_proportional,1,vqe_6_circuit,vqe,6,circuit,0.006804878048780457,0.007747487684729081,0.007887931034482782,0.725,0.725,5500.0,5500.0,5
b50_lb10_k3_eps0p0025,aggregate_only_sync,shot_proportional,1,vqe_7_circuit,vqe,7,circuit,0.007410256410256376,0.009692878787878795,0.010084848484848488,0.5875,0.5875,8250.0,8250.0,5
b50_lb10_k3_eps0p0025,aggregate_only_sync,shot_proportional,1,vqe_8_circuit,vqe,8,circuit,0.008984482758620717,0.012574086148982425,0.01288809523809525,0.39749999999999996,0.39749999999999996,12050.0,12050.0,5
b50_lb10_k3_eps0p0025,aggregate_only_sync,shot_proportional,1,vqe_9_circuit,vqe,9,circuit,0.009240909090909103,0.013757113752122258,0.013866129032258081,0.38,0.38,12400.0,12400.0,5
b50_lb10_k3_eps0p0025,aggregate_only_sync,shot_proportional,2,dj_10_circuit,dj,10,circuit,0.009949411951684705,0.01164027013835844,0.011981349206349275,0.50375,0.50375,19850.0,9925.0,10
b50_lb10_k3_eps0p0025,aggregate_only_sync,shot_proportional,2,dj_11_circuit,dj,11,circuit,0.010162101275917096,0.011892970085470116,0.012002777777777845,0.42500000000000004,0.42500000000000004,23000.0,11500.0,10
b50_lb10_k3_eps0p0025,aggregate_only_sync,shot_proportional,2,dj_12_circuit,dj,12,circuit,0.009653519214703438,0.011058684116030696,0.011365585774058601,0.33249999999999996,0.33249999999999996,26700.0,13350.0,10
b50_lb10_k3_eps0p0025,aggregate_only_sync,shot_proportional,2,dj_13_circuit,dj,13,circuit,0.007520833333333404,0.009709770114942617,0.010591666666666772,0.25625,0.25625,29750.0,14875.0,10
b50_lb10_k3_eps0p0025,aggregate_only_sync,shot_proportional,2,dj_14_circuit,dj,14,circuit,0.004532798037763713,0.008704332601007421,0.008753405315614608,0.08124999999999999,0.08124999999999999,36750.0,18375.0,10
b50_lb10_k3_eps0p0025,aggregate_only_sync,shot_proportional,2,dj_15_circuit,dj,15,circuit,0.0,0.008448414441972644,0.009587634408602155,0.0,0.0,40000.0,20000.0,10
b50_lb10_k3_eps0p0025,aggregate_only_sync,shot_proportional,2,dj_4_circuit,dj,4,circuit,0.004061904761904774,0.005170135135135108,0.005322972972972921,0.90125,0.90125,3950.0,1975.0,10
b50_lb10_k3_eps0p0025,aggregate_only_sync,shot_proportional,2,dj_5_circuit,dj,5,circuit,0.004237526123301978,0.005570265151515175,0.006083333333333366,0.8600000000000001,0.8600000000000001,5600.0,2800.0,10
b50_lb10_k3_eps0p0025,aggregate_only_sync,shot_proportional,2,dj_6_circuit,dj,6,circuit,0.006312538866299917,0.008939203652788708,0.00913552631578949,0.81,0.81,7600.0,3800.0,10
b50_lb10_k3_eps0p0025,aggregate_only_sync,shot_proportional,2,dj_7_circuit,dj,7,circuit,0.006881627688630932,0.009092277227722774,0.009495049504950507,0.7362500000000001,0.7362500000000001,10550.0,5275.0,10
b50_lb10_k3_eps0p0025,aggregate_only_sync,shot_proportional,2,dj_8_circuit,dj,8,circuit,0.007551353503184702,0.010342537878787889,0.010483333333333336,0.65,0.65,14000.0,7000.0,10
b50_lb10_k3_eps0p0025,aggregate_only_sync,shot_proportional,2,dj_9_circuit,dj,9,circuit,0.009449681528662466,0.010067869897959157,0.010379081632653029,0.5800000000000001,0.5800000000000001,16800.0,8400.0,10
b50_lb10_k3_eps0p0025,aggregate_only_sync,shot_proportional,2,qaoa_10_circuit,qaoa,10,circuit,0.0,0.0,0.0,0.0,0.0,40000.0,20000.0,10
b50_lb10_k3_eps0p0025,aggregate_only_sync,shot_proportional,2,qaoa_11_circuit,qaoa,11,circuit,0.0,0.0,0.0,0.0,0.0,40000.0,20000.0,10
b50_lb10_k3_eps0p0025,aggregate_only_sync,shot_proportional,2,qaoa_12_circuit,qaoa,12,circuit,0.0,0.0,0.0,0.0,0.0,40000.0,20000.0,10
b50_lb10_k3_eps0p0025,aggregate_only_sync,shot_proportional,2,qaoa_13_circuit,qaoa,13,circuit,0.0,0.0,0.0,0.0,0.0,40000.0,20000.0,10
b50_lb10_k3_eps0p0025,aggregate_only_sync,shot_proportional,2,qaoa_14_circuit,qaoa,14,circuit,0.0,0.0,0.0,0.0,0.0,40000.0,20000.0,10
b50_lb10_k3_eps0p0025,aggregate_only_sync,shot_proportional,2,qaoa_15_circuit,qaoa,15,circuit,0.0,0.0,0.0,0.0,0.0,40000.0,20000.0,10
b50_lb10_k3_eps0p0025,aggregate_only_sync,shot_proportional,2,qaoa_4_circuit,qaoa,4,circuit,0.006020340819542955,0.01008249557260921,0.010862012987012993,0.7237499999999999,0.7237499999999999,11050.0,5525.0,10
b50_lb10_k3_eps0p0025,aggregate_only_sync,shot_proportional,2,qaoa_5_circuit,qaoa,5,circuit,0.008211419025157238,0.00990350121359223,0.010264320388349516,0.50375,0.50375,19850.0,9925.0,10
b50_lb10_k3_eps0p0025,aggregate_only_sync,shot_proportional,2,qaoa_6_circuit,qaoa,6,circuit,0.00720606118304138,0.00925934362934363,0.009266988416988425,0.31,0.31,27600.0,13800.0,10
b50_lb10_k3_eps0p0025,aggregate_only_sync,shot_proportional,2,qaoa_7_circuit,qaoa,7,circuit,0.0,0.0,0.0,0.0,0.0,40000.0,20000.0,10
b50_lb10_k3_eps0p0025,aggregate_only_sync,shot_proportional,2,qaoa_8_circuit,qaoa,8,circuit,0.0,0.0,0.0,0.0,0.0,40000.0,20000.0,10
b50_lb10_k3_eps0p0025,aggregate_only_sync,shot_proportional,2,qaoa_9_circuit,qaoa,9,circuit,0.0,0.0,0.0,0.0,0.0,40000.0,20000.0,10
b50_lb10_k3_eps0p0025,aggregate_only_sync,shot_proportional,2,qft_10_circuit,qft,10,circuit,0.0,0.0,0.0,0.0,0.0,40000.0,20000.0,10
b50_lb10_k3_eps0p0025,aggregate_only_sync,shot_proportional,2,qft_11_circuit,qft,11,circuit,0.0,0.0,0.0,0.0,0.0,40000.0,20000.0,10
b50_lb10_k3_eps0p0025,aggregate_only_sync,shot_proportional,2,qft_12_circuit,qft,12,circuit,0.0,0.0,0.0,0.0,0.0,40000.0,20000.0,10
b50_lb10_k3_eps0p0025,aggregate_only_sync,shot_proportional,2,qft_13_circuit,qft,13,circuit,0.0,0.0,0.0,0.0,0.0,40000.0,20000.0,10
b50_lb10_k3_eps0p0025,aggregate_only_sync,shot_proportional,2,qft_14_circuit,qft,14,circuit,0.0,0.0,0.0,0.0,0.0,40000.0,20000.0,10
b50_lb10_k3_eps0p0025,aggregate_only_sync,shot_proportional,2,qft_15_circuit,qft,15,circuit,0.0,0.0,0.0,0.0,0.0,40000.0,20000.0,10
b50_lb10_k3_eps0p0025,aggregate_only_sync,shot_proportional,2,qft_4_circuit,qft,4,circuit,0.009911445783132538,0.012150198412698416,0.012335714285714287,0.58125,0.58125,16750.0,8375.0,10
b50_lb10_k3_eps0p0025,aggregate_only_sync,shot_proportional,2,qft_5_circuit,qft,5,circuit,0.008911538461538464,0.009517024616079495,0.009518495934959351,0.38,0.38,24800.0,12400.0,10
b50_lb10_k3_eps0p0025,aggregate_only_sync,shot_proportional,2,qft_6_circuit,qft,6,circuit,0.004368842879918009,0.007481154359844421,0.007681797583081566,0.0625,0.0625,37500.0,18750.0,10
b50_lb10_k3_eps0p0025,aggregate_only_sync,shot_proportional,2,qft_7_circuit,qft,7,circuit,0.0,0.0,0.0,0.0,0.0,40000.0,20000.0,10
b50_lb10_k3_eps0p0025,aggregate_only_sync,shot_proportional,2,qft_8_circuit,qft,8,circuit,0.0,0.0,0.0,0.0,0.0,40000.0,20000.0,10
b50_lb10_k3_eps0p0025,aggregate_only_sync,shot_proportional,2,qft_9_circuit,qft,9,circuit,0.0,0.0,0.0,0.0,0.0,40000.0,20000.0,10
b50_lb10_k3_eps0p0025,aggregate_only_sync,shot_proportional,2,qnn_10_circuit,qnn,10,circuit,0.0,0.0,0.0,0.0,0.0,40000.0,20000.0,10
b50_lb10_k3_eps0p0025,aggregate_only_sync,shot_proportional,2,qnn_11_circuit,qnn,11,circuit,0.0,0.0,0.0,0.0,0.0,40000.0,20000.0,10
b50_lb10_k3_eps0p0025,aggregate_only_sync,shot_proportional,2,qnn_12_circuit,qnn,12,circuit,0.0,0.0,0.0,0.0,0.0,40000.0,20000.0,10
b50_lb10_k3_eps0p0025,aggregate_only_sync,shot_proportional,2,qnn_13_circuit,qnn,13,circuit,0.0,0.0,0.0,0.0,0.0,40000.0,20000.0,10
b50_lb10_k3_eps0p0025,aggregate_only_sync,shot_proportional,2,qnn_14_circuit,qnn,14,circuit,0.0,0.0,0.0,0.0,0.0,40000.0,20000.0,10
b50_lb10_k3_eps0p0025,aggregate_only_sync,shot_proportional,2,qnn_15_circuit,qnn,15,circuit,0.0,0.0,0.0,0.0,0.0,40000.0,20000.0,10
b50_lb10_k3_eps0p0025,aggregate_only_sync,shot_proportional,2,qnn_4_circuit,qnn,4,circuit,0.010578813694606438,0.012862394668158078,0.013231879194630864,0.63,0.63,14800.0,7400.0,10
b50_lb10_k3_eps0p0025,aggregate_only_sync,shot_proportional,2,qnn_5_circuit,qnn,5,circuit,0.008211672979557657,0.011269451219512184,0.012185365853658536,0.39749999999999996,0.39749999999999996,24100.0,12050.0,10
b50_lb10_k3_eps0p0025,aggregate_only_sync,shot_proportional,2,qnn_6_circuit,qnn,6,circuit,0.006510472972972979,0.007494554655870453,0.0075489510489510445,0.16125,0.16125,33550.0,16775.0,10
b50_lb10_k3_eps0p0025,aggregate_only_sync,shot_proportional,2,qnn_7_circuit,qnn,7,circuit,0.0,0.0,0.0,0.0,0.0,40000.0,20000.0,10
b50_lb10_k3_eps0p0025,aggregate_only_sync,shot_proportional,2,qnn_8_circuit,qnn,8,circuit,0.0,0.0,0.0,0.0,0.0,40000.0,20000.0,10
b50_lb10_k3_eps0p0025,aggregate_only_sync,shot_proportional,2,qnn_9_circuit,qnn,9,circuit,0.0,0.0,0.0,0.0,0.0,40000.0,20000.0,10
b50_lb10_k3_eps0p0025,aggregate_only_sync,shot_proportional,2,random_10_circuit,random,10,circuit,0.0,0.0,0.0,0.0,0.0,40000.0,20000.0,10
b50_lb10_k3_eps0p0025,aggregate_only_sync,shot_proportional,2,random_11_circuit,random,11,circuit,0.0,0.0,0.0,0.0,0.0,40000.0,20000.0,10
b50_lb10_k3_eps0p0025,aggregate_only_sync,shot_proportional,2,random_12_circuit,random,12,circuit,0.0,0.0,0.0,0.0,0.0,40000.0,20000.0,10
b50_lb10_k3_eps0p0025,aggregate_only_sync,shot_proportional,2,random_13_circuit,random,13,circuit,0.0,0.0,0.0,0.0,0.0,40000.0,20000.0,10
b50_lb10_k3_eps0p0025,aggregate_only_sync,shot_proportional,2,random_14_circuit,random,14,circuit,0.0,0.0,0.0,0.0,0.0,40000.0,20000.0,10
b50_lb10_k3_eps0p0025,aggregate_only_sync,shot_proportional,2,random_15_circuit,random,15,circuit,0.0,0.0,0.0,0.0,0.0,40000.0,20000.0,10
b50_lb10_k3_eps0p0025,aggregate_only_sync,shot_proportional,2,random_4_circuit,random,4,circuit,0.00842203588269495,0.009597628933566447,0.009868750000000011,0.6775,0.6775,12900.0,6450.0,10
b50_lb10_k3_eps0p0025,aggregate_only_sync,shot_proportional,2,random_5_circuit,random,5,circuit,0.007230095920542426,0.009342429435483857,0.01028225806451611,0.48875,0.48875,20450.0,10225.0,10
b50_lb10_k3_eps0p0025,aggregate_only_sync,shot_proportional,2,random_6_circuit,random,6,circuit,0.0058571757230499455,0.007587066969739436,0.007587876254180589,0.12,0.12,35200.0,17600.0,10
b50_lb10_k3_eps0p0025,aggregate_only_sync,shot_proportional,2,random_7_circuit,random,7,circuit,0.0,0.0,0.0,0.0,0.0,40000.0,20000.0,10
b50_lb10_k3_eps0p0025,aggregate_only_sync,shot_proportional,2,random_8_circuit,random,8,circuit,0.0,0.0,0.0,0.0,0.0,40000.0,20000.0,10
b50_lb10_k3_eps0p0025,aggregate_only_sync,shot_proportional,2,random_9_circuit,random,9,circuit,0.0,0.0,0.0,0.0,0.0,40000.0,20000.0,10
b50_lb10_k3_eps0p0025,aggregate_only_sync,shot_proportional,2,vqe_10_circuit,vqe,10,circuit,0.009068235930735961,0.014935204248366073,0.014992483660130812,0.3975,0.3975,24100.0,12050.0,10
b50_lb10_k3_eps0p0025,aggregate_only_sync,shot_proportional,2,vqe_11_circuit,vqe,11,circuit,0.009177733214497918,0.01264434694691281,0.013259523809523886,0.40375,0.40375,23850.0,11925.0,10
b50_lb10_k3_eps0p0025,aggregate_only_sync,shot_proportional,2,vqe_12_circuit,vqe,12,circuit,0.008384902597402604,0.009184875713478698,0.009194483568075182,0.26375000000000004,0.26375000000000004,29450.0,14725.0,10
b50_lb10_k3_eps0p0025,aggregate_only_sync,shot_proportional,2,vqe_13_circuit,vqe,13,circuit,0.0024384485094851136,0.009661666666666697,0.010032575757575728,0.03875000000000001,0.03875000000000001,38450.0,19225.0,10
b50_lb10_k3_eps0p0025,aggregate_only_sync,shot_proportional,2,vqe_14_circuit,vqe,14,circuit,0.0,0.0010563071065989907,0.001920558375634532,0.0,0.0,40000.0,20000.0,10
b50_lb10_k3_eps0p0025,aggregate_only_sync,shot_proportional,2,vqe_15_circuit,vqe,15,circuit,0.0,0.0,0.0,0.0,0.0,40000.0,20000.0,10
b50_lb10_k3_eps0p0025,aggregate_only_sync,shot_proportional,2,vqe_4_circuit,vqe,4,circuit,0.003930952380952405,0.004542152025982089,0.004623584905660361,0.895,0.895,4200.0,2100.0,10
b50_lb10_k3_eps0p0025,aggregate_only_sync,shot_proportional,2,vqe_5_circuit,vqe,5,circuit,0.0059783185840707725,0.009136944444444461,0.009369444444444463,0.7737499999999999,0.7737499999999999,9050.0,4525.0,10
b50_lb10_k3_eps0p0025,aggregate_only_sync,shot_proportional,2,vqe_6_circuit,vqe,6,circuit,0.005353230337078654,0.007938804945054941,0.008157792207792183,0.795,0.795,8200.0,4100.0,10
b50_lb10_k3_eps0p0025,aggregate_only_sync,shot_proportional,2,vqe_7_circuit,vqe,7,circuit,0.006514589007517184,0.010323155737704967,0.01077500000000003,0.6699999999999999,0.6699999999999999,13200.0,6600.0,10
b50_lb10_k3_eps0p0025,aggregate_only_sync,shot_proportional,2,vqe_8_circuit,vqe,8,circuit,0.009061470484270081,0.011392721893491144,0.01179585798816571,0.52125,0.52125,19150.0,9575.0,10
b50_lb10_k3_eps0p0025,aggregate_only_sync,shot_proportional,2,vqe_9_circuit,vqe,9,circuit,0.009971089602221692,0.01089531390266949,0.0110607843137255,0.575,0.575,17000.0,8500.0,10
b50_lb10_k3_eps0p0025,aggregate_only_sync,shot_proportional,3,dj_10_circuit,dj,10,circuit,0.009234359359359467,0.010824886941775113,0.010852459016393524,0.5599999999999999,0.5599999999999999,26400.0,8800.0,10
b50_lb10_k3_eps0p0025,aggregate_only_sync,shot_proportional,3,dj_11_circuit,dj,11,circuit,0.009976195743784303,0.010781250553515163,0.010862935323383092,0.48750000000000004,0.48750000000000004,30750.0,10250.0,10
b50_lb10_k3_eps0p0025,aggregate_only_sync,shot_proportional,3,dj_12_circuit,dj,12,circuit,0.01015348324514986,0.011264075829384016,0.01193181818181833,0.36875,0.36875,37875.0,12625.0,10
b50_lb10_k3_eps0p0025,aggregate_only_sync,shot_proportional,3,dj_13_circuit,dj,13,circuit,0.008041986271017815,0.009912016806722757,0.0101500000000001,0.31124999999999997,0.31124999999999997,41325.0,13775.0,10
b50_lb10_k3_eps0p0025,aggregate_only_sync,shot_proportional,3,dj_14_circuit,dj,14,circuit,0.00787154091914483,0.008632599784250287,0.008877454153182328,0.23375,0.23375,45975.0,15325.0,10
b50_lb10_k3_eps0p0025,aggregate_only_sync,shot_proportional,3,dj_15_circuit,dj,15,circuit,0.00490856374979525,0.008321886102403362,0.008581870428422178,0.08374999999999999,0.08374999999999999,54975.0,18325.0,10
b50_lb10_k3_eps0p0025,aggregate_only_sync,shot_proportional,3,dj_4_circuit,dj,4,circuit,0.003707352941176496,0.006171388888888859,0.006615151515151498,0.915,0.915,5100.0,1700.0,10
b50_lb10_k3_eps0p0025,aggregate_only_sync,shot_proportional,3,dj_5_circuit,dj,5,circuit,0.003851515151515152,0.00501571428571427,0.005028571428571393,0.8825000000000001,0.8825000000000001,7050.0,2350.0,10
b50_lb10_k3_eps0p0025,aggregate_only_sync,shot_proportional,3,dj_6_circuit,dj,6,circuit,0.005453439803439848,0.006523306878306857,0.00653783068783067,0.83375,0.83375,9975.0,3325.0,10
b50_lb10_k3_eps0p0025,aggregate_only_sync,shot_proportional,3,dj_7_circuit,dj,7,circuit,0.00640983642793988,0.009033979160374557,0.009120930232558158,0.7725,0.7725,13650.0,4550.0,10
b50_lb10_k3_eps0p0025,aggregate_only_sync,shot_proportional,3,dj_8_circuit,dj,8,circuit,0.007599628658802985,0.009289399656946863,0.009456198347107498,0.73125,0.73125,16125.0,5375.0,10
b50_lb10_k3_eps0p0025,aggregate_only_sync,shot_proportional,3,dj_9_circuit,dj,9,circuit,0.008483169075115397,0.009884633489919716,0.009955128205128134,0.65625,0.65625,20625.0,6875.0,10
b50_lb10_k3_eps0p0025,aggregate_only_sync,shot_proportional,3,qaoa_10_circuit,qaoa,10,circuit,0.0,0.0,0.0,0.0,0.0,60000.0,20000.0,10
b50_lb10_k3_eps0p0025,aggregate_only_sync,shot_proportional,3,qaoa_11_circuit,qaoa,11,circuit,0.0,0.0,0.0,0.0,0.0,60000.0,20000.0,10
b50_lb10_k3_eps0p0025,aggregate_only_sync,shot_proportional,3,qaoa_12_circuit,qaoa,12,circuit,0.0,0.0,0.0,0.0,0.0,60000.0,20000.0,10
b50_lb10_k3_eps0p0025,aggregate_only_sync,shot_proportional,3,qaoa_13_circuit,qaoa,13,circuit,0.0,0.0,0.0,0.0,0.0,60000.0,20000.0,10
b50_lb10_k3_eps0p0025,aggregate_only_sync,shot_proportional,3,qaoa_14_circuit,qaoa,14,circuit,0.0,0.0,0.0,0.0,0.0,60000.0,20000.0,10
b50_lb10_k3_eps0p0025,aggregate_only_sync,shot_proportional,3,qaoa_15_circuit,qaoa,15,circuit,0.0,0.0,0.0,0.0,0.0,60000.0,20000.0,10
b50_lb10_k3_eps0p0025,aggregate_only_sync,shot_proportional,3,qaoa_4_circuit,qaoa,4,circuit,0.006760023025870252,0.009829906635652886,0.011012935323383072,0.75,0.75,15000.0,5000.0,10
b50_lb10_k3_eps0p0025,aggregate_only_sync,shot_proportional,3,qaoa_5_circuit,qaoa,5,circuit,0.008678117674636656,0.010488044217687072,0.010514625850340133,0.62875,0.62875,22275.0,7425.0,10
b50_lb10_k3_eps0p0025,aggregate_only_sync,shot_proportional,3,qaoa_6_circuit,qaoa,6,circuit,0.007509890016362997,0.008058339243498835,0.00817222222222223,0.40125,0.40125,35925.0,11975.0,10
b50_lb10_k3_eps0p0025,aggregate_only_sync,shot_proportional,3,qaoa_7_circuit,qaoa,7,circuit,0.004473797995999923,0.006986817269076289,0.0072666666666666435,0.08249999999999996,0.08249999999999996,55050.0,18350.0,10
b50_lb10_k3_eps0p0025,aggregate_only_sync,shot_proportional,3,qaoa_8_circuit,qaoa,8,circuit,0.0,0.0021195074758135393,0.0038536499560246243,0.0,0.0,60000.0,20000.0,10
b50_lb10_k3_eps0p0025,aggregate_only_sync,shot_proportional,3,qaoa_9_circuit,qaoa,9,circuit,0.0,0.0,0.0,0.0,0.0,60000.0,20000.0,10
b50_lb10_k3_eps0p0025,aggregate_only_sync,shot_proportional,3,qft_10_circuit,qft,10,circuit,0.0,0.0,0.0,0.0,0.0,60000.0,20000.0,10
b50_lb10_k3_eps0p0025,aggregate_only_sync,shot_proportional,3,qft_11_circuit,qft,11,circuit,0.0,0.0,0.0,0.0,0.0,60000.0,20000.0,10
b50_lb10_k3_eps0p0025,aggregate_only_sync,shot_proportional,3,qft_12_circuit,qft,12,circuit,0.0,0.0,0.0,0.0,0.0,60000.0,20000.0,10
b50_lb10_k3_eps0p0025,aggregate_only_sync,shot_proportional,3,qft_13_circuit,qft,13,circuit,0.0,0.0,0.0,0.0,0.0,60000.0,20000.0,10
b50_lb10_k3_eps0p0025,aggregate_only_sync,shot_proportional,3,qft_14_circuit,qft,14,circuit,0.0,0.0,0.0,0.0,0.0,60000.0,20000.0,10
b50_lb10_k3_eps0p0025,aggregate_only_sync,shot_proportional,3,qft_15_circuit,qft,15,circuit,0.0,0.0,0.0,0.0,0.0,60000.0,20000.0,10
b50_lb10_k3_eps0p0025,aggregate_only_sync,shot_proportional,3,qft_4_circuit,qft,4,circuit,0.009578508771929835,0.012111360044065525,0.012518493150684928,0.6375,0.6375,21750.0,7250.0,10
b50_lb10_k3_eps0p0025,aggregate_only_sync,shot_proportional,3,qft_5_circuit,qft,5,circuit,0.009125240823783428,0.011289319645732682,0.011434006734006729,0.44499999999999995,0.44499999999999995,33300.0,11100.0,10
b50_lb10_k3_eps0p0025,aggregate_only_sync,shot_proportional,3,qft_6_circuit,qft,6,circuit,0.00696462542087542,0.00936795035740049,0.009913725490196082,0.22499999999999998,0.22499999999999998,46500.0,15500.0,10
b50_lb10_k3_eps0p0025,aggregate_only_sync,shot_proportional,3,qft_7_circuit,qft,7,circuit,0.0,0.0,0.0,0.0,0.0,60000.0,20000.0,10
b50_lb10_k3_eps0p0025,aggregate_only_sync,shot_proportional,3,qft_8_circuit,qft,8,circuit,0.0,0.0,0.0,0.0,0.0,60000.0,20000.0,10
b50_lb10_k3_eps0p0025,aggregate_only_sync,shot_proportional,3,qft_9_circuit,qft,9,circuit,0.0,0.0,0.0,0.0,0.0,60000.0,20000.0,10
b50_lb10_k3_eps0p0025,aggregate_only_sync,shot_proportional,3,qnn_10_circuit,qnn,10,circuit,0.0,0.0,0.0,0.0,0.0,60000.0,20000.0,10
b50_lb10_k3_eps0p0025,aggregate_only_sync,shot_proportional,3,qnn_11_circuit,qnn,11,circuit,0.0,0.0,0.0,0.0,0.0,60000.0,20000.0,10
b50_lb10_k3_eps0p0025,aggregate_only_sync,shot_proportional,3,qnn_12_circuit,qnn,12,circuit,0.0,0.0,0.0,0.0,0.0,60000.0,20000.0,10
b50_lb10_k3_eps0p0025,aggregate_only_sync,shot_proportional,3,qnn_13_circuit,qnn,13,circuit,0.0,0.0,0.0,0.0,0.0,60000.0,20000.0,10
b50_lb10_k3_eps0p0025,aggregate_only_sync,shot_proportional,3,qnn_14_circuit,qnn,14,circuit,0.0,0.0,0.0,0.0,0.0,60000.0,20000.0,10
b50_lb10_k3_eps0p0025,aggregate_only_sync,shot_proportional,3,qnn_15_circuit,qnn,15,circuit,0.0,0.0,0.0,0.0,0.0,60000.0,20000.0,10
b50_lb10_k3_eps0p0025,aggregate_only_sync,shot_proportional,3,qnn_4_circuit,qnn,4,circuit,0.010411645095994602,0.011775476556276287,0.011901650165016469,0.7037500000000001,0.7037500000000001,17775.0,5925.0,10
b50_lb10_k3_eps0p0025,aggregate_only_sync,shot_proportional,3,qnn_5_circuit,qnn,5,circuit,0.00757910454337175,0.009266612505602862,0.009408695652173902,0.51,0.51,29400.0,9800.0,10
b50_lb10_k3_eps0p0025,aggregate_only_sync,shot_proportional,3,qnn_6_circuit,qnn,6,circuit,0.007960093253205357,0.00884003512146782,0.008920492866407271,0.3325,0.3325,40050.0,13350.0,10
b50_lb10_k3_eps0p0025,aggregate_only_sync,shot_proportional,3,qnn_7_circuit,qnn,7,circuit,0.0,0.0,0.0,0.0,0.0,60000.0,20000.0,10
b50_lb10_k3_eps0p0025,aggregate_only_sync,shot_proportional,3,qnn_8_circuit,qnn,8,circuit,0.0,0.0,0.0,0.0,0.0,60000.0,20000.0,10
b50_lb10_k3_eps0p0025,aggregate_only_sync,shot_proportional,3,qnn_9_circuit,qnn,9,circuit,0.0,0.0,0.0,0.0,0.0,60000.0,20000.0,10
b50_lb10_k3_eps0p0025,aggregate_only_sync,shot_proportional,3,random_10_circuit,random,10,circuit,0.0,0.0,0.0,0.0,0.0,60000.0,20000.0,10
b50_lb10_k3_eps0p0025,aggregate_only_sync,shot_proportional,3,random_11_circuit,random,11,circuit,0.0,0.0,0.0,0.0,0.0,60000.0,20000.0,10
b50_lb10_k3_eps0p0025,aggregate_only_sync,shot_proportional,3,random_12_circuit,random,12,circuit,0.0,0.0,0.0,0.0,0.0,60000.0,20000.0,10
b50_lb10_k3_eps0p0025,aggregate_only_sync,shot_proportional,3,random_13_circuit,random,13,circuit,0.0,0.0,0.0,0.0,0.0,60000.0,20000.0,10
b50_lb10_k3_eps0p0025,aggregate_only_sync,shot_proportional,3,random_14_circuit,random,14,circuit,0.0,0.0,0.0,0.0,0.0,60000.0,20000.0,10
b50_lb10_k3_eps0p0025,aggregate_only_sync,shot_proportional,3,random_15_circuit,random,15,circuit,0.0,0.0,0.0,0.0,0.0,60000.0,20000.0,10
b50_lb10_k3_eps0p0025,aggregate_only_sync,shot_proportional,3,random_4_circuit,random,4,circuit,0.006133327457547414,0.008469583333333358,0.00902083333333335,0.6937500000000001,0.6937500000000001,18375.0,6125.0,10
b50_lb10_k3_eps0p0025,aggregate_only_sync,shot_proportional,3,random_5_circuit,random,5,circuit,0.008607769423558896,0.011499885496183177,0.012522519083969449,0.5825,0.5825,25050.0,8350.0,10
b50_lb10_k3_eps0p0025,aggregate_only_sync,shot_proportional,3,random_6_circuit,random,6,circuit,0.007767683702008648,0.009457977453580898,0.009987931034482748,0.31125,0.31125,41325.0,13775.0,10
b50_lb10_k3_eps0p0025,aggregate_only_sync,shot_proportional,3,random_7_circuit,random,7,circuit,0.0,0.0030275977347460708,0.0035168831168831136,0.0,0.0,60000.0,20000.0,10
b50_lb10_k3_eps0p0025,aggregate_only_sync,shot_proportional,3,random_8_circuit,random,8,circuit,0.0,0.0,0.0,0.0,0.0,60000.0,20000.0,10
b50_lb10_k3_eps0p0025,aggregate_only_sync,shot_proportional,3,random_9_circuit,random,9,circuit,0.0,0.0,0.0,0.0,0.0,60000.0,20000.0,10
b50_lb10_k3_eps0p0025,aggregate_only_sync,shot_proportional,3,vqe_10_circuit,vqe,10,circuit,0.010783897467811446,0.012221292548914551,0.01267073170731713,0.48500000000000004,0.48500000000000004,30900.0,10300.0,10
b50_lb10_k3_eps0p0025,aggregate_only_sync,shot_proportional,3,vqe_11_circuit,vqe,11,circuit,0.009691029389713599,0.011738313492063555,0.012113888888888955,0.43000000000000005,0.43000000000000005,34200.0,11400.0,10
b50_lb10_k3_eps0p0025,aggregate_only_sync,shot_proportional,3,vqe_12_circuit,vqe,12,circuit,0.00915632022841508,0.010838620972309235,0.010948742138364815,0.39749999999999996,0.39749999999999996,36150.0,12050.0,10
b50_lb10_k3_eps0p0025,aggregate_only_sync,shot_proportional,3,vqe_13_circuit,vqe,13,circuit,0.0061828042293664886,0.009319858803986772,0.009792857142857244,0.15000000000000002,0.15000000000000002,51000.0,17000.0,10
b50_lb10_k3_eps0p0025,aggregate_only_sync,shot_proportional,3,vqe_14_circuit,vqe,14,circuit,0.0,0.0014652564102563817,0.002664102564102517,0.0,0.0,60000.0,20000.0,10
b50_lb10_k3_eps0p0025,aggregate_only_sync,shot_proportional,3,vqe_15_circuit,vqe,15,circuit,0.0,0.0011438273960983655,0.002079686174724305,0.0,0.0,60000.0,20000.0,10
b50_lb10_k3_eps0p0025,aggregate_only_sync,shot_proportional,3,vqe_4_circuit,vqe,4,circuit,0.0030749999999999927,0.0036146031746031406,0.00366746031746027,0.9,0.9,6000.0,2000.0,10
b50_lb10_k3_eps0p0025,aggregate_only_sync,shot_proportional,3,vqe_5_circuit,vqe,5,circuit,0.005516249718278118,0.009564178590355082,0.010807843137254936,0.8099999999999999,0.8099999999999999,11400.0,3800.0,10
b50_lb10_k3_eps0p0025,aggregate_only_sync,shot_proportional,3,vqe_6_circuit,vqe,6,circuit,0.005370352564102557,0.0076524392239364185,0.008309420289855077,0.8375,0.8375,9750.0,3250.0,10
b50_lb10_k3_eps0p0025,aggregate_only_sync,shot_proportional,3,vqe_7_circuit,vqe,7,circuit,0.006134624314056552,0.00855341807909609,0.008806060606060623,0.7150000000000001,0.7150000000000001,17100.0,5700.0,10
b50_lb10_k3_eps0p0025,aggregate_only_sync,shot_proportional,3,vqe_8_circuit,vqe,8,circuit,0.007286866300600167,0.009858859721082858,0.010073913043478282,0.6012500000000001,0.6012500000000001,23925.0,7975.0,10
b50_lb10_k3_eps0p0025,aggregate_only_sync,shot_proportional,3,vqe_9_circuit,vqe,9,circuit,0.008746958596958673,0.010580537900984174,0.01065348583877995,0.615,0.615,23100.0,7700.0,10
b50_lb10_k3_eps0p0025,aggregate_only_sync,shot_proportional,4,dj_10_circuit,dj,10,circuit,0.009154020979021026,0.009442617554858973,0.009459090909090953,0.6375,0.6375,29000.0,7250.0,5
b50_lb10_k3_eps0p0025,aggregate_only_sync,shot_proportional,4,dj_11_circuit,dj,11,circuit,0.009577631578947365,0.010665726157191613,0.010905890804597619,0.5375,0.5375,37000.0,9250.0,5
b50_lb10_k3_eps0p0025,aggregate_only_sync,shot_proportional,4,dj_12_circuit,dj,12,circuit,0.010372983870967715,0.010990583190394468,0.011007547169811274,0.46499999999999997,0.46499999999999997,42800.0,10700.0,5
b50_lb10_k3_eps0p0025,aggregate_only_sync,shot_proportional,4,dj_13_circuit,dj,13,circuit,0.010027717391304192,0.01100937763713058,0.011215506329113674,0.42500000000000004,0.42500000000000004,46000.0,11500.0,5
b50_lb10_k3_eps0p0025,aggregate_only_sync,shot_proportional,4,dj_14_circuit,dj,14,circuit,0.007548578595317807,0.008580459349080001,0.008621886446886424,0.255,0.255,59600.0,14900.0,5
b50_lb10_k3_eps0p0025,aggregate_only_sync,shot_proportional,4,dj_15_circuit,dj,15,circuit,0.00672574626865658,0.008730828603630753,0.009149149659863949,0.15500000000000003,0.15500000000000003,67600.0,16900.0,5
b50_lb10_k3_eps0p0025,aggregate_only_sync,shot_proportional,4,dj_4_circuit,dj,4,circuit,0.004502777777777778,0.005115534759358255,0.0051852272727272355,0.915,0.915,6800.0,1700.0,5
b50_lb10_k3_eps0p0025,aggregate_only_sync,shot_proportional,4,dj_5_circuit,dj,5,circuit,0.003351219512195147,0.0036720296167247267,0.0036928571428571496,0.8975,0.8975,8200.0,2050.0,5
b50_lb10_k3_eps0p0025,aggregate_only_sync,shot_proportional,4,dj_6_circuit,dj,6,circuit,0.004599999999999944,0.005708583743842351,0.005889285714285694,0.855,0.855,11600.0,2900.0,5
b50_lb10_k3_eps0p0025,aggregate_only_sync,shot_proportional,4,dj_7_circuit,dj,7,circuit,0.006224999999999921,0.008128423423423419,0.008283333333333311,0.8125,0.8125,15000.0,3750.0,5
b50_lb10_k3_eps0p0025,aggregate_only_sync,shot_proportional,4,dj_8_circuit,dj,8,circuit,0.006811697247706427,0.007043839563862965,0.007068341121495373,0.7324999999999999,0.7324999999999999,21400.0,5350.0,5
b50_lb10_k3_eps0p0025,aggregate_only_sync,shot_proportional,4,dj_9_circuit,dj,9,circuit,0.00842222222222228,0.008913307833537306,0.009023684210526284,0.7150000000000001,0.7150000000000001,22800.0,5700.0,5
b50_lb10_k3_eps0p0025,aggregate_only_sync,shot_proportional,4,qaoa_10_circuit,qaoa,10,circuit,0.0,0.0,0.0,0.0,0.0,80000.0,20000.0,5
b50_lb10_k3_eps0p0025,aggregate_only_sync,shot_proportional,4,qaoa_11_circuit,qaoa,11,circuit,0.0,0.0,0.0,0.0,0.0,80000.0,20000.0,5
b50_lb10_k3_eps0p0025,aggregate_only_sync,shot_proportional,4,qaoa_12_circuit,qaoa,12,circuit,0.0,0.0,0.0,0.0,0.0,80000.0,20000.0,5
b50_lb10_k3_eps0p0025,aggregate_only_sync,shot_proportional,4,qaoa_13_circuit,qaoa,13,circuit,0.0,0.0,0.0,0.0,0.0,80000.0,20000.0,5
b50_lb10_k3_eps0p0025,aggregate_only_sync,shot_proportional,4,qaoa_14_circuit,qaoa,14,circuit,0.0,0.0,0.0,0.0,0.0,80000.0,20000.0,5
b50_lb10_k3_eps0p0025,aggregate_only_sync,shot_proportional,4,qaoa_15_circuit,qaoa,15,circuit,0.0,0.0,0.0,0.0,0.0,80000.0,20000.0,5
b50_lb10_k3_eps0p0025,aggregate_only_sync,shot_proportional,4,qaoa_4_circuit,qaoa,4,circuit,0.007948214285714333,0.010117606788710938,0.010376449275362347,0.81,0.81,15200.0,3800.0,5
b50_lb10_k3_eps0p0025,aggregate_only_sync,shot_proportional,4,qaoa_5_circuit,qaoa,5,circuit,0.008869444444444445,0.01036498269297336,0.01060231481481483,0.64,0.64,28800.0,7200.0,5
b50_lb10_k3_eps0p0025,aggregate_only_sync,shot_proportional,4,qaoa_6_circuit,qaoa,6,circuit,0.006905963302752285,0.008170926607756514,0.008315592783505162,0.45499999999999996,0.45499999999999996,43600.0,10900.0,5
b50_lb10_k3_eps0p0025,aggregate_only_sync,shot_proportional,4,qaoa_7_circuit,qaoa,7,circuit,0.006045454545454536,0.008138309859154931,0.0082,0.17500000000000004,0.17500000000000004,66000.0,16500.0,5
b50_lb10_k3_eps0p0025,aggregate_only_sync,shot_proportional,4,qaoa_8_circuit,qaoa,8,circuit,0.003862335092348281,0.004679410468319556,0.004759263085399452,0.0625,0.0625,75000.0,18750.0,5
b50_lb10_k3_eps0p0025,aggregate_only_sync,shot_proportional,4,qaoa_9_circuit,qaoa,9,circuit,0.0,0.0,0.0,0.0,0.0,80000.0,20000.0,5
b50_lb10_k3_eps0p0025,aggregate_only_sync,shot_proportional,4,qft_10_circuit,qft,10,circuit,0.0,0.0,0.0,0.0,0.0,80000.0,20000.0,5
b50_lb10_k3_eps0p0025,aggregate_only_sync,shot_proportional,4,qft_11_circuit,qft,11,circuit,0.0,0.0,0.0,0.0,0.0,80000.0,20000.0,5
b50_lb10_k3_eps0p0025,aggregate_only_sync,shot_proportional,4,qft_12_circuit,qft,12,circuit,0.0,0.0,0.0,0.0,0.0,80000.0,20000.0,5
b50_lb10_k3_eps0p0025,aggregate_only_sync,shot_proportional,4,qft_13_circuit,qft,13,circuit,0.0,0.0,0.0,0.0,0.0,80000.0,20000.0,5
b50_lb10_k3_eps0p0025,aggregate_only_sync,shot_proportional,4,qft_14_circuit,qft,14,circuit,0.0,0.0,0.0,0.0,0.0,80000.0,20000.0,5
b50_lb10_k3_eps0p0025,aggregate_only_sync,shot_proportional,4,qft_15_circuit,qft,15,circuit,0.0,0.0,0.0,0.0,0.0,80000.0,20000.0,5
b50_lb10_k3_eps0p0025,aggregate_only_sync,shot_proportional,4,qft_4_circuit,qft,4,circuit,0.009218075539568375,0.01119335664335666,0.011462500000000025,0.6599999999999999,0.6599999999999999,27200.0,6800.0,5
b50_lb10_k3_eps0p0025,aggregate_only_sync,shot_proportional,4,qft_5_circuit,qft,5,circuit,0.008266295811518337,0.009550796357855197,0.009661824324324345,0.5275000000000001,0.5275000000000001,37800.0,9450.0,5
b50_lb10_k3_eps0p0025,aggregate_only_sync,shot_proportional,4,qft_6_circuit,qft,6,circuit,0.008495802919708032,0.008713758777364735,0.008748611111111124,0.32499999999999996,0.32499999999999996,54000.0,13500.0,5
b50_lb10_k3_eps0p0025,aggregate_only_sync,shot_proportional,4,qft_7_circuit,qft,7,circuit,0.0008394423558897219,0.0008863032581453614,0.0008885338345864628,0.0024999999999999467,0.0024999999999999467,79800.0,19950.0,5
b50_lb10_k3_eps0p0025,aggregate_only_sync,shot_proportional,4,qft_8_circuit,qft,8,circuit,0.0,0.0,0.0,0.0,0.0,80000.0,20000.0,5
b50_lb10_k3_eps0p0025,aggregate_only_sync,shot_proportional,4,qft_9_circuit,qft,9,circuit,0.0,0.0,0.0,0.0,0.0,80000.0,20000.0,5
b50_lb10_k3_eps0p0025,aggregate_only_sync,shot_proportional,4,qnn_10_circuit,qnn,10,circuit,0.0,0.0,0.0,0.0,0.0,80000.0,20000.0,5
b50_lb10_k3_eps0p0025,aggregate_only_sync,shot_proportional,4,qnn_11_circuit,qnn,11,circuit,0.0,0.0,0.0,0.0,0.0,80000.0,20000.0,5
b50_lb10_k3_eps0p0025,aggregate_only_sync,shot_proportional,4,qnn_12_circuit,qnn,12,circuit,0.0,0.0,0.0,0.0,0.0,80000.0,20000.0,5
b50_lb10_k3_eps0p0025,aggregate_only_sync,shot_proportional,4,qnn_13_circuit,qnn,13,circuit,0.0,0.0,0.0,0.0,0.0,80000.0,20000.0,5
b50_lb10_k3_eps0p0025,aggregate_only_sync,shot_proportional,4,qnn_14_circuit,qnn,14,circuit,0.0,0.0,0.0,0.0,0.0,80000.0,20000.0,5
b50_lb10_k3_eps0p0025,aggregate_only_sync,shot_proportional,4,qnn_15_circuit,qnn,15,circuit,0.0,0.0,0.0,0.0,0.0,80000.0,20000.0,5
b50_lb10_k3_eps0p0025,aggregate_only_sync,shot_proportional,4,qnn_4_circuit,qnn,4,circuit,0.009155808080808077,0.010398062089242465,0.010468432203389819,0.7525,0.7525,19800.0,4950.0,5
b50_lb10_k3_eps0p0025,aggregate_only_sync,shot_proportional,4,qnn_5_circuit,qnn,5,circuit,0.007350777202072531,0.009244683544303793,0.009456249999999998,0.525,0.525,38000.0,9500.0,5
b50_lb10_k3_eps0p0025,aggregate_only_sync,shot_proportional,4,qnn_6_circuit,qnn,6,circuit,0.008093604651162772,0.00847432374388172,0.00856329787234041,0.4325,0.4325,45400.0,11350.0,5
b50_lb10_k3_eps0p0025,aggregate_only_sync,shot_proportional,4,qnn_7_circuit,qnn,7,circuit,0.0035471965699208343,0.003918763440860214,0.003952553763440858,0.05249999999999999,0.05249999999999999,75800.0,18950.0,5
b50_lb10_k3_eps0p0025,aggregate_only_sync,shot_proportional,4,qnn_8_circuit,qnn,8,circuit,0.0,0.0,0.0,0.0,0.0,80000.0,20000.0,5
b50_lb10_k3_eps0p0025,aggregate_only_sync,shot_proportional,4,qnn_9_circuit,qnn,9,circuit,0.0,0.0,0.0,0.0,0.0,80000.0,20000.0,5
b50_lb10_k3_eps0p0025,aggregate_only_sync,shot_proportional,4,random_10_circuit,random,10,circuit,0.0,0.0,0.0,0.0,0.0,80000.0,20000.0,5
b50_lb10_k3_eps0p0025,aggregate_only_sync,shot_proportional,4,random_11_circuit,random,11,circuit,0.0,0.0,0.0,0.0,0.0,80000.0,20000.0,5
b50_lb10_k3_eps0p0025,aggregate_only_sync,shot_proportional,4,random_12_circuit,random,12,circuit,0.0,0.0,0.0,0.0,0.0,80000.0,20000.0,5
b50_lb10_k3_eps0p0025,aggregate_only_sync,shot_proportional,4,random_13_circuit,random,13,circuit,0.0,0.0,0.0,0.0,0.0,80000.0,20000.0,5
b50_lb10_k3_eps0p0025,aggregate_only_sync,shot_proportional,4,random_14_circuit,random,14,circuit,0.0,0.0,0.0,0.0,0.0,80000.0,20000.0,5
b50_lb10_k3_eps0p0025,aggregate_only_sync,shot_proportional,4,random_15_circuit,random,15,circuit,0.0,0.0,0.0,0.0,0.0,80000.0,20000.0,5
b50_lb10_k3_eps0p0025,aggregate_only_sync,shot_proportional,4,random_4_circuit,random,4,circuit,0.005085752688171982,0.006138864468864429,0.006258333333333288,0.7675,0.7675,18600.0,4650.0,5
b50_lb10_k3_eps0p0025,aggregate_only_sync,shot_proportional,4,random_5_circuit,random,5,circuit,0.009253124999999966,0.012497689633375489,0.013160951327433648,0.6799999999999999,0.6799999999999999,25600.0,6400.0,5
b50_lb10_k3_eps0p0025,aggregate_only_sync,shot_proportional,4,random_6_circuit,random,6,circuit,0.007683620689655171,0.008254495257330392,0.008364967811158789,0.41000000000000003,0.41000000000000003,47200.0,11800.0,5
b50_lb10_k3_eps0p0025,aggregate_only_sync,shot_proportional,4,random_7_circuit,random,7,circuit,0.004790633704735382,0.004912642650374916,0.004924194677871151,0.10250000000000004,0.10250000000000004,71800.0,17950.0,5
b50_lb10_k3_eps0p0025,aggregate_only_sync,shot_proportional,4,random_8_circuit,random,8,circuit,0.0,0.0,0.0,0.0,0.0,80000.0,20000.0,5
b50_lb10_k3_eps0p0025,aggregate_only_sync,shot_proportional,4,random_9_circuit,random,9,circuit,0.0,0.0,0.0,0.0,0.0,80000.0,20000.0,5
b50_lb10_k3_eps0p0025,aggregate_only_sync,shot_proportional,4,vqe_10_circuit,vqe,10,circuit,0.011526505235602108,0.013793121557828471,0.01419193548387094,0.52,0.52,38400.0,9600.0,5
b50_lb10_k3_eps0p0025,aggregate_only_sync,shot_proportional,4,vqe_11_circuit,vqe,11,circuit,0.009845752427184409,0.011245442156470675,0.011379439890710304,0.49,0.49,40800.0,10200.0,5
b50_lb10_k3_eps0p0025,aggregate_only_sync,shot_proportional,4,vqe_12_circuit,vqe,12,circuit,0.009583649289099458,0.010006253132832047,0.010026785714285696,0.43000000000000005,0.43000000000000005,45600.0,11400.0,5
b50_lb10_k3_eps0p0025,aggregate_only_sync,shot_proportional,4,vqe_13_circuit,vqe,13,circuit,0.008116666666666598,0.009296428571428504,0.009308928571428501,0.2875,0.2875,57000.0,14250.0,5
b50_lb10_k3_eps0p0025,aggregate_only_sync,shot_proportional,4,vqe_14_circuit,vqe,14,circuit,0.0,0.0024095948326481736,0.0025044871794870716,0.0,0.0,80000.0,20000.0,5
b50_lb10_k3_eps0p0025,aggregate_only_sync,shot_proportional,4,vqe_15_circuit,vqe,15,circuit,0.0,0.00249793765456194,0.0026554487179486224,0.0,0.0,80000.0,20000.0,5
b50_lb10_k3_eps0p0025,aggregate_only_sync,shot_proportional,4,vqe_4_circuit,vqe,4,circuit,0.002424999999999992,0.0029624999999999877,0.0030874999999999826,0.9,0.9,8000.0,2000.0,5
b50_lb10_k3_eps0p0025,aggregate_only_sync,shot_proportional,4,vqe_5_circuit,vqe,5,circuit,0.005983333333333288,0.006990261437908555,0.007193382352941267,0.8275,0.8275,13800.0,3450.0,5
b50_lb10_k3_eps0p0025,aggregate_only_sync,shot_proportional,4,vqe_6_circuit,vqe,6,circuit,0.004760483870967748,0.006975900058445375,0.007016379310344852,0.845,0.845,12400.0,3100.0,5
b50_lb10_k3_eps0p0025,aggregate_only_sync,shot_proportional,4,vqe_7_circuit,vqe,7,circuit,0.005772727272727342,0.007481712954245914,0.007531648936170226,0.725,0.725,22000.0,5500.0,5
b50_lb10_k3_eps0p0025,aggregate_only_sync,shot_proportional,4,vqe_8_circuit,vqe,8,circuit,0.008097727272727244,0.00984205513784457,0.010172916666666625,0.675,0.675,26000.0,6500.0,5
b50_lb10_k3_eps0p0025,aggregate_only_sync,shot_proportional,4,vqe_9_circuit,vqe,9,circuit,0.007908603896103861,0.009177617549055871,0.009361148648648615,0.63,0.63,29600.0,7400.0,5
b50_lb10_k3_eps0p0025,aggregate_only_sync,shot_proportional,5,dj_10_circuit,dj,10,circuit,0.008971014492753546,0.008971014492753546,0.008971014492753546,0.655,0.655,34500.0,6900.0,1
b50_lb10_k3_eps0p0025,aggregate_only_sync,shot_proportional,5,dj_11_circuit,dj,11,circuit,0.009459090909090782,0.009459090909090782,0.009459090909090782,0.56,0.56,44000.0,8800.0,1
b50_lb10_k3_eps0p0025,aggregate_only_sync,shot_proportional,5,dj_12_circuit,dj,12,circuit,0.009913507109004644,0.009913507109004644,0.009913507109004644,0.47250000000000003,0.47250000000000003,52750.0,10550.0,1
b50_lb10_k3_eps0p0025,aggregate_only_sync,shot_proportional,5,dj_13_circuit,dj,13,circuit,0.009503721973094036,0.009503721973094036,0.009503721973094036,0.4425,0.4425,55750.0,11150.0,1
b50_lb10_k3_eps0p0025,aggregate_only_sync,shot_proportional,5,dj_14_circuit,dj,14,circuit,0.00873755725190854,0.00873755725190854,0.00873755725190854,0.345,0.345,65500.0,13100.0,1
b50_lb10_k3_eps0p0025,aggregate_only_sync,shot_proportional,5,dj_15_circuit,dj,15,circuit,0.00781206896551716,0.00781206896551716,0.00781206896551716,0.2025,0.2025,79750.0,15950.0,1
b50_lb10_k3_eps0p0025,aggregate_only_sync,shot_proportional,5,dj_4_circuit,dj,4,circuit,0.0042484615384615,0.0042484615384615,0.0042484615384615,0.935,0.935,6500.0,1300.0,1
b50_lb10_k3_eps0p0025,aggregate_only_sync,shot_proportional,5,dj_5_circuit,dj,5,circuit,0.0033535294117647612,0.0033535294117647612,0.0033535294117647612,0.915,0.915,8500.0,1700.0,1
b50_lb10_k3_eps0p0025,aggregate_only_sync,shot_proportional,5,dj_6_circuit,dj,6,circuit,0.004488181818181749,0.004488181818181749,0.004488181818181749,0.8625,0.8625,13750.0,2750.0,1
b50_lb10_k3_eps0p0025,aggregate_only_sync,shot_proportional,5,dj_7_circuit,dj,7,circuit,0.006610000000000078,0.006610000000000078,0.006610000000000078,0.8200000000000001,0.8200000000000001,18000.0,3600.0,1
b50_lb10_k3_eps0p0025,aggregate_only_sync,shot_proportional,5,dj_8_circuit,dj,8,circuit,0.0058504761904761855,0.0058504761904761855,0.0058504761904761855,0.7375,0.7375,26250.0,5250.0,1
b50_lb10_k3_eps0p0025,aggregate_only_sync,shot_proportional,5,dj_9_circuit,dj,9,circuit,0.008127272727272705,0.008127272727272705,0.008127272727272705,0.725,0.725,27500.0,5500.0,1
b50_lb10_k3_eps0p0025,aggregate_only_sync,shot_proportional,5,qaoa_10_circuit,qaoa,10,circuit,0.0,0.0,0.0,0.0,0.0,100000.0,20000.0,1
b50_lb10_k3_eps0p0025,aggregate_only_sync,shot_proportional,5,qaoa_11_circuit,qaoa,11,circuit,0.0,0.0,0.0,0.0,0.0,100000.0,20000.0,1
b50_lb10_k3_eps0p0025,aggregate_only_sync,shot_proportional,5,qaoa_12_circuit,qaoa,12,circuit,0.0,0.0,0.0,0.0,0.0,100000.0,20000.0,1
b50_lb10_k3_eps0p0025,aggregate_only_sync,shot_proportional,5,qaoa_13_circuit,qaoa,13,circuit,0.0,0.0,0.0,0.0,0.0,100000.0,20000.0,1
b50_lb10_k3_eps0p0025,aggregate_only_sync,shot_proportional,5,qaoa_14_circuit,qaoa,14,circuit,0.0,0.0,0.0,0.0,0.0,100000.0,20000.0,1
b50_lb10_k3_eps0p0025,aggregate_only_sync,shot_proportional,5,qaoa_15_circuit,qaoa,15,circuit,0.0,0.0,0.0,0.0,0.0,100000.0,20000.0,1
b50_lb10_k3_eps0p0025,aggregate_only_sync,shot_proportional,5,qaoa_4_circuit,qaoa,4,circuit,0.008303684210526307,0.008303684210526307,0.008303684210526307,0.81,0.81,19000.0,3800.0,1
b50_lb10_k3_eps0p0025,aggregate_only_sync,shot_proportional,5,qaoa_5_circuit,qaoa,5,circuit,0.009343396226415097,0.009343396226415097,0.009343396226415097,0.735,0.735,26500.0,5300.0,1
b50_lb10_k3_eps0p0025,aggregate_only_sync,shot_proportional,5,qaoa_6_circuit,qaoa,6,circuit,0.006029523809523826,0.006029523809523826,0.006029523809523826,0.475,0.475,52500.0,10500.0,1
b50_lb10_k3_eps0p0025,aggregate_only_sync,shot_proportional,5,qaoa_7_circuit,qaoa,7,circuit,0.00792591549295773,0.00792591549295773,0.00792591549295773,0.29000000000000004,0.29000000000000004,71000.0,14200.0,1
b50_lb10_k3_eps0p0025,aggregate_only_sync,shot_proportional,5,qaoa_8_circuit,qaoa,8,circuit,0.005146956521739163,0.005146956521739163,0.005146956521739163,0.13749999999999996,0.13749999999999996,86250.0,17250.0,1
b50_lb10_k3_eps0p0025,aggregate_only_sync,shot_proportional,5,qaoa_9_circuit,qaoa,9,circuit,0.0,0.0,0.0,0.0,0.0,100000.0,20000.0,1
b50_lb10_k3_eps0p0025,aggregate_only_sync,shot_proportional,5,qft_10_circuit,qft,10,circuit,0.0,0.0,0.0,0.0,0.0,100000.0,20000.0,1
b50_lb10_k3_eps0p0025,aggregate_only_sync,shot_proportional,5,qft_11_circuit,qft,11,circuit,0.0,0.0,0.0,0.0,0.0,100000.0,20000.0,1
b50_lb10_k3_eps0p0025,aggregate_only_sync,shot_proportional,5,qft_12_circuit,qft,12,circuit,0.0,0.0,0.0,0.0,0.0,100000.0,20000.0,1
b50_lb10_k3_eps0p0025,aggregate_only_sync,shot_proportional,5,qft_13_circuit,qft,13,circuit,0.0,0.0,0.0,0.0,0.0,100000.0,20000.0,1
b50_lb10_k3_eps0p0025,aggregate_only_sync,shot_proportional,5,qft_14_circuit,qft,14,circuit,0.0,0.0,0.0,0.0,0.0,100000.0,20000.0,1
b50_lb10_k3_eps0p0025,aggregate_only_sync,shot_proportional,5,qft_15_circuit,qft,15,circuit,0.0,0.0,0.0,0.0,0.0,100000.0,20000.0,1
b50_lb10_k3_eps0p0025,aggregate_only_sync,shot_proportional,5,qft_4_circuit,qft,4,circuit,0.008631942446043189,0.008631942446043189,0.008631942446043189,0.6525000000000001,0.6525000000000001,34750.0,6950.0,1
b50_lb10_k3_eps0p0025,aggregate_only_sync,shot_proportional,5,qft_5_circuit,qft,5,circuit,0.007709999999999996,0.007709999999999996,0.007709999999999996,0.5575,0.5575,44250.0,8850.0,1
b50_lb10_k3_eps0p0025,aggregate_only_sync,shot_proportional,5,qft_6_circuit,qft,6,circuit,0.007728867924528297,0.007728867924528297,0.007728867924528297,0.3375,0.3375,66250.0,13250.0,1
b50_lb10_k3_eps0p0025,aggregate_only_sync,shot_proportional,5,qft_7_circuit,qft,7,circuit,0.005146056338028169,0.005146056338028169,0.005146056338028169,0.11250000000000004,0.11250000000000004,88750.0,17750.0,1
b50_lb10_k3_eps0p0025,aggregate_only_sync,shot_proportional,5,qft_8_circuit,qft,8,circuit,0.0,0.0,0.0,0.0,0.0,100000.0,20000.0,1
b50_lb10_k3_eps0p0025,aggregate_only_sync,shot_proportional,5,qft_9_circuit,qft,9,circuit,0.0,0.0,0.0,0.0,0.0,100000.0,20000.0,1
b50_lb10_k3_eps0p0025,aggregate_only_sync,shot_proportional,5,qnn_10_circuit,qnn,10,circuit,0.0,0.0,0.0,0.0,0.0,100000.0,20000.0,1
b50_lb10_k3_eps0p0025,aggregate_only_sync,shot_proportional,5,qnn_11_circuit,qnn,11,circuit,0.0,0.0,0.0,0.0,0.0,100000.0,20000.0,1
b50_lb10_k3_eps0p0025,aggregate_only_sync,shot_proportional,5,qnn_12_circuit,qnn,12,circuit,0.0,0.0,0.0,0.0,0.0,100000.0,20000.0,1
b50_lb10_k3_eps0p0025,aggregate_only_sync,shot_proportional,5,qnn_13_circuit,qnn,13,circuit,0.0,0.0,0.0,0.0,0.0,100000.0,20000.0,1
b50_lb10_k3_eps0p0025,aggregate_only_sync,shot_proportional,5,qnn_14_circuit,qnn,14,circuit,0.0,0.0,0.0,0.0,0.0,100000.0,20000.0,1
b50_lb10_k3_eps0p0025,aggregate_only_sync,shot_proportional,5,qnn_15_circuit,qnn,15,circuit,0.0,0.0,0.0,0.0,0.0,100000.0,20000.0,1
b50_lb10_k3_eps0p0025,aggregate_only_sync,shot_proportional,5,qnn_4_circuit,qnn,4,circuit,0.008857777777777796,0.008857777777777796,0.008857777777777796,0.775,0.775,22500.0,4500.0,1
b50_lb10_k3_eps0p0025,aggregate_only_sync,shot_proportional,5,qnn_5_circuit,qnn,5,circuit,0.008642739726027401,0.008642739726027401,0.008642739726027401,0.635,0.635,36500.0,7300.0,1
b50_lb10_k3_eps0p0025,aggregate_only_sync,shot_proportional,5,qnn_6_circuit,qnn,6,circuit,0.006732549019607852,0.006732549019607852,0.006732549019607852,0.49,0.49,51000.0,10200.0,1
b50_lb10_k3_eps0p0025,aggregate_only_sync,shot_proportional,5,qnn_7_circuit,qnn,7,circuit,0.0038669565217391306,0.0038669565217391306,0.0038669565217391306,0.07999999999999996,0.07999999999999996,92000.0,18400.0,1
b50_lb10_k3_eps0p0025,aggregate_only_sync,shot_proportional,5,qnn_8_circuit,qnn,8,circuit,0.0,0.0,0.0,0.0,0.0,100000.0,20000.0,1
b50_lb10_k3_eps0p0025,aggregate_only_sync,shot_proportional,5,qnn_9_circuit,qnn,9,circuit,0.0,0.0,0.0,0.0,0.0,100000.0,20000.0,1
b50_lb10_k3_eps0p0025,aggregate_only_sync,shot_proportional,5,random_10_circuit,random,10,circuit,0.0,0.0,0.0,0.0,0.0,100000.0,20000.0,1
b50_lb10_k3_eps0p0025,aggregate_only_sync,shot_proportional,5,random_11_circuit,random,11,circuit,0.0,0.0,0.0,0.0,0.0,100000.0,20000.0,1
b50_lb10_k3_eps0p0025,aggregate_only_sync,shot_proportional,5,random_12_circuit,random,12,circuit,0.0,0.0,0.0,0.0,0.0,100000.0,20000.0,1
b50_lb10_k3_eps0p0025,aggregate_only_sync,shot_proportional,5,random_13_circuit,random,13,circuit,0.0,0.0,0.0,0.0,0.0,100000.0,20000.0,1
b50_lb10_k3_eps0p0025,aggregate_only_sync,shot_proportional,5,random_14_circuit,random,14,circuit,0.0,0.0,0.0,0.0,0.0,100000.0,20000.0,1
b50_lb10_k3_eps0p0025,aggregate_only_sync,shot_proportional,5,random_15_circuit,random,15,circuit,0.0,0.0,0.0,0.0,0.0,100000.0,20000.0,1
b50_lb10_k3_eps0p0025,aggregate_only_sync,shot_proportional,5,random_4_circuit,random,4,circuit,0.004142608695652184,0.004142608695652184,0.004142608695652184,0.77,0.77,23000.0,4600.0,1
b50_lb10_k3_eps0p0025,aggregate_only_sync,shot_proportional,5,random_5_circuit,random,5,circuit,0.00913,0.00913,0.00913,0.7,0.7,30000.0,6000.0,1
b50_lb10_k3_eps0p0025,aggregate_only_sync,shot_proportional,5,random_6_circuit,random,6,circuit,0.009265306122448979,0.009265306122448979,0.009265306122448979,0.51,0.51,49000.0,9800.0,1
b50_lb10_k3_eps0p0025,aggregate_only_sync,shot_proportional,5,random_7_circuit,random,7,circuit,0.007967163120567373,0.007967163120567373,0.007967163120567373,0.29500000000000004,0.29500000000000004,70500.0,14100.0,1
b50_lb10_k3_eps0p0025,aggregate_only_sync,shot_proportional,5,random_8_circuit,random,8,circuit,0.0,0.0,0.0,0.0,0.0,100000.0,20000.0,1
b50_lb10_k3_eps0p0025,aggregate_only_sync,shot_proportional,5,random_9_circuit,random,9,circuit,0.0,0.0,0.0,0.0,0.0,100000.0,20000.0,1
b50_lb10_k3_eps0p0025,aggregate_only_sync,shot_proportional,5,vqe_10_circuit,vqe,10,circuit,0.012142185792349722,0.012142185792349722,0.012142185792349722,0.5425,0.5425,45750.0,9150.0,1
b50_lb10_k3_eps0p0025,aggregate_only_sync,shot_proportional,5,vqe_11_circuit,vqe,11,circuit,0.010331311475409872,0.010331311475409872,0.010331311475409872,0.5425,0.5425,45750.0,9150.0,1
b50_lb10_k3_eps0p0025,aggregate_only_sync,shot_proportional,5,vqe_12_circuit,vqe,12,circuit,0.0095038095238095,0.0095038095238095,0.0095038095238095,0.475,0.475,52500.0,10500.0,1
b50_lb10_k3_eps0p0025,aggregate_only_sync,shot_proportional,5,vqe_13_circuit,vqe,13,circuit,0.008415714285714127,0.008415714285714127,0.008415714285714127,0.30000000000000004,0.30000000000000004,70000.0,14000.0,1
b50_lb10_k3_eps0p0025,aggregate_only_sync,shot_proportional,5,vqe_14_circuit,vqe,14,circuit,0.004377333333333334,0.004377333333333334,0.004377333333333334,0.0625,0.0625,93750.0,18750.0,1
b50_lb10_k3_eps0p0025,aggregate_only_sync,shot_proportional,5,vqe_15_circuit,vqe,15,circuit,0.0028094315245477362,0.0028094315245477362,0.0028094315245477362,0.03249999999999997,0.03249999999999997,96750.0,19350.0,1
b50_lb10_k3_eps0p0025,aggregate_only_sync,shot_proportional,5,vqe_4_circuit,vqe,4,circuit,0.002129999999999935,0.002129999999999935,0.002129999999999935,0.9,0.9,10000.0,2000.0,1
b50_lb10_k3_eps0p0025,aggregate_only_sync,shot_proportional,5,vqe_5_circuit,vqe,5,circuit,0.0046342857142856325,0.0046342857142856325,0.0046342857142856325,0.825,0.825,17500.0,3500.0,1
b50_lb10_k3_eps0p0025,aggregate_only_sync,shot_proportional,5,vqe_6_circuit,vqe,6,circuit,0.005015714285714326,0.005015714285714326,0.005015714285714326,0.86,0.86,14000.0,2800.0,1
b50_lb10_k3_eps0p0025,aggregate_only_sync,shot_proportional,5,vqe_7_circuit,vqe,7,circuit,0.006855882352941154,0.006855882352941154,0.006855882352941154,0.7875,0.7875,21250.0,4250.0,1
b50_lb10_k3_eps0p0025,aggregate_only_sync,shot_proportional,5,vqe_8_circuit,vqe,8,circuit,0.0065954263565891425,0.0065954263565891425,0.0065954263565891425,0.6775,0.6775,32250.0,6450.0,1
b50_lb10_k3_eps0p0025,aggregate_only_sync,shot_proportional,5,vqe_9_circuit,vqe,9,circuit,0.006422162162162118,0.006422162162162118,0.006422162162162118,0.63,0.63,37000.0,7400.0,1
b50_lb10_k3_eps0p0025,aggregate_only_sync,uniform,1,dj_10_circuit,dj,10,circuit,0.008150000000000003,0.011255426902753341,0.011695962732919283,0.25,0.25,15000.0,15000.0,5
b50_lb10_k3_eps0p0025,aggregate_only_sync,uniform,1,dj_11_circuit,dj,11,circuit,0.005184507042253505,0.011879011316259654,0.01200869565217388,0.11250000000000004,0.11250000000000004,17750.0,17750.0,5
b50_lb10_k3_eps0p0025,aggregate_only_sync,uniform,1,dj_12_circuit,dj,12,circuit,0.0055946236559139655,0.010508623966516856,0.01079708737864077,0.06999999999999995,0.06999999999999995,18600.0,18600.0,5
b50_lb10_k3_eps0p0025,aggregate_only_sync,uniform,1,dj_13_circuit,dj,13,circuit,0.0,0.008897495264314452,0.008918858131487946,0.0,0.0,20000.0,20000.0,5
b50_lb10_k3_eps0p0025,aggregate_only_sync,uniform,1,dj_14_circuit,dj,14,circuit,0.0,0.009606456180635308,0.009797435897435921,0.0,0.0,20000.0,20000.0,5
b50_lb10_k3_eps0p0025,aggregate_only_sync,uniform,1,dj_15_circuit,dj,15,circuit,0.0,0.008200707610146853,0.008759813084112148,0.0,0.0,20000.0,20000.0,5
b50_lb10_k3_eps0p0025,aggregate_only_sync,uniform,1,dj_4_circuit,dj,4,circuit,0.0054188679245283505,0.008252727272727281,0.008931818181818188,0.87,0.87,2600.0,2600.0,5
b50_lb10_k3_eps0p0025,aggregate_only_sync,uniform,1,dj_5_circuit,dj,5,circuit,0.005141803278688479,0.006465670307845096,0.006660377358490575,0.8325,0.8325,3350.0,3350.0,5
b50_lb10_k3_eps0p0025,aggregate_only_sync,uniform,1,dj_6_circuit,dj,6,circuit,0.008426923076923108,0.010434561650257827,0.01091851851851848,0.74,0.74,5200.0,5200.0,5
b50_lb10_k3_eps0p0025,aggregate_only_sync,uniform,1,dj_7_circuit,dj,7,circuit,0.008615662650602395,0.011007743043627633,0.011417073170731725,0.645,0.645,7100.0,7100.0,5
b50_lb10_k3_eps0p0025,aggregate_only_sync,uniform,1,dj_8_circuit,dj,8,circuit,0.009708064516129,0.01158413265306125,0.011952040816326557,0.5349999999999999,0.5349999999999999,9300.0,9300.0,5
b50_lb10_k3_eps0p0025,aggregate_only_sync,uniform,1,dj_9_circuit,dj,9,circuit,0.010468047337278134,0.011237973884039477,0.011334426229508216,0.4225,0.4225,11550.0,11550.0,5
b50_lb10_k3_eps0p0025,aggregate_only_sync,uniform,1,qaoa_10_circuit,qaoa,10,circuit,0.0,0.0,0.0,0.0,0.0,20000.0,20000.0,5
b50_lb10_k3_eps0p0025,aggregate_only_sync,uniform,1,qaoa_11_circuit,qaoa,11,circuit,0.0,0.0,0.0,0.0,0.0,20000.0,20000.0,5
b50_lb10_k3_eps0p0025,aggregate_only_sync,uniform,1,qaoa_12_circuit,qaoa,12,circuit,0.0,0.0,0.0,0.0,0.0,20000.0,20000.0,5
b50_lb10_k3_eps0p0025,aggregate_only_sync,uniform,1,qaoa_13_circuit,qaoa,13,circuit,0.0,0.0,0.0,0.0,0.0,20000.0,20000.0,5
b50_lb10_k3_eps0p0025,aggregate_only_sync,uniform,1,qaoa_14_circuit,qaoa,14,circuit,0.0,0.0,0.0,0.0,0.0,20000.0,20000.0,5
b50_lb10_k3_eps0p0025,aggregate_only_sync,uniform,1,qaoa_15_circuit,qaoa,15,circuit,0.0,0.0,0.0,0.0,0.0,20000.0,20000.0,5
b50_lb10_k3_eps0p0025,aggregate_only_sync,uniform,1,qaoa_4_circuit,qaoa,4,circuit,0.00778911564625852,0.009914967234023839,0.00992106918238994,0.6425000000000001,0.6425000000000001,7150.0,7150.0,5
b50_lb10_k3_eps0p0025,aggregate_only_sync,uniform,1,qaoa_5_circuit,qaoa,5,circuit,0.007346757679180891,0.010295875169606502,0.010840298507462678,0.29500000000000004,0.29500000000000004,14100.0,14100.0,5
b50_lb10_k3_eps0p0025,aggregate_only_sync,uniform,1,qaoa_6_circuit,qaoa,6,circuit,0.0,0.004558170586837729,0.004593478260869563,0.0,0.0,20000.0,20000.0,5
b50_lb10_k3_eps0p0025,aggregate_only_sync,uniform,1,qaoa_7_circuit,qaoa,7,circuit,0.0,0.0,0.0,0.0,0.0,20000.0,20000.0,5
b50_lb10_k3_eps0p0025,aggregate_only_sync,uniform,1,qaoa_8_circuit,qaoa,8,circuit,0.0,0.0,0.0,0.0,0.0,20000.0,20000.0,5
b50_lb10_k3_eps0p0025,aggregate_only_sync,uniform,1,qaoa_9_circuit,qaoa,9,circuit,0.0,0.0,0.0,0.0,0.0,20000.0,20000.0,5
b50_lb10_k3_eps0p0025,aggregate_only_sync,uniform,1,qft_10_circuit,qft,10,circuit,0.0,0.0,0.0,0.0,0.0,20000.0,20000.0,5
b50_lb10_k3_eps0p0025,aggregate_only_sync,uniform,1,qft_11_circuit,qft,11,circuit,0.0,0.0,0.0,0.0,0.0,20000.0,20000.0,5
b50_lb10_k3_eps0p0025,aggregate_only_sync,uniform,1,qft_12_circuit,qft,12,circuit,0.0,0.0,0.0,0.0,0.0,20000.0,20000.0,5
b50_lb10_k3_eps0p0025,aggregate_only_sync,uniform,1,qft_13_circuit,qft,13,circuit,0.0,0.0,0.0,0.0,0.0,20000.0,20000.0,5
b50_lb10_k3_eps0p0025,aggregate_only_sync,uniform,1,qft_14_circuit,qft,14,circuit,0.0,0.0,0.0,0.0,0.0,20000.0,20000.0,5
b50_lb10_k3_eps0p0025,aggregate_only_sync,uniform,1,qft_15_circuit,qft,15,circuit,0.0,0.0,0.0,0.0,0.0,20000.0,20000.0,5
b50_lb10_k3_eps0p0025,aggregate_only_sync,uniform,1,qft_4_circuit,qft,4,circuit,0.010529735682819372,0.011147682843472322,0.011270129870129878,0.4325,0.4325,11350.0,11350.0,5
b50_lb10_k3_eps0p0025,aggregate_only_sync,uniform,1,qft_5_circuit,qft,5,circuit,0.006196408839778997,0.007241449275362313,0.007426811594202895,0.09499999999999997,0.09499999999999997,18100.0,18100.0,5
b50_lb10_k3_eps0p0025,aggregate_only_sync,uniform,1,qft_6_circuit,qft,6,circuit,0.0,0.0,0.0,0.0,0.0,20000.0,20000.0,5
b50_lb10_k3_eps0p0025,aggregate_only_sync,uniform,1,qft_7_circuit,qft,7,circuit,0.0,0.0,0.0,0.0,0.0,20000.0,20000.0,5
b50_lb10_k3_eps0p0025,aggregate_only_sync,uniform,1,qft_8_circuit,qft,8,circuit,0.0,0.0,0.0,0.0,0.0,20000.0,20000.0,5
b50_lb10_k3_eps0p0025,aggregate_only_sync,uniform,1,qft_9_circuit,qft,9,circuit,0.0,0.0,0.0,0.0,0.0,20000.0,20000.0,5
b50_lb10_k3_eps0p0025,aggregate_only_sync,uniform,1,qnn_10_circuit,qnn,10,circuit,0.0,0.0,0.0,0.0,0.0,20000.0,20000.0,5
b50_lb10_k3_eps0p0025,aggregate_only_sync,uniform,1,qnn_11_circuit,qnn,11,circuit,0.0,0.0,0.0,0.0,0.0,20000.0,20000.0,5
b50_lb10_k3_eps0p0025,aggregate_only_sync,uniform,1,qnn_12_circuit,qnn,12,circuit,0.0,0.0,0.0,0.0,0.0,20000.0,20000.0,5
b50_lb10_k3_eps0p0025,aggregate_only_sync,uniform,1,qnn_13_circuit,qnn,13,circuit,0.0,0.0,0.0,0.0,0.0,20000.0,20000.0,5
b50_lb10_k3_eps0p0025,aggregate_only_sync,uniform,1,qnn_14_circuit,qnn,14,circuit,0.0,0.0,0.0,0.0,0.0,20000.0,20000.0,5
b50_lb10_k3_eps0p0025,aggregate_only_sync,uniform,1,qnn_15_circuit,qnn,15,circuit,0.0,0.0,0.0,0.0,0.0,20000.0,20000.0,5
b50_lb10_k3_eps0p0025,aggregate_only_sync,uniform,1,qnn_4_circuit,qnn,4,circuit,0.009510992907801429,0.014031918906176324,0.014823809523809517,0.495,0.495,10100.0,10100.0,5
b50_lb10_k3_eps0p0025,aggregate_only_sync,uniform,1,qnn_5_circuit,qnn,5,circuit,0.005893657817109153,0.0071281576893052374,0.00725245901639345,0.15249999999999997,0.15249999999999997,16950.0,16950.0,5
b50_lb10_k3_eps0p0025,aggregate_only_sync,uniform,1,qnn_6_circuit,qnn,6,circuit,0.0,0.0,0.0,0.0,0.0,20000.0,20000.0,5
b50_lb10_k3_eps0p0025,aggregate_only_sync,uniform,1,qnn_7_circuit,qnn,7,circuit,0.0,0.0,0.0,0.0,0.0,20000.0,20000.0,5
b50_lb10_k3_eps0p0025,aggregate_only_sync,uniform,1,qnn_8_circuit,qnn,8,circuit,0.0,0.0,0.0,0.0,0.0,20000.0,20000.0,5
b50_lb10_k3_eps0p0025,aggregate_only_sync,uniform,1,qnn_9_circuit,qnn,9,circuit,0.0,0.0,0.0,0.0,0.0,20000.0,20000.0,5
b50_lb10_k3_eps0p0025,aggregate_only_sync,uniform,1,random_10_circuit,random,10,circuit,0.0,0.0,0.0,0.0,0.0,20000.0,20000.0,5
b50_lb10_k3_eps0p0025,aggregate_only_sync,uniform,1,random_11_circuit,random,11,circuit,0.0,0.0,0.0,0.0,0.0,20000.0,20000.0,5
b50_lb10_k3_eps0p0025,aggregate_only_sync,uniform,1,random_12_circuit,random,12,circuit,0.0,0.0,0.0,0.0,0.0,20000.0,20000.0,5
b50_lb10_k3_eps0p0025,aggregate_only_sync,uniform,1,random_13_circuit,random,13,circuit,0.0,0.0,0.0,0.0,0.0,20000.0,20000.0,5
b50_lb10_k3_eps0p0025,aggregate_only_sync,uniform,1,random_14_circuit,random,14,circuit,0.0,0.0,0.0,0.0,0.0,20000.0,20000.0,5
b50_lb10_k3_eps0p0025,aggregate_only_sync,uniform,1,random_15_circuit,random,15,circuit,0.0,0.0,0.0,0.0,0.0,20000.0,20000.0,5
b50_lb10_k3_eps0p0025,aggregate_only_sync,uniform,1,random_4_circuit,random,4,circuit,0.00711980198019802,0.01403505285695169,0.015094680851063828,0.5925,0.5925,8150.0,8150.0,5
b50_lb10_k3_eps0p0025,aggregate_only_sync,uniform,1,random_5_circuit,random,5,circuit,0.0070052995391704865,0.008251457955232909,0.00840862068965517,0.3075,0.3075,13850.0,13850.0,5
b50_lb10_k3_eps0p0025,aggregate_only_sync,uniform,1,random_6_circuit,random,6,circuit,0.0,0.0,0.0,0.0,0.0,20000.0,20000.0,5
b50_lb10_k3_eps0p0025,aggregate_only_sync,uniform,1,random_7_circuit,random,7,circuit,0.0,0.0,0.0,0.0,0.0,20000.0,20000.0,5
b50_lb10_k3_eps0p0025,aggregate_only_sync,uniform,1,random_8_circuit,random,8,circuit,0.0,0.0,0.0,0.0,0.0,20000.0,20000.0,5
b50_lb10_k3_eps0p0025,aggregate_only_sync,uniform,1,random_9_circuit,random,9,circuit,0.0,0.0,0.0,0.0,0.0,20000.0,20000.0,5
b50_lb10_k3_eps0p0025,aggregate_only_sync,uniform,1,vqe_10_circuit,vqe,10,circuit,0.007906340057636858,0.010540694980694954,0.010851544401544358,0.16749999999999998,0.16749999999999998,16650.0,16650.0,5
b50_lb10_k3_eps0p0025,aggregate_only_sync,uniform,1,vqe_11_circuit,vqe,11,circuit,0.006273988439306386,0.010891084529505626,0.011084688995215366,0.135,0.135,17300.0,17300.0,5
b50_lb10_k3_eps0p0025,aggregate_only_sync,uniform,1,vqe_12_circuit,vqe,12,circuit,0.006890350877192961,0.01068012231431563,0.011154651162790722,0.14500000000000002,0.14500000000000002,17100.0,17100.0,5
b50_lb10_k3_eps0p0025,aggregate_only_sync,uniform,1,vqe_13_circuit,vqe,13,circuit,0.0,0.00585333333333332,0.007316666666666651,0.0,0.0,20000.0,20000.0,5
b50_lb10_k3_eps0p0025,aggregate_only_sync,uniform,1,vqe_14_circuit,vqe,14,circuit,0.0,0.001540253164556963,0.0019253164556962041,0.0,0.0,20000.0,20000.0,5
b50_lb10_k3_eps0p0025,aggregate_only_sync,uniform,1,vqe_15_circuit,vqe,15,circuit,0.0,0.0,0.0,0.0,0.0,20000.0,20000.0,5
b50_lb10_k3_eps0p0025,aggregate_only_sync,uniform,1,vqe_4_circuit,vqe,4,circuit,0.005539552238805997,0.006149956709956668,0.006213636363636312,0.8375,0.8375,3250.0,3250.0,5
b50_lb10_k3_eps0p0025,aggregate_only_sync,uniform,1,vqe_5_circuit,vqe,5,circuit,0.008446581196581177,0.010243529766520244,0.010460062893081807,0.6599999999999999,0.6599999999999999,6800.0,6800.0,5
b50_lb10_k3_eps0p0025,aggregate_only_sync,uniform,1,vqe_6_circuit,vqe,6,circuit,0.006804878048780457,0.007747487684729081,0.007887931034482782,0.725,0.725,5500.0,5500.0,5
b50_lb10_k3_eps0p0025,aggregate_only_sync,uniform,1,vqe_7_circuit,vqe,7,circuit,0.007410256410256376,0.009692878787878795,0.010084848484848488,0.5875,0.5875,8250.0,8250.0,5
b50_lb10_k3_eps0p0025,aggregate_only_sync,uniform,1,vqe_8_circuit,vqe,8,circuit,0.008984482758620717,0.012574086148982425,0.01288809523809525,0.39749999999999996,0.39749999999999996,12050.0,12050.0,5
b50_lb10_k3_eps0p0025,aggregate_only_sync,uniform,1,vqe_9_circuit,vqe,9,circuit,0.009240909090909103,0.013757113752122258,0.013866129032258081,0.38,0.38,12400.0,12400.0,5
b50_lb10_k3_eps0p0025,aggregate_only_sync,uniform,2,dj_10_circuit,dj,10,circuit,0.009949411951684705,0.01164027013835844,0.011981349206349275,0.50375,0.50375,19850.0,9925.0,10
b50_lb10_k3_eps0p0025,aggregate_only_sync,uniform,2,dj_11_circuit,dj,11,circuit,0.010162101275917096,0.011892970085470116,0.012002777777777845,0.42500000000000004,0.42500000000000004,23000.0,11500.0,10
b50_lb10_k3_eps0p0025,aggregate_only_sync,uniform,2,dj_12_circuit,dj,12,circuit,0.009653519214703438,0.011058684116030696,0.011365585774058601,0.33249999999999996,0.33249999999999996,26700.0,13350.0,10
b50_lb10_k3_eps0p0025,aggregate_only_sync,uniform,2,dj_13_circuit,dj,13,circuit,0.007520833333333404,0.009709770114942617,0.010591666666666772,0.25625,0.25625,29750.0,14875.0,10
b50_lb10_k3_eps0p0025,aggregate_only_sync,uniform,2,dj_14_circuit,dj,14,circuit,0.004532798037763713,0.008704332601007421,0.008753405315614608,0.08124999999999999,0.08124999999999999,36750.0,18375.0,10
b50_lb10_k3_eps0p0025,aggregate_only_sync,uniform,2,dj_15_circuit,dj,15,circuit,0.0,0.008448414441972644,0.009587634408602155,0.0,0.0,40000.0,20000.0,10
b50_lb10_k3_eps0p0025,aggregate_only_sync,uniform,2,dj_4_circuit,dj,4,circuit,0.004061904761904774,0.005170135135135108,0.005322972972972921,0.90125,0.90125,3950.0,1975.0,10
b50_lb10_k3_eps0p0025,aggregate_only_sync,uniform,2,dj_5_circuit,dj,5,circuit,0.004237526123301978,0.005570265151515175,0.006083333333333366,0.8600000000000001,0.8600000000000001,5600.0,2800.0,10
b50_lb10_k3_eps0p0025,aggregate_only_sync,uniform,2,dj_6_circuit,dj,6,circuit,0.006312538866299917,0.008939203652788708,0.00913552631578949,0.81,0.81,7600.0,3800.0,10
b50_lb10_k3_eps0p0025,aggregate_only_sync,uniform,2,dj_7_circuit,dj,7,circuit,0.006881627688630932,0.009092277227722774,0.009495049504950507,0.7362500000000001,0.7362500000000001,10550.0,5275.0,10
b50_lb10_k3_eps0p0025,aggregate_only_sync,uniform,2,dj_8_circuit,dj,8,circuit,0.007551353503184702,0.010342537878787889,0.010483333333333336,0.65,0.65,14000.0,7000.0,10
b50_lb10_k3_eps0p0025,aggregate_only_sync,uniform,2,dj_9_circuit,dj,9,circuit,0.009449681528662466,0.010067869897959157,0.010379081632653029,0.5800000000000001,0.5800000000000001,16800.0,8400.0,10
b50_lb10_k3_eps0p0025,aggregate_only_sync,uniform,2,qaoa_10_circuit,qaoa,10,circuit,0.0,0.0,0.0,0.0,0.0,40000.0,20000.0,10
b50_lb10_k3_eps0p0025,aggregate_only_sync,uniform,2,qaoa_11_circuit,qaoa,11,circuit,0.0,0.0,0.0,0.0,0.0,40000.0,20000.0,10
b50_lb10_k3_eps0p0025,aggregate_only_sync,uniform,2,qaoa_12_circuit,qaoa,12,circuit,0.0,0.0,0.0,0.0,0.0,40000.0,20000.0,10
b50_lb10_k3_eps0p0025,aggregate_only_sync,uniform,2,qaoa_13_circuit,qaoa,13,circuit,0.0,0.0,0.0,0.0,0.0,40000.0,20000.0,10
b50_lb10_k3_eps0p0025,aggregate_only_sync,uniform,2,qaoa_14_circuit,qaoa,14,circuit,0.0,0.0,0.0,0.0,0.0,40000.0,20000.0,10
b50_lb10_k3_eps0p0025,aggregate_only_sync,uniform,2,qaoa_15_circuit,qaoa,15,circuit,0.0,0.0,0.0,0.0,0.0,40000.0,20000.0,10
b50_lb10_k3_eps0p0025,aggregate_only_sync,uniform,2,qaoa_4_circuit,qaoa,4,circuit,0.006020340819542955,0.01008249557260921,0.010862012987012993,0.7237499999999999,0.7237499999999999,11050.0,5525.0,10
b50_lb10_k3_eps0p0025,aggregate_only_sync,uniform,2,qaoa_5_circuit,qaoa,5,circuit,0.008211419025157238,0.00990350121359223,0.010264320388349516,0.50375,0.50375,19850.0,9925.0,10
b50_lb10_k3_eps0p0025,aggregate_only_sync,uniform,2,qaoa_6_circuit,qaoa,6,circuit,0.00720606118304138,0.00925934362934363,0.009266988416988425,0.31,0.31,27600.0,13800.0,10
b50_lb10_k3_eps0p0025,aggregate_only_sync,uniform,2,qaoa_7_circuit,qaoa,7,circuit,0.0,0.0,0.0,0.0,0.0,40000.0,20000.0,10
b50_lb10_k3_eps0p0025,aggregate_only_sync,uniform,2,qaoa_8_circuit,qaoa,8,circuit,0.0,0.0,0.0,0.0,0.0,40000.0,20000.0,10
b50_lb10_k3_eps0p0025,aggregate_only_sync,uniform,2,qaoa_9_circuit,qaoa,9,circuit,0.0,0.0,0.0,0.0,0.0,40000.0,20000.0,10
b50_lb10_k3_eps0p0025,aggregate_only_sync,uniform,2,qft_10_circuit,qft,10,circuit,0.0,0.0,0.0,0.0,0.0,40000.0,20000.0,10
b50_lb10_k3_eps0p0025,aggregate_only_sync,uniform,2,qft_11_circuit,qft,11,circuit,0.0,0.0,0.0,0.0,0.0,40000.0,20000.0,10
b50_lb10_k3_eps0p0025,aggregate_only_sync,uniform,2,qft_12_circuit,qft,12,circuit,0.0,0.0,0.0,0.0,0.0,40000.0,20000.0,10
b50_lb10_k3_eps0p0025,aggregate_only_sync,uniform,2,qft_13_circuit,qft,13,circuit,0.0,0.0,0.0,0.0,0.0,40000.0,20000.0,10
b50_lb10_k3_eps0p0025,aggregate_only_sync,uniform,2,qft_14_circuit,qft,14,circuit,0.0,0.0,0.0,0.0,0.0,40000.0,20000.0,10
b50_lb10_k3_eps0p0025,aggregate_only_sync,uniform,2,qft_15_circuit,qft,15,circuit,0.0,0.0,0.0,0.0,0.0,40000.0,20000.0,10
b50_lb10_k3_eps0p0025,aggregate_only_sync,uniform,2,qft_4_circuit,qft,4,circuit,0.009911445783132538,0.012150198412698416,0.012335714285714287,0.58125,0.58125,16750.0,8375.0,10
b50_lb10_k3_eps0p0025,aggregate_only_sync,uniform,2,qft_5_circuit,qft,5,circuit,0.008911538461538464,0.009517024616079495,0.009518495934959351,0.38,0.38,24800.0,12400.0,10
b50_lb10_k3_eps0p0025,aggregate_only_sync,uniform,2,qft_6_circuit,qft,6,circuit,0.004368842879918009,0.007481154359844421,0.007681797583081566,0.0625,0.0625,37500.0,18750.0,10
b50_lb10_k3_eps0p0025,aggregate_only_sync,uniform,2,qft_7_circuit,qft,7,circuit,0.0,0.0,0.0,0.0,0.0,40000.0,20000.0,10
b50_lb10_k3_eps0p0025,aggregate_only_sync,uniform,2,qft_8_circuit,qft,8,circuit,0.0,0.0,0.0,0.0,0.0,40000.0,20000.0,10
b50_lb10_k3_eps0p0025,aggregate_only_sync,uniform,2,qft_9_circuit,qft,9,circuit,0.0,0.0,0.0,0.0,0.0,40000.0,20000.0,10
b50_lb10_k3_eps0p0025,aggregate_only_sync,uniform,2,qnn_10_circuit,qnn,10,circuit,0.0,0.0,0.0,0.0,0.0,40000.0,20000.0,10
b50_lb10_k3_eps0p0025,aggregate_only_sync,uniform,2,qnn_11_circuit,qnn,11,circuit,0.0,0.0,0.0,0.0,0.0,40000.0,20000.0,10
b50_lb10_k3_eps0p0025,aggregate_only_sync,uniform,2,qnn_12_circuit,qnn,12,circuit,0.0,0.0,0.0,0.0,0.0,40000.0,20000.0,10
b50_lb10_k3_eps0p0025,aggregate_only_sync,uniform,2,qnn_13_circuit,qnn,13,circuit,0.0,0.0,0.0,0.0,0.0,40000.0,20000.0,10
b50_lb10_k3_eps0p0025,aggregate_only_sync,uniform,2,qnn_14_circuit,qnn,14,circuit,0.0,0.0,0.0,0.0,0.0,40000.0,20000.0,10
b50_lb10_k3_eps0p0025,aggregate_only_sync,uniform,2,qnn_15_circuit,qnn,15,circuit,0.0,0.0,0.0,0.0,0.0,40000.0,20000.0,10
b50_lb10_k3_eps0p0025,aggregate_only_sync,uniform,2,qnn_4_circuit,qnn,4,circuit,0.010578813694606438,0.012862394668158078,0.013231879194630864,0.63,0.63,14800.0,7400.0,10
b50_lb10_k3_eps0p0025,aggregate_only_sync,uniform,2,qnn_5_circuit,qnn,5,circuit,0.008211672979557657,0.011269451219512184,0.012185365853658536,0.39749999999999996,0.39749999999999996,24100.0,12050.0,10
b50_lb10_k3_eps0p0025,aggregate_only_sync,uniform,2,qnn_6_circuit,qnn,6,circuit,0.006510472972972979,0.007494554655870453,0.0075489510489510445,0.16125,0.16125,33550.0,16775.0,10
b50_lb10_k3_eps0p0025,aggregate_only_sync,uniform,2,qnn_7_circuit,qnn,7,circuit,0.0,0.0,0.0,0.0,0.0,40000.0,20000.0,10
b50_lb10_k3_eps0p0025,aggregate_only_sync,uniform,2,qnn_8_circuit,qnn,8,circuit,0.0,0.0,0.0,0.0,0.0,40000.0,20000.0,10
b50_lb10_k3_eps0p0025,aggregate_only_sync,uniform,2,qnn_9_circuit,qnn,9,circuit,0.0,0.0,0.0,0.0,0.0,40000.0,20000.0,10
b50_lb10_k3_eps0p0025,aggregate_only_sync,uniform,2,random_10_circuit,random,10,circuit,0.0,0.0,0.0,0.0,0.0,40000.0,20000.0,10
b50_lb10_k3_eps0p0025,aggregate_only_sync,uniform,2,random_11_circuit,random,11,circuit,0.0,0.0,0.0,0.0,0.0,40000.0,20000.0,10
b50_lb10_k3_eps0p0025,aggregate_only_sync,uniform,2,random_12_circuit,random,12,circuit,0.0,0.0,0.0,0.0,0.0,40000.0,20000.0,10
b50_lb10_k3_eps0p0025,aggregate_only_sync,uniform,2,random_13_circuit,random,13,circuit,0.0,0.0,0.0,0.0,0.0,40000.0,20000.0,10
b50_lb10_k3_eps0p0025,aggregate_only_sync,uniform,2,random_14_circuit,random,14,circuit,0.0,0.0,0.0,0.0,0.0,40000.0,20000.0,10
b50_lb10_k3_eps0p0025,aggregate_only_sync,uniform,2,random_15_circuit,random,15,circuit,0.0,0.0,0.0,0.0,0.0,40000.0,20000.0,10
b50_lb10_k3_eps0p0025,aggregate_only_sync,uniform,2,random_4_circuit,random,4,circuit,0.00842203588269495,0.009597628933566447,0.009868750000000011,0.6775,0.6775,12900.0,6450.0,10
b50_lb10_k3_eps0p0025,aggregate_only_sync,uniform,2,random_5_circuit,random,5,circuit,0.007230095920542426,0.009342429435483857,0.01028225806451611,0.48875,0.48875,20450.0,10225.0,10
b50_lb10_k3_eps0p0025,aggregate_only_sync,uniform,2,random_6_circuit,random,6,circuit,0.0058571757230499455,0.007587066969739436,0.007587876254180589,0.12,0.12,35200.0,17600.0,10
b50_lb10_k3_eps0p0025,aggregate_only_sync,uniform,2,random_7_circuit,random,7,circuit,0.0,0.0,0.0,0.0,0.0,40000.0,20000.0,10
b50_lb10_k3_eps0p0025,aggregate_only_sync,uniform,2,random_8_circuit,random,8,circuit,0.0,0.0,0.0,0.0,0.0,40000.0,20000.0,10
b50_lb10_k3_eps0p0025,aggregate_only_sync,uniform,2,random_9_circuit,random,9,circuit,0.0,0.0,0.0,0.0,0.0,40000.0,20000.0,10
b50_lb10_k3_eps0p0025,aggregate_only_sync,uniform,2,vqe_10_circuit,vqe,10,circuit,0.009068235930735961,0.014935204248366073,0.014992483660130812,0.3975,0.3975,24100.0,12050.0,10
b50_lb10_k3_eps0p0025,aggregate_only_sync,uniform,2,vqe_11_circuit,vqe,11,circuit,0.009177733214497918,0.01264434694691281,0.013259523809523886,0.40375,0.40375,23850.0,11925.0,10
b50_lb10_k3_eps0p0025,aggregate_only_sync,uniform,2,vqe_12_circuit,vqe,12,circuit,0.008384902597402604,0.009184875713478698,0.009194483568075182,0.26375000000000004,0.26375000000000004,29450.0,14725.0,10
b50_lb10_k3_eps0p0025,aggregate_only_sync,uniform,2,vqe_13_circuit,vqe,13,circuit,0.0024384485094851136,0.009661666666666697,0.010032575757575728,0.03875000000000001,0.03875000000000001,38450.0,19225.0,10
b50_lb10_k3_eps0p0025,aggregate_only_sync,uniform,2,vqe_14_circuit,vqe,14,circuit,0.0,0.0010563071065989907,0.001920558375634532,0.0,0.0,40000.0,20000.0,10
b50_lb10_k3_eps0p0025,aggregate_only_sync,uniform,2,vqe_15_circuit,vqe,15,circuit,0.0,0.0,0.0,0.0,0.0,40000.0,20000.0,10
b50_lb10_k3_eps0p0025,aggregate_only_sync,uniform,2,vqe_4_circuit,vqe,4,circuit,0.003930952380952405,0.004542152025982089,0.004623584905660361,0.895,0.895,4200.0,2100.0,10
b50_lb10_k3_eps0p0025,aggregate_only_sync,uniform,2,vqe_5_circuit,vqe,5,circuit,0.0059783185840707725,0.009136944444444461,0.009369444444444463,0.7737499999999999,0.7737499999999999,9050.0,4525.0,10
b50_lb10_k3_eps0p0025,aggregate_only_sync,uniform,2,vqe_6_circuit,vqe,6,circuit,0.005353230337078654,0.007938804945054941,0.008157792207792183,0.795,0.795,8200.0,4100.0,10
b50_lb10_k3_eps0p0025,aggregate_only_sync,uniform,2,vqe_7_circuit,vqe,7,circuit,0.006514589007517184,0.010323155737704967,0.01077500000000003,0.6699999999999999,0.6699999999999999,13200.0,6600.0,10
b50_lb10_k3_eps0p0025,aggregate_only_sync,uniform,2,vqe_8_circuit,vqe,8,circuit,0.009061470484270081,0.011392721893491144,0.01179585798816571,0.52125,0.52125,19150.0,9575.0,10
b50_lb10_k3_eps0p0025,aggregate_only_sync,uniform,2,vqe_9_circuit,vqe,9,circuit,0.009971089602221692,0.01089531390266949,0.0110607843137255,0.575,0.575,17000.0,8500.0,10
b50_lb10_k3_eps0p0025,aggregate_only_sync,uniform,3,dj_10_circuit,dj,10,circuit,0.009234359359359467,0.010824886941775113,0.010852459016393524,0.5599999999999999,0.5599999999999999,26400.0,8800.0,10
b50_lb10_k3_eps0p0025,aggregate_only_sync,uniform,3,dj_11_circuit,dj,11,circuit,0.009976195743784303,0.010781250553515163,0.010862935323383092,0.48750000000000004,0.48750000000000004,30750.0,10250.0,10
b50_lb10_k3_eps0p0025,aggregate_only_sync,uniform,3,dj_12_circuit,dj,12,circuit,0.01015348324514986,0.011264075829384016,0.01193181818181833,0.36875,0.36875,37875.0,12625.0,10
b50_lb10_k3_eps0p0025,aggregate_only_sync,uniform,3,dj_13_circuit,dj,13,circuit,0.008041986271017815,0.009912016806722757,0.0101500000000001,0.31124999999999997,0.31124999999999997,41325.0,13775.0,10
b50_lb10_k3_eps0p0025,aggregate_only_sync,uniform,3,dj_14_circuit,dj,14,circuit,0.00787154091914483,0.008632599784250287,0.008877454153182328,0.23375,0.23375,45975.0,15325.0,10
b50_lb10_k3_eps0p0025,aggregate_only_sync,uniform,3,dj_15_circuit,dj,15,circuit,0.00490856374979525,0.008321886102403362,0.008581870428422178,0.08374999999999999,0.08374999999999999,54975.0,18325.0,10
b50_lb10_k3_eps0p0025,aggregate_only_sync,uniform,3,dj_4_circuit,dj,4,circuit,0.003707352941176496,0.006171388888888859,0.006615151515151498,0.915,0.915,5100.0,1700.0,10
b50_lb10_k3_eps0p0025,aggregate_only_sync,uniform,3,dj_5_circuit,dj,5,circuit,0.003851515151515152,0.00501571428571427,0.005028571428571393,0.8825000000000001,0.8825000000000001,7050.0,2350.0,10
b50_lb10_k3_eps0p0025,aggregate_only_sync,uniform,3,dj_6_circuit,dj,6,circuit,0.005453439803439848,0.006523306878306857,0.00653783068783067,0.83375,0.83375,9975.0,3325.0,10
b50_lb10_k3_eps0p0025,aggregate_only_sync,uniform,3,dj_7_circuit,dj,7,circuit,0.00640983642793988,0.009033979160374557,0.009120930232558158,0.7725,0.7725,13650.0,4550.0,10
b50_lb10_k3_eps0p0025,aggregate_only_sync,uniform,3,dj_8_circuit,dj,8,circuit,0.007599628658802985,0.009289399656946863,0.009456198347107498,0.73125,0.73125,16125.0,5375.0,10
b50_lb10_k3_eps0p0025,aggregate_only_sync,uniform,3,dj_9_circuit,dj,9,circuit,0.008483169075115397,0.009884633489919716,0.009955128205128134,0.65625,0.65625,20625.0,6875.0,10
b50_lb10_k3_eps0p0025,aggregate_only_sync,uniform,3,qaoa_10_circuit,qaoa,10,circuit,0.0,0.0,0.0,0.0,0.0,60000.0,20000.0,10
b50_lb10_k3_eps0p0025,aggregate_only_sync,uniform,3,qaoa_11_circuit,qaoa,11,circuit,0.0,0.0,0.0,0.0,0.0,60000.0,20000.0,10
b50_lb10_k3_eps0p0025,aggregate_only_sync,uniform,3,qaoa_12_circuit,qaoa,12,circuit,0.0,0.0,0.0,0.0,0.0,60000.0,20000.0,10
b50_lb10_k3_eps0p0025,aggregate_only_sync,uniform,3,qaoa_13_circuit,qaoa,13,circuit,0.0,0.0,0.0,0.0,0.0,60000.0,20000.0,10
b50_lb10_k3_eps0p0025,aggregate_only_sync,uniform,3,qaoa_14_circuit,qaoa,14,circuit,0.0,0.0,0.0,0.0,0.0,60000.0,20000.0,10
b50_lb10_k3_eps0p0025,aggregate_only_sync,uniform,3,qaoa_15_circuit,qaoa,15,circuit,0.0,0.0,0.0,0.0,0.0,60000.0,20000.0,10
b50_lb10_k3_eps0p0025,aggregate_only_sync,uniform,3,qaoa_4_circuit,qaoa,4,circuit,0.006760023025870252,0.009829906635652886,0.011012935323383072,0.75,0.75,15000.0,5000.0,10
b50_lb10_k3_eps0p0025,aggregate_only_sync,uniform,3,qaoa_5_circuit,qaoa,5,circuit,0.008678117674636656,0.010488044217687072,0.010514625850340133,0.62875,0.62875,22275.0,7425.0,10
b50_lb10_k3_eps0p0025,aggregate_only_sync,uniform,3,qaoa_6_circuit,qaoa,6,circuit,0.007509890016362997,0.008058339243498835,0.00817222222222223,0.40125,0.40125,35925.0,11975.0,10
b50_lb10_k3_eps0p0025,aggregate_only_sync,uniform,3,qaoa_7_circuit,qaoa,7,circuit,0.004473797995999923,0.006986817269076289,0.0072666666666666435,0.08249999999999996,0.08249999999999996,55050.0,18350.0,10
b50_lb10_k3_eps0p0025,aggregate_only_sync,uniform,3,qaoa_8_circuit,qaoa,8,circuit,0.0,0.0021195074758135393,0.0038536499560246243,0.0,0.0,60000.0,20000.0,10
b50_lb10_k3_eps0p0025,aggregate_only_sync,uniform,3,qaoa_9_circuit,qaoa,9,circuit,0.0,0.0,0.0,0.0,0.0,60000.0,20000.0,10
b50_lb10_k3_eps0p0025,aggregate_only_sync,uniform,3,qft_10_circuit,qft,10,circuit,0.0,0.0,0.0,0.0,0.0,60000.0,20000.0,10
b50_lb10_k3_eps0p0025,aggregate_only_sync,uniform,3,qft_11_circuit,qft,11,circuit,0.0,0.0,0.0,0.0,0.0,60000.0,20000.0,10
b50_lb10_k3_eps0p0025,aggregate_only_sync,uniform,3,qft_12_circuit,qft,12,circuit,0.0,0.0,0.0,0.0,0.0,60000.0,20000.0,10
b50_lb10_k3_eps0p0025,aggregate_only_sync,uniform,3,qft_13_circuit,qft,13,circuit,0.0,0.0,0.0,0.0,0.0,60000.0,20000.0,10
b50_lb10_k3_eps0p0025,aggregate_only_sync,uniform,3,qft_14_circuit,qft,14,circuit,0.0,0.0,0.0,0.0,0.0,60000.0,20000.0,10
b50_lb10_k3_eps0p0025,aggregate_only_sync,uniform,3,qft_15_circuit,qft,15,circuit,0.0,0.0,0.0,0.0,0.0,60000.0,20000.0,10
b50_lb10_k3_eps0p0025,aggregate_only_sync,uniform,3,qft_4_circuit,qft,4,circuit,0.009578508771929835,0.012111360044065525,0.012518493150684928,0.6375,0.6375,21750.0,7250.0,10
b50_lb10_k3_eps0p0025,aggregate_only_sync,uniform,3,qft_5_circuit,qft,5,circuit,0.009125240823783428,0.011289319645732682,0.011434006734006729,0.44499999999999995,0.44499999999999995,33300.0,11100.0,10
b50_lb10_k3_eps0p0025,aggregate_only_sync,uniform,3,qft_6_circuit,qft,6,circuit,0.00696462542087542,0.00936795035740049,0.009913725490196082,0.22499999999999998,0.22499999999999998,46500.0,15500.0,10
b50_lb10_k3_eps0p0025,aggregate_only_sync,uniform,3,qft_7_circuit,qft,7,circuit,0.0,0.0,0.0,0.0,0.0,60000.0,20000.0,10
b50_lb10_k3_eps0p0025,aggregate_only_sync,uniform,3,qft_8_circuit,qft,8,circuit,0.0,0.0,0.0,0.0,0.0,60000.0,20000.0,10
b50_lb10_k3_eps0p0025,aggregate_only_sync,uniform,3,qft_9_circuit,qft,9,circuit,0.0,0.0,0.0,0.0,0.0,60000.0,20000.0,10
b50_lb10_k3_eps0p0025,aggregate_only_sync,uniform,3,qnn_10_circuit,qnn,10,circuit,0.0,0.0,0.0,0.0,0.0,60000.0,20000.0,10
b50_lb10_k3_eps0p0025,aggregate_only_sync,uniform,3,qnn_11_circuit,qnn,11,circuit,0.0,0.0,0.0,0.0,0.0,60000.0,20000.0,10
b50_lb10_k3_eps0p0025,aggregate_only_sync,uniform,3,qnn_12_circuit,qnn,12,circuit,0.0,0.0,0.0,0.0,0.0,60000.0,20000.0,10
b50_lb10_k3_eps0p0025,aggregate_only_sync,uniform,3,qnn_13_circuit,qnn,13,circuit,0.0,0.0,0.0,0.0,0.0,60000.0,20000.0,10
b50_lb10_k3_eps0p0025,aggregate_only_sync,uniform,3,qnn_14_circuit,qnn,14,circuit,0.0,0.0,0.0,0.0,0.0,60000.0,20000.0,10
b50_lb10_k3_eps0p0025,aggregate_only_sync,uniform,3,qnn_15_circuit,qnn,15,circuit,0.0,0.0,0.0,0.0,0.0,60000.0,20000.0,10
b50_lb10_k3_eps0p0025,aggregate_only_sync,uniform,3,qnn_4_circuit,qnn,4,circuit,0.010411645095994602,0.011775476556276287,0.011901650165016469,0.7037500000000001,0.7037500000000001,17775.0,5925.0,10
b50_lb10_k3_eps0p0025,aggregate_only_sync,uniform,3,qnn_5_circuit,qnn,5,circuit,0.00757910454337175,0.009266612505602862,0.009408695652173902,0.51,0.51,29400.0,9800.0,10
b50_lb10_k3_eps0p0025,aggregate_only_sync,uniform,3,qnn_6_circuit,qnn,6,circuit,0.007960093253205357,0.00884003512146782,0.008920492866407271,0.3325,0.3325,40050.0,13350.0,10
b50_lb10_k3_eps0p0025,aggregate_only_sync,uniform,3,qnn_7_circuit,qnn,7,circuit,0.0,0.0,0.0,0.0,0.0,60000.0,20000.0,10
b50_lb10_k3_eps0p0025,aggregate_only_sync,uniform,3,qnn_8_circuit,qnn,8,circuit,0.0,0.0,0.0,0.0,0.0,60000.0,20000.0,10
b50_lb10_k3_eps0p0025,aggregate_only_sync,uniform,3,qnn_9_circuit,qnn,9,circuit,0.0,0.0,0.0,0.0,0.0,60000.0,20000.0,10
b50_lb10_k3_eps0p0025,aggregate_only_sync,uniform,3,random_10_circuit,random,10,circuit,0.0,0.0,0.0,0.0,0.0,60000.0,20000.0,10
b50_lb10_k3_eps0p0025,aggregate_only_sync,uniform,3,random_11_circuit,random,11,circuit,0.0,0.0,0.0,0.0,0.0,60000.0,20000.0,10
b50_lb10_k3_eps0p0025,aggregate_only_sync,uniform,3,random_12_circuit,random,12,circuit,0.0,0.0,0.0,0.0,0.0,60000.0,20000.0,10
b50_lb10_k3_eps0p0025,aggregate_only_sync,uniform,3,random_13_circuit,random,13,circuit,0.0,0.0,0.0,0.0,0.0,60000.0,20000.0,10
b50_lb10_k3_eps0p0025,aggregate_only_sync,uniform,3,random_14_circuit,random,14,circuit,0.0,0.0,0.0,0.0,0.0,60000.0,20000.0,10
b50_lb10_k3_eps0p0025,aggregate_only_sync,uniform,3,random_15_circuit,random,15,circuit,0.0,0.0,0.0,0.0,0.0,60000.0,20000.0,10
b50_lb10_k3_eps0p0025,aggregate_only_sync,uniform,3,random_4_circuit,random,4,circuit,0.006133327457547414,0.008469583333333358,0.00902083333333335,0.6937500000000001,0.6937500000000001,18375.0,6125.0,10
b50_lb10_k3_eps0p0025,aggregate_only_sync,uniform,3,random_5_circuit,random,5,circuit,0.008607769423558896,0.011499885496183177,0.012522519083969449,0.5825,0.5825,25050.0,8350.0,10
b50_lb10_k3_eps0p0025,aggregate_only_sync,uniform,3,random_6_circuit,random,6,circuit,0.007767683702008648,0.009457977453580898,0.009987931034482748,0.31125,0.31125,41325.0,13775.0,10
b50_lb10_k3_eps0p0025,aggregate_only_sync,uniform,3,random_7_circuit,random,7,circuit,0.0,0.0030275977347460708,0.0035168831168831136,0.0,0.0,60000.0,20000.0,10
b50_lb10_k3_eps0p0025,aggregate_only_sync,uniform,3,random_8_circuit,random,8,circuit,0.0,0.0,0.0,0.0,0.0,60000.0,20000.0,10
b50_lb10_k3_eps0p0025,aggregate_only_sync,uniform,3,random_9_circuit,random,9,circuit,0.0,0.0,0.0,0.0,0.0,60000.0,20000.0,10
b50_lb10_k3_eps0p0025,aggregate_only_sync,uniform,3,vqe_10_circuit,vqe,10,circuit,0.010783897467811446,0.012221292548914551,0.01267073170731713,0.48500000000000004,0.48500000000000004,30900.0,10300.0,10
b50_lb10_k3_eps0p0025,aggregate_only_sync,uniform,3,vqe_11_circuit,vqe,11,circuit,0.009691029389713599,0.011738313492063555,0.012113888888888955,0.43000000000000005,0.43000000000000005,34200.0,11400.0,10
b50_lb10_k3_eps0p0025,aggregate_only_sync,uniform,3,vqe_12_circuit,vqe,12,circuit,0.00915632022841508,0.010838620972309235,0.010948742138364815,0.39749999999999996,0.39749999999999996,36150.0,12050.0,10
b50_lb10_k3_eps0p0025,aggregate_only_sync,uniform,3,vqe_13_circuit,vqe,13,circuit,0.0061828042293664886,0.009319858803986772,0.009792857142857244,0.15000000000000002,0.15000000000000002,51000.0,17000.0,10
b50_lb10_k3_eps0p0025,aggregate_only_sync,uniform,3,vqe_14_circuit,vqe,14,circuit,0.0,0.0014652564102563817,0.002664102564102517,0.0,0.0,60000.0,20000.0,10
b50_lb10_k3_eps0p0025,aggregate_only_sync,uniform,3,vqe_15_circuit,vqe,15,circuit,0.0,0.0011438273960983655,0.002079686174724305,0.0,0.0,60000.0,20000.0,10
b50_lb10_k3_eps0p0025,aggregate_only_sync,uniform,3,vqe_4_circuit,vqe,4,circuit,0.0030749999999999927,0.0036146031746031406,0.00366746031746027,0.9,0.9,6000.0,2000.0,10
b50_lb10_k3_eps0p0025,aggregate_only_sync,uniform,3,vqe_5_circuit,vqe,5,circuit,0.005516249718278118,0.009564178590355082,0.010807843137254936,0.8099999999999999,0.8099999999999999,11400.0,3800.0,10
b50_lb10_k3_eps0p0025,aggregate_only_sync,uniform,3,vqe_6_circuit,vqe,6,circuit,0.005370352564102557,0.0076524392239364185,0.008309420289855077,0.8375,0.8375,9750.0,3250.0,10
b50_lb10_k3_eps0p0025,aggregate_only_sync,uniform,3,vqe_7_circuit,vqe,7,circuit,0.006134624314056552,0.00855341807909609,0.008806060606060623,0.7150000000000001,0.7150000000000001,17100.0,5700.0,10
b50_lb10_k3_eps0p0025,aggregate_only_sync,uniform,3,vqe_8_circuit,vqe,8,circuit,0.007286866300600167,0.009858859721082858,0.010073913043478282,0.6012500000000001,0.6012500000000001,23925.0,7975.0,10
b50_lb10_k3_eps0p0025,aggregate_only_sync,uniform,3,vqe_9_circuit,vqe,9,circuit,0.008746958596958673,0.010580537900984174,0.01065348583877995,0.615,0.615,23100.0,7700.0,10
b50_lb10_k3_eps0p0025,aggregate_only_sync,uniform,4,dj_10_circuit,dj,10,circuit,0.009154020979021026,0.009442617554858973,0.009459090909090953,0.6375,0.6375,29000.0,7250.0,5
b50_lb10_k3_eps0p0025,aggregate_only_sync,uniform,4,dj_11_circuit,dj,11,circuit,0.009577631578947365,0.010665726157191613,0.010905890804597619,0.5375,0.5375,37000.0,9250.0,5
b50_lb10_k3_eps0p0025,aggregate_only_sync,uniform,4,dj_12_circuit,dj,12,circuit,0.010372983870967715,0.010990583190394468,0.011007547169811274,0.46499999999999997,0.46499999999999997,42800.0,10700.0,5
b50_lb10_k3_eps0p0025,aggregate_only_sync,uniform,4,dj_13_circuit,dj,13,circuit,0.010027717391304192,0.01100937763713058,0.011215506329113674,0.42500000000000004,0.42500000000000004,46000.0,11500.0,5
b50_lb10_k3_eps0p0025,aggregate_only_sync,uniform,4,dj_14_circuit,dj,14,circuit,0.007548578595317807,0.008580459349080001,0.008621886446886424,0.255,0.255,59600.0,14900.0,5
b50_lb10_k3_eps0p0025,aggregate_only_sync,uniform,4,dj_15_circuit,dj,15,circuit,0.00672574626865658,0.008730828603630753,0.009149149659863949,0.15500000000000003,0.15500000000000003,67600.0,16900.0,5
b50_lb10_k3_eps0p0025,aggregate_only_sync,uniform,4,dj_4_circuit,dj,4,circuit,0.004502777777777778,0.005115534759358255,0.0051852272727272355,0.915,0.915,6800.0,1700.0,5
b50_lb10_k3_eps0p0025,aggregate_only_sync,uniform,4,dj_5_circuit,dj,5,circuit,0.003351219512195147,0.0036720296167247267,0.0036928571428571496,0.8975,0.8975,8200.0,2050.0,5
b50_lb10_k3_eps0p0025,aggregate_only_sync,uniform,4,dj_6_circuit,dj,6,circuit,0.004599999999999944,0.005708583743842351,0.005889285714285694,0.855,0.855,11600.0,2900.0,5
b50_lb10_k3_eps0p0025,aggregate_only_sync,uniform,4,dj_7_circuit,dj,7,circuit,0.006224999999999921,0.008128423423423419,0.008283333333333311,0.8125,0.8125,15000.0,3750.0,5
b50_lb10_k3_eps0p0025,aggregate_only_sync,uniform,4,dj_8_circuit,dj,8,circuit,0.006811697247706427,0.007043839563862965,0.007068341121495373,0.7324999999999999,0.7324999999999999,21400.0,5350.0,5
b50_lb10_k3_eps0p0025,aggregate_only_sync,uniform,4,dj_9_circuit,dj,9,circuit,0.00842222222222228,0.008913307833537306,0.009023684210526284,0.7150000000000001,0.7150000000000001,22800.0,5700.0,5
b50_lb10_k3_eps0p0025,aggregate_only_sync,uniform,4,qaoa_10_circuit,qaoa,10,circuit,0.0,0.0,0.0,0.0,0.0,80000.0,20000.0,5
b50_lb10_k3_eps0p0025,aggregate_only_sync,uniform,4,qaoa_11_circuit,qaoa,11,circuit,0.0,0.0,0.0,0.0,0.0,80000.0,20000.0,5
b50_lb10_k3_eps0p0025,aggregate_only_sync,uniform,4,qaoa_12_circuit,qaoa,12,circuit,0.0,0.0,0.0,0.0,0.0,80000.0,20000.0,5
b50_lb10_k3_eps0p0025,aggregate_only_sync,uniform,4,qaoa_13_circuit,qaoa,13,circuit,0.0,0.0,0.0,0.0,0.0,80000.0,20000.0,5
b50_lb10_k3_eps0p0025,aggregate_only_sync,uniform,4,qaoa_14_circuit,qaoa,14,circuit,0.0,0.0,0.0,0.0,0.0,80000.0,20000.0,5
b50_lb10_k3_eps0p0025,aggregate_only_sync,uniform,4,qaoa_15_circuit,qaoa,15,circuit,0.0,0.0,0.0,0.0,0.0,80000.0,20000.0,5
b50_lb10_k3_eps0p0025,aggregate_only_sync,uniform,4,qaoa_4_circuit,qaoa,4,circuit,0.007948214285714333,0.010117606788710938,0.010376449275362347,0.81,0.81,15200.0,3800.0,5
b50_lb10_k3_eps0p0025,aggregate_only_sync,uniform,4,qaoa_5_circuit,qaoa,5,circuit,0.008869444444444445,0.01036498269297336,0.01060231481481483,0.64,0.64,28800.0,7200.0,5
b50_lb10_k3_eps0p0025,aggregate_only_sync,uniform,4,qaoa_6_circuit,qaoa,6,circuit,0.006905963302752285,0.008170926607756514,0.008315592783505162,0.45499999999999996,0.45499999999999996,43600.0,10900.0,5
b50_lb10_k3_eps0p0025,aggregate_only_sync,uniform,4,qaoa_7_circuit,qaoa,7,circuit,0.006045454545454536,0.008138309859154931,0.0082,0.17500000000000004,0.17500000000000004,66000.0,16500.0,5
b50_lb10_k3_eps0p0025,aggregate_only_sync,uniform,4,qaoa_8_circuit,qaoa,8,circuit,0.003862335092348281,0.004679410468319556,0.004759263085399452,0.0625,0.0625,75000.0,18750.0,5
b50_lb10_k3_eps0p0025,aggregate_only_sync,uniform,4,qaoa_9_circuit,qaoa,9,circuit,0.0,0.0,0.0,0.0,0.0,80000.0,20000.0,5
b50_lb10_k3_eps0p0025,aggregate_only_sync,uniform,4,qft_10_circuit,qft,10,circuit,0.0,0.0,0.0,0.0,0.0,80000.0,20000.0,5
b50_lb10_k3_eps0p0025,aggregate_only_sync,uniform,4,qft_11_circuit,qft,11,circuit,0.0,0.0,0.0,0.0,0.0,80000.0,20000.0,5
b50_lb10_k3_eps0p0025,aggregate_only_sync,uniform,4,qft_12_circuit,qft,12,circuit,0.0,0.0,0.0,0.0,0.0,80000.0,20000.0,5
b50_lb10_k3_eps0p0025,aggregate_only_sync,uniform,4,qft_13_circuit,qft,13,circuit,0.0,0.0,0.0,0.0,0.0,80000.0,20000.0,5
b50_lb10_k3_eps0p0025,aggregate_only_sync,uniform,4,qft_14_circuit,qft,14,circuit,0.0,0.0,0.0,0.0,0.0,80000.0,20000.0,5
b50_lb10_k3_eps0p0025,aggregate_only_sync,uniform,4,qft_15_circuit,qft,15,circuit,0.0,0.0,0.0,0.0,0.0,80000.0,20000.0,5
b50_lb10_k3_eps0p0025,aggregate_only_sync,uniform,4,qft_4_circuit,qft,4,circuit,0.009218075539568375,0.01119335664335666,0.011462500000000025,0.6599999999999999,0.6599999999999999,27200.0,6800.0,5
b50_lb10_k3_eps0p0025,aggregate_only_sync,uniform,4,qft_5_circuit,qft,5,circuit,0.008266295811518337,0.009550796357855197,0.009661824324324345,0.5275000000000001,0.5275000000000001,37800.0,9450.0,5
b50_lb10_k3_eps0p0025,aggregate_only_sync,uniform,4,qft_6_circuit,qft,6,circuit,0.008495802919708032,0.008713758777364735,0.008748611111111124,0.32499999999999996,0.32499999999999996,54000.0,13500.0,5
b50_lb10_k3_eps0p0025,aggregate_only_sync,uniform,4,qft_7_circuit,qft,7,circuit,0.0008394423558897219,0.0008863032581453614,0.0008885338345864628,0.0024999999999999467,0.0024999999999999467,79800.0,19950.0,5
b50_lb10_k3_eps0p0025,aggregate_only_sync,uniform,4,qft_8_circuit,qft,8,circuit,0.0,0.0,0.0,0.0,0.0,80000.0,20000.0,5
b50_lb10_k3_eps0p0025,aggregate_only_sync,uniform,4,qft_9_circuit,qft,9,circuit,0.0,0.0,0.0,0.0,0.0,80000.0,20000.0,5
b50_lb10_k3_eps0p0025,aggregate_only_sync,uniform,4,qnn_10_circuit,qnn,10,circuit,0.0,0.0,0.0,0.0,0.0,80000.0,20000.0,5
b50_lb10_k3_eps0p0025,aggregate_only_sync,uniform,4,qnn_11_circuit,qnn,11,circuit,0.0,0.0,0.0,0.0,0.0,80000.0,20000.0,5
b50_lb10_k3_eps0p0025,aggregate_only_sync,uniform,4,qnn_12_circuit,qnn,12,circuit,0.0,0.0,0.0,0.0,0.0,80000.0,20000.0,5
b50_lb10_k3_eps0p0025,aggregate_only_sync,uniform,4,qnn_13_circuit,qnn,13,circuit,0.0,0.0,0.0,0.0,0.0,80000.0,20000.0,5
b50_lb10_k3_eps0p0025,aggregate_only_sync,uniform,4,qnn_14_circuit,qnn,14,circuit,0.0,0.0,0.0,0.0,0.0,80000.0,20000.0,5
b50_lb10_k3_eps0p0025,aggregate_only_sync,uniform,4,qnn_15_circuit,qnn,15,circuit,0.0,0.0,0.0,0.0,0.0,80000.0,20000.0,5
b50_lb10_k3_eps0p0025,aggregate_only_sync,uniform,4,qnn_4_circuit,qnn,4,circuit,0.009155808080808077,0.010398062089242465,0.010468432203389819,0.7525,0.7525,19800.0,4950.0,5
b50_lb10_k3_eps0p0025,aggregate_only_sync,uniform,4,qnn_5_circuit,qnn,5,circuit,0.007350777202072531,0.009244683544303793,0.009456249999999998,0.525,0.525,38000.0,9500.0,5
b50_lb10_k3_eps0p0025,aggregate_only_sync,uniform,4,qnn_6_circuit,qnn,6,circuit,0.008093604651162772,0.00847432374388172,0.00856329787234041,0.4325,0.4325,45400.0,11350.0,5
b50_lb10_k3_eps0p0025,aggregate_only_sync,uniform,4,qnn_7_circuit,qnn,7,circuit,0.0035471965699208343,0.003918763440860214,0.003952553763440858,0.05249999999999999,0.05249999999999999,75800.0,18950.0,5
b50_lb10_k3_eps0p0025,aggregate_only_sync,uniform,4,qnn_8_circuit,qnn,8,circuit,0.0,0.0,0.0,0.0,0.0,80000.0,20000.0,5
b50_lb10_k3_eps0p0025,aggregate_only_sync,uniform,4,qnn_9_circuit,qnn,9,circuit,0.0,0.0,0.0,0.0,0.0,80000.0,20000.0,5
b50_lb10_k3_eps0p0025,aggregate_only_sync,uniform,4,random_10_circuit,random,10,circuit,0.0,0.0,0.0,0.0,0.0,80000.0,20000.0,5
b50_lb10_k3_eps0p0025,aggregate_only_sync,uniform,4,random_11_circuit,random,11,circuit,0.0,0.0,0.0,0.0,0.0,80000.0,20000.0,5
b50_lb10_k3_eps0p0025,aggregate_only_sync,uniform,4,random_12_circuit,random,12,circuit,0.0,0.0,0.0,0.0,0.0,80000.0,20000.0,5
b50_lb10_k3_eps0p0025,aggregate_only_sync,uniform,4,random_13_circuit,random,13,circuit,0.0,0.0,0.0,0.0,0.0,80000.0,20000.0,5
b50_lb10_k3_eps0p0025,aggregate_only_sync,uniform,4,random_14_circuit,random,14,circuit,0.0,0.0,0.0,0.0,0.0,80000.0,20000.0,5
b50_lb10_k3_eps0p0025,aggregate_only_sync,uniform,4,random_15_circuit,random,15,circuit,0.0,0.0,0.0,0.0,0.0,80000.0,20000.0,5
b50_lb10_k3_eps0p0025,aggregate_only_sync,uniform,4,random_4_circuit,random,4,circuit,0.005085752688171982,0.006138864468864429,0.006258333333333288,0.7675,0.7675,18600.0,4650.0,5
b50_lb10_k3_eps0p0025,aggregate_only_sync,uniform,4,random_5_circuit,random,5,circuit,0.009253124999999966,0.012497689633375489,0.013160951327433648,0.6799999999999999,0.6799999999999999,25600.0,6400.0,5
b50_lb10_k3_eps0p0025,aggregate_only_sync,uniform,4,random_6_circuit,random,6,circuit,0.007683620689655171,0.008254495257330392,0.008364967811158789,0.41000000000000003,0.41000000000000003,47200.0,11800.0,5
b50_lb10_k3_eps0p0025,aggregate_only_sync,uniform,4,random_7_circuit,random,7,circuit,0.004790633704735382,0.004912642650374916,0.004924194677871151,0.10250000000000004,0.10250000000000004,71800.0,17950.0,5
b50_lb10_k3_eps0p0025,aggregate_only_sync,uniform,4,random_8_circuit,random,8,circuit,0.0,0.0,0.0,0.0,0.0,80000.0,20000.0,5
b50_lb10_k3_eps0p0025,aggregate_only_sync,uniform,4,random_9_circuit,random,9,circuit,0.0,0.0,0.0,0.0,0.0,80000.0,20000.0,5
b50_lb10_k3_eps0p0025,aggregate_only_sync,uniform,4,vqe_10_circuit,vqe,10,circuit,0.011526505235602108,0.013793121557828471,0.01419193548387094,0.52,0.52,38400.0,9600.0,5
b50_lb10_k3_eps0p0025,aggregate_only_sync,uniform,4,vqe_11_circuit,vqe,11,circuit,0.009845752427184409,0.011245442156470675,0.011379439890710304,0.49,0.49,40800.0,10200.0,5
b50_lb10_k3_eps0p0025,aggregate_only_sync,uniform,4,vqe_12_circuit,vqe,12,circuit,0.009583649289099458,0.010006253132832047,0.010026785714285696,0.43000000000000005,0.43000000000000005,45600.0,11400.0,5
b50_lb10_k3_eps0p0025,aggregate_only_sync,uniform,4,vqe_13_circuit,vqe,13,circuit,0.008116666666666598,0.009296428571428504,0.009308928571428501,0.2875,0.2875,57000.0,14250.0,5
b50_lb10_k3_eps0p0025,aggregate_only_sync,uniform,4,vqe_14_circuit,vqe,14,circuit,0.0,0.0024095948326481736,0.0025044871794870716,0.0,0.0,80000.0,20000.0,5
b50_lb10_k3_eps0p0025,aggregate_only_sync,uniform,4,vqe_15_circuit,vqe,15,circuit,0.0,0.00249793765456194,0.0026554487179486224,0.0,0.0,80000.0,20000.0,5
b50_lb10_k3_eps0p0025,aggregate_only_sync,uniform,4,vqe_4_circuit,vqe,4,circuit,0.002424999999999992,0.0029624999999999877,0.0030874999999999826,0.9,0.9,8000.0,2000.0,5
b50_lb10_k3_eps0p0025,aggregate_only_sync,uniform,4,vqe_5_circuit,vqe,5,circuit,0.005983333333333288,0.006990261437908555,0.007193382352941267,0.8275,0.8275,13800.0,3450.0,5
b50_lb10_k3_eps0p0025,aggregate_only_sync,uniform,4,vqe_6_circuit,vqe,6,circuit,0.004760483870967748,0.006975900058445375,0.007016379310344852,0.845,0.845,12400.0,3100.0,5
b50_lb10_k3_eps0p0025,aggregate_only_sync,uniform,4,vqe_7_circuit,vqe,7,circuit,0.005772727272727342,0.007481712954245914,0.007531648936170226,0.725,0.725,22000.0,5500.0,5
b50_lb10_k3_eps0p0025,aggregate_only_sync,uniform,4,vqe_8_circuit,vqe,8,circuit,0.008097727272727244,0.00984205513784457,0.010172916666666625,0.675,0.675,26000.0,6500.0,5
b50_lb10_k3_eps0p0025,aggregate_only_sync,uniform,4,vqe_9_circuit,vqe,9,circuit,0.007908603896103861,0.009177617549055871,0.009361148648648615,0.63,0.63,29600.0,7400.0,5
b50_lb10_k3_eps0p0025,aggregate_only_sync,uniform,5,dj_10_circuit,dj,10,circuit,0.008971014492753546,0.008971014492753546,0.008971014492753546,0.655,0.655,34500.0,6900.0,1
b50_lb10_k3_eps0p0025,aggregate_only_sync,uniform,5,dj_11_circuit,dj,11,circuit,0.009459090909090782,0.009459090909090782,0.009459090909090782,0.56,0.56,44000.0,8800.0,1
b50_lb10_k3_eps0p0025,aggregate_only_sync,uniform,5,dj_12_circuit,dj,12,circuit,0.009913507109004644,0.009913507109004644,0.009913507109004644,0.47250000000000003,0.47250000000000003,52750.0,10550.0,1
b50_lb10_k3_eps0p0025,aggregate_only_sync,uniform,5,dj_13_circuit,dj,13,circuit,0.009503721973094036,0.009503721973094036,0.009503721973094036,0.4425,0.4425,55750.0,11150.0,1
b50_lb10_k3_eps0p0025,aggregate_only_sync,uniform,5,dj_14_circuit,dj,14,circuit,0.00873755725190854,0.00873755725190854,0.00873755725190854,0.345,0.345,65500.0,13100.0,1
b50_lb10_k3_eps0p0025,aggregate_only_sync,uniform,5,dj_15_circuit,dj,15,circuit,0.00781206896551716,0.00781206896551716,0.00781206896551716,0.2025,0.2025,79750.0,15950.0,1
b50_lb10_k3_eps0p0025,aggregate_only_sync,uniform,5,dj_4_circuit,dj,4,circuit,0.0042484615384615,0.0042484615384615,0.0042484615384615,0.935,0.935,6500.0,1300.0,1
b50_lb10_k3_eps0p0025,aggregate_only_sync,uniform,5,dj_5_circuit,dj,5,circuit,0.0033535294117647612,0.0033535294117647612,0.0033535294117647612,0.915,0.915,8500.0,1700.0,1
b50_lb10_k3_eps0p0025,aggregate_only_sync,uniform,5,dj_6_circuit,dj,6,circuit,0.004488181818181749,0.004488181818181749,0.004488181818181749,0.8625,0.8625,13750.0,2750.0,1
b50_lb10_k3_eps0p0025,aggregate_only_sync,uniform,5,dj_7_circuit,dj,7,circuit,0.006610000000000078,0.006610000000000078,0.006610000000000078,0.8200000000000001,0.8200000000000001,18000.0,3600.0,1
b50_lb10_k3_eps0p0025,aggregate_only_sync,uniform,5,dj_8_circuit,dj,8,circuit,0.0058504761904761855,0.0058504761904761855,0.0058504761904761855,0.7375,0.7375,26250.0,5250.0,1
b50_lb10_k3_eps0p0025,aggregate_only_sync,uniform,5,dj_9_circuit,dj,9,circuit,0.008127272727272705,0.008127272727272705,0.008127272727272705,0.725,0.725,27500.0,5500.0,1
b50_lb10_k3_eps0p0025,aggregate_only_sync,uniform,5,qaoa_10_circuit,qaoa,10,circuit,0.0,0.0,0.0,0.0,0.0,100000.0,20000.0,1
b50_lb10_k3_eps0p0025,aggregate_only_sync,uniform,5,qaoa_11_circuit,qaoa,11,circuit,0.0,0.0,0.0,0.0,0.0,100000.0,20000.0,1
b50_lb10_k3_eps0p0025,aggregate_only_sync,uniform,5,qaoa_12_circuit,qaoa,12,circuit,0.0,0.0,0.0,0.0,0.0,100000.0,20000.0,1
b50_lb10_k3_eps0p0025,aggregate_only_sync,uniform,5,qaoa_13_circuit,qaoa,13,circuit,0.0,0.0,0.0,0.0,0.0,100000.0,20000.0,1
b50_lb10_k3_eps0p0025,aggregate_only_sync,uniform,5,qaoa_14_circuit,qaoa,14,circuit,0.0,0.0,0.0,0.0,0.0,100000.0,20000.0,1
b50_lb10_k3_eps0p0025,aggregate_only_sync,uniform,5,qaoa_15_circuit,qaoa,15,circuit,0.0,0.0,0.0,0.0,0.0,100000.0,20000.0,1
b50_lb10_k3_eps0p0025,aggregate_only_sync,uniform,5,qaoa_4_circuit,qaoa,4,circuit,0.008303684210526307,0.008303684210526307,0.008303684210526307,0.81,0.81,19000.0,3800.0,1
b50_lb10_k3_eps0p0025,aggregate_only_sync,uniform,5,qaoa_5_circuit,qaoa,5,circuit,0.009343396226415097,0.009343396226415097,0.009343396226415097,0.735,0.735,26500.0,5300.0,1
b50_lb10_k3_eps0p0025,aggregate_only_sync,uniform,5,qaoa_6_circuit,qaoa,6,circuit,0.006029523809523826,0.006029523809523826,0.006029523809523826,0.475,0.475,52500.0,10500.0,1
b50_lb10_k3_eps0p0025,aggregate_only_sync,uniform,5,qaoa_7_circuit,qaoa,7,circuit,0.00792591549295773,0.00792591549295773,0.00792591549295773,0.29000000000000004,0.29000000000000004,71000.0,14200.0,1
b50_lb10_k3_eps0p0025,aggregate_only_sync,uniform,5,qaoa_8_circuit,qaoa,8,circuit,0.005146956521739163,0.005146956521739163,0.005146956521739163,0.13749999999999996,0.13749999999999996,86250.0,17250.0,1
b50_lb10_k3_eps0p0025,aggregate_only_sync,uniform,5,qaoa_9_circuit,qaoa,9,circuit,0.0,0.0,0.0,0.0,0.0,100000.0,20000.0,1
b50_lb10_k3_eps0p0025,aggregate_only_sync,uniform,5,qft_10_circuit,qft,10,circuit,0.0,0.0,0.0,0.0,0.0,100000.0,20000.0,1
b50_lb10_k3_eps0p0025,aggregate_only_sync,uniform,5,qft_11_circuit,qft,11,circuit,0.0,0.0,0.0,0.0,0.0,100000.0,20000.0,1
b50_lb10_k3_eps0p0025,aggregate_only_sync,uniform,5,qft_12_circuit,qft,12,circuit,0.0,0.0,0.0,0.0,0.0,100000.0,20000.0,1
b50_lb10_k3_eps0p0025,aggregate_only_sync,uniform,5,qft_13_circuit,qft,13,circuit,0.0,0.0,0.0,0.0,0.0,100000.0,20000.0,1
b50_lb10_k3_eps0p0025,aggregate_only_sync,uniform,5,qft_14_circuit,qft,14,circuit,0.0,0.0,0.0,0.0,0.0,100000.0,20000.0,1
b50_lb10_k3_eps0p0025,aggregate_only_sync,uniform,5,qft_15_circuit,qft,15,circuit,0.0,0.0,0.0,0.0,0.0,100000.0,20000.0,1
b50_lb10_k3_eps0p0025,aggregate_only_sync,uniform,5,qft_4_circuit,qft,4,circuit,0.008631942446043189,0.008631942446043189,0.008631942446043189,0.6525000000000001,0.6525000000000001,34750.0,6950.0,1
b50_lb10_k3_eps0p0025,aggregate_only_sync,uniform,5,qft_5_circuit,qft,5,circuit,0.007709999999999996,0.007709999999999996,0.007709999999999996,0.5575,0.5575,44250.0,8850.0,1
b50_lb10_k3_eps0p0025,aggregate_only_sync,uniform,5,qft_6_circuit,qft,6,circuit,0.007728867924528297,0.007728867924528297,0.007728867924528297,0.3375,0.3375,66250.0,13250.0,1
b50_lb10_k3_eps0p0025,aggregate_only_sync,uniform,5,qft_7_circuit,qft,7,circuit,0.005146056338028169,0.005146056338028169,0.005146056338028169,0.11250000000000004,0.11250000000000004,88750.0,17750.0,1
b50_lb10_k3_eps0p0025,aggregate_only_sync,uniform,5,qft_8_circuit,qft,8,circuit,0.0,0.0,0.0,0.0,0.0,100000.0,20000.0,1
b50_lb10_k3_eps0p0025,aggregate_only_sync,uniform,5,qft_9_circuit,qft,9,circuit,0.0,0.0,0.0,0.0,0.0,100000.0,20000.0,1
b50_lb10_k3_eps0p0025,aggregate_only_sync,uniform,5,qnn_10_circuit,qnn,10,circuit,0.0,0.0,0.0,0.0,0.0,100000.0,20000.0,1
b50_lb10_k3_eps0p0025,aggregate_only_sync,uniform,5,qnn_11_circuit,qnn,11,circuit,0.0,0.0,0.0,0.0,0.0,100000.0,20000.0,1
b50_lb10_k3_eps0p0025,aggregate_only_sync,uniform,5,qnn_12_circuit,qnn,12,circuit,0.0,0.0,0.0,0.0,0.0,100000.0,20000.0,1
b50_lb10_k3_eps0p0025,aggregate_only_sync,uniform,5,qnn_13_circuit,qnn,13,circuit,0.0,0.0,0.0,0.0,0.0,100000.0,20000.0,1
b50_lb10_k3_eps0p0025,aggregate_only_sync,uniform,5,qnn_14_circuit,qnn,14,circuit,0.0,0.0,0.0,0.0,0.0,100000.0,20000.0,1
b50_lb10_k3_eps0p0025,aggregate_only_sync,uniform,5,qnn_15_circuit,qnn,15,circuit,0.0,0.0,0.0,0.0,0.0,100000.0,20000.0,1
b50_lb10_k3_eps0p0025,aggregate_only_sync,uniform,5,qnn_4_circuit,qnn,4,circuit,0.008857777777777796,0.008857777777777796,0.008857777777777796,0.775,0.775,22500.0,4500.0,1
b50_lb10_k3_eps0p0025,aggregate_only_sync,uniform,5,qnn_5_circuit,qnn,5,circuit,0.008642739726027401,0.008642739726027401,0.008642739726027401,0.635,0.635,36500.0,7300.0,1
b50_lb10_k3_eps0p0025,aggregate_only_sync,uniform,5,qnn_6_circuit,qnn,6,circuit,0.006732549019607852,0.006732549019607852,0.006732549019607852,0.49,0.49,51000.0,10200.0,1
b50_lb10_k3_eps0p0025,aggregate_only_sync,uniform,5,qnn_7_circuit,qnn,7,circuit,0.0038669565217391306,0.0038669565217391306,0.0038669565217391306,0.07999999999999996,0.07999999999999996,92000.0,18400.0,1
b50_lb10_k3_eps0p0025,aggregate_only_sync,uniform,5,qnn_8_circuit,qnn,8,circuit,0.0,0.0,0.0,0.0,0.0,100000.0,20000.0,1
b50_lb10_k3_eps0p0025,aggregate_only_sync,uniform,5,qnn_9_circuit,qnn,9,circuit,0.0,0.0,0.0,0.0,0.0,100000.0,20000.0,1
b50_lb10_k3_eps0p0025,aggregate_only_sync,uniform,5,random_10_circuit,random,10,circuit,0.0,0.0,0.0,0.0,0.0,100000.0,20000.0,1
b50_lb10_k3_eps0p0025,aggregate_only_sync,uniform,5,random_11_circuit,random,11,circuit,0.0,0.0,0.0,0.0,0.0,100000.0,20000.0,1
b50_lb10_k3_eps0p0025,aggregate_only_sync,uniform,5,random_12_circuit,random,12,circuit,0.0,0.0,0.0,0.0,0.0,100000.0,20000.0,1
b50_lb10_k3_eps0p0025,aggregate_only_sync,uniform,5,random_13_circuit,random,13,circuit,0.0,0.0,0.0,0.0,0.0,100000.0,20000.0,1
b50_lb10_k3_eps0p0025,aggregate_only_sync,uniform,5,random_14_circuit,random,14,circuit,0.0,0.0,0.0,0.0,0.0,100000.0,20000.0,1
b50_lb10_k3_eps0p0025,aggregate_only_sync,uniform,5,random_15_circuit,random,15,circuit,0.0,0.0,0.0,0.0,0.0,100000.0,20000.0,1
b50_lb10_k3_eps0p0025,aggregate_only_sync,uniform,5,random_4_circuit,random,4,circuit,0.004142608695652184,0.004142608695652184,0.004142608695652184,0.77,0.77,23000.0,4600.0,1
b50_lb10_k3_eps0p0025,aggregate_only_sync,uniform,5,random_5_circuit,random,5,circuit,0.00913,0.00913,0.00913,0.7,0.7,30000.0,6000.0,1
b50_lb10_k3_eps0p0025,aggregate_only_sync,uniform,5,random_6_circuit,random,6,circuit,0.009265306122448979,0.009265306122448979,0.009265306122448979,0.51,0.51,49000.0,9800.0,1
b50_lb10_k3_eps0p0025,aggregate_only_sync,uniform,5,random_7_circuit,random,7,circuit,0.007967163120567373,0.007967163120567373,0.007967163120567373,0.29500000000000004,0.29500000000000004,70500.0,14100.0,1
b50_lb10_k3_eps0p0025,aggregate_only_sync,uniform,5,random_8_circuit,random,8,circuit,0.0,0.0,0.0,0.0,0.0,100000.0,20000.0,1
b50_lb10_k3_eps0p0025,aggregate_only_sync,uniform,5,random_9_circuit,random,9,circuit,0.0,0.0,0.0,0.0,0.0,100000.0,20000.0,1
b50_lb10_k3_eps0p0025,aggregate_only_sync,uniform,5,vqe_10_circuit,vqe,10,circuit,0.012142185792349722,0.012142185792349722,0.012142185792349722,0.5425,0.5425,45750.0,9150.0,1
b50_lb10_k3_eps0p0025,aggregate_only_sync,uniform,5,vqe_11_circuit,vqe,11,circuit,0.010331311475409872,0.010331311475409872,0.010331311475409872,0.5425,0.5425,45750.0,9150.0,1
b50_lb10_k3_eps0p0025,aggregate_only_sync,uniform,5,vqe_12_circuit,vqe,12,circuit,0.0095038095238095,0.0095038095238095,0.0095038095238095,0.475,0.475,52500.0,10500.0,1
b50_lb10_k3_eps0p0025,aggregate_only_sync,uniform,5,vqe_13_circuit,vqe,13,circuit,0.008415714285714127,0.008415714285714127,0.008415714285714127,0.30000000000000004,0.30000000000000004,70000.0,14000.0,1
b50_lb10_k3_eps0p0025,aggregate_only_sync,uniform,5,vqe_14_circuit,vqe,14,circuit,0.004377333333333334,0.004377333333333334,0.004377333333333334,0.0625,0.0625,93750.0,18750.0,1
b50_lb10_k3_eps0p0025,aggregate_only_sync,uniform,5,vqe_15_circuit,vqe,15,circuit,0.0028094315245477362,0.0028094315245477362,0.0028094315245477362,0.03249999999999997,0.03249999999999997,96750.0,19350.0,1
b50_lb10_k3_eps0p0025,aggregate_only_sync,uniform,5,vqe_4_circuit,vqe,4,circuit,0.002129999999999935,0.002129999999999935,0.002129999999999935,0.9,0.9,10000.0,2000.0,1
b50_lb10_k3_eps0p0025,aggregate_only_sync,uniform,5,vqe_5_circuit,vqe,5,circuit,0.0046342857142856325,0.0046342857142856325,0.0046342857142856325,0.825,0.825,17500.0,3500.0,1
b50_lb10_k3_eps0p0025,aggregate_only_sync,uniform,5,vqe_6_circuit,vqe,6,circuit,0.005015714285714326,0.005015714285714326,0.005015714285714326,0.86,0.86,14000.0,2800.0,1
b50_lb10_k3_eps0p0025,aggregate_only_sync,uniform,5,vqe_7_circuit,vqe,7,circuit,0.006855882352941154,0.006855882352941154,0.006855882352941154,0.7875,0.7875,21250.0,4250.0,1
b50_lb10_k3_eps0p0025,aggregate_only_sync,uniform,5,vqe_8_circuit,vqe,8,circuit,0.0065954263565891425,0.0065954263565891425,0.0065954263565891425,0.6775,0.6775,32250.0,6450.0,1
b50_lb10_k3_eps0p0025,aggregate_only_sync,uniform,5,vqe_9_circuit,vqe,9,circuit,0.006422162162162118,0.006422162162162118,0.006422162162162118,0.63,0.63,37000.0,7400.0,1
b50_lb10_k3_eps0p0025,hierarchical_local_aggregate,confidence,1,dj_10_circuit,dj,10,circuit,0.008150000000000003,0.011255426902753341,0.011695962732919283,0.25,0.25,15000.0,15000.0,5
b50_lb10_k3_eps0p0025,hierarchical_local_aggregate,confidence,1,dj_11_circuit,dj,11,circuit,0.005184507042253505,0.011879011316259654,0.01200869565217388,0.11250000000000004,0.11250000000000004,17750.0,17750.0,5
b50_lb10_k3_eps0p0025,hierarchical_local_aggregate,confidence,1,dj_12_circuit,dj,12,circuit,0.0055946236559139655,0.010508623966516856,0.01079708737864077,0.06999999999999995,0.06999999999999995,18600.0,18600.0,5
b50_lb10_k3_eps0p0025,hierarchical_local_aggregate,confidence,1,dj_13_circuit,dj,13,circuit,0.0,0.008897495264314452,0.008918858131487946,0.0,0.0,20000.0,20000.0,5
b50_lb10_k3_eps0p0025,hierarchical_local_aggregate,confidence,1,dj_14_circuit,dj,14,circuit,0.0,0.009606456180635308,0.009797435897435921,0.0,0.0,20000.0,20000.0,5
b50_lb10_k3_eps0p0025,hierarchical_local_aggregate,confidence,1,dj_15_circuit,dj,15,circuit,0.0,0.008200707610146853,0.008759813084112148,0.0,0.0,20000.0,20000.0,5
b50_lb10_k3_eps0p0025,hierarchical_local_aggregate,confidence,1,dj_4_circuit,dj,4,circuit,0.0054188679245283505,0.008252727272727281,0.008931818181818188,0.87,0.87,2600.0,2600.0,5
b50_lb10_k3_eps0p0025,hierarchical_local_aggregate,confidence,1,dj_5_circuit,dj,5,circuit,0.005141803278688479,0.006465670307845096,0.006660377358490575,0.8325,0.8325,3350.0,3350.0,5
b50_lb10_k3_eps0p0025,hierarchical_local_aggregate,confidence,1,dj_6_circuit,dj,6,circuit,0.008426923076923108,0.010434561650257827,0.01091851851851848,0.74,0.74,5200.0,5200.0,5
b50_lb10_k3_eps0p0025,hierarchical_local_aggregate,confidence,1,dj_7_circuit,dj,7,circuit,0.008615662650602395,0.011007743043627633,0.011417073170731725,0.645,0.645,7100.0,7100.0,5
b50_lb10_k3_eps0p0025,hierarchical_local_aggregate,confidence,1,dj_8_circuit,dj,8,circuit,0.009708064516129,0.01158413265306125,0.011952040816326557,0.5349999999999999,0.5349999999999999,9300.0,9300.0,5
b50_lb10_k3_eps0p0025,hierarchical_local_aggregate,confidence,1,dj_9_circuit,dj,9,circuit,0.010468047337278134,0.011237973884039477,0.011334426229508216,0.4225,0.4225,11550.0,11550.0,5
b50_lb10_k3_eps0p0025,hierarchical_local_aggregate,confidence,1,qaoa_10_circuit,qaoa,10,circuit,0.0,0.0,0.0,0.0,0.0,20000.0,20000.0,5
b50_lb10_k3_eps0p0025,hierarchical_local_aggregate,confidence,1,qaoa_11_circuit,qaoa,11,circuit,0.0,0.0,0.0,0.0,0.0,20000.0,20000.0,5
b50_lb10_k3_eps0p0025,hierarchical_local_aggregate,confidence,1,qaoa_12_circuit,qaoa,12,circuit,0.0,0.0,0.0,0.0,0.0,20000.0,20000.0,5
b50_lb10_k3_eps0p0025,hierarchical_local_aggregate,confidence,1,qaoa_13_circuit,qaoa,13,circuit,0.0,0.0,0.0,0.0,0.0,20000.0,20000.0,5
b50_lb10_k3_eps0p0025,hierarchical_local_aggregate,confidence,1,qaoa_14_circuit,qaoa,14,circuit,0.0,0.0,0.0,0.0,0.0,20000.0,20000.0,5
b50_lb10_k3_eps0p0025,hierarchical_local_aggregate,confidence,1,qaoa_15_circuit,qaoa,15,circuit,0.0,0.0,0.0,0.0,0.0,20000.0,20000.0,5
b50_lb10_k3_eps0p0025,hierarchical_local_aggregate,confidence,1,qaoa_4_circuit,qaoa,4,circuit,0.00778911564625852,0.009914967234023839,0.00992106918238994,0.6425000000000001,0.6425000000000001,7150.0,7150.0,5
b50_lb10_k3_eps0p0025,hierarchical_local_aggregate,confidence,1,qaoa_5_circuit,qaoa,5,circuit,0.007346757679180891,0.010295875169606502,0.010840298507462678,0.29500000000000004,0.29500000000000004,14100.0,14100.0,5
b50_lb10_k3_eps0p0025,hierarchical_local_aggregate,confidence,1,qaoa_6_circuit,qaoa,6,circuit,0.0,0.004558170586837729,0.004593478260869563,0.0,0.0,20000.0,20000.0,5
b50_lb10_k3_eps0p0025,hierarchical_local_aggregate,confidence,1,qaoa_7_circuit,qaoa,7,circuit,0.0,0.0,0.0,0.0,0.0,20000.0,20000.0,5
b50_lb10_k3_eps0p0025,hierarchical_local_aggregate,confidence,1,qaoa_8_circuit,qaoa,8,circuit,0.0,0.0,0.0,0.0,0.0,20000.0,20000.0,5
b50_lb10_k3_eps0p0025,hierarchical_local_aggregate,confidence,1,qaoa_9_circuit,qaoa,9,circuit,0.0,0.0,0.0,0.0,0.0,20000.0,20000.0,5
b50_lb10_k3_eps0p0025,hierarchical_local_aggregate,confidence,1,qft_10_circuit,qft,10,circuit,0.0,0.0,0.0,0.0,0.0,20000.0,20000.0,5
b50_lb10_k3_eps0p0025,hierarchical_local_aggregate,confidence,1,qft_11_circuit,qft,11,circuit,0.0,0.0,0.0,0.0,0.0,20000.0,20000.0,5
b50_lb10_k3_eps0p0025,hierarchical_local_aggregate,confidence,1,qft_12_circuit,qft,12,circuit,0.0,0.0,0.0,0.0,0.0,20000.0,20000.0,5
b50_lb10_k3_eps0p0025,hierarchical_local_aggregate,confidence,1,qft_13_circuit,qft,13,circuit,0.0,0.0,0.0,0.0,0.0,20000.0,20000.0,5
b50_lb10_k3_eps0p0025,hierarchical_local_aggregate,confidence,1,qft_14_circuit,qft,14,circuit,0.0,0.0,0.0,0.0,0.0,20000.0,20000.0,5
b50_lb10_k3_eps0p0025,hierarchical_local_aggregate,confidence,1,qft_15_circuit,qft,15,circuit,0.0,0.0,0.0,0.0,0.0,20000.0,20000.0,5
b50_lb10_k3_eps0p0025,hierarchical_local_aggregate,confidence,1,qft_4_circuit,qft,4,circuit,0.010529735682819372,0.011147682843472322,0.011270129870129878,0.4325,0.4325,11350.0,11350.0,5
b50_lb10_k3_eps0p0025,hierarchical_local_aggregate,confidence,1,qft_5_circuit,qft,5,circuit,0.006196408839778997,0.007241449275362313,0.007426811594202895,0.09499999999999997,0.09499999999999997,18100.0,18100.0,5
b50_lb10_k3_eps0p0025,hierarchical_local_aggregate,confidence,1,qft_6_circuit,qft,6,circuit,0.0,0.0,0.0,0.0,0.0,20000.0,20000.0,5
b50_lb10_k3_eps0p0025,hierarchical_local_aggregate,confidence,1,qft_7_circuit,qft,7,circuit,0.0,0.0,0.0,0.0,0.0,20000.0,20000.0,5
b50_lb10_k3_eps0p0025,hierarchical_local_aggregate,confidence,1,qft_8_circuit,qft,8,circuit,0.0,0.0,0.0,0.0,0.0,20000.0,20000.0,5
b50_lb10_k3_eps0p0025,hierarchical_local_aggregate,confidence,1,qft_9_circuit,qft,9,circuit,0.0,0.0,0.0,0.0,0.0,20000.0,20000.0,5
b50_lb10_k3_eps0p0025,hierarchical_local_aggregate,confidence,1,qnn_10_circuit,qnn,10,circuit,0.0,0.0,0.0,0.0,0.0,20000.0,20000.0,5
b50_lb10_k3_eps0p0025,hierarchical_local_aggregate,confidence,1,qnn_11_circuit,qnn,11,circuit,0.0,0.0,0.0,0.0,0.0,20000.0,20000.0,5
b50_lb10_k3_eps0p0025,hierarchical_local_aggregate,confidence,1,qnn_12_circuit,qnn,12,circuit,0.0,0.0,0.0,0.0,0.0,20000.0,20000.0,5
b50_lb10_k3_eps0p0025,hierarchical_local_aggregate,confidence,1,qnn_13_circuit,qnn,13,circuit,0.0,0.0,0.0,0.0,0.0,20000.0,20000.0,5
b50_lb10_k3_eps0p0025,hierarchical_local_aggregate,confidence,1,qnn_14_circuit,qnn,14,circuit,0.0,0.0,0.0,0.0,0.0,20000.0,20000.0,5
b50_lb10_k3_eps0p0025,hierarchical_local_aggregate,confidence,1,qnn_15_circuit,qnn,15,circuit,0.0,0.0,0.0,0.0,0.0,20000.0,20000.0,5
b50_lb10_k3_eps0p0025,hierarchical_local_aggregate,confidence,1,qnn_4_circuit,qnn,4,circuit,0.009510992907801429,0.014031918906176324,0.014823809523809517,0.495,0.495,10100.0,10100.0,5
b50_lb10_k3_eps0p0025,hierarchical_local_aggregate,confidence,1,qnn_5_circuit,qnn,5,circuit,0.005893657817109153,0.0071281576893052374,0.00725245901639345,0.15249999999999997,0.15249999999999997,16950.0,16950.0,5
b50_lb10_k3_eps0p0025,hierarchical_local_aggregate,confidence,1,qnn_6_circuit,qnn,6,circuit,0.0,0.0,0.0,0.0,0.0,20000.0,20000.0,5
b50_lb10_k3_eps0p0025,hierarchical_local_aggregate,confidence,1,qnn_7_circuit,qnn,7,circuit,0.0,0.0,0.0,0.0,0.0,20000.0,20000.0,5
b50_lb10_k3_eps0p0025,hierarchical_local_aggregate,confidence,1,qnn_8_circuit,qnn,8,circuit,0.0,0.0,0.0,0.0,0.0,20000.0,20000.0,5
b50_lb10_k3_eps0p0025,hierarchical_local_aggregate,confidence,1,qnn_9_circuit,qnn,9,circuit,0.0,0.0,0.0,0.0,0.0,20000.0,20000.0,5
b50_lb10_k3_eps0p0025,hierarchical_local_aggregate,confidence,1,random_10_circuit,random,10,circuit,0.0,0.0,0.0,0.0,0.0,20000.0,20000.0,5
b50_lb10_k3_eps0p0025,hierarchical_local_aggregate,confidence,1,random_11_circuit,random,11,circuit,0.0,0.0,0.0,0.0,0.0,20000.0,20000.0,5
b50_lb10_k3_eps0p0025,hierarchical_local_aggregate,confidence,1,random_12_circuit,random,12,circuit,0.0,0.0,0.0,0.0,0.0,20000.0,20000.0,5
b50_lb10_k3_eps0p0025,hierarchical_local_aggregate,confidence,1,random_13_circuit,random,13,circuit,0.0,0.0,0.0,0.0,0.0,20000.0,20000.0,5
b50_lb10_k3_eps0p0025,hierarchical_local_aggregate,confidence,1,random_14_circuit,random,14,circuit,0.0,0.0,0.0,0.0,0.0,20000.0,20000.0,5
b50_lb10_k3_eps0p0025,hierarchical_local_aggregate,confidence,1,random_15_circuit,random,15,circuit,0.0,0.0,0.0,0.0,0.0,20000.0,20000.0,5
b50_lb10_k3_eps0p0025,hierarchical_local_aggregate,confidence,1,random_4_circuit,random,4,circuit,0.00711980198019802,0.01403505285695169,0.015094680851063828,0.5925,0.5925,8150.0,8150.0,5
b50_lb10_k3_eps0p0025,hierarchical_local_aggregate,confidence,1,random_5_circuit,random,5,circuit,0.0070052995391704865,0.008251457955232909,0.00840862068965517,0.3075,0.3075,13850.0,13850.0,5
b50_lb10_k3_eps0p0025,hierarchical_local_aggregate,confidence,1,random_6_circuit,random,6,circuit,0.0,0.0,0.0,0.0,0.0,20000.0,20000.0,5
b50_lb10_k3_eps0p0025,hierarchical_local_aggregate,confidence,1,random_7_circuit,random,7,circuit,0.0,0.0,0.0,0.0,0.0,20000.0,20000.0,5
b50_lb10_k3_eps0p0025,hierarchical_local_aggregate,confidence,1,random_8_circuit,random,8,circuit,0.0,0.0,0.0,0.0,0.0,20000.0,20000.0,5
b50_lb10_k3_eps0p0025,hierarchical_local_aggregate,confidence,1,random_9_circuit,random,9,circuit,0.0,0.0,0.0,0.0,0.0,20000.0,20000.0,5
b50_lb10_k3_eps0p0025,hierarchical_local_aggregate,confidence,1,vqe_10_circuit,vqe,10,circuit,0.007906340057636858,0.010540694980694954,0.010851544401544358,0.16749999999999998,0.16749999999999998,16650.0,16650.0,5
b50_lb10_k3_eps0p0025,hierarchical_local_aggregate,confidence,1,vqe_11_circuit,vqe,11,circuit,0.006273988439306386,0.010891084529505626,0.011084688995215366,0.135,0.135,17300.0,17300.0,5
b50_lb10_k3_eps0p0025,hierarchical_local_aggregate,confidence,1,vqe_12_circuit,vqe,12,circuit,0.006890350877192961,0.01068012231431563,0.011154651162790722,0.14500000000000002,0.14500000000000002,17100.0,17100.0,5
b50_lb10_k3_eps0p0025,hierarchical_local_aggregate,confidence,1,vqe_13_circuit,vqe,13,circuit,0.0,0.00585333333333332,0.007316666666666651,0.0,0.0,20000.0,20000.0,5
b50_lb10_k3_eps0p0025,hierarchical_local_aggregate,confidence,1,vqe_14_circuit,vqe,14,circuit,0.0,0.001540253164556963,0.0019253164556962041,0.0,0.0,20000.0,20000.0,5
b50_lb10_k3_eps0p0025,hierarchical_local_aggregate,confidence,1,vqe_15_circuit,vqe,15,circuit,0.0,0.0,0.0,0.0,0.0,20000.0,20000.0,5
b50_lb10_k3_eps0p0025,hierarchical_local_aggregate,confidence,1,vqe_4_circuit,vqe,4,circuit,0.005539552238805997,0.006149956709956668,0.006213636363636312,0.8375,0.8375,3250.0,3250.0,5
b50_lb10_k3_eps0p0025,hierarchical_local_aggregate,confidence,1,vqe_5_circuit,vqe,5,circuit,0.008446581196581177,0.010243529766520244,0.010460062893081807,0.6599999999999999,0.6599999999999999,6800.0,6800.0,5
b50_lb10_k3_eps0p0025,hierarchical_local_aggregate,confidence,1,vqe_6_circuit,vqe,6,circuit,0.006804878048780457,0.007747487684729081,0.007887931034482782,0.725,0.725,5500.0,5500.0,5
b50_lb10_k3_eps0p0025,hierarchical_local_aggregate,confidence,1,vqe_7_circuit,vqe,7,circuit,0.007410256410256376,0.009692878787878795,0.010084848484848488,0.5875,0.5875,8250.0,8250.0,5
b50_lb10_k3_eps0p0025,hierarchical_local_aggregate,confidence,1,vqe_8_circuit,vqe,8,circuit,0.008984482758620717,0.012574086148982425,0.01288809523809525,0.39749999999999996,0.39749999999999996,12050.0,12050.0,5
b50_lb10_k3_eps0p0025,hierarchical_local_aggregate,confidence,1,vqe_9_circuit,vqe,9,circuit,0.009240909090909103,0.013757113752122258,0.013866129032258081,0.38,0.38,12400.0,12400.0,5
b50_lb10_k3_eps0p0025,hierarchical_local_aggregate,confidence,2,dj_10_circuit,dj,10,circuit,0.009684168262935656,0.011192241051049347,0.011686994936693647,0.54,0.54,18400.0,9200.0,10
b50_lb10_k3_eps0p0025,hierarchical_local_aggregate,confidence,2,dj_11_circuit,dj,11,circuit,0.01016255495563649,0.011210457948927138,0.011317962810433574,0.44125000000000003,0.43875000000000003,22350.0,11225.0,10
b50_lb10_k3_eps0p0025,hierarchical_local_aggregate,confidence,2,dj_12_circuit,dj,12,circuit,0.00972463956393732,0.010967557154290054,0.011287108006713972,0.33249999999999996,0.33249999999999996,26700.0,13350.0,10
b50_lb10_k3_eps0p0025,hierarchical_local_aggregate,confidence,2,dj_13_circuit,dj,13,circuit,0.007755488056815953,0.00926194031716802,0.010217442662528031,0.273125,0.26875,29075.0,14625.0,10
b50_lb10_k3_eps0p0025,hierarchical_local_aggregate,confidence,2,dj_14_circuit,dj,14,circuit,0.00847494489308454,0.009586889976700787,0.00970641816075852,0.21437500000000004,0.20875,31425.0,15825.0,10
b50_lb10_k3_eps0p0025,hierarchical_local_aggregate,confidence,2,dj_15_circuit,dj,15,circuit,0.006129535504544672,0.009241496960480353,0.009457436632401771,0.11562500000000003,0.10625000000000001,35375.0,17875.0,10
b50_lb10_k3_eps0p0025,hierarchical_local_aggregate,confidence,2,dj_4_circuit,dj,4,circuit,0.0045215374132620036,0.005241471135940447,0.005370856610800811,0.91,0.90625,3600.0,1875.0,10
b50_lb10_k3_eps0p0025,hierarchical_local_aggregate,confidence,2,dj_5_circuit,dj,5,circuit,0.004480357707699948,0.005713375505735918,0.006298326835040066,0.8625,0.8600000000000001,5500.0,2800.0,10
b50_lb10_k3_eps0p0025,hierarchical_local_aggregate,confidence,2,dj_6_circuit,dj,6,circuit,0.006553779513241394,0.008924693003874879,0.00922651890135568,0.8131250000000001,0.81,7475.0,3800.0,10
b50_lb10_k3_eps0p0025,hierarchical_local_aggregate,confidence,2,dj_7_circuit,dj,7,circuit,0.006894433266634252,0.008619251251780624,0.008887223211118827,0.74875,0.7425,10050.0,5150.0,10
b50_lb10_k3_eps0p0025,hierarchical_local_aggregate,confidence,2,dj_8_circuit,dj,8,circuit,0.0074092040259344134,0.009426717695274863,0.009577632886239444,0.6637500000000001,0.6575,13450.0,6850.0,10
b50_lb10_k3_eps0p0025,hierarchical_local_aggregate,confidence,2,dj_9_circuit,dj,9,circuit,0.009022761145221474,0.01026850143040575,0.010402552404682798,0.5825,0.57875,16700.0,8425.0,10
b50_lb10_k3_eps0p0025,hierarchical_local_aggregate,confidence,2,qaoa_10_circuit,qaoa,10,circuit,0.0,0.0,0.0,0.0,0.0,40000.0,20000.0,10
b50_lb10_k3_eps0p0025,hierarchical_local_aggregate,confidence,2,qaoa_11_circuit,qaoa,11,circuit,0.0,0.0,0.0,0.0,0.0,40000.0,20000.0,10
b50_lb10_k3_eps0p0025,hierarchical_local_aggregate,confidence,2,qaoa_12_circuit,qaoa,12,circuit,0.0,0.0,0.0,0.0,0.0,40000.0,20000.0,10
b50_lb10_k3_eps0p0025,hierarchical_local_aggregate,confidence,2,qaoa_13_circuit,qaoa,13,circuit,0.0,0.0,0.0,0.0,0.0,40000.0,20000.0,10
b50_lb10_k3_eps0p0025,hierarchical_local_aggregate,confidence,2,qaoa_14_circuit,qaoa,14,circuit,0.0,0.0,0.0,0.0,0.0,40000.0,20000.0,10
b50_lb10_k3_eps0p0025,hierarchical_local_aggregate,confidence,2,qaoa_15_circuit,qaoa,15,circuit,0.0,0.0,0.0,0.0,0.0,40000.0,20000.0,10
b50_lb10_k3_eps0p0025,hierarchical_local_aggregate,confidence,2,qaoa_4_circuit,qaoa,4,circuit,0.0059176694026958606,0.010497438775448325,0.010891663334666152,0.7237499999999999,0.7237499999999999,11050.0,5525.0,10
b50_lb10_k3_eps0p0025,hierarchical_local_aggregate,confidence,2,qaoa_5_circuit,qaoa,5,circuit,0.00822741607610276,0.009873884615991901,0.010248457161704182,0.50375,0.50375,19850.0,9925.0,10
b50_lb10_k3_eps0p0025,hierarchical_local_aggregate,confidence,2,qaoa_6_circuit,qaoa,6,circuit,0.007113193849899391,0.009256481693830318,0.00929371406269924,0.31,0.31,27600.0,13800.0,10
b50_lb10_k3_eps0p0025,hierarchical_local_aggregate,confidence,2,qaoa_7_circuit,qaoa,7,circuit,0.0,0.0,0.0,0.0,0.0,40000.0,20000.0,10
b50_lb10_k3_eps0p0025,hierarchical_local_aggregate,confidence,2,qaoa_8_circuit,qaoa,8,circuit,0.0,0.0,0.0,0.0,0.0,40000.0,20000.0,10
b50_lb10_k3_eps0p0025,hierarchical_local_aggregate,confidence,2,qaoa_9_circuit,qaoa,9,circuit,0.0,0.0,0.0,0.0,0.0,40000.0,20000.0,10
b50_lb10_k3_eps0p0025,hierarchical_local_aggregate,confidence,2,qft_10_circuit,qft,10,circuit,0.0,0.0,0.0,0.0,0.0,40000.0,20000.0,10
b50_lb10_k3_eps0p0025,hierarchical_local_aggregate,confidence,2,qft_11_circuit,qft,11,circuit,0.0,0.0,0.0,0.0,0.0,40000.0,20000.0,10
b50_lb10_k3_eps0p0025,hierarchical_local_aggregate,confidence,2,qft_12_circuit,qft,12,circuit,0.0,0.0,0.0,0.0,0.0,40000.0,20000.0,10
b50_lb10_k3_eps0p0025,hierarchical_local_aggregate,confidence,2,qft_13_circuit,qft,13,circuit,0.0,0.0,0.0,0.0,0.0,40000.0,20000.0,10
b50_lb10_k3_eps0p0025,hierarchical_local_aggregate,confidence,2,qft_14_circuit,qft,14,circuit,0.0,0.0,0.0,0.0,0.0,40000.0,20000.0,10
b50_lb10_k3_eps0p0025,hierarchical_local_aggregate,confidence,2,qft_15_circuit,qft,15,circuit,0.0,0.0,0.0,0.0,0.0,40000.0,20000.0,10
b50_lb10_k3_eps0p0025,hierarchical_local_aggregate,confidence,2,qft_4_circuit,qft,4,circuit,0.010012150659712272,0.01232999085194565,0.012676573811051067,0.58125,0.58125,16750.0,8375.0,10
b50_lb10_k3_eps0p0025,hierarchical_local_aggregate,confidence,2,qft_5_circuit,qft,5,circuit,0.008828710668522028,0.00951012717054796,0.00953056877258409,0.38,0.38,24800.0,12400.0,10
b50_lb10_k3_eps0p0025,hierarchical_local_aggregate,confidence,2,qft_6_circuit,qft,6,circuit,0.004323015135290224,0.007497652363638439,0.007735995767449401,0.0625,0.0625,37500.0,18750.0,10
b50_lb10_k3_eps0p0025,hierarchical_local_aggregate,confidence,2,qft_7_circuit,qft,7,circuit,0.0,0.0,0.0,0.0,0.0,40000.0,20000.0,10
b50_lb10_k3_eps0p0025,hierarchical_local_aggregate,confidence,2,qft_8_circuit,qft,8,circuit,0.0,0.0,0.0,0.0,0.0,40000.0,20000.0,10
b50_lb10_k3_eps0p0025,hierarchical_local_aggregate,confidence,2,qft_9_circuit,qft,9,circuit,0.0,0.0,0.0,0.0,0.0,40000.0,20000.0,10
b50_lb10_k3_eps0p0025,hierarchical_local_aggregate,confidence,2,qnn_10_circuit,qnn,10,circuit,0.0,0.0,0.0,0.0,0.0,40000.0,20000.0,10
b50_lb10_k3_eps0p0025,hierarchical_local_aggregate,confidence,2,qnn_11_circuit,qnn,11,circuit,0.0,0.0,0.0,0.0,0.0,40000.0,20000.0,10
b50_lb10_k3_eps0p0025,hierarchical_local_aggregate,confidence,2,qnn_12_circuit,qnn,12,circuit,0.0,0.0,0.0,0.0,0.0,40000.0,20000.0,10
b50_lb10_k3_eps0p0025,hierarchical_local_aggregate,confidence,2,qnn_13_circuit,qnn,13,circuit,0.0,0.0,0.0,0.0,0.0,40000.0,20000.0,10
b50_lb10_k3_eps0p0025,hierarchical_local_aggregate,confidence,2,qnn_14_circuit,qnn,14,circuit,0.0,0.0,0.0,0.0,0.0,40000.0,20000.0,10
b50_lb10_k3_eps0p0025,hierarchical_local_aggregate,confidence,2,qnn_15_circuit,qnn,15,circuit,0.0,0.0,0.0,0.0,0.0,40000.0,20000.0,10
b50_lb10_k3_eps0p0025,hierarchical_local_aggregate,confidence,2,qnn_4_circuit,qnn,4,circuit,0.010388316131231418,0.012375161865241426,0.01238482659909669,0.6312500000000001,0.63,14750.0,7400.0,10
b50_lb10_k3_eps0p0025,hierarchical_local_aggregate,confidence,2,qnn_5_circuit,qnn,5,circuit,0.008269839497139714,0.011319559725391235,0.01229423672155502,0.39749999999999996,0.39749999999999996,24100.0,12050.0,10
b50_lb10_k3_eps0p0025,hierarchical_local_aggregate,confidence,2,qnn_6_circuit,qnn,6,circuit,0.006513708769870988,0.007604309691282632,0.007660767708315462,0.16125,0.16125,33550.0,16775.0,10
b50_lb10_k3_eps0p0025,hierarchical_local_aggregate,confidence,2,qnn_7_circuit,qnn,7,circuit,0.0,0.0,0.0,0.0,0.0,40000.0,20000.0,10
b50_lb10_k3_eps0p0025,hierarchical_local_aggregate,confidence,2,qnn_8_circuit,qnn,8,circuit,0.0,0.0,0.0,0.0,0.0,40000.0,20000.0,10
b50_lb10_k3_eps0p0025,hierarchical_local_aggregate,confidence,2,qnn_9_circuit,qnn,9,circuit,0.0,0.0,0.0,0.0,0.0,40000.0,20000.0,10
b50_lb10_k3_eps0p0025,hierarchical_local_aggregate,confidence,2,random_10_circuit,random,10,circuit,0.0,0.0,0.0,0.0,0.0,40000.0,20000.0,10
b50_lb10_k3_eps0p0025,hierarchical_local_aggregate,confidence,2,random_11_circuit,random,11,circuit,0.0,0.0,0.0,0.0,0.0,40000.0,20000.0,10
b50_lb10_k3_eps0p0025,hierarchical_local_aggregate,confidence,2,random_12_circuit,random,12,circuit,0.0,0.0,0.0,0.0,0.0,40000.0,20000.0,10
b50_lb10_k3_eps0p0025,hierarchical_local_aggregate,confidence,2,random_13_circuit,random,13,circuit,0.0,0.0,0.0,0.0,0.0,40000.0,20000.0,10
b50_lb10_k3_eps0p0025,hierarchical_local_aggregate,confidence,2,random_14_circuit,random,14,circuit,0.0,0.0,0.0,0.0,0.0,40000.0,20000.0,10
b50_lb10_k3_eps0p0025,hierarchical_local_aggregate,confidence,2,random_15_circuit,random,15,circuit,0.0,0.0,0.0,0.0,0.0,40000.0,20000.0,10
b50_lb10_k3_eps0p0025,hierarchical_local_aggregate,confidence,2,random_4_circuit,random,4,circuit,0.007436921150729874,0.0102355813302942,0.010532353593074298,0.6775,0.6775,12900.0,6450.0,10
b50_lb10_k3_eps0p0025,hierarchical_local_aggregate,confidence,2,random_5_circuit,random,5,circuit,0.007183592729851185,0.009340094282617532,0.010523501230729364,0.48875,0.48875,20450.0,10225.0,10
b50_lb10_k3_eps0p0025,hierarchical_local_aggregate,confidence,2,random_6_circuit,random,6,circuit,0.0058108324177080705,0.007650795603806967,0.007809646460747202,0.12,0.12,35200.0,17600.0,10
b50_lb10_k3_eps0p0025,hierarchical_local_aggregate,confidence,2,random_7_circuit,random,7,circuit,0.0,0.0,0.0,0.0,0.0,40000.0,20000.0,10
b50_lb10_k3_eps0p0025,hierarchical_local_aggregate,confidence,2,random_8_circuit,random,8,circuit,0.0,0.0,0.0,0.0,0.0,40000.0,20000.0,10
b50_lb10_k3_eps0p0025,hierarchical_local_aggregate,confidence,2,random_9_circuit,random,9,circuit,0.0,0.0,0.0,0.0,0.0,40000.0,20000.0,10
b50_lb10_k3_eps0p0025,hierarchical_local_aggregate,confidence,2,vqe_10_circuit,vqe,10,circuit,0.008906008658976144,0.014701831675780003,0.014815565671924316,0.4,0.3975,24000.0,12050.0,10
b50_lb10_k3_eps0p0025,hierarchical_local_aggregate,confidence,2,vqe_11_circuit,vqe,11,circuit,0.009213882940190283,0.011684602796601678,0.01195697839339053,0.46625,0.43375,21350.0,11325.0,10
b50_lb10_k3_eps0p0025,hierarchical_local_aggregate,confidence,2,vqe_12_circuit,vqe,12,circuit,0.008377690857937544,0.01152941981495637,0.011608209847490392,0.27625,0.27375,28950.0,14525.0,10
b50_lb10_k3_eps0p0025,hierarchical_local_aggregate,confidence,2,vqe_13_circuit,vqe,13,circuit,0.002435734835713517,0.008585452832956161,0.008857889874353334,0.03875000000000001,0.03875000000000001,38450.0,19225.0,10
b50_lb10_k3_eps0p0025,hierarchical_local_aggregate,confidence,2,vqe_14_circuit,vqe,14,circuit,0.0,0.0016019832333916116,0.0018965434672510834,0.0,0.0,40000.0,20000.0,10
b50_lb10_k3_eps0p0025,hierarchical_local_aggregate,confidence,2,vqe_15_circuit,vqe,15,circuit,0.0,0.0,0.0,0.0,0.0,40000.0,20000.0,10
b50_lb10_k3_eps0p0025,hierarchical_local_aggregate,confidence,2,vqe_4_circuit,vqe,4,circuit,0.004264546130952333,0.004836221236512427,0.004909980812280149,0.895,0.895,4200.0,2100.0,10
b50_lb10_k3_eps0p0025,hierarchical_local_aggregate,confidence,2,vqe_5_circuit,vqe,5,circuit,0.0058844631432190785,0.009811975711462702,0.010171842202659447,0.7737499999999999,0.7737499999999999,9050.0,4525.0,10
b50_lb10_k3_eps0p0025,hierarchical_local_aggregate,confidence,2,vqe_6_circuit,vqe,6,circuit,0.005320048214799955,0.006706146968702026,0.0068496127191194,0.795,0.795,8200.0,4100.0,10
b50_lb10_k3_eps0p0025,hierarchical_local_aggregate,confidence,2,vqe_7_circuit,vqe,7,circuit,0.006666865503977224,0.01039134151864654,0.010866425240248726,0.675,0.6737500000000001,13000.0,6525.0,10
b50_lb10_k3_eps0p0025,hierarchical_local_aggregate,confidence,2,vqe_8_circuit,vqe,8,circuit,0.008507771444861582,0.011199330842250334,0.011473899716859042,0.541875,0.5325,18325.0,9350.0,10
b50_lb10_k3_eps0p0025,hierarchical_local_aggregate,confidence,2,vqe_9_circuit,vqe,9,circuit,0.009701013050785929,0.011537059540088265,0.01178324382126827,0.6025,0.585,15900.0,8300.0,10
b50_lb10_k3_eps0p0025,hierarchical_local_aggregate,confidence,3,dj_10_circuit,dj,10,circuit,0.008769240351273116,0.010634275942469448,0.010935377820198813,0.57,0.56125,25800.0,8775.0,10
b50_lb10_k3_eps0p0025,hierarchical_local_aggregate,confidence,3,dj_11_circuit,dj,11,circuit,0.009761131493772208,0.010417077615464426,0.010457683581910989,0.48750000000000004,0.48750000000000004,30750.0,10250.0,10
b50_lb10_k3_eps0p0025,hierarchical_local_aggregate,confidence,3,dj_12_circuit,dj,12,circuit,0.009746360409836306,0.010578716501337028,0.010783240716999291,0.44666666666666666,0.4275,33200.0,11450.0,10
b50_lb10_k3_eps0p0025,hierarchical_local_aggregate,confidence,3,dj_13_circuit,dj,13,circuit,0.007821271204322336,0.009511319981489373,0.009675777742830223,0.3125,0.31124999999999997,41250.0,13775.0,10
b50_lb10_k3_eps0p0025,hierarchical_local_aggregate,confidence,3,dj_14_circuit,dj,14,circuit,0.0078016606049327065,0.008784100542177679,0.0090248464398661,0.28500000000000003,0.2625,42900.0,14750.0,10
b50_lb10_k3_eps0p0025,hierarchical_local_aggregate,confidence,3,dj_15_circuit,dj,15,circuit,0.007073324387265607,0.007862280753137302,0.008045592061696255,0.16416666666666668,0.14749999999999996,50150.0,17050.0,10
b50_lb10_k3_eps0p0025,hierarchical_local_aggregate,confidence,3,dj_4_circuit,dj,4,circuit,0.004228674737809968,0.007004550750389828,0.008285440874914543,0.9154166666666667,0.915,5075.0,1700.0,10
b50_lb10_k3_eps0p0025,hierarchical_local_aggregate,confidence,3,dj_5_circuit,dj,5,circuit,0.004047026514522272,0.005594901996646984,0.0057616220186605905,0.8825000000000001,0.8825000000000001,7050.0,2350.0,10
b50_lb10_k3_eps0p0025,hierarchical_local_aggregate,confidence,3,dj_6_circuit,dj,6,circuit,0.005507313829379539,0.006825428776326156,0.00686853715455619,0.83375,0.83375,9975.0,3325.0,10
b50_lb10_k3_eps0p0025,hierarchical_local_aggregate,confidence,3,dj_7_circuit,dj,7,circuit,0.006718409226616533,0.007918186685600938,0.007924682760414152,0.7875,0.78125,12750.0,4375.0,10
b50_lb10_k3_eps0p0025,hierarchical_local_aggregate,confidence,3,dj_8_circuit,dj,8,circuit,0.007818419565611495,0.008853670277128974,0.008872368121567073,0.73125,0.73125,16125.0,5375.0,10
b50_lb10_k3_eps0p0025,hierarchical_local_aggregate,confidence,3,dj_9_circuit,dj,9,circuit,0.007781971157624138,0.009313698988409298,0.009503404167290185,0.65625,0.65625,20625.0,6875.0,10
b50_lb10_k3_eps0p0025,hierarchical_local_aggregate,confidence,3,qaoa_10_circuit,qaoa,10,circuit,0.0,0.0,0.0,0.0,0.0,60000.0,20000.0,10
b50_lb10_k3_eps0p0025,hierarchical_local_aggregate,confidence,3,qaoa_11_circuit,qaoa,11,circuit,0.0,0.0,0.0,0.0,0.0,60000.0,20000.0,10
b50_lb10_k3_eps0p0025,hierarchical_local_aggregate,confidence,3,qaoa_12_circuit,qaoa,12,circuit,0.0,0.0,0.0,0.0,0.0,60000.0,20000.0,10
b50_lb10_k3_eps0p0025,hierarchical_local_aggregate,confidence,3,qaoa_13_circuit,qaoa,13,circuit,0.0,0.0,0.0,0.0,0.0,60000.0,20000.0,10
b50_lb10_k3_eps0p0025,hierarchical_local_aggregate,confidence,3,qaoa_14_circuit,qaoa,14,circuit,0.0,0.0,0.0,0.0,0.0,60000.0,20000.0,10
b50_lb10_k3_eps0p0025,hierarchical_local_aggregate,confidence,3,qaoa_15_circuit,qaoa,15,circuit,0.0,0.0,0.0,0.0,0.0,60000.0,20000.0,10
b50_lb10_k3_eps0p0025,hierarchical_local_aggregate,confidence,3,qaoa_4_circuit,qaoa,4,circuit,0.0071220150466425195,0.009863038558258062,0.010984963963919033,0.75,0.75,15000.0,5000.0,10
b50_lb10_k3_eps0p0025,hierarchical_local_aggregate,confidence,3,qaoa_5_circuit,qaoa,5,circuit,0.008865676239665424,0.010558741644250002,0.01077851169003538,0.62875,0.62875,22275.0,7425.0,10
b50_lb10_k3_eps0p0025,hierarchical_local_aggregate,confidence,3,qaoa_6_circuit,qaoa,6,circuit,0.007913826215301534,0.008170850278662666,0.008230417485251962,0.40125,0.40125,35925.0,11975.0,10
b50_lb10_k3_eps0p0025,hierarchical_local_aggregate,confidence,3,qaoa_7_circuit,qaoa,7,circuit,0.004461786255010644,0.0069733498006995485,0.0072564488055838735,0.08249999999999996,0.08249999999999996,55050.0,18350.0,10
b50_lb10_k3_eps0p0025,hierarchical_local_aggregate,confidence,3,qaoa_8_circuit,qaoa,8,circuit,0.0,0.0020802383307941294,0.003782251510534788,0.0,0.0,60000.0,20000.0,10
b50_lb10_k3_eps0p0025,hierarchical_local_aggregate,confidence,3,qaoa_9_circuit,qaoa,9,circuit,0.0,0.0,0.0,0.0,0.0,60000.0,20000.0,10
b50_lb10_k3_eps0p0025,hierarchical_local_aggregate,confidence,3,qft_10_circuit,qft,10,circuit,0.0,0.0,0.0,0.0,0.0,60000.0,20000.0,10
b50_lb10_k3_eps0p0025,hierarchical_local_aggregate,confidence,3,qft_11_circuit,qft,11,circuit,0.0,0.0,0.0,0.0,0.0,60000.0,20000.0,10
b50_lb10_k3_eps0p0025,hierarchical_local_aggregate,confidence,3,qft_12_circuit,qft,12,circuit,0.0,0.0,0.0,0.0,0.0,60000.0,20000.0,10
b50_lb10_k3_eps0p0025,hierarchical_local_aggregate,confidence,3,qft_13_circuit,qft,13,circuit,0.0,0.0,0.0,0.0,0.0,60000.0,20000.0,10
b50_lb10_k3_eps0p0025,hierarchical_local_aggregate,confidence,3,qft_14_circuit,qft,14,circuit,0.0,0.0,0.0,0.0,0.0,60000.0,20000.0,10
b50_lb10_k3_eps0p0025,hierarchical_local_aggregate,confidence,3,qft_15_circuit,qft,15,circuit,0.0,0.0,0.0,0.0,0.0,60000.0,20000.0,10
b50_lb10_k3_eps0p0025,hierarchical_local_aggregate,confidence,3,qft_4_circuit,qft,4,circuit,0.009510280774948475,0.011792117033265567,0.01199256504570019,0.6375,0.6375,21750.0,7250.0,10
b50_lb10_k3_eps0p0025,hierarchical_local_aggregate,confidence,3,qft_5_circuit,qft,5,circuit,0.009182426788610632,0.011319970841661394,0.01152995145539065,0.44499999999999995,0.44499999999999995,33300.0,11100.0,10
b50_lb10_k3_eps0p0025,hierarchical_local_aggregate,confidence,3,qft_6_circuit,qft,6,circuit,0.006988802347673982,0.009363309408644473,0.009936162560929268,0.22499999999999998,0.22499999999999998,46500.0,15500.0,10
b50_lb10_k3_eps0p0025,hierarchical_local_aggregate,confidence,3,qft_7_circuit,qft,7,circuit,0.0,0.0,0.0,0.0,0.0,60000.0,20000.0,10
b50_lb10_k3_eps0p0025,hierarchical_local_aggregate,confidence,3,qft_8_circuit,qft,8,circuit,0.0,0.0,0.0,0.0,0.0,60000.0,20000.0,10
b50_lb10_k3_eps0p0025,hierarchical_local_aggregate,confidence,3,qft_9_circuit,qft,9,circuit,0.0,0.0,0.0,0.0,0.0,60000.0,20000.0,10
b50_lb10_k3_eps0p0025,hierarchical_local_aggregate,confidence,3,qnn_10_circuit,qnn,10,circuit,0.0,0.0,0.0,0.0,0.0,60000.0,20000.0,10
b50_lb10_k3_eps0p0025,hierarchical_local_aggregate,confidence,3,qnn_11_circuit,qnn,11,circuit,0.0,0.0,0.0,0.0,0.0,60000.0,20000.0,10
b50_lb10_k3_eps0p0025,hierarchical_local_aggregate,confidence,3,qnn_12_circuit,qnn,12,circuit,0.0,0.0,0.0,0.0,0.0,60000.0,20000.0,10
b50_lb10_k3_eps0p0025,hierarchical_local_aggregate,confidence,3,qnn_13_circuit,qnn,13,circuit,0.0,0.0,0.0,0.0,0.0,60000.0,20000.0,10
b50_lb10_k3_eps0p0025,hierarchical_local_aggregate,confidence,3,qnn_14_circuit,qnn,14,circuit,0.0,0.0,0.0,0.0,0.0,60000.0,20000.0,10
b50_lb10_k3_eps0p0025,hierarchical_local_aggregate,confidence,3,qnn_15_circuit,qnn,15,circuit,0.0,0.0,0.0,0.0,0.0,60000.0,20000.0,10
b50_lb10_k3_eps0p0025,hierarchical_local_aggregate,confidence,3,qnn_4_circuit,qnn,4,circuit,0.010201341972939048,0.012009478050918888,0.012524299054456282,0.7037500000000001,0.7037500000000001,17775.0,5925.0,10
b50_lb10_k3_eps0p0025,hierarchical_local_aggregate,confidence,3,qnn_5_circuit,qnn,5,circuit,0.007577632851416263,0.009175582816024713,0.00918964378554785,0.51,0.51,29400.0,9800.0,10
b50_lb10_k3_eps0p0025,hierarchical_local_aggregate,confidence,3,qnn_6_circuit,qnn,6,circuit,0.008045596749759543,0.008817537710461884,0.008962507008903364,0.3325,0.3325,40050.0,13350.0,10
b50_lb10_k3_eps0p0025,hierarchical_local_aggregate,confidence,3,qnn_7_circuit,qnn,7,circuit,0.0,0.0,0.0,0.0,0.0,60000.0,20000.0,10
b50_lb10_k3_eps0p0025,hierarchical_local_aggregate,confidence,3,qnn_8_circuit,qnn,8,circuit,0.0,0.0,0.0,0.0,0.0,60000.0,20000.0,10
b50_lb10_k3_eps0p0025,hierarchical_local_aggregate,confidence,3,qnn_9_circuit,qnn,9,circuit,0.0,0.0,0.0,0.0,0.0,60000.0,20000.0,10
b50_lb10_k3_eps0p0025,hierarchical_local_aggregate,confidence,3,random_10_circuit,random,10,circuit,0.0,0.0,0.0,0.0,0.0,60000.0,20000.0,10
b50_lb10_k3_eps0p0025,hierarchical_local_aggregate,confidence,3,random_11_circuit,random,11,circuit,0.0,0.0,0.0,0.0,0.0,60000.0,20000.0,10
b50_lb10_k3_eps0p0025,hierarchical_local_aggregate,confidence,3,random_12_circuit,random,12,circuit,0.0,0.0,0.0,0.0,0.0,60000.0,20000.0,10
b50_lb10_k3_eps0p0025,hierarchical_local_aggregate,confidence,3,random_13_circuit,random,13,circuit,0.0,0.0,0.0,0.0,0.0,60000.0,20000.0,10
b50_lb10_k3_eps0p0025,hierarchical_local_aggregate,confidence,3,random_14_circuit,random,14,circuit,0.0,0.0,0.0,0.0,0.0,60000.0,20000.0,10
b50_lb10_k3_eps0p0025,hierarchical_local_aggregate,confidence,3,random_15_circuit,random,15,circuit,0.0,0.0,0.0,0.0,0.0,60000.0,20000.0,10
b50_lb10_k3_eps0p0025,hierarchical_local_aggregate,confidence,3,random_4_circuit,random,4,circuit,0.006199729422169711,0.008802312113895452,0.009002435711533242,0.6937500000000001,0.6937500000000001,18375.0,6125.0,10
b50_lb10_k3_eps0p0025,hierarchical_local_aggregate,confidence,3,random_5_circuit,random,5,circuit,0.008708264801361783,0.011786955484338817,0.012874038041998343,0.5825,0.5825,25050.0,8350.0,10
b50_lb10_k3_eps0p0025,hierarchical_local_aggregate,confidence,3,random_6_circuit,random,6,circuit,0.007832855994848112,0.009490776958580827,0.01000725282759174,0.31125,0.31125,41325.0,13775.0,10
b50_lb10_k3_eps0p0025,hierarchical_local_aggregate,confidence,3,random_7_circuit,random,7,circuit,0.0,0.0030213536853555953,0.003524603847628197,0.0,0.0,60000.0,20000.0,10
b50_lb10_k3_eps0p0025,hierarchical_local_aggregate,confidence,3,random_8_circuit,random,8,circuit,0.0,0.0,0.0,0.0,0.0,60000.0,20000.0,10
b50_lb10_k3_eps0p0025,hierarchical_local_aggregate,confidence,3,random_9_circuit,random,9,circuit,0.0,0.0,0.0,0.0,0.0,60000.0,20000.0,10
b50_lb10_k3_eps0p0025,hierarchical_local_aggregate,confidence,3,vqe_10_circuit,vqe,10,circuit,0.010458000883232062,0.01206793074503184,0.012928260234735972,0.48500000000000004,0.48500000000000004,30900.0,10300.0,10
b50_lb10_k3_eps0p0025,hierarchical_local_aggregate,confidence,3,vqe_11_circuit,vqe,11,circuit,0.009402935426674846,0.010285405269578893,0.010571393045946863,0.48208333333333336,0.47375,31075.0,10525.0,10
b50_lb10_k3_eps0p0025,hierarchical_local_aggregate,confidence,3,vqe_12_circuit,vqe,12,circuit,0.009525690625714605,0.010841042190990975,0.01111181108942248,0.43916666666666665,0.42750000000000005,33650.0,11450.0,10
b50_lb10_k3_eps0p0025,hierarchical_local_aggregate,confidence,3,vqe_13_circuit,vqe,13,circuit,0.006939136383329299,0.00797195794331954,0.008130070898800582,0.21166666666666667,0.1925,47300.0,16150.0,10
b50_lb10_k3_eps0p0025,hierarchical_local_aggregate,confidence,3,vqe_14_circuit,vqe,14,circuit,0.0008277848337284122,0.0017738777737385482,0.0024780149513701803,0.004166666666666652,0.0,59750.0,20000.0,10
b50_lb10_k3_eps0p0025,hierarchical_local_aggregate,confidence,3,vqe_15_circuit,vqe,15,circuit,0.0,0.0010985935711976822,0.001997442856723062,0.0,0.0,60000.0,20000.0,10
b50_lb10_k3_eps0p0025,hierarchical_local_aggregate,confidence,3,vqe_4_circuit,vqe,4,circuit,0.003228991570856119,0.003885767964587757,0.003901190078250346,0.9,0.9,6000.0,2000.0,10
b50_lb10_k3_eps0p0025,hierarchical_local_aggregate,confidence,3,vqe_5_circuit,vqe,5,circuit,0.005314250292802216,0.00956478135090593,0.010873174636192398,0.8099999999999999,0.8099999999999999,11400.0,3800.0,10
b50_lb10_k3_eps0p0025,hierarchical_local_aggregate,confidence,3,vqe_6_circuit,vqe,6,circuit,0.00493699812884617,0.006982851792421512,0.007672851835236045,0.8375,0.8375,9750.0,3250.0,10
b50_lb10_k3_eps0p0025,hierarchical_local_aggregate,confidence,3,vqe_7_circuit,vqe,7,circuit,0.0061553033907595645,0.008706642552913186,0.00871549854980192,0.7150000000000001,0.7150000000000001,17100.0,5700.0,10
b50_lb10_k3_eps0p0025,hierarchical_local_aggregate,confidence,3,vqe_8_circuit,vqe,8,circuit,0.008036280289723122,0.009941021217100509,0.009976620370370426,0.6012500000000001,0.6012500000000001,23925.0,7975.0,10
b50_lb10_k3_eps0p0025,hierarchical_local_aggregate,confidence,3,vqe_9_circuit,vqe,9,circuit,0.008587025918335751,0.010138598502088265,0.010572993675028425,0.6158333333333333,0.615,23050.0,7700.0,10
b50_lb10_k3_eps0p0025,hierarchical_local_aggregate,confidence,4,dj_10_circuit,dj,10,circuit,0.008519382974774127,0.008999610260325131,0.009004018405635606,0.6375,0.6375,29000.0,7250.0,5
b50_lb10_k3_eps0p0025,hierarchical_local_aggregate,confidence,4,dj_11_circuit,dj,11,circuit,0.00936719221193297,0.010202395490047844,0.010370511882431977,0.5375,0.5375,37000.0,9250.0,5
b50_lb10_k3_eps0p0025,hierarchical_local_aggregate,confidence,4,dj_12_circuit,dj,12,circuit,0.009222368183834413,0.009894104602984951,0.01002580451783339,0.47,0.46499999999999997,42400.0,10700.0,5
b50_lb10_k3_eps0p0025,hierarchical_local_aggregate,confidence,4,dj_13_circuit,dj,13,circuit,0.009223463209862812,0.010756555078122428,0.011008840369967346,0.42500000000000004,0.42500000000000004,46000.0,11500.0,5
b50_lb10_k3_eps0p0025,hierarchical_local_aggregate,confidence,4,dj_14_circuit,dj,14,circuit,0.007936771125439836,0.007971616176401712,0.00797607742368503,0.31499999999999995,0.31000000000000005,54800.0,13800.0,5
b50_lb10_k3_eps0p0025,hierarchical_local_aggregate,confidence,4,dj_15_circuit,dj,15,circuit,0.006481026485946899,0.008386485573066682,0.008741915629458702,0.17500000000000004,0.16749999999999998,66000.0,16650.0,5
b50_lb10_k3_eps0p0025,hierarchical_local_aggregate,confidence,4,dj_4_circuit,dj,4,circuit,0.004431588758244944,0.005032713683191096,0.005144602503657961,0.915625,0.915,6750.0,1700.0,5
b50_lb10_k3_eps0p0025,hierarchical_local_aggregate,confidence,4,dj_5_circuit,dj,5,circuit,0.003604495652641012,0.003920660892095446,0.003960618742175755,0.8975,0.8975,8200.0,2050.0,5
b50_lb10_k3_eps0p0025,hierarchical_local_aggregate,confidence,4,dj_6_circuit,dj,6,circuit,0.004800358035664483,0.005852811148574359,0.005948563902928382,0.855,0.855,11600.0,2900.0,5
b50_lb10_k3_eps0p0025,hierarchical_local_aggregate,confidence,4,dj_7_circuit,dj,7,circuit,0.005723523535411236,0.007980531978707225,0.008234960748673173,0.8125,0.8125,15000.0,3750.0,5
b50_lb10_k3_eps0p0025,hierarchical_local_aggregate,confidence,4,dj_8_circuit,dj,8,circuit,0.006092226184884636,0.0065303592048724,0.006546847143216975,0.7324999999999999,0.7324999999999999,21400.0,5350.0,5
b50_lb10_k3_eps0p0025,hierarchical_local_aggregate,confidence,4,dj_9_circuit,dj,9,circuit,0.007400910805428447,0.008478471327644703,0.008612855579262474,0.7150000000000001,0.7150000000000001,22800.0,5700.0,5
b50_lb10_k3_eps0p0025,hierarchical_local_aggregate,confidence,4,qaoa_10_circuit,qaoa,10,circuit,0.0,0.0,0.0,0.0,0.0,80000.0,20000.0,5
b50_lb10_k3_eps0p0025,hierarchical_local_aggregate,confidence,4,qaoa_11_circuit,qaoa,11,circuit,0.0,0.0,0.0,0.0,0.0,80000.0,20000.0,5
b50_lb10_k3_eps0p0025,hierarchical_local_aggregate,confidence,4,qaoa_12_circuit,qaoa,12,circuit,0.0,0.0,0.0,0.0,0.0,80000.0,20000.0,5
b50_lb10_k3_eps0p0025,hierarchical_local_aggregate,confidence,4,qaoa_13_circuit,qaoa,13,circuit,0.0,0.0,0.0,0.0,0.0,80000.0,20000.0,5
b50_lb10_k3_eps0p0025,hierarchical_local_aggregate,confidence,4,qaoa_14_circuit,qaoa,14,circuit,0.0,0.0,0.0,0.0,0.0,80000.0,20000.0,5
b50_lb10_k3_eps0p0025,hierarchical_local_aggregate,confidence,4,qaoa_15_circuit,qaoa,15,circuit,0.0,0.0,0.0,0.0,0.0,80000.0,20000.0,5
b50_lb10_k3_eps0p0025,hierarchical_local_aggregate,confidence,4,qaoa_4_circuit,qaoa,4,circuit,0.008348147176895632,0.009984120581287618,0.010148483315618271,0.81,0.81,15200.0,3800.0,5
b50_lb10_k3_eps0p0025,hierarchical_local_aggregate,confidence,4,qaoa_5_circuit,qaoa,5,circuit,0.009127965120154,0.010664973142993249,0.010981646342784458,0.64,0.64,28800.0,7200.0,5
b50_lb10_k3_eps0p0025,hierarchical_local_aggregate,confidence,4,qaoa_6_circuit,qaoa,6,circuit,0.006884354635615381,0.008195712141586504,0.008304691040281345,0.45499999999999996,0.45499999999999996,43600.0,10900.0,5
b50_lb10_k3_eps0p0025,hierarchical_local_aggregate,confidence,4,qaoa_7_circuit,qaoa,7,circuit,0.0061330918856840385,0.00808300409584427,0.00813160822182214,0.17500000000000004,0.17500000000000004,66000.0,16500.0,5
b50_lb10_k3_eps0p0025,hierarchical_local_aggregate,confidence,4,qaoa_8_circuit,qaoa,8,circuit,0.003829661451441628,0.004656477123499587,0.004726023398785311,0.0625,0.0625,75000.0,18750.0,5
b50_lb10_k3_eps0p0025,hierarchical_local_aggregate,confidence,4,qaoa_9_circuit,qaoa,9,circuit,0.0,0.0,0.0,0.0,0.0,80000.0,20000.0,5
b50_lb10_k3_eps0p0025,hierarchical_local_aggregate,confidence,4,qft_10_circuit,qft,10,circuit,0.0,0.0,0.0,0.0,0.0,80000.0,20000.0,5
b50_lb10_k3_eps0p0025,hierarchical_local_aggregate,confidence,4,qft_11_circuit,qft,11,circuit,0.0,0.0,0.0,0.0,0.0,80000.0,20000.0,5
b50_lb10_k3_eps0p0025,hierarchical_local_aggregate,confidence,4,qft_12_circuit,qft,12,circuit,0.0,0.0,0.0,0.0,0.0,80000.0,20000.0,5
b50_lb10_k3_eps0p0025,hierarchical_local_aggregate,confidence,4,qft_13_circuit,qft,13,circuit,0.0,0.0,0.0,0.0,0.0,80000.0,20000.0,5
b50_lb10_k3_eps0p0025,hierarchical_local_aggregate,confidence,4,qft_14_circuit,qft,14,circuit,0.0,0.0,0.0,0.0,0.0,80000.0,20000.0,5
b50_lb10_k3_eps0p0025,hierarchical_local_aggregate,confidence,4,qft_15_circuit,qft,15,circuit,0.0,0.0,0.0,0.0,0.0,80000.0,20000.0,5
b50_lb10_k3_eps0p0025,hierarchical_local_aggregate,confidence,4,qft_4_circuit,qft,4,circuit,0.008534168050517335,0.01139327633857202,0.01181647073634929,0.6599999999999999,0.6599999999999999,27200.0,6800.0,5
b50_lb10_k3_eps0p0025,hierarchical_local_aggregate,confidence,4,qft_5_circuit,qft,5,circuit,0.008506837845946684,0.00957589274032852,0.009715927166564657,0.5275000000000001,0.5275000000000001,37800.0,9450.0,5
b50_lb10_k3_eps0p0025,hierarchical_local_aggregate,confidence,4,qft_6_circuit,qft,6,circuit,0.008604439238122449,0.008708472067006895,0.00872888838407272,0.32499999999999996,0.32499999999999996,54000.0,13500.0,5
b50_lb10_k3_eps0p0025,hierarchical_local_aggregate,confidence,4,qft_7_circuit,qft,7,circuit,0.0008406179360245947,0.0008939352803340961,0.0008962429721174358,0.0024999999999999467,0.0024999999999999467,79800.0,19950.0,5
b50_lb10_k3_eps0p0025,hierarchical_local_aggregate,confidence,4,qft_8_circuit,qft,8,circuit,0.0,0.0,0.0,0.0,0.0,80000.0,20000.0,5
b50_lb10_k3_eps0p0025,hierarchical_local_aggregate,confidence,4,qft_9_circuit,qft,9,circuit,0.0,0.0,0.0,0.0,0.0,80000.0,20000.0,5
b50_lb10_k3_eps0p0025,hierarchical_local_aggregate,confidence,4,qnn_10_circuit,qnn,10,circuit,0.0,0.0,0.0,0.0,0.0,80000.0,20000.0,5
b50_lb10_k3_eps0p0025,hierarchical_local_aggregate,confidence,4,qnn_11_circuit,qnn,11,circuit,0.0,0.0,0.0,0.0,0.0,80000.0,20000.0,5
b50_lb10_k3_eps0p0025,hierarchical_local_aggregate,confidence,4,qnn_12_circuit,qnn,12,circuit,0.0,0.0,0.0,0.0,0.0,80000.0,20000.0,5
b50_lb10_k3_eps0p0025,hierarchical_local_aggregate,confidence,4,qnn_13_circuit,qnn,13,circuit,0.0,0.0,0.0,0.0,0.0,80000.0,20000.0,5
b50_lb10_k3_eps0p0025,hierarchical_local_aggregate,confidence,4,qnn_14_circuit,qnn,14,circuit,0.0,0.0,0.0,0.0,0.0,80000.0,20000.0,5
b50_lb10_k3_eps0p0025,hierarchical_local_aggregate,confidence,4,qnn_15_circuit,qnn,15,circuit,0.0,0.0,0.0,0.0,0.0,80000.0,20000.0,5
b50_lb10_k3_eps0p0025,hierarchical_local_aggregate,confidence,4,qnn_4_circuit,qnn,4,circuit,0.00909649676932205,0.010627113499126355,0.010722250674100924,0.7525,0.7525,19800.0,4950.0,5
b50_lb10_k3_eps0p0025,hierarchical_local_aggregate,confidence,4,qnn_5_circuit,qnn,5,circuit,0.007250726309469034,0.00901699526403262,0.00915500824021675,0.525,0.525,38000.0,9500.0,5
b50_lb10_k3_eps0p0025,hierarchical_local_aggregate,confidence,4,qnn_6_circuit,qnn,6,circuit,0.007792903184964953,0.008221673405182565,0.00832347297387651,0.4325,0.4325,45400.0,11350.0,5
b50_lb10_k3_eps0p0025,hierarchical_local_aggregate,confidence,4,qnn_7_circuit,qnn,7,circuit,0.0035785267119796634,0.003939864275896298,0.003967984288822202,0.05249999999999999,0.05249999999999999,75800.0,18950.0,5
b50_lb10_k3_eps0p0025,hierarchical_local_aggregate,confidence,4,qnn_8_circuit,qnn,8,circuit,0.0,0.0,0.0,0.0,0.0,80000.0,20000.0,5
b50_lb10_k3_eps0p0025,hierarchical_local_aggregate,confidence,4,qnn_9_circuit,qnn,9,circuit,0.0,0.0,0.0,0.0,0.0,80000.0,20000.0,5
b50_lb10_k3_eps0p0025,hierarchical_local_aggregate,confidence,4,random_10_circuit,random,10,circuit,0.0,0.0,0.0,0.0,0.0,80000.0,20000.0,5
b50_lb10_k3_eps0p0025,hierarchical_local_aggregate,confidence,4,random_11_circuit,random,11,circuit,0.0,0.0,0.0,0.0,0.0,80000.0,20000.0,5
b50_lb10_k3_eps0p0025,hierarchical_local_aggregate,confidence,4,random_12_circuit,random,12,circuit,0.0,0.0,0.0,0.0,0.0,80000.0,20000.0,5
b50_lb10_k3_eps0p0025,hierarchical_local_aggregate,confidence,4,random_13_circuit,random,13,circuit,0.0,0.0,0.0,0.0,0.0,80000.0,20000.0,5
b50_lb10_k3_eps0p0025,hierarchical_local_aggregate,confidence,4,random_14_circuit,random,14,circuit,0.0,0.0,0.0,0.0,0.0,80000.0,20000.0,5
b50_lb10_k3_eps0p0025,hierarchical_local_aggregate,confidence,4,random_15_circuit,random,15,circuit,0.0,0.0,0.0,0.0,0.0,80000.0,20000.0,5
b50_lb10_k3_eps0p0025,hierarchical_local_aggregate,confidence,4,random_4_circuit,random,4,circuit,0.0053480352564218014,0.006102420766444274,0.006203317391960848,0.7675,0.7675,18600.0,4650.0,5
b50_lb10_k3_eps0p0025,hierarchical_local_aggregate,confidence,4,random_5_circuit,random,5,circuit,0.010210914608882186,0.012880680794589669,0.013532202096212127,0.6799999999999999,0.6799999999999999,25600.0,6400.0,5
b50_lb10_k3_eps0p0025,hierarchical_local_aggregate,confidence,4,random_6_circuit,random,6,circuit,0.007691665118950371,0.008269153995397382,0.008374397188688125,0.41000000000000003,0.41000000000000003,47200.0,11800.0,5
b50_lb10_k3_eps0p0025,hierarchical_local_aggregate,confidence,4,random_7_circuit,random,7,circuit,0.004826298099600657,0.004879878996571781,0.004882336307492352,0.10250000000000004,0.10250000000000004,71800.0,17950.0,5
b50_lb10_k3_eps0p0025,hierarchical_local_aggregate,confidence,4,random_8_circuit,random,8,circuit,0.0,0.0,0.0,0.0,0.0,80000.0,20000.0,5
b50_lb10_k3_eps0p0025,hierarchical_local_aggregate,confidence,4,random_9_circuit,random,9,circuit,0.0,0.0,0.0,0.0,0.0,80000.0,20000.0,5
b50_lb10_k3_eps0p0025,hierarchical_local_aggregate,confidence,4,vqe_10_circuit,vqe,10,circuit,0.010395879877092647,0.01342689754450233,0.01368902009252289,0.52,0.52,38400.0,9600.0,5
b50_lb10_k3_eps0p0025,hierarchical_local_aggregate,confidence,4,vqe_11_circuit,vqe,11,circuit,0.009745261412281535,0.010895543961552146,0.011096297501961786,0.51625,0.515,38700.0,9700.0,5
b50_lb10_k3_eps0p0025,hierarchical_local_aggregate,confidence,4,vqe_12_circuit,vqe,12,circuit,0.009344199870397245,0.009808611670483849,0.009865386938663822,0.44562500000000005,0.43999999999999995,44350.0,11200.0,5
b50_lb10_k3_eps0p0025,hierarchical_local_aggregate,confidence,4,vqe_13_circuit,vqe,13,circuit,0.007514486134525393,0.007986086332464918,0.008027810249429817,0.2875,0.2875,57000.0,14250.0,5
b50_lb10_k3_eps0p0025,hierarchical_local_aggregate,confidence,4,vqe_14_circuit,vqe,14,circuit,0.0007193143753212829,0.0023256090377346043,0.002423278651026904,0.0031250000000000444,0.0,79750.0,20000.0,5
b50_lb10_k3_eps0p0025,hierarchical_local_aggregate,confidence,4,vqe_15_circuit,vqe,15,circuit,0.0,0.002333091945339093,0.002457301102875922,0.0,0.0,80000.0,20000.0,5
b50_lb10_k3_eps0p0025,hierarchical_local_aggregate,confidence,4,vqe_4_circuit,vqe,4,circuit,0.0028488581090470905,0.0031669611257891016,0.003235357171749879,0.9,0.9,8000.0,2000.0,5
b50_lb10_k3_eps0p0025,hierarchical_local_aggregate,confidence,4,vqe_5_circuit,vqe,5,circuit,0.0054596180799361274,0.005990609025600361,0.006109518995512425,0.8275,0.8275,13800.0,3450.0,5
b50_lb10_k3_eps0p0025,hierarchical_local_aggregate,confidence,4,vqe_6_circuit,vqe,6,circuit,0.004363514862827923,0.006167177839871469,0.006203862723203827,0.845,0.845,12400.0,3100.0,5
b50_lb10_k3_eps0p0025,hierarchical_local_aggregate,confidence,4,vqe_7_circuit,vqe,7,circuit,0.005816028735941854,0.007619774943703387,0.007621546255052078,0.725,0.725,22000.0,5500.0,5
b50_lb10_k3_eps0p0025,hierarchical_local_aggregate,confidence,4,vqe_8_circuit,vqe,8,circuit,0.008074884538060769,0.010055361010477307,0.010374782366661648,0.675,0.675,26000.0,6500.0,5
b50_lb10_k3_eps0p0025,hierarchical_local_aggregate,confidence,4,vqe_9_circuit,vqe,9,circuit,0.006961595246680435,0.008716330366932165,0.008746635505653135,0.63,0.63,29600.0,7400.0,5
b50_lb10_k3_eps0p0025,hierarchical_local_aggregate,confidence,5,dj_10_circuit,dj,10,circuit,0.008274480505133788,0.008274480505133788,0.008274480505133788,0.655,0.655,34500.0,6900.0,1
b50_lb10_k3_eps0p0025,hierarchical_local_aggregate,confidence,5,dj_11_circuit,dj,11,circuit,0.009224548259715769,0.009224548259715769,0.009224548259715769,0.56,0.56,44000.0,8800.0,1
b50_lb10_k3_eps0p0025,hierarchical_local_aggregate,confidence,5,dj_12_circuit,dj,12,circuit,0.008642567177392372,0.008642567177392372,0.008642567177392372,0.473,0.47,52700.0,10600.0,1
b50_lb10_k3_eps0p0025,hierarchical_local_aggregate,confidence,5,dj_13_circuit,dj,13,circuit,0.00871686208368445,0.00871686208368445,0.00871686208368445,0.4425,0.4425,55750.0,11150.0,1
b50_lb10_k3_eps0p0025,hierarchical_local_aggregate,confidence,5,dj_14_circuit,dj,14,circuit,0.007915583391952398,0.007915583391952398,0.007915583391952398,0.345,0.345,65500.0,13100.0,1
b50_lb10_k3_eps0p0025,hierarchical_local_aggregate,confidence,5,dj_15_circuit,dj,15,circuit,0.007042286795427859,0.007042286795427859,0.007042286795427859,0.2025,0.2025,79750.0,15950.0,1
b50_lb10_k3_eps0p0025,hierarchical_local_aggregate,confidence,5,dj_4_circuit,dj,4,circuit,0.004270374217223125,0.004270374217223125,0.004270374217223125,0.935,0.935,6500.0,1300.0,1
b50_lb10_k3_eps0p0025,hierarchical_local_aggregate,confidence,5,dj_5_circuit,dj,5,circuit,0.0034986420054801542,0.0034986420054801542,0.0034986420054801542,0.915,0.915,8500.0,1700.0,1
b50_lb10_k3_eps0p0025,hierarchical_local_aggregate,confidence,5,dj_6_circuit,dj,6,circuit,0.00411287868301749,0.00411287868301749,0.00411287868301749,0.8625,0.8625,13750.0,2750.0,1
b50_lb10_k3_eps0p0025,hierarchical_local_aggregate,confidence,5,dj_7_circuit,dj,7,circuit,0.005889412813960726,0.005889412813960726,0.005889412813960726,0.8200000000000001,0.8200000000000001,18000.0,3600.0,1
b50_lb10_k3_eps0p0025,hierarchical_local_aggregate,confidence,5,dj_8_circuit,dj,8,circuit,0.005526927395769863,0.005526927395769863,0.005526927395769863,0.7375,0.7375,26250.0,5250.0,1
b50_lb10_k3_eps0p0025,hierarchical_local_aggregate,confidence,5,dj_9_circuit,dj,9,circuit,0.007159964649047019,0.007159964649047019,0.007159964649047019,0.725,0.725,27500.0,5500.0,1
b50_lb10_k3_eps0p0025,hierarchical_local_aggregate,confidence,5,qaoa_10_circuit,qaoa,10,circuit,0.0,0.0,0.0,0.0,0.0,100000.0,20000.0,1
b50_lb10_k3_eps0p0025,hierarchical_local_aggregate,confidence,5,qaoa_11_circuit,qaoa,11,circuit,0.0,0.0,0.0,0.0,0.0,100000.0,20000.0,1
b50_lb10_k3_eps0p0025,hierarchical_local_aggregate,confidence,5,qaoa_12_circuit,qaoa,12,circuit,0.0,0.0,0.0,0.0,0.0,100000.0,20000.0,1
b50_lb10_k3_eps0p0025,hierarchical_local_aggregate,confidence,5,qaoa_13_circuit,qaoa,13,circuit,0.0,0.0,0.0,0.0,0.0,100000.0,20000.0,1
b50_lb10_k3_eps0p0025,hierarchical_local_aggregate,confidence,5,qaoa_14_circuit,qaoa,14,circuit,0.0,0.0,0.0,0.0,0.0,100000.0,20000.0,1
b50_lb10_k3_eps0p0025,hierarchical_local_aggregate,confidence,5,qaoa_15_circuit,qaoa,15,circuit,0.0,0.0,0.0,0.0,0.0,100000.0,20000.0,1
b50_lb10_k3_eps0p0025,hierarchical_local_aggregate,confidence,5,qaoa_4_circuit,qaoa,4,circuit,0.00859883927859378,0.00859883927859378,0.00859883927859378,0.81,0.81,19000.0,3800.0,1
b50_lb10_k3_eps0p0025,hierarchical_local_aggregate,confidence,5,qaoa_5_circuit,qaoa,5,circuit,0.009200512854866635,0.009200512854866635,0.009200512854866635,0.735,0.735,26500.0,5300.0,1
b50_lb10_k3_eps0p0025,hierarchical_local_aggregate,confidence,5,qaoa_6_circuit,qaoa,6,circuit,0.006315226890268226,0.006315226890268226,0.006315226890268226,0.475,0.475,52500.0,10500.0,1
b50_lb10_k3_eps0p0025,hierarchical_local_aggregate,confidence,5,qaoa_7_circuit,qaoa,7,circuit,0.007835239038426568,0.007835239038426568,0.007835239038426568,0.29000000000000004,0.29000000000000004,71000.0,14200.0,1
b50_lb10_k3_eps0p0025,hierarchical_local_aggregate,confidence,5,qaoa_8_circuit,qaoa,8,circuit,0.00505264480578663,0.00505264480578663,0.00505264480578663,0.13749999999999996,0.13749999999999996,86250.0,17250.0,1
b50_lb10_k3_eps0p0025,hierarchical_local_aggregate,confidence,5,qaoa_9_circuit,qaoa,9,circuit,0.0,0.0,0.0,0.0,0.0,100000.0,20000.0,1
b50_lb10_k3_eps0p0025,hierarchical_local_aggregate,confidence,5,qft_10_circuit,qft,10,circuit,0.0,0.0,0.0,0.0,0.0,100000.0,20000.0,1
b50_lb10_k3_eps0p0025,hierarchical_local_aggregate,confidence,5,qft_11_circuit,qft,11,circuit,0.0,0.0,0.0,0.0,0.0,100000.0,20000.0,1
b50_lb10_k3_eps0p0025,hierarchical_local_aggregate,confidence,5,qft_12_circuit,qft,12,circuit,0.0,0.0,0.0,0.0,0.0,100000.0,20000.0,1
b50_lb10_k3_eps0p0025,hierarchical_local_aggregate,confidence,5,qft_13_circuit,qft,13,circuit,0.0,0.0,0.0,0.0,0.0,100000.0,20000.0,1
b50_lb10_k3_eps0p0025,hierarchical_local_aggregate,confidence,5,qft_14_circuit,qft,14,circuit,0.0,0.0,0.0,0.0,0.0,100000.0,20000.0,1
b50_lb10_k3_eps0p0025,hierarchical_local_aggregate,confidence,5,qft_15_circuit,qft,15,circuit,0.0,0.0,0.0,0.0,0.0,100000.0,20000.0,1
b50_lb10_k3_eps0p0025,hierarchical_local_aggregate,confidence,5,qft_4_circuit,qft,4,circuit,0.0082981930571525,0.0082981930571525,0.0082981930571525,0.6525000000000001,0.6525000000000001,34750.0,6950.0,1
b50_lb10_k3_eps0p0025,hierarchical_local_aggregate,confidence,5,qft_5_circuit,qft,5,circuit,0.007793308194878012,0.007793308194878012,0.007793308194878012,0.5575,0.5575,44250.0,8850.0,1
b50_lb10_k3_eps0p0025,hierarchical_local_aggregate,confidence,5,qft_6_circuit,qft,6,circuit,0.007934830062570113,0.007934830062570113,0.007934830062570113,0.3375,0.3375,66250.0,13250.0,1
b50_lb10_k3_eps0p0025,hierarchical_local_aggregate,confidence,5,qft_7_circuit,qft,7,circuit,0.00517511241772517,0.00517511241772517,0.00517511241772517,0.11250000000000004,0.11250000000000004,88750.0,17750.0,1
b50_lb10_k3_eps0p0025,hierarchical_local_aggregate,confidence,5,qft_8_circuit,qft,8,circuit,0.0,0.0,0.0,0.0,0.0,100000.0,20000.0,1
b50_lb10_k3_eps0p0025,hierarchical_local_aggregate,confidence,5,qft_9_circuit,qft,9,circuit,0.0,0.0,0.0,0.0,0.0,100000.0,20000.0,1
b50_lb10_k3_eps0p0025,hierarchical_local_aggregate,confidence,5,qnn_10_circuit,qnn,10,circuit,0.0,0.0,0.0,0.0,0.0,100000.0,20000.0,1
b50_lb10_k3_eps0p0025,hierarchical_local_aggregate,confidence,5,qnn_11_circuit,qnn,11,circuit,0.0,0.0,0.0,0.0,0.0,100000.0,20000.0,1
b50_lb10_k3_eps0p0025,hierarchical_local_aggregate,confidence,5,qnn_12_circuit,qnn,12,circuit,0.0,0.0,0.0,0.0,0.0,100000.0,20000.0,1
b50_lb10_k3_eps0p0025,hierarchical_local_aggregate,confidence,5,qnn_13_circuit,qnn,13,circuit,0.0,0.0,0.0,0.0,0.0,100000.0,20000.0,1
b50_lb10_k3_eps0p0025,hierarchical_local_aggregate,confidence,5,qnn_14_circuit,qnn,14,circuit,0.0,0.0,0.0,0.0,0.0,100000.0,20000.0,1
b50_lb10_k3_eps0p0025,hierarchical_local_aggregate,confidence,5,qnn_15_circuit,qnn,15,circuit,0.0,0.0,0.0,0.0,0.0,100000.0,20000.0,1
b50_lb10_k3_eps0p0025,hierarchical_local_aggregate,confidence,5,qnn_4_circuit,qnn,4,circuit,0.00921758476563697,0.00921758476563697,0.00921758476563697,0.775,0.775,22500.0,4500.0,1
b50_lb10_k3_eps0p0025,hierarchical_local_aggregate,confidence,5,qnn_5_circuit,qnn,5,circuit,0.009041242262734846,0.009041242262734846,0.009041242262734846,0.635,0.635,36500.0,7300.0,1
b50_lb10_k3_eps0p0025,hierarchical_local_aggregate,confidence,5,qnn_6_circuit,qnn,6,circuit,0.0065516817643622,0.0065516817643622,0.0065516817643622,0.49,0.49,51000.0,10200.0,1
b50_lb10_k3_eps0p0025,hierarchical_local_aggregate,confidence,5,qnn_7_circuit,qnn,7,circuit,0.003859603033028763,0.003859603033028763,0.003859603033028763,0.07999999999999996,0.07999999999999996,92000.0,18400.0,1
b50_lb10_k3_eps0p0025,hierarchical_local_aggregate,confidence,5,qnn_8_circuit,qnn,8,circuit,0.0,0.0,0.0,0.0,0.0,100000.0,20000.0,1
b50_lb10_k3_eps0p0025,hierarchical_local_aggregate,confidence,5,qnn_9_circuit,qnn,9,circuit,0.0,0.0,0.0,0.0,0.0,100000.0,20000.0,1
b50_lb10_k3_eps0p0025,hierarchical_local_aggregate,confidence,5,random_10_circuit,random,10,circuit,0.0,0.0,0.0,0.0,0.0,100000.0,20000.0,1
b50_lb10_k3_eps0p0025,hierarchical_local_aggregate,confidence,5,random_11_circuit,random,11,circuit,0.0,0.0,0.0,0.0,0.0,100000.0,20000.0,1
b50_lb10_k3_eps0p0025,hierarchical_local_aggregate,confidence,5,random_12_circuit,random,12,circuit,0.0,0.0,0.0,0.0,0.0,100000.0,20000.0,1
b50_lb10_k3_eps0p0025,hierarchical_local_aggregate,confidence,5,random_13_circuit,random,13,circuit,0.0,0.0,0.0,0.0,0.0,100000.0,20000.0,1
b50_lb10_k3_eps0p0025,hierarchical_local_aggregate,confidence,5,random_14_circuit,random,14,circuit,0.0,0.0,0.0,0.0,0.0,100000.0,20000.0,1
b50_lb10_k3_eps0p0025,hierarchical_local_aggregate,confidence,5,random_15_circuit,random,15,circuit,0.0,0.0,0.0,0.0,0.0,100000.0,20000.0,1
b50_lb10_k3_eps0p0025,hierarchical_local_aggregate,confidence,5,random_4_circuit,random,4,circuit,0.004097299274764005,0.004097299274764005,0.004097299274764005,0.77,0.77,23000.0,4600.0,1
b50_lb10_k3_eps0p0025,hierarchical_local_aggregate,confidence,5,random_5_circuit,random,5,circuit,0.009411061042125737,0.009411061042125737,0.009411061042125737,0.7,0.7,30000.0,6000.0,1
b50_lb10_k3_eps0p0025,hierarchical_local_aggregate,confidence,5,random_6_circuit,random,6,circuit,0.009285884283183556,0.009285884283183556,0.009285884283183556,0.51,0.51,49000.0,9800.0,1
b50_lb10_k3_eps0p0025,hierarchical_local_aggregate,confidence,5,random_7_circuit,random,7,circuit,0.008015583098375035,0.008015583098375035,0.008015583098375035,0.29500000000000004,0.29500000000000004,70500.0,14100.0,1
b50_lb10_k3_eps0p0025,hierarchical_local_aggregate,confidence,5,random_8_circuit,random,8,circuit,0.0,0.0,0.0,0.0,0.0,100000.0,20000.0,1
b50_lb10_k3_eps0p0025,hierarchical_local_aggregate,confidence,5,random_9_circuit,random,9,circuit,0.0,0.0,0.0,0.0,0.0,100000.0,20000.0,1
b50_lb10_k3_eps0p0025,hierarchical_local_aggregate,confidence,5,vqe_10_circuit,vqe,10,circuit,0.011381667825065127,0.011381667825065127,0.011381667825065127,0.5425,0.5425,45750.0,9150.0,1
b50_lb10_k3_eps0p0025,hierarchical_local_aggregate,confidence,5,vqe_11_circuit,vqe,11,circuit,0.010097167732711333,0.010097167732711333,0.010097167732711333,0.5425,0.5425,45750.0,9150.0,1
b50_lb10_k3_eps0p0025,hierarchical_local_aggregate,confidence,5,vqe_12_circuit,vqe,12,circuit,0.008588749152857398,0.008588749152857398,0.008588749152857398,0.475,0.475,52500.0,10500.0,1
b50_lb10_k3_eps0p0025,hierarchical_local_aggregate,confidence,5,vqe_13_circuit,vqe,13,circuit,0.0073751963849262615,0.0073751963849262615,0.0073751963849262615,0.30000000000000004,0.30000000000000004,70000.0,14000.0,1
b50_lb10_k3_eps0p0025,hierarchical_local_aggregate,confidence,5,vqe_14_circuit,vqe,14,circuit,0.004158636329552591,0.004158636329552591,0.004158636329552591,0.0625,0.0625,93750.0,18750.0,1
b50_lb10_k3_eps0p0025,hierarchical_local_aggregate,confidence,5,vqe_15_circuit,vqe,15,circuit,0.0026632989123980123,0.0026632989123980123,0.0026632989123980123,0.03249999999999997,0.03249999999999997,96750.0,19350.0,1
b50_lb10_k3_eps0p0025,hierarchical_local_aggregate,confidence,5,vqe_4_circuit,vqe,4,circuit,0.002471098826147742,0.002471098826147742,0.002471098826147742,0.9,0.9,10000.0,2000.0,1
b50_lb10_k3_eps0p0025,hierarchical_local_aggregate,confidence,5,vqe_5_circuit,vqe,5,circuit,0.004715245601999644,0.004715245601999644,0.004715245601999644,0.825,0.825,17500.0,3500.0,1
b50_lb10_k3_eps0p0025,hierarchical_local_aggregate,confidence,5,vqe_6_circuit,vqe,6,circuit,0.004666615981084138,0.004666615981084138,0.004666615981084138,0.86,0.86,14000.0,2800.0,1
b50_lb10_k3_eps0p0025,hierarchical_local_aggregate,confidence,5,vqe_7_circuit,vqe,7,circuit,0.008188317326072711,0.008188317326072711,0.008188317326072711,0.7875,0.7875,21250.0,4250.0,1
b50_lb10_k3_eps0p0025,hierarchical_local_aggregate,confidence,5,vqe_8_circuit,vqe,8,circuit,0.006835827940692751,0.006835827940692751,0.006835827940692751,0.6775,0.6775,32250.0,6450.0,1
b50_lb10_k3_eps0p0025,hierarchical_local_aggregate,confidence,5,vqe_9_circuit,vqe,9,circuit,0.005563608202102603,0.005563608202102603,0.005563608202102603,0.63,0.63,37000.0,7400.0,1
b50_lb10_k3_eps0p0025,hierarchical_local_aggregate,shot_proportional,1,dj_10_circuit,dj,10,circuit,0.008150000000000003,0.011255426902753341,0.011695962732919283,0.25,0.25,15000.0,15000.0,5
b50_lb10_k3_eps0p0025,hierarchical_local_aggregate,shot_proportional,1,dj_11_circuit,dj,11,circuit,0.005184507042253505,0.011879011316259654,0.01200869565217388,0.11250000000000004,0.11250000000000004,17750.0,17750.0,5
b50_lb10_k3_eps0p0025,hierarchical_local_aggregate,shot_proportional,1,dj_12_circuit,dj,12,circuit,0.0055946236559139655,0.010508623966516856,0.01079708737864077,0.06999999999999995,0.06999999999999995,18600.0,18600.0,5
b50_lb10_k3_eps0p0025,hierarchical_local_aggregate,shot_proportional,1,dj_13_circuit,dj,13,circuit,0.0,0.008897495264314452,0.008918858131487946,0.0,0.0,20000.0,20000.0,5
b50_lb10_k3_eps0p0025,hierarchical_local_aggregate,shot_proportional,1,dj_14_circuit,dj,14,circuit,0.0,0.009606456180635308,0.009797435897435921,0.0,0.0,20000.0,20000.0,5
b50_lb10_k3_eps0p0025,hierarchical_local_aggregate,shot_proportional,1,dj_15_circuit,dj,15,circuit,0.0,0.008200707610146853,0.008759813084112148,0.0,0.0,20000.0,20000.0,5
b50_lb10_k3_eps0p0025,hierarchical_local_aggregate,shot_proportional,1,dj_4_circuit,dj,4,circuit,0.0054188679245283505,0.008252727272727281,0.008931818181818188,0.87,0.87,2600.0,2600.0,5
b50_lb10_k3_eps0p0025,hierarchical_local_aggregate,shot_proportional,1,dj_5_circuit,dj,5,circuit,0.005141803278688479,0.006465670307845096,0.006660377358490575,0.8325,0.8325,3350.0,3350.0,5
b50_lb10_k3_eps0p0025,hierarchical_local_aggregate,shot_proportional,1,dj_6_circuit,dj,6,circuit,0.008426923076923108,0.010434561650257827,0.01091851851851848,0.74,0.74,5200.0,5200.0,5
b50_lb10_k3_eps0p0025,hierarchical_local_aggregate,shot_proportional,1,dj_7_circuit,dj,7,circuit,0.008615662650602395,0.011007743043627633,0.011417073170731725,0.645,0.645,7100.0,7100.0,5
b50_lb10_k3_eps0p0025,hierarchical_local_aggregate,shot_proportional,1,dj_8_circuit,dj,8,circuit,0.009708064516129,0.01158413265306125,0.011952040816326557,0.5349999999999999,0.5349999999999999,9300.0,9300.0,5
b50_lb10_k3_eps0p0025,hierarchical_local_aggregate,shot_proportional,1,dj_9_circuit,dj,9,circuit,0.010468047337278134,0.011237973884039477,0.011334426229508216,0.4225,0.4225,11550.0,11550.0,5
b50_lb10_k3_eps0p0025,hierarchical_local_aggregate,shot_proportional,1,qaoa_10_circuit,qaoa,10,circuit,0.0,0.0,0.0,0.0,0.0,20000.0,20000.0,5
b50_lb10_k3_eps0p0025,hierarchical_local_aggregate,shot_proportional,1,qaoa_11_circuit,qaoa,11,circuit,0.0,0.0,0.0,0.0,0.0,20000.0,20000.0,5
b50_lb10_k3_eps0p0025,hierarchical_local_aggregate,shot_proportional,1,qaoa_12_circuit,qaoa,12,circuit,0.0,0.0,0.0,0.0,0.0,20000.0,20000.0,5
b50_lb10_k3_eps0p0025,hierarchical_local_aggregate,shot_proportional,1,qaoa_13_circuit,qaoa,13,circuit,0.0,0.0,0.0,0.0,0.0,20000.0,20000.0,5
b50_lb10_k3_eps0p0025,hierarchical_local_aggregate,shot_proportional,1,qaoa_14_circuit,qaoa,14,circuit,0.0,0.0,0.0,0.0,0.0,20000.0,20000.0,5
b50_lb10_k3_eps0p0025,hierarchical_local_aggregate,shot_proportional,1,qaoa_15_circuit,qaoa,15,circuit,0.0,0.0,0.0,0.0,0.0,20000.0,20000.0,5
b50_lb10_k3_eps0p0025,hierarchical_local_aggregate,shot_proportional,1,qaoa_4_circuit,qaoa,4,circuit,0.00778911564625852,0.009914967234023839,0.00992106918238994,0.6425000000000001,0.6425000000000001,7150.0,7150.0,5
b50_lb10_k3_eps0p0025,hierarchical_local_aggregate,shot_proportional,1,qaoa_5_circuit,qaoa,5,circuit,0.007346757679180891,0.010295875169606502,0.010840298507462678,0.29500000000000004,0.29500000000000004,14100.0,14100.0,5
b50_lb10_k3_eps0p0025,hierarchical_local_aggregate,shot_proportional,1,qaoa_6_circuit,qaoa,6,circuit,0.0,0.004558170586837729,0.004593478260869563,0.0,0.0,20000.0,20000.0,5
b50_lb10_k3_eps0p0025,hierarchical_local_aggregate,shot_proportional,1,qaoa_7_circuit,qaoa,7,circuit,0.0,0.0,0.0,0.0,0.0,20000.0,20000.0,5
b50_lb10_k3_eps0p0025,hierarchical_local_aggregate,shot_proportional,1,qaoa_8_circuit,qaoa,8,circuit,0.0,0.0,0.0,0.0,0.0,20000.0,20000.0,5
b50_lb10_k3_eps0p0025,hierarchical_local_aggregate,shot_proportional,1,qaoa_9_circuit,qaoa,9,circuit,0.0,0.0,0.0,0.0,0.0,20000.0,20000.0,5
b50_lb10_k3_eps0p0025,hierarchical_local_aggregate,shot_proportional,1,qft_10_circuit,qft,10,circuit,0.0,0.0,0.0,0.0,0.0,20000.0,20000.0,5
b50_lb10_k3_eps0p0025,hierarchical_local_aggregate,shot_proportional,1,qft_11_circuit,qft,11,circuit,0.0,0.0,0.0,0.0,0.0,20000.0,20000.0,5
b50_lb10_k3_eps0p0025,hierarchical_local_aggregate,shot_proportional,1,qft_12_circuit,qft,12,circuit,0.0,0.0,0.0,0.0,0.0,20000.0,20000.0,5
b50_lb10_k3_eps0p0025,hierarchical_local_aggregate,shot_proportional,1,qft_13_circuit,qft,13,circuit,0.0,0.0,0.0,0.0,0.0,20000.0,20000.0,5
b50_lb10_k3_eps0p0025,hierarchical_local_aggregate,shot_proportional,1,qft_14_circuit,qft,14,circuit,0.0,0.0,0.0,0.0,0.0,20000.0,20000.0,5
b50_lb10_k3_eps0p0025,hierarchical_local_aggregate,shot_proportional,1,qft_15_circuit,qft,15,circuit,0.0,0.0,0.0,0.0,0.0,20000.0,20000.0,5
b50_lb10_k3_eps0p0025,hierarchical_local_aggregate,shot_proportional,1,qft_4_circuit,qft,4,circuit,0.010529735682819372,0.011147682843472322,0.011270129870129878,0.4325,0.4325,11350.0,11350.0,5
b50_lb10_k3_eps0p0025,hierarchical_local_aggregate,shot_proportional,1,qft_5_circuit,qft,5,circuit,0.006196408839778997,0.007241449275362313,0.007426811594202895,0.09499999999999997,0.09499999999999997,18100.0,18100.0,5
b50_lb10_k3_eps0p0025,hierarchical_local_aggregate,shot_proportional,1,qft_6_circuit,qft,6,circuit,0.0,0.0,0.0,0.0,0.0,20000.0,20000.0,5
b50_lb10_k3_eps0p0025,hierarchical_local_aggregate,shot_proportional,1,qft_7_circuit,qft,7,circuit,0.0,0.0,0.0,0.0,0.0,20000.0,20000.0,5
b50_lb10_k3_eps0p0025,hierarchical_local_aggregate,shot_proportional,1,qft_8_circuit,qft,8,circuit,0.0,0.0,0.0,0.0,0.0,20000.0,20000.0,5
b50_lb10_k3_eps0p0025,hierarchical_local_aggregate,shot_proportional,1,qft_9_circuit,qft,9,circuit,0.0,0.0,0.0,0.0,0.0,20000.0,20000.0,5
b50_lb10_k3_eps0p0025,hierarchical_local_aggregate,shot_proportional,1,qnn_10_circuit,qnn,10,circuit,0.0,0.0,0.0,0.0,0.0,20000.0,20000.0,5
b50_lb10_k3_eps0p0025,hierarchical_local_aggregate,shot_proportional,1,qnn_11_circuit,qnn,11,circuit,0.0,0.0,0.0,0.0,0.0,20000.0,20000.0,5
b50_lb10_k3_eps0p0025,hierarchical_local_aggregate,shot_proportional,1,qnn_12_circuit,qnn,12,circuit,0.0,0.0,0.0,0.0,0.0,20000.0,20000.0,5
b50_lb10_k3_eps0p0025,hierarchical_local_aggregate,shot_proportional,1,qnn_13_circuit,qnn,13,circuit,0.0,0.0,0.0,0.0,0.0,20000.0,20000.0,5
b50_lb10_k3_eps0p0025,hierarchical_local_aggregate,shot_proportional,1,qnn_14_circuit,qnn,14,circuit,0.0,0.0,0.0,0.0,0.0,20000.0,20000.0,5
b50_lb10_k3_eps0p0025,hierarchical_local_aggregate,shot_proportional,1,qnn_15_circuit,qnn,15,circuit,0.0,0.0,0.0,0.0,0.0,20000.0,20000.0,5
b50_lb10_k3_eps0p0025,hierarchical_local_aggregate,shot_proportional,1,qnn_4_circuit,qnn,4,circuit,0.009510992907801429,0.014031918906176324,0.014823809523809517,0.495,0.495,10100.0,10100.0,5
b50_lb10_k3_eps0p0025,hierarchical_local_aggregate,shot_proportional,1,qnn_5_circuit,qnn,5,circuit,0.005893657817109153,0.0071281576893052374,0.00725245901639345,0.15249999999999997,0.15249999999999997,16950.0,16950.0,5
b50_lb10_k3_eps0p0025,hierarchical_local_aggregate,shot_proportional,1,qnn_6_circuit,qnn,6,circuit,0.0,0.0,0.0,0.0,0.0,20000.0,20000.0,5
b50_lb10_k3_eps0p0025,hierarchical_local_aggregate,shot_proportional,1,qnn_7_circuit,qnn,7,circuit,0.0,0.0,0.0,0.0,0.0,20000.0,20000.0,5
b50_lb10_k3_eps0p0025,hierarchical_local_aggregate,shot_proportional,1,qnn_8_circuit,qnn,8,circuit,0.0,0.0,0.0,0.0,0.0,20000.0,20000.0,5
b50_lb10_k3_eps0p0025,hierarchical_local_aggregate,shot_proportional,1,qnn_9_circuit,qnn,9,circuit,0.0,0.0,0.0,0.0,0.0,20000.0,20000.0,5
b50_lb10_k3_eps0p0025,hierarchical_local_aggregate,shot_proportional,1,random_10_circuit,random,10,circuit,0.0,0.0,0.0,0.0,0.0,20000.0,20000.0,5
b50_lb10_k3_eps0p0025,hierarchical_local_aggregate,shot_proportional,1,random_11_circuit,random,11,circuit,0.0,0.0,0.0,0.0,0.0,20000.0,20000.0,5
b50_lb10_k3_eps0p0025,hierarchical_local_aggregate,shot_proportional,1,random_12_circuit,random,12,circuit,0.0,0.0,0.0,0.0,0.0,20000.0,20000.0,5
b50_lb10_k3_eps0p0025,hierarchical_local_aggregate,shot_proportional,1,random_13_circuit,random,13,circuit,0.0,0.0,0.0,0.0,0.0,20000.0,20000.0,5
b50_lb10_k3_eps0p0025,hierarchical_local_aggregate,shot_proportional,1,random_14_circuit,random,14,circuit,0.0,0.0,0.0,0.0,0.0,20000.0,20000.0,5
b50_lb10_k3_eps0p0025,hierarchical_local_aggregate,shot_proportional,1,random_15_circuit,random,15,circuit,0.0,0.0,0.0,0.0,0.0,20000.0,20000.0,5
b50_lb10_k3_eps0p0025,hierarchical_local_aggregate,shot_proportional,1,random_4_circuit,random,4,circuit,0.00711980198019802,0.01403505285695169,0.015094680851063828,0.5925,0.5925,8150.0,8150.0,5
b50_lb10_k3_eps0p0025,hierarchical_local_aggregate,shot_proportional,1,random_5_circuit,random,5,circuit,0.0070052995391704865,0.008251457955232909,0.00840862068965517,0.3075,0.3075,13850.0,13850.0,5
b50_lb10_k3_eps0p0025,hierarchical_local_aggregate,shot_proportional,1,random_6_circuit,random,6,circuit,0.0,0.0,0.0,0.0,0.0,20000.0,20000.0,5
b50_lb10_k3_eps0p0025,hierarchical_local_aggregate,shot_proportional,1,random_7_circuit,random,7,circuit,0.0,0.0,0.0,0.0,0.0,20000.0,20000.0,5
b50_lb10_k3_eps0p0025,hierarchical_local_aggregate,shot_proportional,1,random_8_circuit,random,8,circuit,0.0,0.0,0.0,0.0,0.0,20000.0,20000.0,5
b50_lb10_k3_eps0p0025,hierarchical_local_aggregate,shot_proportional,1,random_9_circuit,random,9,circuit,0.0,0.0,0.0,0.0,0.0,20000.0,20000.0,5
b50_lb10_k3_eps0p0025,hierarchical_local_aggregate,shot_proportional,1,vqe_10_circuit,vqe,10,circuit,0.007906340057636858,0.010540694980694954,0.010851544401544358,0.16749999999999998,0.16749999999999998,16650.0,16650.0,5
b50_lb10_k3_eps0p0025,hierarchical_local_aggregate,shot_proportional,1,vqe_11_circuit,vqe,11,circuit,0.006273988439306386,0.010891084529505626,0.011084688995215366,0.135,0.135,17300.0,17300.0,5
b50_lb10_k3_eps0p0025,hierarchical_local_aggregate,shot_proportional,1,vqe_12_circuit,vqe,12,circuit,0.006890350877192961,0.01068012231431563,0.011154651162790722,0.14500000000000002,0.14500000000000002,17100.0,17100.0,5
b50_lb10_k3_eps0p0025,hierarchical_local_aggregate,shot_proportional,1,vqe_13_circuit,vqe,13,circuit,0.0,0.00585333333333332,0.007316666666666651,0.0,0.0,20000.0,20000.0,5
b50_lb10_k3_eps0p0025,hierarchical_local_aggregate,shot_proportional,1,vqe_14_circuit,vqe,14,circuit,0.0,0.001540253164556963,0.0019253164556962041,0.0,0.0,20000.0,20000.0,5
b50_lb10_k3_eps0p0025,hierarchical_local_aggregate,shot_proportional,1,vqe_15_circuit,vqe,15,circuit,0.0,0.0,0.0,0.0,0.0,20000.0,20000.0,5
b50_lb10_k3_eps0p0025,hierarchical_local_aggregate,shot_proportional,1,vqe_4_circuit,vqe,4,circuit,0.005539552238805997,0.006149956709956668,0.006213636363636312,0.8375,0.8375,3250.0,3250.0,5
b50_lb10_k3_eps0p0025,hierarchical_local_aggregate,shot_proportional,1,vqe_5_circuit,vqe,5,circuit,0.008446581196581177,0.010243529766520244,0.010460062893081807,0.6599999999999999,0.6599999999999999,6800.0,6800.0,5
b50_lb10_k3_eps0p0025,hierarchical_local_aggregate,shot_proportional,1,vqe_6_circuit,vqe,6,circuit,0.006804878048780457,0.007747487684729081,0.007887931034482782,0.725,0.725,5500.0,5500.0,5
b50_lb10_k3_eps0p0025,hierarchical_local_aggregate,shot_proportional,1,vqe_7_circuit,vqe,7,circuit,0.007410256410256376,0.009692878787878795,0.010084848484848488,0.5875,0.5875,8250.0,8250.0,5
b50_lb10_k3_eps0p0025,hierarchical_local_aggregate,shot_proportional,1,vqe_8_circuit,vqe,8,circuit,0.008984482758620717,0.012574086148982425,0.01288809523809525,0.39749999999999996,0.39749999999999996,12050.0,12050.0,5
b50_lb10_k3_eps0p0025,hierarchical_local_aggregate,shot_proportional,1,vqe_9_circuit,vqe,9,circuit,0.009240909090909103,0.013757113752122258,0.013866129032258081,0.38,0.38,12400.0,12400.0,5
b50_lb10_k3_eps0p0025,hierarchical_local_aggregate,shot_proportional,2,dj_10_circuit,dj,10,circuit,0.009766244530870232,0.011930083289590252,0.012508282208588932,0.54,0.54,18400.0,9200.0,10
b50_lb10_k3_eps0p0025,hierarchical_local_aggregate,shot_proportional,2,dj_11_circuit,dj,11,circuit,0.010286274509803892,0.012044493119086754,0.012117573696145178,0.44125000000000003,0.43875000000000003,22350.0,11225.0,10
b50_lb10_k3_eps0p0025,hierarchical_local_aggregate,shot_proportional,2,dj_12_circuit,dj,12,circuit,0.009967257583614225,0.012380672447247117,0.01274736842105266,0.33249999999999996,0.33249999999999996,26700.0,13350.0,10
b50_lb10_k3_eps0p0025,hierarchical_local_aggregate,shot_proportional,2,dj_13_circuit,dj,13,circuit,0.008213040219997872,0.009705742009132469,0.010591666666666772,0.273125,0.26875,29075.0,14625.0,10
b50_lb10_k3_eps0p0025,hierarchical_local_aggregate,shot_proportional,2,dj_14_circuit,dj,14,circuit,0.008695291198205042,0.011175380642441165,0.011541335740072253,0.21437500000000004,0.20875,31425.0,15825.0,10
b50_lb10_k3_eps0p0025,hierarchical_local_aggregate,shot_proportional,2,dj_15_circuit,dj,15,circuit,0.006855240804424784,0.0096768934991382,0.009749923664122239,0.11562500000000003,0.10625000000000001,35375.0,17875.0,10
b50_lb10_k3_eps0p0025,hierarchical_local_aggregate,shot_proportional,2,dj_4_circuit,dj,4,circuit,0.004168956043956057,0.005151029411764744,0.0052882352941177125,0.91,0.90625,3600.0,1875.0,10
b50_lb10_k3_eps0p0025,hierarchical_local_aggregate,shot_proportional,2,dj_5_circuit,dj,5,circuit,0.00439952107279697,0.005662181818181799,0.006250454545454502,0.8625,0.8600000000000001,5500.0,2800.0,10
b50_lb10_k3_eps0p0025,hierarchical_local_aggregate,shot_proportional,2,dj_6_circuit,dj,6,circuit,0.006776700680272066,0.008939203652788708,0.00913552631578949,0.8131250000000001,0.81,7475.0,3800.0,10
b50_lb10_k3_eps0p0025,hierarchical_local_aggregate,shot_proportional,2,dj_7_circuit,dj,7,circuit,0.006979253127408561,0.01007976993865032,0.011290490797546047,0.74875,0.7425,10050.0,5150.0,10
b50_lb10_k3_eps0p0025,hierarchical_local_aggregate,shot_proportional,2,dj_8_circuit,dj,8,circuit,0.008000085616438352,0.010342537878787889,0.010483333333333336,0.6637500000000001,0.6575,13450.0,6850.0,10
b50_lb10_k3_eps0p0025,hierarchical_local_aggregate,shot_proportional,2,dj_9_circuit,dj,9,circuit,0.009449681528662466,0.010067869897959157,0.010379081632653029,0.5825,0.57875,16700.0,8425.0,10
b50_lb10_k3_eps0p0025,hierarchical_local_aggregate,shot_proportional,2,qaoa_10_circuit,qaoa,10,circuit,0.0,0.0,0.0,0.0,0.0,40000.0,20000.0,10
b50_lb10_k3_eps0p0025,hierarchical_local_aggregate,shot_proportional,2,qaoa_11_circuit,qaoa,11,circuit,0.0,0.0,0.0,0.0,0.0,40000.0,20000.0,10
b50_lb10_k3_eps0p0025,hierarchical_local_aggregate,shot_proportional,2,qaoa_12_circuit,qaoa,12,circuit,0.0,0.0,0.0,0.0,0.0,40000.0,20000.0,10
b50_lb10_k3_eps0p0025,hierarchical_local_aggregate,shot_proportional,2,qaoa_13_circuit,qaoa,13,circuit,0.0,0.0,0.0,0.0,0.0,40000.0,20000.0,10
b50_lb10_k3_eps0p0025,hierarchical_local_aggregate,shot_proportional,2,qaoa_14_circuit,qaoa,14,circuit,0.0,0.0,0.0,0.0,0.0,40000.0,20000.0,10
b50_lb10_k3_eps0p0025,hierarchical_local_aggregate,shot_proportional,2,qaoa_15_circuit,qaoa,15,circuit,0.0,0.0,0.0,0.0,0.0,40000.0,20000.0,10
b50_lb10_k3_eps0p0025,hierarchical_local_aggregate,shot_proportional,2,qaoa_4_circuit,qaoa,4,circuit,0.006020340819542955,0.01008249557260921,0.010862012987012993,0.7237499999999999,0.7237499999999999,11050.0,5525.0,10
b50_lb10_k3_eps0p0025,hierarchical_local_aggregate,shot_proportional,2,qaoa_5_circuit,qaoa,5,circuit,0.008211419025157238,0.00990350121359223,0.010264320388349516,0.50375,0.50375,19850.0,9925.0,10
b50_lb10_k3_eps0p0025,hierarchical_local_aggregate,shot_proportional,2,qaoa_6_circuit,qaoa,6,circuit,0.00720606118304138,0.00925934362934363,0.009266988416988425,0.31,0.31,27600.0,13800.0,10
b50_lb10_k3_eps0p0025,hierarchical_local_aggregate,shot_proportional,2,qaoa_7_circuit,qaoa,7,circuit,0.0,0.0,0.0,0.0,0.0,40000.0,20000.0,10
b50_lb10_k3_eps0p0025,hierarchical_local_aggregate,shot_proportional,2,qaoa_8_circuit,qaoa,8,circuit,0.0,0.0,0.0,0.0,0.0,40000.0,20000.0,10
b50_lb10_k3_eps0p0025,hierarchical_local_aggregate,shot_proportional,2,qaoa_9_circuit,qaoa,9,circuit,0.0,0.0,0.0,0.0,0.0,40000.0,20000.0,10
b50_lb10_k3_eps0p0025,hierarchical_local_aggregate,shot_proportional,2,qft_10_circuit,qft,10,circuit,0.0,0.0,0.0,0.0,0.0,40000.0,20000.0,10
b50_lb10_k3_eps0p0025,hierarchical_local_aggregate,shot_proportional,2,qft_11_circuit,qft,11,circuit,0.0,0.0,0.0,0.0,0.0,40000.0,20000.0,10
b50_lb10_k3_eps0p0025,hierarchical_local_aggregate,shot_proportional,2,qft_12_circuit,qft,12,circuit,0.0,0.0,0.0,0.0,0.0,40000.0,20000.0,10
b50_lb10_k3_eps0p0025,hierarchical_local_aggregate,shot_proportional,2,qft_13_circuit,qft,13,circuit,0.0,0.0,0.0,0.0,0.0,40000.0,20000.0,10
b50_lb10_k3_eps0p0025,hierarchical_local_aggregate,shot_proportional,2,qft_14_circuit,qft,14,circuit,0.0,0.0,0.0,0.0,0.0,40000.0,20000.0,10
b50_lb10_k3_eps0p0025,hierarchical_local_aggregate,shot_proportional,2,qft_15_circuit,qft,15,circuit,0.0,0.0,0.0,0.0,0.0,40000.0,20000.0,10
b50_lb10_k3_eps0p0025,hierarchical_local_aggregate,shot_proportional,2,qft_4_circuit,qft,4,circuit,0.009911445783132538,0.012150198412698416,0.012335714285714287,0.58125,0.58125,16750.0,8375.0,10
b50_lb10_k3_eps0p0025,hierarchical_local_aggregate,shot_proportional,2,qft_5_circuit,qft,5,circuit,0.008911538461538464,0.009517024616079495,0.009518495934959351,0.38,0.38,24800.0,12400.0,10
b50_lb10_k3_eps0p0025,hierarchical_local_aggregate,shot_proportional,2,qft_6_circuit,qft,6,circuit,0.004368842879918009,0.007481154359844421,0.007681797583081566,0.0625,0.0625,37500.0,18750.0,10
b50_lb10_k3_eps0p0025,hierarchical_local_aggregate,shot_proportional,2,qft_7_circuit,qft,7,circuit,0.0,0.0,0.0,0.0,0.0,40000.0,20000.0,10
b50_lb10_k3_eps0p0025,hierarchical_local_aggregate,shot_proportional,2,qft_8_circuit,qft,8,circuit,0.0,0.0,0.0,0.0,0.0,40000.0,20000.0,10
b50_lb10_k3_eps0p0025,hierarchical_local_aggregate,shot_proportional,2,qft_9_circuit,qft,9,circuit,0.0,0.0,0.0,0.0,0.0,40000.0,20000.0,10
b50_lb10_k3_eps0p0025,hierarchical_local_aggregate,shot_proportional,2,qnn_10_circuit,qnn,10,circuit,0.0,0.0,0.0,0.0,0.0,40000.0,20000.0,10
b50_lb10_k3_eps0p0025,hierarchical_local_aggregate,shot_proportional,2,qnn_11_circuit,qnn,11,circuit,0.0,0.0,0.0,0.0,0.0,40000.0,20000.0,10
b50_lb10_k3_eps0p0025,hierarchical_local_aggregate,shot_proportional,2,qnn_12_circuit,qnn,12,circuit,0.0,0.0,0.0,0.0,0.0,40000.0,20000.0,10
b50_lb10_k3_eps0p0025,hierarchical_local_aggregate,shot_proportional,2,qnn_13_circuit,qnn,13,circuit,0.0,0.0,0.0,0.0,0.0,40000.0,20000.0,10
b50_lb10_k3_eps0p0025,hierarchical_local_aggregate,shot_proportional,2,qnn_14_circuit,qnn,14,circuit,0.0,0.0,0.0,0.0,0.0,40000.0,20000.0,10
b50_lb10_k3_eps0p0025,hierarchical_local_aggregate,shot_proportional,2,qnn_15_circuit,qnn,15,circuit,0.0,0.0,0.0,0.0,0.0,40000.0,20000.0,10
b50_lb10_k3_eps0p0025,hierarchical_local_aggregate,shot_proportional,2,qnn_4_circuit,qnn,4,circuit,0.010778537864850078,0.012862394668158078,0.013231879194630864,0.6312500000000001,0.63,14750.0,7400.0,10
b50_lb10_k3_eps0p0025,hierarchical_local_aggregate,shot_proportional,2,qnn_5_circuit,qnn,5,circuit,0.008211672979557657,0.011269451219512184,0.012185365853658536,0.39749999999999996,0.39749999999999996,24100.0,12050.0,10
b50_lb10_k3_eps0p0025,hierarchical_local_aggregate,shot_proportional,2,qnn_6_circuit,qnn,6,circuit,0.006510472972972979,0.007494554655870453,0.0075489510489510445,0.16125,0.16125,33550.0,16775.0,10
b50_lb10_k3_eps0p0025,hierarchical_local_aggregate,shot_proportional,2,qnn_7_circuit,qnn,7,circuit,0.0,0.0,0.0,0.0,0.0,40000.0,20000.0,10
b50_lb10_k3_eps0p0025,hierarchical_local_aggregate,shot_proportional,2,qnn_8_circuit,qnn,8,circuit,0.0,0.0,0.0,0.0,0.0,40000.0,20000.0,10
b50_lb10_k3_eps0p0025,hierarchical_local_aggregate,shot_proportional,2,qnn_9_circuit,qnn,9,circuit,0.0,0.0,0.0,0.0,0.0,40000.0,20000.0,10
b50_lb10_k3_eps0p0025,hierarchical_local_aggregate,shot_proportional,2,random_10_circuit,random,10,circuit,0.0,0.0,0.0,0.0,0.0,40000.0,20000.0,10
b50_lb10_k3_eps0p0025,hierarchical_local_aggregate,shot_proportional,2,random_11_circuit,random,11,circuit,0.0,0.0,0.0,0.0,0.0,40000.0,20000.0,10
b50_lb10_k3_eps0p0025,hierarchical_local_aggregate,shot_proportional,2,random_12_circuit,random,12,circuit,0.0,0.0,0.0,0.0,0.0,40000.0,20000.0,10
b50_lb10_k3_eps0p0025,hierarchical_local_aggregate,shot_proportional,2,random_13_circuit,random,13,circuit,0.0,0.0,0.0,0.0,0.0,40000.0,20000.0,10
b50_lb10_k3_eps0p0025,hierarchical_local_aggregate,shot_proportional,2,random_14_circuit,random,14,circuit,0.0,0.0,0.0,0.0,0.0,40000.0,20000.0,10
b50_lb10_k3_eps0p0025,hierarchical_local_aggregate,shot_proportional,2,random_15_circuit,random,15,circuit,0.0,0.0,0.0,0.0,0.0,40000.0,20000.0,10
b50_lb10_k3_eps0p0025,hierarchical_local_aggregate,shot_proportional,2,random_4_circuit,random,4,circuit,0.00842203588269495,0.009545574127906969,0.009868750000000011,0.6775,0.6775,12900.0,6450.0,10
b50_lb10_k3_eps0p0025,hierarchical_local_aggregate,shot_proportional,2,random_5_circuit,random,5,circuit,0.007230095920542426,0.009342429435483857,0.01028225806451611,0.48875,0.48875,20450.0,10225.0,10
b50_lb10_k3_eps0p0025,hierarchical_local_aggregate,shot_proportional,2,random_6_circuit,random,6,circuit,0.0058571757230499455,0.007587066969739436,0.007587876254180589,0.12,0.12,35200.0,17600.0,10
b50_lb10_k3_eps0p0025,hierarchical_local_aggregate,shot_proportional,2,random_7_circuit,random,7,circuit,0.0,0.0,0.0,0.0,0.0,40000.0,20000.0,10
b50_lb10_k3_eps0p0025,hierarchical_local_aggregate,shot_proportional,2,random_8_circuit,random,8,circuit,0.0,0.0,0.0,0.0,0.0,40000.0,20000.0,10
b50_lb10_k3_eps0p0025,hierarchical_local_aggregate,shot_proportional,2,random_9_circuit,random,9,circuit,0.0,0.0,0.0,0.0,0.0,40000.0,20000.0,10
b50_lb10_k3_eps0p0025,hierarchical_local_aggregate,shot_proportional,2,vqe_10_circuit,vqe,10,circuit,0.00950499783549787,0.014935204248366073,0.014992483660130812,0.4,0.3975,24000.0,12050.0,10
b50_lb10_k3_eps0p0025,hierarchical_local_aggregate,shot_proportional,2,vqe_11_circuit,vqe,11,circuit,0.009680655667710408,0.01325844583245219,0.013280787589498806,0.46625,0.43375,21350.0,11325.0,10
b50_lb10_k3_eps0p0025,hierarchical_local_aggregate,shot_proportional,2,vqe_12_circuit,vqe,12,circuit,0.008581051587301606,0.012916180609941435,0.01309591836734687,0.27625,0.27375,28950.0,14525.0,10
b50_lb10_k3_eps0p0025,hierarchical_local_aggregate,shot_proportional,2,vqe_13_circuit,vqe,13,circuit,0.0024384485094851136,0.010158809417706433,0.01026209150326792,0.03875000000000001,0.03875000000000001,38450.0,19225.0,10
b50_lb10_k3_eps0p0025,hierarchical_local_aggregate,shot_proportional,2,vqe_14_circuit,vqe,14,circuit,0.0,0.0014867788047122138,0.001920558375634532,0.0,0.0,40000.0,20000.0,10
b50_lb10_k3_eps0p0025,hierarchical_local_aggregate,shot_proportional,2,vqe_15_circuit,vqe,15,circuit,0.0,0.0,0.0,0.0,0.0,40000.0,20000.0,10
b50_lb10_k3_eps0p0025,hierarchical_local_aggregate,shot_proportional,2,vqe_4_circuit,vqe,4,circuit,0.003930952380952405,0.004542152025982089,0.004623584905660361,0.895,0.895,4200.0,2100.0,10
b50_lb10_k3_eps0p0025,hierarchical_local_aggregate,shot_proportional,2,vqe_5_circuit,vqe,5,circuit,0.0059783185840707725,0.009136944444444461,0.009369444444444463,0.7737499999999999,0.7737499999999999,9050.0,4525.0,10
b50_lb10_k3_eps0p0025,hierarchical_local_aggregate,shot_proportional,2,vqe_6_circuit,vqe,6,circuit,0.005353230337078654,0.00813414452358125,0.008386394557823201,0.795,0.795,8200.0,4100.0,10
b50_lb10_k3_eps0p0025,hierarchical_local_aggregate,shot_proportional,2,vqe_7_circuit,vqe,7,circuit,0.006639099560337848,0.010323155737704967,0.01077500000000003,0.675,0.6737500000000001,13000.0,6525.0,10
b50_lb10_k3_eps0p0025,hierarchical_local_aggregate,shot_proportional,2,vqe_8_circuit,vqe,8,circuit,0.009061470484270081,0.011336491097922844,0.011693620178041528,0.541875,0.5325,18325.0,9350.0,10
b50_lb10_k3_eps0p0025,hierarchical_local_aggregate,shot_proportional,2,vqe_9_circuit,vqe,9,circuit,0.010294647200212784,0.01184862713472489,0.012493225806451666,0.6025,0.585,15900.0,8300.0,10
b50_lb10_k3_eps0p0025,hierarchical_local_aggregate,shot_proportional,3,dj_10_circuit,dj,10,circuit,0.009234359359359467,0.011024919944801068,0.011166024340770879,0.57,0.56125,25800.0,8775.0,10
b50_lb10_k3_eps0p0025,hierarchical_local_aggregate,shot_proportional,3,dj_11_circuit,dj,11,circuit,0.009957680706190252,0.010781250553515163,0.010862935323383092,0.48750000000000004,0.48750000000000004,30750.0,10250.0,10
b50_lb10_k3_eps0p0025,hierarchical_local_aggregate,shot_proportional,3,dj_12_circuit,dj,12,circuit,0.010278851540616231,0.011766247176204826,0.012132812500000006,0.44666666666666666,0.4275,33200.0,11450.0,10
b50_lb10_k3_eps0p0025,hierarchical_local_aggregate,shot_proportional,3,dj_13_circuit,dj,13,circuit,0.008017463417977471,0.009912016806722757,0.0101500000000001,0.3125,0.31124999999999997,41250.0,13775.0,10
b50_lb10_k3_eps0p0025,hierarchical_local_aggregate,shot_proportional,3,dj_14_circuit,dj,14,circuit,0.008689816214359387,0.009912466923380771,0.010236492890995347,0.28500000000000003,0.2625,42900.0,14750.0,10
b50_lb10_k3_eps0p0025,hierarchical_local_aggregate,shot_proportional,3,dj_15_circuit,dj,15,circuit,0.007737011503949563,0.008549717170328031,0.008581870428422178,0.16416666666666668,0.14749999999999996,50150.0,17050.0,10
b50_lb10_k3_eps0p0025,hierarchical_local_aggregate,shot_proportional,3,dj_4_circuit,dj,4,circuit,0.0039341301272984505,0.006171388888888859,0.006615151515151498,0.9154166666666667,0.915,5075.0,1700.0,10
b50_lb10_k3_eps0p0025,hierarchical_local_aggregate,shot_proportional,3,dj_5_circuit,dj,5,circuit,0.003851515151515152,0.005175690476190479,0.00529606060606064,0.8825000000000001,0.8825000000000001,7050.0,2350.0,10
b50_lb10_k3_eps0p0025,hierarchical_local_aggregate,shot_proportional,3,dj_6_circuit,dj,6,circuit,0.005483310719131636,0.0071486539491297865,0.007608888888888801,0.83375,0.83375,9975.0,3325.0,10
b50_lb10_k3_eps0p0025,hierarchical_local_aggregate,shot_proportional,3,dj_7_circuit,dj,7,circuit,0.0066803432879520026,0.009180288817608144,0.009386947791164682,0.7875,0.78125,12750.0,4375.0,10
b50_lb10_k3_eps0p0025,hierarchical_local_aggregate,shot_proportional,3,dj_8_circuit,dj,8,circuit,0.007599628658802985,0.009289399656946863,0.009456198347107498,0.73125,0.73125,16125.0,5375.0,10
b50_lb10_k3_eps0p0025,hierarchical_local_aggregate,shot_proportional,3,dj_9_circuit,dj,9,circuit,0.008483169075115397,0.009884633489919716,0.009955128205128134,0.65625,0.65625,20625.0,6875.0,10
b50_lb10_k3_eps0p0025,hierarchical_local_aggregate,shot_proportional,3,qaoa_10_circuit,qaoa,10,circuit,0.0,0.0,0.0,0.0,0.0,60000.0,20000.0,10
b50_lb10_k3_eps0p0025,hierarchical_local_aggregate,shot_proportional,3,qaoa_11_circuit,qaoa,11,circuit,0.0,0.0,0.0,0.0,0.0,60000.0,20000.0,10
b50_lb10_k3_eps0p0025,hierarchical_local_aggregate,shot_proportional,3,qaoa_12_circuit,qaoa,12,circuit,0.0,0.0,0.0,0.0,0.0,60000.0,20000.0,10
b50_lb10_k3_eps0p0025,hierarchical_local_aggregate,shot_proportional,3,qaoa_13_circuit,qaoa,13,circuit,0.0,0.0,0.0,0.0,0.0,60000.0,20000.0,10
b50_lb10_k3_eps0p0025,hierarchical_local_aggregate,shot_proportional,3,qaoa_14_circuit,qaoa,14,circuit,0.0,0.0,0.0,0.0,0.0,60000.0,20000.0,10
b50_lb10_k3_eps0p0025,hierarchical_local_aggregate,shot_proportional,3,qaoa_15_circuit,qaoa,15,circuit,0.0,0.0,0.0,0.0,0.0,60000.0,20000.0,10
b50_lb10_k3_eps0p0025,hierarchical_local_aggregate,shot_proportional,3,qaoa_4_circuit,qaoa,4,circuit,0.006760023025870252,0.009829906635652886,0.011012935323383072,0.75,0.75,15000.0,5000.0,10
b50_lb10_k3_eps0p0025,hierarchical_local_aggregate,shot_proportional,3,qaoa_5_circuit,qaoa,5,circuit,0.008678117674636656,0.010488044217687072,0.010514625850340133,0.62875,0.62875,22275.0,7425.0,10
b50_lb10_k3_eps0p0025,hierarchical_local_aggregate,shot_proportional,3,qaoa_6_circuit,qaoa,6,circuit,0.007509890016362997,0.008058339243498835,0.00817222222222223,0.40125,0.40125,35925.0,11975.0,10
b50_lb10_k3_eps0p0025,hierarchical_local_aggregate,shot_proportional,3,qaoa_7_circuit,qaoa,7,circuit,0.004473797995999923,0.006986817269076289,0.0072666666666666435,0.08249999999999996,0.08249999999999996,55050.0,18350.0,10
b50_lb10_k3_eps0p0025,hierarchical_local_aggregate,shot_proportional,3,qaoa_8_circuit,qaoa,8,circuit,0.0,0.0021195074758135393,0.0038536499560246243,0.0,0.0,60000.0,20000.0,10
b50_lb10_k3_eps0p0025,hierarchical_local_aggregate,shot_proportional,3,qaoa_9_circuit,qaoa,9,circuit,0.0,0.0,0.0,0.0,0.0,60000.0,20000.0,10
b50_lb10_k3_eps0p0025,hierarchical_local_aggregate,shot_proportional,3,qft_10_circuit,qft,10,circuit,0.0,0.0,0.0,0.0,0.0,60000.0,20000.0,10
b50_lb10_k3_eps0p0025,hierarchical_local_aggregate,shot_proportional,3,qft_11_circuit,qft,11,circuit,0.0,0.0,0.0,0.0,0.0,60000.0,20000.0,10
b50_lb10_k3_eps0p0025,hierarchical_local_aggregate,shot_proportional,3,qft_12_circuit,qft,12,circuit,0.0,0.0,0.0,0.0,0.0,60000.0,20000.0,10
b50_lb10_k3_eps0p0025,hierarchical_local_aggregate,shot_proportional,3,qft_13_circuit,qft,13,circuit,0.0,0.0,0.0,0.0,0.0,60000.0,20000.0,10
b50_lb10_k3_eps0p0025,hierarchical_local_aggregate,shot_proportional,3,qft_14_circuit,qft,14,circuit,0.0,0.0,0.0,0.0,0.0,60000.0,20000.0,10
b50_lb10_k3_eps0p0025,hierarchical_local_aggregate,shot_proportional,3,qft_15_circuit,qft,15,circuit,0.0,0.0,0.0,0.0,0.0,60000.0,20000.0,10
b50_lb10_k3_eps0p0025,hierarchical_local_aggregate,shot_proportional,3,qft_4_circuit,qft,4,circuit,0.009578508771929835,0.012111360044065525,0.012518493150684928,0.6375,0.6375,21750.0,7250.0,10
b50_lb10_k3_eps0p0025,hierarchical_local_aggregate,shot_proportional,3,qft_5_circuit,qft,5,circuit,0.009125240823783428,0.011289319645732682,0.011434006734006729,0.44499999999999995,0.44499999999999995,33300.0,11100.0,10
b50_lb10_k3_eps0p0025,hierarchical_local_aggregate,shot_proportional,3,qft_6_circuit,qft,6,circuit,0.00696462542087542,0.00936795035740049,0.009913725490196082,0.22499999999999998,0.22499999999999998,46500.0,15500.0,10
b50_lb10_k3_eps0p0025,hierarchical_local_aggregate,shot_proportional,3,qft_7_circuit,qft,7,circuit,0.0,0.0,0.0,0.0,0.0,60000.0,20000.0,10
b50_lb10_k3_eps0p0025,hierarchical_local_aggregate,shot_proportional,3,qft_8_circuit,qft,8,circuit,0.0,0.0,0.0,0.0,0.0,60000.0,20000.0,10
b50_lb10_k3_eps0p0025,hierarchical_local_aggregate,shot_proportional,3,qft_9_circuit,qft,9,circuit,0.0,0.0,0.0,0.0,0.0,60000.0,20000.0,10
b50_lb10_k3_eps0p0025,hierarchical_local_aggregate,shot_proportional,3,qnn_10_circuit,qnn,10,circuit,0.0,0.0,0.0,0.0,0.0,60000.0,20000.0,10
b50_lb10_k3_eps0p0025,hierarchical_local_aggregate,shot_proportional,3,qnn_11_circuit,qnn,11,circuit,0.0,0.0,0.0,0.0,0.0,60000.0,20000.0,10
b50_lb10_k3_eps0p0025,hierarchical_local_aggregate,shot_proportional,3,qnn_12_circuit,qnn,12,circuit,0.0,0.0,0.0,0.0,0.0,60000.0,20000.0,10
b50_lb10_k3_eps0p0025,hierarchical_local_aggregate,shot_proportional,3,qnn_13_circuit,qnn,13,circuit,0.0,0.0,0.0,0.0,0.0,60000.0,20000.0,10
b50_lb10_k3_eps0p0025,hierarchical_local_aggregate,shot_proportional,3,qnn_14_circuit,qnn,14,circuit,0.0,0.0,0.0,0.0,0.0,60000.0,20000.0,10
b50_lb10_k3_eps0p0025,hierarchical_local_aggregate,shot_proportional,3,qnn_15_circuit,qnn,15,circuit,0.0,0.0,0.0,0.0,0.0,60000.0,20000.0,10
b50_lb10_k3_eps0p0025,hierarchical_local_aggregate,shot_proportional,3,qnn_4_circuit,qnn,4,circuit,0.010411645095994602,0.011775476556276287,0.011901650165016469,0.7037500000000001,0.7037500000000001,17775.0,5925.0,10
b50_lb10_k3_eps0p0025,hierarchical_local_aggregate,shot_proportional,3,qnn_5_circuit,qnn,5,circuit,0.00757910454337175,0.009266612505602862,0.009408695652173902,0.51,0.51,29400.0,9800.0,10
b50_lb10_k3_eps0p0025,hierarchical_local_aggregate,shot_proportional,3,qnn_6_circuit,qnn,6,circuit,0.007960093253205357,0.00884003512146782,0.008920492866407271,0.3325,0.3325,40050.0,13350.0,10
b50_lb10_k3_eps0p0025,hierarchical_local_aggregate,shot_proportional,3,qnn_7_circuit,qnn,7,circuit,0.0,0.0,0.0,0.0,0.0,60000.0,20000.0,10
b50_lb10_k3_eps0p0025,hierarchical_local_aggregate,shot_proportional,3,qnn_8_circuit,qnn,8,circuit,0.0,0.0,0.0,0.0,0.0,60000.0,20000.0,10
b50_lb10_k3_eps0p0025,hierarchical_local_aggregate,shot_proportional,3,qnn_9_circuit,qnn,9,circuit,0.0,0.0,0.0,0.0,0.0,60000.0,20000.0,10
b50_lb10_k3_eps0p0025,hierarchical_local_aggregate,shot_proportional,3,random_10_circuit,random,10,circuit,0.0,0.0,0.0,0.0,0.0,60000.0,20000.0,10
b50_lb10_k3_eps0p0025,hierarchical_local_aggregate,shot_proportional,3,random_11_circuit,random,11,circuit,0.0,0.0,0.0,0.0,0.0,60000.0,20000.0,10
b50_lb10_k3_eps0p0025,hierarchical_local_aggregate,shot_proportional,3,random_12_circuit,random,12,circuit,0.0,0.0,0.0,0.0,0.0,60000.0,20000.0,10
b50_lb10_k3_eps0p0025,hierarchical_local_aggregate,shot_proportional,3,random_13_circuit,random,13,circuit,0.0,0.0,0.0,0.0,0.0,60000.0,20000.0,10
b50_lb10_k3_eps0p0025,hierarchical_local_aggregate,shot_proportional,3,random_14_circuit,random,14,circuit,0.0,0.0,0.0,0.0,0.0,60000.0,20000.0,10
b50_lb10_k3_eps0p0025,hierarchical_local_aggregate,shot_proportional,3,random_15_circuit,random,15,circuit,0.0,0.0,0.0,0.0,0.0,60000.0,20000.0,10
b50_lb10_k3_eps0p0025,hierarchical_local_aggregate,shot_proportional,3,random_4_circuit,random,4,circuit,0.006133327457547414,0.008469583333333358,0.00902083333333335,0.6937500000000001,0.6937500000000001,18375.0,6125.0,10
b50_lb10_k3_eps0p0025,hierarchical_local_aggregate,shot_proportional,3,random_5_circuit,random,5,circuit,0.008607769423558896,0.011499885496183177,0.012522519083969449,0.5825,0.5825,25050.0,8350.0,10
b50_lb10_k3_eps0p0025,hierarchical_local_aggregate,shot_proportional,3,random_6_circuit,random,6,circuit,0.007767683702008648,0.009457977453580898,0.009987931034482748,0.31125,0.31125,41325.0,13775.0,10
b50_lb10_k3_eps0p0025,hierarchical_local_aggregate,shot_proportional,3,random_7_circuit,random,7,circuit,0.0,0.0030275977347460708,0.0035168831168831136,0.0,0.0,60000.0,20000.0,10
b50_lb10_k3_eps0p0025,hierarchical_local_aggregate,shot_proportional,3,random_8_circuit,random,8,circuit,0.0,0.0,0.0,0.0,0.0,60000.0,20000.0,10
b50_lb10_k3_eps0p0025,hierarchical_local_aggregate,shot_proportional,3,random_9_circuit,random,9,circuit,0.0,0.0,0.0,0.0,0.0,60000.0,20000.0,10
b50_lb10_k3_eps0p0025,hierarchical_local_aggregate,shot_proportional,3,vqe_10_circuit,vqe,10,circuit,0.010783897467811446,0.012221292548914551,0.01267073170731713,0.48500000000000004,0.48500000000000004,30900.0,10300.0,10
b50_lb10_k3_eps0p0025,hierarchical_local_aggregate,shot_proportional,3,vqe_11_circuit,vqe,11,circuit,0.010019995484429849,0.011738313492063555,0.012113888888888955,0.48208333333333336,0.47375,31075.0,10525.0,10
b50_lb10_k3_eps0p0025,hierarchical_local_aggregate,shot_proportional,3,vqe_12_circuit,vqe,12,circuit,0.010231929290885006,0.011640193221523445,0.012205925925925964,0.43916666666666665,0.42750000000000005,33650.0,11450.0,10
b50_lb10_k3_eps0p0025,hierarchical_local_aggregate,shot_proportional,3,vqe_13_circuit,vqe,13,circuit,0.00787838595295081,0.009317784288881865,0.009792857142857244,0.21166666666666667,0.1925,47300.0,16150.0,10
b50_lb10_k3_eps0p0025,hierarchical_local_aggregate,shot_proportional,3,vqe_14_circuit,vqe,14,circuit,0.0006364016736401467,0.0017516371633944745,0.002664102564102517,0.004166666666666652,0.0,59750.0,20000.0,10
b50_lb10_k3_eps0p0025,hierarchical_local_aggregate,shot_proportional,3,vqe_15_circuit,vqe,15,circuit,0.0,0.0011438273960983655,0.002079686174724305,0.0,0.0,60000.0,20000.0,10
b50_lb10_k3_eps0p0025,hierarchical_local_aggregate,shot_proportional,3,vqe_4_circuit,vqe,4,circuit,0.0030749999999999927,0.0036146031746031406,0.00366746031746027,0.9,0.9,6000.0,2000.0,10
b50_lb10_k3_eps0p0025,hierarchical_local_aggregate,shot_proportional,3,vqe_5_circuit,vqe,5,circuit,0.005516249718278118,0.009564178590355082,0.010807843137254936,0.8099999999999999,0.8099999999999999,11400.0,3800.0,10
b50_lb10_k3_eps0p0025,hierarchical_local_aggregate,shot_proportional,3,vqe_6_circuit,vqe,6,circuit,0.005370352564102557,0.0076524392239364185,0.008309420289855077,0.8375,0.8375,9750.0,3250.0,10
b50_lb10_k3_eps0p0025,hierarchical_local_aggregate,shot_proportional,3,vqe_7_circuit,vqe,7,circuit,0.006134624314056552,0.00855341807909609,0.008806060606060623,0.7150000000000001,0.7150000000000001,17100.0,5700.0,10
b50_lb10_k3_eps0p0025,hierarchical_local_aggregate,shot_proportional,3,vqe_8_circuit,vqe,8,circuit,0.007615717898591183,0.009858859721082858,0.010073913043478282,0.6012500000000001,0.6012500000000001,23925.0,7975.0,10
b50_lb10_k3_eps0p0025,hierarchical_local_aggregate,shot_proportional,3,vqe_9_circuit,vqe,9,circuit,0.008685682158920547,0.010580537900984174,0.01065348583877995,0.6158333333333333,0.615,23050.0,7700.0,10
b50_lb10_k3_eps0p0025,hierarchical_local_aggregate,shot_proportional,4,dj_10_circuit,dj,10,circuit,0.009154020979021026,0.009348327950828229,0.009376724137931055,0.6375,0.6375,29000.0,7250.0,5
b50_lb10_k3_eps0p0025,hierarchical_local_aggregate,shot_proportional,4,dj_11_circuit,dj,11,circuit,0.009577631578947365,0.010665726157191613,0.010905890804597619,0.5375,0.5375,37000.0,9250.0,5
b50_lb10_k3_eps0p0025,hierarchical_local_aggregate,shot_proportional,4,dj_12_circuit,dj,12,circuit,0.010327883538633767,0.010683907938089033,0.010761638954869363,0.47,0.46499999999999997,42400.0,10700.0,5
b50_lb10_k3_eps0p0025,hierarchical_local_aggregate,shot_proportional,4,dj_13_circuit,dj,13,circuit,0.010027717391304192,0.01100937763713058,0.011215506329113674,0.42500000000000004,0.42500000000000004,46000.0,11500.0,5
b50_lb10_k3_eps0p0025,hierarchical_local_aggregate,shot_proportional,4,dj_14_circuit,dj,14,circuit,0.008616258741258745,0.008828023390075405,0.008837226277372238,0.31499999999999995,0.31000000000000005,54800.0,13800.0,5
b50_lb10_k3_eps0p0025,hierarchical_local_aggregate,shot_proportional,4,dj_15_circuit,dj,15,circuit,0.006990702947845951,0.008825910636982105,0.009149149659863949,0.17500000000000004,0.16749999999999998,66000.0,16650.0,5
b50_lb10_k3_eps0p0025,hierarchical_local_aggregate,shot_proportional,4,dj_4_circuit,dj,4,circuit,0.0046999999999999395,0.00514951515151512,0.0051852272727272355,0.915625,0.915,6750.0,1700.0,5
b50_lb10_k3_eps0p0025,hierarchical_local_aggregate,shot_proportional,4,dj_5_circuit,dj,5,circuit,0.0033993212669683154,0.0036720296167247267,0.0036928571428571496,0.8975,0.8975,8200.0,2050.0,5
b50_lb10_k3_eps0p0025,hierarchical_local_aggregate,shot_proportional,4,dj_6_circuit,dj,6,circuit,0.004599999999999944,0.005708583743842351,0.005889285714285694,0.855,0.855,11600.0,2900.0,5
b50_lb10_k3_eps0p0025,hierarchical_local_aggregate,shot_proportional,4,dj_7_circuit,dj,7,circuit,0.006224999999999921,0.008128423423423419,0.008283333333333311,0.8125,0.8125,15000.0,3750.0,5
b50_lb10_k3_eps0p0025,hierarchical_local_aggregate,shot_proportional,4,dj_8_circuit,dj,8,circuit,0.006811697247706427,0.007043839563862965,0.007068341121495373,0.7324999999999999,0.7324999999999999,21400.0,5350.0,5
b50_lb10_k3_eps0p0025,hierarchical_local_aggregate,shot_proportional,4,dj_9_circuit,dj,9,circuit,0.00842222222222228,0.008913307833537306,0.009023684210526284,0.7150000000000001,0.7150000000000001,22800.0,5700.0,5
b50_lb10_k3_eps0p0025,hierarchical_local_aggregate,shot_proportional,4,qaoa_10_circuit,qaoa,10,circuit,0.0,0.0,0.0,0.0,0.0,80000.0,20000.0,5
b50_lb10_k3_eps0p0025,hierarchical_local_aggregate,shot_proportional,4,qaoa_11_circuit,qaoa,11,circuit,0.0,0.0,0.0,0.0,0.0,80000.0,20000.0,5
b50_lb10_k3_eps0p0025,hierarchical_local_aggregate,shot_proportional,4,qaoa_12_circuit,qaoa,12,circuit,0.0,0.0,0.0,0.0,0.0,80000.0,20000.0,5
b50_lb10_k3_eps0p0025,hierarchical_local_aggregate,shot_proportional,4,qaoa_13_circuit,qaoa,13,circuit,0.0,0.0,0.0,0.0,0.0,80000.0,20000.0,5
b50_lb10_k3_eps0p0025,hierarchical_local_aggregate,shot_proportional,4,qaoa_14_circuit,qaoa,14,circuit,0.0,0.0,0.0,0.0,0.0,80000.0,20000.0,5
b50_lb10_k3_eps0p0025,hierarchical_local_aggregate,shot_proportional,4,qaoa_15_circuit,qaoa,15,circuit,0.0,0.0,0.0,0.0,0.0,80000.0,20000.0,5
b50_lb10_k3_eps0p0025,hierarchical_local_aggregate,shot_proportional,4,qaoa_4_circuit,qaoa,4,circuit,0.007948214285714333,0.010117606788710938,0.010376449275362347,0.81,0.81,15200.0,3800.0,5
b50_lb10_k3_eps0p0025,hierarchical_local_aggregate,shot_proportional,4,qaoa_5_circuit,qaoa,5,circuit,0.008869444444444445,0.01036498269297336,0.01060231481481483,0.64,0.64,28800.0,7200.0,5
b50_lb10_k3_eps0p0025,hierarchical_local_aggregate,shot_proportional,4,qaoa_6_circuit,qaoa,6,circuit,0.006905963302752285,0.008170926607756514,0.008315592783505162,0.45499999999999996,0.45499999999999996,43600.0,10900.0,5
b50_lb10_k3_eps0p0025,hierarchical_local_aggregate,shot_proportional,4,qaoa_7_circuit,qaoa,7,circuit,0.006045454545454536,0.008138309859154931,0.0082,0.17500000000000004,0.17500000000000004,66000.0,16500.0,5
b50_lb10_k3_eps0p0025,hierarchical_local_aggregate,shot_proportional,4,qaoa_8_circuit,qaoa,8,circuit,0.003862335092348281,0.004679410468319556,0.004759263085399452,0.0625,0.0625,75000.0,18750.0,5
b50_lb10_k3_eps0p0025,hierarchical_local_aggregate,shot_proportional,4,qaoa_9_circuit,qaoa,9,circuit,0.0,0.0,0.0,0.0,0.0,80000.0,20000.0,5
b50_lb10_k3_eps0p0025,hierarchical_local_aggregate,shot_proportional,4,qft_10_circuit,qft,10,circuit,0.0,0.0,0.0,0.0,0.0,80000.0,20000.0,5
b50_lb10_k3_eps0p0025,hierarchical_local_aggregate,shot_proportional,4,qft_11_circuit,qft,11,circuit,0.0,0.0,0.0,0.0,0.0,80000.0,20000.0,5
b50_lb10_k3_eps0p0025,hierarchical_local_aggregate,shot_proportional,4,qft_12_circuit,qft,12,circuit,0.0,0.0,0.0,0.0,0.0,80000.0,20000.0,5
b50_lb10_k3_eps0p0025,hierarchical_local_aggregate,shot_proportional,4,qft_13_circuit,qft,13,circuit,0.0,0.0,0.0,0.0,0.0,80000.0,20000.0,5
b50_lb10_k3_eps0p0025,hierarchical_local_aggregate,shot_proportional,4,qft_14_circuit,qft,14,circuit,0.0,0.0,0.0,0.0,0.0,80000.0,20000.0,5
b50_lb10_k3_eps0p0025,hierarchical_local_aggregate,shot_proportional,4,qft_15_circuit,qft,15,circuit,0.0,0.0,0.0,0.0,0.0,80000.0,20000.0,5
b50_lb10_k3_eps0p0025,hierarchical_local_aggregate,shot_proportional,4,qft_4_circuit,qft,4,circuit,0.009218075539568375,0.01119335664335666,0.011462500000000025,0.6599999999999999,0.6599999999999999,27200.0,6800.0,5
b50_lb10_k3_eps0p0025,hierarchical_local_aggregate,shot_proportional,4,qft_5_circuit,qft,5,circuit,0.008266295811518337,0.009550796357855197,0.009661824324324345,0.5275000000000001,0.5275000000000001,37800.0,9450.0,5
b50_lb10_k3_eps0p0025,hierarchical_local_aggregate,shot_proportional,4,qft_6_circuit,qft,6,circuit,0.008495802919708032,0.008713758777364735,0.008748611111111124,0.32499999999999996,0.32499999999999996,54000.0,13500.0,5
b50_lb10_k3_eps0p0025,hierarchical_local_aggregate,shot_proportional,4,qft_7_circuit,qft,7,circuit,0.0008394423558897219,0.0008863032581453614,0.0008885338345864628,0.0024999999999999467,0.0024999999999999467,79800.0,19950.0,5
b50_lb10_k3_eps0p0025,hierarchical_local_aggregate,shot_proportional,4,qft_8_circuit,qft,8,circuit,0.0,0.0,0.0,0.0,0.0,80000.0,20000.0,5
b50_lb10_k3_eps0p0025,hierarchical_local_aggregate,shot_proportional,4,qft_9_circuit,qft,9,circuit,0.0,0.0,0.0,0.0,0.0,80000.0,20000.0,5
b50_lb10_k3_eps0p0025,hierarchical_local_aggregate,shot_proportional,4,qnn_10_circuit,qnn,10,circuit,0.0,0.0,0.0,0.0,0.0,80000.0,20000.0,5
b50_lb10_k3_eps0p0025,hierarchical_local_aggregate,shot_proportional,4,qnn_11_circuit,qnn,11,circuit,0.0,0.0,0.0,0.0,0.0,80000.0,20000.0,5
b50_lb10_k3_eps0p0025,hierarchical_local_aggregate,shot_proportional,4,qnn_12_circuit,qnn,12,circuit,0.0,0.0,0.0,0.0,0.0,80000.0,20000.0,5
b50_lb10_k3_eps0p0025,hierarchical_local_aggregate,shot_proportional,4,qnn_13_circuit,qnn,13,circuit,0.0,0.0,0.0,0.0,0.0,80000.0,20000.0,5
b50_lb10_k3_eps0p0025,hierarchical_local_aggregate,shot_proportional,4,qnn_14_circuit,qnn,14,circuit,0.0,0.0,0.0,0.0,0.0,80000.0,20000.0,5
b50_lb10_k3_eps0p0025,hierarchical_local_aggregate,shot_proportional,4,qnn_15_circuit,qnn,15,circuit,0.0,0.0,0.0,0.0,0.0,80000.0,20000.0,5
b50_lb10_k3_eps0p0025,hierarchical_local_aggregate,shot_proportional,4,qnn_4_circuit,qnn,4,circuit,0.009155808080808077,0.010398062089242465,0.010468432203389819,0.7525,0.7525,19800.0,4950.0,5
b50_lb10_k3_eps0p0025,hierarchical_local_aggregate,shot_proportional,4,qnn_5_circuit,qnn,5,circuit,0.007350777202072531,0.009244683544303793,0.009456249999999998,0.525,0.525,38000.0,9500.0,5
b50_lb10_k3_eps0p0025,hierarchical_local_aggregate,shot_proportional,4,qnn_6_circuit,qnn,6,circuit,0.008093604651162772,0.00847432374388172,0.00856329787234041,0.4325,0.4325,45400.0,11350.0,5
b50_lb10_k3_eps0p0025,hierarchical_local_aggregate,shot_proportional,4,qnn_7_circuit,qnn,7,circuit,0.0035471965699208343,0.003918763440860214,0.003952553763440858,0.05249999999999999,0.05249999999999999,75800.0,18950.0,5
b50_lb10_k3_eps0p0025,hierarchical_local_aggregate,shot_proportional,4,qnn_8_circuit,qnn,8,circuit,0.0,0.0,0.0,0.0,0.0,80000.0,20000.0,5
b50_lb10_k3_eps0p0025,hierarchical_local_aggregate,shot_proportional,4,qnn_9_circuit,qnn,9,circuit,0.0,0.0,0.0,0.0,0.0,80000.0,20000.0,5
b50_lb10_k3_eps0p0025,hierarchical_local_aggregate,shot_proportional,4,random_10_circuit,random,10,circuit,0.0,0.0,0.0,0.0,0.0,80000.0,20000.0,5
b50_lb10_k3_eps0p0025,hierarchical_local_aggregate,shot_proportional,4,random_11_circuit,random,11,circuit,0.0,0.0,0.0,0.0,0.0,80000.0,20000.0,5
b50_lb10_k3_eps0p0025,hierarchical_local_aggregate,shot_proportional,4,random_12_circuit,random,12,circuit,0.0,0.0,0.0,0.0,0.0,80000.0,20000.0,5
b50_lb10_k3_eps0p0025,hierarchical_local_aggregate,shot_proportional,4,random_13_circuit,random,13,circuit,0.0,0.0,0.0,0.0,0.0,80000.0,20000.0,5
b50_lb10_k3_eps0p0025,hierarchical_local_aggregate,shot_proportional,4,random_14_circuit,random,14,circuit,0.0,0.0,0.0,0.0,0.0,80000.0,20000.0,5
b50_lb10_k3_eps0p0025,hierarchical_local_aggregate,shot_proportional,4,random_15_circuit,random,15,circuit,0.0,0.0,0.0,0.0,0.0,80000.0,20000.0,5
b50_lb10_k3_eps0p0025,hierarchical_local_aggregate,shot_proportional,4,random_4_circuit,random,4,circuit,0.005085752688171982,0.006138864468864429,0.006258333333333288,0.7675,0.7675,18600.0,4650.0,5
b50_lb10_k3_eps0p0025,hierarchical_local_aggregate,shot_proportional,4,random_5_circuit,random,5,circuit,0.009253124999999966,0.012497689633375489,0.013160951327433648,0.6799999999999999,0.6799999999999999,25600.0,6400.0,5
b50_lb10_k3_eps0p0025,hierarchical_local_aggregate,shot_proportional,4,random_6_circuit,random,6,circuit,0.007683620689655171,0.008254495257330392,0.008364967811158789,0.41000000000000003,0.41000000000000003,47200.0,11800.0,5
b50_lb10_k3_eps0p0025,hierarchical_local_aggregate,shot_proportional,4,random_7_circuit,random,7,circuit,0.004790633704735382,0.004912642650374916,0.004924194677871151,0.10250000000000004,0.10250000000000004,71800.0,17950.0,5
b50_lb10_k3_eps0p0025,hierarchical_local_aggregate,shot_proportional,4,random_8_circuit,random,8,circuit,0.0,0.0,0.0,0.0,0.0,80000.0,20000.0,5
b50_lb10_k3_eps0p0025,hierarchical_local_aggregate,shot_proportional,4,random_9_circuit,random,9,circuit,0.0,0.0,0.0,0.0,0.0,80000.0,20000.0,5
b50_lb10_k3_eps0p0025,hierarchical_local_aggregate,shot_proportional,4,vqe_10_circuit,vqe,10,circuit,0.011526505235602108,0.013793121557828471,0.01419193548387094,0.52,0.52,38400.0,9600.0,5
b50_lb10_k3_eps0p0025,hierarchical_local_aggregate,shot_proportional,4,vqe_11_circuit,vqe,11,circuit,0.010194360902255685,0.011245442156470675,0.011379439890710304,0.51625,0.515,38700.0,9700.0,5
b50_lb10_k3_eps0p0025,hierarchical_local_aggregate,shot_proportional,4,vqe_12_circuit,vqe,12,circuit,0.009780412946428571,0.010258795699790674,0.010316798196166918,0.44562500000000005,0.43999999999999995,44350.0,11200.0,5
b50_lb10_k3_eps0p0025,hierarchical_local_aggregate,shot_proportional,4,vqe_13_circuit,vqe,13,circuit,0.008116666666666598,0.009296428571428504,0.009308928571428501,0.2875,0.2875,57000.0,14250.0,5
b50_lb10_k3_eps0p0025,hierarchical_local_aggregate,shot_proportional,4,vqe_14_circuit,vqe,14,circuit,0.00047680250783699237,0.0024095948326481736,0.0025044871794870716,0.0031250000000000444,0.0,79750.0,20000.0,5
b50_lb10_k3_eps0p0025,hierarchical_local_aggregate,shot_proportional,4,vqe_15_circuit,vqe,15,circuit,0.0,0.00249793765456194,0.0026554487179486224,0.0,0.0,80000.0,20000.0,5
b50_lb10_k3_eps0p0025,hierarchical_local_aggregate,shot_proportional,4,vqe_4_circuit,vqe,4,circuit,0.002424999999999992,0.0029624999999999877,0.0030874999999999826,0.9,0.9,8000.0,2000.0,5
b50_lb10_k3_eps0p0025,hierarchical_local_aggregate,shot_proportional,4,vqe_5_circuit,vqe,5,circuit,0.005983333333333288,0.006990261437908555,0.007193382352941267,0.8275,0.8275,13800.0,3450.0,5
b50_lb10_k3_eps0p0025,hierarchical_local_aggregate,shot_proportional,4,vqe_6_circuit,vqe,6,circuit,0.004760483870967748,0.006975900058445375,0.007016379310344852,0.845,0.845,12400.0,3100.0,5
b50_lb10_k3_eps0p0025,hierarchical_local_aggregate,shot_proportional,4,vqe_7_circuit,vqe,7,circuit,0.005772727272727342,0.007481712954245914,0.007531648936170226,0.725,0.725,22000.0,5500.0,5
b50_lb10_k3_eps0p0025,hierarchical_local_aggregate,shot_proportional,4,vqe_8_circuit,vqe,8,circuit,0.008097727272727244,0.00984205513784457,0.010172916666666625,0.675,0.675,26000.0,6500.0,5
b50_lb10_k3_eps0p0025,hierarchical_local_aggregate,shot_proportional,4,vqe_9_circuit,vqe,9,circuit,0.007743322475570039,0.009177617549055871,0.009361148648648615,0.63,0.63,29600.0,7400.0,5
b50_lb10_k3_eps0p0025,hierarchical_local_aggregate,shot_proportional,5,dj_10_circuit,dj,10,circuit,0.008971014492753546,0.008971014492753546,0.008971014492753546,0.655,0.655,34500.0,6900.0,1
b50_lb10_k3_eps0p0025,hierarchical_local_aggregate,shot_proportional,5,dj_11_circuit,dj,11,circuit,0.009459090909090782,0.009459090909090782,0.009459090909090782,0.56,0.56,44000.0,8800.0,1
b50_lb10_k3_eps0p0025,hierarchical_local_aggregate,shot_proportional,5,dj_12_circuit,dj,12,circuit,0.009729222011385144,0.009729222011385144,0.009729222011385144,0.473,0.47,52700.0,10600.0,1
b50_lb10_k3_eps0p0025,hierarchical_local_aggregate,shot_proportional,5,dj_13_circuit,dj,13,circuit,0.009503721973094036,0.009503721973094036,0.009503721973094036,0.4425,0.4425,55750.0,11150.0,1
b50_lb10_k3_eps0p0025,hierarchical_local_aggregate,shot_proportional,5,dj_14_circuit,dj,14,circuit,0.00873755725190854,0.00873755725190854,0.00873755725190854,0.345,0.345,65500.0,13100.0,1
b50_lb10_k3_eps0p0025,hierarchical_local_aggregate,shot_proportional,5,dj_15_circuit,dj,15,circuit,0.00781206896551716,0.00781206896551716,0.00781206896551716,0.2025,0.2025,79750.0,15950.0,1
b50_lb10_k3_eps0p0025,hierarchical_local_aggregate,shot_proportional,5,dj_4_circuit,dj,4,circuit,0.0042484615384615,0.0042484615384615,0.0042484615384615,0.935,0.935,6500.0,1300.0,1
b50_lb10_k3_eps0p0025,hierarchical_local_aggregate,shot_proportional,5,dj_5_circuit,dj,5,circuit,0.0033535294117647612,0.0033535294117647612,0.0033535294117647612,0.915,0.915,8500.0,1700.0,1
b50_lb10_k3_eps0p0025,hierarchical_local_aggregate,shot_proportional,5,dj_6_circuit,dj,6,circuit,0.004488181818181749,0.004488181818181749,0.004488181818181749,0.8625,0.8625,13750.0,2750.0,1
b50_lb10_k3_eps0p0025,hierarchical_local_aggregate,shot_proportional,5,dj_7_circuit,dj,7,circuit,0.006610000000000078,0.006610000000000078,0.006610000000000078,0.8200000000000001,0.8200000000000001,18000.0,3600.0,1
b50_lb10_k3_eps0p0025,hierarchical_local_aggregate,shot_proportional,5,dj_8_circuit,dj,8,circuit,0.0058504761904761855,0.0058504761904761855,0.0058504761904761855,0.7375,0.7375,26250.0,5250.0,1
b50_lb10_k3_eps0p0025,hierarchical_local_aggregate,shot_proportional,5,dj_9_circuit,dj,9,circuit,0.008127272727272705,0.008127272727272705,0.008127272727272705,0.725,0.725,27500.0,5500.0,1
b50_lb10_k3_eps0p0025,hierarchical_local_aggregate,shot_proportional,5,qaoa_10_circuit,qaoa,10,circuit,0.0,0.0,0.0,0.0,0.0,100000.0,20000.0,1
b50_lb10_k3_eps0p0025,hierarchical_local_aggregate,shot_proportional,5,qaoa_11_circuit,qaoa,11,circuit,0.0,0.0,0.0,0.0,0.0,100000.0,20000.0,1
b50_lb10_k3_eps0p0025,hierarchical_local_aggregate,shot_proportional,5,qaoa_12_circuit,qaoa,12,circuit,0.0,0.0,0.0,0.0,0.0,100000.0,20000.0,1
b50_lb10_k3_eps0p0025,hierarchical_local_aggregate,shot_proportional,5,qaoa_13_circuit,qaoa,13,circuit,0.0,0.0,0.0,0.0,0.0,100000.0,20000.0,1
b50_lb10_k3_eps0p0025,hierarchical_local_aggregate,shot_proportional,5,qaoa_14_circuit,qaoa,14,circuit,0.0,0.0,0.0,0.0,0.0,100000.0,20000.0,1
b50_lb10_k3_eps0p0025,hierarchical_local_aggregate,shot_proportional,5,qaoa_15_circuit,qaoa,15,circuit,0.0,0.0,0.0,0.0,0.0,100000.0,20000.0,1
b50_lb10_k3_eps0p0025,hierarchical_local_aggregate,shot_proportional,5,qaoa_4_circuit,qaoa,4,circuit,0.008303684210526307,0.008303684210526307,0.008303684210526307,0.81,0.81,19000.0,3800.0,1
b50_lb10_k3_eps0p0025,hierarchical_local_aggregate,shot_proportional,5,qaoa_5_circuit,qaoa,5,circuit,0.009343396226415097,0.009343396226415097,0.009343396226415097,0.735,0.735,26500.0,5300.0,1
b50_lb10_k3_eps0p0025,hierarchical_local_aggregate,shot_proportional,5,qaoa_6_circuit,qaoa,6,circuit,0.006029523809523826,0.006029523809523826,0.006029523809523826,0.475,0.475,52500.0,10500.0,1
b50_lb10_k3_eps0p0025,hierarchical_local_aggregate,shot_proportional,5,qaoa_7_circuit,qaoa,7,circuit,0.00792591549295773,0.00792591549295773,0.00792591549295773,0.29000000000000004,0.29000000000000004,71000.0,14200.0,1
b50_lb10_k3_eps0p0025,hierarchical_local_aggregate,shot_proportional,5,qaoa_8_circuit,qaoa,8,circuit,0.005146956521739163,0.005146956521739163,0.005146956521739163,0.13749999999999996,0.13749999999999996,86250.0,17250.0,1
b50_lb10_k3_eps0p0025,hierarchical_local_aggregate,shot_proportional,5,qaoa_9_circuit,qaoa,9,circuit,0.0,0.0,0.0,0.0,0.0,100000.0,20000.0,1
b50_lb10_k3_eps0p0025,hierarchical_local_aggregate,shot_proportional,5,qft_10_circuit,qft,10,circuit,0.0,0.0,0.0,0.0,0.0,100000.0,20000.0,1
b50_lb10_k3_eps0p0025,hierarchical_local_aggregate,shot_proportional,5,qft_11_circuit,qft,11,circuit,0.0,0.0,0.0,0.0,0.0,100000.0,20000.0,1
b50_lb10_k3_eps0p0025,hierarchical_local_aggregate,shot_proportional,5,qft_12_circuit,qft,12,circuit,0.0,0.0,0.0,0.0,0.0,100000.0,20000.0,1
b50_lb10_k3_eps0p0025,hierarchical_local_aggregate,shot_proportional,5,qft_13_circuit,qft,13,circuit,0.0,0.0,0.0,0.0,0.0,100000.0,20000.0,1
b50_lb10_k3_eps0p0025,hierarchical_local_aggregate,shot_proportional,5,qft_14_circuit,qft,14,circuit,0.0,0.0,0.0,0.0,0.0,100000.0,20000.0,1
b50_lb10_k3_eps0p0025,hierarchical_local_aggregate,shot_proportional,5,qft_15_circuit,qft,15,circuit,0.0,0.0,0.0,0.0,0.0,100000.0,20000.0,1
b50_lb10_k3_eps0p0025,hierarchical_local_aggregate,shot_proportional,5,qft_4_circuit,qft,4,circuit,0.008631942446043189,0.008631942446043189,0.008631942446043189,0.6525000000000001,0.6525000000000001,34750.0,6950.0,1
b50_lb10_k3_eps0p0025,hierarchical_local_aggregate,shot_proportional,5,qft_5_circuit,qft,5,circuit,0.007709999999999996,0.007709999999999996,0.007709999999999996,0.5575,0.5575,44250.0,8850.0,1
b50_lb10_k3_eps0p0025,hierarchical_local_aggregate,shot_proportional,5,qft_6_circuit,qft,6,circuit,0.007728867924528297,0.007728867924528297,0.007728867924528297,0.3375,0.3375,66250.0,13250.0,1
b50_lb10_k3_eps0p0025,hierarchical_local_aggregate,shot_proportional,5,qft_7_circuit,qft,7,circuit,0.005146056338028169,0.005146056338028169,0.005146056338028169,0.11250000000000004,0.11250000000000004,88750.0,17750.0,1
b50_lb10_k3_eps0p0025,hierarchical_local_aggregate,shot_proportional,5,qft_8_circuit,qft,8,circuit,0.0,0.0,0.0,0.0,0.0,100000.0,20000.0,1
b50_lb10_k3_eps0p0025,hierarchical_local_aggregate,shot_proportional,5,qft_9_circuit,qft,9,circuit,0.0,0.0,0.0,0.0,0.0,100000.0,20000.0,1
b50_lb10_k3_eps0p0025,hierarchical_local_aggregate,shot_proportional,5,qnn_10_circuit,qnn,10,circuit,0.0,0.0,0.0,0.0,0.0,100000.0,20000.0,1
b50_lb10_k3_eps0p0025,hierarchical_local_aggregate,shot_proportional,5,qnn_11_circuit,qnn,11,circuit,0.0,0.0,0.0,0.0,0.0,100000.0,20000.0,1
b50_lb10_k3_eps0p0025,hierarchical_local_aggregate,shot_proportional,5,qnn_12_circuit,qnn,12,circuit,0.0,0.0,0.0,0.0,0.0,100000.0,20000.0,1
b50_lb10_k3_eps0p0025,hierarchical_local_aggregate,shot_proportional,5,qnn_13_circuit,qnn,13,circuit,0.0,0.0,0.0,0.0,0.0,100000.0,20000.0,1
b50_lb10_k3_eps0p0025,hierarchical_local_aggregate,shot_proportional,5,qnn_14_circuit,qnn,14,circuit,0.0,0.0,0.0,0.0,0.0,100000.0,20000.0,1
b50_lb10_k3_eps0p0025,hierarchical_local_aggregate,shot_proportional,5,qnn_15_circuit,qnn,15,circuit,0.0,0.0,0.0,0.0,0.0,100000.0,20000.0,1
b50_lb10_k3_eps0p0025,hierarchical_local_aggregate,shot_proportional,5,qnn_4_circuit,qnn,4,circuit,0.008857777777777796,0.008857777777777796,0.008857777777777796,0.775,0.775,22500.0,4500.0,1
b50_lb10_k3_eps0p0025,hierarchical_local_aggregate,shot_proportional,5,qnn_5_circuit,qnn,5,circuit,0.008642739726027401,0.008642739726027401,0.008642739726027401,0.635,0.635,36500.0,7300.0,1
b50_lb10_k3_eps0p0025,hierarchical_local_aggregate,shot_proportional,5,qnn_6_circuit,qnn,6,circuit,0.006732549019607852,0.006732549019607852,0.006732549019607852,0.49,0.49,51000.0,10200.0,1
b50_lb10_k3_eps0p0025,hierarchical_local_aggregate,shot_proportional,5,qnn_7_circuit,qnn,7,circuit,0.0038669565217391306,0.0038669565217391306,0.0038669565217391306,0.07999999999999996,0.07999999999999996,92000.0,18400.0,1
b50_lb10_k3_eps0p0025,hierarchical_local_aggregate,shot_proportional,5,qnn_8_circuit,qnn,8,circuit,0.0,0.0,0.0,0.0,0.0,100000.0,20000.0,1
b50_lb10_k3_eps0p0025,hierarchical_local_aggregate,shot_proportional,5,qnn_9_circuit,qnn,9,circuit,0.0,0.0,0.0,0.0,0.0,100000.0,20000.0,1
b50_lb10_k3_eps0p0025,hierarchical_local_aggregate,shot_proportional,5,random_10_circuit,random,10,circuit,0.0,0.0,0.0,0.0,0.0,100000.0,20000.0,1
b50_lb10_k3_eps0p0025,hierarchical_local_aggregate,shot_proportional,5,random_11_circuit,random,11,circuit,0.0,0.0,0.0,0.0,0.0,100000.0,20000.0,1
b50_lb10_k3_eps0p0025,hierarchical_local_aggregate,shot_proportional,5,random_12_circuit,random,12,circuit,0.0,0.0,0.0,0.0,0.0,100000.0,20000.0,1
b50_lb10_k3_eps0p0025,hierarchical_local_aggregate,shot_proportional,5,random_13_circuit,random,13,circuit,0.0,0.0,0.0,0.0,0.0,100000.0,20000.0,1
b50_lb10_k3_eps0p0025,hierarchical_local_aggregate,shot_proportional,5,random_14_circuit,random,14,circuit,0.0,0.0,0.0,0.0,0.0,100000.0,20000.0,1
b50_lb10_k3_eps0p0025,hierarchical_local_aggregate,shot_proportional,5,random_15_circuit,random,15,circuit,0.0,0.0,0.0,0.0,0.0,100000.0,20000.0,1
b50_lb10_k3_eps0p0025,hierarchical_local_aggregate,shot_proportional,5,random_4_circuit,random,4,circuit,0.004142608695652184,0.004142608695652184,0.004142608695652184,0.77,0.77,23000.0,4600.0,1
b50_lb10_k3_eps0p0025,hierarchical_local_aggregate,shot_proportional,5,random_5_circuit,random,5,circuit,0.00913,0.00913,0.00913,0.7,0.7,30000.0,6000.0,1
b50_lb10_k3_eps0p0025,hierarchical_local_aggregate,shot_proportional,5,random_6_circuit,random,6,circuit,0.009265306122448979,0.009265306122448979,0.009265306122448979,0.51,0.51,49000.0,9800.0,1
b50_lb10_k3_eps0p0025,hierarchical_local_aggregate,shot_proportional,5,random_7_circuit,random,7,circuit,0.007967163120567373,0.007967163120567373,0.007967163120567373,0.29500000000000004,0.29500000000000004,70500.0,14100.0,1
b50_lb10_k3_eps0p0025,hierarchical_local_aggregate,shot_proportional,5,random_8_circuit,random,8,circuit,0.0,0.0,0.0,0.0,0.0,100000.0,20000.0,1
b50_lb10_k3_eps0p0025,hierarchical_local_aggregate,shot_proportional,5,random_9_circuit,random,9,circuit,0.0,0.0,0.0,0.0,0.0,100000.0,20000.0,1
b50_lb10_k3_eps0p0025,hierarchical_local_aggregate,shot_proportional,5,vqe_10_circuit,vqe,10,circuit,0.012142185792349722,0.012142185792349722,0.012142185792349722,0.5425,0.5425,45750.0,9150.0,1
b50_lb10_k3_eps0p0025,hierarchical_local_aggregate,shot_proportional,5,vqe_11_circuit,vqe,11,circuit,0.010331311475409872,0.010331311475409872,0.010331311475409872,0.5425,0.5425,45750.0,9150.0,1
b50_lb10_k3_eps0p0025,hierarchical_local_aggregate,shot_proportional,5,vqe_12_circuit,vqe,12,circuit,0.0095038095238095,0.0095038095238095,0.0095038095238095,0.475,0.475,52500.0,10500.0,1
b50_lb10_k3_eps0p0025,hierarchical_local_aggregate,shot_proportional,5,vqe_13_circuit,vqe,13,circuit,0.008415714285714127,0.008415714285714127,0.008415714285714127,0.30000000000000004,0.30000000000000004,70000.0,14000.0,1
b50_lb10_k3_eps0p0025,hierarchical_local_aggregate,shot_proportional,5,vqe_14_circuit,vqe,14,circuit,0.004377333333333334,0.004377333333333334,0.004377333333333334,0.0625,0.0625,93750.0,18750.0,1
b50_lb10_k3_eps0p0025,hierarchical_local_aggregate,shot_proportional,5,vqe_15_circuit,vqe,15,circuit,0.0028094315245477362,0.0028094315245477362,0.0028094315245477362,0.03249999999999997,0.03249999999999997,96750.0,19350.0,1
b50_lb10_k3_eps0p0025,hierarchical_local_aggregate,shot_proportional,5,vqe_4_circuit,vqe,4,circuit,0.002129999999999935,0.002129999999999935,0.002129999999999935,0.9,0.9,10000.0,2000.0,1
b50_lb10_k3_eps0p0025,hierarchical_local_aggregate,shot_proportional,5,vqe_5_circuit,vqe,5,circuit,0.0046342857142856325,0.0046342857142856325,0.0046342857142856325,0.825,0.825,17500.0,3500.0,1
b50_lb10_k3_eps0p0025,hierarchical_local_aggregate,shot_proportional,5,vqe_6_circuit,vqe,6,circuit,0.005015714285714326,0.005015714285714326,0.005015714285714326,0.86,0.86,14000.0,2800.0,1
b50_lb10_k3_eps0p0025,hierarchical_local_aggregate,shot_proportional,5,vqe_7_circuit,vqe,7,circuit,0.006855882352941154,0.006855882352941154,0.006855882352941154,0.7875,0.7875,21250.0,4250.0,1
b50_lb10_k3_eps0p0025,hierarchical_local_aggregate,shot_proportional,5,vqe_8_circuit,vqe,8,circuit,0.0065954263565891425,0.0065954263565891425,0.0065954263565891425,0.6775,0.6775,32250.0,6450.0,1
b50_lb10_k3_eps0p0025,hierarchical_local_aggregate,shot_proportional,5,vqe_9_circuit,vqe,9,circuit,0.006422162162162118,0.006422162162162118,0.006422162162162118,0.63,0.63,37000.0,7400.0,1
b50_lb10_k3_eps0p0025,hierarchical_local_aggregate,uniform,1,dj_10_circuit,dj,10,circuit,0.008150000000000003,0.011255426902753341,0.011695962732919283,0.25,0.25,15000.0,15000.0,5
b50_lb10_k3_eps0p0025,hierarchical_local_aggregate,uniform,1,dj_11_circuit,dj,11,circuit,0.005184507042253505,0.011879011316259654,0.01200869565217388,0.11250000000000004,0.11250000000000004,17750.0,17750.0,5
b50_lb10_k3_eps0p0025,hierarchical_local_aggregate,uniform,1,dj_12_circuit,dj,12,circuit,0.0055946236559139655,0.010508623966516856,0.01079708737864077,0.06999999999999995,0.06999999999999995,18600.0,18600.0,5
b50_lb10_k3_eps0p0025,hierarchical_local_aggregate,uniform,1,dj_13_circuit,dj,13,circuit,0.0,0.008897495264314452,0.008918858131487946,0.0,0.0,20000.0,20000.0,5
b50_lb10_k3_eps0p0025,hierarchical_local_aggregate,uniform,1,dj_14_circuit,dj,14,circuit,0.0,0.009606456180635308,0.009797435897435921,0.0,0.0,20000.0,20000.0,5
b50_lb10_k3_eps0p0025,hierarchical_local_aggregate,uniform,1,dj_15_circuit,dj,15,circuit,0.0,0.008200707610146853,0.008759813084112148,0.0,0.0,20000.0,20000.0,5
b50_lb10_k3_eps0p0025,hierarchical_local_aggregate,uniform,1,dj_4_circuit,dj,4,circuit,0.0054188679245283505,0.008252727272727281,0.008931818181818188,0.87,0.87,2600.0,2600.0,5
b50_lb10_k3_eps0p0025,hierarchical_local_aggregate,uniform,1,dj_5_circuit,dj,5,circuit,0.005141803278688479,0.006465670307845096,0.006660377358490575,0.8325,0.8325,3350.0,3350.0,5
b50_lb10_k3_eps0p0025,hierarchical_local_aggregate,uniform,1,dj_6_circuit,dj,6,circuit,0.008426923076923108,0.010434561650257827,0.01091851851851848,0.74,0.74,5200.0,5200.0,5
b50_lb10_k3_eps0p0025,hierarchical_local_aggregate,uniform,1,dj_7_circuit,dj,7,circuit,0.008615662650602395,0.011007743043627633,0.011417073170731725,0.645,0.645,7100.0,7100.0,5
b50_lb10_k3_eps0p0025,hierarchical_local_aggregate,uniform,1,dj_8_circuit,dj,8,circuit,0.009708064516129,0.01158413265306125,0.011952040816326557,0.5349999999999999,0.5349999999999999,9300.0,9300.0,5
b50_lb10_k3_eps0p0025,hierarchical_local_aggregate,uniform,1,dj_9_circuit,dj,9,circuit,0.010468047337278134,0.011237973884039477,0.011334426229508216,0.4225,0.4225,11550.0,11550.0,5
b50_lb10_k3_eps0p0025,hierarchical_local_aggregate,uniform,1,qaoa_10_circuit,qaoa,10,circuit,0.0,0.0,0.0,0.0,0.0,20000.0,20000.0,5
b50_lb10_k3_eps0p0025,hierarchical_local_aggregate,uniform,1,qaoa_11_circuit,qaoa,11,circuit,0.0,0.0,0.0,0.0,0.0,20000.0,20000.0,5
b50_lb10_k3_eps0p0025,hierarchical_local_aggregate,uniform,1,qaoa_12_circuit,qaoa,12,circuit,0.0,0.0,0.0,0.0,0.0,20000.0,20000.0,5
b50_lb10_k3_eps0p0025,hierarchical_local_aggregate,uniform,1,qaoa_13_circuit,qaoa,13,circuit,0.0,0.0,0.0,0.0,0.0,20000.0,20000.0,5
b50_lb10_k3_eps0p0025,hierarchical_local_aggregate,uniform,1,qaoa_14_circuit,qaoa,14,circuit,0.0,0.0,0.0,0.0,0.0,20000.0,20000.0,5
b50_lb10_k3_eps0p0025,hierarchical_local_aggregate,uniform,1,qaoa_15_circuit,qaoa,15,circuit,0.0,0.0,0.0,0.0,0.0,20000.0,20000.0,5
b50_lb10_k3_eps0p0025,hierarchical_local_aggregate,uniform,1,qaoa_4_circuit,qaoa,4,circuit,0.00778911564625852,0.009914967234023839,0.00992106918238994,0.6425000000000001,0.6425000000000001,7150.0,7150.0,5
b50_lb10_k3_eps0p0025,hierarchical_local_aggregate,uniform,1,qaoa_5_circuit,qaoa,5,circuit,0.007346757679180891,0.010295875169606502,0.010840298507462678,0.29500000000000004,0.29500000000000004,14100.0,14100.0,5
b50_lb10_k3_eps0p0025,hierarchical_local_aggregate,uniform,1,qaoa_6_circuit,qaoa,6,circuit,0.0,0.004558170586837729,0.004593478260869563,0.0,0.0,20000.0,20000.0,5
b50_lb10_k3_eps0p0025,hierarchical_local_aggregate,uniform,1,qaoa_7_circuit,qaoa,7,circuit,0.0,0.0,0.0,0.0,0.0,20000.0,20000.0,5
b50_lb10_k3_eps0p0025,hierarchical_local_aggregate,uniform,1,qaoa_8_circuit,qaoa,8,circuit,0.0,0.0,0.0,0.0,0.0,20000.0,20000.0,5
b50_lb10_k3_eps0p0025,hierarchical_local_aggregate,uniform,1,qaoa_9_circuit,qaoa,9,circuit,0.0,0.0,0.0,0.0,0.0,20000.0,20000.0,5
b50_lb10_k3_eps0p0025,hierarchical_local_aggregate,uniform,1,qft_10_circuit,qft,10,circuit,0.0,0.0,0.0,0.0,0.0,20000.0,20000.0,5
b50_lb10_k3_eps0p0025,hierarchical_local_aggregate,uniform,1,qft_11_circuit,qft,11,circuit,0.0,0.0,0.0,0.0,0.0,20000.0,20000.0,5
b50_lb10_k3_eps0p0025,hierarchical_local_aggregate,uniform,1,qft_12_circuit,qft,12,circuit,0.0,0.0,0.0,0.0,0.0,20000.0,20000.0,5
b50_lb10_k3_eps0p0025,hierarchical_local_aggregate,uniform,1,qft_13_circuit,qft,13,circuit,0.0,0.0,0.0,0.0,0.0,20000.0,20000.0,5
b50_lb10_k3_eps0p0025,hierarchical_local_aggregate,uniform,1,qft_14_circuit,qft,14,circuit,0.0,0.0,0.0,0.0,0.0,20000.0,20000.0,5
b50_lb10_k3_eps0p0025,hierarchical_local_aggregate,uniform,1,qft_15_circuit,qft,15,circuit,0.0,0.0,0.0,0.0,0.0,20000.0,20000.0,5
b50_lb10_k3_eps0p0025,hierarchical_local_aggregate,uniform,1,qft_4_circuit,qft,4,circuit,0.010529735682819372,0.011147682843472322,0.011270129870129878,0.4325,0.4325,11350.0,11350.0,5
b50_lb10_k3_eps0p0025,hierarchical_local_aggregate,uniform,1,qft_5_circuit,qft,5,circuit,0.006196408839778997,0.007241449275362313,0.007426811594202895,0.09499999999999997,0.09499999999999997,18100.0,18100.0,5
b50_lb10_k3_eps0p0025,hierarchical_local_aggregate,uniform,1,qft_6_circuit,qft,6,circuit,0.0,0.0,0.0,0.0,0.0,20000.0,20000.0,5
b50_lb10_k3_eps0p0025,hierarchical_local_aggregate,uniform,1,qft_7_circuit,qft,7,circuit,0.0,0.0,0.0,0.0,0.0,20000.0,20000.0,5
b50_lb10_k3_eps0p0025,hierarchical_local_aggregate,uniform,1,qft_8_circuit,qft,8,circuit,0.0,0.0,0.0,0.0,0.0,20000.0,20000.0,5
b50_lb10_k3_eps0p0025,hierarchical_local_aggregate,uniform,1,qft_9_circuit,qft,9,circuit,0.0,0.0,0.0,0.0,0.0,20000.0,20000.0,5
b50_lb10_k3_eps0p0025,hierarchical_local_aggregate,uniform,1,qnn_10_circuit,qnn,10,circuit,0.0,0.0,0.0,0.0,0.0,20000.0,20000.0,5
b50_lb10_k3_eps0p0025,hierarchical_local_aggregate,uniform,1,qnn_11_circuit,qnn,11,circuit,0.0,0.0,0.0,0.0,0.0,20000.0,20000.0,5
b50_lb10_k3_eps0p0025,hierarchical_local_aggregate,uniform,1,qnn_12_circuit,qnn,12,circuit,0.0,0.0,0.0,0.0,0.0,20000.0,20000.0,5
b50_lb10_k3_eps0p0025,hierarchical_local_aggregate,uniform,1,qnn_13_circuit,qnn,13,circuit,0.0,0.0,0.0,0.0,0.0,20000.0,20000.0,5
b50_lb10_k3_eps0p0025,hierarchical_local_aggregate,uniform,1,qnn_14_circuit,qnn,14,circuit,0.0,0.0,0.0,0.0,0.0,20000.0,20000.0,5
b50_lb10_k3_eps0p0025,hierarchical_local_aggregate,uniform,1,qnn_15_circuit,qnn,15,circuit,0.0,0.0,0.0,0.0,0.0,20000.0,20000.0,5
b50_lb10_k3_eps0p0025,hierarchical_local_aggregate,uniform,1,qnn_4_circuit,qnn,4,circuit,0.009510992907801429,0.014031918906176324,0.014823809523809517,0.495,0.495,10100.0,10100.0,5
b50_lb10_k3_eps0p0025,hierarchical_local_aggregate,uniform,1,qnn_5_circuit,qnn,5,circuit,0.005893657817109153,0.0071281576893052374,0.00725245901639345,0.15249999999999997,0.15249999999999997,16950.0,16950.0,5
b50_lb10_k3_eps0p0025,hierarchical_local_aggregate,uniform,1,qnn_6_circuit,qnn,6,circuit,0.0,0.0,0.0,0.0,0.0,20000.0,20000.0,5
b50_lb10_k3_eps0p0025,hierarchical_local_aggregate,uniform,1,qnn_7_circuit,qnn,7,circuit,0.0,0.0,0.0,0.0,0.0,20000.0,20000.0,5
b50_lb10_k3_eps0p0025,hierarchical_local_aggregate,uniform,1,qnn_8_circuit,qnn,8,circuit,0.0,0.0,0.0,0.0,0.0,20000.0,20000.0,5
b50_lb10_k3_eps0p0025,hierarchical_local_aggregate,uniform,1,qnn_9_circuit,qnn,9,circuit,0.0,0.0,0.0,0.0,0.0,20000.0,20000.0,5
b50_lb10_k3_eps0p0025,hierarchical_local_aggregate,uniform,1,random_10_circuit,random,10,circuit,0.0,0.0,0.0,0.0,0.0,20000.0,20000.0,5
b50_lb10_k3_eps0p0025,hierarchical_local_aggregate,uniform,1,random_11_circuit,random,11,circuit,0.0,0.0,0.0,0.0,0.0,20000.0,20000.0,5
b50_lb10_k3_eps0p0025,hierarchical_local_aggregate,uniform,1,random_12_circuit,random,12,circuit,0.0,0.0,0.0,0.0,0.0,20000.0,20000.0,5
b50_lb10_k3_eps0p0025,hierarchical_local_aggregate,uniform,1,random_13_circuit,random,13,circuit,0.0,0.0,0.0,0.0,0.0,20000.0,20000.0,5
b50_lb10_k3_eps0p0025,hierarchical_local_aggregate,uniform,1,random_14_circuit,random,14,circuit,0.0,0.0,0.0,0.0,0.0,20000.0,20000.0,5
b50_lb10_k3_eps0p0025,hierarchical_local_aggregate,uniform,1,random_15_circuit,random,15,circuit,0.0,0.0,0.0,0.0,0.0,20000.0,20000.0,5
b50_lb10_k3_eps0p0025,hierarchical_local_aggregate,uniform,1,random_4_circuit,random,4,circuit,0.00711980198019802,0.01403505285695169,0.015094680851063828,0.5925,0.5925,8150.0,8150.0,5
b50_lb10_k3_eps0p0025,hierarchical_local_aggregate,uniform,1,random_5_circuit,random,5,circuit,0.0070052995391704865,0.008251457955232909,0.00840862068965517,0.3075,0.3075,13850.0,13850.0,5
b50_lb10_k3_eps0p0025,hierarchical_local_aggregate,uniform,1,random_6_circuit,random,6,circuit,0.0,0.0,0.0,0.0,0.0,20000.0,20000.0,5
b50_lb10_k3_eps0p0025,hierarchical_local_aggregate,uniform,1,random_7_circuit,random,7,circuit,0.0,0.0,0.0,0.0,0.0,20000.0,20000.0,5
b50_lb10_k3_eps0p0025,hierarchical_local_aggregate,uniform,1,random_8_circuit,random,8,circuit,0.0,0.0,0.0,0.0,0.0,20000.0,20000.0,5
b50_lb10_k3_eps0p0025,hierarchical_local_aggregate,uniform,1,random_9_circuit,random,9,circuit,0.0,0.0,0.0,0.0,0.0,20000.0,20000.0,5
b50_lb10_k3_eps0p0025,hierarchical_local_aggregate,uniform,1,vqe_10_circuit,vqe,10,circuit,0.007906340057636858,0.010540694980694954,0.010851544401544358,0.16749999999999998,0.16749999999999998,16650.0,16650.0,5
b50_lb10_k3_eps0p0025,hierarchical_local_aggregate,uniform,1,vqe_11_circuit,vqe,11,circuit,0.006273988439306386,0.010891084529505626,0.011084688995215366,0.135,0.135,17300.0,17300.0,5
b50_lb10_k3_eps0p0025,hierarchical_local_aggregate,uniform,1,vqe_12_circuit,vqe,12,circuit,0.006890350877192961,0.01068012231431563,0.011154651162790722,0.14500000000000002,0.14500000000000002,17100.0,17100.0,5
b50_lb10_k3_eps0p0025,hierarchical_local_aggregate,uniform,1,vqe_13_circuit,vqe,13,circuit,0.0,0.00585333333333332,0.007316666666666651,0.0,0.0,20000.0,20000.0,5
b50_lb10_k3_eps0p0025,hierarchical_local_aggregate,uniform,1,vqe_14_circuit,vqe,14,circuit,0.0,0.001540253164556963,0.0019253164556962041,0.0,0.0,20000.0,20000.0,5
b50_lb10_k3_eps0p0025,hierarchical_local_aggregate,uniform,1,vqe_15_circuit,vqe,15,circuit,0.0,0.0,0.0,0.0,0.0,20000.0,20000.0,5
b50_lb10_k3_eps0p0025,hierarchical_local_aggregate,uniform,1,vqe_4_circuit,vqe,4,circuit,0.005539552238805997,0.006149956709956668,0.006213636363636312,0.8375,0.8375,3250.0,3250.0,5
b50_lb10_k3_eps0p0025,hierarchical_local_aggregate,uniform,1,vqe_5_circuit,vqe,5,circuit,0.008446581196581177,0.010243529766520244,0.010460062893081807,0.6599999999999999,0.6599999999999999,6800.0,6800.0,5
b50_lb10_k3_eps0p0025,hierarchical_local_aggregate,uniform,1,vqe_6_circuit,vqe,6,circuit,0.006804878048780457,0.007747487684729081,0.007887931034482782,0.725,0.725,5500.0,5500.0,5
b50_lb10_k3_eps0p0025,hierarchical_local_aggregate,uniform,1,vqe_7_circuit,vqe,7,circuit,0.007410256410256376,0.009692878787878795,0.010084848484848488,0.5875,0.5875,8250.0,8250.0,5
b50_lb10_k3_eps0p0025,hierarchical_local_aggregate,uniform,1,vqe_8_circuit,vqe,8,circuit,0.008984482758620717,0.012574086148982425,0.01288809523809525,0.39749999999999996,0.39749999999999996,12050.0,12050.0,5
b50_lb10_k3_eps0p0025,hierarchical_local_aggregate,uniform,1,vqe_9_circuit,vqe,9,circuit,0.009240909090909103,0.013757113752122258,0.013866129032258081,0.38,0.38,12400.0,12400.0,5
b50_lb10_k3_eps0p0025,hierarchical_local_aggregate,uniform,2,dj_10_circuit,dj,10,circuit,0.00970825037158398,0.011900471139048553,0.012454441934876753,0.54,0.54,18400.0,9200.0,10
b50_lb10_k3_eps0p0025,hierarchical_local_aggregate,uniform,2,dj_11_circuit,dj,11,circuit,0.010278347615537406,0.012020310543970462,0.012096695668271007,0.44125000000000003,0.43875000000000003,22350.0,11225.0,10
b50_lb10_k3_eps0p0025,hierarchical_local_aggregate,uniform,2,dj_12_circuit,dj,12,circuit,0.009967257583614225,0.012132361182081428,0.01249361576934391,0.33249999999999996,0.33249999999999996,26700.0,13350.0,10
b50_lb10_k3_eps0p0025,hierarchical_local_aggregate,uniform,2,dj_13_circuit,dj,13,circuit,0.008171872466307122,0.009695216091920396,0.010591666666666772,0.273125,0.26875,29075.0,14625.0,10
b50_lb10_k3_eps0p0025,hierarchical_local_aggregate,uniform,2,dj_14_circuit,dj,14,circuit,0.008691866607323398,0.011024929473511547,0.011358075879344592,0.21437500000000004,0.20875,31425.0,15825.0,10
b50_lb10_k3_eps0p0025,hierarchical_local_aggregate,uniform,2,dj_15_circuit,dj,15,circuit,0.006813227680151558,0.009646058965878867,0.009693860876377997,0.11562500000000003,0.10625000000000001,35375.0,17875.0,10
b50_lb10_k3_eps0p0025,hierarchical_local_aggregate,uniform,2,dj_4_circuit,dj,4,circuit,0.004166241496598645,0.005154047619047628,0.005293722943722957,0.91,0.90625,3600.0,1875.0,10
b50_lb10_k3_eps0p0025,hierarchical_local_aggregate,uniform,2,dj_5_circuit,dj,5,circuit,0.00439952107279697,0.005667197872468516,0.0062595746441576235,0.8625,0.8600000000000001,5500.0,2800.0,10
b50_lb10_k3_eps0p0025,hierarchical_local_aggregate,uniform,2,dj_6_circuit,dj,6,circuit,0.006573741400875544,0.008939203652788708,0.00913552631578949,0.8131250000000001,0.81,7475.0,3800.0,10
b50_lb10_k3_eps0p0025,hierarchical_local_aggregate,uniform,2,dj_7_circuit,dj,7,circuit,0.006916234946279428,0.009985575647980721,0.011119228450874048,0.74875,0.7425,10050.0,5150.0,10
b50_lb10_k3_eps0p0025,hierarchical_local_aggregate,uniform,2,dj_8_circuit,dj,8,circuit,0.007964239451823295,0.010342537878787889,0.010483333333333336,0.6637500000000001,0.6575,13450.0,6850.0,10
b50_lb10_k3_eps0p0025,hierarchical_local_aggregate,uniform,2,dj_9_circuit,dj,9,circuit,0.009449681528662466,0.010067869897959157,0.010379081632653029,0.5825,0.57875,16700.0,8425.0,10
b50_lb10_k3_eps0p0025,hierarchical_local_aggregate,uniform,2,qaoa_10_circuit,qaoa,10,circuit,0.0,0.0,0.0,0.0,0.0,40000.0,20000.0,10
b50_lb10_k3_eps0p0025,hierarchical_local_aggregate,uniform,2,qaoa_11_circuit,qaoa,11,circuit,0.0,0.0,0.0,0.0,0.0,40000.0,20000.0,10
b50_lb10_k3_eps0p0025,hierarchical_local_aggregate,uniform,2,qaoa_12_circuit,qaoa,12,circuit,0.0,0.0,0.0,0.0,0.0,40000.0,20000.0,10
b50_lb10_k3_eps0p0025,hierarchical_local_aggregate,uniform,2,qaoa_13_circuit,qaoa,13,circuit,0.0,0.0,0.0,0.0,0.0,40000.0,20000.0,10
b50_lb10_k3_eps0p0025,hierarchical_local_aggregate,uniform,2,qaoa_14_circuit,qaoa,14,circuit,0.0,0.0,0.0,0.0,0.0,40000.0,20000.0,10
b50_lb10_k3_eps0p0025,hierarchical_local_aggregate,uniform,2,qaoa_15_circuit,qaoa,15,circuit,0.0,0.0,0.0,0.0,0.0,40000.0,20000.0,10
b50_lb10_k3_eps0p0025,hierarchical_local_aggregate,uniform,2,qaoa_4_circuit,qaoa,4,circuit,0.006020340819542955,0.01008249557260921,0.010862012987012993,0.7237499999999999,0.7237499999999999,11050.0,5525.0,10
b50_lb10_k3_eps0p0025,hierarchical_local_aggregate,uniform,2,qaoa_5_circuit,qaoa,5,circuit,0.008211419025157238,0.00990350121359223,0.010264320388349516,0.50375,0.50375,19850.0,9925.0,10
b50_lb10_k3_eps0p0025,hierarchical_local_aggregate,uniform,2,qaoa_6_circuit,qaoa,6,circuit,0.00720606118304138,0.00925934362934363,0.009266988416988425,0.31,0.31,27600.0,13800.0,10
b50_lb10_k3_eps0p0025,hierarchical_local_aggregate,uniform,2,qaoa_7_circuit,qaoa,7,circuit,0.0,0.0,0.0,0.0,0.0,40000.0,20000.0,10
b50_lb10_k3_eps0p0025,hierarchical_local_aggregate,uniform,2,qaoa_8_circuit,qaoa,8,circuit,0.0,0.0,0.0,0.0,0.0,40000.0,20000.0,10
b50_lb10_k3_eps0p0025,hierarchical_local_aggregate,uniform,2,qaoa_9_circuit,qaoa,9,circuit,0.0,0.0,0.0,0.0,0.0,40000.0,20000.0,10
b50_lb10_k3_eps0p0025,hierarchical_local_aggregate,uniform,2,qft_10_circuit,qft,10,circuit,0.0,0.0,0.0,0.0,0.0,40000.0,20000.0,10
b50_lb10_k3_eps0p0025,hierarchical_local_aggregate,uniform,2,qft_11_circuit,qft,11,circuit,0.0,0.0,0.0,0.0,0.0,40000.0,20000.0,10
b50_lb10_k3_eps0p0025,hierarchical_local_aggregate,uniform,2,qft_12_circuit,qft,12,circuit,0.0,0.0,0.0,0.0,0.0,40000.0,20000.0,10
b50_lb10_k3_eps0p0025,hierarchical_local_aggregate,uniform,2,qft_13_circuit,qft,13,circuit,0.0,0.0,0.0,0.0,0.0,40000.0,20000.0,10
b50_lb10_k3_eps0p0025,hierarchical_local_aggregate,uniform,2,qft_14_circuit,qft,14,circuit,0.0,0.0,0.0,0.0,0.0,40000.0,20000.0,10
b50_lb10_k3_eps0p0025,hierarchical_local_aggregate,uniform,2,qft_15_circuit,qft,15,circuit,0.0,0.0,0.0,0.0,0.0,40000.0,20000.0,10
b50_lb10_k3_eps0p0025,hierarchical_local_aggregate,uniform,2,qft_4_circuit,qft,4,circuit,0.009911445783132538,0.012150198412698416,0.012335714285714287,0.58125,0.58125,16750.0,8375.0,10
b50_lb10_k3_eps0p0025,hierarchical_local_aggregate,uniform,2,qft_5_circuit,qft,5,circuit,0.008911538461538464,0.009517024616079495,0.009518495934959351,0.38,0.38,24800.0,12400.0,10
b50_lb10_k3_eps0p0025,hierarchical_local_aggregate,uniform,2,qft_6_circuit,qft,6,circuit,0.004368842879918009,0.007481154359844421,0.007681797583081566,0.0625,0.0625,37500.0,18750.0,10
b50_lb10_k3_eps0p0025,hierarchical_local_aggregate,uniform,2,qft_7_circuit,qft,7,circuit,0.0,0.0,0.0,0.0,0.0,40000.0,20000.0,10
b50_lb10_k3_eps0p0025,hierarchical_local_aggregate,uniform,2,qft_8_circuit,qft,8,circuit,0.0,0.0,0.0,0.0,0.0,40000.0,20000.0,10
b50_lb10_k3_eps0p0025,hierarchical_local_aggregate,uniform,2,qft_9_circuit,qft,9,circuit,0.0,0.0,0.0,0.0,0.0,40000.0,20000.0,10
b50_lb10_k3_eps0p0025,hierarchical_local_aggregate,uniform,2,qnn_10_circuit,qnn,10,circuit,0.0,0.0,0.0,0.0,0.0,40000.0,20000.0,10
b50_lb10_k3_eps0p0025,hierarchical_local_aggregate,uniform,2,qnn_11_circuit,qnn,11,circuit,0.0,0.0,0.0,0.0,0.0,40000.0,20000.0,10
b50_lb10_k3_eps0p0025,hierarchical_local_aggregate,uniform,2,qnn_12_circuit,qnn,12,circuit,0.0,0.0,0.0,0.0,0.0,40000.0,20000.0,10
b50_lb10_k3_eps0p0025,hierarchical_local_aggregate,uniform,2,qnn_13_circuit,qnn,13,circuit,0.0,0.0,0.0,0.0,0.0,40000.0,20000.0,10
b50_lb10_k3_eps0p0025,hierarchical_local_aggregate,uniform,2,qnn_14_circuit,qnn,14,circuit,0.0,0.0,0.0,0.0,0.0,40000.0,20000.0,10
b50_lb10_k3_eps0p0025,hierarchical_local_aggregate,uniform,2,qnn_15_circuit,qnn,15,circuit,0.0,0.0,0.0,0.0,0.0,40000.0,20000.0,10
b50_lb10_k3_eps0p0025,hierarchical_local_aggregate,uniform,2,qnn_4_circuit,qnn,4,circuit,0.010778537864850078,0.012862394668158078,0.013231879194630864,0.6312500000000001,0.63,14750.0,7400.0,10
b50_lb10_k3_eps0p0025,hierarchical_local_aggregate,uniform,2,qnn_5_circuit,qnn,5,circuit,0.008211672979557657,0.011269451219512184,0.012185365853658536,0.39749999999999996,0.39749999999999996,24100.0,12050.0,10
b50_lb10_k3_eps0p0025,hierarchical_local_aggregate,uniform,2,qnn_6_circuit,qnn,6,circuit,0.006510472972972979,0.007494554655870453,0.0075489510489510445,0.16125,0.16125,33550.0,16775.0,10
b50_lb10_k3_eps0p0025,hierarchical_local_aggregate,uniform,2,qnn_7_circuit,qnn,7,circuit,0.0,0.0,0.0,0.0,0.0,40000.0,20000.0,10
b50_lb10_k3_eps0p0025,hierarchical_local_aggregate,uniform,2,qnn_8_circuit,qnn,8,circuit,0.0,0.0,0.0,0.0,0.0,40000.0,20000.0,10
b50_lb10_k3_eps0p0025,hierarchical_local_aggregate,uniform,2,qnn_9_circuit,qnn,9,circuit,0.0,0.0,0.0,0.0,0.0,40000.0,20000.0,10
b50_lb10_k3_eps0p0025,hierarchical_local_aggregate,uniform,2,random_10_circuit,random,10,circuit,0.0,0.0,0.0,0.0,0.0,40000.0,20000.0,10
b50_lb10_k3_eps0p0025,hierarchical_local_aggregate,uniform,2,random_11_circuit,random,11,circuit,0.0,0.0,0.0,0.0,0.0,40000.0,20000.0,10
b50_lb10_k3_eps0p0025,hierarchical_local_aggregate,uniform,2,random_12_circuit,random,12,circuit,0.0,0.0,0.0,0.0,0.0,40000.0,20000.0,10
b50_lb10_k3_eps0p0025,hierarchical_local_aggregate,uniform,2,random_13_circuit,random,13,circuit,0.0,0.0,0.0,0.0,0.0,40000.0,20000.0,10
b50_lb10_k3_eps0p0025,hierarchical_local_aggregate,uniform,2,random_14_circuit,random,14,circuit,0.0,0.0,0.0,0.0,0.0,40000.0,20000.0,10
b50_lb10_k3_eps0p0025,hierarchical_local_aggregate,uniform,2,random_15_circuit,random,15,circuit,0.0,0.0,0.0,0.0,0.0,40000.0,20000.0,10
b50_lb10_k3_eps0p0025,hierarchical_local_aggregate,uniform,2,random_4_circuit,random,4,circuit,0.00842203588269495,0.009545574127906969,0.009868750000000011,0.6775,0.6775,12900.0,6450.0,10
b50_lb10_k3_eps0p0025,hierarchical_local_aggregate,uniform,2,random_5_circuit,random,5,circuit,0.007230095920542426,0.009342429435483857,0.01028225806451611,0.48875,0.48875,20450.0,10225.0,10
b50_lb10_k3_eps0p0025,hierarchical_local_aggregate,uniform,2,random_6_circuit,random,6,circuit,0.0058571757230499455,0.007587066969739436,0.007587876254180589,0.12,0.12,35200.0,17600.0,10
b50_lb10_k3_eps0p0025,hierarchical_local_aggregate,uniform,2,random_7_circuit,random,7,circuit,0.0,0.0,0.0,0.0,0.0,40000.0,20000.0,10
b50_lb10_k3_eps0p0025,hierarchical_local_aggregate,uniform,2,random_8_circuit,random,8,circuit,0.0,0.0,0.0,0.0,0.0,40000.0,20000.0,10
b50_lb10_k3_eps0p0025,hierarchical_local_aggregate,uniform,2,random_9_circuit,random,9,circuit,0.0,0.0,0.0,0.0,0.0,40000.0,20000.0,10
b50_lb10_k3_eps0p0025,hierarchical_local_aggregate,uniform,2,vqe_10_circuit,vqe,10,circuit,0.009506172833804442,0.014935204248366073,0.014992483660130812,0.4,0.3975,24000.0,12050.0,10
b50_lb10_k3_eps0p0025,hierarchical_local_aggregate,uniform,2,vqe_11_circuit,vqe,11,circuit,0.009534639374266681,0.013163191491660281,0.013267726133515696,0.46625,0.43375,21350.0,11325.0,10
b50_lb10_k3_eps0p0025,hierarchical_local_aggregate,uniform,2,vqe_12_circuit,vqe,12,circuit,0.008581051587301606,0.01277865870170385,0.012946774027577651,0.27625,0.27375,28950.0,14525.0,10
b50_lb10_k3_eps0p0025,hierarchical_local_aggregate,uniform,2,vqe_13_circuit,vqe,13,circuit,0.0024384485094851136,0.010091870629370657,0.010140384615384692,0.03875000000000001,0.03875000000000001,38450.0,19225.0,10
b50_lb10_k3_eps0p0025,hierarchical_local_aggregate,uniform,2,vqe_14_circuit,vqe,14,circuit,0.0,0.00148950330913064,0.001920558375634532,0.0,0.0,40000.0,20000.0,10
b50_lb10_k3_eps0p0025,hierarchical_local_aggregate,uniform,2,vqe_15_circuit,vqe,15,circuit,0.0,0.0,0.0,0.0,0.0,40000.0,20000.0,10
b50_lb10_k3_eps0p0025,hierarchical_local_aggregate,uniform,2,vqe_4_circuit,vqe,4,circuit,0.003930952380952405,0.004542152025982089,0.004623584905660361,0.895,0.895,4200.0,2100.0,10
b50_lb10_k3_eps0p0025,hierarchical_local_aggregate,uniform,2,vqe_5_circuit,vqe,5,circuit,0.0059783185840707725,0.009136944444444461,0.009369444444444463,0.7737499999999999,0.7737499999999999,9050.0,4525.0,10
b50_lb10_k3_eps0p0025,hierarchical_local_aggregate,uniform,2,vqe_6_circuit,vqe,6,circuit,0.005353230337078654,0.007859152350813714,0.008070779220779168,0.795,0.795,8200.0,4100.0,10
b50_lb10_k3_eps0p0025,hierarchical_local_aggregate,uniform,2,vqe_7_circuit,vqe,7,circuit,0.00663642365097591,0.010323155737704967,0.01077500000000003,0.675,0.6737500000000001,13000.0,6525.0,10
b50_lb10_k3_eps0p0025,hierarchical_local_aggregate,uniform,2,vqe_8_circuit,vqe,8,circuit,0.009061470484270081,0.011334025781910412,0.011689137785291652,0.541875,0.5325,18325.0,9350.0,10
b50_lb10_k3_eps0p0025,hierarchical_local_aggregate,uniform,2,vqe_9_circuit,vqe,9,circuit,0.010202423447514002,0.011809289150370368,0.012421702198534354,0.6025,0.585,15900.0,8300.0,10
b50_lb10_k3_eps0p0025,hierarchical_local_aggregate,uniform,3,dj_10_circuit,dj,10,circuit,0.009234359359359467,0.010994807759701974,0.01111127491331798,0.57,0.56125,25800.0,8775.0,10
b50_lb10_k3_eps0p0025,hierarchical_local_aggregate,uniform,3,dj_11_circuit,dj,11,circuit,0.00994930628302217,0.010781250553515163,0.010862935323383092,0.48750000000000004,0.48750000000000004,30750.0,10250.0,10
b50_lb10_k3_eps0p0025,hierarchical_local_aggregate,uniform,3,dj_12_circuit,dj,12,circuit,0.01021526411787963,0.011603875610162231,0.012035690423992933,0.44666666666666666,0.4275,33200.0,11450.0,10
b50_lb10_k3_eps0p0025,hierarchical_local_aggregate,uniform,3,dj_13_circuit,dj,13,circuit,0.008017463417977471,0.009912016806722757,0.0101500000000001,0.3125,0.31124999999999997,41250.0,13775.0,10
b50_lb10_k3_eps0p0025,hierarchical_local_aggregate,uniform,3,dj_14_circuit,dj,14,circuit,0.008623833063193097,0.009827035529423715,0.010119292426755244,0.28500000000000003,0.2625,42900.0,14750.0,10
b50_lb10_k3_eps0p0025,hierarchical_local_aggregate,uniform,3,dj_15_circuit,dj,15,circuit,0.007700271516698179,0.008522252746923876,0.008581870428422178,0.16416666666666668,0.14749999999999996,50150.0,17050.0,10
b50_lb10_k3_eps0p0025,hierarchical_local_aggregate,uniform,3,dj_4_circuit,dj,4,circuit,0.003960784313725506,0.006171388888888859,0.006615151515151498,0.9154166666666667,0.915,5075.0,1700.0,10
b50_lb10_k3_eps0p0025,hierarchical_local_aggregate,uniform,3,dj_5_circuit,dj,5,circuit,0.003851515151515152,0.0051876168014375265,0.005317744833782545,0.8825000000000001,0.8825000000000001,7050.0,2350.0,10
b50_lb10_k3_eps0p0025,hierarchical_local_aggregate,uniform,3,dj_6_circuit,dj,6,circuit,0.005483310719131636,0.007024010989010944,0.007421794871794806,0.83375,0.83375,9975.0,3325.0,10
b50_lb10_k3_eps0p0025,hierarchical_local_aggregate,uniform,3,dj_7_circuit,dj,7,circuit,0.006651634819018076,0.00911276909613103,0.009264184661206291,0.7875,0.78125,12750.0,4375.0,10
b50_lb10_k3_eps0p0025,hierarchical_local_aggregate,uniform,3,dj_8_circuit,dj,8,circuit,0.007599628658802985,0.009289399656946863,0.009456198347107498,0.73125,0.73125,16125.0,5375.0,10
b50_lb10_k3_eps0p0025,hierarchical_local_aggregate,uniform,3,dj_9_circuit,dj,9,circuit,0.008483169075115397,0.009884633489919716,0.009955128205128134,0.65625,0.65625,20625.0,6875.0,10
b50_lb10_k3_eps0p0025,hierarchical_local_aggregate,uniform,3,qaoa_10_circuit,qaoa,10,circuit,0.0,0.0,0.0,0.0,0.0,60000.0,20000.0,10
b50_lb10_k3_eps0p0025,hierarchical_local_aggregate,uniform,3,qaoa_11_circuit,qaoa,11,circuit,0.0,0.0,0.0,0.0,0.0,60000.0,20000.0,10
b50_lb10_k3_eps0p0025,hierarchical_local_aggregate,uniform,3,qaoa_12_circuit,qaoa,12,circuit,0.0,0.0,0.0,0.0,0.0,60000.0,20000.0,10
b50_lb10_k3_eps0p0025,hierarchical_local_aggregate,uniform,3,qaoa_13_circuit,qaoa,13,circuit,0.0,0.0,0.0,0.0,0.0,60000.0,20000.0,10
b50_lb10_k3_eps0p0025,hierarchical_local_aggregate,uniform,3,qaoa_14_circuit,qaoa,14,circuit,0.0,0.0,0.0,0.0,0.0,60000.0,20000.0,10
b50_lb10_k3_eps0p0025,hierarchical_local_aggregate,uniform,3,qaoa_15_circuit,qaoa,15,circuit,0.0,0.0,0.0,0.0,0.0,60000.0,20000.0,10
b50_lb10_k3_eps0p0025,hierarchical_local_aggregate,uniform,3,qaoa_4_circuit,qaoa,4,circuit,0.006760023025870252,0.009829906635652886,0.011012935323383072,0.75,0.75,15000.0,5000.0,10
b50_lb10_k3_eps0p0025,hierarchical_local_aggregate,uniform,3,qaoa_5_circuit,qaoa,5,circuit,0.008678117674636656,0.010488044217687072,0.010514625850340133,0.62875,0.62875,22275.0,7425.0,10
b50_lb10_k3_eps0p0025,hierarchical_local_aggregate,uniform,3,qaoa_6_circuit,qaoa,6,circuit,0.007509890016362997,0.008058339243498835,0.00817222222222223,0.40125,0.40125,35925.0,11975.0,10
b50_lb10_k3_eps0p0025,hierarchical_local_aggregate,uniform,3,qaoa_7_circuit,qaoa,7,circuit,0.004473797995999923,0.006986817269076289,0.0072666666666666435,0.08249999999999996,0.08249999999999996,55050.0,18350.0,10
b50_lb10_k3_eps0p0025,hierarchical_local_aggregate,uniform,3,qaoa_8_circuit,qaoa,8,circuit,0.0,0.0021195074758135393,0.0038536499560246243,0.0,0.0,60000.0,20000.0,10
b50_lb10_k3_eps0p0025,hierarchical_local_aggregate,uniform,3,qaoa_9_circuit,qaoa,9,circuit,0.0,0.0,0.0,0.0,0.0,60000.0,20000.0,10
b50_lb10_k3_eps0p0025,hierarchical_local_aggregate,uniform,3,qft_10_circuit,qft,10,circuit,0.0,0.0,0.0,0.0,0.0,60000.0,20000.0,10
b50_lb10_k3_eps0p0025,hierarchical_local_aggregate,uniform,3,qft_11_circuit,qft,11,circuit,0.0,0.0,0.0,0.0,0.0,60000.0,20000.0,10
b50_lb10_k3_eps0p0025,hierarchical_local_aggregate,uniform,3,qft_12_circuit,qft,12,circuit,0.0,0.0,0.0,0.0,0.0,60000.0,20000.0,10
b50_lb10_k3_eps0p0025,hierarchical_local_aggregate,uniform,3,qft_13_circuit,qft,13,circuit,0.0,0.0,0.0,0.0,0.0,60000.0,20000.0,10
b50_lb10_k3_eps0p0025,hierarchical_local_aggregate,uniform,3,qft_14_circuit,qft,14,circuit,0.0,0.0,0.0,0.0,0.0,60000.0,20000.0,10
b50_lb10_k3_eps0p0025,hierarchical_local_aggregate,uniform,3,qft_15_circuit,qft,15,circuit,0.0,0.0,0.0,0.0,0.0,60000.0,20000.0,10
b50_lb10_k3_eps0p0025,hierarchical_local_aggregate,uniform,3,qft_4_circuit,qft,4,circuit,0.009578508771929835,0.012111360044065525,0.012518493150684928,0.6375,0.6375,21750.0,7250.0,10
b50_lb10_k3_eps0p0025,hierarchical_local_aggregate,uniform,3,qft_5_circuit,qft,5,circuit,0.009125240823783428,0.011289319645732682,0.011434006734006729,0.44499999999999995,0.44499999999999995,33300.0,11100.0,10
b50_lb10_k3_eps0p0025,hierarchical_local_aggregate,uniform,3,qft_6_circuit,qft,6,circuit,0.00696462542087542,0.00936795035740049,0.009913725490196082,0.22499999999999998,0.22499999999999998,46500.0,15500.0,10
b50_lb10_k3_eps0p0025,hierarchical_local_aggregate,uniform,3,qft_7_circuit,qft,7,circuit,0.0,0.0,0.0,0.0,0.0,60000.0,20000.0,10
b50_lb10_k3_eps0p0025,hierarchical_local_aggregate,uniform,3,qft_8_circuit,qft,8,circuit,0.0,0.0,0.0,0.0,0.0,60000.0,20000.0,10
b50_lb10_k3_eps0p0025,hierarchical_local_aggregate,uniform,3,qft_9_circuit,qft,9,circuit,0.0,0.0,0.0,0.0,0.0,60000.0,20000.0,10
b50_lb10_k3_eps0p0025,hierarchical_local_aggregate,uniform,3,qnn_10_circuit,qnn,10,circuit,0.0,0.0,0.0,0.0,0.0,60000.0,20000.0,10
b50_lb10_k3_eps0p0025,hierarchical_local_aggregate,uniform,3,qnn_11_circuit,qnn,11,circuit,0.0,0.0,0.0,0.0,0.0,60000.0,20000.0,10
b50_lb10_k3_eps0p0025,hierarchical_local_aggregate,uniform,3,qnn_12_circuit,qnn,12,circuit,0.0,0.0,0.0,0.0,0.0,60000.0,20000.0,10
b50_lb10_k3_eps0p0025,hierarchical_local_aggregate,uniform,3,qnn_13_circuit,qnn,13,circuit,0.0,0.0,0.0,0.0,0.0,60000.0,20000.0,10
b50_lb10_k3_eps0p0025,hierarchical_local_aggregate,uniform,3,qnn_14_circuit,qnn,14,circuit,0.0,0.0,0.0,0.0,0.0,60000.0,20000.0,10
b50_lb10_k3_eps0p0025,hierarchical_local_aggregate,uniform,3,qnn_15_circuit,qnn,15,circuit,0.0,0.0,0.0,0.0,0.0,60000.0,20000.0,10
b50_lb10_k3_eps0p0025,hierarchical_local_aggregate,uniform,3,qnn_4_circuit,qnn,4,circuit,0.010411645095994602,0.011775476556276287,0.011901650165016469,0.7037500000000001,0.7037500000000001,17775.0,5925.0,10
b50_lb10_k3_eps0p0025,hierarchical_local_aggregate,uniform,3,qnn_5_circuit,qnn,5,circuit,0.00757910454337175,0.009266612505602862,0.009408695652173902,0.51,0.51,29400.0,9800.0,10
b50_lb10_k3_eps0p0025,hierarchical_local_aggregate,uniform,3,qnn_6_circuit,qnn,6,circuit,0.007960093253205357,0.00884003512146782,0.008920492866407271,0.3325,0.3325,40050.0,13350.0,10
b50_lb10_k3_eps0p0025,hierarchical_local_aggregate,uniform,3,qnn_7_circuit,qnn,7,circuit,0.0,0.0,0.0,0.0,0.0,60000.0,20000.0,10
b50_lb10_k3_eps0p0025,hierarchical_local_aggregate,uniform,3,qnn_8_circuit,qnn,8,circuit,0.0,0.0,0.0,0.0,0.0,60000.0,20000.0,10
b50_lb10_k3_eps0p0025,hierarchical_local_aggregate,uniform,3,qnn_9_circuit,qnn,9,circuit,0.0,0.0,0.0,0.0,0.0,60000.0,20000.0,10
b50_lb10_k3_eps0p0025,hierarchical_local_aggregate,uniform,3,random_10_circuit,random,10,circuit,0.0,0.0,0.0,0.0,0.0,60000.0,20000.0,10
b50_lb10_k3_eps0p0025,hierarchical_local_aggregate,uniform,3,random_11_circuit,random,11,circuit,0.0,0.0,0.0,0.0,0.0,60000.0,20000.0,10
b50_lb10_k3_eps0p0025,hierarchical_local_aggregate,uniform,3,random_12_circuit,random,12,circuit,0.0,0.0,0.0,0.0,0.0,60000.0,20000.0,10
b50_lb10_k3_eps0p0025,hierarchical_local_aggregate,uniform,3,random_13_circuit,random,13,circuit,0.0,0.0,0.0,0.0,0.0,60000.0,20000.0,10
b50_lb10_k3_eps0p0025,hierarchical_local_aggregate,uniform,3,random_14_circuit,random,14,circuit,0.0,0.0,0.0,0.0,0.0,60000.0,20000.0,10
b50_lb10_k3_eps0p0025,hierarchical_local_aggregate,uniform,3,random_15_circuit,random,15,circuit,0.0,0.0,0.0,0.0,0.0,60000.0,20000.0,10
b50_lb10_k3_eps0p0025,hierarchical_local_aggregate,uniform,3,random_4_circuit,random,4,circuit,0.006133327457547414,0.008469583333333358,0.00902083333333335,0.6937500000000001,0.6937500000000001,18375.0,6125.0,10
b50_lb10_k3_eps0p0025,hierarchical_local_aggregate,uniform,3,random_5_circuit,random,5,circuit,0.008607769423558896,0.011499885496183177,0.012522519083969449,0.5825,0.5825,25050.0,8350.0,10
b50_lb10_k3_eps0p0025,hierarchical_local_aggregate,uniform,3,random_6_circuit,random,6,circuit,0.007767683702008648,0.009457977453580898,0.009987931034482748,0.31125,0.31125,41325.0,13775.0,10
b50_lb10_k3_eps0p0025,hierarchical_local_aggregate,uniform,3,random_7_circuit,random,7,circuit,0.0,0.0030275977347460708,0.0035168831168831136,0.0,0.0,60000.0,20000.0,10
b50_lb10_k3_eps0p0025,hierarchical_local_aggregate,uniform,3,random_8_circuit,random,8,circuit,0.0,0.0,0.0,0.0,0.0,60000.0,20000.0,10
b50_lb10_k3_eps0p0025,hierarchical_local_aggregate,uniform,3,random_9_circuit,random,9,circuit,0.0,0.0,0.0,0.0,0.0,60000.0,20000.0,10
b50_lb10_k3_eps0p0025,hierarchical_local_aggregate,uniform,3,vqe_10_circuit,vqe,10,circuit,0.010783897467811446,0.012221292548914551,0.01267073170731713,0.48500000000000004,0.48500000000000004,30900.0,10300.0,10
b50_lb10_k3_eps0p0025,hierarchical_local_aggregate,uniform,3,vqe_11_circuit,vqe,11,circuit,0.009968540790135283,0.011738313492063555,0.012113888888888955,0.48208333333333336,0.47375,31075.0,10525.0,10
b50_lb10_k3_eps0p0025,hierarchical_local_aggregate,uniform,3,vqe_12_circuit,vqe,12,circuit,0.010181337025074788,0.011573749769476884,0.012085119649477671,0.43916666666666665,0.42750000000000005,33650.0,11450.0,10
b50_lb10_k3_eps0p0025,hierarchical_local_aggregate,uniform,3,vqe_13_circuit,vqe,13,circuit,0.007793364491373852,0.009315473421926984,0.009792857142857244,0.21166666666666667,0.1925,47300.0,16150.0,10
b50_lb10_k3_eps0p0025,hierarchical_local_aggregate,uniform,3,vqe_14_circuit,vqe,14,circuit,0.000641772151898719,0.001754053878610831,0.002664102564102517,0.004166666666666652,0.0,59750.0,20000.0,10
b50_lb10_k3_eps0p0025,hierarchical_local_aggregate,uniform,3,vqe_15_circuit,vqe,15,circuit,0.0,0.0011438273960983655,0.002079686174724305,0.0,0.0,60000.0,20000.0,10
b50_lb10_k3_eps0p0025,hierarchical_local_aggregate,uniform,3,vqe_4_circuit,vqe,4,circuit,0.0030749999999999927,0.0036146031746031406,0.00366746031746027,0.9,0.9,6000.0,2000.0,10
b50_lb10_k3_eps0p0025,hierarchical_local_aggregate,uniform,3,vqe_5_circuit,vqe,5,circuit,0.005516249718278118,0.009564178590355082,0.010807843137254936,0.8099999999999999,0.8099999999999999,11400.0,3800.0,10
b50_lb10_k3_eps0p0025,hierarchical_local_aggregate,uniform,3,vqe_6_circuit,vqe,6,circuit,0.005370352564102557,0.0076524392239364185,0.008309420289855077,0.8375,0.8375,9750.0,3250.0,10
b50_lb10_k3_eps0p0025,hierarchical_local_aggregate,uniform,3,vqe_7_circuit,vqe,7,circuit,0.006134624314056552,0.00855341807909609,0.008806060606060623,0.7150000000000001,0.7150000000000001,17100.0,5700.0,10
b50_lb10_k3_eps0p0025,hierarchical_local_aggregate,uniform,3,vqe_8_circuit,vqe,8,circuit,0.007640243249944523,0.009858859721082858,0.010073913043478282,0.6012500000000001,0.6012500000000001,23925.0,7975.0,10
b50_lb10_k3_eps0p0025,hierarchical_local_aggregate,uniform,3,vqe_9_circuit,vqe,9,circuit,0.008634139398613096,0.010580537900984174,0.01065348583877995,0.6158333333333333,0.615,23050.0,7700.0,10
b50_lb10_k3_eps0p0025,hierarchical_local_aggregate,uniform,4,dj_10_circuit,dj,10,circuit,0.009154020979021026,0.00934314689319158,0.009376724137931055,0.6375,0.6375,29000.0,7250.0,5
b50_lb10_k3_eps0p0025,hierarchical_local_aggregate,uniform,4,dj_11_circuit,dj,11,circuit,0.009577631578947365,0.010665726157191613,0.010905890804597619,0.5375,0.5375,37000.0,9250.0,5
b50_lb10_k3_eps0p0025,hierarchical_local_aggregate,uniform,4,dj_12_circuit,dj,12,circuit,0.010176919489549196,0.010639670963605465,0.010706342736764901,0.47,0.46499999999999997,42400.0,10700.0,5
b50_lb10_k3_eps0p0025,hierarchical_local_aggregate,uniform,4,dj_13_circuit,dj,13,circuit,0.010027717391304192,0.01100937763713058,0.011215506329113674,0.42500000000000004,0.42500000000000004,46000.0,11500.0,5
b50_lb10_k3_eps0p0025,hierarchical_local_aggregate,uniform,4,dj_14_circuit,dj,14,circuit,0.008530770803516661,0.008797561426782214,0.00880243348475002,0.31499999999999995,0.31000000000000005,54800.0,13800.0,5
b50_lb10_k3_eps0p0025,hierarchical_local_aggregate,uniform,4,dj_15_circuit,dj,15,circuit,0.006974670985132451,0.008818339261443407,0.009149149659863949,0.17500000000000004,0.16749999999999998,66000.0,16650.0,5
b50_lb10_k3_eps0p0025,hierarchical_local_aggregate,uniform,4,dj_4_circuit,dj,4,circuit,0.004717424242424247,0.00515029411764703,0.0051852272727272355,0.915625,0.915,6750.0,1700.0,5
b50_lb10_k3_eps0p0025,hierarchical_local_aggregate,uniform,4,dj_5_circuit,dj,5,circuit,0.00343416442048514,0.0036720296167247267,0.0036928571428571496,0.8975,0.8975,8200.0,2050.0,5
b50_lb10_k3_eps0p0025,hierarchical_local_aggregate,uniform,4,dj_6_circuit,dj,6,circuit,0.004599999999999944,0.005708583743842351,0.005889285714285694,0.855,0.855,11600.0,2900.0,5
b50_lb10_k3_eps0p0025,hierarchical_local_aggregate,uniform,4,dj_7_circuit,dj,7,circuit,0.006224999999999921,0.008128423423423419,0.008283333333333311,0.8125,0.8125,15000.0,3750.0,5
b50_lb10_k3_eps0p0025,hierarchical_local_aggregate,uniform,4,dj_8_circuit,dj,8,circuit,0.006811697247706427,0.007043839563862965,0.007068341121495373,0.7324999999999999,0.7324999999999999,21400.0,5350.0,5
b50_lb10_k3_eps0p0025,hierarchical_local_aggregate,uniform,4,dj_9_circuit,dj,9,circuit,0.00842222222222228,0.008913307833537306,0.009023684210526284,0.7150000000000001,0.7150000000000001,22800.0,5700.0,5
b50_lb10_k3_eps0p0025,hierarchical_local_aggregate,uniform,4,qaoa_10_circuit,qaoa,10,circuit,0.0,0.0,0.0,0.0,0.0,80000.0,20000.0,5
b50_lb10_k3_eps0p0025,hierarchical_local_aggregate,uniform,4,qaoa_11_circuit,qaoa,11,circuit,0.0,0.0,0.0,0.0,0.0,80000.0,20000.0,5
b50_lb10_k3_eps0p0025,hierarchical_local_aggregate,uniform,4,qaoa_12_circuit,qaoa,12,circuit,0.0,0.0,0.0,0.0,0.0,80000.0,20000.0,5
b50_lb10_k3_eps0p0025,hierarchical_local_aggregate,uniform,4,qaoa_13_circuit,qaoa,13,circuit,0.0,0.0,0.0,0.0,0.0,80000.0,20000.0,5
b50_lb10_k3_eps0p0025,hierarchical_local_aggregate,uniform,4,qaoa_14_circuit,qaoa,14,circuit,0.0,0.0,0.0,0.0,0.0,80000.0,20000.0,5
b50_lb10_k3_eps0p0025,hierarchical_local_aggregate,uniform,4,qaoa_15_circuit,qaoa,15,circuit,0.0,0.0,0.0,0.0,0.0,80000.0,20000.0,5
b50_lb10_k3_eps0p0025,hierarchical_local_aggregate,uniform,4,qaoa_4_circuit,qaoa,4,circuit,0.007948214285714333,0.010117606788710938,0.010376449275362347,0.81,0.81,15200.0,3800.0,5
b50_lb10_k3_eps0p0025,hierarchical_local_aggregate,uniform,4,qaoa_5_circuit,qaoa,5,circuit,0.008869444444444445,0.01036498269297336,0.01060231481481483,0.64,0.64,28800.0,7200.0,5
b50_lb10_k3_eps0p0025,hierarchical_local_aggregate,uniform,4,qaoa_6_circuit,qaoa,6,circuit,0.006905963302752285,0.008170926607756514,0.008315592783505162,0.45499999999999996,0.45499999999999996,43600.0,10900.0,5
b50_lb10_k3_eps0p0025,hierarchical_local_aggregate,uniform,4,qaoa_7_circuit,qaoa,7,circuit,0.006045454545454536,0.008138309859154931,0.0082,0.17500000000000004,0.17500000000000004,66000.0,16500.0,5
b50_lb10_k3_eps0p0025,hierarchical_local_aggregate,uniform,4,qaoa_8_circuit,qaoa,8,circuit,0.003862335092348281,0.004679410468319556,0.004759263085399452,0.0625,0.0625,75000.0,18750.0,5
b50_lb10_k3_eps0p0025,hierarchical_local_aggregate,uniform,4,qaoa_9_circuit,qaoa,9,circuit,0.0,0.0,0.0,0.0,0.0,80000.0,20000.0,5
b50_lb10_k3_eps0p0025,hierarchical_local_aggregate,uniform,4,qft_10_circuit,qft,10,circuit,0.0,0.0,0.0,0.0,0.0,80000.0,20000.0,5
b50_lb10_k3_eps0p0025,hierarchical_local_aggregate,uniform,4,qft_11_circuit,qft,11,circuit,0.0,0.0,0.0,0.0,0.0,80000.0,20000.0,5
b50_lb10_k3_eps0p0025,hierarchical_local_aggregate,uniform,4,qft_12_circuit,qft,12,circuit,0.0,0.0,0.0,0.0,0.0,80000.0,20000.0,5
b50_lb10_k3_eps0p0025,hierarchical_local_aggregate,uniform,4,qft_13_circuit,qft,13,circuit,0.0,0.0,0.0,0.0,0.0,80000.0,20000.0,5
b50_lb10_k3_eps0p0025,hierarchical_local_aggregate,uniform,4,qft_14_circuit,qft,14,circuit,0.0,0.0,0.0,0.0,0.0,80000.0,20000.0,5
b50_lb10_k3_eps0p0025,hierarchical_local_aggregate,uniform,4,qft_15_circuit,qft,15,circuit,0.0,0.0,0.0,0.0,0.0,80000.0,20000.0,5
b50_lb10_k3_eps0p0025,hierarchical_local_aggregate,uniform,4,qft_4_circuit,qft,4,circuit,0.009218075539568375,0.01119335664335666,0.011462500000000025,0.6599999999999999,0.6599999999999999,27200.0,6800.0,5
b50_lb10_k3_eps0p0025,hierarchical_local_aggregate,uniform,4,qft_5_circuit,qft,5,circuit,0.008266295811518337,0.009550796357855197,0.009661824324324345,0.5275000000000001,0.5275000000000001,37800.0,9450.0,5
b50_lb10_k3_eps0p0025,hierarchical_local_aggregate,uniform,4,qft_6_circuit,qft,6,circuit,0.008495802919708032,0.008713758777364735,0.008748611111111124,0.32499999999999996,0.32499999999999996,54000.0,13500.0,5
b50_lb10_k3_eps0p0025,hierarchical_local_aggregate,uniform,4,qft_7_circuit,qft,7,circuit,0.0008394423558897219,0.0008863032581453614,0.0008885338345864628,0.0024999999999999467,0.0024999999999999467,79800.0,19950.0,5
b50_lb10_k3_eps0p0025,hierarchical_local_aggregate,uniform,4,qft_8_circuit,qft,8,circuit,0.0,0.0,0.0,0.0,0.0,80000.0,20000.0,5
b50_lb10_k3_eps0p0025,hierarchical_local_aggregate,uniform,4,qft_9_circuit,qft,9,circuit,0.0,0.0,0.0,0.0,0.0,80000.0,20000.0,5
b50_lb10_k3_eps0p0025,hierarchical_local_aggregate,uniform,4,qnn_10_circuit,qnn,10,circuit,0.0,0.0,0.0,0.0,0.0,80000.0,20000.0,5
b50_lb10_k3_eps0p0025,hierarchical_local_aggregate,uniform,4,qnn_11_circuit,qnn,11,circuit,0.0,0.0,0.0,0.0,0.0,80000.0,20000.0,5
b50_lb10_k3_eps0p0025,hierarchical_local_aggregate,uniform,4,qnn_12_circuit,qnn,12,circuit,0.0,0.0,0.0,0.0,0.0,80000.0,20000.0,5
b50_lb10_k3_eps0p0025,hierarchical_local_aggregate,uniform,4,qnn_13_circuit,qnn,13,circuit,0.0,0.0,0.0,0.0,0.0,80000.0,20000.0,5
b50_lb10_k3_eps0p0025,hierarchical_local_aggregate,uniform,4,qnn_14_circuit,qnn,14,circuit,0.0,0.0,0.0,0.0,0.0,80000.0,20000.0,5
b50_lb10_k3_eps0p0025,hierarchical_local_aggregate,uniform,4,qnn_15_circuit,qnn,15,circuit,0.0,0.0,0.0,0.0,0.0,80000.0,20000.0,5
b50_lb10_k3_eps0p0025,hierarchical_local_aggregate,uniform,4,qnn_4_circuit,qnn,4,circuit,0.009155808080808077,0.010398062089242465,0.010468432203389819,0.7525,0.7525,19800.0,4950.0,5
b50_lb10_k3_eps0p0025,hierarchical_local_aggregate,uniform,4,qnn_5_circuit,qnn,5,circuit,0.007350777202072531,0.009244683544303793,0.009456249999999998,0.525,0.525,38000.0,9500.0,5
b50_lb10_k3_eps0p0025,hierarchical_local_aggregate,uniform,4,qnn_6_circuit,qnn,6,circuit,0.008093604651162772,0.00847432374388172,0.00856329787234041,0.4325,0.4325,45400.0,11350.0,5
b50_lb10_k3_eps0p0025,hierarchical_local_aggregate,uniform,4,qnn_7_circuit,qnn,7,circuit,0.0035471965699208343,0.003918763440860214,0.003952553763440858,0.05249999999999999,0.05249999999999999,75800.0,18950.0,5
b50_lb10_k3_eps0p0025,hierarchical_local_aggregate,uniform,4,qnn_8_circuit,qnn,8,circuit,0.0,0.0,0.0,0.0,0.0,80000.0,20000.0,5
b50_lb10_k3_eps0p0025,hierarchical_local_aggregate,uniform,4,qnn_9_circuit,qnn,9,circuit,0.0,0.0,0.0,0.0,0.0,80000.0,20000.0,5
b50_lb10_k3_eps0p0025,hierarchical_local_aggregate,uniform,4,random_10_circuit,random,10,circuit,0.0,0.0,0.0,0.0,0.0,80000.0,20000.0,5
b50_lb10_k3_eps0p0025,hierarchical_local_aggregate,uniform,4,random_11_circuit,random,11,circuit,0.0,0.0,0.0,0.0,0.0,80000.0,20000.0,5
b50_lb10_k3_eps0p0025,hierarchical_local_aggregate,uniform,4,random_12_circuit,random,12,circuit,0.0,0.0,0.0,0.0,0.0,80000.0,20000.0,5
b50_lb10_k3_eps0p0025,hierarchical_local_aggregate,uniform,4,random_13_circuit,random,13,circuit,0.0,0.0,0.0,0.0,0.0,80000.0,20000.0,5
b50_lb10_k3_eps0p0025,hierarchical_local_aggregate,uniform,4,random_14_circuit,random,14,circuit,0.0,0.0,0.0,0.0,0.0,80000.0,20000.0,5
b50_lb10_k3_eps0p0025,hierarchical_local_aggregate,uniform,4,random_15_circuit,random,15,circuit,0.0,0.0,0.0,0.0,0.0,80000.0,20000.0,5
b50_lb10_k3_eps0p0025,hierarchical_local_aggregate,uniform,4,random_4_circuit,random,4,circuit,0.005085752688171982,0.006138864468864429,0.006258333333333288,0.7675,0.7675,18600.0,4650.0,5
b50_lb10_k3_eps0p0025,hierarchical_local_aggregate,uniform,4,random_5_circuit,random,5,circuit,0.009253124999999966,0.012497689633375489,0.013160951327433648,0.6799999999999999,0.6799999999999999,25600.0,6400.0,5
b50_lb10_k3_eps0p0025,hierarchical_local_aggregate,uniform,4,random_6_circuit,random,6,circuit,0.007683620689655171,0.008254495257330392,0.008364967811158789,0.41000000000000003,0.41000000000000003,47200.0,11800.0,5
b50_lb10_k3_eps0p0025,hierarchical_local_aggregate,uniform,4,random_7_circuit,random,7,circuit,0.004790633704735382,0.004912642650374916,0.004924194677871151,0.10250000000000004,0.10250000000000004,71800.0,17950.0,5
b50_lb10_k3_eps0p0025,hierarchical_local_aggregate,uniform,4,random_8_circuit,random,8,circuit,0.0,0.0,0.0,0.0,0.0,80000.0,20000.0,5
b50_lb10_k3_eps0p0025,hierarchical_local_aggregate,uniform,4,random_9_circuit,random,9,circuit,0.0,0.0,0.0,0.0,0.0,80000.0,20000.0,5
b50_lb10_k3_eps0p0025,hierarchical_local_aggregate,uniform,4,vqe_10_circuit,vqe,10,circuit,0.011526505235602108,0.013793121557828471,0.01419193548387094,0.52,0.52,38400.0,9600.0,5
b50_lb10_k3_eps0p0025,hierarchical_local_aggregate,uniform,4,vqe_11_circuit,vqe,11,circuit,0.010106868811881126,0.011245442156470675,0.011379439890710304,0.51625,0.515,38700.0,9700.0,5
b50_lb10_k3_eps0p0025,hierarchical_local_aggregate,uniform,4,vqe_12_circuit,vqe,12,circuit,0.009722906208380273,0.01022952657807298,0.0102802117940198,0.44562500000000005,0.43999999999999995,44350.0,11200.0,5
b50_lb10_k3_eps0p0025,hierarchical_local_aggregate,uniform,4,vqe_13_circuit,vqe,13,circuit,0.008116666666666598,0.009296428571428504,0.009308928571428501,0.2875,0.2875,57000.0,14250.0,5
b50_lb10_k3_eps0p0025,hierarchical_local_aggregate,uniform,4,vqe_14_circuit,vqe,14,circuit,0.0004813291139240541,0.0024095948326481736,0.0025044871794870716,0.0031250000000000444,0.0,79750.0,20000.0,5
b50_lb10_k3_eps0p0025,hierarchical_local_aggregate,uniform,4,vqe_15_circuit,vqe,15,circuit,0.0,0.00249793765456194,0.0026554487179486224,0.0,0.0,80000.0,20000.0,5
b50_lb10_k3_eps0p0025,hierarchical_local_aggregate,uniform,4,vqe_4_circuit,vqe,4,circuit,0.002424999999999992,0.0029624999999999877,0.0030874999999999826,0.9,0.9,8000.0,2000.0,5
b50_lb10_k3_eps0p0025,hierarchical_local_aggregate,uniform,4,vqe_5_circuit,vqe,5,circuit,0.005983333333333288,0.006990261437908555,0.007193382352941267,0.8275,0.8275,13800.0,3450.0,5
b50_lb10_k3_eps0p0025,hierarchical_local_aggregate,uniform,4,vqe_6_circuit,vqe,6,circuit,0.004760483870967748,0.006975900058445375,0.007016379310344852,0.845,0.845,12400.0,3100.0,5
b50_lb10_k3_eps0p0025,hierarchical_local_aggregate,uniform,4,vqe_7_circuit,vqe,7,circuit,0.005772727272727342,0.007481712954245914,0.007531648936170226,0.725,0.725,22000.0,5500.0,5
b50_lb10_k3_eps0p0025,hierarchical_local_aggregate,uniform,4,vqe_8_circuit,vqe,8,circuit,0.008097727272727244,0.00984205513784457,0.010172916666666625,0.675,0.675,26000.0,6500.0,5
b50_lb10_k3_eps0p0025,hierarchical_local_aggregate,uniform,4,vqe_9_circuit,vqe,9,circuit,0.007701076555023913,0.009177617549055871,0.009361148648648615,0.63,0.63,29600.0,7400.0,5
b50_lb10_k3_eps0p0025,hierarchical_local_aggregate,uniform,5,dj_10_circuit,dj,10,circuit,0.008971014492753546,0.008971014492753546,0.008971014492753546,0.655,0.655,34500.0,6900.0,1
b50_lb10_k3_eps0p0025,hierarchical_local_aggregate,uniform,5,dj_11_circuit,dj,11,circuit,0.009459090909090782,0.009459090909090782,0.009459090909090782,0.56,0.56,44000.0,8800.0,1
b50_lb10_k3_eps0p0025,hierarchical_local_aggregate,uniform,5,dj_12_circuit,dj,12,circuit,0.00970006228246917,0.00970006228246917,0.00970006228246917,0.473,0.47,52700.0,10600.0,1
b50_lb10_k3_eps0p0025,hierarchical_local_aggregate,uniform,5,dj_13_circuit,dj,13,circuit,0.009503721973094036,0.009503721973094036,0.009503721973094036,0.4425,0.4425,55750.0,11150.0,1
b50_lb10_k3_eps0p0025,hierarchical_local_aggregate,uniform,5,dj_14_circuit,dj,14,circuit,0.00873755725190854,0.00873755725190854,0.00873755725190854,0.345,0.345,65500.0,13100.0,1
b50_lb10_k3_eps0p0025,hierarchical_local_aggregate,uniform,5,dj_15_circuit,dj,15,circuit,0.00781206896551716,0.00781206896551716,0.00781206896551716,0.2025,0.2025,79750.0,15950.0,1
b50_lb10_k3_eps0p0025,hierarchical_local_aggregate,uniform,5,dj_4_circuit,dj,4,circuit,0.0042484615384615,0.0042484615384615,0.0042484615384615,0.935,0.935,6500.0,1300.0,1
b50_lb10_k3_eps0p0025,hierarchical_local_aggregate,uniform,5,dj_5_circuit,dj,5,circuit,0.0033535294117647612,0.0033535294117647612,0.0033535294117647612,0.915,0.915,8500.0,1700.0,1
b50_lb10_k3_eps0p0025,hierarchical_local_aggregate,uniform,5,dj_6_circuit,dj,6,circuit,0.004488181818181749,0.004488181818181749,0.004488181818181749,0.8625,0.8625,13750.0,2750.0,1
b50_lb10_k3_eps0p0025,hierarchical_local_aggregate,uniform,5,dj_7_circuit,dj,7,circuit,0.006610000000000078,0.006610000000000078,0.006610000000000078,0.8200000000000001,0.8200000000000001,18000.0,3600.0,1
b50_lb10_k3_eps0p0025,hierarchical_local_aggregate,uniform,5,dj_8_circuit,dj,8,circuit,0.0058504761904761855,0.0058504761904761855,0.0058504761904761855,0.7375,0.7375,26250.0,5250.0,1
b50_lb10_k3_eps0p0025,hierarchical_local_aggregate,uniform,5,dj_9_circuit,dj,9,circuit,0.008127272727272705,0.008127272727272705,0.008127272727272705,0.725,0.725,27500.0,5500.0,1
b50_lb10_k3_eps0p0025,hierarchical_local_aggregate,uniform,5,qaoa_10_circuit,qaoa,10,circuit,0.0,0.0,0.0,0.0,0.0,100000.0,20000.0,1
b50_lb10_k3_eps0p0025,hierarchical_local_aggregate,uniform,5,qaoa_11_circuit,qaoa,11,circuit,0.0,0.0,0.0,0.0,0.0,100000.0,20000.0,1
b50_lb10_k3_eps0p0025,hierarchical_local_aggregate,uniform,5,qaoa_12_circuit,qaoa,12,circuit,0.0,0.0,0.0,0.0,0.0,100000.0,20000.0,1
b50_lb10_k3_eps0p0025,hierarchical_local_aggregate,uniform,5,qaoa_13_circuit,qaoa,13,circuit,0.0,0.0,0.0,0.0,0.0,100000.0,20000.0,1
b50_lb10_k3_eps0p0025,hierarchical_local_aggregate,uniform,5,qaoa_14_circuit,qaoa,14,circuit,0.0,0.0,0.0,0.0,0.0,100000.0,20000.0,1
b50_lb10_k3_eps0p0025,hierarchical_local_aggregate,uniform,5,qaoa_15_circuit,qaoa,15,circuit,0.0,0.0,0.0,0.0,0.0,100000.0,20000.0,1
b50_lb10_k3_eps0p0025,hierarchical_local_aggregate,uniform,5,qaoa_4_circuit,qaoa,4,circuit,0.008303684210526307,0.008303684210526307,0.008303684210526307,0.81,0.81,19000.0,3800.0,1
b50_lb10_k3_eps0p0025,hierarchical_local_aggregate,uniform,5,qaoa_5_circuit,qaoa,5,circuit,0.009343396226415097,0.009343396226415097,0.009343396226415097,0.735,0.735,26500.0,5300.0,1
b50_lb10_k3_eps0p0025,hierarchical_local_aggregate,uniform,5,qaoa_6_circuit,qaoa,6,circuit,0.006029523809523826,0.006029523809523826,0.006029523809523826,0.475,0.475,52500.0,10500.0,1
b50_lb10_k3_eps0p0025,hierarchical_local_aggregate,uniform,5,qaoa_7_circuit,qaoa,7,circuit,0.00792591549295773,0.00792591549295773,0.00792591549295773,0.29000000000000004,0.29000000000000004,71000.0,14200.0,1
b50_lb10_k3_eps0p0025,hierarchical_local_aggregate,uniform,5,qaoa_8_circuit,qaoa,8,circuit,0.005146956521739163,0.005146956521739163,0.005146956521739163,0.13749999999999996,0.13749999999999996,86250.0,17250.0,1
b50_lb10_k3_eps0p0025,hierarchical_local_aggregate,uniform,5,qaoa_9_circuit,qaoa,9,circuit,0.0,0.0,0.0,0.0,0.0,100000.0,20000.0,1
b50_lb10_k3_eps0p0025,hierarchical_local_aggregate,uniform,5,qft_10_circuit,qft,10,circuit,0.0,0.0,0.0,0.0,0.0,100000.0,20000.0,1
b50_lb10_k3_eps0p0025,hierarchical_local_aggregate,uniform,5,qft_11_circuit,qft,11,circuit,0.0,0.0,0.0,0.0,0.0,100000.0,20000.0,1
b50_lb10_k3_eps0p0025,hierarchical_local_aggregate,uniform,5,qft_12_circuit,qft,12,circuit,0.0,0.0,0.0,0.0,0.0,100000.0,20000.0,1
b50_lb10_k3_eps0p0025,hierarchical_local_aggregate,uniform,5,qft_13_circuit,qft,13,circuit,0.0,0.0,0.0,0.0,0.0,100000.0,20000.0,1
b50_lb10_k3_eps0p0025,hierarchical_local_aggregate,uniform,5,qft_14_circuit,qft,14,circuit,0.0,0.0,0.0,0.0,0.0,100000.0,20000.0,1
b50_lb10_k3_eps0p0025,hierarchical_local_aggregate,uniform,5,qft_15_circuit,qft,15,circuit,0.0,0.0,0.0,0.0,0.0,100000.0,20000.0,1
b50_lb10_k3_eps0p0025,hierarchical_local_aggregate,uniform,5,qft_4_circuit,qft,4,circuit,0.008631942446043189,0.008631942446043189,0.008631942446043189,0.6525000000000001,0.6525000000000001,34750.0,6950.0,1
b50_lb10_k3_eps0p0025,hierarchical_local_aggregate,uniform,5,qft_5_circuit,qft,5,circuit,0.007709999999999996,0.007709999999999996,0.007709999999999996,0.5575,0.5575,44250.0,8850.0,1
b50_lb10_k3_eps0p0025,hierarchical_local_aggregate,uniform,5,qft_6_circuit,qft,6,circuit,0.007728867924528297,0.007728867924528297,0.007728867924528297,0.3375,0.3375,66250.0,13250.0,1
b50_lb10_k3_eps0p0025,hierarchical_local_aggregate,uniform,5,qft_7_circuit,qft,7,circuit,0.005146056338028169,0.005146056338028169,0.005146056338028169,0.11250000000000004,0.11250000000000004,88750.0,17750.0,1
b50_lb10_k3_eps0p0025,hierarchical_local_aggregate,uniform,5,qft_8_circuit,qft,8,circuit,0.0,0.0,0.0,0.0,0.0,100000.0,20000.0,1
b50_lb10_k3_eps0p0025,hierarchical_local_aggregate,uniform,5,qft_9_circuit,qft,9,circuit,0.0,0.0,0.0,0.0,0.0,100000.0,20000.0,1
b50_lb10_k3_eps0p0025,hierarchical_local_aggregate,uniform,5,qnn_10_circuit,qnn,10,circuit,0.0,0.0,0.0,0.0,0.0,100000.0,20000.0,1
b50_lb10_k3_eps0p0025,hierarchical_local_aggregate,uniform,5,qnn_11_circuit,qnn,11,circuit,0.0,0.0,0.0,0.0,0.0,100000.0,20000.0,1
b50_lb10_k3_eps0p0025,hierarchical_local_aggregate,uniform,5,qnn_12_circuit,qnn,12,circuit,0.0,0.0,0.0,0.0,0.0,100000.0,20000.0,1
b50_lb10_k3_eps0p0025,hierarchical_local_aggregate,uniform,5,qnn_13_circuit,qnn,13,circuit,0.0,0.0,0.0,0.0,0.0,100000.0,20000.0,1
b50_lb10_k3_eps0p0025,hierarchical_local_aggregate,uniform,5,qnn_14_circuit,qnn,14,circuit,0.0,0.0,0.0,0.0,0.0,100000.0,20000.0,1
b50_lb10_k3_eps0p0025,hierarchical_local_aggregate,uniform,5,qnn_15_circuit,qnn,15,circuit,0.0,0.0,0.0,0.0,0.0,100000.0,20000.0,1
b50_lb10_k3_eps0p0025,hierarchical_local_aggregate,uniform,5,qnn_4_circuit,qnn,4,circuit,0.008857777777777796,0.008857777777777796,0.008857777777777796,0.775,0.775,22500.0,4500.0,1
b50_lb10_k3_eps0p0025,hierarchical_local_aggregate,uniform,5,qnn_5_circuit,qnn,5,circuit,0.008642739726027401,0.008642739726027401,0.008642739726027401,0.635,0.635,36500.0,7300.0,1
b50_lb10_k3_eps0p0025,hierarchical_local_aggregate,uniform,5,qnn_6_circuit,qnn,6,circuit,0.006732549019607852,0.006732549019607852,0.006732549019607852,0.49,0.49,51000.0,10200.0,1
b50_lb10_k3_eps0p0025,hierarchical_local_aggregate,uniform,5,qnn_7_circuit,qnn,7,circuit,0.0038669565217391306,0.0038669565217391306,0.0038669565217391306,0.07999999999999996,0.07999999999999996,92000.0,18400.0,1
b50_lb10_k3_eps0p0025,hierarchical_local_aggregate,uniform,5,qnn_8_circuit,qnn,8,circuit,0.0,0.0,0.0,0.0,0.0,100000.0,20000.0,1
b50_lb10_k3_eps0p0025,hierarchical_local_aggregate,uniform,5,qnn_9_circuit,qnn,9,circuit,0.0,0.0,0.0,0.0,0.0,100000.0,20000.0,1
b50_lb10_k3_eps0p0025,hierarchical_local_aggregate,uniform,5,random_10_circuit,random,10,circuit,0.0,0.0,0.0,0.0,0.0,100000.0,20000.0,1
b50_lb10_k3_eps0p0025,hierarchical_local_aggregate,uniform,5,random_11_circuit,random,11,circuit,0.0,0.0,0.0,0.0,0.0,100000.0,20000.0,1
b50_lb10_k3_eps0p0025,hierarchical_local_aggregate,uniform,5,random_12_circuit,random,12,circuit,0.0,0.0,0.0,0.0,0.0,100000.0,20000.0,1
b50_lb10_k3_eps0p0025,hierarchical_local_aggregate,uniform,5,random_13_circuit,random,13,circuit,0.0,0.0,0.0,0.0,0.0,100000.0,20000.0,1
b50_lb10_k3_eps0p0025,hierarchical_local_aggregate,uniform,5,random_14_circuit,random,14,circuit,0.0,0.0,0.0,0.0,0.0,100000.0,20000.0,1
b50_lb10_k3_eps0p0025,hierarchical_local_aggregate,uniform,5,random_15_circuit,random,15,circuit,0.0,0.0,0.0,0.0,0.0,100000.0,20000.0,1
b50_lb10_k3_eps0p0025,hierarchical_local_aggregate,uniform,5,random_4_circuit,random,4,circuit,0.004142608695652184,0.004142608695652184,0.004142608695652184,0.77,0.77,23000.0,4600.0,1
b50_lb10_k3_eps0p0025,hierarchical_local_aggregate,uniform,5,random_5_circuit,random,5,circuit,0.00913,0.00913,0.00913,0.7,0.7,30000.0,6000.0,1
b50_lb10_k3_eps0p0025,hierarchical_local_aggregate,uniform,5,random_6_circuit,random,6,circuit,0.009265306122448979,0.009265306122448979,0.009265306122448979,0.51,0.51,49000.0,9800.0,1
b50_lb10_k3_eps0p0025,hierarchical_local_aggregate,uniform,5,random_7_circuit,random,7,circuit,0.007967163120567373,0.007967163120567373,0.007967163120567373,0.29500000000000004,0.29500000000000004,70500.0,14100.0,1
b50_lb10_k3_eps0p0025,hierarchical_local_aggregate,uniform,5,random_8_circuit,random,8,circuit,0.0,0.0,0.0,0.0,0.0,100000.0,20000.0,1
b50_lb10_k3_eps0p0025,hierarchical_local_aggregate,uniform,5,random_9_circuit,random,9,circuit,0.0,0.0,0.0,0.0,0.0,100000.0,20000.0,1
b50_lb10_k3_eps0p0025,hierarchical_local_aggregate,uniform,5,vqe_10_circuit,vqe,10,circuit,0.012142185792349722,0.012142185792349722,0.012142185792349722,0.5425,0.5425,45750.0,9150.0,1
b50_lb10_k3_eps0p0025,hierarchical_local_aggregate,uniform,5,vqe_11_circuit,vqe,11,circuit,0.010331311475409872,0.010331311475409872,0.010331311475409872,0.5425,0.5425,45750.0,9150.0,1
b50_lb10_k3_eps0p0025,hierarchical_local_aggregate,uniform,5,vqe_12_circuit,vqe,12,circuit,0.0095038095238095,0.0095038095238095,0.0095038095238095,0.475,0.475,52500.0,10500.0,1
b50_lb10_k3_eps0p0025,hierarchical_local_aggregate,uniform,5,vqe_13_circuit,vqe,13,circuit,0.008415714285714127,0.008415714285714127,0.008415714285714127,0.30000000000000004,0.30000000000000004,70000.0,14000.0,1
b50_lb10_k3_eps0p0025,hierarchical_local_aggregate,uniform,5,vqe_14_circuit,vqe,14,circuit,0.004377333333333334,0.004377333333333334,0.004377333333333334,0.0625,0.0625,93750.0,18750.0,1
b50_lb10_k3_eps0p0025,hierarchical_local_aggregate,uniform,5,vqe_15_circuit,vqe,15,circuit,0.0028094315245477362,0.0028094315245477362,0.0028094315245477362,0.03249999999999997,0.03249999999999997,96750.0,19350.0,1
b50_lb10_k3_eps0p0025,hierarchical_local_aggregate,uniform,5,vqe_4_circuit,vqe,4,circuit,0.002129999999999935,0.002129999999999935,0.002129999999999935,0.9,0.9,10000.0,2000.0,1
b50_lb10_k3_eps0p0025,hierarchical_local_aggregate,uniform,5,vqe_5_circuit,vqe,5,circuit,0.0046342857142856325,0.0046342857142856325,0.0046342857142856325,0.825,0.825,17500.0,3500.0,1
b50_lb10_k3_eps0p0025,hierarchical_local_aggregate,uniform,5,vqe_6_circuit,vqe,6,circuit,0.005015714285714326,0.005015714285714326,0.005015714285714326,0.86,0.86,14000.0,2800.0,1
b50_lb10_k3_eps0p0025,hierarchical_local_aggregate,uniform,5,vqe_7_circuit,vqe,7,circuit,0.006855882352941154,0.006855882352941154,0.006855882352941154,0.7875,0.7875,21250.0,4250.0,1
b50_lb10_k3_eps0p0025,hierarchical_local_aggregate,uniform,5,vqe_8_circuit,vqe,8,circuit,0.0065954263565891425,0.0065954263565891425,0.0065954263565891425,0.6775,0.6775,32250.0,6450.0,1
b50_lb10_k3_eps0p0025,hierarchical_local_aggregate,uniform,5,vqe_9_circuit,vqe,9,circuit,0.006422162162162118,0.006422162162162118,0.006422162162162118,0.63,0.63,37000.0,7400.0,1
b50_lb10_k3_eps0p0025,local_only_offline_aggregate,confidence,1,dj_10_circuit,dj,10,circuit,0.008150000000000003,0.011255426902753341,0.011695962732919283,0.25,0.25,15000.0,15000.0,5
b50_lb10_k3_eps0p0025,local_only_offline_aggregate,confidence,1,dj_11_circuit,dj,11,circuit,0.005184507042253505,0.011879011316259654,0.01200869565217388,0.11250000000000004,0.11250000000000004,17750.0,17750.0,5
b50_lb10_k3_eps0p0025,local_only_offline_aggregate,confidence,1,dj_12_circuit,dj,12,circuit,0.0055946236559139655,0.010508623966516856,0.01079708737864077,0.06999999999999995,0.06999999999999995,18600.0,18600.0,5
b50_lb10_k3_eps0p0025,local_only_offline_aggregate,confidence,1,dj_13_circuit,dj,13,circuit,0.0,0.008897495264314452,0.008918858131487946,0.0,0.0,20000.0,20000.0,5
b50_lb10_k3_eps0p0025,local_only_offline_aggregate,confidence,1,dj_14_circuit,dj,14,circuit,0.0,0.009606456180635308,0.009797435897435921,0.0,0.0,20000.0,20000.0,5
b50_lb10_k3_eps0p0025,local_only_offline_aggregate,confidence,1,dj_15_circuit,dj,15,circuit,0.0,0.008200707610146853,0.008759813084112148,0.0,0.0,20000.0,20000.0,5
b50_lb10_k3_eps0p0025,local_only_offline_aggregate,confidence,1,dj_4_circuit,dj,4,circuit,0.0054188679245283505,0.008252727272727281,0.008931818181818188,0.87,0.87,2600.0,2600.0,5
b50_lb10_k3_eps0p0025,local_only_offline_aggregate,confidence,1,dj_5_circuit,dj,5,circuit,0.005141803278688479,0.006465670307845096,0.006660377358490575,0.8325,0.8325,3350.0,3350.0,5
b50_lb10_k3_eps0p0025,local_only_offline_aggregate,confidence,1,dj_6_circuit,dj,6,circuit,0.008426923076923108,0.010434561650257827,0.01091851851851848,0.74,0.74,5200.0,5200.0,5
b50_lb10_k3_eps0p0025,local_only_offline_aggregate,confidence,1,dj_7_circuit,dj,7,circuit,0.008615662650602395,0.011007743043627633,0.011417073170731725,0.645,0.645,7100.0,7100.0,5
b50_lb10_k3_eps0p0025,local_only_offline_aggregate,confidence,1,dj_8_circuit,dj,8,circuit,0.009708064516129,0.01158413265306125,0.011952040816326557,0.5349999999999999,0.5349999999999999,9300.0,9300.0,5
b50_lb10_k3_eps0p0025,local_only_offline_aggregate,confidence,1,dj_9_circuit,dj,9,circuit,0.010468047337278134,0.011237973884039477,0.011334426229508216,0.4225,0.4225,11550.0,11550.0,5
b50_lb10_k3_eps0p0025,local_only_offline_aggregate,confidence,1,qaoa_10_circuit,qaoa,10,circuit,0.0,0.0,0.0,0.0,0.0,20000.0,20000.0,5
b50_lb10_k3_eps0p0025,local_only_offline_aggregate,confidence,1,qaoa_11_circuit,qaoa,11,circuit,0.0,0.0,0.0,0.0,0.0,20000.0,20000.0,5
b50_lb10_k3_eps0p0025,local_only_offline_aggregate,confidence,1,qaoa_12_circuit,qaoa,12,circuit,0.0,0.0,0.0,0.0,0.0,20000.0,20000.0,5
b50_lb10_k3_eps0p0025,local_only_offline_aggregate,confidence,1,qaoa_13_circuit,qaoa,13,circuit,0.0,0.0,0.0,0.0,0.0,20000.0,20000.0,5
b50_lb10_k3_eps0p0025,local_only_offline_aggregate,confidence,1,qaoa_14_circuit,qaoa,14,circuit,0.0,0.0,0.0,0.0,0.0,20000.0,20000.0,5
b50_lb10_k3_eps0p0025,local_only_offline_aggregate,confidence,1,qaoa_15_circuit,qaoa,15,circuit,0.0,0.0,0.0,0.0,0.0,20000.0,20000.0,5
b50_lb10_k3_eps0p0025,local_only_offline_aggregate,confidence,1,qaoa_4_circuit,qaoa,4,circuit,0.00778911564625852,0.009914967234023839,0.00992106918238994,0.6425000000000001,0.6425000000000001,7150.0,7150.0,5
b50_lb10_k3_eps0p0025,local_only_offline_aggregate,confidence,1,qaoa_5_circuit,qaoa,5,circuit,0.007346757679180891,0.010295875169606502,0.010840298507462678,0.29500000000000004,0.29500000000000004,14100.0,14100.0,5
b50_lb10_k3_eps0p0025,local_only_offline_aggregate,confidence,1,qaoa_6_circuit,qaoa,6,circuit,0.0,0.004558170586837729,0.004593478260869563,0.0,0.0,20000.0,20000.0,5
b50_lb10_k3_eps0p0025,local_only_offline_aggregate,confidence,1,qaoa_7_circuit,qaoa,7,circuit,0.0,0.0,0.0,0.0,0.0,20000.0,20000.0,5
b50_lb10_k3_eps0p0025,local_only_offline_aggregate,confidence,1,qaoa_8_circuit,qaoa,8,circuit,0.0,0.0,0.0,0.0,0.0,20000.0,20000.0,5
b50_lb10_k3_eps0p0025,local_only_offline_aggregate,confidence,1,qaoa_9_circuit,qaoa,9,circuit,0.0,0.0,0.0,0.0,0.0,20000.0,20000.0,5
b50_lb10_k3_eps0p0025,local_only_offline_aggregate,confidence,1,qft_10_circuit,qft,10,circuit,0.0,0.0,0.0,0.0,0.0,20000.0,20000.0,5
b50_lb10_k3_eps0p0025,local_only_offline_aggregate,confidence,1,qft_11_circuit,qft,11,circuit,0.0,0.0,0.0,0.0,0.0,20000.0,20000.0,5
b50_lb10_k3_eps0p0025,local_only_offline_aggregate,confidence,1,qft_12_circuit,qft,12,circuit,0.0,0.0,0.0,0.0,0.0,20000.0,20000.0,5
b50_lb10_k3_eps0p0025,local_only_offline_aggregate,confidence,1,qft_13_circuit,qft,13,circuit,0.0,0.0,0.0,0.0,0.0,20000.0,20000.0,5
b50_lb10_k3_eps0p0025,local_only_offline_aggregate,confidence,1,qft_14_circuit,qft,14,circuit,0.0,0.0,0.0,0.0,0.0,20000.0,20000.0,5
b50_lb10_k3_eps0p0025,local_only_offline_aggregate,confidence,1,qft_15_circuit,qft,15,circuit,0.0,0.0,0.0,0.0,0.0,20000.0,20000.0,5
b50_lb10_k3_eps0p0025,local_only_offline_aggregate,confidence,1,qft_4_circuit,qft,4,circuit,0.010529735682819372,0.011147682843472322,0.011270129870129878,0.4325,0.4325,11350.0,11350.0,5
b50_lb10_k3_eps0p0025,local_only_offline_aggregate,confidence,1,qft_5_circuit,qft,5,circuit,0.006196408839778997,0.007241449275362313,0.007426811594202895,0.09499999999999997,0.09499999999999997,18100.0,18100.0,5
b50_lb10_k3_eps0p0025,local_only_offline_aggregate,confidence,1,qft_6_circuit,qft,6,circuit,0.0,0.0,0.0,0.0,0.0,20000.0,20000.0,5
b50_lb10_k3_eps0p0025,local_only_offline_aggregate,confidence,1,qft_7_circuit,qft,7,circuit,0.0,0.0,0.0,0.0,0.0,20000.0,20000.0,5
b50_lb10_k3_eps0p0025,local_only_offline_aggregate,confidence,1,qft_8_circuit,qft,8,circuit,0.0,0.0,0.0,0.0,0.0,20000.0,20000.0,5
b50_lb10_k3_eps0p0025,local_only_offline_aggregate,confidence,1,qft_9_circuit,qft,9,circuit,0.0,0.0,0.0,0.0,0.0,20000.0,20000.0,5
b50_lb10_k3_eps0p0025,local_only_offline_aggregate,confidence,1,qnn_10_circuit,qnn,10,circuit,0.0,0.0,0.0,0.0,0.0,20000.0,20000.0,5
b50_lb10_k3_eps0p0025,local_only_offline_aggregate,confidence,1,qnn_11_circuit,qnn,11,circuit,0.0,0.0,0.0,0.0,0.0,20000.0,20000.0,5
b50_lb10_k3_eps0p0025,local_only_offline_aggregate,confidence,1,qnn_12_circuit,qnn,12,circuit,0.0,0.0,0.0,0.0,0.0,20000.0,20000.0,5
b50_lb10_k3_eps0p0025,local_only_offline_aggregate,confidence,1,qnn_13_circuit,qnn,13,circuit,0.0,0.0,0.0,0.0,0.0,20000.0,20000.0,5
b50_lb10_k3_eps0p0025,local_only_offline_aggregate,confidence,1,qnn_14_circuit,qnn,14,circuit,0.0,0.0,0.0,0.0,0.0,20000.0,20000.0,5
b50_lb10_k3_eps0p0025,local_only_offline_aggregate,confidence,1,qnn_15_circuit,qnn,15,circuit,0.0,0.0,0.0,0.0,0.0,20000.0,20000.0,5
b50_lb10_k3_eps0p0025,local_only_offline_aggregate,confidence,1,qnn_4_circuit,qnn,4,circuit,0.009510992907801429,0.014031918906176324,0.014823809523809517,0.495,0.495,10100.0,10100.0,5
b50_lb10_k3_eps0p0025,local_only_offline_aggregate,confidence,1,qnn_5_circuit,qnn,5,circuit,0.005893657817109153,0.0071281576893052374,0.00725245901639345,0.15249999999999997,0.15249999999999997,16950.0,16950.0,5
b50_lb10_k3_eps0p0025,local_only_offline_aggregate,confidence,1,qnn_6_circuit,qnn,6,circuit,0.0,0.0,0.0,0.0,0.0,20000.0,20000.0,5
b50_lb10_k3_eps0p0025,local_only_offline_aggregate,confidence,1,qnn_7_circuit,qnn,7,circuit,0.0,0.0,0.0,0.0,0.0,20000.0,20000.0,5
b50_lb10_k3_eps0p0025,local_only_offline_aggregate,confidence,1,qnn_8_circuit,qnn,8,circuit,0.0,0.0,0.0,0.0,0.0,20000.0,20000.0,5
b50_lb10_k3_eps0p0025,local_only_offline_aggregate,confidence,1,qnn_9_circuit,qnn,9,circuit,0.0,0.0,0.0,0.0,0.0,20000.0,20000.0,5
b50_lb10_k3_eps0p0025,local_only_offline_aggregate,confidence,1,random_10_circuit,random,10,circuit,0.0,0.0,0.0,0.0,0.0,20000.0,20000.0,5
b50_lb10_k3_eps0p0025,local_only_offline_aggregate,confidence,1,random_11_circuit,random,11,circuit,0.0,0.0,0.0,0.0,0.0,20000.0,20000.0,5
b50_lb10_k3_eps0p0025,local_only_offline_aggregate,confidence,1,random_12_circuit,random,12,circuit,0.0,0.0,0.0,0.0,0.0,20000.0,20000.0,5
b50_lb10_k3_eps0p0025,local_only_offline_aggregate,confidence,1,random_13_circuit,random,13,circuit,0.0,0.0,0.0,0.0,0.0,20000.0,20000.0,5
b50_lb10_k3_eps0p0025,local_only_offline_aggregate,confidence,1,random_14_circuit,random,14,circuit,0.0,0.0,0.0,0.0,0.0,20000.0,20000.0,5
b50_lb10_k3_eps0p0025,local_only_offline_aggregate,confidence,1,random_15_circuit,random,15,circuit,0.0,0.0,0.0,0.0,0.0,20000.0,20000.0,5
b50_lb10_k3_eps0p0025,local_only_offline_aggregate,confidence,1,random_4_circuit,random,4,circuit,0.00711980198019802,0.01403505285695169,0.015094680851063828,0.5925,0.5925,8150.0,8150.0,5
b50_lb10_k3_eps0p0025,local_only_offline_aggregate,confidence,1,random_5_circuit,random,5,circuit,0.0070052995391704865,0.008251457955232909,0.00840862068965517,0.3075,0.3075,13850.0,13850.0,5
b50_lb10_k3_eps0p0025,local_only_offline_aggregate,confidence,1,random_6_circuit,random,6,circuit,0.0,0.0,0.0,0.0,0.0,20000.0,20000.0,5
b50_lb10_k3_eps0p0025,local_only_offline_aggregate,confidence,1,random_7_circuit,random,7,circuit,0.0,0.0,0.0,0.0,0.0,20000.0,20000.0,5
b50_lb10_k3_eps0p0025,local_only_offline_aggregate,confidence,1,random_8_circuit,random,8,circuit,0.0,0.0,0.0,0.0,0.0,20000.0,20000.0,5
b50_lb10_k3_eps0p0025,local_only_offline_aggregate,confidence,1,random_9_circuit,random,9,circuit,0.0,0.0,0.0,0.0,0.0,20000.0,20000.0,5
b50_lb10_k3_eps0p0025,local_only_offline_aggregate,confidence,1,vqe_10_circuit,vqe,10,circuit,0.007906340057636858,0.010540694980694954,0.010851544401544358,0.16749999999999998,0.16749999999999998,16650.0,16650.0,5
b50_lb10_k3_eps0p0025,local_only_offline_aggregate,confidence,1,vqe_11_circuit,vqe,11,circuit,0.006273988439306386,0.010891084529505626,0.011084688995215366,0.135,0.135,17300.0,17300.0,5
b50_lb10_k3_eps0p0025,local_only_offline_aggregate,confidence,1,vqe_12_circuit,vqe,12,circuit,0.006890350877192961,0.01068012231431563,0.011154651162790722,0.14500000000000002,0.14500000000000002,17100.0,17100.0,5
b50_lb10_k3_eps0p0025,local_only_offline_aggregate,confidence,1,vqe_13_circuit,vqe,13,circuit,0.0,0.00585333333333332,0.007316666666666651,0.0,0.0,20000.0,20000.0,5
b50_lb10_k3_eps0p0025,local_only_offline_aggregate,confidence,1,vqe_14_circuit,vqe,14,circuit,0.0,0.001540253164556963,0.0019253164556962041,0.0,0.0,20000.0,20000.0,5
b50_lb10_k3_eps0p0025,local_only_offline_aggregate,confidence,1,vqe_15_circuit,vqe,15,circuit,0.0,0.0,0.0,0.0,0.0,20000.0,20000.0,5
b50_lb10_k3_eps0p0025,local_only_offline_aggregate,confidence,1,vqe_4_circuit,vqe,4,circuit,0.005539552238805997,0.006149956709956668,0.006213636363636312,0.8375,0.8375,3250.0,3250.0,5
b50_lb10_k3_eps0p0025,local_only_offline_aggregate,confidence,1,vqe_5_circuit,vqe,5,circuit,0.008446581196581177,0.010243529766520244,0.010460062893081807,0.6599999999999999,0.6599999999999999,6800.0,6800.0,5
b50_lb10_k3_eps0p0025,local_only_offline_aggregate,confidence,1,vqe_6_circuit,vqe,6,circuit,0.006804878048780457,0.007747487684729081,0.007887931034482782,0.725,0.725,5500.0,5500.0,5
b50_lb10_k3_eps0p0025,local_only_offline_aggregate,confidence,1,vqe_7_circuit,vqe,7,circuit,0.007410256410256376,0.009692878787878795,0.010084848484848488,0.5875,0.5875,8250.0,8250.0,5
b50_lb10_k3_eps0p0025,local_only_offline_aggregate,confidence,1,vqe_8_circuit,vqe,8,circuit,0.008984482758620717,0.012574086148982425,0.01288809523809525,0.39749999999999996,0.39749999999999996,12050.0,12050.0,5
b50_lb10_k3_eps0p0025,local_only_offline_aggregate,confidence,1,vqe_9_circuit,vqe,9,circuit,0.009240909090909103,0.013757113752122258,0.013866129032258081,0.38,0.38,12400.0,12400.0,5
b50_lb10_k3_eps0p0025,local_only_offline_aggregate,confidence,2,dj_10_circuit,dj,10,circuit,0.006241247473118364,0.007711556840200906,0.007993757542459914,0.35750000000000004,0.18500000000000005,25700.0,16300.0,10
b50_lb10_k3_eps0p0025,local_only_offline_aggregate,confidence,2,dj_11_circuit,dj,11,circuit,0.006650633083197266,0.008855545102169638,0.009937502981503893,0.24124999999999996,0.04749999999999999,30350.0,19050.0,10
b50_lb10_k3_eps0p0025,local_only_offline_aggregate,confidence,2,dj_12_circuit,dj,12,circuit,0.006054169249139765,0.00711392076884178,0.007400156467835396,0.17875000000000002,0.06000000000000005,32850.0,18800.0,10
b50_lb10_k3_eps0p0025,local_only_offline_aggregate,confidence,2,dj_13_circuit,dj,13,circuit,0.004727075378285737,0.005430599559972069,0.005766001639961241,0.13875000000000004,0.0,34450.0,20000.0,10
b50_lb10_k3_eps0p0025,local_only_offline_aggregate,confidence,2,dj_14_circuit,dj,14,circuit,0.005022645704680228,0.006256242890483774,0.0064818471466537185,0.10999999999999999,0.0,35600.0,20000.0,10
b50_lb10_k3_eps0p0025,local_only_offline_aggregate,confidence,2,dj_15_circuit,dj,15,circuit,0.003917441368475671,0.005862038834430673,0.005996173952725639,0.0625,0.0,37500.0,20000.0,10
b50_lb10_k3_eps0p0025,local_only_offline_aggregate,confidence,2,dj_4_circuit,dj,4,circuit,0.0044898750770225185,0.005911011919421011,0.006028385029973104,0.881875,0.8674999999999999,4725.0,2650.0,10
b50_lb10_k3_eps0p0025,local_only_offline_aggregate,confidence,2,dj_5_circuit,dj,5,circuit,0.0034341950712298112,0.004869705561479917,0.00524024208052219,0.83125,0.81,6750.0,3800.0,10
b50_lb10_k3_eps0p0025,local_only_offline_aggregate,confidence,2,dj_6_circuit,dj,6,circuit,0.005292917076644669,0.0071192347972193724,0.007425234084705787,0.750625,0.73,9975.0,5400.0,10
b50_lb10_k3_eps0p0025,local_only_offline_aggregate,confidence,2,dj_7_circuit,dj,7,circuit,0.00593889810446091,0.0071925051163199,0.007534661883044173,0.6475,0.5900000000000001,14100.0,8200.0,10
b50_lb10_k3_eps0p0025,local_only_offline_aggregate,confidence,2,dj_8_circuit,dj,8,circuit,0.0065470950027300915,0.00799313420961199,0.008755807889647482,0.585,0.52,16600.0,9600.0,10
b50_lb10_k3_eps0p0025,local_only_offline_aggregate,confidence,2,dj_9_circuit,dj,9,circuit,0.006742436886969941,0.00803544336908084,0.008299660760584504,0.484375,0.39,20625.0,12200.0,10
b50_lb10_k3_eps0p0025,local_only_offline_aggregate,confidence,2,qaoa_10_circuit,qaoa,10,circuit,0.0,0.0,0.0,0.0,0.0,40000.0,20000.0,10
b50_lb10_k3_eps0p0025,local_only_offline_aggregate,confidence,2,qaoa_11_circuit,qaoa,11,circuit,0.0,0.0,0.0,0.0,0.0,40000.0,20000.0,10
b50_lb10_k3_eps0p0025,local_only_offline_aggregate,confidence,2,qaoa_12_circuit,qaoa,12,circuit,0.0,0.0,0.0,0.0,0.0,40000.0,20000.0,10
b50_lb10_k3_eps0p0025,local_only_offline_aggregate,confidence,2,qaoa_13_circuit,qaoa,13,circuit,0.0,0.0,0.0,0.0,0.0,40000.0,20000.0,10
b50_lb10_k3_eps0p0025,local_only_offline_aggregate,confidence,2,qaoa_14_circuit,qaoa,14,circuit,0.0,0.0,0.0,0.0,0.0,40000.0,20000.0,10
b50_lb10_k3_eps0p0025,local_only_offline_aggregate,confidence,2,qaoa_15_circuit,qaoa,15,circuit,0.0,0.0,0.0,0.0,0.0,40000.0,20000.0,10
b50_lb10_k3_eps0p0025,local_only_offline_aggregate,confidence,2,qaoa_4_circuit,qaoa,4,circuit,0.006765315847541299,0.008881942306248503,0.009524009683432554,0.641875,0.6325000000000001,14325.0,7350.0,10
b50_lb10_k3_eps0p0025,local_only_offline_aggregate,confidence,2,qaoa_5_circuit,qaoa,5,circuit,0.0059492829592183265,0.007198939992323873,0.007252025960357823,0.31,0.28500000000000003,27600.0,14300.0,10
b50_lb10_k3_eps0p0025,local_only_offline_aggregate,confidence,2,qaoa_6_circuit,qaoa,6,circuit,0.002688236862405672,0.0028973212952053953,0.002897961426251961,0.040000000000000036,0.0,38400.0,20000.0,10
b50_lb10_k3_eps0p0025,local_only_offline_aggregate,confidence,2,qaoa_7_circuit,qaoa,7,circuit,0.0,0.0,0.0,0.0,0.0,40000.0,20000.0,10
b50_lb10_k3_eps0p0025,local_only_offline_aggregate,confidence,2,qaoa_8_circuit,qaoa,8,circuit,0.0,0.0,0.0,0.0,0.0,40000.0,20000.0,10
b50_lb10_k3_eps0p0025,local_only_offline_aggregate,confidence,2,qaoa_9_circuit,qaoa,9,circuit,0.0,0.0,0.0,0.0,0.0,40000.0,20000.0,10
b50_lb10_k3_eps0p0025,local_only_offline_aggregate,confidence,2,qft_10_circuit,qft,10,circuit,0.0,0.0,0.0,0.0,0.0,40000.0,20000.0,10
b50_lb10_k3_eps0p0025,local_only_offline_aggregate,confidence,2,qft_11_circuit,qft,11,circuit,0.0,0.0,0.0,0.0,0.0,40000.0,20000.0,10
b50_lb10_k3_eps0p0025,local_only_offline_aggregate,confidence,2,qft_12_circuit,qft,12,circuit,0.0,0.0,0.0,0.0,0.0,40000.0,20000.0,10
b50_lb10_k3_eps0p0025,local_only_offline_aggregate,confidence,2,qft_13_circuit,qft,13,circuit,0.0,0.0,0.0,0.0,0.0,40000.0,20000.0,10
b50_lb10_k3_eps0p0025,local_only_offline_aggregate,confidence,2,qft_14_circuit,qft,14,circuit,0.0,0.0,0.0,0.0,0.0,40000.0,20000.0,10
b50_lb10_k3_eps0p0025,local_only_offline_aggregate,confidence,2,qft_15_circuit,qft,15,circuit,0.0,0.0,0.0,0.0,0.0,40000.0,20000.0,10
b50_lb10_k3_eps0p0025,local_only_offline_aggregate,confidence,2,qft_4_circuit,qft,4,circuit,0.0078023749947964075,0.008956365367865409,0.00909892021099036,0.460625,0.4225,21575.0,11550.0,10
b50_lb10_k3_eps0p0025,local_only_offline_aggregate,confidence,2,qft_5_circuit,qft,5,circuit,0.0041848189778651715,0.005359858397811659,0.005739960850911864,0.10812500000000003,0.08999999999999997,35675.0,18200.0,10
b50_lb10_k3_eps0p0025,local_only_offline_aggregate,confidence,2,qft_6_circuit,qft,6,circuit,0.0,0.0,0.0,0.0,0.0,40000.0,20000.0,10
b50_lb10_k3_eps0p0025,local_only_offline_aggregate,confidence,2,qft_7_circuit,qft,7,circuit,0.0,0.0,0.0,0.0,0.0,40000.0,20000.0,10
b50_lb10_k3_eps0p0025,local_only_offline_aggregate,confidence,2,qft_8_circuit,qft,8,circuit,0.0,0.0,0.0,0.0,0.0,40000.0,20000.0,10
b50_lb10_k3_eps0p0025,local_only_offline_aggregate,confidence,2,qft_9_circuit,qft,9,circuit,0.0,0.0,0.0,0.0,0.0,40000.0,20000.0,10
b50_lb10_k3_eps0p0025,local_only_offline_aggregate,confidence,2,qnn_10_circuit,qnn,10,circuit,0.0,0.0,0.0,0.0,0.0,40000.0,20000.0,10
b50_lb10_k3_eps0p0025,local_only_offline_aggregate,confidence,2,qnn_11_circuit,qnn,11,circuit,0.0,0.0,0.0,0.0,0.0,40000.0,20000.0,10
b50_lb10_k3_eps0p0025,local_only_offline_aggregate,confidence,2,qnn_12_circuit,qnn,12,circuit,0.0,0.0,0.0,0.0,0.0,40000.0,20000.0,10
b50_lb10_k3_eps0p0025,local_only_offline_aggregate,confidence,2,qnn_13_circuit,qnn,13,circuit,0.0,0.0,0.0,0.0,0.0,40000.0,20000.0,10
b50_lb10_k3_eps0p0025,local_only_offline_aggregate,confidence,2,qnn_14_circuit,qnn,14,circuit,0.0,0.0,0.0,0.0,0.0,40000.0,20000.0,10
b50_lb10_k3_eps0p0025,local_only_offline_aggregate,confidence,2,qnn_15_circuit,qnn,15,circuit,0.0,0.0,0.0,0.0,0.0,40000.0,20000.0,10
b50_lb10_k3_eps0p0025,local_only_offline_aggregate,confidence,2,qnn_4_circuit,qnn,4,circuit,0.007818736990807939,0.009729806965199782,0.01001028298590892,0.5275000000000001,0.45499999999999996,18900.0,10900.0,10
b50_lb10_k3_eps0p0025,local_only_offline_aggregate,confidence,2,qnn_5_circuit,qnn,5,circuit,0.004199941263150668,0.004910101015281356,0.005097182393990372,0.15437499999999998,0.14500000000000002,33825.0,17100.0,10
b50_lb10_k3_eps0p0025,local_only_offline_aggregate,confidence,2,qnn_6_circuit,qnn,6,circuit,0.0,0.0,0.0,0.0,0.0,40000.0,20000.0,10
b50_lb10_k3_eps0p0025,local_only_offline_aggregate,confidence,2,qnn_7_circuit,qnn,7,circuit,0.0,0.0,0.0,0.0,0.0,40000.0,20000.0,10
b50_lb10_k3_eps0p0025,local_only_offline_aggregate,confidence,2,qnn_8_circuit,qnn,8,circuit,0.0,0.0,0.0,0.0,0.0,40000.0,20000.0,10
b50_lb10_k3_eps0p0025,local_only_offline_aggregate,confidence,2,qnn_9_circuit,qnn,9,circuit,0.0,0.0,0.0,0.0,0.0,40000.0,20000.0,10
b50_lb10_k3_eps0p0025,local_only_offline_aggregate,confidence,2,random_10_circuit,random,10,circuit,0.0,0.0,0.0,0.0,0.0,40000.0,20000.0,10
b50_lb10_k3_eps0p0025,local_only_offline_aggregate,confidence,2,random_11_circuit,random,11,circuit,0.0,0.0,0.0,0.0,0.0,40000.0,20000.0,10
b50_lb10_k3_eps0p0025,local_only_offline_aggregate,confidence,2,random_12_circuit,random,12,circuit,0.0,0.0,0.0,0.0,0.0,40000.0,20000.0,10
b50_lb10_k3_eps0p0025,local_only_offline_aggregate,confidence,2,random_13_circuit,random,13,circuit,0.0,0.0,0.0,0.0,0.0,40000.0,20000.0,10
b50_lb10_k3_eps0p0025,local_only_offline_aggregate,confidence,2,random_14_circuit,random,14,circuit,0.0,0.0,0.0,0.0,0.0,40000.0,20000.0,10
b50_lb10_k3_eps0p0025,local_only_offline_aggregate,confidence,2,random_15_circuit,random,15,circuit,0.0,0.0,0.0,0.0,0.0,40000.0,20000.0,10
b50_lb10_k3_eps0p0025,local_only_offline_aggregate,confidence,2,random_4_circuit,random,4,circuit,0.005878461292721524,0.008685377060329014,0.009228131410412073,0.5775,0.5575,16900.0,8850.0,10
b50_lb10_k3_eps0p0025,local_only_offline_aggregate,confidence,2,random_5_circuit,random,5,circuit,0.004932807054859906,0.005236566899553437,0.005268389717762957,0.32999999999999996,0.2875,26800.0,14250.0,10
b50_lb10_k3_eps0p0025,local_only_offline_aggregate,confidence,2,random_6_circuit,random,6,circuit,0.0,0.0,0.0,0.0,0.0,40000.0,20000.0,10
b50_lb10_k3_eps0p0025,local_only_offline_aggregate,confidence,2,random_7_circuit,random,7,circuit,0.0,0.0,0.0,0.0,0.0,40000.0,20000.0,10
b50_lb10_k3_eps0p0025,local_only_offline_aggregate,confidence,2,random_8_circuit,random,8,circuit,0.0,0.0,0.0,0.0,0.0,40000.0,20000.0,10
b50_lb10_k3_eps0p0025,local_only_offline_aggregate,confidence,2,random_9_circuit,random,9,circuit,0.0,0.0,0.0,0.0,0.0,40000.0,20000.0,10
b50_lb10_k3_eps0p0025,local_only_offline_aggregate,confidence,2,vqe_10_circuit,vqe,10,circuit,0.006159235830235093,0.007875613592175364,0.008333522004617547,0.2575,0.15749999999999997,29700.0,16850.0,10
b50_lb10_k3_eps0p0025,local_only_offline_aggregate,confidence,2,vqe_11_circuit,vqe,11,circuit,0.006486759449625809,0.007349578268654053,0.007506881475423128,0.26625,0.0675,29350.0,18650.0,10
b50_lb10_k3_eps0p0025,local_only_offline_aggregate,confidence,2,vqe_12_circuit,vqe,12,circuit,0.005464777522210976,0.007019914607411833,0.007560144124482859,0.18062500000000004,0.022499999999999964,32775.0,19550.0,10
b50_lb10_k3_eps0p0025,local_only_offline_aggregate,confidence,2,vqe_13_circuit,vqe,13,circuit,0.0,0.004615856122272749,0.00461839930425426,0.0,0.0,40000.0,20000.0,10
b50_lb10_k3_eps0p0025,local_only_offline_aggregate,confidence,2,vqe_14_circuit,vqe,14,circuit,0.0,0.0012391916796451591,0.0012419651697855917,0.0,0.0,40000.0,20000.0,10
b50_lb10_k3_eps0p0025,local_only_offline_aggregate,confidence,2,vqe_15_circuit,vqe,15,circuit,0.0,0.0,0.0,0.0,0.0,40000.0,20000.0,10
b50_lb10_k3_eps0p0025,local_only_offline_aggregate,confidence,2,vqe_4_circuit,vqe,4,circuit,0.004051626902427266,0.004734439613432728,0.0048349275998244845,0.859375,0.8325,5625.0,3350.0,10
b50_lb10_k3_eps0p0025,local_only_offline_aggregate,confidence,2,vqe_5_circuit,vqe,5,circuit,0.006489005079838083,0.007756724639941152,0.008288299683213419,0.655625,0.635,13775.0,7300.0,10
b50_lb10_k3_eps0p0025,local_only_offline_aggregate,confidence,2,vqe_6_circuit,vqe,6,circuit,0.004838526728603302,0.00572952080031525,0.005811922308943318,0.75625,0.71,9750.0,5800.0,10
b50_lb10_k3_eps0p0025,local_only_offline_aggregate,confidence,2,vqe_7_circuit,vqe,7,circuit,0.005764987886525961,0.007096212987995696,0.007233341228797988,0.5862499999999999,0.5225,16550.0,9550.0,10
b50_lb10_k3_eps0p0025,local_only_offline_aggregate,confidence,2,vqe_8_circuit,vqe,8,circuit,0.007230724685565949,0.009077226745287544,0.009189994450353798,0.430625,0.34750000000000003,22775.0,13050.0,10
b50_lb10_k3_eps0p0025,local_only_offline_aggregate,confidence,2,vqe_9_circuit,vqe,9,circuit,0.00801242452915549,0.009291358903536261,0.009409356487883963,0.45625,0.31000000000000005,21750.0,13800.0,10
b50_lb10_k3_eps0p0025,local_only_offline_aggregate,confidence,3,dj_10_circuit,dj,10,circuit,0.00520406552319902,0.0061388675077392076,0.006301712107569912,0.3308333333333333,0.1775,40150.0,16450.0,10
b50_lb10_k3_eps0p0025,local_only_offline_aggregate,confidence,3,dj_11_circuit,dj,11,circuit,0.005239489067334442,0.0073545533302195355,0.0074152702896423195,0.1983333333333333,0.040000000000000036,48100.0,19200.0,10
b50_lb10_k3_eps0p0025,local_only_offline_aggregate,confidence,3,dj_12_circuit,dj,12,circuit,0.005087429384041964,0.0057924924037900455,0.005823715793093162,0.18333333333333335,0.0,49000.0,20000.0,10
b50_lb10_k3_eps0p0025,local_only_offline_aggregate,confidence,3,dj_13_circuit,dj,13,circuit,0.0033753796778211555,0.004075279957560373,0.004111228548268584,0.10499999999999998,0.0,53700.0,20000.0,10
b50_lb10_k3_eps0p0025,local_only_offline_aggregate,confidence,3,dj_14_circuit,dj,14,circuit,0.003994048437974769,0.004769274067812304,0.0048557537371177965,0.10999999999999999,0.0,53400.0,20000.0,10
b50_lb10_k3_eps0p0025,local_only_offline_aggregate,confidence,3,dj_15_circuit,dj,15,circuit,0.003861331038985993,0.004737773191760989,0.00474384037368938,0.0658333333333333,0.0,56050.0,20000.0,10
b50_lb10_k3_eps0p0025,local_only_offline_aggregate,confidence,3,dj_4_circuit,dj,4,circuit,0.004114801538500877,0.004728315025479767,0.004792838692557498,0.8829166666666667,0.8625,7025.0,2750.0,10
b50_lb10_k3_eps0p0025,local_only_offline_aggregate,confidence,3,dj_5_circuit,dj,5,circuit,0.0025443781706216088,0.003929826818492307,0.004089912054956171,0.8316666666666667,0.8,10100.0,4000.0,10
b50_lb10_k3_eps0p0025,local_only_offline_aggregate,confidence,3,dj_6_circuit,dj,6,circuit,0.0044374872283318555,0.00568411277985053,0.006042804398244592,0.7445833333333334,0.625,15325.0,7500.0,10
b50_lb10_k3_eps0p0025,local_only_offline_aggregate,confidence,3,dj_7_circuit,dj,7,circuit,0.0047274517092636414,0.005868672501389918,0.006003034282962604,0.6683333333333333,0.585,19900.0,8300.0,10
b50_lb10_k3_eps0p0025,local_only_offline_aggregate,confidence,3,dj_8_circuit,dj,8,circuit,0.005316021563298685,0.006390977903818423,0.00686567542539617,0.5758333333333333,0.51,25450.0,9800.0,10
b50_lb10_k3_eps0p0025,local_only_offline_aggregate,confidence,3,dj_9_circuit,dj,9,circuit,0.005286897673192783,0.00629135382499081,0.0063534320269912825,0.46375,0.38,32175.0,12400.0,10
b50_lb10_k3_eps0p0025,local_only_offline_aggregate,confidence,3,qaoa_10_circuit,qaoa,10,circuit,0.0,0.0,0.0,0.0,0.0,60000.0,20000.0,10
b50_lb10_k3_eps0p0025,local_only_offline_aggregate,confidence,3,qaoa_11_circuit,qaoa,11,circuit,0.0,0.0,0.0,0.0,0.0,60000.0,20000.0,10
b50_lb10_k3_eps0p0025,local_only_offline_aggregate,confidence,3,qaoa_12_circuit,qaoa,12,circuit,0.0,0.0,0.0,0.0,0.0,60000.0,20000.0,10
b50_lb10_k3_eps0p0025,local_only_offline_aggregate,confidence,3,qaoa_13_circuit,qaoa,13,circuit,0.0,0.0,0.0,0.0,0.0,60000.0,20000.0,10
b50_lb10_k3_eps0p0025,local_only_offline_aggregate,confidence,3,qaoa_14_circuit,qaoa,14,circuit,0.0,0.0,0.0,0.0,0.0,60000.0,20000.0,10
b50_lb10_k3_eps0p0025,local_only_offline_aggregate,confidence,3,qaoa_15_circuit,qaoa,15,circuit,0.0,0.0,0.0,0.0,0.0,60000.0,20000.0,10
b50_lb10_k3_eps0p0025,local_only_offline_aggregate,confidence,3,qaoa_4_circuit,qaoa,4,circuit,0.00610591139896193,0.008061535391830205,0.00808299785794607,0.6420833333333333,0.6025,21475.0,7950.0,10
b50_lb10_k3_eps0p0025,local_only_offline_aggregate,confidence,3,qaoa_5_circuit,qaoa,5,circuit,0.00506036668056873,0.006429120131075393,0.006434295915980975,0.3358333333333333,0.26749999999999996,39850.0,14650.0,10
b50_lb10_k3_eps0p0025,local_only_offline_aggregate,confidence,3,qaoa_6_circuit,qaoa,6,circuit,0.0020211309258376066,0.0021467445607634113,0.0021555966156169724,0.02833333333333332,0.0,58300.0,20000.0,10
b50_lb10_k3_eps0p0025,local_only_offline_aggregate,confidence,3,qaoa_7_circuit,qaoa,7,circuit,0.0,0.0,0.0,0.0,0.0,60000.0,20000.0,10
b50_lb10_k3_eps0p0025,local_only_offline_aggregate,confidence,3,qaoa_8_circuit,qaoa,8,circuit,0.0,0.0,0.0,0.0,0.0,60000.0,20000.0,10
b50_lb10_k3_eps0p0025,local_only_offline_aggregate,confidence,3,qaoa_9_circuit,qaoa,9,circuit,0.0,0.0,0.0,0.0,0.0,60000.0,20000.0,10
b50_lb10_k3_eps0p0025,local_only_offline_aggregate,confidence,3,qft_10_circuit,qft,10,circuit,0.0,0.0,0.0,0.0,0.0,60000.0,20000.0,10
b50_lb10_k3_eps0p0025,local_only_offline_aggregate,confidence,3,qft_11_circuit,qft,11,circuit,0.0,0.0,0.0,0.0,0.0,60000.0,20000.0,10
b50_lb10_k3_eps0p0025,local_only_offline_aggregate,confidence,3,qft_12_circuit,qft,12,circuit,0.0,0.0,0.0,0.0,0.0,60000.0,20000.0,10
b50_lb10_k3_eps0p0025,local_only_offline_aggregate,confidence,3,qft_13_circuit,qft,13,circuit,0.0,0.0,0.0,0.0,0.0,60000.0,20000.0,10
b50_lb10_k3_eps0p0025,local_only_offline_aggregate,confidence,3,qft_14_circuit,qft,14,circuit,0.0,0.0,0.0,0.0,0.0,60000.0,20000.0,10
b50_lb10_k3_eps0p0025,local_only_offline_aggregate,confidence,3,qft_15_circuit,qft,15,circuit,0.0,0.0,0.0,0.0,0.0,60000.0,20000.0,10
b50_lb10_k3_eps0p0025,local_only_offline_aggregate,confidence,3,qft_4_circuit,qft,4,circuit,0.006896281050133988,0.007547830309655742,0.007852640816465466,0.45125,0.39249999999999996,32925.0,12150.0,10
b50_lb10_k3_eps0p0025,local_only_offline_aggregate,confidence,3,qft_5_circuit,qft,5,circuit,0.0033557725620130437,0.004594554223345316,0.00461109632932946,0.10375000000000001,0.07999999999999996,53775.0,18400.0,10
b50_lb10_k3_eps0p0025,local_only_offline_aggregate,confidence,3,qft_6_circuit,qft,6,circuit,0.0,0.0,0.0,0.0,0.0,60000.0,20000.0,10
b50_lb10_k3_eps0p0025,local_only_offline_aggregate,confidence,3,qft_7_circuit,qft,7,circuit,0.0,0.0,0.0,0.0,0.0,60000.0,20000.0,10
b50_lb10_k3_eps0p0025,local_only_offline_aggregate,confidence,3,qft_8_circuit,qft,8,circuit,0.0,0.0,0.0,0.0,0.0,60000.0,20000.0,10
b50_lb10_k3_eps0p0025,local_only_offline_aggregate,confidence,3,qft_9_circuit,qft,9,circuit,0.0,0.0,0.0,0.0,0.0,60000.0,20000.0,10
b50_lb10_k3_eps0p0025,local_only_offline_aggregate,confidence,3,qnn_10_circuit,qnn,10,circuit,0.0,0.0,0.0,0.0,0.0,60000.0,20000.0,10
b50_lb10_k3_eps0p0025,local_only_offline_aggregate,confidence,3,qnn_11_circuit,qnn,11,circuit,0.0,0.0,0.0,0.0,0.0,60000.0,20000.0,10
b50_lb10_k3_eps0p0025,local_only_offline_aggregate,confidence,3,qnn_12_circuit,qnn,12,circuit,0.0,0.0,0.0,0.0,0.0,60000.0,20000.0,10
b50_lb10_k3_eps0p0025,local_only_offline_aggregate,confidence,3,qnn_13_circuit,qnn,13,circuit,0.0,0.0,0.0,0.0,0.0,60000.0,20000.0,10
b50_lb10_k3_eps0p0025,local_only_offline_aggregate,confidence,3,qnn_14_circuit,qnn,14,circuit,0.0,0.0,0.0,0.0,0.0,60000.0,20000.0,10
b50_lb10_k3_eps0p0025,local_only_offline_aggregate,confidence,3,qnn_15_circuit,qnn,15,circuit,0.0,0.0,0.0,0.0,0.0,60000.0,20000.0,10
b50_lb10_k3_eps0p0025,local_only_offline_aggregate,confidence,3,qnn_4_circuit,qnn,4,circuit,0.0064521842718914865,0.008013037873694466,0.008323573434109284,0.5225,0.44499999999999995,28650.0,11100.0,10
b50_lb10_k3_eps0p0025,local_only_offline_aggregate,confidence,3,qnn_5_circuit,qnn,5,circuit,0.003644805458692282,0.003933137430017657,0.003975199750477725,0.16708333333333336,0.11499999999999999,49975.0,17700.0,10
b50_lb10_k3_eps0p0025,local_only_offline_aggregate,confidence,3,qnn_6_circuit,qnn,6,circuit,0.0,0.0,0.0,0.0,0.0,60000.0,20000.0,10
b50_lb10_k3_eps0p0025,local_only_offline_aggregate,confidence,3,qnn_7_circuit,qnn,7,circuit,0.0,0.0,0.0,0.0,0.0,60000.0,20000.0,10
b50_lb10_k3_eps0p0025,local_only_offline_aggregate,confidence,3,qnn_8_circuit,qnn,8,circuit,0.0,0.0,0.0,0.0,0.0,60000.0,20000.0,10
b50_lb10_k3_eps0p0025,local_only_offline_aggregate,confidence,3,qnn_9_circuit,qnn,9,circuit,0.0,0.0,0.0,0.0,0.0,60000.0,20000.0,10
b50_lb10_k3_eps0p0025,local_only_offline_aggregate,confidence,3,random_10_circuit,random,10,circuit,0.0,0.0,0.0,0.0,0.0,60000.0,20000.0,10
b50_lb10_k3_eps0p0025,local_only_offline_aggregate,confidence,3,random_11_circuit,random,11,circuit,0.0,0.0,0.0,0.0,0.0,60000.0,20000.0,10
b50_lb10_k3_eps0p0025,local_only_offline_aggregate,confidence,3,random_12_circuit,random,12,circuit,0.0,0.0,0.0,0.0,0.0,60000.0,20000.0,10
b50_lb10_k3_eps0p0025,local_only_offline_aggregate,confidence,3,random_13_circuit,random,13,circuit,0.0,0.0,0.0,0.0,0.0,60000.0,20000.0,10
b50_lb10_k3_eps0p0025,local_only_offline_aggregate,confidence,3,random_14_circuit,random,14,circuit,0.0,0.0,0.0,0.0,0.0,60000.0,20000.0,10
b50_lb10_k3_eps0p0025,local_only_offline_aggregate,confidence,3,random_15_circuit,random,15,circuit,0.0,0.0,0.0,0.0,0.0,60000.0,20000.0,10
b50_lb10_k3_eps0p0025,local_only_offline_aggregate,confidence,3,random_4_circuit,random,4,circuit,0.004841109337341043,0.0064654149159505524,0.006478279060559113,0.5800000000000001,0.495,25200.0,10100.0,10
b50_lb10_k3_eps0p0025,local_only_offline_aggregate,confidence,3,random_5_circuit,random,5,circuit,0.0035691642797400103,0.004121366382458153,0.004161656186966702,0.3433333333333333,0.275,39400.0,14500.0,10
b50_lb10_k3_eps0p0025,local_only_offline_aggregate,confidence,3,random_6_circuit,random,6,circuit,0.0,0.0,0.0,0.0,0.0,60000.0,20000.0,10
b50_lb10_k3_eps0p0025,local_only_offline_aggregate,confidence,3,random_7_circuit,random,7,circuit,0.0,0.0,0.0,0.0,0.0,60000.0,20000.0,10
b50_lb10_k3_eps0p0025,local_only_offline_aggregate,confidence,3,random_8_circuit,random,8,circuit,0.0,0.0,0.0,0.0,0.0,60000.0,20000.0,10
b50_lb10_k3_eps0p0025,local_only_offline_aggregate,confidence,3,random_9_circuit,random,9,circuit,0.0,0.0,0.0,0.0,0.0,60000.0,20000.0,10
b50_lb10_k3_eps0p0025,local_only_offline_aggregate,confidence,3,vqe_10_circuit,vqe,10,circuit,0.0054160655113102115,0.006485018698568277,0.006490474699861306,0.23833333333333334,0.13249999999999995,45700.0,17350.0,10
b50_lb10_k3_eps0p0025,local_only_offline_aggregate,confidence,3,vqe_11_circuit,vqe,11,circuit,0.00515945661016781,0.005853311994319579,0.005922751345099474,0.22250000000000003,0.0,46650.0,20000.0,10
b50_lb10_k3_eps0p0025,local_only_offline_aggregate,confidence,3,vqe_12_circuit,vqe,12,circuit,0.004421267037040221,0.005389068960910937,0.0054133279581818185,0.18208333333333332,0.0,49075.0,20000.0,10
b50_lb10_k3_eps0p0025,local_only_offline_aggregate,confidence,3,vqe_13_circuit,vqe,13,circuit,0.0031049157401143437,0.003368061939693555,0.003371072509631544,0.08333333333333337,0.0,55000.0,20000.0,10
b50_lb10_k3_eps0p0025,local_only_offline_aggregate,confidence,3,vqe_14_circuit,vqe,14,circuit,0.0008277848337284122,0.0009112321311827505,0.0009132656677443351,0.004166666666666652,0.0,59750.0,20000.0,10
b50_lb10_k3_eps0p0025,local_only_offline_aggregate,confidence,3,vqe_15_circuit,vqe,15,circuit,0.0,0.0,0.0,0.0,0.0,60000.0,20000.0,10
b50_lb10_k3_eps0p0025,local_only_offline_aggregate,confidence,3,vqe_4_circuit,vqe,4,circuit,0.0033619917831258675,0.0039808280485154465,0.004039767118226876,0.8520833333333333,0.8200000000000001,8875.0,3600.0,10
b50_lb10_k3_eps0p0025,local_only_offline_aggregate,confidence,3,vqe_5_circuit,vqe,5,circuit,0.004844618115712088,0.006760016932833632,0.006964252506431811,0.6570833333333334,0.6025,20575.0,7950.0,10
b50_lb10_k3_eps0p0025,local_only_offline_aggregate,confidence,3,vqe_6_circuit,vqe,6,circuit,0.003972204245557335,0.004501865257151404,0.004505230446052492,0.7483333333333333,0.7025,15100.0,5950.0,10
b50_lb10_k3_eps0p0025,local_only_offline_aggregate,confidence,3,vqe_7_circuit,vqe,7,circuit,0.004821194772420734,0.005990552969524633,0.006271476214218236,0.5866666666666667,0.5125,24800.0,9750.0,10
b50_lb10_k3_eps0p0025,local_only_offline_aggregate,confidence,3,vqe_8_circuit,vqe,8,circuit,0.006454456825741471,0.007104465984379121,0.007336955250876677,0.4195833333333333,0.275,34825.0,14500.0,10
b50_lb10_k3_eps0p0025,local_only_offline_aggregate,confidence,3,vqe_9_circuit,vqe,9,circuit,0.006244789442903081,0.007155162674749027,0.007164484070174355,0.4308333333333333,0.3075,34150.0,13850.0,10
b50_lb10_k3_eps0p0025,local_only_offline_aggregate,confidence,4,dj_10_circuit,dj,10,circuit,0.004798775176833077,0.004958280596182309,0.004991811321285916,0.364375,0.1775,50850.0,16450.0,5
b50_lb10_k3_eps0p0025,local_only_offline_aggregate,confidence,4,dj_11_circuit,dj,11,circuit,0.005589453151834244,0.0058561214205241335,0.005877348254641738,0.24124999999999996,0.040000000000000036,60700.0,19200.0,5
b50_lb10_k3_eps0p0025,local_only_offline_aggregate,confidence,4,dj_12_circuit,dj,12,circuit,0.004459958359431767,0.004847961698484198,0.00489327040533856,0.20937499999999998,0.0,63250.0,20000.0,5
b50_lb10_k3_eps0p0025,local_only_offline_aggregate,confidence,4,dj_13_circuit,dj,13,circuit,0.0030909962373358454,0.0031443627929185103,0.003146017404812137,0.14812499999999995,0.0,68150.0,20000.0,5
b50_lb10_k3_eps0p0025,local_only_offline_aggregate,confidence,4,dj_14_circuit,dj,14,circuit,0.003620158299448637,0.003753460289884468,0.0037580996135999746,0.13749999999999996,0.0,69000.0,20000.0,5
b50_lb10_k3_eps0p0025,local_only_offline_aggregate,confidence,4,dj_15_circuit,dj,15,circuit,0.003689775148387035,0.003871602998685219,0.003915010431978113,0.08062499999999995,0.0,73550.0,20000.0,5
b50_lb10_k3_eps0p0025,local_only_offline_aggregate,confidence,4,dj_4_circuit,dj,4,circuit,0.0037548093028813186,0.0040022019103820765,0.0040562810755652955,0.885625,0.8625,9150.0,2750.0,5
b50_lb10_k3_eps0p0025,local_only_offline_aggregate,confidence,4,dj_5_circuit,dj,5,circuit,0.002636291840097263,0.00284691600522798,0.0028701251365149693,0.83125,0.8,13500.0,4000.0,5
b50_lb10_k3_eps0p0025,local_only_offline_aggregate,confidence,4,dj_6_circuit,dj,6,circuit,0.0038841597089744047,0.004538228792047573,0.004633478198991709,0.74875,0.625,20100.0,7500.0,5
b50_lb10_k3_eps0p0025,local_only_offline_aggregate,confidence,4,dj_7_circuit,dj,7,circuit,0.0043728104054858545,0.004687932711655626,0.004705794603702499,0.6637500000000001,0.585,26900.0,8300.0,5
b50_lb10_k3_eps0p0025,local_only_offline_aggregate,confidence,4,dj_8_circuit,dj,8,circuit,0.0045252847897739356,0.005097425038259676,0.005178316999086267,0.590625,0.51,32750.0,9800.0,5
b50_lb10_k3_eps0p0025,local_only_offline_aggregate,confidence,4,dj_9_circuit,dj,9,circuit,0.004817795149750876,0.00495093564597805,0.004965811179862195,0.484375,0.38,41250.0,12400.0,5
b50_lb10_k3_eps0p0025,local_only_offline_aggregate,confidence,4,qaoa_10_circuit,qaoa,10,circuit,0.0,0.0,0.0,0.0,0.0,80000.0,20000.0,5
b50_lb10_k3_eps0p0025,local_only_offline_aggregate,confidence,4,qaoa_11_circuit,qaoa,11,circuit,0.0,0.0,0.0,0.0,0.0,80000.0,20000.0,5
b50_lb10_k3_eps0p0025,local_only_offline_aggregate,confidence,4,qaoa_12_circuit,qaoa,12,circuit,0.0,0.0,0.0,0.0,0.0,80000.0,20000.0,5
b50_lb10_k3_eps0p0025,local_only_offline_aggregate,confidence,4,qaoa_13_circuit,qaoa,13,circuit,0.0,0.0,0.0,0.0,0.0,80000.0,20000.0,5
b50_lb10_k3_eps0p0025,local_only_offline_aggregate,confidence,4,qaoa_14_circuit,qaoa,14,circuit,0.0,0.0,0.0,0.0,0.0,80000.0,20000.0,5
b50_lb10_k3_eps0p0025,local_only_offline_aggregate,confidence,4,qaoa_15_circuit,qaoa,15,circuit,0.0,0.0,0.0,0.0,0.0,80000.0,20000.0,5
b50_lb10_k3_eps0p0025,local_only_offline_aggregate,confidence,4,qaoa_4_circuit,qaoa,4,circuit,0.0057663153868381545,0.006674199782269608,0.006811695731466294,0.641875,0.6025,28650.0,7950.0,5
b50_lb10_k3_eps0p0025,local_only_offline_aggregate,confidence,4,qaoa_5_circuit,qaoa,5,circuit,0.004773718128705928,0.0057335673881275685,0.0059729190636178715,0.333125,0.26749999999999996,53350.0,14650.0,5
b50_lb10_k3_eps0p0025,local_only_offline_aggregate,confidence,4,qaoa_6_circuit,qaoa,6,circuit,0.0016576037098788054,0.0017206035715428415,0.001736247940094085,0.04125000000000001,0.0,76700.0,20000.0,5
b50_lb10_k3_eps0p0025,local_only_offline_aggregate,confidence,4,qaoa_7_circuit,qaoa,7,circuit,0.0,0.0,0.0,0.0,0.0,80000.0,20000.0,5
b50_lb10_k3_eps0p0025,local_only_offline_aggregate,confidence,4,qaoa_8_circuit,qaoa,8,circuit,0.0,0.0,0.0,0.0,0.0,80000.0,20000.0,5
b50_lb10_k3_eps0p0025,local_only_offline_aggregate,confidence,4,qaoa_9_circuit,qaoa,9,circuit,0.0,0.0,0.0,0.0,0.0,80000.0,20000.0,5
b50_lb10_k3_eps0p0025,local_only_offline_aggregate,confidence,4,qft_10_circuit,qft,10,circuit,0.0,0.0,0.0,0.0,0.0,80000.0,20000.0,5
b50_lb10_k3_eps0p0025,local_only_offline_aggregate,confidence,4,qft_11_circuit,qft,11,circuit,0.0,0.0,0.0,0.0,0.0,80000.0,20000.0,5
b50_lb10_k3_eps0p0025,local_only_offline_aggregate,confidence,4,qft_12_circuit,qft,12,circuit,0.0,0.0,0.0,0.0,0.0,80000.0,20000.0,5
b50_lb10_k3_eps0p0025,local_only_offline_aggregate,confidence,4,qft_13_circuit,qft,13,circuit,0.0,0.0,0.0,0.0,0.0,80000.0,20000.0,5
b50_lb10_k3_eps0p0025,local_only_offline_aggregate,confidence,4,qft_14_circuit,qft,14,circuit,0.0,0.0,0.0,0.0,0.0,80000.0,20000.0,5
b50_lb10_k3_eps0p0025,local_only_offline_aggregate,confidence,4,qft_15_circuit,qft,15,circuit,0.0,0.0,0.0,0.0,0.0,80000.0,20000.0,5
b50_lb10_k3_eps0p0025,local_only_offline_aggregate,confidence,4,qft_4_circuit,qft,4,circuit,0.006243430992292246,0.006351920691905771,0.006352900482799472,0.46062499999999995,0.39249999999999996,43150.0,12150.0,5
b50_lb10_k3_eps0p0025,local_only_offline_aggregate,confidence,4,qft_5_circuit,qft,5,circuit,0.002860701473987195,0.0038089532314731023,0.003975041413518258,0.10812500000000003,0.07999999999999996,71350.0,18400.0,5
b50_lb10_k3_eps0p0025,local_only_offline_aggregate,confidence,4,qft_6_circuit,qft,6,circuit,0.0,0.0,0.0,0.0,0.0,80000.0,20000.0,5
b50_lb10_k3_eps0p0025,local_only_offline_aggregate,confidence,4,qft_7_circuit,qft,7,circuit,0.0,0.0,0.0,0.0,0.0,80000.0,20000.0,5
b50_lb10_k3_eps0p0025,local_only_offline_aggregate,confidence,4,qft_8_circuit,qft,8,circuit,0.0,0.0,0.0,0.0,0.0,80000.0,20000.0,5
b50_lb10_k3_eps0p0025,local_only_offline_aggregate,confidence,4,qft_9_circuit,qft,9,circuit,0.0,0.0,0.0,0.0,0.0,80000.0,20000.0,5
b50_lb10_k3_eps0p0025,local_only_offline_aggregate,confidence,4,qnn_10_circuit,qnn,10,circuit,0.0,0.0,0.0,0.0,0.0,80000.0,20000.0,5
b50_lb10_k3_eps0p0025,local_only_offline_aggregate,confidence,4,qnn_11_circuit,qnn,11,circuit,0.0,0.0,0.0,0.0,0.0,80000.0,20000.0,5
b50_lb10_k3_eps0p0025,local_only_offline_aggregate,confidence,4,qnn_12_circuit,qnn,12,circuit,0.0,0.0,0.0,0.0,0.0,80000.0,20000.0,5
b50_lb10_k3_eps0p0025,local_only_offline_aggregate,confidence,4,qnn_13_circuit,qnn,13,circuit,0.0,0.0,0.0,0.0,0.0,80000.0,20000.0,5
b50_lb10_k3_eps0p0025,local_only_offline_aggregate,confidence,4,qnn_14_circuit,qnn,14,circuit,0.0,0.0,0.0,0.0,0.0,80000.0,20000.0,5
b50_lb10_k3_eps0p0025,local_only_offline_aggregate,confidence,4,qnn_15_circuit,qnn,15,circuit,0.0,0.0,0.0,0.0,0.0,80000.0,20000.0,5
b50_lb10_k3_eps0p0025,local_only_offline_aggregate,confidence,4,qnn_4_circuit,qnn,4,circuit,0.006056679755031154,0.006897850077527227,0.007092788376617476,0.531875,0.44499999999999995,37450.0,11100.0,5
b50_lb10_k3_eps0p0025,local_only_offline_aggregate,confidence,4,qnn_5_circuit,qnn,5,circuit,0.00308785334791713,0.0034691459025128386,0.00354831038625382,0.16437500000000005,0.11499999999999999,66850.0,17700.0,5
b50_lb10_k3_eps0p0025,local_only_offline_aggregate,confidence,4,qnn_6_circuit,qnn,6,circuit,0.0,0.0,0.0,0.0,0.0,80000.0,20000.0,5
b50_lb10_k3_eps0p0025,local_only_offline_aggregate,confidence,4,qnn_7_circuit,qnn,7,circuit,0.0,0.0,0.0,0.0,0.0,80000.0,20000.0,5
b50_lb10_k3_eps0p0025,local_only_offline_aggregate,confidence,4,qnn_8_circuit,qnn,8,circuit,0.0,0.0,0.0,0.0,0.0,80000.0,20000.0,5
b50_lb10_k3_eps0p0025,local_only_offline_aggregate,confidence,4,qnn_9_circuit,qnn,9,circuit,0.0,0.0,0.0,0.0,0.0,80000.0,20000.0,5
b50_lb10_k3_eps0p0025,local_only_offline_aggregate,confidence,4,random_10_circuit,random,10,circuit,0.0,0.0,0.0,0.0,0.0,80000.0,20000.0,5
b50_lb10_k3_eps0p0025,local_only_offline_aggregate,confidence,4,random_11_circuit,random,11,circuit,0.0,0.0,0.0,0.0,0.0,80000.0,20000.0,5
b50_lb10_k3_eps0p0025,local_only_offline_aggregate,confidence,4,random_12_circuit,random,12,circuit,0.0,0.0,0.0,0.0,0.0,80000.0,20000.0,5
b50_lb10_k3_eps0p0025,local_only_offline_aggregate,confidence,4,random_13_circuit,random,13,circuit,0.0,0.0,0.0,0.0,0.0,80000.0,20000.0,5
b50_lb10_k3_eps0p0025,local_only_offline_aggregate,confidence,4,random_14_circuit,random,14,circuit,0.0,0.0,0.0,0.0,0.0,80000.0,20000.0,5
b50_lb10_k3_eps0p0025,local_only_offline_aggregate,confidence,4,random_15_circuit,random,15,circuit,0.0,0.0,0.0,0.0,0.0,80000.0,20000.0,5
b50_lb10_k3_eps0p0025,local_only_offline_aggregate,confidence,4,random_4_circuit,random,4,circuit,0.0040930140374226915,0.005121132093499546,0.005350647615824207,0.575625,0.495,33950.0,10100.0,5
b50_lb10_k3_eps0p0025,local_only_offline_aggregate,confidence,4,random_5_circuit,random,5,circuit,0.0030423152357714573,0.003176601538976365,0.00319213244855803,0.34562499999999996,0.275,52350.0,14500.0,5
b50_lb10_k3_eps0p0025,local_only_offline_aggregate,confidence,4,random_6_circuit,random,6,circuit,0.0,0.0,0.0,0.0,0.0,80000.0,20000.0,5
b50_lb10_k3_eps0p0025,local_only_offline_aggregate,confidence,4,random_7_circuit,random,7,circuit,0.0,0.0,0.0,0.0,0.0,80000.0,20000.0,5
b50_lb10_k3_eps0p0025,local_only_offline_aggregate,confidence,4,random_8_circuit,random,8,circuit,0.0,0.0,0.0,0.0,0.0,80000.0,20000.0,5
b50_lb10_k3_eps0p0025,local_only_offline_aggregate,confidence,4,random_9_circuit,random,9,circuit,0.0,0.0,0.0,0.0,0.0,80000.0,20000.0,5
b50_lb10_k3_eps0p0025,local_only_offline_aggregate,confidence,4,vqe_10_circuit,vqe,10,circuit,0.004959775959605902,0.005411591821466995,0.0055016182025951765,0.265625,0.13249999999999995,58750.0,17350.0,5
b50_lb10_k3_eps0p0025,local_only_offline_aggregate,confidence,4,vqe_11_circuit,vqe,11,circuit,0.004655746599603441,0.004851977513339606,0.004874170121690189,0.26625,0.0,58700.0,20000.0,5
b50_lb10_k3_eps0p0025,local_only_offline_aggregate,confidence,4,vqe_12_circuit,vqe,12,circuit,0.004158836405366279,0.004256100319513919,0.004265157902004936,0.19062500000000004,0.0,64750.0,20000.0,5
b50_lb10_k3_eps0p0025,local_only_offline_aggregate,confidence,4,vqe_13_circuit,vqe,13,circuit,0.002486225579729464,0.0026180363976928507,0.0026500762063450516,0.0625,0.0,75000.0,20000.0,5
b50_lb10_k3_eps0p0025,local_only_offline_aggregate,confidence,4,vqe_14_circuit,vqe,14,circuit,0.0006682024346525677,0.0007095799970569856,0.0007193143753212829,0.0031250000000000444,0.0,79750.0,20000.0,5
b50_lb10_k3_eps0p0025,local_only_offline_aggregate,confidence,4,vqe_15_circuit,vqe,15,circuit,0.0,0.0,0.0,0.0,0.0,80000.0,20000.0,5
b50_lb10_k3_eps0p0025,local_only_offline_aggregate,confidence,4,vqe_4_circuit,vqe,4,circuit,0.003201578565675312,0.0032914086622731348,0.0033107523743228675,0.859375,0.8200000000000001,11250.0,3600.0,5
b50_lb10_k3_eps0p0025,local_only_offline_aggregate,confidence,4,vqe_5_circuit,vqe,5,circuit,0.004181176207014375,0.00538544131576092,0.005634392748990974,0.655625,0.6025,27550.0,7950.0,5
b50_lb10_k3_eps0p0025,local_only_offline_aggregate,confidence,4,vqe_6_circuit,vqe,6,circuit,0.0030897870432373183,0.0035369670660679465,0.0035670600103359564,0.7581249999999999,0.7025,19350.0,5950.0,5
b50_lb10_k3_eps0p0025,local_only_offline_aggregate,confidence,4,vqe_7_circuit,vqe,7,circuit,0.004273830695170681,0.005067779335346118,0.0052502524045097716,0.5862499999999999,0.5125,33100.0,9750.0,5
b50_lb10_k3_eps0p0025,local_only_offline_aggregate,confidence,4,vqe_8_circuit,vqe,8,circuit,0.005599025850778595,0.005815773895071241,0.0058264102906568395,0.43062500000000004,0.275,45550.0,14500.0,5
b50_lb10_k3_eps0p0025,local_only_offline_aggregate,confidence,4,vqe_9_circuit,vqe,9,circuit,0.005312592886790869,0.005738805130098546,0.005789038640871184,0.45625000000000004,0.3075,43500.0,13850.0,5
b50_lb10_k3_eps0p0025,local_only_offline_aggregate,confidence,5,dj_10_circuit,dj,10,circuit,0.004206974998632043,0.004206974998632043,0.004206974998632043,0.3415,0.1775,65850.0,16450.0,1
b50_lb10_k3_eps0p0025,local_only_offline_aggregate,confidence,5,dj_11_circuit,dj,11,circuit,0.004779419557882913,0.004779419557882913,0.004779419557882913,0.21550000000000002,0.040000000000000036,78450.0,19200.0,1
b50_lb10_k3_eps0p0025,local_only_offline_aggregate,confidence,5,dj_12_circuit,dj,12,circuit,0.004079730551182045,0.004079730551182045,0.004079730551182045,0.1815,0.0,81850.0,20000.0,1
b50_lb10_k3_eps0p0025,local_only_offline_aggregate,confidence,5,dj_13_circuit,dj,13,circuit,0.0025424191173716647,0.0025424191173716647,0.0025424191173716647,0.11850000000000005,0.0,88150.0,20000.0,1
b50_lb10_k3_eps0p0025,local_only_offline_aggregate,confidence,5,dj_14_circuit,dj,14,circuit,0.0030497544073616466,0.0030497544073616466,0.0030497544073616466,0.10999999999999999,0.0,89000.0,20000.0,1
b50_lb10_k3_eps0p0025,local_only_offline_aggregate,confidence,5,dj_15_circuit,dj,15,circuit,0.0031741408159902678,0.0031741408159902678,0.0031741408159902678,0.0645,0.0,93550.0,20000.0,1
b50_lb10_k3_eps0p0025,local_only_offline_aggregate,confidence,5,dj_4_circuit,dj,4,circuit,0.0033489492550927364,0.0033489492550927364,0.0033489492550927364,0.8825000000000001,0.8625,11750.0,2750.0,1
b50_lb10_k3_eps0p0025,local_only_offline_aggregate,confidence,5,dj_5_circuit,dj,5,circuit,0.00214065018128972,0.00214065018128972,0.00214065018128972,0.8315,0.8,16850.0,4000.0,1
b50_lb10_k3_eps0p0025,local_only_offline_aggregate,confidence,5,dj_6_circuit,dj,6,circuit,0.003502166377104308,0.003502166377104308,0.003502166377104308,0.747,0.625,25300.0,7500.0,1
b50_lb10_k3_eps0p0025,local_only_offline_aggregate,confidence,5,dj_7_circuit,dj,7,circuit,0.0036873937863823834,0.0036873937863823834,0.0036873937863823834,0.6599999999999999,0.585,34000.0,8300.0,1
b50_lb10_k3_eps0p0025,local_only_offline_aggregate,confidence,5,dj_8_circuit,dj,8,circuit,0.004000968174475712,0.004000968174475712,0.004000968174475712,0.5795,0.51,42050.0,9800.0,1
b50_lb10_k3_eps0p0025,local_only_offline_aggregate,confidence,5,dj_9_circuit,dj,9,circuit,0.00399649864015077,0.00399649864015077,0.00399649864015077,0.472,0.38,52800.0,12400.0,1
b50_lb10_k3_eps0p0025,local_only_offline_aggregate,confidence,5,qaoa_10_circuit,qaoa,10,circuit,0.0,0.0,0.0,0.0,0.0,100000.0,20000.0,1
b50_lb10_k3_eps0p0025,local_only_offline_aggregate,confidence,5,qaoa_11_circuit,qaoa,11,circuit,0.0,0.0,0.0,0.0,0.0,100000.0,20000.0,1
b50_lb10_k3_eps0p0025,local_only_offline_aggregate,confidence,5,qaoa_12_circuit,qaoa,12,circuit,0.0,0.0,0.0,0.0,0.0,100000.0,20000.0,1
b50_lb10_k3_eps0p0025,local_only_offline_aggregate,confidence,5,qaoa_13_circuit,qaoa,13,circuit,0.0,0.0,0.0,0.0,0.0,100000.0,20000.0,1
b50_lb10_k3_eps0p0025,local_only_offline_aggregate,confidence,5,qaoa_14_circuit,qaoa,14,circuit,0.0,0.0,0.0,0.0,0.0,100000.0,20000.0,1
b50_lb10_k3_eps0p0025,local_only_offline_aggregate,confidence,5,qaoa_15_circuit,qaoa,15,circuit,0.0,0.0,0.0,0.0,0.0,100000.0,20000.0,1
b50_lb10_k3_eps0p0025,local_only_offline_aggregate,confidence,5,qaoa_4_circuit,qaoa,4,circuit,0.00544105856957262,0.00544105856957262,0.00544105856957262,0.642,0.6025,35800.0,7950.0,1
b50_lb10_k3_eps0p0025,local_only_offline_aggregate,confidence,5,qaoa_5_circuit,qaoa,5,circuit,0.004696389487559808,0.004696389487559808,0.004696389487559808,0.3255,0.26749999999999996,67450.0,14650.0,1
b50_lb10_k3_eps0p0025,local_only_offline_aggregate,confidence,5,qaoa_6_circuit,qaoa,6,circuit,0.001406667063558302,0.001406667063558302,0.001406667063558302,0.03300000000000003,0.0,96700.0,20000.0,1
b50_lb10_k3_eps0p0025,local_only_offline_aggregate,confidence,5,qaoa_7_circuit,qaoa,7,circuit,0.0,0.0,0.0,0.0,0.0,100000.0,20000.0,1
b50_lb10_k3_eps0p0025,local_only_offline_aggregate,confidence,5,qaoa_8_circuit,qaoa,8,circuit,0.0,0.0,0.0,0.0,0.0,100000.0,20000.0,1
b50_lb10_k3_eps0p0025,local_only_offline_aggregate,confidence,5,qaoa_9_circuit,qaoa,9,circuit,0.0,0.0,0.0,0.0,0.0,100000.0,20000.0,1
b50_lb10_k3_eps0p0025,local_only_offline_aggregate,confidence,5,qft_10_circuit,qft,10,circuit,0.0,0.0,0.0,0.0,0.0,100000.0,20000.0,1
b50_lb10_k3_eps0p0025,local_only_offline_aggregate,confidence,5,qft_11_circuit,qft,11,circuit,0.0,0.0,0.0,0.0,0.0,100000.0,20000.0,1
b50_lb10_k3_eps0p0025,local_only_offline_aggregate,confidence,5,qft_12_circuit,qft,12,circuit,0.0,0.0,0.0,0.0,0.0,100000.0,20000.0,1
b50_lb10_k3_eps0p0025,local_only_offline_aggregate,confidence,5,qft_13_circuit,qft,13,circuit,0.0,0.0,0.0,0.0,0.0,100000.0,20000.0,1
b50_lb10_k3_eps0p0025,local_only_offline_aggregate,confidence,5,qft_14_circuit,qft,14,circuit,0.0,0.0,0.0,0.0,0.0,100000.0,20000.0,1
b50_lb10_k3_eps0p0025,local_only_offline_aggregate,confidence,5,qft_15_circuit,qft,15,circuit,0.0,0.0,0.0,0.0,0.0,100000.0,20000.0,1
b50_lb10_k3_eps0p0025,local_only_offline_aggregate,confidence,5,qft_4_circuit,qft,4,circuit,0.005648495290536671,0.005648495290536671,0.005648495290536671,0.45499999999999996,0.39249999999999996,54500.0,12150.0,1
b50_lb10_k3_eps0p0025,local_only_offline_aggregate,confidence,5,qft_5_circuit,qft,5,circuit,0.002732713459927082,0.002732713459927082,0.002732713459927082,0.10550000000000004,0.07999999999999996,89450.0,18400.0,1
b50_lb10_k3_eps0p0025,local_only_offline_aggregate,confidence,5,qft_6_circuit,qft,6,circuit,0.0,0.0,0.0,0.0,0.0,100000.0,20000.0,1
b50_lb10_k3_eps0p0025,local_only_offline_aggregate,confidence,5,qft_7_circuit,qft,7,circuit,0.0,0.0,0.0,0.0,0.0,100000.0,20000.0,1
b50_lb10_k3_eps0p0025,local_only_offline_aggregate,confidence,5,qft_8_circuit,qft,8,circuit,0.0,0.0,0.0,0.0,0.0,100000.0,20000.0,1
b50_lb10_k3_eps0p0025,local_only_offline_aggregate,confidence,5,qft_9_circuit,qft,9,circuit,0.0,0.0,0.0,0.0,0.0,100000.0,20000.0,1
b50_lb10_k3_eps0p0025,local_only_offline_aggregate,confidence,5,qnn_10_circuit,qnn,10,circuit,0.0,0.0,0.0,0.0,0.0,100000.0,20000.0,1
b50_lb10_k3_eps0p0025,local_only_offline_aggregate,confidence,5,qnn_11_circuit,qnn,11,circuit,0.0,0.0,0.0,0.0,0.0,100000.0,20000.0,1
b50_lb10_k3_eps0p0025,local_only_offline_aggregate,confidence,5,qnn_12_circuit,qnn,12,circuit,0.0,0.0,0.0,0.0,0.0,100000.0,20000.0,1
b50_lb10_k3_eps0p0025,local_only_offline_aggregate,confidence,5,qnn_13_circuit,qnn,13,circuit,0.0,0.0,0.0,0.0,0.0,100000.0,20000.0,1
b50_lb10_k3_eps0p0025,local_only_offline_aggregate,confidence,5,qnn_14_circuit,qnn,14,circuit,0.0,0.0,0.0,0.0,0.0,100000.0,20000.0,1
b50_lb10_k3_eps0p0025,local_only_offline_aggregate,confidence,5,qnn_15_circuit,qnn,15,circuit,0.0,0.0,0.0,0.0,0.0,100000.0,20000.0,1
b50_lb10_k3_eps0p0025,local_only_offline_aggregate,confidence,5,qnn_4_circuit,qnn,4,circuit,0.005802691923421426,0.005802691923421426,0.005802691923421426,0.5245,0.44499999999999995,47550.0,11100.0,1
b50_lb10_k3_eps0p0025,local_only_offline_aggregate,confidence,5,qnn_5_circuit,qnn,5,circuit,0.0023764721094457954,0.0023764721094457954,0.0023764721094457954,0.16200000000000003,0.11499999999999999,83800.0,17700.0,1
b50_lb10_k3_eps0p0025,local_only_offline_aggregate,confidence,5,qnn_6_circuit,qnn,6,circuit,0.0,0.0,0.0,0.0,0.0,100000.0,20000.0,1
b50_lb10_k3_eps0p0025,local_only_offline_aggregate,confidence,5,qnn_7_circuit,qnn,7,circuit,0.0,0.0,0.0,0.0,0.0,100000.0,20000.0,1
b50_lb10_k3_eps0p0025,local_only_offline_aggregate,confidence,5,qnn_8_circuit,qnn,8,circuit,0.0,0.0,0.0,0.0,0.0,100000.0,20000.0,1
b50_lb10_k3_eps0p0025,local_only_offline_aggregate,confidence,5,qnn_9_circuit,qnn,9,circuit,0.0,0.0,0.0,0.0,0.0,100000.0,20000.0,1
b50_lb10_k3_eps0p0025,local_only_offline_aggregate,confidence,5,random_10_circuit,random,10,circuit,0.0,0.0,0.0,0.0,0.0,100000.0,20000.0,1
b50_lb10_k3_eps0p0025,local_only_offline_aggregate,confidence,5,random_11_circuit,random,11,circuit,0.0,0.0,0.0,0.0,0.0,100000.0,20000.0,1
b50_lb10_k3_eps0p0025,local_only_offline_aggregate,confidence,5,random_12_circuit,random,12,circuit,0.0,0.0,0.0,0.0,0.0,100000.0,20000.0,1
b50_lb10_k3_eps0p0025,local_only_offline_aggregate,confidence,5,random_13_circuit,random,13,circuit,0.0,0.0,0.0,0.0,0.0,100000.0,20000.0,1
b50_lb10_k3_eps0p0025,local_only_offline_aggregate,confidence,5,random_14_circuit,random,14,circuit,0.0,0.0,0.0,0.0,0.0,100000.0,20000.0,1
b50_lb10_k3_eps0p0025,local_only_offline_aggregate,confidence,5,random_15_circuit,random,15,circuit,0.0,0.0,0.0,0.0,0.0,100000.0,20000.0,1
b50_lb10_k3_eps0p0025,local_only_offline_aggregate,confidence,5,random_4_circuit,random,4,circuit,0.003771995645545521,0.003771995645545521,0.003771995645545521,0.579,0.495,42100.0,10100.0,1
b50_lb10_k3_eps0p0025,local_only_offline_aggregate,confidence,5,random_5_circuit,random,5,circuit,0.0025888310703178537,0.0025888310703178537,0.0025888310703178537,0.33799999999999997,0.275,66200.0,14500.0,1
b50_lb10_k3_eps0p0025,local_only_offline_aggregate,confidence,5,random_6_circuit,random,6,circuit,0.0,0.0,0.0,0.0,0.0,100000.0,20000.0,1
b50_lb10_k3_eps0p0025,local_only_offline_aggregate,confidence,5,random_7_circuit,random,7,circuit,0.0,0.0,0.0,0.0,0.0,100000.0,20000.0,1
b50_lb10_k3_eps0p0025,local_only_offline_aggregate,confidence,5,random_8_circuit,random,8,circuit,0.0,0.0,0.0,0.0,0.0,100000.0,20000.0,1
b50_lb10_k3_eps0p0025,local_only_offline_aggregate,confidence,5,random_9_circuit,random,9,circuit,0.0,0.0,0.0,0.0,0.0,100000.0,20000.0,1
b50_lb10_k3_eps0p0025,local_only_offline_aggregate,confidence,5,vqe_10_circuit,vqe,10,circuit,0.004504403943817768,0.004504403943817768,0.004504403943817768,0.246,0.13249999999999995,75400.0,17350.0,1
b50_lb10_k3_eps0p0025,local_only_offline_aggregate,confidence,5,vqe_11_circuit,vqe,11,circuit,0.004117041671343562,0.004117041671343562,0.004117041671343562,0.24,0.0,76000.0,20000.0,1
b50_lb10_k3_eps0p0025,local_only_offline_aggregate,confidence,5,vqe_12_circuit,vqe,12,circuit,0.0034752943970853475,0.0034752943970853475,0.0034752943970853475,0.1815,0.0,81850.0,20000.0,1
b50_lb10_k3_eps0p0025,local_only_offline_aggregate,confidence,5,vqe_13_circuit,vqe,13,circuit,0.002073259109697431,0.002073259109697431,0.002073259109697431,0.050000000000000044,0.0,95000.0,20000.0,1
b50_lb10_k3_eps0p0025,local_only_offline_aggregate,confidence,5,vqe_14_circuit,vqe,14,circuit,0.0005598011690119243,0.0005598011690119243,0.0005598011690119243,0.0024999999999999467,0.0,99750.0,20000.0,1
b50_lb10_k3_eps0p0025,local_only_offline_aggregate,confidence,5,vqe_15_circuit,vqe,15,circuit,0.0,0.0,0.0,0.0,0.0,100000.0,20000.0,1
b50_lb10_k3_eps0p0025,local_only_offline_aggregate,confidence,5,vqe_4_circuit,vqe,4,circuit,0.0027337124022544655,0.0027337124022544655,0.0027337124022544655,0.855,0.8200000000000001,14500.0,3600.0,1
b50_lb10_k3_eps0p0025,local_only_offline_aggregate,confidence,5,vqe_5_circuit,vqe,5,circuit,0.003897854846948788,0.003897854846948788,0.003897854846948788,0.6565,0.6025,34350.0,7950.0,1
b50_lb10_k3_eps0p0025,local_only_offline_aggregate,confidence,5,vqe_6_circuit,vqe,6,circuit,0.002775721770572179,0.002775721770572179,0.002775721770572179,0.7515000000000001,0.7025,24850.0,5950.0,1
b50_lb10_k3_eps0p0025,local_only_offline_aggregate,confidence,5,vqe_7_circuit,vqe,7,circuit,0.004003607997359332,0.004003607997359332,0.004003607997359332,0.5865,0.5125,41350.0,9750.0,1
b50_lb10_k3_eps0p0025,local_only_offline_aggregate,confidence,5,vqe_8_circuit,vqe,8,circuit,0.004970826727540124,0.004970826727540124,0.004970826727540124,0.42400000000000004,0.275,57600.0,14500.0,1
b50_lb10_k3_eps0p0025,local_only_offline_aggregate,confidence,5,vqe_9_circuit,vqe,9,circuit,0.004301009504371355,0.004301009504371355,0.004301009504371355,0.44099999999999995,0.3075,55900.0,13850.0,1
b50_lb10_k3_eps0p0025,local_only_offline_aggregate,shot_proportional,1,dj_10_circuit,dj,10,circuit,0.008150000000000003,0.011255426902753341,0.011695962732919283,0.25,0.25,15000.0,15000.0,5
b50_lb10_k3_eps0p0025,local_only_offline_aggregate,shot_proportional,1,dj_11_circuit,dj,11,circuit,0.005184507042253505,0.011879011316259654,0.01200869565217388,0.11250000000000004,0.11250000000000004,17750.0,17750.0,5
b50_lb10_k3_eps0p0025,local_only_offline_aggregate,shot_proportional,1,dj_12_circuit,dj,12,circuit,0.0055946236559139655,0.010508623966516856,0.01079708737864077,0.06999999999999995,0.06999999999999995,18600.0,18600.0,5
b50_lb10_k3_eps0p0025,local_only_offline_aggregate,shot_proportional,1,dj_13_circuit,dj,13,circuit,0.0,0.008897495264314452,0.008918858131487946,0.0,0.0,20000.0,20000.0,5
b50_lb10_k3_eps0p0025,local_only_offline_aggregate,shot_proportional,1,dj_14_circuit,dj,14,circuit,0.0,0.009606456180635308,0.009797435897435921,0.0,0.0,20000.0,20000.0,5
b50_lb10_k3_eps0p0025,local_only_offline_aggregate,shot_proportional,1,dj_15_circuit,dj,15,circuit,0.0,0.008200707610146853,0.008759813084112148,0.0,0.0,20000.0,20000.0,5
b50_lb10_k3_eps0p0025,local_only_offline_aggregate,shot_proportional,1,dj_4_circuit,dj,4,circuit,0.0054188679245283505,0.008252727272727281,0.008931818181818188,0.87,0.87,2600.0,2600.0,5
b50_lb10_k3_eps0p0025,local_only_offline_aggregate,shot_proportional,1,dj_5_circuit,dj,5,circuit,0.005141803278688479,0.006465670307845096,0.006660377358490575,0.8325,0.8325,3350.0,3350.0,5
b50_lb10_k3_eps0p0025,local_only_offline_aggregate,shot_proportional,1,dj_6_circuit,dj,6,circuit,0.008426923076923108,0.010434561650257827,0.01091851851851848,0.74,0.74,5200.0,5200.0,5
b50_lb10_k3_eps0p0025,local_only_offline_aggregate,shot_proportional,1,dj_7_circuit,dj,7,circuit,0.008615662650602395,0.011007743043627633,0.011417073170731725,0.645,0.645,7100.0,7100.0,5
b50_lb10_k3_eps0p0025,local_only_offline_aggregate,shot_proportional,1,dj_8_circuit,dj,8,circuit,0.009708064516129,0.01158413265306125,0.011952040816326557,0.5349999999999999,0.5349999999999999,9300.0,9300.0,5
b50_lb10_k3_eps0p0025,local_only_offline_aggregate,shot_proportional,1,dj_9_circuit,dj,9,circuit,0.010468047337278134,0.011237973884039477,0.011334426229508216,0.4225,0.4225,11550.0,11550.0,5
b50_lb10_k3_eps0p0025,local_only_offline_aggregate,shot_proportional,1,qaoa_10_circuit,qaoa,10,circuit,0.0,0.0,0.0,0.0,0.0,20000.0,20000.0,5
b50_lb10_k3_eps0p0025,local_only_offline_aggregate,shot_proportional,1,qaoa_11_circuit,qaoa,11,circuit,0.0,0.0,0.0,0.0,0.0,20000.0,20000.0,5
b50_lb10_k3_eps0p0025,local_only_offline_aggregate,shot_proportional,1,qaoa_12_circuit,qaoa,12,circuit,0.0,0.0,0.0,0.0,0.0,20000.0,20000.0,5
b50_lb10_k3_eps0p0025,local_only_offline_aggregate,shot_proportional,1,qaoa_13_circuit,qaoa,13,circuit,0.0,0.0,0.0,0.0,0.0,20000.0,20000.0,5
b50_lb10_k3_eps0p0025,local_only_offline_aggregate,shot_proportional,1,qaoa_14_circuit,qaoa,14,circuit,0.0,0.0,0.0,0.0,0.0,20000.0,20000.0,5
b50_lb10_k3_eps0p0025,local_only_offline_aggregate,shot_proportional,1,qaoa_15_circuit,qaoa,15,circuit,0.0,0.0,0.0,0.0,0.0,20000.0,20000.0,5
b50_lb10_k3_eps0p0025,local_only_offline_aggregate,shot_proportional,1,qaoa_4_circuit,qaoa,4,circuit,0.00778911564625852,0.009914967234023839,0.00992106918238994,0.6425000000000001,0.6425000000000001,7150.0,7150.0,5
b50_lb10_k3_eps0p0025,local_only_offline_aggregate,shot_proportional,1,qaoa_5_circuit,qaoa,5,circuit,0.007346757679180891,0.010295875169606502,0.010840298507462678,0.29500000000000004,0.29500000000000004,14100.0,14100.0,5
b50_lb10_k3_eps0p0025,local_only_offline_aggregate,shot_proportional,1,qaoa_6_circuit,qaoa,6,circuit,0.0,0.004558170586837729,0.004593478260869563,0.0,0.0,20000.0,20000.0,5
b50_lb10_k3_eps0p0025,local_only_offline_aggregate,shot_proportional,1,qaoa_7_circuit,qaoa,7,circuit,0.0,0.0,0.0,0.0,0.0,20000.0,20000.0,5
b50_lb10_k3_eps0p0025,local_only_offline_aggregate,shot_proportional,1,qaoa_8_circuit,qaoa,8,circuit,0.0,0.0,0.0,0.0,0.0,20000.0,20000.0,5
b50_lb10_k3_eps0p0025,local_only_offline_aggregate,shot_proportional,1,qaoa_9_circuit,qaoa,9,circuit,0.0,0.0,0.0,0.0,0.0,20000.0,20000.0,5
b50_lb10_k3_eps0p0025,local_only_offline_aggregate,shot_proportional,1,qft_10_circuit,qft,10,circuit,0.0,0.0,0.0,0.0,0.0,20000.0,20000.0,5
b50_lb10_k3_eps0p0025,local_only_offline_aggregate,shot_proportional,1,qft_11_circuit,qft,11,circuit,0.0,0.0,0.0,0.0,0.0,20000.0,20000.0,5
b50_lb10_k3_eps0p0025,local_only_offline_aggregate,shot_proportional,1,qft_12_circuit,qft,12,circuit,0.0,0.0,0.0,0.0,0.0,20000.0,20000.0,5
b50_lb10_k3_eps0p0025,local_only_offline_aggregate,shot_proportional,1,qft_13_circuit,qft,13,circuit,0.0,0.0,0.0,0.0,0.0,20000.0,20000.0,5
b50_lb10_k3_eps0p0025,local_only_offline_aggregate,shot_proportional,1,qft_14_circuit,qft,14,circuit,0.0,0.0,0.0,0.0,0.0,20000.0,20000.0,5
b50_lb10_k3_eps0p0025,local_only_offline_aggregate,shot_proportional,1,qft_15_circuit,qft,15,circuit,0.0,0.0,0.0,0.0,0.0,20000.0,20000.0,5
b50_lb10_k3_eps0p0025,local_only_offline_aggregate,shot_proportional,1,qft_4_circuit,qft,4,circuit,0.010529735682819372,0.011147682843472322,0.011270129870129878,0.4325,0.4325,11350.0,11350.0,5
b50_lb10_k3_eps0p0025,local_only_offline_aggregate,shot_proportional,1,qft_5_circuit,qft,5,circuit,0.006196408839778997,0.007241449275362313,0.007426811594202895,0.09499999999999997,0.09499999999999997,18100.0,18100.0,5
b50_lb10_k3_eps0p0025,local_only_offline_aggregate,shot_proportional,1,qft_6_circuit,qft,6,circuit,0.0,0.0,0.0,0.0,0.0,20000.0,20000.0,5
b50_lb10_k3_eps0p0025,local_only_offline_aggregate,shot_proportional,1,qft_7_circuit,qft,7,circuit,0.0,0.0,0.0,0.0,0.0,20000.0,20000.0,5
b50_lb10_k3_eps0p0025,local_only_offline_aggregate,shot_proportional,1,qft_8_circuit,qft,8,circuit,0.0,0.0,0.0,0.0,0.0,20000.0,20000.0,5
b50_lb10_k3_eps0p0025,local_only_offline_aggregate,shot_proportional,1,qft_9_circuit,qft,9,circuit,0.0,0.0,0.0,0.0,0.0,20000.0,20000.0,5
b50_lb10_k3_eps0p0025,local_only_offline_aggregate,shot_proportional,1,qnn_10_circuit,qnn,10,circuit,0.0,0.0,0.0,0.0,0.0,20000.0,20000.0,5
b50_lb10_k3_eps0p0025,local_only_offline_aggregate,shot_proportional,1,qnn_11_circuit,qnn,11,circuit,0.0,0.0,0.0,0.0,0.0,20000.0,20000.0,5
b50_lb10_k3_eps0p0025,local_only_offline_aggregate,shot_proportional,1,qnn_12_circuit,qnn,12,circuit,0.0,0.0,0.0,0.0,0.0,20000.0,20000.0,5
b50_lb10_k3_eps0p0025,local_only_offline_aggregate,shot_proportional,1,qnn_13_circuit,qnn,13,circuit,0.0,0.0,0.0,0.0,0.0,20000.0,20000.0,5
b50_lb10_k3_eps0p0025,local_only_offline_aggregate,shot_proportional,1,qnn_14_circuit,qnn,14,circuit,0.0,0.0,0.0,0.0,0.0,20000.0,20000.0,5
b50_lb10_k3_eps0p0025,local_only_offline_aggregate,shot_proportional,1,qnn_15_circuit,qnn,15,circuit,0.0,0.0,0.0,0.0,0.0,20000.0,20000.0,5
b50_lb10_k3_eps0p0025,local_only_offline_aggregate,shot_proportional,1,qnn_4_circuit,qnn,4,circuit,0.009510992907801429,0.014031918906176324,0.014823809523809517,0.495,0.495,10100.0,10100.0,5
b50_lb10_k3_eps0p0025,local_only_offline_aggregate,shot_proportional,1,qnn_5_circuit,qnn,5,circuit,0.005893657817109153,0.0071281576893052374,0.00725245901639345,0.15249999999999997,0.15249999999999997,16950.0,16950.0,5
b50_lb10_k3_eps0p0025,local_only_offline_aggregate,shot_proportional,1,qnn_6_circuit,qnn,6,circuit,0.0,0.0,0.0,0.0,0.0,20000.0,20000.0,5
b50_lb10_k3_eps0p0025,local_only_offline_aggregate,shot_proportional,1,qnn_7_circuit,qnn,7,circuit,0.0,0.0,0.0,0.0,0.0,20000.0,20000.0,5
b50_lb10_k3_eps0p0025,local_only_offline_aggregate,shot_proportional,1,qnn_8_circuit,qnn,8,circuit,0.0,0.0,0.0,0.0,0.0,20000.0,20000.0,5
b50_lb10_k3_eps0p0025,local_only_offline_aggregate,shot_proportional,1,qnn_9_circuit,qnn,9,circuit,0.0,0.0,0.0,0.0,0.0,20000.0,20000.0,5
b50_lb10_k3_eps0p0025,local_only_offline_aggregate,shot_proportional,1,random_10_circuit,random,10,circuit,0.0,0.0,0.0,0.0,0.0,20000.0,20000.0,5
b50_lb10_k3_eps0p0025,local_only_offline_aggregate,shot_proportional,1,random_11_circuit,random,11,circuit,0.0,0.0,0.0,0.0,0.0,20000.0,20000.0,5
b50_lb10_k3_eps0p0025,local_only_offline_aggregate,shot_proportional,1,random_12_circuit,random,12,circuit,0.0,0.0,0.0,0.0,0.0,20000.0,20000.0,5
b50_lb10_k3_eps0p0025,local_only_offline_aggregate,shot_proportional,1,random_13_circuit,random,13,circuit,0.0,0.0,0.0,0.0,0.0,20000.0,20000.0,5
b50_lb10_k3_eps0p0025,local_only_offline_aggregate,shot_proportional,1,random_14_circuit,random,14,circuit,0.0,0.0,0.0,0.0,0.0,20000.0,20000.0,5
b50_lb10_k3_eps0p0025,local_only_offline_aggregate,shot_proportional,1,random_15_circuit,random,15,circuit,0.0,0.0,0.0,0.0,0.0,20000.0,20000.0,5
b50_lb10_k3_eps0p0025,local_only_offline_aggregate,shot_proportional,1,random_4_circuit,random,4,circuit,0.00711980198019802,0.01403505285695169,0.015094680851063828,0.5925,0.5925,8150.0,8150.0,5
b50_lb10_k3_eps0p0025,local_only_offline_aggregate,shot_proportional,1,random_5_circuit,random,5,circuit,0.0070052995391704865,0.008251457955232909,0.00840862068965517,0.3075,0.3075,13850.0,13850.0,5
b50_lb10_k3_eps0p0025,local_only_offline_aggregate,shot_proportional,1,random_6_circuit,random,6,circuit,0.0,0.0,0.0,0.0,0.0,20000.0,20000.0,5
b50_lb10_k3_eps0p0025,local_only_offline_aggregate,shot_proportional,1,random_7_circuit,random,7,circuit,0.0,0.0,0.0,0.0,0.0,20000.0,20000.0,5
b50_lb10_k3_eps0p0025,local_only_offline_aggregate,shot_proportional,1,random_8_circuit,random,8,circuit,0.0,0.0,0.0,0.0,0.0,20000.0,20000.0,5
b50_lb10_k3_eps0p0025,local_only_offline_aggregate,shot_proportional,1,random_9_circuit,random,9,circuit,0.0,0.0,0.0,0.0,0.0,20000.0,20000.0,5
b50_lb10_k3_eps0p0025,local_only_offline_aggregate,shot_proportional,1,vqe_10_circuit,vqe,10,circuit,0.007906340057636858,0.010540694980694954,0.010851544401544358,0.16749999999999998,0.16749999999999998,16650.0,16650.0,5
b50_lb10_k3_eps0p0025,local_only_offline_aggregate,shot_proportional,1,vqe_11_circuit,vqe,11,circuit,0.006273988439306386,0.010891084529505626,0.011084688995215366,0.135,0.135,17300.0,17300.0,5
b50_lb10_k3_eps0p0025,local_only_offline_aggregate,shot_proportional,1,vqe_12_circuit,vqe,12,circuit,0.006890350877192961,0.01068012231431563,0.011154651162790722,0.14500000000000002,0.14500000000000002,17100.0,17100.0,5
b50_lb10_k3_eps0p0025,local_only_offline_aggregate,shot_proportional,1,vqe_13_circuit,vqe,13,circuit,0.0,0.00585333333333332,0.007316666666666651,0.0,0.0,20000.0,20000.0,5
b50_lb10_k3_eps0p0025,local_only_offline_aggregate,shot_proportional,1,vqe_14_circuit,vqe,14,circuit,0.0,0.001540253164556963,0.0019253164556962041,0.0,0.0,20000.0,20000.0,5
b50_lb10_k3_eps0p0025,local_only_offline_aggregate,shot_proportional,1,vqe_15_circuit,vqe,15,circuit,0.0,0.0,0.0,0.0,0.0,20000.0,20000.0,5
b50_lb10_k3_eps0p0025,local_only_offline_aggregate,shot_proportional,1,vqe_4_circuit,vqe,4,circuit,0.005539552238805997,0.006149956709956668,0.006213636363636312,0.8375,0.8375,3250.0,3250.0,5
b50_lb10_k3_eps0p0025,local_only_offline_aggregate,shot_proportional,1,vqe_5_circuit,vqe,5,circuit,0.008446581196581177,0.010243529766520244,0.010460062893081807,0.6599999999999999,0.6599999999999999,6800.0,6800.0,5
b50_lb10_k3_eps0p0025,local_only_offline_aggregate,shot_proportional,1,vqe_6_circuit,vqe,6,circuit,0.006804878048780457,0.007747487684729081,0.007887931034482782,0.725,0.725,5500.0,5500.0,5
b50_lb10_k3_eps0p0025,local_only_offline_aggregate,shot_proportional,1,vqe_7_circuit,vqe,7,circuit,0.007410256410256376,0.009692878787878795,0.010084848484848488,0.5875,0.5875,8250.0,8250.0,5
b50_lb10_k3_eps0p0025,local_only_offline_aggregate,shot_proportional,1,vqe_8_circuit,vqe,8,circuit,0.008984482758620717,0.012574086148982425,0.01288809523809525,0.39749999999999996,0.39749999999999996,12050.0,12050.0,5
b50_lb10_k3_eps0p0025,local_only_offline_aggregate,shot_proportional,1,vqe_9_circuit,vqe,9,circuit,0.009240909090909103,0.013757113752122258,0.013866129032258081,0.38,0.38,12400.0,12400.0,5
b50_lb10_k3_eps0p0025,local_only_offline_aggregate,shot_proportional,2,dj_10_circuit,dj,10,circuit,0.00569841164882599,0.007322936926384377,0.0073268993839836006,0.35750000000000004,0.18500000000000005,25700.0,16300.0,10
b50_lb10_k3_eps0p0025,local_only_offline_aggregate,shot_proportional,2,dj_11_circuit,dj,11,circuit,0.0049925478041462044,0.008208203227458613,0.009831180400890907,0.24124999999999996,0.04749999999999999,30350.0,19050.0,10
b50_lb10_k3_eps0p0025,local_only_offline_aggregate,shot_proportional,2,dj_12_circuit,dj,12,circuit,0.004600144303384052,0.006857822244007346,0.007426687116564447,0.17875000000000002,0.06000000000000005,32850.0,18800.0,10
b50_lb10_k3_eps0p0025,local_only_offline_aggregate,shot_proportional,2,dj_13_circuit,dj,13,circuit,0.003582344213649876,0.00484912560871554,0.005755772646536495,0.13875000000000004,0.0,34450.0,20000.0,10
b50_lb10_k3_eps0p0025,local_only_offline_aggregate,shot_proportional,2,dj_14_circuit,dj,14,circuit,0.0035476047904191644,0.005518914567996896,0.006521724137931012,0.10999999999999999,0.0,35600.0,20000.0,10
b50_lb10_k3_eps0p0025,local_only_offline_aggregate,shot_proportional,2,dj_15_circuit,dj,15,circuit,0.002783333333333345,0.005025491803278657,0.005946348733233929,0.0625,0.0,37500.0,20000.0,10
b50_lb10_k3_eps0p0025,local_only_offline_aggregate,shot_proportional,2,dj_4_circuit,dj,4,circuit,0.004485842105263144,0.0058314583333333595,0.0061193181818182075,0.881875,0.8674999999999999,4725.0,2650.0,10
b50_lb10_k3_eps0p0025,local_only_offline_aggregate,shot_proportional,2,dj_5_circuit,dj,5,circuit,0.003370955463047427,0.004895659934720548,0.005238759689922561,0.83125,0.81,6750.0,3800.0,10
b50_lb10_k3_eps0p0025,local_only_offline_aggregate,shot_proportional,2,dj_6_circuit,dj,6,circuit,0.005458565024159539,0.007350701292077552,0.007350802139037459,0.750625,0.73,9975.0,5400.0,10
b50_lb10_k3_eps0p0025,local_only_offline_aggregate,shot_proportional,2,dj_7_circuit,dj,7,circuit,0.006057398651768412,0.008037711207939979,0.008733539094650229,0.6475,0.5900000000000001,14100.0,8200.0,10
b50_lb10_k3_eps0p0025,local_only_offline_aggregate,shot_proportional,2,dj_8_circuit,dj,8,circuit,0.0067123918382769755,0.008288509489528823,0.008775130890052418,0.585,0.52,16600.0,9600.0,10
b50_lb10_k3_eps0p0025,local_only_offline_aggregate,shot_proportional,2,dj_9_circuit,dj,9,circuit,0.0070883562399474895,0.008046553947368404,0.008301052631578954,0.484375,0.39,20625.0,12200.0,10
b50_lb10_k3_eps0p0025,local_only_offline_aggregate,shot_proportional,2,qaoa_10_circuit,qaoa,10,circuit,0.0,0.0,0.0,0.0,0.0,40000.0,20000.0,10
b50_lb10_k3_eps0p0025,local_only_offline_aggregate,shot_proportional,2,qaoa_11_circuit,qaoa,11,circuit,0.0,0.0,0.0,0.0,0.0,40000.0,20000.0,10
b50_lb10_k3_eps0p0025,local_only_offline_aggregate,shot_proportional,2,qaoa_12_circuit,qaoa,12,circuit,0.0,0.0,0.0,0.0,0.0,40000.0,20000.0,10
b50_lb10_k3_eps0p0025,local_only_offline_aggregate,shot_proportional,2,qaoa_13_circuit,qaoa,13,circuit,0.0,0.0,0.0,0.0,0.0,40000.0,20000.0,10
b50_lb10_k3_eps0p0025,local_only_offline_aggregate,shot_proportional,2,qaoa_14_circuit,qaoa,14,circuit,0.0,0.0,0.0,0.0,0.0,40000.0,20000.0,10
b50_lb10_k3_eps0p0025,local_only_offline_aggregate,shot_proportional,2,qaoa_15_circuit,qaoa,15,circuit,0.0,0.0,0.0,0.0,0.0,40000.0,20000.0,10
b50_lb10_k3_eps0p0025,local_only_offline_aggregate,shot_proportional,2,qaoa_4_circuit,qaoa,4,circuit,0.006967912018255591,0.008916764541255208,0.009515728476821183,0.641875,0.6325000000000001,14325.0,7350.0,10
b50_lb10_k3_eps0p0025,local_only_offline_aggregate,shot_proportional,2,qaoa_5_circuit,qaoa,5,circuit,0.005727414637225734,0.007180336661698947,0.007213934426229493,0.31,0.28500000000000003,27600.0,14300.0,10
b50_lb10_k3_eps0p0025,local_only_offline_aggregate,shot_proportional,2,qaoa_6_circuit,qaoa,6,circuit,0.0021104438642297737,0.002507389730926431,0.0027580381471389555,0.040000000000000036,0.0,38400.0,20000.0,10
b50_lb10_k3_eps0p0025,local_only_offline_aggregate,shot_proportional,2,qaoa_7_circuit,qaoa,7,circuit,0.0,0.0,0.0,0.0,0.0,40000.0,20000.0,10
b50_lb10_k3_eps0p0025,local_only_offline_aggregate,shot_proportional,2,qaoa_8_circuit,qaoa,8,circuit,0.0,0.0,0.0,0.0,0.0,40000.0,20000.0,10
b50_lb10_k3_eps0p0025,local_only_offline_aggregate,shot_proportional,2,qaoa_9_circuit,qaoa,9,circuit,0.0,0.0,0.0,0.0,0.0,40000.0,20000.0,10
b50_lb10_k3_eps0p0025,local_only_offline_aggregate,shot_proportional,2,qft_10_circuit,qft,10,circuit,0.0,0.0,0.0,0.0,0.0,40000.0,20000.0,10
b50_lb10_k3_eps0p0025,local_only_offline_aggregate,shot_proportional,2,qft_11_circuit,qft,11,circuit,0.0,0.0,0.0,0.0,0.0,40000.0,20000.0,10
b50_lb10_k3_eps0p0025,local_only_offline_aggregate,shot_proportional,2,qft_12_circuit,qft,12,circuit,0.0,0.0,0.0,0.0,0.0,40000.0,20000.0,10
b50_lb10_k3_eps0p0025,local_only_offline_aggregate,shot_proportional,2,qft_13_circuit,qft,13,circuit,0.0,0.0,0.0,0.0,0.0,40000.0,20000.0,10
b50_lb10_k3_eps0p0025,local_only_offline_aggregate,shot_proportional,2,qft_14_circuit,qft,14,circuit,0.0,0.0,0.0,0.0,0.0,40000.0,20000.0,10
b50_lb10_k3_eps0p0025,local_only_offline_aggregate,shot_proportional,2,qft_15_circuit,qft,15,circuit,0.0,0.0,0.0,0.0,0.0,40000.0,20000.0,10
b50_lb10_k3_eps0p0025,local_only_offline_aggregate,shot_proportional,2,qft_4_circuit,qft,4,circuit,0.007741166583303295,0.008926256141500168,0.009147674418604656,0.460625,0.4225,21575.0,11550.0,10
b50_lb10_k3_eps0p0025,local_only_offline_aggregate,shot_proportional,2,qft_5_circuit,qft,5,circuit,0.00420436476669239,0.005364275131521379,0.005742805755395701,0.10812500000000003,0.08999999999999997,35675.0,18200.0,10
b50_lb10_k3_eps0p0025,local_only_offline_aggregate,shot_proportional,2,qft_6_circuit,qft,6,circuit,0.0,0.0,0.0,0.0,0.0,40000.0,20000.0,10
b50_lb10_k3_eps0p0025,local_only_offline_aggregate,shot_proportional,2,qft_7_circuit,qft,7,circuit,0.0,0.0,0.0,0.0,0.0,40000.0,20000.0,10
b50_lb10_k3_eps0p0025,local_only_offline_aggregate,shot_proportional,2,qft_8_circuit,qft,8,circuit,0.0,0.0,0.0,0.0,0.0,40000.0,20000.0,10
b50_lb10_k3_eps0p0025,local_only_offline_aggregate,shot_proportional,2,qft_9_circuit,qft,9,circuit,0.0,0.0,0.0,0.0,0.0,40000.0,20000.0,10
b50_lb10_k3_eps0p0025,local_only_offline_aggregate,shot_proportional,2,qnn_10_circuit,qnn,10,circuit,0.0,0.0,0.0,0.0,0.0,40000.0,20000.0,10
b50_lb10_k3_eps0p0025,local_only_offline_aggregate,shot_proportional,2,qnn_11_circuit,qnn,11,circuit,0.0,0.0,0.0,0.0,0.0,40000.0,20000.0,10
b50_lb10_k3_eps0p0025,local_only_offline_aggregate,shot_proportional,2,qnn_12_circuit,qnn,12,circuit,0.0,0.0,0.0,0.0,0.0,40000.0,20000.0,10
b50_lb10_k3_eps0p0025,local_only_offline_aggregate,shot_proportional,2,qnn_13_circuit,qnn,13,circuit,0.0,0.0,0.0,0.0,0.0,40000.0,20000.0,10
b50_lb10_k3_eps0p0025,local_only_offline_aggregate,shot_proportional,2,qnn_14_circuit,qnn,14,circuit,0.0,0.0,0.0,0.0,0.0,40000.0,20000.0,10
b50_lb10_k3_eps0p0025,local_only_offline_aggregate,shot_proportional,2,qnn_15_circuit,qnn,15,circuit,0.0,0.0,0.0,0.0,0.0,40000.0,20000.0,10
b50_lb10_k3_eps0p0025,local_only_offline_aggregate,shot_proportional,2,qnn_4_circuit,qnn,4,circuit,0.007549313186813157,0.009912305825242702,0.010049999999999958,0.5275000000000001,0.45499999999999996,18900.0,10900.0,10
b50_lb10_k3_eps0p0025,local_only_offline_aggregate,shot_proportional,2,qnn_5_circuit,qnn,5,circuit,0.004091167184265025,0.00488950088357518,0.005064820592823722,0.15437499999999998,0.14500000000000002,33825.0,17100.0,10
b50_lb10_k3_eps0p0025,local_only_offline_aggregate,shot_proportional,2,qnn_6_circuit,qnn,6,circuit,0.0,0.0,0.0,0.0,0.0,40000.0,20000.0,10
b50_lb10_k3_eps0p0025,local_only_offline_aggregate,shot_proportional,2,qnn_7_circuit,qnn,7,circuit,0.0,0.0,0.0,0.0,0.0,40000.0,20000.0,10
b50_lb10_k3_eps0p0025,local_only_offline_aggregate,shot_proportional,2,qnn_8_circuit,qnn,8,circuit,0.0,0.0,0.0,0.0,0.0,40000.0,20000.0,10
b50_lb10_k3_eps0p0025,local_only_offline_aggregate,shot_proportional,2,qnn_9_circuit,qnn,9,circuit,0.0,0.0,0.0,0.0,0.0,40000.0,20000.0,10
b50_lb10_k3_eps0p0025,local_only_offline_aggregate,shot_proportional,2,random_10_circuit,random,10,circuit,0.0,0.0,0.0,0.0,0.0,40000.0,20000.0,10
b50_lb10_k3_eps0p0025,local_only_offline_aggregate,shot_proportional,2,random_11_circuit,random,11,circuit,0.0,0.0,0.0,0.0,0.0,40000.0,20000.0,10
b50_lb10_k3_eps0p0025,local_only_offline_aggregate,shot_proportional,2,random_12_circuit,random,12,circuit,0.0,0.0,0.0,0.0,0.0,40000.0,20000.0,10
b50_lb10_k3_eps0p0025,local_only_offline_aggregate,shot_proportional,2,random_13_circuit,random,13,circuit,0.0,0.0,0.0,0.0,0.0,40000.0,20000.0,10
b50_lb10_k3_eps0p0025,local_only_offline_aggregate,shot_proportional,2,random_14_circuit,random,14,circuit,0.0,0.0,0.0,0.0,0.0,40000.0,20000.0,10
b50_lb10_k3_eps0p0025,local_only_offline_aggregate,shot_proportional,2,random_15_circuit,random,15,circuit,0.0,0.0,0.0,0.0,0.0,40000.0,20000.0,10
b50_lb10_k3_eps0p0025,local_only_offline_aggregate,shot_proportional,2,random_4_circuit,random,4,circuit,0.005792149538386764,0.007717714704524436,0.008521833333333319,0.5775,0.5575,16900.0,8850.0,10
b50_lb10_k3_eps0p0025,local_only_offline_aggregate,shot_proportional,2,random_5_circuit,random,5,circuit,0.004759387651821887,0.005373935146050516,0.005482840236686367,0.32999999999999996,0.2875,26800.0,14250.0,10
b50_lb10_k3_eps0p0025,local_only_offline_aggregate,shot_proportional,2,random_6_circuit,random,6,circuit,0.0,0.0,0.0,0.0,0.0,40000.0,20000.0,10
b50_lb10_k3_eps0p0025,local_only_offline_aggregate,shot_proportional,2,random_7_circuit,random,7,circuit,0.0,0.0,0.0,0.0,0.0,40000.0,20000.0,10
b50_lb10_k3_eps0p0025,local_only_offline_aggregate,shot_proportional,2,random_8_circuit,random,8,circuit,0.0,0.0,0.0,0.0,0.0,40000.0,20000.0,10
b50_lb10_k3_eps0p0025,local_only_offline_aggregate,shot_proportional,2,random_9_circuit,random,9,circuit,0.0,0.0,0.0,0.0,0.0,40000.0,20000.0,10
b50_lb10_k3_eps0p0025,local_only_offline_aggregate,shot_proportional,2,vqe_10_circuit,vqe,10,circuit,0.006149149896800822,0.007775224886390764,0.008308783783783727,0.2575,0.15749999999999997,29700.0,16850.0,10
b50_lb10_k3_eps0p0025,local_only_offline_aggregate,shot_proportional,2,vqe_11_circuit,vqe,11,circuit,0.0045759817593264696,0.007011085226123913,0.007495511221945162,0.26625,0.0675,29350.0,18650.0,10
b50_lb10_k3_eps0p0025,local_only_offline_aggregate,shot_proportional,2,vqe_12_circuit,vqe,12,circuit,0.004120382556548356,0.006776808409113778,0.007296329365079323,0.18062500000000004,0.022499999999999964,32775.0,19550.0,10
b50_lb10_k3_eps0p0025,local_only_offline_aggregate,shot_proportional,2,vqe_13_circuit,vqe,13,circuit,0.0,0.003135714285714309,0.0031357142857143133,0.0,0.0,40000.0,20000.0,10
b50_lb10_k3_eps0p0025,local_only_offline_aggregate,shot_proportional,2,vqe_14_circuit,vqe,14,circuit,0.0,0.0009566037735849376,0.0009566037735849379,0.0,0.0,40000.0,20000.0,10
b50_lb10_k3_eps0p0025,local_only_offline_aggregate,shot_proportional,2,vqe_15_circuit,vqe,15,circuit,0.0,0.0,0.0,0.0,0.0,40000.0,20000.0,10
b50_lb10_k3_eps0p0025,local_only_offline_aggregate,shot_proportional,2,vqe_4_circuit,vqe,4,circuit,0.004061257973301794,0.004580100240577389,0.004597674418604644,0.859375,0.8325,5625.0,3350.0,10
b50_lb10_k3_eps0p0025,local_only_offline_aggregate,shot_proportional,2,vqe_5_circuit,vqe,5,circuit,0.006264760799484232,0.007814803139761047,0.00833737704918039,0.655625,0.635,13775.0,7300.0,10
b50_lb10_k3_eps0p0025,local_only_offline_aggregate,shot_proportional,2,vqe_6_circuit,vqe,6,circuit,0.0047097990543734924,0.005619215830875135,0.0056914141414141535,0.75625,0.71,9750.0,5800.0,10
b50_lb10_k3_eps0p0025,local_only_offline_aggregate,shot_proportional,2,vqe_7_circuit,vqe,7,circuit,0.005783080255911868,0.007208479598880221,0.0074544368600682285,0.5862499999999999,0.5225,16550.0,9550.0,10
b50_lb10_k3_eps0p0025,local_only_offline_aggregate,shot_proportional,2,vqe_8_circuit,vqe,8,circuit,0.007257745591062284,0.008596423580786059,0.008780000000000038,0.430625,0.34750000000000003,22775.0,13050.0,10
b50_lb10_k3_eps0p0025,local_only_offline_aggregate,shot_proportional,2,vqe_9_circuit,vqe,9,circuit,0.007271569930069931,0.009448707942194129,0.009604963680387362,0.45625,0.31000000000000005,21750.0,13800.0,10
b50_lb10_k3_eps0p0025,local_only_offline_aggregate,shot_proportional,3,dj_10_circuit,dj,10,circuit,0.004704812674456675,0.005895651281353195,0.006126963746223547,0.3308333333333333,0.1775,40150.0,16450.0,10
b50_lb10_k3_eps0p0025,local_only_offline_aggregate,shot_proportional,3,dj_11_circuit,dj,11,circuit,0.003912371302791767,0.005962926301117469,0.006187624378109453,0.1983333333333333,0.040000000000000036,48100.0,19200.0,10
b50_lb10_k3_eps0p0025,local_only_offline_aggregate,shot_proportional,3,dj_12_circuit,dj,12,circuit,0.0038571119135713313,0.00520117090290226,0.00548606936416184,0.18333333333333335,0.0,49000.0,20000.0,10
b50_lb10_k3_eps0p0025,local_only_offline_aggregate,shot_proportional,3,dj_13_circuit,dj,13,circuit,0.0023668962350780545,0.0033650051921079835,0.0033650051921079835,0.10499999999999998,0.0,53700.0,20000.0,10
b50_lb10_k3_eps0p0025,local_only_offline_aggregate,shot_proportional,3,dj_14_circuit,dj,14,circuit,0.0027489208633093374,0.0038597959183673753,0.0038597959183673983,0.10999999999999999,0.0,53400.0,20000.0,10
b50_lb10_k3_eps0p0025,local_only_offline_aggregate,shot_proportional,3,dj_15_circuit,dj,15,circuit,0.002508385370205129,0.0037254901960784514,0.003725490196078453,0.0658333333333333,0.0,56050.0,20000.0,10
b50_lb10_k3_eps0p0025,local_only_offline_aggregate,shot_proportional,3,dj_4_circuit,dj,4,circuit,0.0039054687500000773,0.004596803191489394,0.004685000000000031,0.8829166666666667,0.8625,7025.0,2750.0,10
b50_lb10_k3_eps0p0025,local_only_offline_aggregate,shot_proportional,3,dj_5_circuit,dj,5,circuit,0.002470377248837681,0.0037661052631578463,0.0037672248803827437,0.8316666666666667,0.8,10100.0,4000.0,10
b50_lb10_k3_eps0p0025,local_only_offline_aggregate,shot_proportional,3,dj_6_circuit,dj,6,circuit,0.004630332874431408,0.005823076872976259,0.005979896907216473,0.7445833333333334,0.625,15325.0,7500.0,10
b50_lb10_k3_eps0p0025,local_only_offline_aggregate,shot_proportional,3,dj_7_circuit,dj,7,circuit,0.004798066448801679,0.00624557315668209,0.006305844155844205,0.6683333333333333,0.585,19900.0,8300.0,10
b50_lb10_k3_eps0p0025,local_only_offline_aggregate,shot_proportional,3,dj_8_circuit,dj,8,circuit,0.005369220927700313,0.006684357763975119,0.007141897233201547,0.5758333333333333,0.51,25450.0,9800.0,10
b50_lb10_k3_eps0p0025,local_only_offline_aggregate,shot_proportional,3,dj_9_circuit,dj,9,circuit,0.005726564585332522,0.006501151802117045,0.006528726708074536,0.46375,0.38,32175.0,12400.0,10
b50_lb10_k3_eps0p0025,local_only_offline_aggregate,shot_proportional,3,qaoa_10_circuit,qaoa,10,circuit,0.0,0.0,0.0,0.0,0.0,60000.0,20000.0,10
b50_lb10_k3_eps0p0025,local_only_offline_aggregate,shot_proportional,3,qaoa_11_circuit,qaoa,11,circuit,0.0,0.0,0.0,0.0,0.0,60000.0,20000.0,10
b50_lb10_k3_eps0p0025,local_only_offline_aggregate,shot_proportional,3,qaoa_12_circuit,qaoa,12,circuit,0.0,0.0,0.0,0.0,0.0,60000.0,20000.0,10
b50_lb10_k3_eps0p0025,local_only_offline_aggregate,shot_proportional,3,qaoa_13_circuit,qaoa,13,circuit,0.0,0.0,0.0,0.0,0.0,60000.0,20000.0,10
b50_lb10_k3_eps0p0025,local_only_offline_aggregate,shot_proportional,3,qaoa_14_circuit,qaoa,14,circuit,0.0,0.0,0.0,0.0,0.0,60000.0,20000.0,10
b50_lb10_k3_eps0p0025,local_only_offline_aggregate,shot_proportional,3,qaoa_15_circuit,qaoa,15,circuit,0.0,0.0,0.0,0.0,0.0,60000.0,20000.0,10
b50_lb10_k3_eps0p0025,local_only_offline_aggregate,shot_proportional,3,qaoa_4_circuit,qaoa,4,circuit,0.006272621666286735,0.008185985105790605,0.008278749999999968,0.6420833333333333,0.6025,21475.0,7950.0,10
b50_lb10_k3_eps0p0025,local_only_offline_aggregate,shot_proportional,3,qaoa_5_circuit,qaoa,5,circuit,0.004582542518737411,0.00631055980066445,0.0064310389610389585,0.3358333333333333,0.26749999999999996,39850.0,14650.0,10
b50_lb10_k3_eps0p0025,local_only_offline_aggregate,shot_proportional,3,qaoa_6_circuit,qaoa,6,circuit,0.0014472602739725954,0.00178518518518518,0.0017851851851851844,0.02833333333333332,0.0,58300.0,20000.0,10
b50_lb10_k3_eps0p0025,local_only_offline_aggregate,shot_proportional,3,qaoa_7_circuit,qaoa,7,circuit,0.0,0.0,0.0,0.0,0.0,60000.0,20000.0,10
b50_lb10_k3_eps0p0025,local_only_offline_aggregate,shot_proportional,3,qaoa_8_circuit,qaoa,8,circuit,0.0,0.0,0.0,0.0,0.0,60000.0,20000.0,10
b50_lb10_k3_eps0p0025,local_only_offline_aggregate,shot_proportional,3,qaoa_9_circuit,qaoa,9,circuit,0.0,0.0,0.0,0.0,0.0,60000.0,20000.0,10
b50_lb10_k3_eps0p0025,local_only_offline_aggregate,shot_proportional,3,qft_10_circuit,qft,10,circuit,0.0,0.0,0.0,0.0,0.0,60000.0,20000.0,10
b50_lb10_k3_eps0p0025,local_only_offline_aggregate,shot_proportional,3,qft_11_circuit,qft,11,circuit,0.0,0.0,0.0,0.0,0.0,60000.0,20000.0,10
b50_lb10_k3_eps0p0025,local_only_offline_aggregate,shot_proportional,3,qft_12_circuit,qft,12,circuit,0.0,0.0,0.0,0.0,0.0,60000.0,20000.0,10
b50_lb10_k3_eps0p0025,local_only_offline_aggregate,shot_proportional,3,qft_13_circuit,qft,13,circuit,0.0,0.0,0.0,0.0,0.0,60000.0,20000.0,10
b50_lb10_k3_eps0p0025,local_only_offline_aggregate,shot_proportional,3,qft_14_circuit,qft,14,circuit,0.0,0.0,0.0,0.0,0.0,60000.0,20000.0,10
b50_lb10_k3_eps0p0025,local_only_offline_aggregate,shot_proportional,3,qft_15_circuit,qft,15,circuit,0.0,0.0,0.0,0.0,0.0,60000.0,20000.0,10
b50_lb10_k3_eps0p0025,local_only_offline_aggregate,shot_proportional,3,qft_4_circuit,qft,4,circuit,0.006919285611987321,0.007436900369255539,0.007711567732115673,0.45125,0.39249999999999996,32925.0,12150.0,10
b50_lb10_k3_eps0p0025,local_only_offline_aggregate,shot_proportional,3,qft_5_circuit,qft,5,circuit,0.003466172313273317,0.004582667660088821,0.004600047303689691,0.10375000000000001,0.07999999999999996,53775.0,18400.0,10
b50_lb10_k3_eps0p0025,local_only_offline_aggregate,shot_proportional,3,qft_6_circuit,qft,6,circuit,0.0,0.0,0.0,0.0,0.0,60000.0,20000.0,10
b50_lb10_k3_eps0p0025,local_only_offline_aggregate,shot_proportional,3,qft_7_circuit,qft,7,circuit,0.0,0.0,0.0,0.0,0.0,60000.0,20000.0,10
b50_lb10_k3_eps0p0025,local_only_offline_aggregate,shot_proportional,3,qft_8_circuit,qft,8,circuit,0.0,0.0,0.0,0.0,0.0,60000.0,20000.0,10
b50_lb10_k3_eps0p0025,local_only_offline_aggregate,shot_proportional,3,qft_9_circuit,qft,9,circuit,0.0,0.0,0.0,0.0,0.0,60000.0,20000.0,10
b50_lb10_k3_eps0p0025,local_only_offline_aggregate,shot_proportional,3,qnn_10_circuit,qnn,10,circuit,0.0,0.0,0.0,0.0,0.0,60000.0,20000.0,10
b50_lb10_k3_eps0p0025,local_only_offline_aggregate,shot_proportional,3,qnn_11_circuit,qnn,11,circuit,0.0,0.0,0.0,0.0,0.0,60000.0,20000.0,10
b50_lb10_k3_eps0p0025,local_only_offline_aggregate,shot_proportional,3,qnn_12_circuit,qnn,12,circuit,0.0,0.0,0.0,0.0,0.0,60000.0,20000.0,10
b50_lb10_k3_eps0p0025,local_only_offline_aggregate,shot_proportional,3,qnn_13_circuit,qnn,13,circuit,0.0,0.0,0.0,0.0,0.0,60000.0,20000.0,10
b50_lb10_k3_eps0p0025,local_only_offline_aggregate,shot_proportional,3,qnn_14_circuit,qnn,14,circuit,0.0,0.0,0.0,0.0,0.0,60000.0,20000.0,10
b50_lb10_k3_eps0p0025,local_only_offline_aggregate,shot_proportional,3,qnn_15_circuit,qnn,15,circuit,0.0,0.0,0.0,0.0,0.0,60000.0,20000.0,10
b50_lb10_k3_eps0p0025,local_only_offline_aggregate,shot_proportional,3,qnn_4_circuit,qnn,4,circuit,0.006374297761744793,0.007978339528475983,0.00832328767123288,0.5225,0.44499999999999995,28650.0,11100.0,10
b50_lb10_k3_eps0p0025,local_only_offline_aggregate,shot_proportional,3,qnn_5_circuit,qnn,5,circuit,0.003629171441411079,0.003927998173900818,0.003978957718780724,0.16708333333333336,0.11499999999999999,49975.0,17700.0,10
b50_lb10_k3_eps0p0025,local_only_offline_aggregate,shot_proportional,3,qnn_6_circuit,qnn,6,circuit,0.0,0.0,0.0,0.0,0.0,60000.0,20000.0,10
b50_lb10_k3_eps0p0025,local_only_offline_aggregate,shot_proportional,3,qnn_7_circuit,qnn,7,circuit,0.0,0.0,0.0,0.0,0.0,60000.0,20000.0,10
b50_lb10_k3_eps0p0025,local_only_offline_aggregate,shot_proportional,3,qnn_8_circuit,qnn,8,circuit,0.0,0.0,0.0,0.0,0.0,60000.0,20000.0,10
b50_lb10_k3_eps0p0025,local_only_offline_aggregate,shot_proportional,3,qnn_9_circuit,qnn,9,circuit,0.0,0.0,0.0,0.0,0.0,60000.0,20000.0,10
b50_lb10_k3_eps0p0025,local_only_offline_aggregate,shot_proportional,3,random_10_circuit,random,10,circuit,0.0,0.0,0.0,0.0,0.0,60000.0,20000.0,10
b50_lb10_k3_eps0p0025,local_only_offline_aggregate,shot_proportional,3,random_11_circuit,random,11,circuit,0.0,0.0,0.0,0.0,0.0,60000.0,20000.0,10
b50_lb10_k3_eps0p0025,local_only_offline_aggregate,shot_proportional,3,random_12_circuit,random,12,circuit,0.0,0.0,0.0,0.0,0.0,60000.0,20000.0,10
b50_lb10_k3_eps0p0025,local_only_offline_aggregate,shot_proportional,3,random_13_circuit,random,13,circuit,0.0,0.0,0.0,0.0,0.0,60000.0,20000.0,10
b50_lb10_k3_eps0p0025,local_only_offline_aggregate,shot_proportional,3,random_14_circuit,random,14,circuit,0.0,0.0,0.0,0.0,0.0,60000.0,20000.0,10
b50_lb10_k3_eps0p0025,local_only_offline_aggregate,shot_proportional,3,random_15_circuit,random,15,circuit,0.0,0.0,0.0,0.0,0.0,60000.0,20000.0,10
b50_lb10_k3_eps0p0025,local_only_offline_aggregate,shot_proportional,3,random_4_circuit,random,4,circuit,0.004452736158969866,0.006310483819439193,0.0065983067729083085,0.5800000000000001,0.495,25200.0,10100.0,10
b50_lb10_k3_eps0p0025,local_only_offline_aggregate,shot_proportional,3,random_5_circuit,random,5,circuit,0.0036925378680074685,0.004194123666512059,0.00425248724489795,0.3433333333333333,0.275,39400.0,14500.0,10
b50_lb10_k3_eps0p0025,local_only_offline_aggregate,shot_proportional,3,random_6_circuit,random,6,circuit,0.0,0.0,0.0,0.0,0.0,60000.0,20000.0,10
b50_lb10_k3_eps0p0025,local_only_offline_aggregate,shot_proportional,3,random_7_circuit,random,7,circuit,0.0,0.0,0.0,0.0,0.0,60000.0,20000.0,10
b50_lb10_k3_eps0p0025,local_only_offline_aggregate,shot_proportional,3,random_8_circuit,random,8,circuit,0.0,0.0,0.0,0.0,0.0,60000.0,20000.0,10
b50_lb10_k3_eps0p0025,local_only_offline_aggregate,shot_proportional,3,random_9_circuit,random,9,circuit,0.0,0.0,0.0,0.0,0.0,60000.0,20000.0,10
b50_lb10_k3_eps0p0025,local_only_offline_aggregate,shot_proportional,3,vqe_10_circuit,vqe,10,circuit,0.005351650389485358,0.006517494058050824,0.006672876213592236,0.23833333333333334,0.13249999999999995,45700.0,17350.0,10
b50_lb10_k3_eps0p0025,local_only_offline_aggregate,shot_proportional,3,vqe_11_circuit,vqe,11,circuit,0.0037414266525482246,0.005298697814513871,0.005398795180722913,0.22250000000000003,0.0,46650.0,20000.0,10
b50_lb10_k3_eps0p0025,local_only_offline_aggregate,shot_proportional,3,vqe_12_circuit,vqe,12,circuit,0.0035899091334766755,0.004898993634190445,0.005235224586288374,0.18208333333333332,0.0,49075.0,20000.0,10
b50_lb10_k3_eps0p0025,local_only_offline_aggregate,shot_proportional,3,vqe_13_circuit,vqe,13,circuit,0.0019954545454545225,0.0019954545454545754,0.001995454545454588,0.08333333333333337,0.0,55000.0,20000.0,10
b50_lb10_k3_eps0p0025,local_only_offline_aggregate,shot_proportional,3,vqe_14_circuit,vqe,14,circuit,0.0006364016736401457,0.000636401673640203,0.0006364016736402048,0.004166666666666652,0.0,59750.0,20000.0,10
b50_lb10_k3_eps0p0025,local_only_offline_aggregate,shot_proportional,3,vqe_15_circuit,vqe,15,circuit,0.0,0.0,0.0,0.0,0.0,60000.0,20000.0,10
b50_lb10_k3_eps0p0025,local_only_offline_aggregate,shot_proportional,3,vqe_4_circuit,vqe,4,circuit,0.00310616627784463,0.0040318829988111125,0.0041822784810126475,0.8520833333333333,0.8200000000000001,8875.0,3600.0,10
b50_lb10_k3_eps0p0025,local_only_offline_aggregate,shot_proportional,3,vqe_5_circuit,vqe,5,circuit,0.0045975333116775215,0.006679647794601718,0.006755760368663606,0.6570833333333334,0.6025,20575.0,7950.0,10
b50_lb10_k3_eps0p0025,local_only_offline_aggregate,shot_proportional,3,vqe_6_circuit,vqe,6,circuit,0.0039305013067237275,0.004351012793176973,0.004380844155844183,0.7483333333333333,0.7025,15100.0,5950.0,10
b50_lb10_k3_eps0p0025,local_only_offline_aggregate,shot_proportional,3,vqe_7_circuit,vqe,7,circuit,0.0048040249451400605,0.006047461734693873,0.0063284090909091215,0.5866666666666667,0.5125,24800.0,9750.0,10
b50_lb10_k3_eps0p0025,local_only_offline_aggregate,shot_proportional,3,vqe_8_circuit,vqe,8,circuit,0.005972319812577049,0.006586365440356748,0.006876461538461534,0.4195833333333333,0.275,34825.0,14500.0,10
b50_lb10_k3_eps0p0025,local_only_offline_aggregate,shot_proportional,3,vqe_9_circuit,vqe,9,circuit,0.005978439497522893,0.007053699722344932,0.007159651669085659,0.4308333333333333,0.3075,34150.0,13850.0,10
b50_lb10_k3_eps0p0025,local_only_offline_aggregate,shot_proportional,4,dj_10_circuit,dj,10,circuit,0.004262462159434959,0.004642384603441834,0.004690738866396686,0.364375,0.1775,50850.0,16450.0,5
b50_lb10_k3_eps0p0025,local_only_offline_aggregate,shot_proportional,4,dj_11_circuit,dj,11,circuit,0.003961037891268531,0.004462331862933099,0.004475105485232046,0.24124999999999996,0.040000000000000036,60700.0,19200.0,5
b50_lb10_k3_eps0p0025,local_only_offline_aggregate,shot_proportional,4,dj_12_circuit,dj,12,circuit,0.0033649926144756538,0.004087568693862795,0.004171624898949044,0.20937499999999998,0.0,63250.0,20000.0,5
b50_lb10_k3_eps0p0025,local_only_offline_aggregate,shot_proportional,4,dj_13_circuit,dj,13,circuit,0.002377476155539248,0.0023774761555392506,0.002377476155539251,0.14812499999999995,0.0,68150.0,20000.0,5
b50_lb10_k3_eps0p0025,local_only_offline_aggregate,shot_proportional,4,dj_14_circuit,dj,14,circuit,0.002741014492753608,0.0027410144927536508,0.0027410144927536616,0.13749999999999996,0.0,69000.0,20000.0,5
b50_lb10_k3_eps0p0025,local_only_offline_aggregate,shot_proportional,4,dj_15_circuit,dj,15,circuit,0.002712440516655353,0.0027124405166553574,0.0027124405166553582,0.08062499999999995,0.0,73550.0,20000.0,5
b50_lb10_k3_eps0p0025,local_only_offline_aggregate,shot_proportional,4,dj_4_circuit,dj,4,circuit,0.0035499999999999317,0.003828191310934353,0.003890437158469929,0.885625,0.8625,9150.0,2750.0,5
b50_lb10_k3_eps0p0025,local_only_offline_aggregate,shot_proportional,4,dj_5_circuit,dj,5,circuit,0.002553442028985512,0.002624760772445603,0.002628404669260716,0.83125,0.8,13500.0,4000.0,5
b50_lb10_k3_eps0p0025,local_only_offline_aggregate,shot_proportional,4,dj_6_circuit,dj,6,circuit,0.003993341708542676,0.004817470763586388,0.004976685393258503,0.74875,0.625,20100.0,7500.0,5
b50_lb10_k3_eps0p0025,local_only_offline_aggregate,shot_proportional,4,dj_7_circuit,dj,7,circuit,0.004606352087114333,0.004814044088930059,0.0048487354085603495,0.6637500000000001,0.585,26900.0,8300.0,5
b50_lb10_k3_eps0p0025,local_only_offline_aggregate,shot_proportional,4,dj_8_circuit,dj,8,circuit,0.004728167938931302,0.00528789696840758,0.005404083204930667,0.590625,0.51,32750.0,9800.0,5
b50_lb10_k3_eps0p0025,local_only_offline_aggregate,shot_proportional,4,dj_9_circuit,dj,9,circuit,0.005037007389162634,0.005316222331364994,0.00533527227722768,0.484375,0.38,41250.0,12400.0,5
b50_lb10_k3_eps0p0025,local_only_offline_aggregate,shot_proportional,4,qaoa_10_circuit,qaoa,10,circuit,0.0,0.0,0.0,0.0,0.0,80000.0,20000.0,5
b50_lb10_k3_eps0p0025,local_only_offline_aggregate,shot_proportional,4,qaoa_11_circuit,qaoa,11,circuit,0.0,0.0,0.0,0.0,0.0,80000.0,20000.0,5
b50_lb10_k3_eps0p0025,local_only_offline_aggregate,shot_proportional,4,qaoa_12_circuit,qaoa,12,circuit,0.0,0.0,0.0,0.0,0.0,80000.0,20000.0,5
b50_lb10_k3_eps0p0025,local_only_offline_aggregate,shot_proportional,4,qaoa_13_circuit,qaoa,13,circuit,0.0,0.0,0.0,0.0,0.0,80000.0,20000.0,5
b50_lb10_k3_eps0p0025,local_only_offline_aggregate,shot_proportional,4,qaoa_14_circuit,qaoa,14,circuit,0.0,0.0,0.0,0.0,0.0,80000.0,20000.0,5
b50_lb10_k3_eps0p0025,local_only_offline_aggregate,shot_proportional,4,qaoa_15_circuit,qaoa,15,circuit,0.0,0.0,0.0,0.0,0.0,80000.0,20000.0,5
b50_lb10_k3_eps0p0025,local_only_offline_aggregate,shot_proportional,4,qaoa_4_circuit,qaoa,4,circuit,0.006334169550173008,0.0069053105511028435,0.006997103918228273,0.641875,0.6025,28650.0,7950.0,5
b50_lb10_k3_eps0p0025,local_only_offline_aggregate,shot_proportional,4,qaoa_5_circuit,qaoa,5,circuit,0.00419868791002812,0.005532432301740811,0.005793465909090907,0.333125,0.26749999999999996,53350.0,14650.0,5
b50_lb10_k3_eps0p0025,local_only_offline_aggregate,shot_proportional,4,qaoa_6_circuit,qaoa,6,circuit,0.00131968709256844,0.0013196870925684552,0.0013196870925684578,0.04125000000000001,0.0,76700.0,20000.0,5
b50_lb10_k3_eps0p0025,local_only_offline_aggregate,shot_proportional,4,qaoa_7_circuit,qaoa,7,circuit,0.0,0.0,0.0,0.0,0.0,80000.0,20000.0,5
b50_lb10_k3_eps0p0025,local_only_offline_aggregate,shot_proportional,4,qaoa_8_circuit,qaoa,8,circuit,0.0,0.0,0.0,0.0,0.0,80000.0,20000.0,5
b50_lb10_k3_eps0p0025,local_only_offline_aggregate,shot_proportional,4,qaoa_9_circuit,qaoa,9,circuit,0.0,0.0,0.0,0.0,0.0,80000.0,20000.0,5
b50_lb10_k3_eps0p0025,local_only_offline_aggregate,shot_proportional,4,qft_10_circuit,qft,10,circuit,0.0,0.0,0.0,0.0,0.0,80000.0,20000.0,5
b50_lb10_k3_eps0p0025,local_only_offline_aggregate,shot_proportional,4,qft_11_circuit,qft,11,circuit,0.0,0.0,0.0,0.0,0.0,80000.0,20000.0,5
b50_lb10_k3_eps0p0025,local_only_offline_aggregate,shot_proportional,4,qft_12_circuit,qft,12,circuit,0.0,0.0,0.0,0.0,0.0,80000.0,20000.0,5
b50_lb10_k3_eps0p0025,local_only_offline_aggregate,shot_proportional,4,qft_13_circuit,qft,13,circuit,0.0,0.0,0.0,0.0,0.0,80000.0,20000.0,5
b50_lb10_k3_eps0p0025,local_only_offline_aggregate,shot_proportional,4,qft_14_circuit,qft,14,circuit,0.0,0.0,0.0,0.0,0.0,80000.0,20000.0,5
b50_lb10_k3_eps0p0025,local_only_offline_aggregate,shot_proportional,4,qft_15_circuit,qft,15,circuit,0.0,0.0,0.0,0.0,0.0,80000.0,20000.0,5
b50_lb10_k3_eps0p0025,local_only_offline_aggregate,shot_proportional,4,qft_4_circuit,qft,4,circuit,0.006262111111111145,0.0063686638591591484,0.0063825265643447475,0.46062499999999995,0.39249999999999996,43150.0,12150.0,5
b50_lb10_k3_eps0p0025,local_only_offline_aggregate,shot_proportional,4,qft_5_circuit,qft,5,circuit,0.003009754385964892,0.003818514627173629,0.003947994370161849,0.10812500000000003,0.07999999999999996,71350.0,18400.0,5
b50_lb10_k3_eps0p0025,local_only_offline_aggregate,shot_proportional,4,qft_6_circuit,qft,6,circuit,0.0,0.0,0.0,0.0,0.0,80000.0,20000.0,5
b50_lb10_k3_eps0p0025,local_only_offline_aggregate,shot_proportional,4,qft_7_circuit,qft,7,circuit,0.0,0.0,0.0,0.0,0.0,80000.0,20000.0,5
b50_lb10_k3_eps0p0025,local_only_offline_aggregate,shot_proportional,4,qft_8_circuit,qft,8,circuit,0.0,0.0,0.0,0.0,0.0,80000.0,20000.0,5
b50_lb10_k3_eps0p0025,local_only_offline_aggregate,shot_proportional,4,qft_9_circuit,qft,9,circuit,0.0,0.0,0.0,0.0,0.0,80000.0,20000.0,5
b50_lb10_k3_eps0p0025,local_only_offline_aggregate,shot_proportional,4,qnn_10_circuit,qnn,10,circuit,0.0,0.0,0.0,0.0,0.0,80000.0,20000.0,5
b50_lb10_k3_eps0p0025,local_only_offline_aggregate,shot_proportional,4,qnn_11_circuit,qnn,11,circuit,0.0,0.0,0.0,0.0,0.0,80000.0,20000.0,5
b50_lb10_k3_eps0p0025,local_only_offline_aggregate,shot_proportional,4,qnn_12_circuit,qnn,12,circuit,0.0,0.0,0.0,0.0,0.0,80000.0,20000.0,5
b50_lb10_k3_eps0p0025,local_only_offline_aggregate,shot_proportional,4,qnn_13_circuit,qnn,13,circuit,0.0,0.0,0.0,0.0,0.0,80000.0,20000.0,5
b50_lb10_k3_eps0p0025,local_only_offline_aggregate,shot_proportional,4,qnn_14_circuit,qnn,14,circuit,0.0,0.0,0.0,0.0,0.0,80000.0,20000.0,5
b50_lb10_k3_eps0p0025,local_only_offline_aggregate,shot_proportional,4,qnn_15_circuit,qnn,15,circuit,0.0,0.0,0.0,0.0,0.0,80000.0,20000.0,5
b50_lb10_k3_eps0p0025,local_only_offline_aggregate,shot_proportional,4,qnn_4_circuit,qnn,4,circuit,0.005940053404539376,0.006815319615912169,0.007019890260630959,0.531875,0.44499999999999995,37450.0,11100.0,5
b50_lb10_k3_eps0p0025,local_only_offline_aggregate,shot_proportional,4,qnn_5_circuit,qnn,5,circuit,0.0030353073463268467,0.0034538557608380176,0.003543946024799412,0.16437500000000005,0.11499999999999999,66850.0,17700.0,5
b50_lb10_k3_eps0p0025,local_only_offline_aggregate,shot_proportional,4,qnn_6_circuit,qnn,6,circuit,0.0,0.0,0.0,0.0,0.0,80000.0,20000.0,5
b50_lb10_k3_eps0p0025,local_only_offline_aggregate,shot_proportional,4,qnn_7_circuit,qnn,7,circuit,0.0,0.0,0.0,0.0,0.0,80000.0,20000.0,5
b50_lb10_k3_eps0p0025,local_only_offline_aggregate,shot_proportional,4,qnn_8_circuit,qnn,8,circuit,0.0,0.0,0.0,0.0,0.0,80000.0,20000.0,5
b50_lb10_k3_eps0p0025,local_only_offline_aggregate,shot_proportional,4,qnn_9_circuit,qnn,9,circuit,0.0,0.0,0.0,0.0,0.0,80000.0,20000.0,5
b50_lb10_k3_eps0p0025,local_only_offline_aggregate,shot_proportional,4,random_10_circuit,random,10,circuit,0.0,0.0,0.0,0.0,0.0,80000.0,20000.0,5
b50_lb10_k3_eps0p0025,local_only_offline_aggregate,shot_proportional,4,random_11_circuit,random,11,circuit,0.0,0.0,0.0,0.0,0.0,80000.0,20000.0,5
b50_lb10_k3_eps0p0025,local_only_offline_aggregate,shot_proportional,4,random_12_circuit,random,12,circuit,0.0,0.0,0.0,0.0,0.0,80000.0,20000.0,5
b50_lb10_k3_eps0p0025,local_only_offline_aggregate,shot_proportional,4,random_13_circuit,random,13,circuit,0.0,0.0,0.0,0.0,0.0,80000.0,20000.0,5
b50_lb10_k3_eps0p0025,local_only_offline_aggregate,shot_proportional,4,random_14_circuit,random,14,circuit,0.0,0.0,0.0,0.0,0.0,80000.0,20000.0,5
b50_lb10_k3_eps0p0025,local_only_offline_aggregate,shot_proportional,4,random_15_circuit,random,15,circuit,0.0,0.0,0.0,0.0,0.0,80000.0,20000.0,5
b50_lb10_k3_eps0p0025,local_only_offline_aggregate,shot_proportional,4,random_4_circuit,random,4,circuit,0.003912187499999985,0.004986530501511457,0.0051881443298968394,0.575625,0.495,33950.0,10100.0,5
b50_lb10_k3_eps0p0025,local_only_offline_aggregate,shot_proportional,4,random_5_circuit,random,5,circuit,0.003244080846968221,0.0033247549947903435,0.00334354536950419,0.34562499999999996,0.275,52350.0,14500.0,5
b50_lb10_k3_eps0p0025,local_only_offline_aggregate,shot_proportional,4,random_6_circuit,random,6,circuit,0.0,0.0,0.0,0.0,0.0,80000.0,20000.0,5
b50_lb10_k3_eps0p0025,local_only_offline_aggregate,shot_proportional,4,random_7_circuit,random,7,circuit,0.0,0.0,0.0,0.0,0.0,80000.0,20000.0,5
b50_lb10_k3_eps0p0025,local_only_offline_aggregate,shot_proportional,4,random_8_circuit,random,8,circuit,0.0,0.0,0.0,0.0,0.0,80000.0,20000.0,5
b50_lb10_k3_eps0p0025,local_only_offline_aggregate,shot_proportional,4,random_9_circuit,random,9,circuit,0.0,0.0,0.0,0.0,0.0,80000.0,20000.0,5
b50_lb10_k3_eps0p0025,local_only_offline_aggregate,shot_proportional,4,vqe_10_circuit,vqe,10,circuit,0.004736285266457659,0.0054276882763246844,0.005552988898377435,0.265625,0.13249999999999995,58750.0,17350.0,5
b50_lb10_k3_eps0p0025,local_only_offline_aggregate,shot_proportional,4,vqe_11_circuit,vqe,11,circuit,0.0034126916524701454,0.0041564940839456995,0.004316607142857138,0.26625,0.0,58700.0,20000.0,5
b50_lb10_k3_eps0p0025,local_only_offline_aggregate,shot_proportional,4,vqe_12_circuit,vqe,12,circuit,0.0031017760617760705,0.0036929036100647435,0.003727485852869855,0.19062500000000004,0.0,64750.0,20000.0,5
b50_lb10_k3_eps0p0025,local_only_offline_aggregate,shot_proportional,4,vqe_13_circuit,vqe,13,circuit,0.0014633333333333254,0.0014633333333333395,0.0014633333333333406,0.0625,0.0,75000.0,20000.0,5
b50_lb10_k3_eps0p0025,local_only_offline_aggregate,shot_proportional,4,vqe_14_circuit,vqe,14,circuit,0.00047680250783699145,0.00047680250783699296,0.0004768025078369931,0.0031250000000000444,0.0,79750.0,20000.0,5
b50_lb10_k3_eps0p0025,local_only_offline_aggregate,shot_proportional,4,vqe_15_circuit,vqe,15,circuit,0.0,0.0,0.0,0.0,0.0,80000.0,20000.0,5
b50_lb10_k3_eps0p0025,local_only_offline_aggregate,shot_proportional,4,vqe_4_circuit,vqe,4,circuit,0.003052620967741846,0.003479476233183815,0.003551345291479762,0.859375,0.8200000000000001,11250.0,3600.0,5
b50_lb10_k3_eps0p0025,local_only_offline_aggregate,shot_proportional,4,vqe_5_circuit,vqe,5,circuit,0.004633938294010939,0.005379564044519975,0.005565964912280779,0.655625,0.6025,27550.0,7950.0,5
b50_lb10_k3_eps0p0025,local_only_offline_aggregate,shot_proportional,4,vqe_6_circuit,vqe,6,circuit,0.0031366925064599646,0.003643914706444797,0.003689682539682505,0.7581249999999999,0.7025,19350.0,5950.0,5
b50_lb10_k3_eps0p0025,local_only_offline_aggregate,shot_proportional,4,vqe_7_circuit,vqe,7,circuit,0.004201693667157589,0.005068378711885992,0.005284018987341761,0.5862499999999999,0.5125,33100.0,9750.0,5
b50_lb10_k3_eps0p0025,local_only_offline_aggregate,shot_proportional,4,vqe_8_circuit,vqe,8,circuit,0.004997273781902531,0.00530691284105848,0.005321099887766566,0.43062500000000004,0.275,45550.0,14500.0,5
b50_lb10_k3_eps0p0025,local_only_offline_aggregate,shot_proportional,4,vqe_9_circuit,vqe,9,circuit,0.004753448275862049,0.005716267513511696,0.005845289855072518,0.45625000000000004,0.3075,43500.0,13850.0,5
b50_lb10_k3_eps0p0025,local_only_offline_aggregate,shot_proportional,5,dj_10_circuit,dj,10,circuit,0.0037764616552771286,0.0037764616552771286,0.0037764616552771286,0.3415,0.1775,65850.0,16450.0,1
b50_lb10_k3_eps0p0025,local_only_offline_aggregate,shot_proportional,5,dj_11_circuit,dj,11,circuit,0.0034902166985341264,0.0034902166985341264,0.0034902166985341264,0.21550000000000002,0.040000000000000036,78450.0,19200.0,1
b50_lb10_k3_eps0p0025,local_only_offline_aggregate,shot_proportional,5,dj_12_circuit,dj,12,circuit,0.003152290775809394,0.003152290775809394,0.003152290775809394,0.1815,0.0,81850.0,20000.0,1
b50_lb10_k3_eps0p0025,local_only_offline_aggregate,shot_proportional,5,dj_13_circuit,dj,13,circuit,0.0018380601247872728,0.0018380601247872728,0.0018380601247872728,0.11850000000000005,0.0,88150.0,20000.0,1
b50_lb10_k3_eps0p0025,local_only_offline_aggregate,shot_proportional,5,dj_14_circuit,dj,14,circuit,0.0021250561797752678,0.0021250561797752678,0.0021250561797752678,0.10999999999999999,0.0,89000.0,20000.0,1
b50_lb10_k3_eps0p0025,local_only_offline_aggregate,shot_proportional,5,dj_15_circuit,dj,15,circuit,0.002132549438802737,0.002132549438802737,0.002132549438802737,0.0645,0.0,93550.0,20000.0,1
b50_lb10_k3_eps0p0025,local_only_offline_aggregate,shot_proportional,5,dj_4_circuit,dj,4,circuit,0.003251702127659634,0.003251702127659634,0.003251702127659634,0.8825000000000001,0.8625,11750.0,2750.0,1
b50_lb10_k3_eps0p0025,local_only_offline_aggregate,shot_proportional,5,dj_5_circuit,dj,5,circuit,0.0019409495548961713,0.0019409495548961713,0.0019409495548961713,0.8315,0.8,16850.0,4000.0,1
b50_lb10_k3_eps0p0025,local_only_offline_aggregate,shot_proportional,5,dj_6_circuit,dj,6,circuit,0.0037536561264821288,0.0037536561264821288,0.0037536561264821288,0.747,0.625,25300.0,7500.0,1
b50_lb10_k3_eps0p0025,local_only_offline_aggregate,shot_proportional,5,dj_7_circuit,dj,7,circuit,0.003825808823529364,0.003825808823529364,0.003825808823529364,0.6599999999999999,0.585,34000.0,8300.0,1
b50_lb10_k3_eps0p0025,local_only_offline_aggregate,shot_proportional,5,dj_8_circuit,dj,8,circuit,0.0041810344827585885,0.0041810344827585885,0.0041810344827585885,0.5795,0.51,42050.0,9800.0,1
b50_lb10_k3_eps0p0025,local_only_offline_aggregate,shot_proportional,5,dj_9_circuit,dj,9,circuit,0.004289251893939346,0.004289251893939346,0.004289251893939346,0.472,0.38,52800.0,12400.0,1
b50_lb10_k3_eps0p0025,local_only_offline_aggregate,shot_proportional,5,qaoa_10_circuit,qaoa,10,circuit,0.0,0.0,0.0,0.0,0.0,100000.0,20000.0,1
b50_lb10_k3_eps0p0025,local_only_offline_aggregate,shot_proportional,5,qaoa_11_circuit,qaoa,11,circuit,0.0,0.0,0.0,0.0,0.0,100000.0,20000.0,1
b50_lb10_k3_eps0p0025,local_only_offline_aggregate,shot_proportional,5,qaoa_12_circuit,qaoa,12,circuit,0.0,0.0,0.0,0.0,0.0,100000.0,20000.0,1
b50_lb10_k3_eps0p0025,local_only_offline_aggregate,shot_proportional,5,qaoa_13_circuit,qaoa,13,circuit,0.0,0.0,0.0,0.0,0.0,100000.0,20000.0,1
b50_lb10_k3_eps0p0025,local_only_offline_aggregate,shot_proportional,5,qaoa_14_circuit,qaoa,14,circuit,0.0,0.0,0.0,0.0,0.0,100000.0,20000.0,1
b50_lb10_k3_eps0p0025,local_only_offline_aggregate,shot_proportional,5,qaoa_15_circuit,qaoa,15,circuit,0.0,0.0,0.0,0.0,0.0,100000.0,20000.0,1
b50_lb10_k3_eps0p0025,local_only_offline_aggregate,shot_proportional,5,qaoa_4_circuit,qaoa,4,circuit,0.005798044692737385,0.005798044692737385,0.005798044692737385,0.642,0.6025,35800.0,7950.0,1
b50_lb10_k3_eps0p0025,local_only_offline_aggregate,shot_proportional,5,qaoa_5_circuit,qaoa,5,circuit,0.004258598962194204,0.004258598962194204,0.004258598962194204,0.3255,0.26749999999999996,67450.0,14650.0,1
b50_lb10_k3_eps0p0025,local_only_offline_aggregate,shot_proportional,5,qaoa_6_circuit,qaoa,6,circuit,0.0010467425025853087,0.0010467425025853087,0.0010467425025853087,0.03300000000000003,0.0,96700.0,20000.0,1
b50_lb10_k3_eps0p0025,local_only_offline_aggregate,shot_proportional,5,qaoa_7_circuit,qaoa,7,circuit,0.0,0.0,0.0,0.0,0.0,100000.0,20000.0,1
b50_lb10_k3_eps0p0025,local_only_offline_aggregate,shot_proportional,5,qaoa_8_circuit,qaoa,8,circuit,0.0,0.0,0.0,0.0,0.0,100000.0,20000.0,1
b50_lb10_k3_eps0p0025,local_only_offline_aggregate,shot_proportional,5,qaoa_9_circuit,qaoa,9,circuit,0.0,0.0,0.0,0.0,0.0,100000.0,20000.0,1
b50_lb10_k3_eps0p0025,local_only_offline_aggregate,shot_proportional,5,qft_10_circuit,qft,10,circuit,0.0,0.0,0.0,0.0,0.0,100000.0,20000.0,1
b50_lb10_k3_eps0p0025,local_only_offline_aggregate,shot_proportional,5,qft_11_circuit,qft,11,circuit,0.0,0.0,0.0,0.0,0.0,100000.0,20000.0,1
b50_lb10_k3_eps0p0025,local_only_offline_aggregate,shot_proportional,5,qft_12_circuit,qft,12,circuit,0.0,0.0,0.0,0.0,0.0,100000.0,20000.0,1
b50_lb10_k3_eps0p0025,local_only_offline_aggregate,shot_proportional,5,qft_13_circuit,qft,13,circuit,0.0,0.0,0.0,0.0,0.0,100000.0,20000.0,1
b50_lb10_k3_eps0p0025,local_only_offline_aggregate,shot_proportional,5,qft_14_circuit,qft,14,circuit,0.0,0.0,0.0,0.0,0.0,100000.0,20000.0,1
b50_lb10_k3_eps0p0025,local_only_offline_aggregate,shot_proportional,5,qft_15_circuit,qft,15,circuit,0.0,0.0,0.0,0.0,0.0,100000.0,20000.0,1
b50_lb10_k3_eps0p0025,local_only_offline_aggregate,shot_proportional,5,qft_4_circuit,qft,4,circuit,0.005602798165137583,0.005602798165137583,0.005602798165137583,0.45499999999999996,0.39249999999999996,54500.0,12150.0,1
b50_lb10_k3_eps0p0025,local_only_offline_aggregate,shot_proportional,5,qft_5_circuit,qft,5,circuit,0.0028936277249860393,0.0028936277249860393,0.0028936277249860393,0.10550000000000004,0.07999999999999996,89450.0,18400.0,1
b50_lb10_k3_eps0p0025,local_only_offline_aggregate,shot_proportional,5,qft_6_circuit,qft,6,circuit,0.0,0.0,0.0,0.0,0.0,100000.0,20000.0,1
b50_lb10_k3_eps0p0025,local_only_offline_aggregate,shot_proportional,5,qft_7_circuit,qft,7,circuit,0.0,0.0,0.0,0.0,0.0,100000.0,20000.0,1
b50_lb10_k3_eps0p0025,local_only_offline_aggregate,shot_proportional,5,qft_8_circuit,qft,8,circuit,0.0,0.0,0.0,0.0,0.0,100000.0,20000.0,1
b50_lb10_k3_eps0p0025,local_only_offline_aggregate,shot_proportional,5,qft_9_circuit,qft,9,circuit,0.0,0.0,0.0,0.0,0.0,100000.0,20000.0,1
b50_lb10_k3_eps0p0025,local_only_offline_aggregate,shot_proportional,5,qnn_10_circuit,qnn,10,circuit,0.0,0.0,0.0,0.0,0.0,100000.0,20000.0,1
b50_lb10_k3_eps0p0025,local_only_offline_aggregate,shot_proportional,5,qnn_11_circuit,qnn,11,circuit,0.0,0.0,0.0,0.0,0.0,100000.0,20000.0,1
b50_lb10_k3_eps0p0025,local_only_offline_aggregate,shot_proportional,5,qnn_12_circuit,qnn,12,circuit,0.0,0.0,0.0,0.0,0.0,100000.0,20000.0,1
b50_lb10_k3_eps0p0025,local_only_offline_aggregate,shot_proportional,5,qnn_13_circuit,qnn,13,circuit,0.0,0.0,0.0,0.0,0.0,100000.0,20000.0,1
b50_lb10_k3_eps0p0025,local_only_offline_aggregate,shot_proportional,5,qnn_14_circuit,qnn,14,circuit,0.0,0.0,0.0,0.0,0.0,100000.0,20000.0,1
b50_lb10_k3_eps0p0025,local_only_offline_aggregate,shot_proportional,5,qnn_15_circuit,qnn,15,circuit,0.0,0.0,0.0,0.0,0.0,100000.0,20000.0,1
b50_lb10_k3_eps0p0025,local_only_offline_aggregate,shot_proportional,5,qnn_4_circuit,qnn,4,circuit,0.0057317560462671275,0.0057317560462671275,0.0057317560462671275,0.5245,0.44499999999999995,47550.0,11100.0,1
b50_lb10_k3_eps0p0025,local_only_offline_aggregate,shot_proportional,5,qnn_5_circuit,qnn,5,circuit,0.0023659904534606094,0.0023659904534606094,0.0023659904534606094,0.16200000000000003,0.11499999999999999,83800.0,17700.0,1
b50_lb10_k3_eps0p0025,local_only_offline_aggregate,shot_proportional,5,qnn_6_circuit,qnn,6,circuit,0.0,0.0,0.0,0.0,0.0,100000.0,20000.0,1
b50_lb10_k3_eps0p0025,local_only_offline_aggregate,shot_proportional,5,qnn_7_circuit,qnn,7,circuit,0.0,0.0,0.0,0.0,0.0,100000.0,20000.0,1
b50_lb10_k3_eps0p0025,local_only_offline_aggregate,shot_proportional,5,qnn_8_circuit,qnn,8,circuit,0.0,0.0,0.0,0.0,0.0,100000.0,20000.0,1
b50_lb10_k3_eps0p0025,local_only_offline_aggregate,shot_proportional,5,qnn_9_circuit,qnn,9,circuit,0.0,0.0,0.0,0.0,0.0,100000.0,20000.0,1
b50_lb10_k3_eps0p0025,local_only_offline_aggregate,shot_proportional,5,random_10_circuit,random,10,circuit,0.0,0.0,0.0,0.0,0.0,100000.0,20000.0,1
b50_lb10_k3_eps0p0025,local_only_offline_aggregate,shot_proportional,5,random_11_circuit,random,11,circuit,0.0,0.0,0.0,0.0,0.0,100000.0,20000.0,1
b50_lb10_k3_eps0p0025,local_only_offline_aggregate,shot_proportional,5,random_12_circuit,random,12,circuit,0.0,0.0,0.0,0.0,0.0,100000.0,20000.0,1
b50_lb10_k3_eps0p0025,local_only_offline_aggregate,shot_proportional,5,random_13_circuit,random,13,circuit,0.0,0.0,0.0,0.0,0.0,100000.0,20000.0,1
b50_lb10_k3_eps0p0025,local_only_offline_aggregate,shot_proportional,5,random_14_circuit,random,14,circuit,0.0,0.0,0.0,0.0,0.0,100000.0,20000.0,1
b50_lb10_k3_eps0p0025,local_only_offline_aggregate,shot_proportional,5,random_15_circuit,random,15,circuit,0.0,0.0,0.0,0.0,0.0,100000.0,20000.0,1
b50_lb10_k3_eps0p0025,local_only_offline_aggregate,shot_proportional,5,random_4_circuit,random,4,circuit,0.0036763657957244542,0.0036763657957244542,0.0036763657957244542,0.579,0.495,42100.0,10100.0,1
b50_lb10_k3_eps0p0025,local_only_offline_aggregate,shot_proportional,5,random_5_circuit,random,5,circuit,0.0028140105740180844,0.0028140105740180844,0.0028140105740180844,0.33799999999999997,0.275,66200.0,14500.0,1
b50_lb10_k3_eps0p0025,local_only_offline_aggregate,shot_proportional,5,random_6_circuit,random,6,circuit,0.0,0.0,0.0,0.0,0.0,100000.0,20000.0,1
b50_lb10_k3_eps0p0025,local_only_offline_aggregate,shot_proportional,5,random_7_circuit,random,7,circuit,0.0,0.0,0.0,0.0,0.0,100000.0,20000.0,1
b50_lb10_k3_eps0p0025,local_only_offline_aggregate,shot_proportional,5,random_8_circuit,random,8,circuit,0.0,0.0,0.0,0.0,0.0,100000.0,20000.0,1
b50_lb10_k3_eps0p0025,local_only_offline_aggregate,shot_proportional,5,random_9_circuit,random,9,circuit,0.0,0.0,0.0,0.0,0.0,100000.0,20000.0,1
b50_lb10_k3_eps0p0025,local_only_offline_aggregate,shot_proportional,5,vqe_10_circuit,vqe,10,circuit,0.004357526525199017,0.004357526525199017,0.004357526525199017,0.246,0.13249999999999995,75400.0,17350.0,1
b50_lb10_k3_eps0p0025,local_only_offline_aggregate,shot_proportional,5,vqe_11_circuit,vqe,11,circuit,0.003180657894736758,0.003180657894736758,0.003180657894736758,0.24,0.0,76000.0,20000.0,1
b50_lb10_k3_eps0p0025,local_only_offline_aggregate,shot_proportional,5,vqe_12_circuit,vqe,12,circuit,0.0028166768478925432,0.0028166768478925432,0.0028166768478925432,0.1815,0.0,81850.0,20000.0,1
b50_lb10_k3_eps0p0025,local_only_offline_aggregate,shot_proportional,5,vqe_13_circuit,vqe,13,circuit,0.0011552631578947373,0.0011552631578947373,0.0011552631578947373,0.050000000000000044,0.0,95000.0,20000.0,1
b50_lb10_k3_eps0p0025,local_only_offline_aggregate,shot_proportional,5,vqe_14_circuit,vqe,14,circuit,0.00038120300751878284,0.00038120300751878284,0.00038120300751878284,0.0024999999999999467,0.0,99750.0,20000.0,1
b50_lb10_k3_eps0p0025,local_only_offline_aggregate,shot_proportional,5,vqe_15_circuit,vqe,15,circuit,0.0,0.0,0.0,0.0,0.0,100000.0,20000.0,1
b50_lb10_k3_eps0p0025,local_only_offline_aggregate,shot_proportional,5,vqe_4_circuit,vqe,4,circuit,0.0027596551724137774,0.0027596551724137774,0.0027596551724137774,0.855,0.8200000000000001,14500.0,3600.0,1
b50_lb10_k3_eps0p0025,local_only_offline_aggregate,shot_proportional,5,vqe_5_circuit,vqe,5,circuit,0.00414606986899565,0.00414606986899565,0.00414606986899565,0.6565,0.6025,34350.0,7950.0,1
b50_lb10_k3_eps0p0025,local_only_offline_aggregate,shot_proportional,5,vqe_6_circuit,vqe,6,circuit,0.0027826961770624037,0.0027826961770624037,0.0027826961770624037,0.7515000000000001,0.7025,24850.0,5950.0,1
b50_lb10_k3_eps0p0025,local_only_offline_aggregate,shot_proportional,5,vqe_7_circuit,vqe,7,circuit,0.0038991535671101044,0.0038991535671101044,0.0038991535671101044,0.5865,0.5125,41350.0,9750.0,1
b50_lb10_k3_eps0p0025,local_only_offline_aggregate,shot_proportional,5,vqe_8_circuit,vqe,8,circuit,0.004525694444444428,0.004525694444444428,0.004525694444444428,0.42400000000000004,0.275,57600.0,14500.0,1
b50_lb10_k3_eps0p0025,local_only_offline_aggregate,shot_proportional,5,vqe_9_circuit,vqe,9,circuit,0.004283005366726272,0.004283005366726272,0.004283005366726272,0.44099999999999995,0.3075,55900.0,13850.0,1
b50_lb10_k3_eps0p0025,local_only_offline_aggregate,uniform,1,dj_10_circuit,dj,10,circuit,0.008150000000000003,0.011255426902753341,0.011695962732919283,0.25,0.25,15000.0,15000.0,5
b50_lb10_k3_eps0p0025,local_only_offline_aggregate,uniform,1,dj_11_circuit,dj,11,circuit,0.005184507042253505,0.011879011316259654,0.01200869565217388,0.11250000000000004,0.11250000000000004,17750.0,17750.0,5
b50_lb10_k3_eps0p0025,local_only_offline_aggregate,uniform,1,dj_12_circuit,dj,12,circuit,0.0055946236559139655,0.010508623966516856,0.01079708737864077,0.06999999999999995,0.06999999999999995,18600.0,18600.0,5
b50_lb10_k3_eps0p0025,local_only_offline_aggregate,uniform,1,dj_13_circuit,dj,13,circuit,0.0,0.008897495264314452,0.008918858131487946,0.0,0.0,20000.0,20000.0,5
b50_lb10_k3_eps0p0025,local_only_offline_aggregate,uniform,1,dj_14_circuit,dj,14,circuit,0.0,0.009606456180635308,0.009797435897435921,0.0,0.0,20000.0,20000.0,5
b50_lb10_k3_eps0p0025,local_only_offline_aggregate,uniform,1,dj_15_circuit,dj,15,circuit,0.0,0.008200707610146853,0.008759813084112148,0.0,0.0,20000.0,20000.0,5
b50_lb10_k3_eps0p0025,local_only_offline_aggregate,uniform,1,dj_4_circuit,dj,4,circuit,0.0054188679245283505,0.008252727272727281,0.008931818181818188,0.87,0.87,2600.0,2600.0,5
b50_lb10_k3_eps0p0025,local_only_offline_aggregate,uniform,1,dj_5_circuit,dj,5,circuit,0.005141803278688479,0.006465670307845096,0.006660377358490575,0.8325,0.8325,3350.0,3350.0,5
b50_lb10_k3_eps0p0025,local_only_offline_aggregate,uniform,1,dj_6_circuit,dj,6,circuit,0.008426923076923108,0.010434561650257827,0.01091851851851848,0.74,0.74,5200.0,5200.0,5
b50_lb10_k3_eps0p0025,local_only_offline_aggregate,uniform,1,dj_7_circuit,dj,7,circuit,0.008615662650602395,0.011007743043627633,0.011417073170731725,0.645,0.645,7100.0,7100.0,5
b50_lb10_k3_eps0p0025,local_only_offline_aggregate,uniform,1,dj_8_circuit,dj,8,circuit,0.009708064516129,0.01158413265306125,0.011952040816326557,0.5349999999999999,0.5349999999999999,9300.0,9300.0,5
b50_lb10_k3_eps0p0025,local_only_offline_aggregate,uniform,1,dj_9_circuit,dj,9,circuit,0.010468047337278134,0.011237973884039477,0.011334426229508216,0.4225,0.4225,11550.0,11550.0,5
b50_lb10_k3_eps0p0025,local_only_offline_aggregate,uniform,1,qaoa_10_circuit,qaoa,10,circuit,0.0,0.0,0.0,0.0,0.0,20000.0,20000.0,5
b50_lb10_k3_eps0p0025,local_only_offline_aggregate,uniform,1,qaoa_11_circuit,qaoa,11,circuit,0.0,0.0,0.0,0.0,0.0,20000.0,20000.0,5
b50_lb10_k3_eps0p0025,local_only_offline_aggregate,uniform,1,qaoa_12_circuit,qaoa,12,circuit,0.0,0.0,0.0,0.0,0.0,20000.0,20000.0,5
b50_lb10_k3_eps0p0025,local_only_offline_aggregate,uniform,1,qaoa_13_circuit,qaoa,13,circuit,0.0,0.0,0.0,0.0,0.0,20000.0,20000.0,5
b50_lb10_k3_eps0p0025,local_only_offline_aggregate,uniform,1,qaoa_14_circuit,qaoa,14,circuit,0.0,0.0,0.0,0.0,0.0,20000.0,20000.0,5
b50_lb10_k3_eps0p0025,local_only_offline_aggregate,uniform,1,qaoa_15_circuit,qaoa,15,circuit,0.0,0.0,0.0,0.0,0.0,20000.0,20000.0,5
b50_lb10_k3_eps0p0025,local_only_offline_aggregate,uniform,1,qaoa_4_circuit,qaoa,4,circuit,0.00778911564625852,0.009914967234023839,0.00992106918238994,0.6425000000000001,0.6425000000000001,7150.0,7150.0,5
b50_lb10_k3_eps0p0025,local_only_offline_aggregate,uniform,1,qaoa_5_circuit,qaoa,5,circuit,0.007346757679180891,0.010295875169606502,0.010840298507462678,0.29500000000000004,0.29500000000000004,14100.0,14100.0,5
b50_lb10_k3_eps0p0025,local_only_offline_aggregate,uniform,1,qaoa_6_circuit,qaoa,6,circuit,0.0,0.004558170586837729,0.004593478260869563,0.0,0.0,20000.0,20000.0,5
b50_lb10_k3_eps0p0025,local_only_offline_aggregate,uniform,1,qaoa_7_circuit,qaoa,7,circuit,0.0,0.0,0.0,0.0,0.0,20000.0,20000.0,5
b50_lb10_k3_eps0p0025,local_only_offline_aggregate,uniform,1,qaoa_8_circuit,qaoa,8,circuit,0.0,0.0,0.0,0.0,0.0,20000.0,20000.0,5
b50_lb10_k3_eps0p0025,local_only_offline_aggregate,uniform,1,qaoa_9_circuit,qaoa,9,circuit,0.0,0.0,0.0,0.0,0.0,20000.0,20000.0,5
b50_lb10_k3_eps0p0025,local_only_offline_aggregate,uniform,1,qft_10_circuit,qft,10,circuit,0.0,0.0,0.0,0.0,0.0,20000.0,20000.0,5
b50_lb10_k3_eps0p0025,local_only_offline_aggregate,uniform,1,qft_11_circuit,qft,11,circuit,0.0,0.0,0.0,0.0,0.0,20000.0,20000.0,5
b50_lb10_k3_eps0p0025,local_only_offline_aggregate,uniform,1,qft_12_circuit,qft,12,circuit,0.0,0.0,0.0,0.0,0.0,20000.0,20000.0,5
b50_lb10_k3_eps0p0025,local_only_offline_aggregate,uniform,1,qft_13_circuit,qft,13,circuit,0.0,0.0,0.0,0.0,0.0,20000.0,20000.0,5
b50_lb10_k3_eps0p0025,local_only_offline_aggregate,uniform,1,qft_14_circuit,qft,14,circuit,0.0,0.0,0.0,0.0,0.0,20000.0,20000.0,5
b50_lb10_k3_eps0p0025,local_only_offline_aggregate,uniform,1,qft_15_circuit,qft,15,circuit,0.0,0.0,0.0,0.0,0.0,20000.0,20000.0,5
b50_lb10_k3_eps0p0025,local_only_offline_aggregate,uniform,1,qft_4_circuit,qft,4,circuit,0.010529735682819372,0.011147682843472322,0.011270129870129878,0.4325,0.4325,11350.0,11350.0,5
b50_lb10_k3_eps0p0025,local_only_offline_aggregate,uniform,1,qft_5_circuit,qft,5,circuit,0.006196408839778997,0.007241449275362313,0.007426811594202895,0.09499999999999997,0.09499999999999997,18100.0,18100.0,5
b50_lb10_k3_eps0p0025,local_only_offline_aggregate,uniform,1,qft_6_circuit,qft,6,circuit,0.0,0.0,0.0,0.0,0.0,20000.0,20000.0,5
b50_lb10_k3_eps0p0025,local_only_offline_aggregate,uniform,1,qft_7_circuit,qft,7,circuit,0.0,0.0,0.0,0.0,0.0,20000.0,20000.0,5
b50_lb10_k3_eps0p0025,local_only_offline_aggregate,uniform,1,qft_8_circuit,qft,8,circuit,0.0,0.0,0.0,0.0,0.0,20000.0,20000.0,5
b50_lb10_k3_eps0p0025,local_only_offline_aggregate,uniform,1,qft_9_circuit,qft,9,circuit,0.0,0.0,0.0,0.0,0.0,20000.0,20000.0,5
b50_lb10_k3_eps0p0025,local_only_offline_aggregate,uniform,1,qnn_10_circuit,qnn,10,circuit,0.0,0.0,0.0,0.0,0.0,20000.0,20000.0,5
b50_lb10_k3_eps0p0025,local_only_offline_aggregate,uniform,1,qnn_11_circuit,qnn,11,circuit,0.0,0.0,0.0,0.0,0.0,20000.0,20000.0,5
b50_lb10_k3_eps0p0025,local_only_offline_aggregate,uniform,1,qnn_12_circuit,qnn,12,circuit,0.0,0.0,0.0,0.0,0.0,20000.0,20000.0,5
b50_lb10_k3_eps0p0025,local_only_offline_aggregate,uniform,1,qnn_13_circuit,qnn,13,circuit,0.0,0.0,0.0,0.0,0.0,20000.0,20000.0,5
b50_lb10_k3_eps0p0025,local_only_offline_aggregate,uniform,1,qnn_14_circuit,qnn,14,circuit,0.0,0.0,0.0,0.0,0.0,20000.0,20000.0,5
b50_lb10_k3_eps0p0025,local_only_offline_aggregate,uniform,1,qnn_15_circuit,qnn,15,circuit,0.0,0.0,0.0,0.0,0.0,20000.0,20000.0,5
b50_lb10_k3_eps0p0025,local_only_offline_aggregate,uniform,1,qnn_4_circuit,qnn,4,circuit,0.009510992907801429,0.014031918906176324,0.014823809523809517,0.495,0.495,10100.0,10100.0,5
b50_lb10_k3_eps0p0025,local_only_offline_aggregate,uniform,1,qnn_5_circuit,qnn,5,circuit,0.005893657817109153,0.0071281576893052374,0.00725245901639345,0.15249999999999997,0.15249999999999997,16950.0,16950.0,5
b50_lb10_k3_eps0p0025,local_only_offline_aggregate,uniform,1,qnn_6_circuit,qnn,6,circuit,0.0,0.0,0.0,0.0,0.0,20000.0,20000.0,5
b50_lb10_k3_eps0p0025,local_only_offline_aggregate,uniform,1,qnn_7_circuit,qnn,7,circuit,0.0,0.0,0.0,0.0,0.0,20000.0,20000.0,5
b50_lb10_k3_eps0p0025,local_only_offline_aggregate,uniform,1,qnn_8_circuit,qnn,8,circuit,0.0,0.0,0.0,0.0,0.0,20000.0,20000.0,5
b50_lb10_k3_eps0p0025,local_only_offline_aggregate,uniform,1,qnn_9_circuit,qnn,9,circuit,0.0,0.0,0.0,0.0,0.0,20000.0,20000.0,5
b50_lb10_k3_eps0p0025,local_only_offline_aggregate,uniform,1,random_10_circuit,random,10,circuit,0.0,0.0,0.0,0.0,0.0,20000.0,20000.0,5
b50_lb10_k3_eps0p0025,local_only_offline_aggregate,uniform,1,random_11_circuit,random,11,circuit,0.0,0.0,0.0,0.0,0.0,20000.0,20000.0,5
b50_lb10_k3_eps0p0025,local_only_offline_aggregate,uniform,1,random_12_circuit,random,12,circuit,0.0,0.0,0.0,0.0,0.0,20000.0,20000.0,5
b50_lb10_k3_eps0p0025,local_only_offline_aggregate,uniform,1,random_13_circuit,random,13,circuit,0.0,0.0,0.0,0.0,0.0,20000.0,20000.0,5
b50_lb10_k3_eps0p0025,local_only_offline_aggregate,uniform,1,random_14_circuit,random,14,circuit,0.0,0.0,0.0,0.0,0.0,20000.0,20000.0,5
b50_lb10_k3_eps0p0025,local_only_offline_aggregate,uniform,1,random_15_circuit,random,15,circuit,0.0,0.0,0.0,0.0,0.0,20000.0,20000.0,5
b50_lb10_k3_eps0p0025,local_only_offline_aggregate,uniform,1,random_4_circuit,random,4,circuit,0.00711980198019802,0.01403505285695169,0.015094680851063828,0.5925,0.5925,8150.0,8150.0,5
b50_lb10_k3_eps0p0025,local_only_offline_aggregate,uniform,1,random_5_circuit,random,5,circuit,0.0070052995391704865,0.008251457955232909,0.00840862068965517,0.3075,0.3075,13850.0,13850.0,5
b50_lb10_k3_eps0p0025,local_only_offline_aggregate,uniform,1,random_6_circuit,random,6,circuit,0.0,0.0,0.0,0.0,0.0,20000.0,20000.0,5
b50_lb10_k3_eps0p0025,local_only_offline_aggregate,uniform,1,random_7_circuit,random,7,circuit,0.0,0.0,0.0,0.0,0.0,20000.0,20000.0,5
b50_lb10_k3_eps0p0025,local_only_offline_aggregate,uniform,1,random_8_circuit,random,8,circuit,0.0,0.0,0.0,0.0,0.0,20000.0,20000.0,5
b50_lb10_k3_eps0p0025,local_only_offline_aggregate,uniform,1,random_9_circuit,random,9,circuit,0.0,0.0,0.0,0.0,0.0,20000.0,20000.0,5
b50_lb10_k3_eps0p0025,local_only_offline_aggregate,uniform,1,vqe_10_circuit,vqe,10,circuit,0.007906340057636858,0.010540694980694954,0.010851544401544358,0.16749999999999998,0.16749999999999998,16650.0,16650.0,5
b50_lb10_k3_eps0p0025,local_only_offline_aggregate,uniform,1,vqe_11_circuit,vqe,11,circuit,0.006273988439306386,0.010891084529505626,0.011084688995215366,0.135,0.135,17300.0,17300.0,5
b50_lb10_k3_eps0p0025,local_only_offline_aggregate,uniform,1,vqe_12_circuit,vqe,12,circuit,0.006890350877192961,0.01068012231431563,0.011154651162790722,0.14500000000000002,0.14500000000000002,17100.0,17100.0,5
b50_lb10_k3_eps0p0025,local_only_offline_aggregate,uniform,1,vqe_13_circuit,vqe,13,circuit,0.0,0.00585333333333332,0.007316666666666651,0.0,0.0,20000.0,20000.0,5
b50_lb10_k3_eps0p0025,local_only_offline_aggregate,uniform,1,vqe_14_circuit,vqe,14,circuit,0.0,0.001540253164556963,0.0019253164556962041,0.0,0.0,20000.0,20000.0,5
b50_lb10_k3_eps0p0025,local_only_offline_aggregate,uniform,1,vqe_15_circuit,vqe,15,circuit,0.0,0.0,0.0,0.0,0.0,20000.0,20000.0,5
b50_lb10_k3_eps0p0025,local_only_offline_aggregate,uniform,1,vqe_4_circuit,vqe,4,circuit,0.005539552238805997,0.006149956709956668,0.006213636363636312,0.8375,0.8375,3250.0,3250.0,5
b50_lb10_k3_eps0p0025,local_only_offline_aggregate,uniform,1,vqe_5_circuit,vqe,5,circuit,0.008446581196581177,0.010243529766520244,0.010460062893081807,0.6599999999999999,0.6599999999999999,6800.0,6800.0,5
b50_lb10_k3_eps0p0025,local_only_offline_aggregate,uniform,1,vqe_6_circuit,vqe,6,circuit,0.006804878048780457,0.007747487684729081,0.007887931034482782,0.725,0.725,5500.0,5500.0,5
b50_lb10_k3_eps0p0025,local_only_offline_aggregate,uniform,1,vqe_7_circuit,vqe,7,circuit,0.007410256410256376,0.009692878787878795,0.010084848484848488,0.5875,0.5875,8250.0,8250.0,5
b50_lb10_k3_eps0p0025,local_only_offline_aggregate,uniform,1,vqe_8_circuit,vqe,8,circuit,0.008984482758620717,0.012574086148982425,0.01288809523809525,0.39749999999999996,0.39749999999999996,12050.0,12050.0,5
b50_lb10_k3_eps0p0025,local_only_offline_aggregate,uniform,1,vqe_9_circuit,vqe,9,circuit,0.009240909090909103,0.013757113752122258,0.013866129032258081,0.38,0.38,12400.0,12400.0,5
b50_lb10_k3_eps0p0025,local_only_offline_aggregate,uniform,2,dj_10_circuit,dj,10,circuit,0.006031856583673426,0.007711215563667052,0.007975302937926337,0.35750000000000004,0.18500000000000005,25700.0,16300.0,10
b50_lb10_k3_eps0p0025,local_only_offline_aggregate,uniform,2,dj_11_circuit,dj,11,circuit,0.006188143837961256,0.00854860457264131,0.009842808219178094,0.24124999999999996,0.04749999999999999,30350.0,19050.0,10
b50_lb10_k3_eps0p0025,local_only_offline_aggregate,uniform,2,dj_12_circuit,dj,12,circuit,0.005385525121760406,0.007175559175782804,0.007444672201447699,0.17875000000000002,0.06000000000000005,32850.0,18800.0,10
b50_lb10_k3_eps0p0025,local_only_offline_aggregate,uniform,2,dj_13_circuit,dj,13,circuit,0.004406021897810241,0.00516236443310692,0.00573749337004022,0.13875000000000004,0.0,34450.0,20000.0,10
b50_lb10_k3_eps0p0025,local_only_offline_aggregate,uniform,2,dj_14_circuit,dj,14,circuit,0.0044212686567164546,0.005732695177956381,0.006415040183696933,0.10999999999999999,0.0,35600.0,20000.0,10
b50_lb10_k3_eps0p0025,local_only_offline_aggregate,uniform,2,dj_15_circuit,dj,15,circuit,0.0029821428571428416,0.005288171450823354,0.00603129728526929,0.0625,0.0,37500.0,20000.0,10
b50_lb10_k3_eps0p0025,local_only_offline_aggregate,uniform,2,dj_4_circuit,dj,4,circuit,0.0044231152495303565,0.005728200400228709,0.0059651515151515275,0.881875,0.8674999999999999,4725.0,2650.0,10
b50_lb10_k3_eps0p0025,local_only_offline_aggregate,uniform,2,dj_5_circuit,dj,5,circuit,0.003407204325653853,0.005008520092955876,0.00536362959285009,0.83125,0.81,6750.0,3800.0,10
b50_lb10_k3_eps0p0025,local_only_offline_aggregate,uniform,2,dj_6_circuit,dj,6,circuit,0.005403949835911858,0.007089211475350724,0.007452062822316008,0.750625,0.73,9975.0,5400.0,10
b50_lb10_k3_eps0p0025,local_only_offline_aggregate,uniform,2,dj_7_circuit,dj,7,circuit,0.005948905894964277,0.007318709374959233,0.007655935473911719,0.6475,0.5900000000000001,14100.0,8200.0,10
b50_lb10_k3_eps0p0025,local_only_offline_aggregate,uniform,2,dj_8_circuit,dj,8,circuit,0.006457279922458468,0.007951785714285741,0.008711290322580686,0.585,0.52,16600.0,9600.0,10
b50_lb10_k3_eps0p0025,local_only_offline_aggregate,uniform,2,dj_9_circuit,dj,9,circuit,0.0067306428535667435,0.008030360366829456,0.008304495777446576,0.484375,0.39,20625.0,12200.0,10
b50_lb10_k3_eps0p0025,local_only_offline_aggregate,uniform,2,qaoa_10_circuit,qaoa,10,circuit,0.0,0.0,0.0,0.0,0.0,40000.0,20000.0,10
b50_lb10_k3_eps0p0025,local_only_offline_aggregate,uniform,2,qaoa_11_circuit,qaoa,11,circuit,0.0,0.0,0.0,0.0,0.0,40000.0,20000.0,10
b50_lb10_k3_eps0p0025,local_only_offline_aggregate,uniform,2,qaoa_12_circuit,qaoa,12,circuit,0.0,0.0,0.0,0.0,0.0,40000.0,20000.0,10
b50_lb10_k3_eps0p0025,local_only_offline_aggregate,uniform,2,qaoa_13_circuit,qaoa,13,circuit,0.0,0.0,0.0,0.0,0.0,40000.0,20000.0,10
b50_lb10_k3_eps0p0025,local_only_offline_aggregate,uniform,2,qaoa_14_circuit,qaoa,14,circuit,0.0,0.0,0.0,0.0,0.0,40000.0,20000.0,10
b50_lb10_k3_eps0p0025,local_only_offline_aggregate,uniform,2,qaoa_15_circuit,qaoa,15,circuit,0.0,0.0,0.0,0.0,0.0,40000.0,20000.0,10
b50_lb10_k3_eps0p0025,local_only_offline_aggregate,uniform,2,qaoa_4_circuit,qaoa,4,circuit,0.006892185403190393,0.008907071594661812,0.009521006509214051,0.641875,0.6325000000000001,14325.0,7350.0,10
b50_lb10_k3_eps0p0025,local_only_offline_aggregate,uniform,2,qaoa_5_circuit,qaoa,5,circuit,0.005821642984674906,0.007183426051560376,0.00721865671641791,0.31,0.28500000000000003,27600.0,14300.0,10
b50_lb10_k3_eps0p0025,local_only_offline_aggregate,uniform,2,qaoa_6_circuit,qaoa,6,circuit,0.002208469945355214,0.002549599964362077,0.0027564861012116756,0.040000000000000036,0.0,38400.0,20000.0,10
b50_lb10_k3_eps0p0025,local_only_offline_aggregate,uniform,2,qaoa_7_circuit,qaoa,7,circuit,0.0,0.0,0.0,0.0,0.0,40000.0,20000.0,10
b50_lb10_k3_eps0p0025,local_only_offline_aggregate,uniform,2,qaoa_8_circuit,qaoa,8,circuit,0.0,0.0,0.0,0.0,0.0,40000.0,20000.0,10
b50_lb10_k3_eps0p0025,local_only_offline_aggregate,uniform,2,qaoa_9_circuit,qaoa,9,circuit,0.0,0.0,0.0,0.0,0.0,40000.0,20000.0,10
b50_lb10_k3_eps0p0025,local_only_offline_aggregate,uniform,2,qft_10_circuit,qft,10,circuit,0.0,0.0,0.0,0.0,0.0,40000.0,20000.0,10
b50_lb10_k3_eps0p0025,local_only_offline_aggregate,uniform,2,qft_11_circuit,qft,11,circuit,0.0,0.0,0.0,0.0,0.0,40000.0,20000.0,10
b50_lb10_k3_eps0p0025,local_only_offline_aggregate,uniform,2,qft_12_circuit,qft,12,circuit,0.0,0.0,0.0,0.0,0.0,40000.0,20000.0,10
b50_lb10_k3_eps0p0025,local_only_offline_aggregate,uniform,2,qft_13_circuit,qft,13,circuit,0.0,0.0,0.0,0.0,0.0,40000.0,20000.0,10
b50_lb10_k3_eps0p0025,local_only_offline_aggregate,uniform,2,qft_14_circuit,qft,14,circuit,0.0,0.0,0.0,0.0,0.0,40000.0,20000.0,10
b50_lb10_k3_eps0p0025,local_only_offline_aggregate,uniform,2,qft_15_circuit,qft,15,circuit,0.0,0.0,0.0,0.0,0.0,40000.0,20000.0,10
b50_lb10_k3_eps0p0025,local_only_offline_aggregate,uniform,2,qft_4_circuit,qft,4,circuit,0.007770797280206547,0.008940962384821111,0.00911330788139834,0.460625,0.4225,21575.0,11550.0,10
b50_lb10_k3_eps0p0025,local_only_offline_aggregate,uniform,2,qft_5_circuit,qft,5,circuit,0.004223821534378815,0.005366998272765745,0.005743737060041406,0.10812500000000003,0.08999999999999997,35675.0,18200.0,10
b50_lb10_k3_eps0p0025,local_only_offline_aggregate,uniform,2,qft_6_circuit,qft,6,circuit,0.0,0.0,0.0,0.0,0.0,40000.0,20000.0,10
b50_lb10_k3_eps0p0025,local_only_offline_aggregate,uniform,2,qft_7_circuit,qft,7,circuit,0.0,0.0,0.0,0.0,0.0,40000.0,20000.0,10
b50_lb10_k3_eps0p0025,local_only_offline_aggregate,uniform,2,qft_8_circuit,qft,8,circuit,0.0,0.0,0.0,0.0,0.0,40000.0,20000.0,10
b50_lb10_k3_eps0p0025,local_only_offline_aggregate,uniform,2,qft_9_circuit,qft,9,circuit,0.0,0.0,0.0,0.0,0.0,40000.0,20000.0,10
b50_lb10_k3_eps0p0025,local_only_offline_aggregate,uniform,2,qnn_10_circuit,qnn,10,circuit,0.0,0.0,0.0,0.0,0.0,40000.0,20000.0,10
b50_lb10_k3_eps0p0025,local_only_offline_aggregate,uniform,2,qnn_11_circuit,qnn,11,circuit,0.0,0.0,0.0,0.0,0.0,40000.0,20000.0,10
b50_lb10_k3_eps0p0025,local_only_offline_aggregate,uniform,2,qnn_12_circuit,qnn,12,circuit,0.0,0.0,0.0,0.0,0.0,40000.0,20000.0,10
b50_lb10_k3_eps0p0025,local_only_offline_aggregate,uniform,2,qnn_13_circuit,qnn,13,circuit,0.0,0.0,0.0,0.0,0.0,40000.0,20000.0,10
b50_lb10_k3_eps0p0025,local_only_offline_aggregate,uniform,2,qnn_14_circuit,qnn,14,circuit,0.0,0.0,0.0,0.0,0.0,40000.0,20000.0,10
b50_lb10_k3_eps0p0025,local_only_offline_aggregate,uniform,2,qnn_15_circuit,qnn,15,circuit,0.0,0.0,0.0,0.0,0.0,40000.0,20000.0,10
b50_lb10_k3_eps0p0025,local_only_offline_aggregate,uniform,2,qnn_4_circuit,qnn,4,circuit,0.00788281333056971,0.010007819412260364,0.010361032531824606,0.5275000000000001,0.45499999999999996,18900.0,10900.0,10
b50_lb10_k3_eps0p0025,local_only_offline_aggregate,uniform,2,qnn_5_circuit,qnn,5,circuit,0.004147897716355397,0.004900235732774556,0.0050800936768149885,0.15437499999999998,0.14500000000000002,33825.0,17100.0,10
b50_lb10_k3_eps0p0025,local_only_offline_aggregate,uniform,2,qnn_6_circuit,qnn,6,circuit,0.0,0.0,0.0,0.0,0.0,40000.0,20000.0,10
b50_lb10_k3_eps0p0025,local_only_offline_aggregate,uniform,2,qnn_7_circuit,qnn,7,circuit,0.0,0.0,0.0,0.0,0.0,40000.0,20000.0,10
b50_lb10_k3_eps0p0025,local_only_offline_aggregate,uniform,2,qnn_8_circuit,qnn,8,circuit,0.0,0.0,0.0,0.0,0.0,40000.0,20000.0,10
b50_lb10_k3_eps0p0025,local_only_offline_aggregate,uniform,2,qnn_9_circuit,qnn,9,circuit,0.0,0.0,0.0,0.0,0.0,40000.0,20000.0,10
b50_lb10_k3_eps0p0025,local_only_offline_aggregate,uniform,2,random_10_circuit,random,10,circuit,0.0,0.0,0.0,0.0,0.0,40000.0,20000.0,10
b50_lb10_k3_eps0p0025,local_only_offline_aggregate,uniform,2,random_11_circuit,random,11,circuit,0.0,0.0,0.0,0.0,0.0,40000.0,20000.0,10
b50_lb10_k3_eps0p0025,local_only_offline_aggregate,uniform,2,random_12_circuit,random,12,circuit,0.0,0.0,0.0,0.0,0.0,40000.0,20000.0,10
b50_lb10_k3_eps0p0025,local_only_offline_aggregate,uniform,2,random_13_circuit,random,13,circuit,0.0,0.0,0.0,0.0,0.0,40000.0,20000.0,10
b50_lb10_k3_eps0p0025,local_only_offline_aggregate,uniform,2,random_14_circuit,random,14,circuit,0.0,0.0,0.0,0.0,0.0,40000.0,20000.0,10
b50_lb10_k3_eps0p0025,local_only_offline_aggregate,uniform,2,random_15_circuit,random,15,circuit,0.0,0.0,0.0,0.0,0.0,40000.0,20000.0,10
b50_lb10_k3_eps0p0025,local_only_offline_aggregate,uniform,2,random_4_circuit,random,4,circuit,0.005893204430058007,0.00811215532980877,0.008704680181988476,0.5775,0.5575,16900.0,8850.0,10
b50_lb10_k3_eps0p0025,local_only_offline_aggregate,uniform,2,random_5_circuit,random,5,circuit,0.004814633660399973,0.005222610401448847,0.005243437152391527,0.32999999999999996,0.2875,26800.0,14250.0,10
b50_lb10_k3_eps0p0025,local_only_offline_aggregate,uniform,2,random_6_circuit,random,6,circuit,0.0,0.0,0.0,0.0,0.0,40000.0,20000.0,10
b50_lb10_k3_eps0p0025,local_only_offline_aggregate,uniform,2,random_7_circuit,random,7,circuit,0.0,0.0,0.0,0.0,0.0,40000.0,20000.0,10
b50_lb10_k3_eps0p0025,local_only_offline_aggregate,uniform,2,random_8_circuit,random,8,circuit,0.0,0.0,0.0,0.0,0.0,40000.0,20000.0,10
b50_lb10_k3_eps0p0025,local_only_offline_aggregate,uniform,2,random_9_circuit,random,9,circuit,0.0,0.0,0.0,0.0,0.0,40000.0,20000.0,10
b50_lb10_k3_eps0p0025,local_only_offline_aggregate,uniform,2,vqe_10_circuit,vqe,10,circuit,0.006145067330540398,0.007879794813854608,0.00836751394251394,0.2575,0.15749999999999997,29700.0,16850.0,10
b50_lb10_k3_eps0p0025,local_only_offline_aggregate,uniform,2,vqe_11_circuit,vqe,11,circuit,0.005870524348893209,0.007207786199767696,0.0073889354066985725,0.26625,0.0675,29350.0,18650.0,10
b50_lb10_k3_eps0p0025,local_only_offline_aggregate,uniform,2,vqe_12_circuit,vqe,12,circuit,0.0052475051255856334,0.007044935105225003,0.007525875110646141,0.18062500000000004,0.022499999999999964,32775.0,19550.0,10
b50_lb10_k3_eps0p0025,local_only_offline_aggregate,uniform,2,vqe_13_circuit,vqe,13,circuit,0.0,0.003658333333333339,0.003658333333333345,0.0,0.0,40000.0,20000.0,10
b50_lb10_k3_eps0p0025,local_only_offline_aggregate,uniform,2,vqe_14_circuit,vqe,14,circuit,0.0,0.0009626582278481046,0.0009626582278481076,0.0,0.0,40000.0,20000.0,10
b50_lb10_k3_eps0p0025,local_only_offline_aggregate,uniform,2,vqe_15_circuit,vqe,15,circuit,0.0,0.0,0.0,0.0,0.0,40000.0,20000.0,10
b50_lb10_k3_eps0p0025,local_only_offline_aggregate,uniform,2,vqe_4_circuit,vqe,4,circuit,0.004064845208688444,0.004646062409812386,0.004663383838383841,0.859375,0.8325,5625.0,3350.0,10
b50_lb10_k3_eps0p0025,local_only_offline_aggregate,uniform,2,vqe_5_circuit,vqe,5,circuit,0.006196668649938482,0.007726610076829918,0.008313980787455875,0.655625,0.635,13775.0,7300.0,10
b50_lb10_k3_eps0p0025,local_only_offline_aggregate,uniform,2,vqe_6_circuit,vqe,6,circuit,0.004834031637733483,0.005517181263858095,0.005556181665264953,0.75625,0.71,9750.0,5800.0,10
b50_lb10_k3_eps0p0025,local_only_offline_aggregate,uniform,2,vqe_7_circuit,vqe,7,circuit,0.005765938917501406,0.007128290397429804,0.007196590909090922,0.5862499999999999,0.5225,16550.0,9550.0,10
b50_lb10_k3_eps0p0025,local_only_offline_aggregate,uniform,2,vqe_8_circuit,vqe,8,circuit,0.007358923298119258,0.008943297926929392,0.00895386904761905,0.430625,0.34750000000000003,22775.0,13050.0,10
b50_lb10_k3_eps0p0025,local_only_offline_aggregate,uniform,2,vqe_9_circuit,vqe,9,circuit,0.008031426736280354,0.009154637546946554,0.009315629984051067,0.45625,0.31000000000000005,21750.0,13800.0,10
b50_lb10_k3_eps0p0025,local_only_offline_aggregate,uniform,3,dj_10_circuit,dj,10,circuit,0.005063610557187256,0.00613122367891651,0.006268808648270136,0.3308333333333333,0.1775,40150.0,16450.0,10
b50_lb10_k3_eps0p0025,local_only_offline_aggregate,uniform,3,dj_11_circuit,dj,11,circuit,0.00472105503058924,0.006864939746637797,0.006974919212848399,0.1983333333333333,0.040000000000000036,48100.0,19200.0,10
b50_lb10_k3_eps0p0025,local_only_offline_aggregate,uniform,3,dj_12_circuit,dj,12,circuit,0.004450142901800987,0.005639552450552262,0.005871920815745129,0.18333333333333335,0.0,49000.0,20000.0,10
b50_lb10_k3_eps0p0025,local_only_offline_aggregate,uniform,3,dj_13_circuit,dj,13,circuit,0.0029729527104959716,0.0038249955800268034,0.0038249955800268034,0.10499999999999998,0.0,53700.0,20000.0,10
b50_lb10_k3_eps0p0025,local_only_offline_aggregate,uniform,3,dj_14_circuit,dj,14,circuit,0.0032658119658119946,0.00427669345579793,0.0042766934557979305,0.10999999999999999,0.0,53400.0,20000.0,10
b50_lb10_k3_eps0p0025,local_only_offline_aggregate,uniform,3,dj_15_circuit,dj,15,circuit,0.002919937694704024,0.004020864856846148,0.00402086485684617,0.0658333333333333,0.0,56050.0,20000.0,10
b50_lb10_k3_eps0p0025,local_only_offline_aggregate,uniform,3,dj_4_circuit,dj,4,circuit,0.003864036435262847,0.004503584156933177,0.00468189033189029,0.8829166666666667,0.8625,7025.0,2750.0,10
b50_lb10_k3_eps0p0025,local_only_offline_aggregate,uniform,3,dj_5_circuit,dj,5,circuit,0.0026238756929209167,0.0039880824121857105,0.0040411949685534455,0.8316666666666667,0.8,10100.0,4000.0,10
b50_lb10_k3_eps0p0025,local_only_offline_aggregate,uniform,3,dj_6_circuit,dj,6,circuit,0.004582407407407434,0.005665862634786688,0.006012353492733233,0.7445833333333334,0.625,15325.0,7500.0,10
b50_lb10_k3_eps0p0025,local_only_offline_aggregate,uniform,3,dj_7_circuit,dj,7,circuit,0.004761455960212124,0.005881325874313342,0.0059495509670667995,0.6683333333333333,0.585,19900.0,8300.0,10
b50_lb10_k3_eps0p0025,local_only_offline_aggregate,uniform,3,dj_8_circuit,dj,8,circuit,0.005228989747451746,0.006248258394191584,0.006825404140150742,0.5758333333333333,0.51,25450.0,9800.0,10
b50_lb10_k3_eps0p0025,local_only_offline_aggregate,uniform,3,dj_9_circuit,dj,9,circuit,0.005341988665741884,0.006315830893762406,0.006387775236691161,0.46375,0.38,32175.0,12400.0,10
b50_lb10_k3_eps0p0025,local_only_offline_aggregate,uniform,3,qaoa_10_circuit,qaoa,10,circuit,0.0,0.0,0.0,0.0,0.0,60000.0,20000.0,10
b50_lb10_k3_eps0p0025,local_only_offline_aggregate,uniform,3,qaoa_11_circuit,qaoa,11,circuit,0.0,0.0,0.0,0.0,0.0,60000.0,20000.0,10
b50_lb10_k3_eps0p0025,local_only_offline_aggregate,uniform,3,qaoa_12_circuit,qaoa,12,circuit,0.0,0.0,0.0,0.0,0.0,60000.0,20000.0,10
b50_lb10_k3_eps0p0025,local_only_offline_aggregate,uniform,3,qaoa_13_circuit,qaoa,13,circuit,0.0,0.0,0.0,0.0,0.0,60000.0,20000.0,10
b50_lb10_k3_eps0p0025,local_only_offline_aggregate,uniform,3,qaoa_14_circuit,qaoa,14,circuit,0.0,0.0,0.0,0.0,0.0,60000.0,20000.0,10
b50_lb10_k3_eps0p0025,local_only_offline_aggregate,uniform,3,qaoa_15_circuit,qaoa,15,circuit,0.0,0.0,0.0,0.0,0.0,60000.0,20000.0,10
b50_lb10_k3_eps0p0025,local_only_offline_aggregate,uniform,3,qaoa_4_circuit,qaoa,4,circuit,0.006212694380266221,0.008125868553819447,0.00820458404962096,0.6420833333333333,0.6025,21475.0,7950.0,10
b50_lb10_k3_eps0p0025,local_only_offline_aggregate,uniform,3,qaoa_5_circuit,qaoa,5,circuit,0.004768553506839883,0.006358715635481276,0.006420074674980997,0.3358333333333333,0.26749999999999996,39850.0,14650.0,10
b50_lb10_k3_eps0p0025,local_only_offline_aggregate,uniform,3,qaoa_6_circuit,qaoa,6,circuit,0.0015311594202898245,0.0018376574008077996,0.0018376574008078055,0.02833333333333332,0.0,58300.0,20000.0,10
b50_lb10_k3_eps0p0025,local_only_offline_aggregate,uniform,3,qaoa_7_circuit,qaoa,7,circuit,0.0,0.0,0.0,0.0,0.0,60000.0,20000.0,10
b50_lb10_k3_eps0p0025,local_only_offline_aggregate,uniform,3,qaoa_8_circuit,qaoa,8,circuit,0.0,0.0,0.0,0.0,0.0,60000.0,20000.0,10
b50_lb10_k3_eps0p0025,local_only_offline_aggregate,uniform,3,qaoa_9_circuit,qaoa,9,circuit,0.0,0.0,0.0,0.0,0.0,60000.0,20000.0,10
b50_lb10_k3_eps0p0025,local_only_offline_aggregate,uniform,3,qft_10_circuit,qft,10,circuit,0.0,0.0,0.0,0.0,0.0,60000.0,20000.0,10
b50_lb10_k3_eps0p0025,local_only_offline_aggregate,uniform,3,qft_11_circuit,qft,11,circuit,0.0,0.0,0.0,0.0,0.0,60000.0,20000.0,10
b50_lb10_k3_eps0p0025,local_only_offline_aggregate,uniform,3,qft_12_circuit,qft,12,circuit,0.0,0.0,0.0,0.0,0.0,60000.0,20000.0,10
b50_lb10_k3_eps0p0025,local_only_offline_aggregate,uniform,3,qft_13_circuit,qft,13,circuit,0.0,0.0,0.0,0.0,0.0,60000.0,20000.0,10
b50_lb10_k3_eps0p0025,local_only_offline_aggregate,uniform,3,qft_14_circuit,qft,14,circuit,0.0,0.0,0.0,0.0,0.0,60000.0,20000.0,10
b50_lb10_k3_eps0p0025,local_only_offline_aggregate,uniform,3,qft_15_circuit,qft,15,circuit,0.0,0.0,0.0,0.0,0.0,60000.0,20000.0,10
b50_lb10_k3_eps0p0025,local_only_offline_aggregate,uniform,3,qft_4_circuit,qft,4,circuit,0.006936856784006776,0.007541660757774215,0.007792584477779172,0.45125,0.39249999999999996,32925.0,12150.0,10
b50_lb10_k3_eps0p0025,local_only_offline_aggregate,uniform,3,qft_5_circuit,qft,5,circuit,0.0035056948722934867,0.004614151184910856,0.004627805611795519,0.10375000000000001,0.07999999999999996,53775.0,18400.0,10
b50_lb10_k3_eps0p0025,local_only_offline_aggregate,uniform,3,qft_6_circuit,qft,6,circuit,0.0,0.0,0.0,0.0,0.0,60000.0,20000.0,10
b50_lb10_k3_eps0p0025,local_only_offline_aggregate,uniform,3,qft_7_circuit,qft,7,circuit,0.0,0.0,0.0,0.0,0.0,60000.0,20000.0,10
b50_lb10_k3_eps0p0025,local_only_offline_aggregate,uniform,3,qft_8_circuit,qft,8,circuit,0.0,0.0,0.0,0.0,0.0,60000.0,20000.0,10
b50_lb10_k3_eps0p0025,local_only_offline_aggregate,uniform,3,qft_9_circuit,qft,9,circuit,0.0,0.0,0.0,0.0,0.0,60000.0,20000.0,10
b50_lb10_k3_eps0p0025,local_only_offline_aggregate,uniform,3,qnn_10_circuit,qnn,10,circuit,0.0,0.0,0.0,0.0,0.0,60000.0,20000.0,10
b50_lb10_k3_eps0p0025,local_only_offline_aggregate,uniform,3,qnn_11_circuit,qnn,11,circuit,0.0,0.0,0.0,0.0,0.0,60000.0,20000.0,10
b50_lb10_k3_eps0p0025,local_only_offline_aggregate,uniform,3,qnn_12_circuit,qnn,12,circuit,0.0,0.0,0.0,0.0,0.0,60000.0,20000.0,10
b50_lb10_k3_eps0p0025,local_only_offline_aggregate,uniform,3,qnn_13_circuit,qnn,13,circuit,0.0,0.0,0.0,0.0,0.0,60000.0,20000.0,10
b50_lb10_k3_eps0p0025,local_only_offline_aggregate,uniform,3,qnn_14_circuit,qnn,14,circuit,0.0,0.0,0.0,0.0,0.0,60000.0,20000.0,10
b50_lb10_k3_eps0p0025,local_only_offline_aggregate,uniform,3,qnn_15_circuit,qnn,15,circuit,0.0,0.0,0.0,0.0,0.0,60000.0,20000.0,10
b50_lb10_k3_eps0p0025,local_only_offline_aggregate,uniform,3,qnn_4_circuit,qnn,4,circuit,0.006762870290766852,0.008025719716397341,0.008245492558374399,0.5225,0.44499999999999995,28650.0,11100.0,10
b50_lb10_k3_eps0p0025,local_only_offline_aggregate,uniform,3,qnn_5_circuit,qnn,5,circuit,0.003642354450782053,0.003935675736280426,0.003978753052739998,0.16708333333333336,0.11499999999999999,49975.0,17700.0,10
b50_lb10_k3_eps0p0025,local_only_offline_aggregate,uniform,3,qnn_6_circuit,qnn,6,circuit,0.0,0.0,0.0,0.0,0.0,60000.0,20000.0,10
b50_lb10_k3_eps0p0025,local_only_offline_aggregate,uniform,3,qnn_7_circuit,qnn,7,circuit,0.0,0.0,0.0,0.0,0.0,60000.0,20000.0,10
b50_lb10_k3_eps0p0025,local_only_offline_aggregate,uniform,3,qnn_8_circuit,qnn,8,circuit,0.0,0.0,0.0,0.0,0.0,60000.0,20000.0,10
b50_lb10_k3_eps0p0025,local_only_offline_aggregate,uniform,3,qnn_9_circuit,qnn,9,circuit,0.0,0.0,0.0,0.0,0.0,60000.0,20000.0,10
b50_lb10_k3_eps0p0025,local_only_offline_aggregate,uniform,3,random_10_circuit,random,10,circuit,0.0,0.0,0.0,0.0,0.0,60000.0,20000.0,10
b50_lb10_k3_eps0p0025,local_only_offline_aggregate,uniform,3,random_11_circuit,random,11,circuit,0.0,0.0,0.0,0.0,0.0,60000.0,20000.0,10
b50_lb10_k3_eps0p0025,local_only_offline_aggregate,uniform,3,random_12_circuit,random,12,circuit,0.0,0.0,0.0,0.0,0.0,60000.0,20000.0,10
b50_lb10_k3_eps0p0025,local_only_offline_aggregate,uniform,3,random_13_circuit,random,13,circuit,0.0,0.0,0.0,0.0,0.0,60000.0,20000.0,10
b50_lb10_k3_eps0p0025,local_only_offline_aggregate,uniform,3,random_14_circuit,random,14,circuit,0.0,0.0,0.0,0.0,0.0,60000.0,20000.0,10
b50_lb10_k3_eps0p0025,local_only_offline_aggregate,uniform,3,random_15_circuit,random,15,circuit,0.0,0.0,0.0,0.0,0.0,60000.0,20000.0,10
b50_lb10_k3_eps0p0025,local_only_offline_aggregate,uniform,3,random_4_circuit,random,4,circuit,0.004581630894547103,0.0064626199670007765,0.006705098309911244,0.5800000000000001,0.495,25200.0,10100.0,10
b50_lb10_k3_eps0p0025,local_only_offline_aggregate,uniform,3,random_5_circuit,random,5,circuit,0.0036142551396375518,0.004068647040034274,0.004083661875756639,0.3433333333333333,0.275,39400.0,14500.0,10
b50_lb10_k3_eps0p0025,local_only_offline_aggregate,uniform,3,random_6_circuit,random,6,circuit,0.0,0.0,0.0,0.0,0.0,60000.0,20000.0,10
b50_lb10_k3_eps0p0025,local_only_offline_aggregate,uniform,3,random_7_circuit,random,7,circuit,0.0,0.0,0.0,0.0,0.0,60000.0,20000.0,10
b50_lb10_k3_eps0p0025,local_only_offline_aggregate,uniform,3,random_8_circuit,random,8,circuit,0.0,0.0,0.0,0.0,0.0,60000.0,20000.0,10
b50_lb10_k3_eps0p0025,local_only_offline_aggregate,uniform,3,random_9_circuit,random,9,circuit,0.0,0.0,0.0,0.0,0.0,60000.0,20000.0,10
b50_lb10_k3_eps0p0025,local_only_offline_aggregate,uniform,3,vqe_10_circuit,vqe,10,circuit,0.005349423041286393,0.006516309014825343,0.006546855969269792,0.23833333333333334,0.13249999999999995,45700.0,17350.0,10
b50_lb10_k3_eps0p0025,local_only_offline_aggregate,uniform,3,vqe_11_circuit,vqe,11,circuit,0.004791772340072434,0.005690455153209781,0.005719078323805317,0.22250000000000003,0.0,46650.0,20000.0,10
b50_lb10_k3_eps0p0025,local_only_offline_aggregate,uniform,3,vqe_12_circuit,vqe,12,circuit,0.004293240755523238,0.00534925836226725,0.00543214516244654,0.18208333333333332,0.0,49075.0,20000.0,10
b50_lb10_k3_eps0p0025,local_only_offline_aggregate,uniform,3,vqe_13_circuit,vqe,13,circuit,0.0024388888888888707,0.00243888888888892,0.002438888888888929,0.08333333333333337,0.0,55000.0,20000.0,10
b50_lb10_k3_eps0p0025,local_only_offline_aggregate,uniform,3,vqe_14_circuit,vqe,14,circuit,0.000641772151898719,0.0006417721518987732,0.0006417721518987754,0.004166666666666652,0.0,59750.0,20000.0,10
b50_lb10_k3_eps0p0025,local_only_offline_aggregate,uniform,3,vqe_15_circuit,vqe,15,circuit,0.0,0.0,0.0,0.0,0.0,60000.0,20000.0,10
b50_lb10_k3_eps0p0025,local_only_offline_aggregate,uniform,3,vqe_4_circuit,vqe,4,circuit,0.003290303436198941,0.004001509786509794,0.004069793169793172,0.8520833333333333,0.8200000000000001,8875.0,3600.0,10
b50_lb10_k3_eps0p0025,local_only_offline_aggregate,uniform,3,vqe_5_circuit,vqe,5,circuit,0.004538575289693163,0.006520758249901989,0.006591919103882149,0.6570833333333334,0.6025,20575.0,7950.0,10
b50_lb10_k3_eps0p0025,local_only_offline_aggregate,uniform,3,vqe_6_circuit,vqe,6,circuit,0.003906870883531926,0.004337868507216344,0.004443850267379717,0.7483333333333333,0.7025,15100.0,5950.0,10
b50_lb10_k3_eps0p0025,local_only_offline_aggregate,uniform,3,vqe_7_circuit,vqe,7,circuit,0.0048304805155263185,0.005996316635829072,0.006284558279126361,0.5866666666666667,0.5125,24800.0,9750.0,10
b50_lb10_k3_eps0p0025,local_only_offline_aggregate,uniform,3,vqe_8_circuit,vqe,8,circuit,0.006225835420891944,0.006969795429666123,0.007219752326217814,0.4195833333333333,0.275,34825.0,14500.0,10
b50_lb10_k3_eps0p0025,local_only_offline_aggregate,uniform,3,vqe_9_circuit,vqe,9,circuit,0.006241954001533046,0.007136026291312991,0.0071746089049338465,0.4308333333333333,0.3075,34150.0,13850.0,10
b50_lb10_k3_eps0p0025,local_only_offline_aggregate,uniform,4,dj_10_circuit,dj,10,circuit,0.004705966672846895,0.0049094066139615394,0.00495000787938148,0.364375,0.1775,50850.0,16450.0,5
b50_lb10_k3_eps0p0025,local_only_offline_aggregate,uniform,4,dj_11_circuit,dj,11,circuit,0.005082274177972772,0.005365681875354505,0.005371080802239506,0.24124999999999996,0.040000000000000036,60700.0,19200.0,5
b50_lb10_k3_eps0p0025,local_only_offline_aggregate,uniform,4,dj_12_circuit,dj,12,circuit,0.004016660003154111,0.004627959659439975,0.004683964421347763,0.20937499999999998,0.0,63250.0,20000.0,5
b50_lb10_k3_eps0p0025,local_only_offline_aggregate,uniform,4,dj_13_circuit,dj,13,circuit,0.0028687466850201033,0.0028687466850201085,0.002868746685020109,0.14812499999999995,0.0,68150.0,20000.0,5
b50_lb10_k3_eps0p0025,local_only_offline_aggregate,uniform,4,dj_14_circuit,dj,14,circuit,0.0032075200918484366,0.00320752009184844,0.0032075200918484405,0.13749999999999996,0.0,69000.0,20000.0,5
b50_lb10_k3_eps0p0025,local_only_offline_aggregate,uniform,4,dj_15_circuit,dj,15,circuit,0.0030156486426346388,0.003015648642634686,0.0030156486426346973,0.08062499999999995,0.0,73550.0,20000.0,5
b50_lb10_k3_eps0p0025,local_only_offline_aggregate,uniform,4,dj_4_circuit,dj,4,circuit,0.0034404963746943952,0.003838126747466356,0.0039003328432573687,0.885625,0.8625,9150.0,2750.0,5
b50_lb10_k3_eps0p0025,local_only_offline_aggregate,uniform,4,dj_5_circuit,dj,5,circuit,0.0026634232017666683,0.0028499379575416773,0.0028614542465040206,0.83125,0.8,13500.0,4000.0,5
b50_lb10_k3_eps0p0025,local_only_offline_aggregate,uniform,4,dj_6_circuit,dj,6,circuit,0.0038600900681596837,0.004598863193768251,0.004619298838760854,0.74875,0.625,20100.0,7500.0,5
b50_lb10_k3_eps0p0025,local_only_offline_aggregate,uniform,4,dj_7_circuit,dj,7,circuit,0.004441500729656799,0.004673369721454238,0.004686340679244523,0.6637500000000001,0.585,26900.0,8300.0,5
b50_lb10_k3_eps0p0025,local_only_offline_aggregate,uniform,4,dj_8_circuit,dj,8,circuit,0.004520072141759958,0.005011247490988269,0.0050875389971012,0.590625,0.51,32750.0,9800.0,5
b50_lb10_k3_eps0p0025,local_only_offline_aggregate,uniform,4,dj_9_circuit,dj,9,circuit,0.004833893029030966,0.004999038709997802,0.005015608635752523,0.484375,0.38,41250.0,12400.0,5
b50_lb10_k3_eps0p0025,local_only_offline_aggregate,uniform,4,qaoa_10_circuit,qaoa,10,circuit,0.0,0.0,0.0,0.0,0.0,80000.0,20000.0,5
b50_lb10_k3_eps0p0025,local_only_offline_aggregate,uniform,4,qaoa_11_circuit,qaoa,11,circuit,0.0,0.0,0.0,0.0,0.0,80000.0,20000.0,5
b50_lb10_k3_eps0p0025,local_only_offline_aggregate,uniform,4,qaoa_12_circuit,qaoa,12,circuit,0.0,0.0,0.0,0.0,0.0,80000.0,20000.0,5
b50_lb10_k3_eps0p0025,local_only_offline_aggregate,uniform,4,qaoa_13_circuit,qaoa,13,circuit,0.0,0.0,0.0,0.0,0.0,80000.0,20000.0,5
b50_lb10_k3_eps0p0025,local_only_offline_aggregate,uniform,4,qaoa_14_circuit,qaoa,14,circuit,0.0,0.0,0.0,0.0,0.0,80000.0,20000.0,5
b50_lb10_k3_eps0p0025,local_only_offline_aggregate,uniform,4,qaoa_15_circuit,qaoa,15,circuit,0.0,0.0,0.0,0.0,0.0,80000.0,20000.0,5
b50_lb10_k3_eps0p0025,local_only_offline_aggregate,uniform,4,qaoa_4_circuit,qaoa,4,circuit,0.006093078877546571,0.006781986655202205,0.006896702065952361,0.641875,0.6025,28650.0,7950.0,5
b50_lb10_k3_eps0p0025,local_only_offline_aggregate,uniform,4,qaoa_5_circuit,qaoa,5,circuit,0.004427218991084792,0.005627226768044394,0.005879513115496754,0.333125,0.26749999999999996,53350.0,14650.0,5
b50_lb10_k3_eps0p0025,local_only_offline_aggregate,uniform,4,qaoa_6_circuit,qaoa,6,circuit,0.0013782430506058207,0.0013782430506058551,0.0013782430506058562,0.04125000000000001,0.0,76700.0,20000.0,5
b50_lb10_k3_eps0p0025,local_only_offline_aggregate,uniform,4,qaoa_7_circuit,qaoa,7,circuit,0.0,0.0,0.0,0.0,0.0,80000.0,20000.0,5
b50_lb10_k3_eps0p0025,local_only_offline_aggregate,uniform,4,qaoa_8_circuit,qaoa,8,circuit,0.0,0.0,0.0,0.0,0.0,80000.0,20000.0,5
b50_lb10_k3_eps0p0025,local_only_offline_aggregate,uniform,4,qaoa_9_circuit,qaoa,9,circuit,0.0,0.0,0.0,0.0,0.0,80000.0,20000.0,5
b50_lb10_k3_eps0p0025,local_only_offline_aggregate,uniform,4,qft_10_circuit,qft,10,circuit,0.0,0.0,0.0,0.0,0.0,80000.0,20000.0,5
b50_lb10_k3_eps0p0025,local_only_offline_aggregate,uniform,4,qft_11_circuit,qft,11,circuit,0.0,0.0,0.0,0.0,0.0,80000.0,20000.0,5
b50_lb10_k3_eps0p0025,local_only_offline_aggregate,uniform,4,qft_12_circuit,qft,12,circuit,0.0,0.0,0.0,0.0,0.0,80000.0,20000.0,5
b50_lb10_k3_eps0p0025,local_only_offline_aggregate,uniform,4,qft_13_circuit,qft,13,circuit,0.0,0.0,0.0,0.0,0.0,80000.0,20000.0,5
b50_lb10_k3_eps0p0025,local_only_offline_aggregate,uniform,4,qft_14_circuit,qft,14,circuit,0.0,0.0,0.0,0.0,0.0,80000.0,20000.0,5
b50_lb10_k3_eps0p0025,local_only_offline_aggregate,uniform,4,qft_15_circuit,qft,15,circuit,0.0,0.0,0.0,0.0,0.0,80000.0,20000.0,5
b50_lb10_k3_eps0p0025,local_only_offline_aggregate,uniform,4,qft_4_circuit,qft,4,circuit,0.006292657378322637,0.00633529017959418,0.006337758132352107,0.46062499999999995,0.39249999999999996,43150.0,12150.0,5
b50_lb10_k3_eps0p0025,local_only_offline_aggregate,uniform,4,qft_5_circuit,qft,5,circuit,0.003066752742413312,0.00384774684579573,0.0039732102931898765,0.10812500000000003,0.07999999999999996,71350.0,18400.0,5
b50_lb10_k3_eps0p0025,local_only_offline_aggregate,uniform,4,qft_6_circuit,qft,6,circuit,0.0,0.0,0.0,0.0,0.0,80000.0,20000.0,5
b50_lb10_k3_eps0p0025,local_only_offline_aggregate,uniform,4,qft_7_circuit,qft,7,circuit,0.0,0.0,0.0,0.0,0.0,80000.0,20000.0,5
b50_lb10_k3_eps0p0025,local_only_offline_aggregate,uniform,4,qft_8_circuit,qft,8,circuit,0.0,0.0,0.0,0.0,0.0,80000.0,20000.0,5
b50_lb10_k3_eps0p0025,local_only_offline_aggregate,uniform,4,qft_9_circuit,qft,9,circuit,0.0,0.0,0.0,0.0,0.0,80000.0,20000.0,5
b50_lb10_k3_eps0p0025,local_only_offline_aggregate,uniform,4,qnn_10_circuit,qnn,10,circuit,0.0,0.0,0.0,0.0,0.0,80000.0,20000.0,5
b50_lb10_k3_eps0p0025,local_only_offline_aggregate,uniform,4,qnn_11_circuit,qnn,11,circuit,0.0,0.0,0.0,0.0,0.0,80000.0,20000.0,5
b50_lb10_k3_eps0p0025,local_only_offline_aggregate,uniform,4,qnn_12_circuit,qnn,12,circuit,0.0,0.0,0.0,0.0,0.0,80000.0,20000.0,5
b50_lb10_k3_eps0p0025,local_only_offline_aggregate,uniform,4,qnn_13_circuit,qnn,13,circuit,0.0,0.0,0.0,0.0,0.0,80000.0,20000.0,5
b50_lb10_k3_eps0p0025,local_only_offline_aggregate,uniform,4,qnn_14_circuit,qnn,14,circuit,0.0,0.0,0.0,0.0,0.0,80000.0,20000.0,5
b50_lb10_k3_eps0p0025,local_only_offline_aggregate,uniform,4,qnn_15_circuit,qnn,15,circuit,0.0,0.0,0.0,0.0,0.0,80000.0,20000.0,5
b50_lb10_k3_eps0p0025,local_only_offline_aggregate,uniform,4,qnn_4_circuit,qnn,4,circuit,0.006255006841355184,0.006900975121992962,0.007056023771837016,0.531875,0.44499999999999995,37450.0,11100.0,5
b50_lb10_k3_eps0p0025,local_only_offline_aggregate,uniform,4,qnn_5_circuit,qnn,5,circuit,0.0030786075816232514,0.0034621562045074575,0.003546189787941692,0.16437500000000005,0.11499999999999999,66850.0,17700.0,5
b50_lb10_k3_eps0p0025,local_only_offline_aggregate,uniform,4,qnn_6_circuit,qnn,6,circuit,0.0,0.0,0.0,0.0,0.0,80000.0,20000.0,5
b50_lb10_k3_eps0p0025,local_only_offline_aggregate,uniform,4,qnn_7_circuit,qnn,7,circuit,0.0,0.0,0.0,0.0,0.0,80000.0,20000.0,5
b50_lb10_k3_eps0p0025,local_only_offline_aggregate,uniform,4,qnn_8_circuit,qnn,8,circuit,0.0,0.0,0.0,0.0,0.0,80000.0,20000.0,5
b50_lb10_k3_eps0p0025,local_only_offline_aggregate,uniform,4,qnn_9_circuit,qnn,9,circuit,0.0,0.0,0.0,0.0,0.0,80000.0,20000.0,5
b50_lb10_k3_eps0p0025,local_only_offline_aggregate,uniform,4,random_10_circuit,random,10,circuit,0.0,0.0,0.0,0.0,0.0,80000.0,20000.0,5
b50_lb10_k3_eps0p0025,local_only_offline_aggregate,uniform,4,random_11_circuit,random,11,circuit,0.0,0.0,0.0,0.0,0.0,80000.0,20000.0,5
b50_lb10_k3_eps0p0025,local_only_offline_aggregate,uniform,4,random_12_circuit,random,12,circuit,0.0,0.0,0.0,0.0,0.0,80000.0,20000.0,5
b50_lb10_k3_eps0p0025,local_only_offline_aggregate,uniform,4,random_13_circuit,random,13,circuit,0.0,0.0,0.0,0.0,0.0,80000.0,20000.0,5
b50_lb10_k3_eps0p0025,local_only_offline_aggregate,uniform,4,random_14_circuit,random,14,circuit,0.0,0.0,0.0,0.0,0.0,80000.0,20000.0,5
b50_lb10_k3_eps0p0025,local_only_offline_aggregate,uniform,4,random_15_circuit,random,15,circuit,0.0,0.0,0.0,0.0,0.0,80000.0,20000.0,5
b50_lb10_k3_eps0p0025,local_only_offline_aggregate,uniform,4,random_4_circuit,random,4,circuit,0.004094170547018372,0.005118905958443892,0.005345644306357543,0.575625,0.495,33950.0,10100.0,5
b50_lb10_k3_eps0p0025,local_only_offline_aggregate,uniform,4,random_5_circuit,random,5,circuit,0.0030946968738423493,0.0032819733308081887,0.00330346406777736,0.34562499999999996,0.275,52350.0,14500.0,5
b50_lb10_k3_eps0p0025,local_only_offline_aggregate,uniform,4,random_6_circuit,random,6,circuit,0.0,0.0,0.0,0.0,0.0,80000.0,20000.0,5
b50_lb10_k3_eps0p0025,local_only_offline_aggregate,uniform,4,random_7_circuit,random,7,circuit,0.0,0.0,0.0,0.0,0.0,80000.0,20000.0,5
b50_lb10_k3_eps0p0025,local_only_offline_aggregate,uniform,4,random_8_circuit,random,8,circuit,0.0,0.0,0.0,0.0,0.0,80000.0,20000.0,5
b50_lb10_k3_eps0p0025,local_only_offline_aggregate,uniform,4,random_9_circuit,random,9,circuit,0.0,0.0,0.0,0.0,0.0,80000.0,20000.0,5
b50_lb10_k3_eps0p0025,local_only_offline_aggregate,uniform,4,vqe_10_circuit,vqe,10,circuit,0.004919345541785155,0.005431014380904778,0.005535204695297405,0.265625,0.13249999999999995,58750.0,17350.0,5
b50_lb10_k3_eps0p0025,local_only_offline_aggregate,uniform,4,vqe_11_circuit,vqe,11,circuit,0.004241603458528112,0.004647223317345333,0.004736701960968158,0.26625,0.0,58700.0,20000.0,5
b50_lb10_k3_eps0p0025,local_only_offline_aggregate,uniform,4,vqe_12_circuit,vqe,12,circuit,0.003935964204869456,0.004126490381171545,0.004139585758505709,0.19062500000000004,0.0,64750.0,20000.0,5
b50_lb10_k3_eps0p0025,local_only_offline_aggregate,uniform,4,vqe_13_circuit,vqe,13,circuit,0.001829166666666659,0.0018291666666666894,0.0018291666666666933,0.0625,0.0,75000.0,20000.0,5
b50_lb10_k3_eps0p0025,local_only_offline_aggregate,uniform,4,vqe_14_circuit,vqe,14,circuit,0.000481329113924052,0.0004813291139240546,0.0004813291139240547,0.0031250000000000444,0.0,79750.0,20000.0,5
b50_lb10_k3_eps0p0025,local_only_offline_aggregate,uniform,4,vqe_15_circuit,vqe,15,circuit,0.0,0.0,0.0,0.0,0.0,80000.0,20000.0,5
b50_lb10_k3_eps0p0025,local_only_offline_aggregate,uniform,4,vqe_4_circuit,vqe,4,circuit,0.0031915643643255958,0.0034247369960056814,0.003457364857364884,0.859375,0.8200000000000001,11250.0,3600.0,5
b50_lb10_k3_eps0p0025,local_only_offline_aggregate,uniform,4,vqe_5_circuit,vqe,5,circuit,0.004209015992164195,0.005139338477022126,0.0053710775223852645,0.655625,0.6025,27550.0,7950.0,5
b50_lb10_k3_eps0p0025,local_only_offline_aggregate,uniform,4,vqe_6_circuit,vqe,6,circuit,0.0030073350071735906,0.0034225086915262042,0.0034364874476437023,0.7581249999999999,0.7025,19350.0,5950.0,5
b50_lb10_k3_eps0p0025,local_only_offline_aggregate,uniform,4,vqe_7_circuit,vqe,7,circuit,0.004334708605021109,0.005093547698984562,0.005260100228441203,0.5862499999999999,0.5125,33100.0,9750.0,5
b50_lb10_k3_eps0p0025,local_only_offline_aggregate,uniform,4,vqe_8_circuit,vqe,8,circuit,0.005418900065749574,0.005665235933394197,0.0056726620999666055,0.43062500000000004,0.275,45550.0,14500.0,5
b50_lb10_k3_eps0p0025,local_only_offline_aggregate,uniform,4,vqe_9_circuit,vqe,9,circuit,0.00528961209860673,0.0057471459793832025,0.005800807581258105,0.45625000000000004,0.3075,43500.0,13850.0,5
b50_lb10_k3_eps0p0025,local_only_offline_aggregate,uniform,5,dj_10_circuit,dj,10,circuit,0.004119541365234441,0.004119541365234441,0.004119541365234441,0.3415,0.1775,65850.0,16450.0,1
b50_lb10_k3_eps0p0025,local_only_offline_aggregate,uniform,5,dj_11_circuit,dj,11,circuit,0.004338456179016284,0.004338456179016284,0.004338456179016284,0.21550000000000002,0.040000000000000036,78450.0,19200.0,1
b50_lb10_k3_eps0p0025,local_only_offline_aggregate,uniform,5,dj_12_circuit,dj,12,circuit,0.0037471715370782114,0.0037471715370782114,0.0037471715370782114,0.1815,0.0,81850.0,20000.0,1
b50_lb10_k3_eps0p0025,local_only_offline_aggregate,uniform,5,dj_13_circuit,dj,13,circuit,0.002294997348016039,0.002294997348016039,0.002294997348016039,0.11850000000000005,0.0,88150.0,20000.0,1
b50_lb10_k3_eps0p0025,local_only_offline_aggregate,uniform,5,dj_14_circuit,dj,14,circuit,0.002566016073478735,0.002566016073478735,0.002566016073478735,0.10999999999999999,0.0,89000.0,20000.0,1
b50_lb10_k3_eps0p0025,local_only_offline_aggregate,uniform,5,dj_15_circuit,dj,15,circuit,0.0024125189141076704,0.0024125189141076704,0.0024125189141076704,0.0645,0.0,93550.0,20000.0,1
b50_lb10_k3_eps0p0025,local_only_offline_aggregate,uniform,5,dj_4_circuit,dj,4,circuit,0.003182573966913576,0.003182573966913576,0.003182573966913576,0.8825000000000001,0.8625,11750.0,2750.0,1
b50_lb10_k3_eps0p0025,local_only_offline_aggregate,uniform,5,dj_5_circuit,dj,5,circuit,0.0021703574270539763,0.0021703574270539763,0.0021703574270539763,0.8315,0.8,16850.0,4000.0,1
b50_lb10_k3_eps0p0025,local_only_offline_aggregate,uniform,5,dj_6_circuit,dj,6,circuit,0.0037924101121569564,0.0037924101121569564,0.0037924101121569564,0.747,0.625,25300.0,7500.0,1
b50_lb10_k3_eps0p0025,local_only_offline_aggregate,uniform,5,dj_7_circuit,dj,7,circuit,0.0036960876902180357,0.0036960876902180357,0.0036960876902180357,0.6599999999999999,0.585,34000.0,8300.0,1
b50_lb10_k3_eps0p0025,local_only_offline_aggregate,uniform,5,dj_8_circuit,dj,8,circuit,0.003951823050221649,0.003951823050221649,0.003951823050221649,0.5795,0.51,42050.0,9800.0,1
b50_lb10_k3_eps0p0025,local_only_offline_aggregate,uniform,5,dj_9_circuit,dj,9,circuit,0.0040294203177985086,0.0040294203177985086,0.0040294203177985086,0.472,0.38,52800.0,12400.0,1
b50_lb10_k3_eps0p0025,local_only_offline_aggregate,uniform,5,qaoa_10_circuit,qaoa,10,circuit,0.0,0.0,0.0,0.0,0.0,100000.0,20000.0,1
b50_lb10_k3_eps0p0025,local_only_offline_aggregate,uniform,5,qaoa_11_circuit,qaoa,11,circuit,0.0,0.0,0.0,0.0,0.0,100000.0,20000.0,1
b50_lb10_k3_eps0p0025,local_only_offline_aggregate,uniform,5,qaoa_12_circuit,qaoa,12,circuit,0.0,0.0,0.0,0.0,0.0,100000.0,20000.0,1
b50_lb10_k3_eps0p0025,local_only_offline_aggregate,uniform,5,qaoa_13_circuit,qaoa,13,circuit,0.0,0.0,0.0,0.0,0.0,100000.0,20000.0,1
b50_lb10_k3_eps0p0025,local_only_offline_aggregate,uniform,5,qaoa_14_circuit,qaoa,14,circuit,0.0,0.0,0.0,0.0,0.0,100000.0,20000.0,1
b50_lb10_k3_eps0p0025,local_only_offline_aggregate,uniform,5,qaoa_15_circuit,qaoa,15,circuit,0.0,0.0,0.0,0.0,0.0,100000.0,20000.0,1
b50_lb10_k3_eps0p0025,local_only_offline_aggregate,uniform,5,qaoa_4_circuit,qaoa,4,circuit,0.005618133699620579,0.005618133699620579,0.005618133699620579,0.642,0.6025,35800.0,7950.0,1
b50_lb10_k3_eps0p0025,local_only_offline_aggregate,uniform,5,qaoa_5_circuit,qaoa,5,circuit,0.004401463022144067,0.004401463022144067,0.004401463022144067,0.3255,0.26749999999999996,67450.0,14650.0,1
b50_lb10_k3_eps0p0025,local_only_offline_aggregate,uniform,5,qaoa_6_circuit,qaoa,6,circuit,0.0011025944404846738,0.0011025944404846738,0.0011025944404846738,0.03300000000000003,0.0,96700.0,20000.0,1
b50_lb10_k3_eps0p0025,local_only_offline_aggregate,uniform,5,qaoa_7_circuit,qaoa,7,circuit,0.0,0.0,0.0,0.0,0.0,100000.0,20000.0,1
b50_lb10_k3_eps0p0025,local_only_offline_aggregate,uniform,5,qaoa_8_circuit,qaoa,8,circuit,0.0,0.0,0.0,0.0,0.0,100000.0,20000.0,1
b50_lb10_k3_eps0p0025,local_only_offline_aggregate,uniform,5,qaoa_9_circuit,qaoa,9,circuit,0.0,0.0,0.0,0.0,0.0,100000.0,20000.0,1
b50_lb10_k3_eps0p0025,local_only_offline_aggregate,uniform,5,qft_10_circuit,qft,10,circuit,0.0,0.0,0.0,0.0,0.0,100000.0,20000.0,1
b50_lb10_k3_eps0p0025,local_only_offline_aggregate,uniform,5,qft_11_circuit,qft,11,circuit,0.0,0.0,0.0,0.0,0.0,100000.0,20000.0,1
b50_lb10_k3_eps0p0025,local_only_offline_aggregate,uniform,5,qft_12_circuit,qft,12,circuit,0.0,0.0,0.0,0.0,0.0,100000.0,20000.0,1
b50_lb10_k3_eps0p0025,local_only_offline_aggregate,uniform,5,qft_13_circuit,qft,13,circuit,0.0,0.0,0.0,0.0,0.0,100000.0,20000.0,1
b50_lb10_k3_eps0p0025,local_only_offline_aggregate,uniform,5,qft_14_circuit,qft,14,circuit,0.0,0.0,0.0,0.0,0.0,100000.0,20000.0,1
b50_lb10_k3_eps0p0025,local_only_offline_aggregate,uniform,5,qft_15_circuit,qft,15,circuit,0.0,0.0,0.0,0.0,0.0,100000.0,20000.0,1
b50_lb10_k3_eps0p0025,local_only_offline_aggregate,uniform,5,qft_4_circuit,qft,4,circuit,0.005619524628521631,0.005619524628521631,0.005619524628521631,0.45499999999999996,0.39249999999999996,54500.0,12150.0,1
b50_lb10_k3_eps0p0025,local_only_offline_aggregate,uniform,5,qft_5_circuit,qft,5,circuit,0.0029363040178653956,0.0029363040178653956,0.0029363040178653956,0.10550000000000004,0.07999999999999996,89450.0,18400.0,1
b50_lb10_k3_eps0p0025,local_only_offline_aggregate,uniform,5,qft_6_circuit,qft,6,circuit,0.0,0.0,0.0,0.0,0.0,100000.0,20000.0,1
b50_lb10_k3_eps0p0025,local_only_offline_aggregate,uniform,5,qft_7_circuit,qft,7,circuit,0.0,0.0,0.0,0.0,0.0,100000.0,20000.0,1
b50_lb10_k3_eps0p0025,local_only_offline_aggregate,uniform,5,qft_8_circuit,qft,8,circuit,0.0,0.0,0.0,0.0,0.0,100000.0,20000.0,1
b50_lb10_k3_eps0p0025,local_only_offline_aggregate,uniform,5,qft_9_circuit,qft,9,circuit,0.0,0.0,0.0,0.0,0.0,100000.0,20000.0,1
b50_lb10_k3_eps0p0025,local_only_offline_aggregate,uniform,5,qnn_10_circuit,qnn,10,circuit,0.0,0.0,0.0,0.0,0.0,100000.0,20000.0,1
b50_lb10_k3_eps0p0025,local_only_offline_aggregate,uniform,5,qnn_11_circuit,qnn,11,circuit,0.0,0.0,0.0,0.0,0.0,100000.0,20000.0,1
b50_lb10_k3_eps0p0025,local_only_offline_aggregate,uniform,5,qnn_12_circuit,qnn,12,circuit,0.0,0.0,0.0,0.0,0.0,100000.0,20000.0,1
b50_lb10_k3_eps0p0025,local_only_offline_aggregate,uniform,5,qnn_13_circuit,qnn,13,circuit,0.0,0.0,0.0,0.0,0.0,100000.0,20000.0,1
b50_lb10_k3_eps0p0025,local_only_offline_aggregate,uniform,5,qnn_14_circuit,qnn,14,circuit,0.0,0.0,0.0,0.0,0.0,100000.0,20000.0,1
b50_lb10_k3_eps0p0025,local_only_offline_aggregate,uniform,5,qnn_15_circuit,qnn,15,circuit,0.0,0.0,0.0,0.0,0.0,100000.0,20000.0,1
b50_lb10_k3_eps0p0025,local_only_offline_aggregate,uniform,5,qnn_4_circuit,qnn,4,circuit,0.005995886661202962,0.005995886661202962,0.005995886661202962,0.5245,0.44499999999999995,47550.0,11100.0,1
b50_lb10_k3_eps0p0025,local_only_offline_aggregate,uniform,5,qnn_5_circuit,qnn,5,circuit,0.0023645441164812735,0.0023645441164812735,0.0023645441164812735,0.16200000000000003,0.11499999999999999,83800.0,17700.0,1
b50_lb10_k3_eps0p0025,local_only_offline_aggregate,uniform,5,qnn_6_circuit,qnn,6,circuit,0.0,0.0,0.0,0.0,0.0,100000.0,20000.0,1
b50_lb10_k3_eps0p0025,local_only_offline_aggregate,uniform,5,qnn_7_circuit,qnn,7,circuit,0.0,0.0,0.0,0.0,0.0,100000.0,20000.0,1
b50_lb10_k3_eps0p0025,local_only_offline_aggregate,uniform,5,qnn_8_circuit,qnn,8,circuit,0.0,0.0,0.0,0.0,0.0,100000.0,20000.0,1
b50_lb10_k3_eps0p0025,local_only_offline_aggregate,uniform,5,qnn_9_circuit,qnn,9,circuit,0.0,0.0,0.0,0.0,0.0,100000.0,20000.0,1
b50_lb10_k3_eps0p0025,local_only_offline_aggregate,uniform,5,random_10_circuit,random,10,circuit,0.0,0.0,0.0,0.0,0.0,100000.0,20000.0,1
b50_lb10_k3_eps0p0025,local_only_offline_aggregate,uniform,5,random_11_circuit,random,11,circuit,0.0,0.0,0.0,0.0,0.0,100000.0,20000.0,1
b50_lb10_k3_eps0p0025,local_only_offline_aggregate,uniform,5,random_12_circuit,random,12,circuit,0.0,0.0,0.0,0.0,0.0,100000.0,20000.0,1
b50_lb10_k3_eps0p0025,local_only_offline_aggregate,uniform,5,random_13_circuit,random,13,circuit,0.0,0.0,0.0,0.0,0.0,100000.0,20000.0,1
b50_lb10_k3_eps0p0025,local_only_offline_aggregate,uniform,5,random_14_circuit,random,14,circuit,0.0,0.0,0.0,0.0,0.0,100000.0,20000.0,1
b50_lb10_k3_eps0p0025,local_only_offline_aggregate,uniform,5,random_15_circuit,random,15,circuit,0.0,0.0,0.0,0.0,0.0,100000.0,20000.0,1
b50_lb10_k3_eps0p0025,local_only_offline_aggregate,uniform,5,random_4_circuit,random,4,circuit,0.0038611780217731265,0.0038611780217731265,0.0038611780217731265,0.579,0.495,42100.0,10100.0,1
b50_lb10_k3_eps0p0025,local_only_offline_aggregate,uniform,5,random_5_circuit,random,5,circuit,0.0026888688373967605,0.0026888688373967605,0.0026888688373967605,0.33799999999999997,0.275,66200.0,14500.0,1
b50_lb10_k3_eps0p0025,local_only_offline_aggregate,uniform,5,random_6_circuit,random,6,circuit,0.0,0.0,0.0,0.0,0.0,100000.0,20000.0,1
b50_lb10_k3_eps0p0025,local_only_offline_aggregate,uniform,5,random_7_circuit,random,7,circuit,0.0,0.0,0.0,0.0,0.0,100000.0,20000.0,1
b50_lb10_k3_eps0p0025,local_only_offline_aggregate,uniform,5,random_8_circuit,random,8,circuit,0.0,0.0,0.0,0.0,0.0,100000.0,20000.0,1
b50_lb10_k3_eps0p0025,local_only_offline_aggregate,uniform,5,random_9_circuit,random,9,circuit,0.0,0.0,0.0,0.0,0.0,100000.0,20000.0,1
b50_lb10_k3_eps0p0025,local_only_offline_aggregate,uniform,5,vqe_10_circuit,vqe,10,circuit,0.004462920092276776,0.004462920092276776,0.004462920092276776,0.246,0.13249999999999995,75400.0,17350.0,1
b50_lb10_k3_eps0p0025,local_only_offline_aggregate,uniform,5,vqe_11_circuit,vqe,11,circuit,0.00378936156877454,0.00378936156877454,0.00378936156877454,0.24,0.0,76000.0,20000.0,1
b50_lb10_k3_eps0p0025,local_only_offline_aggregate,uniform,5,vqe_12_circuit,vqe,12,circuit,0.003311668606804545,0.003311668606804545,0.003311668606804545,0.1815,0.0,81850.0,20000.0,1
b50_lb10_k3_eps0p0025,local_only_offline_aggregate,uniform,5,vqe_13_circuit,vqe,13,circuit,0.001463333333333365,0.001463333333333365,0.001463333333333365,0.050000000000000044,0.0,95000.0,20000.0,1
b50_lb10_k3_eps0p0025,local_only_offline_aggregate,uniform,5,vqe_14_circuit,vqe,14,circuit,0.00038506329113925766,0.00038506329113925766,0.00038506329113925766,0.0024999999999999467,0.0,99750.0,20000.0,1
b50_lb10_k3_eps0p0025,local_only_offline_aggregate,uniform,5,vqe_15_circuit,vqe,15,circuit,0.0,0.0,0.0,0.0,0.0,100000.0,20000.0,1
b50_lb10_k3_eps0p0025,local_only_offline_aggregate,uniform,5,vqe_4_circuit,vqe,4,circuit,0.002800002137166289,0.002800002137166289,0.002800002137166289,0.855,0.8200000000000001,14500.0,3600.0,1
b50_lb10_k3_eps0p0025,local_only_offline_aggregate,uniform,5,vqe_5_circuit,vqe,5,circuit,0.0037711599982560885,0.0037711599982560885,0.0037711599982560885,0.6565,0.6025,34350.0,7950.0,1
b50_lb10_k3_eps0p0025,local_only_offline_aggregate,uniform,5,vqe_6_circuit,vqe,6,circuit,0.0026743088317213335,0.0026743088317213335,0.0026743088317213335,0.7515000000000001,0.7025,24850.0,5950.0,1
b50_lb10_k3_eps0p0025,local_only_offline_aggregate,uniform,5,vqe_7_circuit,vqe,7,circuit,0.0040727413120934,0.0040727413120934,0.0040727413120934,0.5865,0.5125,41350.0,9750.0,1
b50_lb10_k3_eps0p0025,local_only_offline_aggregate,uniform,5,vqe_8_circuit,vqe,8,circuit,0.0048161274122373214,0.0048161274122373214,0.0048161274122373214,0.42400000000000004,0.275,57600.0,14500.0,1
b50_lb10_k3_eps0p0025,local_only_offline_aggregate,uniform,5,vqe_9_circuit,vqe,9,circuit,0.00428749578947477,0.00428749578947477,0.00428749578947477,0.44099999999999995,0.3075,55900.0,13850.0,1
