split_id,split_mode,repetition,config_id,policy,scheme,train_rows,train_circuit_configs,train_k_values,train_median_tvd,train_q75_tvd,train_q95_tvd,train_max_tvd,train_valid_rate_tvd_le_0p01,train_valid_rate_tvd_le_0p05,train_valid_rate_tvd_le_0p10,train_median_ssr,train_q25_ssr,train_median_parallel_ssr,train_median_total_shots,train_median_max_backend_shots,train_selection_risk_q95,train_selection_risk_max
stratified_size_rep000,stratified_size,0,b50_lb1_k1_eps0p005,aggregate_only_sync,confidence,300,60,5,0.04435512820512775,0.08406451665124852,0.24137785489956126,0.38454999999996353,0.01,0.56,0.8033333333333333,0.8374999999999999,0.5725,0.8374999999999999,8275.0,3250.0,0.24137785489956126,0.38454999999996353
stratified_size_rep000,stratified_size,0,b50_lb1_k1_eps0p005,aggregate_only_sync,shot_proportional,300,60,5,0.04435512820512775,0.08406451665124852,0.24137785489956126,0.38454999999996353,0.01,0.56,0.8033333333333333,0.8374999999999999,0.5725,0.8374999999999999,8275.0,3250.0,0.24137785489956126,0.38454999999996353
stratified_size_rep000,stratified_size,0,b50_lb1_k1_eps0p005,aggregate_only_sync,uniform,300,60,5,0.04435512820512775,0.08406451665124852,0.24137785489956126,0.38454999999996353,0.01,0.56,0.8033333333333333,0.8374999999999999,0.5725,0.8374999999999999,8275.0,3250.0,0.24137785489956126,0.38454999999996353
stratified_size_rep000,stratified_size,0,b50_lb1_k1_eps0p005,hierarchical_local_aggregate,confidence,300,60,5,0.044174812394201346,0.0840613772902112,0.24137771553196183,0.38454999999996353,0.013333333333333334,0.5666666666666667,0.8033333333333333,0.8374999999999999,0.5725,0.8374999999999999,8150.0,3250.0,0.24137771553196183,0.38454999999996353
stratified_size_rep000,stratified_size,0,b50_lb1_k1_eps0p005,hierarchical_local_aggregate,shot_proportional,300,60,5,0.04445444235204672,0.08406451665124852,0.24137785489956126,0.38454999999996353,0.01,0.56,0.8033333333333333,0.8374999999999999,0.5725,0.8374999999999999,8150.0,3250.0,0.24137785489956126,0.38454999999996353
stratified_size_rep000,stratified_size,0,b50_lb1_k1_eps0p005,hierarchical_local_aggregate,uniform,300,60,5,0.04445444235204672,0.08406451665124852,0.24137785489956126,0.38454999999996353,0.01,0.56,0.8033333333333333,0.8374999999999999,0.5725,0.8374999999999999,8150.0,3250.0,0.24137785489956126,0.38454999999996353
stratified_size_rep000,stratified_size,0,b50_lb1_k1_eps0p005,local_only_offline_aggregate,confidence,300,60,5,0.0389837684276767,0.07837213658108741,0.23955671440453227,0.38454999999996353,0.023333333333333334,0.6166666666666667,0.8133333333333334,0.735,0.5353125,0.69,9825.0,6200.0,0.23955671440453227,0.38454999999996353
stratified_size_rep000,stratified_size,0,b50_lb1_k1_eps0p005,local_only_offline_aggregate,shot_proportional,300,60,5,0.04019905303030289,0.07838049615197472,0.23954375000008366,0.38454999999996353,0.023333333333333334,0.61,0.81,0.735,0.5353125,0.69,9825.0,6200.0,0.23954375000008366,0.38454999999996353
stratified_size_rep000,stratified_size,0,b50_lb1_k1_eps0p005,local_only_offline_aggregate,uniform,300,60,5,0.0392750827275937,0.07837096701785445,0.23954375000008366,0.38454999999996353,0.02666666666666667,0.6166666666666667,0.8133333333333334,0.735,0.5353125,0.69,9825.0,6200.0,0.23954375000008366,0.38454999999996353
stratified_size_rep001,stratified_size,1,b50_lb1_k1_eps0p005,aggregate_only_sync,confidence,300,60,5,0.04429441037609928,0.07898516714470369,0.23502314070358007,0.3822499999999638,0.016666666666666666,0.5733333333333334,0.7966666666666666,0.83875,0.5625,0.83875,8150.0,3225.0,0.23502314070358007,0.3822499999999638
stratified_size_rep001,stratified_size,1,b50_lb1_k1_eps0p005,aggregate_only_sync,shot_proportional,300,60,5,0.04429441037609928,0.07898516714470369,0.23502314070358007,0.3822499999999638,0.016666666666666666,0.5733333333333334,0.7966666666666666,0.83875,0.5625,0.83875,8150.0,3225.0,0.23502314070358007,0.3822499999999638
stratified_size_rep001,stratified_size,1,b50_lb1_k1_eps0p005,aggregate_only_sync,uniform,300,60,5,0.04429441037609928,0.07898516714470369,0.23502314070358007,0.3822499999999638,0.016666666666666666,0.5733333333333334,0.7966666666666666,0.83875,0.5625,0.83875,8150.0,3225.0,0.23502314070358007,0.3822499999999638
stratified_size_rep001,stratified_size,1,b50_lb1_k1_eps0p005,hierarchical_local_aggregate,confidence,300,60,5,0.04370603001315157,0.07898359921161205,0.23501430844434282,0.3822499999999638,0.013333333333333334,0.5766666666666667,0.7966666666666666,0.83875,0.5625,0.83875,8125.0,3225.0,0.23501430844434282,0.3822499999999638
stratified_size_rep001,stratified_size,1,b50_lb1_k1_eps0p005,hierarchical_local_aggregate,shot_proportional,300,60,5,0.04433505170316272,0.07898516714470369,0.23502314070358007,0.3822499999999638,0.016666666666666666,0.5733333333333334,0.7966666666666666,0.83875,0.5625,0.83875,8125.0,3225.0,0.23502314070358007,0.3822499999999638
stratified_size_rep001,stratified_size,1,b50_lb1_k1_eps0p005,hierarchical_local_aggregate,uniform,300,60,5,0.04433505170316272,0.07898516714470369,0.23502314070358007,0.3822499999999638,0.016666666666666666,0.5733333333333334,0.7966666666666666,0.83875,0.5625,0.83875,8125.0,3225.0,0.23502314070358007,0.3822499999999638
stratified_size_rep001,stratified_size,1,b50_lb1_k1_eps0p005,local_only_offline_aggregate,confidence,300,60,5,0.038264838034328466,0.07823995059074915,0.23346077278550512,0.3822499999999638,0.03333333333333333,0.6233333333333333,0.8033333333333333,0.754375,0.5262500000000001,0.7424999999999999,9925.0,5150.0,0.23346077278550512,0.3822499999999638
stratified_size_rep001,stratified_size,1,b50_lb1_k1_eps0p005,local_only_offline_aggregate,shot_proportional,300,60,5,0.038922866172534466,0.07824831016163644,0.23345961276968624,0.3822499999999638,0.03333333333333333,0.62,0.8,0.754375,0.5262500000000001,0.7424999999999999,9925.0,5150.0,0.23345961276968624,0.3822499999999638
stratified_size_rep001,stratified_size,1,b50_lb1_k1_eps0p005,local_only_offline_aggregate,uniform,300,60,5,0.03832359257852459,0.07823878102751619,0.23344807474881504,0.3822499999999638,0.03666666666666667,0.6233333333333333,0.8033333333333333,0.754375,0.5262500000000001,0.7424999999999999,9925.0,5150.0,0.23344807474881504,0.3822499999999638
stratified_size_rep002,stratified_size,2,b50_lb1_k1_eps0p005,aggregate_only_sync,confidence,300,60,5,0.04340641711229948,0.0765037433491507,0.21499354032791074,0.38454999999996353,0.01,0.5833333333333334,0.8266666666666667,0.874375,0.6271875,0.874375,6912.5,2512.5,0.21499354032791074,0.38454999999996353
stratified_size_rep002,stratified_size,2,b50_lb1_k1_eps0p005,aggregate_only_sync,shot_proportional,300,60,5,0.04340641711229948,0.0765037433491507,0.21499354032791074,0.38454999999996353,0.01,0.5833333333333334,0.8266666666666667,0.874375,0.6271875,0.874375,6912.5,2512.5,0.21499354032791074,0.38454999999996353
stratified_size_rep002,stratified_size,2,b50_lb1_k1_eps0p005,aggregate_only_sync,uniform,300,60,5,0.04340641711229948,0.0765037433491507,0.21499354032791074,0.38454999999996353,0.01,0.5833333333333334,0.8266666666666667,0.874375,0.6271875,0.874375,6912.5,2512.5,0.21499354032791074,0.38454999999996353
stratified_size_rep002,stratified_size,2,b50_lb1_k1_eps0p005,hierarchical_local_aggregate,confidence,300,60,5,0.04245255379390222,0.07646308662875842,0.21498892015858725,0.38454999999996353,0.013333333333333334,0.59,0.8266666666666667,0.8746875000000001,0.6271875,0.874375,6775.0,2512.5,0.21498892015858725,0.38454999999996353
stratified_size_rep002,stratified_size,2,b50_lb1_k1_eps0p005,hierarchical_local_aggregate,shot_proportional,300,60,5,0.04340641711229948,0.07661050760341556,0.21499354032791074,0.38454999999996353,0.01,0.5833333333333334,0.8266666666666667,0.8746875000000001,0.6271875,0.874375,6775.0,2512.5,0.21499354032791074,0.38454999999996353
stratified_size_rep002,stratified_size,2,b50_lb1_k1_eps0p005,hierarchical_local_aggregate,uniform,300,60,5,0.04340641711229948,0.07661050760341556,0.21499354032791074,0.38454999999996353,0.01,0.5833333333333334,0.8266666666666667,0.8746875000000001,0.6271875,0.874375,6775.0,2512.5,0.21499354032791074,0.38454999999996353
stratified_size_rep002,stratified_size,2,b50_lb1_k1_eps0p005,local_only_offline_aggregate,confidence,300,60,5,0.037397374917694834,0.07132514611327265,0.21215198467032176,0.38454999999996353,0.016666666666666666,0.64,0.8366666666666667,0.81625,0.56625,0.795,9350.0,4100.0,0.21215198467032176,0.38454999999996353
stratified_size_rep002,stratified_size,2,b50_lb1_k1_eps0p005,local_only_offline_aggregate,shot_proportional,300,60,5,0.03840345878136191,0.07177320774004224,0.21215027227220054,0.38454999999996353,0.016666666666666666,0.6333333333333333,0.8333333333333334,0.81625,0.56625,0.795,9350.0,4100.0,0.21215027227220054,0.38454999999996353
stratified_size_rep002,stratified_size,2,b50_lb1_k1_eps0p005,local_only_offline_aggregate,uniform,300,60,5,0.03724165903071003,0.07138347845826742,0.21213862814075485,0.38454999999996353,0.02,0.64,0.8366666666666667,0.81625,0.56625,0.795,9350.0,4100.0,0.21213862814075485,0.38454999999996353
stratified_size_rep003,stratified_size,3,b50_lb1_k1_eps0p005,aggregate_only_sync,confidence,300,60,5,0.04429441037609928,0.08618962765957447,0.23502314070358007,0.3822499999999638,0.016666666666666666,0.5533333333333333,0.8,0.849375,0.574375,0.849375,7900.0,3012.5,0.23502314070358007,0.3822499999999638
stratified_size_rep003,stratified_size,3,b50_lb1_k1_eps0p005,aggregate_only_sync,shot_proportional,300,60,5,0.04429441037609928,0.08618962765957447,0.23502314070358007,0.3822499999999638,0.016666666666666666,0.5533333333333333,0.8,0.849375,0.574375,0.849375,7900.0,3012.5,0.23502314070358007,0.3822499999999638
stratified_size_rep003,stratified_size,3,b50_lb1_k1_eps0p005,aggregate_only_sync,uniform,300,60,5,0.04429441037609928,0.08618962765957447,0.23502314070358007,0.3822499999999638,0.016666666666666666,0.5533333333333333,0.8,0.849375,0.574375,0.849375,7900.0,3012.5,0.23502314070358007,0.3822499999999638
stratified_size_rep003,stratified_size,3,b50_lb1_k1_eps0p005,hierarchical_local_aggregate,confidence,300,60,5,0.043964480199742015,0.08610864230845848,0.23501430844434282,0.3822499999999638,0.013333333333333334,0.56,0.8,0.849375,0.574375,0.849375,7875.0,3012.5,0.23501430844434282,0.3822499999999638
stratified_size_rep003,stratified_size,3,b50_lb1_k1_eps0p005,hierarchical_local_aggregate,shot_proportional,300,60,5,0.04433505170316272,0.08618962765957447,0.23502314070358007,0.3822499999999638,0.016666666666666666,0.5533333333333333,0.8,0.849375,0.574375,0.849375,7875.0,3012.5,0.23502314070358007,0.3822499999999638
stratified_size_rep003,stratified_size,3,b50_lb1_k1_eps0p005,hierarchical_local_aggregate,uniform,300,60,5,0.04433505170316272,0.08618962765957447,0.23502314070358007,0.3822499999999638,0.016666666666666666,0.5533333333333333,0.8,0.849375,0.574375,0.849375,7875.0,3012.5,0.23502314070358007,0.3822499999999638
stratified_size_rep003,stratified_size,3,b50_lb1_k1_eps0p005,local_only_offline_aggregate,confidence,300,60,5,0.039959464479247864,0.07845996376811476,0.23346077278550512,0.3822499999999638,0.03333333333333333,0.6166666666666667,0.8033333333333333,0.764375,0.5353125,0.755,9875.0,4900.0,0.23346077278550512,0.3822499999999638
stratified_size_rep003,stratified_size,3,b50_lb1_k1_eps0p005,local_only_offline_aggregate,shot_proportional,300,60,5,0.04053465375138919,0.07845996376811476,0.23345961276968624,0.3822499999999638,0.03333333333333333,0.61,0.8033333333333333,0.764375,0.5353125,0.755,9875.0,4900.0,0.23345961276968624,0.3822499999999638
stratified_size_rep003,stratified_size,3,b50_lb1_k1_eps0p005,local_only_offline_aggregate,uniform,300,60,5,0.04019967668599726,0.07845996376811476,0.23344807474881504,0.3822499999999638,0.03666666666666667,0.6166666666666667,0.8033333333333333,0.764375,0.5353125,0.755,9875.0,4900.0,0.23344807474881504,0.3822499999999638
stratified_size_rep004,stratified_size,4,b50_lb1_k1_eps0p005,aggregate_only_sync,confidence,300,60,5,0.04435512820512775,0.07735857975613347,0.23502314070358007,0.3822499999999638,0.016666666666666666,0.5566666666666666,0.8233333333333334,0.84375,0.5875,0.84375,8000.0,3125.0,0.23502314070358007,0.3822499999999638
stratified_size_rep004,stratified_size,4,b50_lb1_k1_eps0p005,aggregate_only_sync,shot_proportional,300,60,5,0.04435512820512775,0.07735857975613347,0.23502314070358007,0.3822499999999638,0.016666666666666666,0.5566666666666666,0.8233333333333334,0.84375,0.5875,0.84375,8000.0,3125.0,0.23502314070358007,0.3822499999999638
stratified_size_rep004,stratified_size,4,b50_lb1_k1_eps0p005,aggregate_only_sync,uniform,300,60,5,0.04435512820512775,0.07735857975613347,0.23502314070358007,0.3822499999999638,0.016666666666666666,0.5566666666666666,0.8233333333333334,0.84375,0.5875,0.84375,8000.0,3125.0,0.23502314070358007,0.3822499999999638
stratified_size_rep004,stratified_size,4,b50_lb1_k1_eps0p005,hierarchical_local_aggregate,confidence,300,60,5,0.044174812394201346,0.07723460331191809,0.23501430844434282,0.3822499999999638,0.01,0.5633333333333334,0.8233333333333334,0.84375,0.5875,0.84375,7950.0,3125.0,0.23501430844434282,0.3822499999999638
stratified_size_rep004,stratified_size,4,b50_lb1_k1_eps0p005,hierarchical_local_aggregate,shot_proportional,300,60,5,0.04445444235204672,0.07769297331150149,0.23502314070358007,0.3822499999999638,0.016666666666666666,0.5566666666666666,0.8233333333333334,0.84375,0.5875,0.84375,7950.0,3125.0,0.23502314070358007,0.3822499999999638
stratified_size_rep004,stratified_size,4,b50_lb1_k1_eps0p005,hierarchical_local_aggregate,uniform,300,60,5,0.04445444235204672,0.07769297331150149,0.23502314070358007,0.3822499999999638,0.016666666666666666,0.5566666666666666,0.8233333333333334,0.84375,0.5875,0.84375,7950.0,3125.0,0.23502314070358007,0.3822499999999638
stratified_size_rep004,stratified_size,4,b50_lb1_k1_eps0p005,local_only_offline_aggregate,confidence,300,60,5,0.04020788497768335,0.07156958855701709,0.2332798326412769,0.3822499999999638,0.03,0.62,0.8266666666666667,0.7809375000000001,0.53975,0.7625,9950.0,4750.0,0.2332798326412769,0.3822499999999638
stratified_size_rep004,stratified_size,4,b50_lb1_k1_eps0p005,local_only_offline_aggregate,shot_proportional,300,60,5,0.04072404179405345,0.07190091839797168,0.2332715808823311,0.3822499999999638,0.03,0.6133333333333333,0.8266666666666667,0.7809375000000001,0.53975,0.7625,9950.0,4750.0,0.2332715808823311,0.3822499999999638
stratified_size_rep004,stratified_size,4,b50_lb1_k1_eps0p005,local_only_offline_aggregate,uniform,300,60,5,0.04027809522062604,0.07161136685807742,0.23327097361807472,0.3822499999999638,0.03,0.62,0.8266666666666667,0.7809375000000001,0.53975,0.7625,9950.0,4750.0,0.23327097361807472,0.3822499999999638
stratified_size_rep005,stratified_size,5,b50_lb1_k1_eps0p005,aggregate_only_sync,confidence,300,60,5,0.04384793233082695,0.08618962765957447,0.23502314070358007,0.3822499999999638,0.016666666666666666,0.57,0.7966666666666666,0.8681249999999999,0.56625,0.8681249999999999,7450.0,2637.5,0.23502314070358007,0.3822499999999638
stratified_size_rep005,stratified_size,5,b50_lb1_k1_eps0p005,aggregate_only_sync,shot_proportional,300,60,5,0.04384793233082695,0.08618962765957447,0.23502314070358007,0.3822499999999638,0.016666666666666666,0.57,0.7966666666666666,0.8681249999999999,0.56625,0.8681249999999999,7450.0,2637.5,0.23502314070358007,0.3822499999999638
stratified_size_rep005,stratified_size,5,b50_lb1_k1_eps0p005,aggregate_only_sync,uniform,300,60,5,0.04384793233082695,0.08618962765957447,0.23502314070358007,0.3822499999999638,0.016666666666666666,0.57,0.7966666666666666,0.8681249999999999,0.56625,0.8681249999999999,7450.0,2637.5,0.23502314070358007,0.3822499999999638
stratified_size_rep005,stratified_size,5,b50_lb1_k1_eps0p005,hierarchical_local_aggregate,confidence,300,60,5,0.04280212468444246,0.08610864230845848,0.23501430844434282,0.3822499999999638,0.013333333333333334,0.5766666666666667,0.7966666666666666,0.8681249999999999,0.56625,0.8681249999999999,7375.0,2637.5,0.23501430844434282,0.3822499999999638
stratified_size_rep005,stratified_size,5,b50_lb1_k1_eps0p005,hierarchical_local_aggregate,shot_proportional,300,60,5,0.04384793233082695,0.08618962765957447,0.23502314070358007,0.3822499999999638,0.016666666666666666,0.57,0.7966666666666666,0.8681249999999999,0.56625,0.8681249999999999,7375.0,2637.5,0.23502314070358007,0.3822499999999638
stratified_size_rep005,stratified_size,5,b50_lb1_k1_eps0p005,hierarchical_local_aggregate,uniform,300,60,5,0.04384793233082695,0.08618962765957447,0.23502314070358007,0.3822499999999638,0.016666666666666666,0.57,0.7966666666666666,0.8681249999999999,0.56625,0.8681249999999999,7375.0,2637.5,0.23502314070358007,0.3822499999999638
stratified_size_rep005,stratified_size,5,b50_lb1_k1_eps0p005,local_only_offline_aggregate,confidence,300,60,5,0.038377453047224674,0.07845996376811476,0.23346077278550512,0.3822499999999638,0.02666666666666667,0.62,0.8,0.801875,0.5262500000000001,0.79,9675.0,4200.0,0.23346077278550512,0.3822499999999638
stratified_size_rep005,stratified_size,5,b50_lb1_k1_eps0p005,local_only_offline_aggregate,shot_proportional,300,60,5,0.03946299606698912,0.07845996376811476,0.23345961276968624,0.3822499999999638,0.02666666666666667,0.6133333333333333,0.8,0.801875,0.5262500000000001,0.79,9675.0,4200.0,0.23345961276968624,0.3822499999999638
stratified_size_rep005,stratified_size,5,b50_lb1_k1_eps0p005,local_only_offline_aggregate,uniform,300,60,5,0.0384875992063491,0.07845996376811476,0.23344807474881504,0.3822499999999638,0.03,0.62,0.8,0.801875,0.5262500000000001,0.79,9675.0,4200.0,0.23344807474881504,0.3822499999999638
stratified_size_rep006,stratified_size,6,b50_lb1_k1_eps0p005,aggregate_only_sync,confidence,300,60,5,0.043264322804737895,0.07784109883364015,0.23535468278894367,0.38454999999996353,0.016666666666666666,0.5833333333333334,0.81,0.8725,0.60375,0.8725,7050.0,2550.0,0.23535468278894367,0.38454999999996353
stratified_size_rep006,stratified_size,6,b50_lb1_k1_eps0p005,aggregate_only_sync,shot_proportional,300,60,5,0.043264322804737895,0.07784109883364015,0.23535468278894367,0.38454999999996353,0.016666666666666666,0.5833333333333334,0.81,0.8725,0.60375,0.8725,7050.0,2550.0,0.23535468278894367,0.38454999999996353
stratified_size_rep006,stratified_size,6,b50_lb1_k1_eps0p005,aggregate_only_sync,uniform,300,60,5,0.043264322804737895,0.07784109883364015,0.23535468278894367,0.38454999999996353,0.016666666666666666,0.5833333333333334,0.81,0.8725,0.60375,0.8725,7050.0,2550.0,0.23535468278894367,0.38454999999996353
stratified_size_rep006,stratified_size,6,b50_lb1_k1_eps0p005,hierarchical_local_aggregate,confidence,300,60,5,0.042224859732252165,0.07783507998452446,0.23535033188991275,0.38454999999996353,0.013333333333333334,0.59,0.81,0.8746875000000001,0.60375,0.874375,6775.0,2512.5,0.23535033188991275,0.38454999999996353
stratified_size_rep006,stratified_size,6,b50_lb1_k1_eps0p005,hierarchical_local_aggregate,shot_proportional,300,60,5,0.043264322804737895,0.07788340121136048,0.23535468278894367,0.38454999999996353,0.016666666666666666,0.5833333333333334,0.81,0.8746875000000001,0.60375,0.874375,6775.0,2512.5,0.23535468278894367,0.38454999999996353
stratified_size_rep006,stratified_size,6,b50_lb1_k1_eps0p005,hierarchical_local_aggregate,uniform,300,60,5,0.043264322804737895,0.07788340121136048,0.23535468278894367,0.38454999999996353,0.016666666666666666,0.5833333333333334,0.81,0.8746875000000001,0.60375,0.874375,6775.0,2512.5,0.23535468278894367,0.38454999999996353
stratified_size_rep006,stratified_size,6,b50_lb1_k1_eps0p005,local_only_offline_aggregate,confidence,300,60,5,0.03691693502554687,0.07197134655304574,0.23404259900858085,0.38454999999996353,0.03333333333333333,0.6366666666666667,0.8133333333333334,0.801875,0.5557812500000001,0.79375,9275.0,4125.0,0.23404259900858085,0.38454999999996353
stratified_size_rep006,stratified_size,6,b50_lb1_k1_eps0p005,local_only_offline_aggregate,shot_proportional,300,60,5,0.03790825773241081,0.07238490562808389,0.23404194409548365,0.38454999999996353,0.03333333333333333,0.6333333333333333,0.8133333333333334,0.801875,0.5557812500000001,0.79375,9275.0,4125.0,0.23404194409548365,0.38454999999996353
stratified_size_rep006,stratified_size,6,b50_lb1_k1_eps0p005,local_only_offline_aggregate,uniform,300,60,5,0.03679514889742662,0.07202149239058597,0.23404194409548365,0.38454999999996353,0.03666666666666667,0.6366666666666667,0.8133333333333334,0.801875,0.5557812500000001,0.79375,9275.0,4125.0,0.23404194409548365,0.38454999999996353
stratified_size_rep007,stratified_size,7,b50_lb1_k1_eps0p005,aggregate_only_sync,confidence,300,60,5,0.04415096868884513,0.08671197104018906,0.24195272927135344,0.38454999999996353,0.01,0.5666666666666667,0.79,0.855,0.546875,0.855,7887.5,2900.0,0.24195272927135344,0.38454999999996353
stratified_size_rep007,stratified_size,7,b50_lb1_k1_eps0p005,aggregate_only_sync,shot_proportional,300,60,5,0.04415096868884513,0.08671197104018906,0.24195272927135344,0.38454999999996353,0.01,0.5666666666666667,0.79,0.855,0.546875,0.855,7887.5,2900.0,0.24195272927135344,0.38454999999996353
stratified_size_rep007,stratified_size,7,b50_lb1_k1_eps0p005,aggregate_only_sync,uniform,300,60,5,0.04415096868884513,0.08671197104018906,0.24195272927135344,0.38454999999996353,0.01,0.5666666666666667,0.79,0.855,0.546875,0.855,7887.5,2900.0,0.24195272927135344,0.38454999999996353
stratified_size_rep007,stratified_size,7,b50_lb1_k1_eps0p005,hierarchical_local_aggregate,confidence,300,60,5,0.043469752642629214,0.08646202006413953,0.24195152760424624,0.38454999999996353,0.013333333333333334,0.5733333333333334,0.79,0.855,0.546875,0.855,7862.5,2900.0,0.24195152760424624,0.38454999999996353
stratified_size_rep007,stratified_size,7,b50_lb1_k1_eps0p005,hierarchical_local_aggregate,shot_proportional,300,60,5,0.044237096768174125,0.08671197104018906,0.24195272927135344,0.38454999999996353,0.01,0.5666666666666667,0.79,0.855,0.546875,0.855,7862.5,2900.0,0.24195272927135344,0.38454999999996353
stratified_size_rep007,stratified_size,7,b50_lb1_k1_eps0p005,hierarchical_local_aggregate,uniform,300,60,5,0.044237096768174125,0.08671197104018906,0.24195272927135344,0.38454999999996353,0.01,0.5666666666666667,0.79,0.855,0.546875,0.855,7862.5,2900.0,0.24195272927135344,0.38454999999996353
stratified_size_rep007,stratified_size,7,b50_lb1_k1_eps0p005,local_only_offline_aggregate,confidence,300,60,5,0.03897070923669199,0.08180406046632438,0.24106460816377986,0.38454999999996353,0.023333333333333334,0.62,0.79,0.7809375000000001,0.52125,0.7625,9825.0,4750.0,0.24106460816377986,0.38454999999996353
stratified_size_rep007,stratified_size,7,b50_lb1_k1_eps0p005,local_only_offline_aggregate,shot_proportional,300,60,5,0.04019905303030289,0.08180355932155844,0.2410462499999841,0.38454999999996353,0.023333333333333334,0.6133333333333333,0.79,0.7809375000000001,0.52125,0.7625,9825.0,4750.0,0.2410462499999841,0.38454999999996353
stratified_size_rep007,stratified_size,7,b50_lb1_k1_eps0p005,local_only_offline_aggregate,uniform,300,60,5,0.039265646938441985,0.08180116030982992,0.2410462499999841,0.38454999999996353,0.02666666666666667,0.62,0.79,0.7809375000000001,0.52125,0.7625,9825.0,4750.0,0.2410462499999841,0.38454999999996353
stratified_size_rep008,stratified_size,8,b50_lb1_k1_eps0p005,aggregate_only_sync,confidence,300,60,5,0.04340641711229948,0.08618962765957447,0.23502314070358007,0.3822499999999638,0.016666666666666666,0.5766666666666667,0.7966666666666666,0.85875,0.5953124999999999,0.85875,7812.5,2825.0,0.23502314070358007,0.3822499999999638
stratified_size_rep008,stratified_size,8,b50_lb1_k1_eps0p005,aggregate_only_sync,shot_proportional,300,60,5,0.04340641711229948,0.08618962765957447,0.23502314070358007,0.3822499999999638,0.016666666666666666,0.5766666666666667,0.7966666666666666,0.85875,0.5953124999999999,0.85875,7812.5,2825.0,0.23502314070358007,0.3822499999999638
stratified_size_rep008,stratified_size,8,b50_lb1_k1_eps0p005,aggregate_only_sync,uniform,300,60,5,0.04340641711229948,0.08618962765957447,0.23502314070358007,0.3822499999999638,0.016666666666666666,0.5766666666666667,0.7966666666666666,0.85875,0.5953124999999999,0.85875,7812.5,2825.0,0.23502314070358007,0.3822499999999638
stratified_size_rep008,stratified_size,8,b50_lb1_k1_eps0p005,hierarchical_local_aggregate,confidence,300,60,5,0.04259813473319342,0.08610864230845848,0.23501430844434282,0.3822499999999638,0.013333333333333334,0.5833333333333334,0.7966666666666666,0.85875,0.5953124999999999,0.85875,7800.0,2825.0,0.23501430844434282,0.3822499999999638
stratified_size_rep008,stratified_size,8,b50_lb1_k1_eps0p005,hierarchical_local_aggregate,shot_proportional,300,60,5,0.04340641711229948,0.08618962765957447,0.23502314070358007,0.3822499999999638,0.016666666666666666,0.5766666666666667,0.7966666666666666,0.85875,0.5953124999999999,0.85875,7800.0,2825.0,0.23502314070358007,0.3822499999999638
stratified_size_rep008,stratified_size,8,b50_lb1_k1_eps0p005,hierarchical_local_aggregate,uniform,300,60,5,0.04340641711229948,0.08618962765957447,0.23502314070358007,0.3822499999999638,0.016666666666666666,0.5766666666666667,0.7966666666666666,0.85875,0.5953124999999999,0.85875,7800.0,2825.0,0.23502314070358007,0.3822499999999638
stratified_size_rep008,stratified_size,8,b50_lb1_k1_eps0p005,local_only_offline_aggregate,confidence,300,60,5,0.03781227574607476,0.07845996376811476,0.23346077278550512,0.3822499999999638,0.03333333333333333,0.6233333333333333,0.8066666666666666,0.7884375,0.54578125,0.78,9625.0,4400.0,0.23346077278550512,0.3822499999999638
stratified_size_rep008,stratified_size,8,b50_lb1_k1_eps0p005,local_only_offline_aggregate,shot_proportional,300,60,5,0.0386546314547448,0.07845996376811476,0.23345961276968624,0.3822499999999638,0.03333333333333333,0.62,0.8033333333333333,0.7884375,0.54578125,0.78,9625.0,4400.0,0.23345961276968624,0.3822499999999638
stratified_size_rep008,stratified_size,8,b50_lb1_k1_eps0p005,local_only_offline_aggregate,uniform,300,60,5,0.037803864825576614,0.07845996376811476,0.23344807474881504,0.3822499999999638,0.03666666666666667,0.6233333333333333,0.8066666666666666,0.7884375,0.54578125,0.78,9625.0,4400.0,0.23344807474881504,0.3822499999999638
stratified_size_rep009,stratified_size,9,b50_lb1_k1_eps0p005,aggregate_only_sync,confidence,300,60,5,0.04258790096568698,0.08198142323174182,0.24195272927135344,0.38454999999996353,0.016666666666666666,0.5933333333333334,0.7966666666666666,0.860625,0.5965624999999999,0.860625,7450.0,2787.5,0.24195272927135344,0.38454999999996353
stratified_size_rep009,stratified_size,9,b50_lb1_k1_eps0p005,aggregate_only_sync,shot_proportional,300,60,5,0.04258790096568698,0.08198142323174182,0.24195272927135344,0.38454999999996353,0.016666666666666666,0.5933333333333334,0.7966666666666666,0.860625,0.5965624999999999,0.860625,7450.0,2787.5,0.24195272927135344,0.38454999999996353
stratified_size_rep009,stratified_size,9,b50_lb1_k1_eps0p005,aggregate_only_sync,uniform,300,60,5,0.04258790096568698,0.08198142323174182,0.24195272927135344,0.38454999999996353,0.016666666666666666,0.5933333333333334,0.7966666666666666,0.860625,0.5965624999999999,0.860625,7450.0,2787.5,0.24195272927135344,0.38454999999996353
stratified_size_rep009,stratified_size,9,b50_lb1_k1_eps0p005,hierarchical_local_aggregate,confidence,300,60,5,0.0423105711196136,0.08139396714911287,0.24195152760424624,0.38454999999996353,0.01,0.5966666666666667,0.7966666666666666,0.860625,0.5965624999999999,0.860625,7450.0,2787.5,0.24195152760424624,0.38454999999996353
stratified_size_rep009,stratified_size,9,b50_lb1_k1_eps0p005,hierarchical_local_aggregate,shot_proportional,300,60,5,0.04283423018606829,0.08198142323174182,0.24195272927135344,0.38454999999996353,0.016666666666666666,0.5933333333333334,0.7966666666666666,0.860625,0.5965624999999999,0.860625,7450.0,2787.5,0.24195272927135344,0.38454999999996353
stratified_size_rep009,stratified_size,9,b50_lb1_k1_eps0p005,hierarchical_local_aggregate,uniform,300,60,5,0.04283423018606829,0.08198142323174182,0.24195272927135344,0.38454999999996353,0.016666666666666666,0.5933333333333334,0.7966666666666666,0.860625,0.5965624999999999,0.860625,7450.0,2787.5,0.24195272927135344,0.38454999999996353
stratified_size_rep009,stratified_size,9,b50_lb1_k1_eps0p005,local_only_offline_aggregate,confidence,300,60,5,0.03691693502554687,0.07510067193252773,0.24019333455930766,0.38454999999996353,0.03,0.6333333333333333,0.8066666666666666,0.7876041666666667,0.54578125,0.78,9675.0,4400.0,0.24019333455930766,0.38454999999996353
stratified_size_rep009,stratified_size,9,b50_lb1_k1_eps0p005,local_only_offline_aggregate,shot_proportional,300,60,5,0.03790825773241081,0.07509877140590358,0.24018249999997857,0.38454999999996353,0.03,0.63,0.8033333333333333,0.7876041666666667,0.54578125,0.78,9675.0,4400.0,0.24018249999997857,0.38454999999996353
stratified_size_rep009,stratified_size,9,b50_lb1_k1_eps0p005,local_only_offline_aggregate,uniform,300,60,5,0.03679514889742662,0.07510204821807243,0.24018249999997857,0.38454999999996353,0.03,0.6333333333333333,0.8066666666666666,0.7876041666666667,0.54578125,0.78,9675.0,4400.0,0.24018249999997857,0.38454999999996353
stratified_size_rep010,stratified_size,10,b50_lb1_k1_eps0p005,aggregate_only_sync,confidence,300,60,5,0.04340641711229948,0.08716092948717835,0.24195272927135344,0.38454999999996353,0.016666666666666666,0.5666666666666667,0.7933333333333333,0.856875,0.5859375,0.856875,7750.0,2862.5,0.24195272927135344,0.38454999999996353
stratified_size_rep010,stratified_size,10,b50_lb1_k1_eps0p005,aggregate_only_sync,shot_proportional,300,60,5,0.04340641711229948,0.08716092948717835,0.24195272927135344,0.38454999999996353,0.016666666666666666,0.5666666666666667,0.7933333333333333,0.856875,0.5859375,0.856875,7750.0,2862.5,0.24195272927135344,0.38454999999996353
stratified_size_rep010,stratified_size,10,b50_lb1_k1_eps0p005,aggregate_only_sync,uniform,300,60,5,0.04340641711229948,0.08716092948717835,0.24195272927135344,0.38454999999996353,0.016666666666666666,0.5666666666666667,0.7933333333333333,0.856875,0.5859375,0.856875,7750.0,2862.5,0.24195272927135344,0.38454999999996353
stratified_size_rep010,stratified_size,10,b50_lb1_k1_eps0p005,hierarchical_local_aggregate,confidence,300,60,5,0.04280212468444246,0.08689045242541935,0.24195152760424624,0.38454999999996353,0.013333333333333334,0.57,0.7933333333333333,0.856875,0.5859375,0.856875,7750.0,2862.5,0.24195152760424624,0.38454999999996353
stratified_size_rep010,stratified_size,10,b50_lb1_k1_eps0p005,hierarchical_local_aggregate,shot_proportional,300,60,5,0.04340641711229948,0.08716092948717835,0.24195272927135344,0.38454999999996353,0.016666666666666666,0.5666666666666667,0.7933333333333333,0.856875,0.5859375,0.856875,7750.0,2862.5,0.24195272927135344,0.38454999999996353
stratified_size_rep010,stratified_size,10,b50_lb1_k1_eps0p005,hierarchical_local_aggregate,uniform,300,60,5,0.04340641711229948,0.08716092948717835,0.24195272927135344,0.38454999999996353,0.016666666666666666,0.5666666666666667,0.7933333333333333,0.856875,0.5859375,0.856875,7750.0,2862.5,0.24195272927135344,0.38454999999996353
stratified_size_rep010,stratified_size,10,b50_lb1_k1_eps0p005,local_only_offline_aggregate,confidence,300,60,5,0.0385799450093688,0.07911226209902722,0.24106460816377986,0.38454999999996353,0.03333333333333333,0.6166666666666667,0.8033333333333333,0.7876041666666667,0.53975,0.78,9700.0,4400.0,0.24106460816377986,0.38454999999996353
stratified_size_rep010,stratified_size,10,b50_lb1_k1_eps0p005,local_only_offline_aggregate,shot_proportional,300,60,5,0.03890175476675837,0.07943511234093273,0.2410462499999841,0.38454999999996353,0.03333333333333333,0.61,0.8,0.7876041666666667,0.53975,0.78,9700.0,4400.0,0.2410462499999841,0.38454999999996353
stratified_size_rep010,stratified_size,10,b50_lb1_k1_eps0p005,local_only_offline_aggregate,uniform,300,60,5,0.03857860479859819,0.07916196164302662,0.2410462499999841,0.38454999999996353,0.03666666666666667,0.6166666666666667,0.8033333333333333,0.7876041666666667,0.53975,0.78,9700.0,4400.0,0.2410462499999841,0.38454999999996353
stratified_size_rep011,stratified_size,11,b50_lb1_k1_eps0p005,aggregate_only_sync,confidence,300,60,5,0.043707142857142584,0.08716092948717835,0.24137619974880783,0.38454999999996353,0.006666666666666667,0.57,0.7933333333333333,0.865,0.5859375,0.865,7450.0,2700.0,0.24137619974880783,0.38454999999996353
stratified_size_rep011,stratified_size,11,b50_lb1_k1_eps0p005,aggregate_only_sync,shot_proportional,300,60,5,0.043707142857142584,0.08716092948717835,0.24137619974880783,0.38454999999996353,0.006666666666666667,0.57,0.7933333333333333,0.865,0.5859375,0.865,7450.0,2700.0,0.24137619974880783,0.38454999999996353
stratified_size_rep011,stratified_size,11,b50_lb1_k1_eps0p005,aggregate_only_sync,uniform,300,60,5,0.043707142857142584,0.08716092948717835,0.24137619974880783,0.38454999999996353,0.006666666666666667,0.57,0.7933333333333333,0.865,0.5859375,0.865,7450.0,2700.0,0.24137619974880783,0.38454999999996353
stratified_size_rep011,stratified_size,11,b50_lb1_k1_eps0p005,hierarchical_local_aggregate,confidence,300,60,5,0.04274360232790816,0.08713008753154368,0.24137612362684563,0.38454999999996353,0.0033333333333333335,0.5766666666666667,0.7933333333333333,0.865,0.5859375,0.865,7450.0,2700.0,0.24137612362684563,0.38454999999996353
stratified_size_rep011,stratified_size,11,b50_lb1_k1_eps0p005,hierarchical_local_aggregate,shot_proportional,300,60,5,0.043859540117416676,0.08716092948717835,0.24137619974880783,0.38454999999996353,0.006666666666666667,0.57,0.7933333333333333,0.865,0.5859375,0.865,7450.0,2700.0,0.24137619974880783,0.38454999999996353
stratified_size_rep011,stratified_size,11,b50_lb1_k1_eps0p005,hierarchical_local_aggregate,uniform,300,60,5,0.043859540117416676,0.08716092948717835,0.24137619974880783,0.38454999999996353,0.006666666666666667,0.57,0.7933333333333333,0.865,0.5859375,0.865,7450.0,2700.0,0.24137619974880783,0.38454999999996353
stratified_size_rep011,stratified_size,11,b50_lb1_k1_eps0p005,local_only_offline_aggregate,confidence,300,60,5,0.038377453047224674,0.07911226209902722,0.23955671440453227,0.38454999999996353,0.02,0.6166666666666667,0.8033333333333333,0.7884375,0.5369791666666667,0.78,9625.0,4400.0,0.23955671440453227,0.38454999999996353
stratified_size_rep011,stratified_size,11,b50_lb1_k1_eps0p005,local_only_offline_aggregate,shot_proportional,300,60,5,0.03946299606698912,0.07943511234093273,0.23954375000008366,0.38454999999996353,0.02,0.61,0.8,0.7884375,0.5369791666666667,0.78,9625.0,4400.0,0.23954375000008366,0.38454999999996353
stratified_size_rep011,stratified_size,11,b50_lb1_k1_eps0p005,local_only_offline_aggregate,uniform,300,60,5,0.0384875992063491,0.07916196164302662,0.23954375000008366,0.38454999999996353,0.023333333333333334,0.6166666666666667,0.8033333333333333,0.7884375,0.5369791666666667,0.78,9625.0,4400.0,0.23954375000008366,0.38454999999996353
stratified_size_rep012,stratified_size,12,b50_lb1_k1_eps0p005,aggregate_only_sync,confidence,300,60,5,0.043264322804737895,0.07250314163736851,0.23535468278894367,0.38454999999996353,0.016666666666666666,0.5933333333333334,0.8266666666666667,0.8687499999999999,0.5965624999999999,0.8687499999999999,7500.0,2625.0,0.23535468278894367,0.38454999999996353
stratified_size_rep012,stratified_size,12,b50_lb1_k1_eps0p005,aggregate_only_sync,shot_proportional,300,60,5,0.043264322804737895,0.07250314163736851,0.23535468278894367,0.38454999999996353,0.016666666666666666,0.5933333333333334,0.8266666666666667,0.8687499999999999,0.5965624999999999,0.8687499999999999,7500.0,2625.0,0.23535468278894367,0.38454999999996353
stratified_size_rep012,stratified_size,12,b50_lb1_k1_eps0p005,aggregate_only_sync,uniform,300,60,5,0.043264322804737895,0.07250314163736851,0.23535468278894367,0.38454999999996353,0.016666666666666666,0.5933333333333334,0.8266666666666667,0.8687499999999999,0.5965624999999999,0.8687499999999999,7500.0,2625.0,0.23535468278894367,0.38454999999996353
stratified_size_rep012,stratified_size,12,b50_lb1_k1_eps0p005,hierarchical_local_aggregate,confidence,300,60,5,0.04245255379390222,0.07236427186757147,0.23535033188991275,0.38454999999996353,0.01,0.6,0.8266666666666667,0.869375,0.5965624999999999,0.869375,7450.0,2612.5,0.23535033188991275,0.38454999999996353
stratified_size_rep012,stratified_size,12,b50_lb1_k1_eps0p005,hierarchical_local_aggregate,shot_proportional,300,60,5,0.043264322804737895,0.07250314163736851,0.23535468278894367,0.38454999999996353,0.016666666666666666,0.5933333333333334,0.8266666666666667,0.869375,0.5965624999999999,0.869375,7450.0,2612.5,0.23535468278894367,0.38454999999996353
stratified_size_rep012,stratified_size,12,b50_lb1_k1_eps0p005,hierarchical_local_aggregate,uniform,300,60,5,0.043264322804737895,0.07250314163736851,0.23535468278894367,0.38454999999996353,0.016666666666666666,0.5933333333333334,0.8266666666666667,0.869375,0.5965624999999999,0.869375,7450.0,2612.5,0.23535468278894367,0.38454999999996353
stratified_size_rep012,stratified_size,12,b50_lb1_k1_eps0p005,local_only_offline_aggregate,confidence,300,60,5,0.037397374917694834,0.06873786031042134,0.23404259900858085,0.38454999999996353,0.03,0.64,0.8366666666666667,0.801875,0.5453125,0.79,9625.0,4200.0,0.23404259900858085,0.38454999999996353
stratified_size_rep012,stratified_size,12,b50_lb1_k1_eps0p005,local_only_offline_aggregate,shot_proportional,300,60,5,0.038573237900203436,0.06873786031042134,0.23404194409548365,0.38454999999996353,0.03,0.6333333333333333,0.8333333333333334,0.801875,0.5453125,0.79,9625.0,4200.0,0.23404194409548365,0.38454999999996353
stratified_size_rep012,stratified_size,12,b50_lb1_k1_eps0p005,local_only_offline_aggregate,uniform,300,60,5,0.03728755072486973,0.06873786031042134,0.23404194409548365,0.38454999999996353,0.03,0.64,0.8366666666666667,0.801875,0.5453125,0.79,9625.0,4200.0,0.23404194409548365,0.38454999999996353
stratified_size_rep013,stratified_size,13,b50_lb1_k1_eps0p005,aggregate_only_sync,confidence,300,60,5,0.044237096768174125,0.09002349439973739,0.24137619974880783,0.38454999999996353,0.01,0.5633333333333334,0.7866666666666666,0.84,0.5625,0.84,8275.0,3200.0,0.24137619974880783,0.38454999999996353
stratified_size_rep013,stratified_size,13,b50_lb1_k1_eps0p005,aggregate_only_sync,shot_proportional,300,60,5,0.044237096768174125,0.09002349439973739,0.24137619974880783,0.38454999999996353,0.01,0.5633333333333334,0.7866666666666666,0.84,0.5625,0.84,8275.0,3200.0,0.24137619974880783,0.38454999999996353
stratified_size_rep013,stratified_size,13,b50_lb1_k1_eps0p005,aggregate_only_sync,uniform,300,60,5,0.044237096768174125,0.09002349439973739,0.24137619974880783,0.38454999999996353,0.01,0.5633333333333334,0.7866666666666666,0.84,0.5625,0.84,8275.0,3200.0,0.24137619974880783,0.38454999999996353
stratified_size_rep013,stratified_size,13,b50_lb1_k1_eps0p005,hierarchical_local_aggregate,confidence,300,60,5,0.04370603001315157,0.08964138836084426,0.24137612362684563,0.38454999999996353,0.013333333333333334,0.57,0.7866666666666666,0.84,0.5625,0.84,8150.0,3200.0,0.24137612362684563,0.38454999999996353
stratified_size_rep013,stratified_size,13,b50_lb1_k1_eps0p005,hierarchical_local_aggregate,shot_proportional,300,60,5,0.04429441037609928,0.09002349439973739,0.24137619974880783,0.38454999999996353,0.01,0.5633333333333334,0.7866666666666666,0.84,0.5625,0.84,8150.0,3200.0,0.24137619974880783,0.38454999999996353
stratified_size_rep013,stratified_size,13,b50_lb1_k1_eps0p005,hierarchical_local_aggregate,uniform,300,60,5,0.04429441037609928,0.09002349439973739,0.24137619974880783,0.38454999999996353,0.01,0.5633333333333334,0.7866666666666666,0.84,0.5625,0.84,8150.0,3200.0,0.24137619974880783,0.38454999999996353
stratified_size_rep013,stratified_size,13,b50_lb1_k1_eps0p005,local_only_offline_aggregate,confidence,300,60,5,0.0389837684276767,0.08180406046632438,0.23960212785182972,0.38454999999996353,0.023333333333333334,0.6166666666666667,0.7966666666666666,0.754375,0.5262500000000001,0.7424999999999999,9950.0,5150.0,0.23960212785182972,0.38454999999996353
stratified_size_rep013,stratified_size,13,b50_lb1_k1_eps0p005,local_only_offline_aggregate,shot_proportional,300,60,5,0.04019905303030289,0.08215720078196155,0.23958875000008364,0.38454999999996353,0.023333333333333334,0.61,0.7933333333333333,0.754375,0.5262500000000001,0.7424999999999999,9950.0,5150.0,0.23958875000008364,0.38454999999996353
stratified_size_rep013,stratified_size,13,b50_lb1_k1_eps0p005,local_only_offline_aggregate,uniform,300,60,5,0.0392750827275937,0.08180116030982992,0.23958875000008364,0.38454999999996353,0.02666666666666667,0.6166666666666667,0.7966666666666666,0.754375,0.5262500000000001,0.7424999999999999,9950.0,5150.0,0.23958875000008364,0.38454999999996353
stratified_size_rep014,stratified_size,14,b50_lb1_k1_eps0p005,aggregate_only_sync,confidence,300,60,5,0.0435707792207791,0.0765037433491507,0.23535468278894367,0.38454999999996353,0.006666666666666667,0.58,0.8233333333333334,0.869375,0.60375,0.869375,7150.0,2612.5,0.23535468278894367,0.38454999999996353
stratified_size_rep014,stratified_size,14,b50_lb1_k1_eps0p005,aggregate_only_sync,shot_proportional,300,60,5,0.0435707792207791,0.0765037433491507,0.23535468278894367,0.38454999999996353,0.006666666666666667,0.58,0.8233333333333334,0.869375,0.60375,0.869375,7150.0,2612.5,0.23535468278894367,0.38454999999996353
stratified_size_rep014,stratified_size,14,b50_lb1_k1_eps0p005,aggregate_only_sync,uniform,300,60,5,0.0435707792207791,0.0765037433491507,0.23535468278894367,0.38454999999996353,0.006666666666666667,0.58,0.8233333333333334,0.869375,0.60375,0.869375,7150.0,2612.5,0.23535468278894367,0.38454999999996353
stratified_size_rep014,stratified_size,14,b50_lb1_k1_eps0p005,hierarchical_local_aggregate,confidence,300,60,5,0.04247405489748602,0.07646308662875842,0.23535033188991275,0.38454999999996353,0.0033333333333333335,0.5866666666666667,0.8233333333333334,0.8721875,0.60375,0.871875,6950.0,2562.5,0.23535033188991275,0.38454999999996353
stratified_size_rep014,stratified_size,14,b50_lb1_k1_eps0p005,hierarchical_local_aggregate,shot_proportional,300,60,5,0.0435707792207791,0.07661050760341556,0.23535468278894367,0.38454999999996353,0.006666666666666667,0.58,0.8233333333333334,0.8721875,0.60375,0.871875,6950.0,2562.5,0.23535468278894367,0.38454999999996353
stratified_size_rep014,stratified_size,14,b50_lb1_k1_eps0p005,hierarchical_local_aggregate,uniform,300,60,5,0.0435707792207791,0.07661050760341556,0.23535468278894367,0.38454999999996353,0.006666666666666667,0.58,0.8233333333333334,0.8721875,0.60375,0.871875,6950.0,2562.5,0.23535468278894367,0.38454999999996353
stratified_size_rep014,stratified_size,14,b50_lb1_k1_eps0p005,local_only_offline_aggregate,confidence,300,60,5,0.03781227574607476,0.07132514611327265,0.23358384561856393,0.38454999999996353,0.02,0.6366666666666667,0.8266666666666667,0.801875,0.54578125,0.79375,9350.0,4125.0,0.23358384561856393,0.38454999999996353
stratified_size_rep014,stratified_size,14,b50_lb1_k1_eps0p005,local_only_offline_aggregate,shot_proportional,300,60,5,0.0386546314547448,0.07177320774004224,0.23357499999998504,0.38454999999996353,0.02,0.63,0.8266666666666667,0.801875,0.54578125,0.79375,9350.0,4125.0,0.23357499999998504,0.38454999999996353
stratified_size_rep014,stratified_size,14,b50_lb1_k1_eps0p005,local_only_offline_aggregate,uniform,300,60,5,0.037803864825576614,0.07138347845826742,0.23357499999998504,0.38454999999996353,0.023333333333333334,0.6366666666666667,0.8266666666666667,0.801875,0.54578125,0.79375,9350.0,4125.0,0.23357499999998504,0.38454999999996353
stratified_size_rep015,stratified_size,15,b50_lb1_k1_eps0p005,aggregate_only_sync,confidence,300,60,5,0.04340641711229948,0.08742439102564147,0.24195272927135344,0.38454999999996353,0.01,0.5766666666666667,0.7933333333333333,0.85375,0.574375,0.85375,7500.0,2925.0,0.24195272927135344,0.38454999999996353
stratified_size_rep015,stratified_size,15,b50_lb1_k1_eps0p005,aggregate_only_sync,shot_proportional,300,60,5,0.04340641711229948,0.08742439102564147,0.24195272927135344,0.38454999999996353,0.01,0.5766666666666667,0.7933333333333333,0.85375,0.574375,0.85375,7500.0,2925.0,0.24195272927135344,0.38454999999996353
stratified_size_rep015,stratified_size,15,b50_lb1_k1_eps0p005,aggregate_only_sync,uniform,300,60,5,0.04340641711229948,0.08742439102564147,0.24195272927135344,0.38454999999996353,0.01,0.5766666666666667,0.7933333333333333,0.85375,0.574375,0.85375,7500.0,2925.0,0.24195272927135344,0.38454999999996353
stratified_size_rep015,stratified_size,15,b50_lb1_k1_eps0p005,hierarchical_local_aggregate,confidence,300,60,5,0.04259813473319342,0.0872672476706453,0.24195152760424624,0.38454999999996353,0.013333333333333334,0.5766666666666667,0.7933333333333333,0.85375,0.574375,0.85375,7500.0,2925.0,0.24195152760424624,0.38454999999996353
stratified_size_rep015,stratified_size,15,b50_lb1_k1_eps0p005,hierarchical_local_aggregate,shot_proportional,300,60,5,0.04340641711229948,0.08742439102564147,0.24195272927135344,0.38454999999996353,0.01,0.5766666666666667,0.7933333333333333,0.85375,0.574375,0.85375,7500.0,2925.0,0.24195272927135344,0.38454999999996353
stratified_size_rep015,stratified_size,15,b50_lb1_k1_eps0p005,hierarchical_local_aggregate,uniform,300,60,5,0.04340641711229948,0.08742439102564147,0.24195272927135344,0.38454999999996353,0.01,0.5766666666666667,0.7933333333333333,0.85375,0.574375,0.85375,7500.0,2925.0,0.24195272927135344,0.38454999999996353
stratified_size_rep015,stratified_size,15,b50_lb1_k1_eps0p005,local_only_offline_aggregate,confidence,300,60,5,0.03806234607218434,0.07871570412801242,0.24106460816377986,0.38454999999996353,0.023333333333333334,0.62,0.8033333333333333,0.7884375,0.5353125,0.78,9500.0,4400.0,0.24106460816377986,0.38454999999996353
stratified_size_rep015,stratified_size,15,b50_lb1_k1_eps0p005,local_only_offline_aggregate,shot_proportional,300,60,5,0.038573237900203436,0.07903855436991793,0.2410462499999841,0.38454999999996353,0.023333333333333334,0.6166666666666667,0.8,0.7884375,0.5353125,0.78,9500.0,4400.0,0.2410462499999841,0.38454999999996353
stratified_size_rep015,stratified_size,15,b50_lb1_k1_eps0p005,local_only_offline_aggregate,uniform,300,60,5,0.03804647625199929,0.07876540367201182,0.2410462499999841,0.38454999999996353,0.02666666666666667,0.62,0.8033333333333333,0.7884375,0.5353125,0.78,9500.0,4400.0,0.2410462499999841,0.38454999999996353
stratified_size_rep016,stratified_size,16,b50_lb1_k1_eps0p005,aggregate_only_sync,confidence,300,60,5,0.04366363636363621,0.08406451665124852,0.24137619974880783,0.38454999999996353,0.016666666666666666,0.57,0.8033333333333333,0.8625,0.5953124999999999,0.8625,7500.0,2750.0,0.24137619974880783,0.38454999999996353
stratified_size_rep016,stratified_size,16,b50_lb1_k1_eps0p005,aggregate_only_sync,shot_proportional,300,60,5,0.04366363636363621,0.08406451665124852,0.24137619974880783,0.38454999999996353,0.016666666666666666,0.57,0.8033333333333333,0.8625,0.5953124999999999,0.8625,7500.0,2750.0,0.24137619974880783,0.38454999999996353
stratified_size_rep016,stratified_size,16,b50_lb1_k1_eps0p005,aggregate_only_sync,uniform,300,60,5,0.04366363636363621,0.08406451665124852,0.24137619974880783,0.38454999999996353,0.016666666666666666,0.57,0.8033333333333333,0.8625,0.5953124999999999,0.8625,7500.0,2750.0,0.24137619974880783,0.38454999999996353
stratified_size_rep016,stratified_size,16,b50_lb1_k1_eps0p005,hierarchical_local_aggregate,confidence,300,60,5,0.04306070827252867,0.0840613772902112,0.24137612362684563,0.38454999999996353,0.013333333333333334,0.5733333333333334,0.8033333333333333,0.8625,0.5953124999999999,0.8625,7500.0,2750.0,0.24137612362684563,0.38454999999996353
stratified_size_rep016,stratified_size,16,b50_lb1_k1_eps0p005,hierarchical_local_aggregate,shot_proportional,300,60,5,0.0438160336239103,0.08406451665124852,0.24137619974880783,0.38454999999996353,0.016666666666666666,0.57,0.8033333333333333,0.8625,0.5953124999999999,0.8625,7500.0,2750.0,0.24137619974880783,0.38454999999996353
stratified_size_rep016,stratified_size,16,b50_lb1_k1_eps0p005,hierarchical_local_aggregate,uniform,300,60,5,0.0438160336239103,0.08406451665124852,0.24137619974880783,0.38454999999996353,0.016666666666666666,0.57,0.8033333333333333,0.8625,0.5953124999999999,0.8625,7500.0,2750.0,0.24137619974880783,0.38454999999996353
stratified_size_rep016,stratified_size,16,b50_lb1_k1_eps0p005,local_only_offline_aggregate,confidence,300,60,5,0.037647445243804416,0.07823995059074915,0.23955671440453227,0.38454999999996353,0.03333333333333333,0.6233333333333333,0.8133333333333334,0.7884375,0.54578125,0.78,9425.0,4400.0,0.23955671440453227,0.38454999999996353
stratified_size_rep016,stratified_size,16,b50_lb1_k1_eps0p005,local_only_offline_aggregate,shot_proportional,300,60,5,0.0386546314547448,0.07824831016163644,0.23954375000008366,0.38454999999996353,0.03333333333333333,0.6166666666666667,0.81,0.7884375,0.54578125,0.78,9425.0,4400.0,0.23954375000008366,0.38454999999996353
stratified_size_rep016,stratified_size,16,b50_lb1_k1_eps0p005,local_only_offline_aggregate,uniform,300,60,5,0.03771627288556862,0.07823878102751619,0.23954375000008366,0.38454999999996353,0.03666666666666667,0.6233333333333333,0.8133333333333334,0.7884375,0.54578125,0.78,9425.0,4400.0,0.23954375000008366,0.38454999999996353
stratified_size_rep017,stratified_size,17,b50_lb1_k1_eps0p005,aggregate_only_sync,confidence,300,60,5,0.04340641711229948,0.07784109883364015,0.21935545728646216,0.3822499999999638,0.016666666666666666,0.5833333333333334,0.8133333333333334,0.8687499999999999,0.6031249999999999,0.8687499999999999,7275.0,2625.0,0.21935545728646216,0.3822499999999638
stratified_size_rep017,stratified_size,17,b50_lb1_k1_eps0p005,aggregate_only_sync,shot_proportional,300,60,5,0.04340641711229948,0.07784109883364015,0.21935545728646216,0.3822499999999638,0.016666666666666666,0.5833333333333334,0.8133333333333334,0.8687499999999999,0.6031249999999999,0.8687499999999999,7275.0,2625.0,0.21935545728646216,0.3822499999999638
stratified_size_rep017,stratified_size,17,b50_lb1_k1_eps0p005,aggregate_only_sync,uniform,300,60,5,0.04340641711229948,0.07784109883364015,0.21935545728646216,0.3822499999999638,0.016666666666666666,0.5833333333333334,0.8133333333333334,0.8687499999999999,0.6031249999999999,0.8687499999999999,7275.0,2625.0,0.21935545728646216,0.3822499999999638
stratified_size_rep017,stratified_size,17,b50_lb1_k1_eps0p005,hierarchical_local_aggregate,confidence,300,60,5,0.04245255379390222,0.07783507998452446,0.21935547990705068,0.3822499999999638,0.013333333333333334,0.59,0.8133333333333334,0.869375,0.6031249999999999,0.869375,7150.0,2612.5,0.21935547990705068,0.3822499999999638
stratified_size_rep017,stratified_size,17,b50_lb1_k1_eps0p005,hierarchical_local_aggregate,shot_proportional,300,60,5,0.04340641711229948,0.07788340121136048,0.21935545728646216,0.3822499999999638,0.016666666666666666,0.5833333333333334,0.8133333333333334,0.869375,0.6031249999999999,0.869375,7150.0,2612.5,0.21935545728646216,0.3822499999999638
stratified_size_rep017,stratified_size,17,b50_lb1_k1_eps0p005,hierarchical_local_aggregate,uniform,300,60,5,0.04340641711229948,0.07788340121136048,0.21935545728646216,0.3822499999999638,0.016666666666666666,0.5833333333333334,0.8133333333333334,0.869375,0.6031249999999999,0.869375,7150.0,2612.5,0.21935545728646216,0.3822499999999638
stratified_size_rep017,stratified_size,17,b50_lb1_k1_eps0p005,local_only_offline_aggregate,confidence,300,60,5,0.03800483576833975,0.07268032029079198,0.2178431138426039,0.3822499999999638,0.02666666666666667,0.6366666666666667,0.82,0.801875,0.54578125,0.79,9625.0,4200.0,0.2178431138426039,0.3822499999999638
stratified_size_rep017,stratified_size,17,b50_lb1_k1_eps0p005,local_only_offline_aggregate,shot_proportional,300,60,5,0.0386757428605209,0.07268453971630007,0.21783212500005011,0.3822499999999638,0.02666666666666667,0.63,0.8166666666666667,0.801875,0.54578125,0.79,9625.0,4200.0,0.21783212500005011,0.3822499999999638
stratified_size_rep017,stratified_size,17,b50_lb1_k1_eps0p005,local_only_offline_aggregate,uniform,300,60,5,0.038232586986275505,0.07267910811556692,0.21783212500005011,0.3822499999999638,0.03,0.6366666666666667,0.82,0.801875,0.54578125,0.79,9625.0,4200.0,0.21783212500005011,0.3822499999999638
stratified_size_rep018,stratified_size,18,b50_lb1_k1_eps0p005,aggregate_only_sync,confidence,300,60,5,0.04435512820512775,0.08671197104018906,0.2207449874372141,0.38454999999996353,0.01,0.5566666666666666,0.8,0.8456250000000001,0.5859375,0.8456250000000001,8150.0,3087.5,0.2207449874372141,0.38454999999996353
stratified_size_rep018,stratified_size,18,b50_lb1_k1_eps0p005,aggregate_only_sync,shot_proportional,300,60,5,0.04435512820512775,0.08671197104018906,0.2207449874372141,0.38454999999996353,0.01,0.5566666666666666,0.8,0.8456250000000001,0.5859375,0.8456250000000001,8150.0,3087.5,0.2207449874372141,0.38454999999996353
stratified_size_rep018,stratified_size,18,b50_lb1_k1_eps0p005,aggregate_only_sync,uniform,300,60,5,0.04435512820512775,0.08671197104018906,0.2207449874372141,0.38454999999996353,0.01,0.5566666666666666,0.8,0.8456250000000001,0.5859375,0.8456250000000001,8150.0,3087.5,0.2207449874372141,0.38454999999996353
stratified_size_rep018,stratified_size,18,b50_lb1_k1_eps0p005,hierarchical_local_aggregate,confidence,300,60,5,0.044174812394201346,0.08646202006413953,0.22074503274444815,0.38454999999996353,0.013333333333333334,0.5633333333333334,0.8,0.8456250000000001,0.5859375,0.8456250000000001,8025.0,3087.5,0.22074503274444815,0.38454999999996353
stratified_size_rep018,stratified_size,18,b50_lb1_k1_eps0p005,hierarchical_local_aggregate,shot_proportional,300,60,5,0.044404193899781834,0.08671197104018906,0.2207449874372141,0.38454999999996353,0.01,0.5566666666666666,0.8,0.8456250000000001,0.5859375,0.8456250000000001,8025.0,3087.5,0.2207449874372141,0.38454999999996353
stratified_size_rep018,stratified_size,18,b50_lb1_k1_eps0p005,hierarchical_local_aggregate,uniform,300,60,5,0.044404193899781834,0.08671197104018906,0.2207449874372141,0.38454999999996353,0.01,0.5566666666666666,0.8,0.8456250000000001,0.5859375,0.8456250000000001,8025.0,3087.5,0.2207449874372141,0.38454999999996353
stratified_size_rep018,stratified_size,18,b50_lb1_k1_eps0p005,local_only_offline_aggregate,confidence,300,60,5,0.04027732605893419,0.07911226209902722,0.2190670195701581,0.38454999999996353,0.023333333333333334,0.6066666666666667,0.81,0.7809375000000001,0.53975,0.7625,9775.0,4750.0,0.2190670195701581,0.38454999999996353
stratified_size_rep018,stratified_size,18,b50_lb1_k1_eps0p005,local_only_offline_aggregate,shot_proportional,300,60,5,0.04072404179405345,0.07943511234093273,0.21905762500004947,0.38454999999996353,0.023333333333333334,0.6033333333333334,0.8066666666666666,0.7809375000000001,0.53975,0.7625,9775.0,4750.0,0.21905762500004947,0.38454999999996353
stratified_size_rep018,stratified_size,18,b50_lb1_k1_eps0p005,local_only_offline_aggregate,uniform,300,60,5,0.04020341853462879,0.07916196164302662,0.21905762500004947,0.38454999999996353,0.02666666666666667,0.6066666666666667,0.81,0.7809375000000001,0.53975,0.7625,9775.0,4750.0,0.21905762500004947,0.38454999999996353
stratified_size_rep019,stratified_size,19,b50_lb1_k1_eps0p005,aggregate_only_sync,confidence,300,60,5,0.04429441037609928,0.07968722391746572,0.23502314070358007,0.38454999999996353,0.016666666666666666,0.5566666666666666,0.8033333333333333,0.856875,0.5725,0.856875,7900.0,2862.5,0.23502314070358007,0.38454999999996353
stratified_size_rep019,stratified_size,19,b50_lb1_k1_eps0p005,aggregate_only_sync,shot_proportional,300,60,5,0.04429441037609928,0.07968722391746572,0.23502314070358007,0.38454999999996353,0.016666666666666666,0.5566666666666666,0.8033333333333333,0.856875,0.5725,0.856875,7900.0,2862.5,0.23502314070358007,0.38454999999996353
stratified_size_rep019,stratified_size,19,b50_lb1_k1_eps0p005,aggregate_only_sync,uniform,300,60,5,0.04429441037609928,0.07968722391746572,0.23502314070358007,0.38454999999996353,0.016666666666666666,0.5566666666666666,0.8033333333333333,0.856875,0.5725,0.856875,7900.0,2862.5,0.23502314070358007,0.38454999999996353
stratified_size_rep019,stratified_size,19,b50_lb1_k1_eps0p005,hierarchical_local_aggregate,confidence,300,60,5,0.04382312876077798,0.07948682311765437,0.23501430844434282,0.38454999999996353,0.013333333333333334,0.5633333333333334,0.8033333333333333,0.856875,0.5725,0.856875,7887.5,2862.5,0.23501430844434282,0.38454999999996353
stratified_size_rep019,stratified_size,19,b50_lb1_k1_eps0p005,hierarchical_local_aggregate,shot_proportional,300,60,5,0.04438530015542762,0.07968722391746572,0.23502314070358007,0.38454999999996353,0.016666666666666666,0.5566666666666666,0.8033333333333333,0.856875,0.5725,0.856875,7887.5,2862.5,0.23502314070358007,0.38454999999996353
stratified_size_rep019,stratified_size,19,b50_lb1_k1_eps0p005,hierarchical_local_aggregate,uniform,300,60,5,0.04438530015542762,0.07968722391746572,0.23502314070358007,0.38454999999996353,0.016666666666666666,0.5566666666666666,0.8033333333333333,0.856875,0.5725,0.856875,7887.5,2862.5,0.23502314070358007,0.38454999999996353
stratified_size_rep019,stratified_size,19,b50_lb1_k1_eps0p005,local_only_offline_aggregate,confidence,300,60,5,0.04027732605893419,0.07674345818911855,0.23346077278550512,0.38454999999996353,0.03333333333333333,0.6133333333333333,0.81,0.7809375000000001,0.5353125,0.7625,9775.0,4750.0,0.23346077278550512,0.38454999999996353
stratified_size_rep019,stratified_size,19,b50_lb1_k1_eps0p005,local_only_offline_aggregate,shot_proportional,300,60,5,0.04072404179405345,0.07674624471274766,0.23345961276968624,0.38454999999996353,0.03333333333333333,0.6066666666666667,0.8066666666666666,0.7809375000000001,0.5353125,0.7625,9775.0,4750.0,0.23345961276968624,0.38454999999996353
stratified_size_rep019,stratified_size,19,b50_lb1_k1_eps0p005,local_only_offline_aggregate,uniform,300,60,5,0.04027809522062604,0.07674306833470756,0.23344807474881504,0.38454999999996353,0.03666666666666667,0.6133333333333333,0.81,0.7809375000000001,0.5353125,0.7625,9775.0,4750.0,0.23344807474881504,0.38454999999996353
stratified_size_rep020,stratified_size,20,b50_lb1_k1_eps0p005,aggregate_only_sync,confidence,300,60,5,0.0435707792207791,0.07858860917368887,0.23535468278894367,0.38454999999996353,0.01,0.58,0.8066666666666666,0.8625,0.5875,0.8625,7625.0,2750.0,0.23535468278894367,0.38454999999996353
stratified_size_rep020,stratified_size,20,b50_lb1_k1_eps0p005,aggregate_only_sync,shot_proportional,300,60,5,0.0435707792207791,0.07858860917368887,0.23535468278894367,0.38454999999996353,0.01,0.58,0.8066666666666666,0.8625,0.5875,0.8625,7625.0,2750.0,0.23535468278894367,0.38454999999996353
stratified_size_rep020,stratified_size,20,b50_lb1_k1_eps0p005,aggregate_only_sync,uniform,300,60,5,0.0435707792207791,0.07858860917368887,0.23535468278894367,0.38454999999996353,0.01,0.58,0.8066666666666666,0.8625,0.5875,0.8625,7625.0,2750.0,0.23535468278894367,0.38454999999996353
stratified_size_rep020,stratified_size,20,b50_lb1_k1_eps0p005,hierarchical_local_aggregate,confidence,300,60,5,0.04274360232790816,0.07858704124059723,0.23535033188991275,0.38454999999996353,0.013333333333333334,0.5833333333333334,0.8066666666666666,0.8625,0.5875,0.8625,7625.0,2750.0,0.23535033188991275,0.38454999999996353
stratified_size_rep020,stratified_size,20,b50_lb1_k1_eps0p005,hierarchical_local_aggregate,shot_proportional,300,60,5,0.0435707792207791,0.07858860917368887,0.23535468278894367,0.38454999999996353,0.01,0.58,0.8066666666666666,0.8625,0.5875,0.8625,7625.0,2750.0,0.23535468278894367,0.38454999999996353
stratified_size_rep020,stratified_size,20,b50_lb1_k1_eps0p005,hierarchical_local_aggregate,uniform,300,60,5,0.0435707792207791,0.07858860917368887,0.23535468278894367,0.38454999999996353,0.01,0.58,0.8066666666666666,0.8625,0.5875,0.8625,7625.0,2750.0,0.23535468278894367,0.38454999999996353
stratified_size_rep020,stratified_size,20,b50_lb1_k1_eps0p005,local_only_offline_aggregate,confidence,300,60,5,0.03806234607218434,0.07498825842117143,0.23404259900858085,0.38454999999996353,0.023333333333333334,0.63,0.8166666666666667,0.7884375,0.53975,0.78,9675.0,4400.0,0.23404259900858085,0.38454999999996353
stratified_size_rep020,stratified_size,20,b50_lb1_k1_eps0p005,local_only_offline_aggregate,shot_proportional,300,60,5,0.0386546314547448,0.07498614305996029,0.23404194409548365,0.38454999999996353,0.023333333333333334,0.6233333333333333,0.8133333333333334,0.7884375,0.53975,0.78,9675.0,4400.0,0.23404194409548365,0.38454999999996353
stratified_size_rep020,stratified_size,20,b50_lb1_k1_eps0p005,local_only_offline_aggregate,uniform,300,60,5,0.03804647625199929,0.07498964454073992,0.23404194409548365,0.38454999999996353,0.02666666666666667,0.63,0.8166666666666667,0.7884375,0.53975,0.78,9675.0,4400.0,0.23404194409548365,0.38454999999996353
stratified_size_rep021,stratified_size,21,b50_lb1_k1_eps0p005,aggregate_only_sync,confidence,300,60,5,0.042939406979822056,0.08038158839063463,0.2418732631909576,0.38454999999996353,0.016666666666666666,0.5833333333333334,0.8033333333333333,0.874375,0.588125,0.874375,6800.0,2512.5,0.2418732631909576,0.38454999999996353
stratified_size_rep021,stratified_size,21,b50_lb1_k1_eps0p005,aggregate_only_sync,shot_proportional,300,60,5,0.042939406979822056,0.08038158839063463,0.2418732631909576,0.38454999999996353,0.016666666666666666,0.5833333333333334,0.8033333333333333,0.874375,0.588125,0.874375,6800.0,2512.5,0.2418732631909576,0.38454999999996353
stratified_size_rep021,stratified_size,21,b50_lb1_k1_eps0p005,aggregate_only_sync,uniform,300,60,5,0.042939406979822056,0.08038158839063463,0.2418732631909576,0.38454999999996353,0.016666666666666666,0.5833333333333334,0.8033333333333333,0.874375,0.588125,0.874375,6800.0,2512.5,0.2418732631909576,0.38454999999996353
stratified_size_rep021,stratified_size,21,b50_lb1_k1_eps0p005,hierarchical_local_aggregate,confidence,300,60,5,0.0423105711196136,0.08037595983135382,0.24187319994532036,0.38454999999996353,0.013333333333333334,0.59,0.8033333333333333,0.874375,0.588125,0.874375,6725.0,2512.5,0.24187319994532036,0.38454999999996353
stratified_size_rep021,stratified_size,21,b50_lb1_k1_eps0p005,hierarchical_local_aggregate,shot_proportional,300,60,5,0.0431379073183958,0.08038158839063463,0.2418732631909576,0.38454999999996353,0.016666666666666666,0.5833333333333334,0.8033333333333333,0.874375,0.588125,0.874375,6725.0,2512.5,0.2418732631909576,0.38454999999996353
stratified_size_rep021,stratified_size,21,b50_lb1_k1_eps0p005,hierarchical_local_aggregate,uniform,300,60,5,0.0431379073183958,0.08038158839063463,0.2418732631909576,0.38454999999996353,0.016666666666666666,0.5833333333333334,0.8033333333333333,0.874375,0.588125,0.874375,6725.0,2512.5,0.2418732631909576,0.38454999999996353
stratified_size_rep021,stratified_size,21,b50_lb1_k1_eps0p005,local_only_offline_aggregate,confidence,300,60,5,0.037397374917694834,0.07674345818911855,0.24019333455930766,0.38454999999996353,0.03333333333333333,0.6333333333333333,0.8133333333333334,0.8185416666666667,0.53975,0.795,9300.0,4100.0,0.24019333455930766,0.38454999999996353
stratified_size_rep021,stratified_size,21,b50_lb1_k1_eps0p005,local_only_offline_aggregate,shot_proportional,300,60,5,0.03840345878136191,0.07674624471274766,0.24018249999997857,0.38454999999996353,0.03333333333333333,0.6266666666666667,0.81,0.8185416666666667,0.53975,0.795,9300.0,4100.0,0.24018249999997857,0.38454999999996353
stratified_size_rep021,stratified_size,21,b50_lb1_k1_eps0p005,local_only_offline_aggregate,uniform,300,60,5,0.03724165903071003,0.07674306833470756,0.24018249999997857,0.38454999999996353,0.03666666666666667,0.6333333333333333,0.8133333333333334,0.8185416666666667,0.53975,0.795,9300.0,4100.0,0.24018249999997857,0.38454999999996353
stratified_size_rep022,stratified_size,22,b50_lb1_k1_eps0p005,aggregate_only_sync,confidence,300,60,5,0.04429441037609928,0.0919887650384315,0.2418732631909576,0.38454999999996353,0.016666666666666666,0.5633333333333334,0.7866666666666666,0.8275,0.5715625,0.8275,8462.5,3450.0,0.2418732631909576,0.38454999999996353
stratified_size_rep022,stratified_size,22,b50_lb1_k1_eps0p005,aggregate_only_sync,shot_proportional,300,60,5,0.04429441037609928,0.0919887650384315,0.2418732631909576,0.38454999999996353,0.016666666666666666,0.5633333333333334,0.7866666666666666,0.8275,0.5715625,0.8275,8462.5,3450.0,0.2418732631909576,0.38454999999996353
stratified_size_rep022,stratified_size,22,b50_lb1_k1_eps0p005,aggregate_only_sync,uniform,300,60,5,0.04429441037609928,0.0919887650384315,0.2418732631909576,0.38454999999996353,0.016666666666666666,0.5633333333333334,0.7866666666666666,0.8275,0.5715625,0.8275,8462.5,3450.0,0.2418732631909576,0.38454999999996353
stratified_size_rep022,stratified_size,22,b50_lb1_k1_eps0p005,hierarchical_local_aggregate,confidence,300,60,5,0.043964480199742015,0.0919969304930328,0.24187319994532036,0.38454999999996353,0.013333333333333334,0.57,0.7866666666666666,0.8275,0.5715625,0.8275,8462.5,3450.0,0.24187319994532036,0.38454999999996353
stratified_size_rep022,stratified_size,22,b50_lb1_k1_eps0p005,hierarchical_local_aggregate,shot_proportional,300,60,5,0.044380912269611814,0.0919887650384315,0.2418732631909576,0.38454999999996353,0.016666666666666666,0.5633333333333334,0.7866666666666666,0.8275,0.5715625,0.8275,8462.5,3450.0,0.2418732631909576,0.38454999999996353
stratified_size_rep022,stratified_size,22,b50_lb1_k1_eps0p005,hierarchical_local_aggregate,uniform,300,60,5,0.044380912269611814,0.0919887650384315,0.2418732631909576,0.38454999999996353,0.016666666666666666,0.5633333333333334,0.7866666666666666,0.8275,0.5715625,0.8275,8462.5,3450.0,0.2418732631909576,0.38454999999996353
stratified_size_rep022,stratified_size,22,b50_lb1_k1_eps0p005,local_only_offline_aggregate,confidence,300,60,5,0.039959464479247864,0.08309926970301906,0.24019333455930766,0.38454999999996353,0.03333333333333333,0.6066666666666667,0.7966666666666666,0.735,0.5353125,0.69,9900.0,6200.0,0.24019333455930766,0.38454999999996353
stratified_size_rep022,stratified_size,22,b50_lb1_k1_eps0p005,local_only_offline_aggregate,shot_proportional,300,60,5,0.04031867036398273,0.08331569554146215,0.24018249999997857,0.38454999999996353,0.03333333333333333,0.6,0.7933333333333333,0.735,0.5353125,0.69,9900.0,6200.0,0.24018249999997857,0.38454999999996353
stratified_size_rep022,stratified_size,22,b50_lb1_k1_eps0p005,local_only_offline_aggregate,uniform,300,60,5,0.04019967668599726,0.08309633147152058,0.24018249999997857,0.38454999999996353,0.03666666666666667,0.6066666666666667,0.7966666666666666,0.735,0.5353125,0.69,9900.0,6200.0,0.24018249999997857,0.38454999999996353
stratified_size_rep023,stratified_size,23,b50_lb1_k1_eps0p005,aggregate_only_sync,confidence,300,60,5,0.04433184657495773,0.08671197104018906,0.2418732631909576,0.38454999999996353,0.006666666666666667,0.5633333333333334,0.8,0.84,0.5825,0.84,7900.0,3200.0,0.2418732631909576,0.38454999999996353
stratified_size_rep023,stratified_size,23,b50_lb1_k1_eps0p005,aggregate_only_sync,shot_proportional,300,60,5,0.04433184657495773,0.08671197104018906,0.2418732631909576,0.38454999999996353,0.006666666666666667,0.5633333333333334,0.8,0.84,0.5825,0.84,7900.0,3200.0,0.2418732631909576,0.38454999999996353
stratified_size_rep023,stratified_size,23,b50_lb1_k1_eps0p005,aggregate_only_sync,uniform,300,60,5,0.04433184657495773,0.08671197104018906,0.2418732631909576,0.38454999999996353,0.006666666666666667,0.5633333333333334,0.8,0.84,0.5825,0.84,7900.0,3200.0,0.2418732631909576,0.38454999999996353
stratified_size_rep023,stratified_size,23,b50_lb1_k1_eps0p005,hierarchical_local_aggregate,confidence,300,60,5,0.043964480199742015,0.08646202006413953,0.24187319994532036,0.38454999999996353,0.0033333333333333335,0.57,0.8,0.84,0.5825,0.84,7887.5,3200.0,0.24187319994532036,0.38454999999996353
stratified_size_rep023,stratified_size,23,b50_lb1_k1_eps0p005,hierarchical_local_aggregate,shot_proportional,300,60,5,0.044404193899781834,0.08671197104018906,0.2418732631909576,0.38454999999996353,0.006666666666666667,0.5633333333333334,0.8,0.84,0.5825,0.84,7887.5,3200.0,0.2418732631909576,0.38454999999996353
stratified_size_rep023,stratified_size,23,b50_lb1_k1_eps0p005,hierarchical_local_aggregate,uniform,300,60,5,0.044404193899781834,0.08671197104018906,0.2418732631909576,0.38454999999996353,0.006666666666666667,0.5633333333333334,0.8,0.84,0.5825,0.84,7887.5,3200.0,0.2418732631909576,0.38454999999996353
stratified_size_rep023,stratified_size,23,b50_lb1_k1_eps0p005,local_only_offline_aggregate,confidence,300,60,5,0.0389837684276767,0.07911226209902722,0.24019333455930766,0.38454999999996353,0.02,0.6133333333333333,0.81,0.754375,0.53975,0.7424999999999999,9825.0,5150.0,0.24019333455930766,0.38454999999996353
stratified_size_rep023,stratified_size,23,b50_lb1_k1_eps0p005,local_only_offline_aggregate,shot_proportional,300,60,5,0.04019905303030289,0.07943511234093273,0.24018249999997857,0.38454999999996353,0.02,0.6066666666666667,0.8066666666666666,0.754375,0.53975,0.7424999999999999,9825.0,5150.0,0.24018249999997857,0.38454999999996353
stratified_size_rep023,stratified_size,23,b50_lb1_k1_eps0p005,local_only_offline_aggregate,uniform,300,60,5,0.0392750827275937,0.07916196164302662,0.24018249999997857,0.38454999999996353,0.023333333333333334,0.6133333333333333,0.81,0.754375,0.53975,0.7424999999999999,9825.0,5150.0,0.24018249999997857,0.38454999999996353
stratified_size_rep024,stratified_size,24,b50_lb1_k1_eps0p005,aggregate_only_sync,confidence,300,60,5,0.042912816790602826,0.07250314163736851,0.21867077135681515,0.38454999999996353,0.016666666666666666,0.58,0.83,0.87625,0.6246875,0.87625,6775.0,2475.0,0.21867077135681515,0.38454999999996353
stratified_size_rep024,stratified_size,24,b50_lb1_k1_eps0p005,aggregate_only_sync,shot_proportional,300,60,5,0.042912816790602826,0.07250314163736851,0.21867077135681515,0.38454999999996353,0.016666666666666666,0.58,0.83,0.87625,0.6246875,0.87625,6775.0,2475.0,0.21867077135681515,0.38454999999996353
stratified_size_rep024,stratified_size,24,b50_lb1_k1_eps0p005,aggregate_only_sync,uniform,300,60,5,0.042912816790602826,0.07250314163736851,0.21867077135681515,0.38454999999996353,0.016666666666666666,0.58,0.83,0.87625,0.6246875,0.87625,6775.0,2475.0,0.21867077135681515,0.38454999999996353
stratified_size_rep024,stratified_size,24,b50_lb1_k1_eps0p005,hierarchical_local_aggregate,confidence,300,60,5,0.0423105711196136,0.07236427186757147,0.2186707963619949,0.38454999999996353,0.013333333333333334,0.5866666666666667,0.83,0.8825000000000001,0.6246875,0.8825000000000001,6625.0,2350.0,0.2186707963619949,0.38454999999996353
stratified_size_rep024,stratified_size,24,b50_lb1_k1_eps0p005,hierarchical_local_aggregate,shot_proportional,300,60,5,0.04315914601098413,0.07250314163736851,0.21867077135681515,0.38454999999996353,0.016666666666666666,0.58,0.83,0.8825000000000001,0.6246875,0.8825000000000001,6625.0,2350.0,0.21867077135681515,0.38454999999996353
stratified_size_rep024,stratified_size,24,b50_lb1_k1_eps0p005,hierarchical_local_aggregate,uniform,300,60,5,0.04315914601098413,0.07250314163736851,0.21867077135681515,0.38454999999996353,0.016666666666666666,0.58,0.83,0.8825000000000001,0.6246875,0.8825000000000001,6625.0,2350.0,0.21867077135681515,0.38454999999996353
stratified_size_rep024,stratified_size,24,b50_lb1_k1_eps0p005,local_only_offline_aggregate,confidence,300,60,5,0.03691693502554687,0.0688315054211843,0.21709552951496872,0.38454999999996353,0.03333333333333333,0.64,0.84,0.82625,0.556875,0.8,9137.5,4000.0,0.21709552951496872,0.38454999999996353
stratified_size_rep024,stratified_size,24,b50_lb1_k1_eps0p005,local_only_offline_aggregate,shot_proportional,300,60,5,0.03790825773241081,0.0688315054211843,0.2170845000000536,0.38454999999996353,0.03333333333333333,0.6333333333333333,0.8366666666666667,0.82625,0.556875,0.8,9137.5,4000.0,0.2170845000000536,0.38454999999996353
stratified_size_rep024,stratified_size,24,b50_lb1_k1_eps0p005,local_only_offline_aggregate,uniform,300,60,5,0.03679514889742662,0.0688315054211843,0.2170845000000536,0.38454999999996353,0.03666666666666667,0.64,0.84,0.82625,0.556875,0.8,9137.5,4000.0,0.2170845000000536,0.38454999999996353
stratified_size_rep025,stratified_size,25,b50_lb1_k1_eps0p005,aggregate_only_sync,confidence,300,60,5,0.04413936090225541,0.08406451665124852,0.2418732631909576,0.38454999999996353,0.016666666666666666,0.57,0.8033333333333333,0.855,0.5875,0.855,7887.5,2900.0,0.2418732631909576,0.38454999999996353
stratified_size_rep025,stratified_size,25,b50_lb1_k1_eps0p005,aggregate_only_sync,shot_proportional,300,60,5,0.04413936090225541,0.08406451665124852,0.2418732631909576,0.38454999999996353,0.016666666666666666,0.57,0.8033333333333333,0.855,0.5875,0.855,7887.5,2900.0,0.2418732631909576,0.38454999999996353
stratified_size_rep025,stratified_size,25,b50_lb1_k1_eps0p005,aggregate_only_sync,uniform,300,60,5,0.04413936090225541,0.08406451665124852,0.2418732631909576,0.38454999999996353,0.016666666666666666,0.57,0.8033333333333333,0.855,0.5875,0.855,7887.5,2900.0,0.2418732631909576,0.38454999999996353
stratified_size_rep025,stratified_size,25,b50_lb1_k1_eps0p005,hierarchical_local_aggregate,confidence,300,60,5,0.043469752642629214,0.0840613772902112,0.24187319994532036,0.38454999999996353,0.01,0.5766666666666667,0.8033333333333333,0.855,0.5875,0.855,7862.5,2900.0,0.24187319994532036,0.38454999999996353
stratified_size_rep025,stratified_size,25,b50_lb1_k1_eps0p005,hierarchical_local_aggregate,shot_proportional,300,60,5,0.044237096768174125,0.08406451665124852,0.2418732631909576,0.38454999999996353,0.016666666666666666,0.57,0.8033333333333333,0.855,0.5875,0.855,7862.5,2900.0,0.2418732631909576,0.38454999999996353
stratified_size_rep025,stratified_size,25,b50_lb1_k1_eps0p005,hierarchical_local_aggregate,uniform,300,60,5,0.044237096768174125,0.08406451665124852,0.2418732631909576,0.38454999999996353,0.016666666666666666,0.57,0.8033333333333333,0.855,0.5875,0.855,7862.5,2900.0,0.2418732631909576,0.38454999999996353
stratified_size_rep025,stratified_size,25,b50_lb1_k1_eps0p005,local_only_offline_aggregate,confidence,300,60,5,0.03867294920972229,0.07823995059074915,0.24019333455930766,0.38454999999996353,0.03,0.6233333333333333,0.8133333333333334,0.7884375,0.5453125,0.78,9900.0,4400.0,0.24019333455930766,0.38454999999996353
stratified_size_rep025,stratified_size,25,b50_lb1_k1_eps0p005,local_only_offline_aggregate,shot_proportional,300,60,5,0.03995513485477213,0.07824831016163644,0.24018249999997857,0.38454999999996353,0.03,0.6166666666666667,0.81,0.7884375,0.5453125,0.78,9900.0,4400.0,0.24018249999997857,0.38454999999996353
stratified_size_rep025,stratified_size,25,b50_lb1_k1_eps0p005,local_only_offline_aggregate,uniform,300,60,5,0.03866664538634808,0.07823878102751619,0.24018249999997857,0.38454999999996353,0.03,0.6233333333333333,0.8133333333333334,0.7884375,0.5453125,0.78,9900.0,4400.0,0.24018249999997857,0.38454999999996353
stratified_size_rep026,stratified_size,26,b50_lb1_k1_eps0p005,aggregate_only_sync,confidence,300,60,5,0.04340641711229948,0.07063536539427429,0.21867077135681515,0.38454999999996353,0.01,0.59,0.83,0.87625,0.638125,0.87625,6800.0,2475.0,0.21867077135681515,0.38454999999996353
stratified_size_rep026,stratified_size,26,b50_lb1_k1_eps0p005,aggregate_only_sync,shot_proportional,300,60,5,0.04340641711229948,0.07063536539427429,0.21867077135681515,0.38454999999996353,0.01,0.59,0.83,0.87625,0.638125,0.87625,6800.0,2475.0,0.21867077135681515,0.38454999999996353
stratified_size_rep026,stratified_size,26,b50_lb1_k1_eps0p005,aggregate_only_sync,uniform,300,60,5,0.04340641711229948,0.07063536539427429,0.21867077135681515,0.38454999999996353,0.01,0.59,0.83,0.87625,0.638125,0.87625,6800.0,2475.0,0.21867077135681515,0.38454999999996353
stratified_size_rep026,stratified_size,26,b50_lb1_k1_eps0p005,hierarchical_local_aggregate,confidence,300,60,5,0.04238133391782464,0.07078238383300625,0.2186707963619949,0.38454999999996353,0.013333333333333334,0.5966666666666667,0.83,0.8825000000000001,0.638125,0.8825000000000001,6675.0,2350.0,0.2186707963619949,0.38454999999996353
stratified_size_rep026,stratified_size,26,b50_lb1_k1_eps0p005,hierarchical_local_aggregate,shot_proportional,300,60,5,0.04340641711229948,0.07118831520488068,0.21867077135681515,0.38454999999996353,0.01,0.59,0.83,0.8825000000000001,0.638125,0.8825000000000001,6675.0,2350.0,0.21867077135681515,0.38454999999996353
stratified_size_rep026,stratified_size,26,b50_lb1_k1_eps0p005,hierarchical_local_aggregate,uniform,300,60,5,0.04340641711229948,0.07094555113057971,0.21867077135681515,0.38454999999996353,0.01,0.59,0.83,0.8825000000000001,0.638125,0.8825000000000001,6675.0,2350.0,0.21867077135681515,0.38454999999996353
stratified_size_rep026,stratified_size,26,b50_lb1_k1_eps0p005,local_only_offline_aggregate,confidence,300,60,5,0.03691693502554687,0.06831048332960396,0.21709552951496872,0.38454999999996353,0.023333333333333334,0.6466666666666666,0.84,0.81625,0.575625,0.8,9050.0,4000.0,0.21709552951496872,0.38454999999996353
stratified_size_rep026,stratified_size,26,b50_lb1_k1_eps0p005,local_only_offline_aggregate,shot_proportional,300,60,5,0.03790825773241081,0.06831048332960396,0.2170845000000536,0.38454999999996353,0.023333333333333334,0.64,0.8366666666666667,0.81625,0.575625,0.8,9050.0,4000.0,0.2170845000000536,0.38454999999996353
stratified_size_rep026,stratified_size,26,b50_lb1_k1_eps0p005,local_only_offline_aggregate,uniform,300,60,5,0.03679514889742662,0.06831048332960396,0.2170845000000536,0.38454999999996353,0.02666666666666667,0.6466666666666666,0.84,0.81625,0.575625,0.8,9050.0,4000.0,0.2170845000000536,0.38454999999996353
stratified_size_rep027,stratified_size,27,b50_lb1_k1_eps0p005,aggregate_only_sync,confidence,300,60,5,0.04409318673395815,0.07845996376811476,0.23502314070358007,0.38454999999996353,0.006666666666666667,0.5766666666666667,0.8066666666666666,0.856875,0.5825,0.856875,7825.0,2862.5,0.23502314070358007,0.38454999999996353
stratified_size_rep027,stratified_size,27,b50_lb1_k1_eps0p005,aggregate_only_sync,shot_proportional,300,60,5,0.04409318673395815,0.07845996376811476,0.23502314070358007,0.38454999999996353,0.006666666666666667,0.5766666666666667,0.8066666666666666,0.856875,0.5825,0.856875,7825.0,2862.5,0.23502314070358007,0.38454999999996353
stratified_size_rep027,stratified_size,27,b50_lb1_k1_eps0p005,aggregate_only_sync,uniform,300,60,5,0.04409318673395815,0.07845996376811476,0.23502314070358007,0.38454999999996353,0.006666666666666667,0.5766666666666667,0.8066666666666666,0.856875,0.5825,0.856875,7825.0,2862.5,0.23502314070358007,0.38454999999996353
stratified_size_rep027,stratified_size,27,b50_lb1_k1_eps0p005,hierarchical_local_aggregate,confidence,300,60,5,0.043293028411942935,0.07845996376811476,0.23501430844434282,0.38454999999996353,0.0033333333333333335,0.5833333333333334,0.8066666666666666,0.856875,0.5825,0.856875,7800.0,2862.5,0.23501430844434282,0.38454999999996353
stratified_size_rep027,stratified_size,27,b50_lb1_k1_eps0p005,hierarchical_local_aggregate,shot_proportional,300,60,5,0.04415096868884513,0.07845996376811476,0.23502314070358007,0.38454999999996353,0.006666666666666667,0.5766666666666667,0.8066666666666666,0.856875,0.5825,0.856875,7800.0,2862.5,0.23502314070358007,0.38454999999996353
stratified_size_rep027,stratified_size,27,b50_lb1_k1_eps0p005,hierarchical_local_aggregate,uniform,300,60,5,0.04415096868884513,0.07845996376811476,0.23502314070358007,0.38454999999996353,0.006666666666666667,0.5766666666666667,0.8066666666666666,0.856875,0.5825,0.856875,7800.0,2862.5,0.23502314070358007,0.38454999999996353
stratified_size_rep027,stratified_size,27,b50_lb1_k1_eps0p005,local_only_offline_aggregate,confidence,300,60,5,0.038377453047224674,0.07426874292555319,0.23346077278550512,0.38454999999996353,0.02,0.6266666666666667,0.81,0.7876041666666667,0.53975,0.78,9675.0,4400.0,0.23346077278550512,0.38454999999996353
stratified_size_rep027,stratified_size,27,b50_lb1_k1_eps0p005,local_only_offline_aggregate,shot_proportional,300,60,5,0.038922866172534466,0.07431137521486617,0.23345961276968624,0.38454999999996353,0.02,0.6233333333333333,0.81,0.7876041666666667,0.53975,0.78,9675.0,4400.0,0.23345961276968624,0.38454999999996353
stratified_size_rep027,stratified_size,27,b50_lb1_k1_eps0p005,local_only_offline_aggregate,uniform,300,60,5,0.0384875992063491,0.07426556516172625,0.23344807474881504,0.38454999999996353,0.023333333333333334,0.6266666666666667,0.81,0.7876041666666667,0.53975,0.78,9675.0,4400.0,0.23344807474881504,0.38454999999996353
stratified_size_rep028,stratified_size,28,b50_lb1_k1_eps0p005,aggregate_only_sync,confidence,300,60,5,0.04429441037609928,0.0919887650384315,0.24195272927135344,0.38454999999996353,0.016666666666666666,0.5566666666666666,0.7833333333333333,0.8362499999999999,0.55375,0.8362499999999999,8275.0,3275.0,0.24195272927135344,0.38454999999996353
stratified_size_rep028,stratified_size,28,b50_lb1_k1_eps0p005,aggregate_only_sync,shot_proportional,300,60,5,0.04429441037609928,0.0919887650384315,0.24195272927135344,0.38454999999996353,0.016666666666666666,0.5566666666666666,0.7833333333333333,0.8362499999999999,0.55375,0.8362499999999999,8275.0,3275.0,0.24195272927135344,0.38454999999996353
stratified_size_rep028,stratified_size,28,b50_lb1_k1_eps0p005,aggregate_only_sync,uniform,300,60,5,0.04429441037609928,0.0919887650384315,0.24195272927135344,0.38454999999996353,0.016666666666666666,0.5566666666666666,0.7833333333333333,0.8362499999999999,0.55375,0.8362499999999999,8275.0,3275.0,0.24195272927135344,0.38454999999996353
stratified_size_rep028,stratified_size,28,b50_lb1_k1_eps0p005,hierarchical_local_aggregate,confidence,300,60,5,0.044174812394201346,0.0919969304930328,0.24195152760424624,0.38454999999996353,0.013333333333333334,0.56,0.7833333333333333,0.8362499999999999,0.55375,0.8362499999999999,8225.0,3275.0,0.24195152760424624,0.38454999999996353
stratified_size_rep028,stratified_size,28,b50_lb1_k1_eps0p005,hierarchical_local_aggregate,shot_proportional,300,60,5,0.04433505170316272,0.0919887650384315,0.24195272927135344,0.38454999999996353,0.016666666666666666,0.5566666666666666,0.7833333333333333,0.8362499999999999,0.55375,0.8362499999999999,8225.0,3275.0,0.24195272927135344,0.38454999999996353
stratified_size_rep028,stratified_size,28,b50_lb1_k1_eps0p005,hierarchical_local_aggregate,uniform,300,60,5,0.04433505170316272,0.0919887650384315,0.24195272927135344,0.38454999999996353,0.016666666666666666,0.5566666666666666,0.7833333333333333,0.8362499999999999,0.55375,0.8362499999999999,8225.0,3275.0,0.24195272927135344,0.38454999999996353
stratified_size_rep028,stratified_size,28,b50_lb1_k1_eps0p005,local_only_offline_aggregate,confidence,300,60,5,0.04020788497768335,0.08309926970301906,0.24106460816377986,0.38454999999996353,0.03333333333333333,0.6066666666666667,0.7933333333333333,0.754375,0.52125,0.7424999999999999,9975.0,5150.0,0.24106460816377986,0.38454999999996353
stratified_size_rep028,stratified_size,28,b50_lb1_k1_eps0p005,local_only_offline_aggregate,shot_proportional,300,60,5,0.04072404179405345,0.08331569554146215,0.2410462499999841,0.38454999999996353,0.03333333333333333,0.6033333333333334,0.79,0.754375,0.52125,0.7424999999999999,9975.0,5150.0,0.2410462499999841,0.38454999999996353
stratified_size_rep028,stratified_size,28,b50_lb1_k1_eps0p005,local_only_offline_aggregate,uniform,300,60,5,0.04030410599161534,0.08309633147152058,0.2410462499999841,0.38454999999996353,0.03666666666666667,0.6066666666666667,0.7933333333333333,0.754375,0.52125,0.7424999999999999,9975.0,5150.0,0.2410462499999841,0.38454999999996353
stratified_size_rep029,stratified_size,29,b50_lb1_k1_eps0p005,aggregate_only_sync,confidence,300,60,5,0.04258790096568698,0.09234967277486913,0.24195272927135344,0.38454999999996353,0.01,0.5766666666666667,0.7766666666666666,0.85875,0.56625,0.85875,7625.0,2825.0,0.24195272927135344,0.38454999999996353
stratified_size_rep029,stratified_size,29,b50_lb1_k1_eps0p005,aggregate_only_sync,shot_proportional,300,60,5,0.04258790096568698,0.09234967277486913,0.24195272927135344,0.38454999999996353,0.01,0.5766666666666667,0.7766666666666666,0.85875,0.56625,0.85875,7625.0,2825.0,0.24195272927135344,0.38454999999996353
stratified_size_rep029,stratified_size,29,b50_lb1_k1_eps0p005,aggregate_only_sync,uniform,300,60,5,0.04258790096568698,0.09234967277486913,0.24195272927135344,0.38454999999996353,0.01,0.5766666666666667,0.7766666666666666,0.85875,0.56625,0.85875,7625.0,2825.0,0.24195272927135344,0.38454999999996353
stratified_size_rep029,stratified_size,29,b50_lb1_k1_eps0p005,hierarchical_local_aggregate,confidence,300,60,5,0.042295622530463206,0.09234967277486913,0.24195152760424624,0.38454999999996353,0.013333333333333334,0.5766666666666667,0.7766666666666666,0.85875,0.56625,0.85875,7625.0,2825.0,0.24195152760424624,0.38454999999996353
stratified_size_rep029,stratified_size,29,b50_lb1_k1_eps0p005,hierarchical_local_aggregate,shot_proportional,300,60,5,0.04283423018606829,0.09234967277486913,0.24195272927135344,0.38454999999996353,0.01,0.5766666666666667,0.7766666666666666,0.85875,0.56625,0.85875,7625.0,2825.0,0.24195272927135344,0.38454999999996353
stratified_size_rep029,stratified_size,29,b50_lb1_k1_eps0p005,hierarchical_local_aggregate,uniform,300,60,5,0.04283423018606829,0.09234967277486913,0.24195272927135344,0.38454999999996353,0.01,0.5766666666666667,0.7766666666666666,0.85875,0.56625,0.85875,7625.0,2825.0,0.24195272927135344,0.38454999999996353
stratified_size_rep029,stratified_size,29,b50_lb1_k1_eps0p005,local_only_offline_aggregate,confidence,300,60,5,0.03700065893220534,0.08309926970301906,0.24106460816377986,0.38454999999996353,0.023333333333333334,0.6166666666666667,0.7866666666666666,0.7884375,0.5262500000000001,0.78,9625.0,4400.0,0.24106460816377986,0.38454999999996353
stratified_size_rep029,stratified_size,29,b50_lb1_k1_eps0p005,local_only_offline_aggregate,shot_proportional,300,60,5,0.03840345878136191,0.08331569554146215,0.2410462499999841,0.38454999999996353,0.023333333333333334,0.6133333333333333,0.7833333333333333,0.7884375,0.5262500000000001,0.78,9625.0,4400.0,0.2410462499999841,0.38454999999996353
stratified_size_rep029,stratified_size,29,b50_lb1_k1_eps0p005,local_only_offline_aggregate,uniform,300,60,5,0.03691145566427935,0.08309633147152058,0.2410462499999841,0.38454999999996353,0.02666666666666667,0.6166666666666667,0.7866666666666666,0.7884375,0.5262500000000001,0.78,9625.0,4400.0,0.2410462499999841,0.38454999999996353
stratified_size_rep030,stratified_size,30,b50_lb1_k1_eps0p005,aggregate_only_sync,confidence,300,60,5,0.043264322804737895,0.07802425779951142,0.24195272927135344,0.38454999999996353,0.006666666666666667,0.59,0.8033333333333333,0.875,0.5825,0.875,6812.5,2500.0,0.24195272927135344,0.38454999999996353
stratified_size_rep030,stratified_size,30,b50_lb1_k1_eps0p005,aggregate_only_sync,shot_proportional,300,60,5,0.043264322804737895,0.07802425779951142,0.24195272927135344,0.38454999999996353,0.006666666666666667,0.59,0.8033333333333333,0.875,0.5825,0.875,6812.5,2500.0,0.24195272927135344,0.38454999999996353
stratified_size_rep030,stratified_size,30,b50_lb1_k1_eps0p005,aggregate_only_sync,uniform,300,60,5,0.043264322804737895,0.07802425779951142,0.24195272927135344,0.38454999999996353,0.006666666666666667,0.59,0.8033333333333333,0.875,0.5825,0.875,6812.5,2500.0,0.24195272927135344,0.38454999999996353
stratified_size_rep030,stratified_size,30,b50_lb1_k1_eps0p005,hierarchical_local_aggregate,confidence,300,60,5,0.0423105711196136,0.07802315835291025,0.24195152760424624,0.38454999999996353,0.0033333333333333335,0.5966666666666667,0.8033333333333333,0.875,0.5825,0.875,6775.0,2500.0,0.24195152760424624,0.38454999999996353
stratified_size_rep030,stratified_size,30,b50_lb1_k1_eps0p005,hierarchical_local_aggregate,shot_proportional,300,60,5,0.043264322804737895,0.07802425779951142,0.24195272927135344,0.38454999999996353,0.006666666666666667,0.59,0.8033333333333333,0.875,0.5825,0.875,6775.0,2500.0,0.24195272927135344,0.38454999999996353
stratified_size_rep030,stratified_size,30,b50_lb1_k1_eps0p005,hierarchical_local_aggregate,uniform,300,60,5,0.043264322804737895,0.07802425779951142,0.24195272927135344,0.38454999999996353,0.006666666666666667,0.59,0.8033333333333333,0.875,0.5825,0.875,6775.0,2500.0,0.24195272927135344,0.38454999999996353
stratified_size_rep030,stratified_size,30,b50_lb1_k1_eps0p005,local_only_offline_aggregate,confidence,300,60,5,0.03642343100033618,0.07498825842117143,0.24019333455930766,0.38454999999996353,0.02,0.64,0.8066666666666666,0.8085416666666667,0.53975,0.79,9375.0,4200.0,0.24019333455930766,0.38454999999996353
stratified_size_rep030,stratified_size,30,b50_lb1_k1_eps0p005,local_only_offline_aggregate,shot_proportional,300,60,5,0.037303769987634294,0.07498614305996029,0.24018249999997857,0.38454999999996353,0.02,0.6333333333333333,0.8066666666666666,0.8085416666666667,0.53975,0.79,9375.0,4200.0,0.24018249999997857,0.38454999999996353
stratified_size_rep030,stratified_size,30,b50_lb1_k1_eps0p005,local_only_offline_aggregate,uniform,300,60,5,0.03635309135835416,0.07498964454073992,0.24018249999997857,0.38454999999996353,0.023333333333333334,0.64,0.8066666666666666,0.8085416666666667,0.53975,0.79,9375.0,4200.0,0.24018249999997857,0.38454999999996353
stratified_size_rep031,stratified_size,31,b50_lb1_k1_eps0p005,aggregate_only_sync,confidence,300,60,5,0.043707142857142584,0.07845996376811476,0.23535468278894367,0.38454999999996353,0.016666666666666666,0.5733333333333334,0.8133333333333334,0.86625,0.60375,0.86625,7450.0,2675.0,0.23535468278894367,0.38454999999996353
stratified_size_rep031,stratified_size,31,b50_lb1_k1_eps0p005,aggregate_only_sync,shot_proportional,300,60,5,0.043707142857142584,0.07845996376811476,0.23535468278894367,0.38454999999996353,0.016666666666666666,0.5733333333333334,0.8133333333333334,0.86625,0.60375,0.86625,7450.0,2675.0,0.23535468278894367,0.38454999999996353
stratified_size_rep031,stratified_size,31,b50_lb1_k1_eps0p005,aggregate_only_sync,uniform,300,60,5,0.043707142857142584,0.07845996376811476,0.23535468278894367,0.38454999999996353,0.016666666666666666,0.5733333333333334,0.8133333333333334,0.86625,0.60375,0.86625,7450.0,2675.0,0.23535468278894367,0.38454999999996353
stratified_size_rep031,stratified_size,31,b50_lb1_k1_eps0p005,hierarchical_local_aggregate,confidence,300,60,5,0.04280212468444246,0.07845996376811476,0.23535033188991275,0.38454999999996353,0.013333333333333334,0.5766666666666667,0.8133333333333334,0.86625,0.60375,0.86625,7375.0,2675.0,0.23535033188991275,0.38454999999996353
stratified_size_rep031,stratified_size,31,b50_lb1_k1_eps0p005,hierarchical_local_aggregate,shot_proportional,300,60,5,0.04384793233082695,0.07845996376811476,0.23535468278894367,0.38454999999996353,0.016666666666666666,0.5733333333333334,0.8133333333333334,0.86625,0.60375,0.86625,7375.0,2675.0,0.23535468278894367,0.38454999999996353
stratified_size_rep031,stratified_size,31,b50_lb1_k1_eps0p005,hierarchical_local_aggregate,uniform,300,60,5,0.04384793233082695,0.07845996376811476,0.23535468278894367,0.38454999999996353,0.016666666666666666,0.5733333333333334,0.8133333333333334,0.86625,0.60375,0.86625,7375.0,2675.0,0.23535468278894367,0.38454999999996353
stratified_size_rep031,stratified_size,31,b50_lb1_k1_eps0p005,local_only_offline_aggregate,confidence,300,60,5,0.03806234607218434,0.07260231048221652,0.23404259900858085,0.38454999999996353,0.03333333333333333,0.6333333333333333,0.8233333333333334,0.798125,0.54578125,0.7875000000000001,9500.0,4250.0,0.23404259900858085,0.38454999999996353
stratified_size_rep031,stratified_size,31,b50_lb1_k1_eps0p005,local_only_offline_aggregate,shot_proportional,300,60,5,0.03868389851485883,0.07268453971630007,0.23404194409548365,0.38454999999996353,0.03333333333333333,0.6266666666666667,0.82,0.798125,0.54578125,0.7875000000000001,9500.0,4250.0,0.23404194409548365,0.38454999999996353
stratified_size_rep031,stratified_size,31,b50_lb1_k1_eps0p005,local_only_offline_aggregate,uniform,300,60,5,0.03804647625199929,0.07261067801869642,0.23404194409548365,0.38454999999996353,0.03666666666666667,0.6333333333333333,0.8233333333333334,0.798125,0.54578125,0.7875000000000001,9500.0,4250.0,0.23404194409548365,0.38454999999996353
stratified_size_rep032,stratified_size,32,b50_lb1_k1_eps0p005,aggregate_only_sync,confidence,300,60,5,0.04213249200934292,0.07815290320508553,0.23535468278894367,0.38454999999996353,0.01,0.5966666666666667,0.81,0.8800000000000001,0.5965624999999999,0.8800000000000001,6775.0,2400.0,0.23535468278894367,0.38454999999996353
stratified_size_rep032,stratified_size,32,b50_lb1_k1_eps0p005,aggregate_only_sync,shot_proportional,300,60,5,0.04213249200934292,0.07815290320508553,0.23535468278894367,0.38454999999996353,0.01,0.5966666666666667,0.81,0.8800000000000001,0.5965624999999999,0.8800000000000001,6775.0,2400.0,0.23535468278894367,0.38454999999996353
stratified_size_rep032,stratified_size,32,b50_lb1_k1_eps0p005,aggregate_only_sync,uniform,300,60,5,0.04213249200934292,0.07815290320508553,0.23535468278894367,0.38454999999996353,0.01,0.5966666666666667,0.81,0.8800000000000001,0.5965624999999999,0.8800000000000001,6775.0,2400.0,0.23535468278894367,0.38454999999996353
stratified_size_rep032,stratified_size,32,b50_lb1_k1_eps0p005,hierarchical_local_aggregate,confidence,300,60,5,0.04155127043747235,0.07815023582539272,0.23535033188991275,0.38454999999996353,0.01,0.6033333333333334,0.81,0.8825000000000001,0.5965624999999999,0.8825000000000001,6675.0,2350.0,0.23535033188991275,0.38454999999996353
stratified_size_rep032,stratified_size,32,b50_lb1_k1_eps0p005,hierarchical_local_aggregate,shot_proportional,300,60,5,0.04244182650585339,0.07815290320508553,0.23535468278894367,0.38454999999996353,0.01,0.5966666666666667,0.81,0.8825000000000001,0.5965624999999999,0.8825000000000001,6675.0,2350.0,0.23535468278894367,0.38454999999996353
stratified_size_rep032,stratified_size,32,b50_lb1_k1_eps0p005,hierarchical_local_aggregate,uniform,300,60,5,0.04244182650585339,0.07815290320508553,0.23535468278894367,0.38454999999996353,0.01,0.5966666666666667,0.81,0.8825000000000001,0.5965624999999999,0.8825000000000001,6675.0,2350.0,0.23535468278894367,0.38454999999996353
stratified_size_rep032,stratified_size,32,b50_lb1_k1_eps0p005,local_only_offline_aggregate,confidence,300,60,5,0.03646782944604049,0.07388559427887795,0.23404259900858085,0.38454999999996353,0.02,0.64,0.82,0.8185416666666667,0.53975,0.795,9300.0,4100.0,0.23404259900858085,0.38454999999996353
stratified_size_rep032,stratified_size,32,b50_lb1_k1_eps0p005,local_only_offline_aggregate,shot_proportional,300,60,5,0.03790825773241081,0.07414670391385783,0.23404194409548365,0.38454999999996353,0.02,0.6333333333333333,0.8166666666666667,0.8185416666666667,0.53975,0.795,9300.0,4100.0,0.23404194409548365,0.38454999999996353
stratified_size_rep032,stratified_size,32,b50_lb1_k1_eps0p005,local_only_offline_aggregate,uniform,300,60,5,0.03635309135835416,0.07390948471309258,0.23404194409548365,0.38454999999996353,0.02,0.64,0.82,0.8185416666666667,0.53975,0.795,9300.0,4100.0,0.23404194409548365,0.38454999999996353
stratified_size_rep033,stratified_size,33,b50_lb1_k1_eps0p005,aggregate_only_sync,confidence,300,60,5,0.04251834112668547,0.07250314163736851,0.23502314070358007,0.3822499999999638,0.01,0.59,0.8233333333333334,0.8825000000000001,0.5875,0.8825000000000001,6775.0,2350.0,0.23502314070358007,0.3822499999999638
stratified_size_rep033,stratified_size,33,b50_lb1_k1_eps0p005,aggregate_only_sync,shot_proportional,300,60,5,0.04251834112668547,0.07250314163736851,0.23502314070358007,0.3822499999999638,0.01,0.59,0.8233333333333334,0.8825000000000001,0.5875,0.8825000000000001,6775.0,2350.0,0.23502314070358007,0.3822499999999638
stratified_size_rep033,stratified_size,33,b50_lb1_k1_eps0p005,aggregate_only_sync,uniform,300,60,5,0.04251834112668547,0.07250314163736851,0.23502314070358007,0.3822499999999638,0.01,0.59,0.8233333333333334,0.8825000000000001,0.5875,0.8825000000000001,6775.0,2350.0,0.23502314070358007,0.3822499999999638
stratified_size_rep033,stratified_size,33,b50_lb1_k1_eps0p005,hierarchical_local_aggregate,confidence,300,60,5,0.042224859732252165,0.07236427186757147,0.23501430844434282,0.3822499999999638,0.013333333333333334,0.5966666666666667,0.8233333333333334,0.8825000000000001,0.5875,0.8825000000000001,6625.0,2350.0,0.23501430844434282,0.3822499999999638
stratified_size_rep033,stratified_size,33,b50_lb1_k1_eps0p005,hierarchical_local_aggregate,shot_proportional,300,60,5,0.04258790096568698,0.07250314163736851,0.23502314070358007,0.3822499999999638,0.01,0.59,0.8233333333333334,0.8825000000000001,0.5875,0.8825000000000001,6625.0,2350.0,0.23502314070358007,0.3822499999999638
stratified_size_rep033,stratified_size,33,b50_lb1_k1_eps0p005,hierarchical_local_aggregate,uniform,300,60,5,0.04258790096568698,0.07250314163736851,0.23502314070358007,0.3822499999999638,0.01,0.59,0.8233333333333334,0.8825000000000001,0.5875,0.8825000000000001,6625.0,2350.0,0.23502314070358007,0.3822499999999638
stratified_size_rep033,stratified_size,33,b50_lb1_k1_eps0p005,local_only_offline_aggregate,confidence,300,60,5,0.03700065893220534,0.0688315054211843,0.2332798326412769,0.3822499999999638,0.023333333333333334,0.64,0.8266666666666667,0.82625,0.53975,0.80625,9175.0,3875.0,0.2332798326412769,0.3822499999999638
stratified_size_rep033,stratified_size,33,b50_lb1_k1_eps0p005,local_only_offline_aggregate,shot_proportional,300,60,5,0.03840345878136191,0.0688315054211843,0.2332715808823311,0.3822499999999638,0.023333333333333334,0.6333333333333333,0.8266666666666667,0.82625,0.53975,0.80625,9175.0,3875.0,0.2332715808823311,0.3822499999999638
stratified_size_rep033,stratified_size,33,b50_lb1_k1_eps0p005,local_only_offline_aggregate,uniform,300,60,5,0.03684104059158632,0.0688315054211843,0.23327097361807472,0.3822499999999638,0.02666666666666667,0.64,0.8266666666666667,0.82625,0.53975,0.80625,9175.0,3875.0,0.23327097361807472,0.3822499999999638
stratified_size_rep034,stratified_size,34,b50_lb1_k1_eps0p005,aggregate_only_sync,confidence,300,60,5,0.04435512820512775,0.07845996376811476,0.23381743404523117,0.38454999999996353,0.006666666666666667,0.5633333333333334,0.8166666666666667,0.851875,0.5875,0.851875,8000.0,2962.5,0.23381743404523117,0.38454999999996353
stratified_size_rep034,stratified_size,34,b50_lb1_k1_eps0p005,aggregate_only_sync,shot_proportional,300,60,5,0.04435512820512775,0.07845996376811476,0.23381743404523117,0.38454999999996353,0.006666666666666667,0.5633333333333334,0.8166666666666667,0.851875,0.5875,0.851875,8000.0,2962.5,0.23381743404523117,0.38454999999996353
stratified_size_rep034,stratified_size,34,b50_lb1_k1_eps0p005,aggregate_only_sync,uniform,300,60,5,0.04435512820512775,0.07845996376811476,0.23381743404523117,0.38454999999996353,0.006666666666666667,0.5633333333333334,0.8166666666666667,0.851875,0.5875,0.851875,8000.0,2962.5,0.23381743404523117,0.38454999999996353
stratified_size_rep034,stratified_size,34,b50_lb1_k1_eps0p005,hierarchical_local_aggregate,confidence,300,60,5,0.044174812394201346,0.07845996376811476,0.23381698123073563,0.38454999999996353,0.0033333333333333335,0.57,0.8166666666666667,0.851875,0.5875,0.851875,7950.0,2962.5,0.23381698123073563,0.38454999999996353
stratified_size_rep034,stratified_size,34,b50_lb1_k1_eps0p005,hierarchical_local_aggregate,shot_proportional,300,60,5,0.04445444235204672,0.07845996376811476,0.23381743404523117,0.38454999999996353,0.006666666666666667,0.5633333333333334,0.8166666666666667,0.851875,0.5875,0.851875,7950.0,2962.5,0.23381743404523117,0.38454999999996353
stratified_size_rep034,stratified_size,34,b50_lb1_k1_eps0p005,hierarchical_local_aggregate,uniform,300,60,5,0.04445444235204672,0.07845996376811476,0.23381743404523117,0.38454999999996353,0.006666666666666667,0.5633333333333334,0.8166666666666667,0.851875,0.5875,0.851875,7950.0,2962.5,0.23381743404523117,0.38454999999996353
stratified_size_rep034,stratified_size,34,b50_lb1_k1_eps0p005,local_only_offline_aggregate,confidence,300,60,5,0.039959464479247864,0.07403471349982682,0.2332798326412769,0.38454999999996353,0.013333333333333334,0.6233333333333333,0.82,0.7809375000000001,0.53975,0.7625,9950.0,4750.0,0.2332798326412769,0.38454999999996353
stratified_size_rep034,stratified_size,34,b50_lb1_k1_eps0p005,local_only_offline_aggregate,shot_proportional,300,60,5,0.04072404179405345,0.07431137521486617,0.2332715808823311,0.38454999999996353,0.013333333333333334,0.6166666666666667,0.82,0.7809375000000001,0.53975,0.7625,9950.0,4750.0,0.2332715808823311,0.38454999999996353
stratified_size_rep034,stratified_size,34,b50_lb1_k1_eps0p005,local_only_offline_aggregate,uniform,300,60,5,0.04019967668599726,0.07406027487111476,0.23327097361807472,0.38454999999996353,0.016666666666666666,0.6233333333333333,0.82,0.7809375000000001,0.53975,0.7625,9950.0,4750.0,0.23327097361807472,0.38454999999996353
stratified_size_rep035,stratified_size,35,b50_lb1_k1_eps0p005,aggregate_only_sync,confidence,300,60,5,0.045433557852965725,0.09225565103573871,0.2418732631909576,0.38454999999996353,0.006666666666666667,0.54,0.7833333333333333,0.8200000000000001,0.561875,0.8200000000000001,8600.0,3600.0,0.2418732631909576,0.38454999999996353
stratified_size_rep035,stratified_size,35,b50_lb1_k1_eps0p005,aggregate_only_sync,shot_proportional,300,60,5,0.045433557852965725,0.09225565103573871,0.2418732631909576,0.38454999999996353,0.006666666666666667,0.54,0.7833333333333333,0.8200000000000001,0.561875,0.8200000000000001,8600.0,3600.0,0.2418732631909576,0.38454999999996353
stratified_size_rep035,stratified_size,35,b50_lb1_k1_eps0p005,aggregate_only_sync,uniform,300,60,5,0.045433557852965725,0.09225565103573871,0.2418732631909576,0.38454999999996353,0.006666666666666667,0.54,0.7833333333333333,0.8200000000000001,0.561875,0.8200000000000001,8600.0,3600.0,0.2418732631909576,0.38454999999996353
stratified_size_rep035,stratified_size,35,b50_lb1_k1_eps0p005,hierarchical_local_aggregate,confidence,300,60,5,0.04487412591314189,0.09225565103573871,0.24187319994532036,0.38454999999996353,0.0033333333333333335,0.5433333333333333,0.7833333333333333,0.8200000000000001,0.561875,0.8200000000000001,8575.0,3600.0,0.24187319994532036,0.38454999999996353
stratified_size_rep035,stratified_size,35,b50_lb1_k1_eps0p005,hierarchical_local_aggregate,shot_proportional,300,60,5,0.04557453007518779,0.09225565103573871,0.2418732631909576,0.38454999999996353,0.006666666666666667,0.54,0.7833333333333333,0.8200000000000001,0.561875,0.8200000000000001,8575.0,3600.0,0.2418732631909576,0.38454999999996353
stratified_size_rep035,stratified_size,35,b50_lb1_k1_eps0p005,hierarchical_local_aggregate,uniform,300,60,5,0.045433557852965725,0.09225565103573871,0.2418732631909576,0.38454999999996353,0.006666666666666667,0.54,0.7833333333333333,0.8200000000000001,0.561875,0.8200000000000001,8575.0,3600.0,0.2418732631909576,0.38454999999996353
stratified_size_rep035,stratified_size,35,b50_lb1_k1_eps0p005,local_only_offline_aggregate,confidence,300,60,5,0.040953857010266506,0.08750566697437491,0.24019333455930766,0.38454999999996353,0.02,0.59,0.7933333333333333,0.735,0.5262500000000001,0.69,10000.0,6200.0,0.24019333455930766,0.38454999999996353
stratified_size_rep035,stratified_size,35,b50_lb1_k1_eps0p005,local_only_offline_aggregate,shot_proportional,300,60,5,0.041167412528778105,0.0875129110393422,0.24018249999997857,0.38454999999996353,0.02,0.5833333333333334,0.79,0.735,0.5262500000000001,0.69,10000.0,6200.0,0.24018249999997857,0.38454999999996353
stratified_size_rep035,stratified_size,35,b50_lb1_k1_eps0p005,local_only_offline_aggregate,uniform,300,60,5,0.04095481898427494,0.0875105449334045,0.24018249999997857,0.38454999999996353,0.023333333333333334,0.59,0.7933333333333333,0.735,0.5262500000000001,0.69,10000.0,6200.0,0.24018249999997857,0.38454999999996353
stratified_size_rep036,stratified_size,36,b50_lb1_k1_eps0p005,aggregate_only_sync,confidence,300,60,5,0.04433184657495773,0.07845996376811476,0.21867077135681515,0.38454999999996353,0.016666666666666666,0.56,0.82,0.865,0.60375,0.865,7500.0,2700.0,0.21867077135681515,0.38454999999996353
stratified_size_rep036,stratified_size,36,b50_lb1_k1_eps0p005,aggregate_only_sync,shot_proportional,300,60,5,0.04433184657495773,0.07845996376811476,0.21867077135681515,0.38454999999996353,0.016666666666666666,0.56,0.82,0.865,0.60375,0.865,7500.0,2700.0,0.21867077135681515,0.38454999999996353
stratified_size_rep036,stratified_size,36,b50_lb1_k1_eps0p005,aggregate_only_sync,uniform,300,60,5,0.04433184657495773,0.07845996376811476,0.21867077135681515,0.38454999999996353,0.016666666666666666,0.56,0.82,0.865,0.60375,0.865,7500.0,2700.0,0.21867077135681515,0.38454999999996353
stratified_size_rep036,stratified_size,36,b50_lb1_k1_eps0p005,hierarchical_local_aggregate,confidence,300,60,5,0.043369251420043844,0.07845996376811476,0.2186707963619949,0.38454999999996353,0.013333333333333334,0.5666666666666667,0.82,0.865,0.60375,0.865,7450.0,2700.0,0.2186707963619949,0.38454999999996353
stratified_size_rep036,stratified_size,36,b50_lb1_k1_eps0p005,hierarchical_local_aggregate,shot_proportional,300,60,5,0.04433505170316272,0.07845996376811476,0.21867077135681515,0.38454999999996353,0.016666666666666666,0.56,0.82,0.865,0.60375,0.865,7450.0,2700.0,0.21867077135681515,0.38454999999996353
stratified_size_rep036,stratified_size,36,b50_lb1_k1_eps0p005,hierarchical_local_aggregate,uniform,300,60,5,0.04433505170316272,0.07845996376811476,0.21867077135681515,0.38454999999996353,0.016666666666666666,0.56,0.82,0.865,0.60375,0.865,7450.0,2700.0,0.21867077135681515,0.38454999999996353
stratified_size_rep036,stratified_size,36,b50_lb1_k1_eps0p005,local_only_offline_aggregate,confidence,300,60,5,0.038377453047224674,0.07388559427887795,0.21709552951496872,0.38454999999996353,0.03333333333333333,0.6233333333333333,0.83,0.798125,0.54578125,0.7875000000000001,9625.0,4250.0,0.21709552951496872,0.38454999999996353
stratified_size_rep036,stratified_size,36,b50_lb1_k1_eps0p005,local_only_offline_aggregate,shot_proportional,300,60,5,0.03946299606698912,0.07414670391385783,0.2170845000000536,0.38454999999996353,0.03333333333333333,0.6166666666666667,0.8266666666666667,0.798125,0.54578125,0.7875000000000001,9625.0,4250.0,0.2170845000000536,0.38454999999996353
stratified_size_rep036,stratified_size,36,b50_lb1_k1_eps0p005,local_only_offline_aggregate,uniform,300,60,5,0.0384875992063491,0.07390948471309258,0.2170845000000536,0.38454999999996353,0.03666666666666667,0.6233333333333333,0.83,0.798125,0.54578125,0.7875000000000001,9625.0,4250.0,0.2170845000000536,0.38454999999996353
stratified_size_rep037,stratified_size,37,b50_lb1_k1_eps0p005,aggregate_only_sync,confidence,300,60,5,0.04409318673395815,0.07321401085586875,0.21935545728646216,0.3822499999999638,0.006666666666666667,0.5733333333333334,0.8166666666666667,0.8681249999999999,0.5884375000000001,0.8681249999999999,7425.0,2637.5,0.21935545728646216,0.3822499999999638
stratified_size_rep037,stratified_size,37,b50_lb1_k1_eps0p005,aggregate_only_sync,shot_proportional,300,60,5,0.04409318673395815,0.07321401085586875,0.21935545728646216,0.3822499999999638,0.006666666666666667,0.5733333333333334,0.8166666666666667,0.8681249999999999,0.5884375000000001,0.8681249999999999,7425.0,2637.5,0.21935545728646216,0.3822499999999638
stratified_size_rep037,stratified_size,37,b50_lb1_k1_eps0p005,aggregate_only_sync,uniform,300,60,5,0.04409318673395815,0.07321401085586875,0.21935545728646216,0.3822499999999638,0.006666666666666667,0.5733333333333334,0.8166666666666667,0.8681249999999999,0.5884375000000001,0.8681249999999999,7425.0,2637.5,0.21935545728646216,0.3822499999999638
stratified_size_rep037,stratified_size,37,b50_lb1_k1_eps0p005,hierarchical_local_aggregate,confidence,300,60,5,0.043293028411942935,0.07321401085586875,0.21935547990705068,0.3822499999999638,0.0033333333333333335,0.58,0.8166666666666667,0.8681249999999999,0.5884375000000001,0.8681249999999999,7275.0,2637.5,0.21935547990705068,0.3822499999999638
stratified_size_rep037,stratified_size,37,b50_lb1_k1_eps0p005,hierarchical_local_aggregate,shot_proportional,300,60,5,0.04415096868884513,0.07321401085586875,0.21935545728646216,0.3822499999999638,0.006666666666666667,0.5733333333333334,0.8166666666666667,0.8681249999999999,0.5884375000000001,0.8681249999999999,7275.0,2637.5,0.21935545728646216,0.3822499999999638
stratified_size_rep037,stratified_size,37,b50_lb1_k1_eps0p005,hierarchical_local_aggregate,uniform,300,60,5,0.04415096868884513,0.07321401085586875,0.21935545728646216,0.3822499999999638,0.006666666666666667,0.5733333333333334,0.8166666666666667,0.8681249999999999,0.5884375000000001,0.8681249999999999,7275.0,2637.5,0.21935545728646216,0.3822499999999638
stratified_size_rep037,stratified_size,37,b50_lb1_k1_eps0p005,local_only_offline_aggregate,confidence,300,60,5,0.03806234607218434,0.07153546742299624,0.2178431138426039,0.3822499999999638,0.02,0.6366666666666667,0.8233333333333334,0.801875,0.53975,0.79375,9425.0,4125.0,0.2178431138426039,0.3822499999999638
stratified_size_rep037,stratified_size,37,b50_lb1_k1_eps0p005,local_only_offline_aggregate,shot_proportional,300,60,5,0.03868389851485883,0.07190091839797168,0.21783212500005011,0.3822499999999638,0.02,0.63,0.82,0.801875,0.53975,0.79375,9425.0,4125.0,0.21783212500005011,0.3822499999999638
stratified_size_rep037,stratified_size,37,b50_lb1_k1_eps0p005,local_only_offline_aggregate,uniform,300,60,5,0.038232586986275505,0.07161136685807742,0.21783212500005011,0.3822499999999638,0.023333333333333334,0.6366666666666667,0.8233333333333334,0.801875,0.53975,0.79375,9425.0,4125.0,0.21783212500005011,0.3822499999999638
stratified_size_rep038,stratified_size,38,b50_lb1_k1_eps0p005,aggregate_only_sync,confidence,300,60,5,0.04394078947368406,0.09399332460732994,0.24195272927135344,0.38454999999996353,0.016666666666666666,0.5566666666666666,0.77,0.84,0.5671875000000001,0.84,8025.0,3200.0,0.24195272927135344,0.38454999999996353
stratified_size_rep038,stratified_size,38,b50_lb1_k1_eps0p005,aggregate_only_sync,shot_proportional,300,60,5,0.04394078947368406,0.09399332460732994,0.24195272927135344,0.38454999999996353,0.016666666666666666,0.5566666666666666,0.77,0.84,0.5671875000000001,0.84,8025.0,3200.0,0.24195272927135344,0.38454999999996353
stratified_size_rep038,stratified_size,38,b50_lb1_k1_eps0p005,aggregate_only_sync,uniform,300,60,5,0.04394078947368406,0.09399332460732994,0.24195272927135344,0.38454999999996353,0.016666666666666666,0.5566666666666666,0.77,0.84,0.5671875000000001,0.84,8025.0,3200.0,0.24195272927135344,0.38454999999996353
stratified_size_rep038,stratified_size,38,b50_lb1_k1_eps0p005,hierarchical_local_aggregate,confidence,300,60,5,0.043469752642629214,0.09382239788536989,0.24195152760424624,0.38454999999996353,0.013333333333333334,0.56,0.77,0.84,0.5671875000000001,0.84,7950.0,3200.0,0.24195152760424624,0.38454999999996353
stratified_size_rep038,stratified_size,38,b50_lb1_k1_eps0p005,hierarchical_local_aggregate,shot_proportional,300,60,5,0.04409318673395815,0.09399332460732994,0.24195272927135344,0.38454999999996353,0.016666666666666666,0.5566666666666666,0.77,0.84,0.5671875000000001,0.84,7950.0,3200.0,0.24195272927135344,0.38454999999996353
stratified_size_rep038,stratified_size,38,b50_lb1_k1_eps0p005,hierarchical_local_aggregate,uniform,300,60,5,0.04409318673395815,0.09399332460732994,0.24195272927135344,0.38454999999996353,0.016666666666666666,0.5566666666666666,0.77,0.84,0.5671875000000001,0.84,7950.0,3200.0,0.24195272927135344,0.38454999999996353
stratified_size_rep038,stratified_size,38,b50_lb1_k1_eps0p005,local_only_offline_aggregate,confidence,300,60,5,0.04020788497768335,0.08892628432263529,0.24106460816377986,0.38454999999996353,0.03333333333333333,0.6033333333333334,0.78,0.7584375,0.5353125,0.74625,9800.0,5075.0,0.24106460816377986,0.38454999999996353
stratified_size_rep038,stratified_size,38,b50_lb1_k1_eps0p005,local_only_offline_aggregate,shot_proportional,300,60,5,0.04031867036398273,0.09067603497936491,0.2410462499999841,0.38454999999996353,0.03333333333333333,0.6,0.7766666666666666,0.7584375,0.5353125,0.74625,9800.0,5075.0,0.2410462499999841,0.38454999999996353
stratified_size_rep038,stratified_size,38,b50_lb1_k1_eps0p005,local_only_offline_aggregate,uniform,300,60,5,0.04020341853462879,0.08916816641289245,0.2410462499999841,0.38454999999996353,0.03666666666666667,0.6033333333333334,0.78,0.7584375,0.5353125,0.74625,9800.0,5075.0,0.2410462499999841,0.38454999999996353
stratified_size_rep039,stratified_size,39,b50_lb1_k1_eps0p005,aggregate_only_sync,confidence,300,60,5,0.042939406979822056,0.07250314163736851,0.21499354032791074,0.38454999999996353,0.01,0.59,0.8266666666666667,0.875,0.599375,0.875,6812.5,2500.0,0.21499354032791074,0.38454999999996353
stratified_size_rep039,stratified_size,39,b50_lb1_k1_eps0p005,aggregate_only_sync,shot_proportional,300,60,5,0.042939406979822056,0.07250314163736851,0.21499354032791074,0.38454999999996353,0.01,0.59,0.8266666666666667,0.875,0.599375,0.875,6812.5,2500.0,0.21499354032791074,0.38454999999996353
stratified_size_rep039,stratified_size,39,b50_lb1_k1_eps0p005,aggregate_only_sync,uniform,300,60,5,0.042939406979822056,0.07250314163736851,0.21499354032791074,0.38454999999996353,0.01,0.59,0.8266666666666667,0.875,0.599375,0.875,6812.5,2500.0,0.21499354032791074,0.38454999999996353
stratified_size_rep039,stratified_size,39,b50_lb1_k1_eps0p005,hierarchical_local_aggregate,confidence,300,60,5,0.04238133391782464,0.07236427186757147,0.21498892015858725,0.38454999999996353,0.013333333333333334,0.5966666666666667,0.8266666666666667,0.87875,0.599375,0.87875,6675.0,2425.0,0.21498892015858725,0.38454999999996353
stratified_size_rep039,stratified_size,39,b50_lb1_k1_eps0p005,hierarchical_local_aggregate,shot_proportional,300,60,5,0.0431379073183958,0.07250314163736851,0.21499354032791074,0.38454999999996353,0.01,0.59,0.8266666666666667,0.87875,0.599375,0.87875,6675.0,2425.0,0.21499354032791074,0.38454999999996353
stratified_size_rep039,stratified_size,39,b50_lb1_k1_eps0p005,hierarchical_local_aggregate,uniform,300,60,5,0.0431379073183958,0.07250314163736851,0.21499354032791074,0.38454999999996353,0.01,0.59,0.8266666666666667,0.87875,0.599375,0.87875,6675.0,2425.0,0.21499354032791074,0.38454999999996353
stratified_size_rep039,stratified_size,39,b50_lb1_k1_eps0p005,local_only_offline_aggregate,confidence,300,60,5,0.03700065893220534,0.0688315054211843,0.21215198467032176,0.38454999999996353,0.023333333333333334,0.64,0.8366666666666667,0.81625,0.54578125,0.795,9175.0,4100.0,0.21215198467032176,0.38454999999996353
stratified_size_rep039,stratified_size,39,b50_lb1_k1_eps0p005,local_only_offline_aggregate,shot_proportional,300,60,5,0.03847669668156534,0.0688315054211843,0.21215027227220054,0.38454999999996353,0.023333333333333334,0.6333333333333333,0.8333333333333334,0.81625,0.54578125,0.795,9175.0,4100.0,0.21215027227220054,0.38454999999996353
stratified_size_rep039,stratified_size,39,b50_lb1_k1_eps0p005,local_only_offline_aggregate,uniform,300,60,5,0.03684104059158632,0.0688315054211843,0.21213862814075485,0.38454999999996353,0.02666666666666667,0.64,0.8366666666666667,0.81625,0.54578125,0.795,9175.0,4100.0,0.21213862814075485,0.38454999999996353
stratified_size_rep040,stratified_size,40,b50_lb1_k1_eps0p005,aggregate_only_sync,confidence,300,60,5,0.04440537665739264,0.08867884615384627,0.24195272927135344,0.38454999999996353,0.016666666666666666,0.55,0.7933333333333333,0.8275,0.5725,0.8275,8425.0,3450.0,0.24195272927135344,0.38454999999996353
stratified_size_rep040,stratified_size,40,b50_lb1_k1_eps0p005,aggregate_only_sync,shot_proportional,300,60,5,0.04440537665739264,0.08867884615384627,0.24195272927135344,0.38454999999996353,0.016666666666666666,0.55,0.7933333333333333,0.8275,0.5725,0.8275,8425.0,3450.0,0.24195272927135344,0.38454999999996353
stratified_size_rep040,stratified_size,40,b50_lb1_k1_eps0p005,aggregate_only_sync,uniform,300,60,5,0.04440537665739264,0.08867884615384627,0.24195272927135344,0.38454999999996353,0.016666666666666666,0.55,0.7933333333333333,0.8275,0.5725,0.8275,8425.0,3450.0,0.24195272927135344,0.38454999999996353
stratified_size_rep040,stratified_size,40,b50_lb1_k1_eps0p005,hierarchical_local_aggregate,confidence,300,60,5,0.044338420785906205,0.08855254475448478,0.24195152760424624,0.38454999999996353,0.013333333333333334,0.5566666666666666,0.7933333333333333,0.8275,0.5725,0.8275,8375.0,3450.0,0.24195152760424624,0.38454999999996353
stratified_size_rep040,stratified_size,40,b50_lb1_k1_eps0p005,hierarchical_local_aggregate,shot_proportional,300,60,5,0.04486884920634919,0.08867884615384627,0.24195272927135344,0.38454999999996353,0.016666666666666666,0.55,0.7933333333333333,0.8275,0.5725,0.8275,8375.0,3450.0,0.24195272927135344,0.38454999999996353
stratified_size_rep040,stratified_size,40,b50_lb1_k1_eps0p005,hierarchical_local_aggregate,uniform,300,60,5,0.04482478354978338,0.08867884615384627,0.24195272927135344,0.38454999999996353,0.016666666666666666,0.55,0.7933333333333333,0.8275,0.5725,0.8275,8375.0,3450.0,0.24195272927135344,0.38454999999996353
stratified_size_rep040,stratified_size,40,b50_lb1_k1_eps0p005,local_only_offline_aggregate,confidence,300,60,5,0.040568164950015306,0.0800479330601692,0.24019333455930766,0.38454999999996353,0.02666666666666667,0.6033333333333334,0.8033333333333333,0.754375,0.5353125,0.74125,10000.0,5175.0,0.24019333455930766,0.38454999999996353
stratified_size_rep040,stratified_size,40,b50_lb1_k1_eps0p005,local_only_offline_aggregate,shot_proportional,300,60,5,0.04084650537634407,0.08138643209302594,0.24018249999997857,0.38454999999996353,0.02666666666666667,0.5966666666666667,0.8,0.754375,0.5353125,0.74125,10000.0,5175.0,0.24018249999997857,0.38454999999996353
stratified_size_rep040,stratified_size,40,b50_lb1_k1_eps0p005,local_only_offline_aggregate,uniform,300,60,5,0.04052119705162499,0.08021800273589758,0.24018249999997857,0.38454999999996353,0.03,0.6033333333333334,0.8033333333333333,0.754375,0.5353125,0.74125,10000.0,5175.0,0.24018249999997857,0.38454999999996353
stratified_size_rep041,stratified_size,41,b50_lb1_k1_eps0p005,aggregate_only_sync,confidence,300,60,5,0.0435707792207791,0.07769586351077237,0.23502314070358007,0.3822499999999638,0.016666666666666666,0.58,0.81,0.874375,0.5875,0.874375,7050.0,2512.5,0.23502314070358007,0.3822499999999638
stratified_size_rep041,stratified_size,41,b50_lb1_k1_eps0p005,aggregate_only_sync,shot_proportional,300,60,5,0.0435707792207791,0.07769586351077237,0.23502314070358007,0.3822499999999638,0.016666666666666666,0.58,0.81,0.874375,0.5875,0.874375,7050.0,2512.5,0.23502314070358007,0.3822499999999638
stratified_size_rep041,stratified_size,41,b50_lb1_k1_eps0p005,aggregate_only_sync,uniform,300,60,5,0.0435707792207791,0.07769586351077237,0.23502314070358007,0.3822499999999638,0.016666666666666666,0.58,0.81,0.874375,0.5875,0.874375,7050.0,2512.5,0.23502314070358007,0.3822499999999638
stratified_size_rep041,stratified_size,41,b50_lb1_k1_eps0p005,hierarchical_local_aggregate,confidence,300,60,5,0.04259813473319342,0.0776894781794563,0.23501430844434282,0.3822499999999638,0.013333333333333334,0.5866666666666667,0.81,0.8746875000000001,0.5875,0.874375,6775.0,2512.5,0.23501430844434282,0.3822499999999638
stratified_size_rep041,stratified_size,41,b50_lb1_k1_eps0p005,hierarchical_local_aggregate,shot_proportional,300,60,5,0.0435707792207791,0.0777381658884927,0.23502314070358007,0.3822499999999638,0.016666666666666666,0.58,0.81,0.8746875000000001,0.5875,0.874375,6775.0,2512.5,0.23502314070358007,0.3822499999999638
stratified_size_rep041,stratified_size,41,b50_lb1_k1_eps0p005,hierarchical_local_aggregate,uniform,300,60,5,0.0435707792207791,0.0777381658884927,0.23502314070358007,0.3822499999999638,0.016666666666666666,0.58,0.81,0.8746875000000001,0.5875,0.874375,6775.0,2512.5,0.23502314070358007,0.3822499999999638
stratified_size_rep041,stratified_size,41,b50_lb1_k1_eps0p005,local_only_offline_aggregate,confidence,300,60,5,0.03781227574607476,0.07260231048221652,0.23346077278550512,0.3822499999999638,0.03333333333333333,0.63,0.8133333333333334,0.80625,0.53975,0.79,9350.0,4200.0,0.23346077278550512,0.3822499999999638
stratified_size_rep041,stratified_size,41,b50_lb1_k1_eps0p005,local_only_offline_aggregate,shot_proportional,300,60,5,0.0386546314547448,0.07268453971630007,0.23345961276968624,0.3822499999999638,0.03333333333333333,0.6266666666666667,0.8133333333333334,0.80625,0.53975,0.79,9350.0,4200.0,0.23345961276968624,0.3822499999999638
stratified_size_rep041,stratified_size,41,b50_lb1_k1_eps0p005,local_only_offline_aggregate,uniform,300,60,5,0.037803864825576614,0.07261067801869642,0.23344807474881504,0.3822499999999638,0.03666666666666667,0.63,0.8133333333333334,0.80625,0.53975,0.79,9350.0,4200.0,0.23344807474881504,0.3822499999999638
stratified_size_rep042,stratified_size,42,b50_lb1_k1_eps0p005,aggregate_only_sync,confidence,300,60,5,0.04433505170316272,0.08867884615384627,0.2418732631909576,0.38454999999996353,0.006666666666666667,0.56,0.79,0.85375,0.5725,0.85375,7950.0,2925.0,0.2418732631909576,0.38454999999996353
stratified_size_rep042,stratified_size,42,b50_lb1_k1_eps0p005,aggregate_only_sync,shot_proportional,300,60,5,0.04433505170316272,0.08867884615384627,0.2418732631909576,0.38454999999996353,0.006666666666666667,0.56,0.79,0.85375,0.5725,0.85375,7950.0,2925.0,0.2418732631909576,0.38454999999996353
stratified_size_rep042,stratified_size,42,b50_lb1_k1_eps0p005,aggregate_only_sync,uniform,300,60,5,0.04433505170316272,0.08867884615384627,0.2418732631909576,0.38454999999996353,0.006666666666666667,0.56,0.79,0.85375,0.5725,0.85375,7950.0,2925.0,0.2418732631909576,0.38454999999996353
stratified_size_rep042,stratified_size,42,b50_lb1_k1_eps0p005,hierarchical_local_aggregate,confidence,300,60,5,0.04370603001315157,0.08855254475448478,0.24187319994532036,0.38454999999996353,0.0033333333333333335,0.5666666666666667,0.79,0.85375,0.5725,0.85375,7887.5,2925.0,0.24187319994532036,0.38454999999996353
stratified_size_rep042,stratified_size,42,b50_lb1_k1_eps0p005,hierarchical_local_aggregate,shot_proportional,300,60,5,0.04440858178559764,0.08867884615384627,0.2418732631909576,0.38454999999996353,0.006666666666666667,0.56,0.79,0.85375,0.5725,0.85375,7887.5,2925.0,0.2418732631909576,0.38454999999996353
stratified_size_rep042,stratified_size,42,b50_lb1_k1_eps0p005,hierarchical_local_aggregate,uniform,300,60,5,0.04440858178559764,0.08867884615384627,0.2418732631909576,0.38454999999996353,0.006666666666666667,0.56,0.79,0.85375,0.5725,0.85375,7887.5,2925.0,0.2418732631909576,0.38454999999996353
stratified_size_rep042,stratified_size,42,b50_lb1_k1_eps0p005,local_only_offline_aggregate,confidence,300,60,5,0.0389837684276767,0.08080565720357344,0.24019333455930766,0.38454999999996353,0.02,0.6166666666666667,0.8,0.7809375000000001,0.5353125,0.7625,9800.0,4750.0,0.24019333455930766,0.38454999999996353
stratified_size_rep042,stratified_size,42,b50_lb1_k1_eps0p005,local_only_offline_aggregate,shot_proportional,300,60,5,0.04019905303030289,0.081679434472674,0.24018249999997857,0.38454999999996353,0.02,0.61,0.7966666666666666,0.7809375000000001,0.5353125,0.7625,9800.0,4750.0,0.24018249999997857,0.38454999999996353
stratified_size_rep042,stratified_size,42,b50_lb1_k1_eps0p005,local_only_offline_aggregate,uniform,300,60,5,0.0392750827275937,0.08086776653565,0.24018249999997857,0.38454999999996353,0.023333333333333334,0.6166666666666667,0.8,0.7809375000000001,0.5353125,0.7625,9800.0,4750.0,0.24018249999997857,0.38454999999996353
stratified_size_rep043,stratified_size,43,b50_lb1_k1_eps0p005,aggregate_only_sync,confidence,300,60,5,0.04415096868884513,0.07858860917368887,0.24195272927135344,0.38454999999996353,0.016666666666666666,0.5766666666666667,0.81,0.856875,0.5825,0.856875,7887.5,2862.5,0.24195272927135344,0.38454999999996353
stratified_size_rep043,stratified_size,43,b50_lb1_k1_eps0p005,aggregate_only_sync,shot_proportional,300,60,5,0.04415096868884513,0.07858860917368887,0.24195272927135344,0.38454999999996353,0.016666666666666666,0.5766666666666667,0.81,0.856875,0.5825,0.856875,7887.5,2862.5,0.24195272927135344,0.38454999999996353
stratified_size_rep043,stratified_size,43,b50_lb1_k1_eps0p005,aggregate_only_sync,uniform,300,60,5,0.04415096868884513,0.07858860917368887,0.24195272927135344,0.38454999999996353,0.016666666666666666,0.5766666666666667,0.81,0.856875,0.5825,0.856875,7887.5,2862.5,0.24195272927135344,0.38454999999996353
stratified_size_rep043,stratified_size,43,b50_lb1_k1_eps0p005,hierarchical_local_aggregate,confidence,300,60,5,0.043293028411942935,0.07858704124059723,0.24195152760424624,0.38454999999996353,0.013333333333333334,0.58,0.81,0.856875,0.5825,0.856875,7887.5,2862.5,0.24195152760424624,0.38454999999996353
stratified_size_rep043,stratified_size,43,b50_lb1_k1_eps0p005,hierarchical_local_aggregate,shot_proportional,300,60,5,0.044237096768174125,0.07858860917368887,0.24195272927135344,0.38454999999996353,0.016666666666666666,0.5766666666666667,0.81,0.856875,0.5825,0.856875,7887.5,2862.5,0.24195272927135344,0.38454999999996353
stratified_size_rep043,stratified_size,43,b50_lb1_k1_eps0p005,hierarchical_local_aggregate,uniform,300,60,5,0.044237096768174125,0.07858860917368887,0.24195272927135344,0.38454999999996353,0.016666666666666666,0.5766666666666667,0.81,0.856875,0.5825,0.856875,7887.5,2862.5,0.24195272927135344,0.38454999999996353
stratified_size_rep043,stratified_size,43,b50_lb1_k1_eps0p005,local_only_offline_aggregate,confidence,300,60,5,0.038264838034328466,0.07426874292555319,0.24106460816377986,0.38454999999996353,0.03333333333333333,0.6233333333333333,0.82,0.7809375000000001,0.5369791666666667,0.7625,9775.0,4750.0,0.24106460816377986,0.38454999999996353
stratified_size_rep043,stratified_size,43,b50_lb1_k1_eps0p005,local_only_offline_aggregate,shot_proportional,300,60,5,0.03946299606698912,0.07431137521486617,0.2410462499999841,0.38454999999996353,0.03333333333333333,0.62,0.8166666666666667,0.7809375000000001,0.5369791666666667,0.7625,9775.0,4750.0,0.2410462499999841,0.38454999999996353
stratified_size_rep043,stratified_size,43,b50_lb1_k1_eps0p005,local_only_offline_aggregate,uniform,300,60,5,0.03832359257852459,0.07426556516172625,0.2410462499999841,0.38454999999996353,0.03666666666666667,0.6233333333333333,0.82,0.7809375000000001,0.5369791666666667,0.7625,9775.0,4750.0,0.2410462499999841,0.38454999999996353
stratified_size_rep044,stratified_size,44,b50_lb1_k1_eps0p005,aggregate_only_sync,confidence,300,60,5,0.044404193899781834,0.09320122709424082,0.24195272927135344,0.38454999999996353,0.016666666666666666,0.5533333333333333,0.7766666666666666,0.8275,0.5625,0.8275,8275.0,3450.0,0.24195272927135344,0.38454999999996353
stratified_size_rep044,stratified_size,44,b50_lb1_k1_eps0p005,aggregate_only_sync,shot_proportional,300,60,5,0.044404193899781834,0.09320122709424082,0.24195272927135344,0.38454999999996353,0.016666666666666666,0.5533333333333333,0.7766666666666666,0.8275,0.5625,0.8275,8275.0,3450.0,0.24195272927135344,0.38454999999996353
stratified_size_rep044,stratified_size,44,b50_lb1_k1_eps0p005,aggregate_only_sync,uniform,300,60,5,0.044404193899781834,0.09320122709424082,0.24195272927135344,0.38454999999996353,0.016666666666666666,0.5533333333333333,0.7766666666666666,0.8275,0.5625,0.8275,8275.0,3450.0,0.24195272927135344,0.38454999999996353
stratified_size_rep044,stratified_size,44,b50_lb1_k1_eps0p005,hierarchical_local_aggregate,confidence,300,60,5,0.044174812394201346,0.09320062489879893,0.24195152760424624,0.38454999999996353,0.013333333333333334,0.5566666666666666,0.7766666666666666,0.8275,0.5625,0.8275,8275.0,3450.0,0.24195152760424624,0.38454999999996353
stratified_size_rep044,stratified_size,44,b50_lb1_k1_eps0p005,hierarchical_local_aggregate,shot_proportional,300,60,5,0.04445444235204672,0.09320122709424082,0.24195272927135344,0.38454999999996353,0.016666666666666666,0.5533333333333333,0.7766666666666666,0.8275,0.5625,0.8275,8275.0,3450.0,0.24195272927135344,0.38454999999996353
stratified_size_rep044,stratified_size,44,b50_lb1_k1_eps0p005,hierarchical_local_aggregate,uniform,300,60,5,0.04445444235204672,0.09320122709424082,0.24195272927135344,0.38454999999996353,0.016666666666666666,0.5533333333333333,0.7766666666666666,0.8275,0.5625,0.8275,8275.0,3450.0,0.24195272927135344,0.38454999999996353
stratified_size_rep044,stratified_size,44,b50_lb1_k1_eps0p005,local_only_offline_aggregate,confidence,300,60,5,0.039959464479247864,0.0886502658678649,0.24106460816377986,0.38454999999996353,0.03333333333333333,0.6033333333333334,0.7866666666666666,0.735,0.5262500000000001,0.69,9950.0,6200.0,0.24106460816377986,0.38454999999996353
stratified_size_rep044,stratified_size,44,b50_lb1_k1_eps0p005,local_only_offline_aggregate,shot_proportional,300,60,5,0.04055362271002395,0.08969222168665006,0.2410462499999841,0.38454999999996353,0.03333333333333333,0.6,0.7833333333333333,0.735,0.5262500000000001,0.69,9950.0,6200.0,0.2410462499999841,0.38454999999996353
stratified_size_rep044,stratified_size,44,b50_lb1_k1_eps0p005,local_only_offline_aggregate,uniform,300,60,5,0.04019967668599726,0.08890719073038272,0.2410462499999841,0.38454999999996353,0.03666666666666667,0.6033333333333334,0.7866666666666666,0.735,0.5262500000000001,0.69,9950.0,6200.0,0.2410462499999841,0.38454999999996353
stratified_size_rep045,stratified_size,45,b50_lb1_k1_eps0p005,aggregate_only_sync,confidence,300,60,5,0.04246281727986771,0.07057424526440399,0.21499354032791074,0.38454999999996353,0.01,0.5966666666666667,0.83,0.88375,0.638125,0.88375,6400.0,2325.0,0.21499354032791074,0.38454999999996353
stratified_size_rep045,stratified_size,45,b50_lb1_k1_eps0p005,aggregate_only_sync,shot_proportional,300,60,5,0.04246281727986771,0.07057424526440399,0.21499354032791074,0.38454999999996353,0.01,0.5966666666666667,0.83,0.88375,0.638125,0.88375,6400.0,2325.0,0.21499354032791074,0.38454999999996353
stratified_size_rep045,stratified_size,45,b50_lb1_k1_eps0p005,aggregate_only_sync,uniform,300,60,5,0.04246281727986771,0.07057424526440399,0.21499354032791074,0.38454999999996353,0.01,0.5966666666666667,0.83,0.88375,0.638125,0.88375,6400.0,2325.0,0.21499354032791074,0.38454999999996353
stratified_size_rep045,stratified_size,45,b50_lb1_k1_eps0p005,hierarchical_local_aggregate,confidence,300,60,5,0.042027958217719714,0.07078238383300625,0.21498892015858725,0.38454999999996353,0.013333333333333334,0.6033333333333334,0.83,0.8912499999999999,0.638125,0.8893749999999999,6100.0,2212.5,0.21498892015858725,0.38454999999996353
stratified_size_rep045,stratified_size,45,b50_lb1_k1_eps0p005,hierarchical_local_aggregate,shot_proportional,300,60,5,0.04251834112668547,0.07118831520488068,0.21499354032791074,0.38454999999996353,0.01,0.5966666666666667,0.83,0.8912499999999999,0.638125,0.8893749999999999,6100.0,2212.5,0.21499354032791074,0.38454999999996353
stratified_size_rep045,stratified_size,45,b50_lb1_k1_eps0p005,hierarchical_local_aggregate,uniform,300,60,5,0.04251834112668547,0.07094555113057971,0.21499354032791074,0.38454999999996353,0.01,0.5966666666666667,0.83,0.8912499999999999,0.638125,0.8893749999999999,6100.0,2212.5,0.21499354032791074,0.38454999999996353
stratified_size_rep045,stratified_size,45,b50_lb1_k1_eps0p005,local_only_offline_aggregate,confidence,300,60,5,0.035514100155089545,0.06661491763015671,0.21215198467032176,0.38454999999996353,0.023333333333333334,0.6533333333333333,0.84,0.8478125000000001,0.58265625,0.83,8712.5,3400.0,0.21215198467032176,0.38454999999996353
stratified_size_rep045,stratified_size,45,b50_lb1_k1_eps0p005,local_only_offline_aggregate,shot_proportional,300,60,5,0.03682061588208746,0.06662414471704114,0.21215027227220054,0.38454999999996353,0.023333333333333334,0.6466666666666666,0.8366666666666667,0.8478125000000001,0.58265625,0.83,8712.5,3400.0,0.21215027227220054,0.38454999999996353
stratified_size_rep045,stratified_size,45,b50_lb1_k1_eps0p005,local_only_offline_aggregate,uniform,300,60,5,0.03553235427720085,0.06662036968282084,0.21213862814075485,0.38454999999996353,0.02666666666666667,0.6533333333333333,0.84,0.8478125000000001,0.58265625,0.83,8712.5,3400.0,0.21213862814075485,0.38454999999996353
stratified_size_rep046,stratified_size,46,b50_lb1_k1_eps0p005,aggregate_only_sync,confidence,300,60,5,0.04394078947368406,0.0919887650384315,0.24137619974880783,0.38454999999996353,0.016666666666666666,0.5666666666666667,0.7866666666666666,0.851875,0.5715625,0.851875,8025.0,2962.5,0.24137619974880783,0.38454999999996353
stratified_size_rep046,stratified_size,46,b50_lb1_k1_eps0p005,aggregate_only_sync,shot_proportional,300,60,5,0.04394078947368406,0.0919887650384315,0.24137619974880783,0.38454999999996353,0.016666666666666666,0.5666666666666667,0.7866666666666666,0.851875,0.5715625,0.851875,8025.0,2962.5,0.24137619974880783,0.38454999999996353
stratified_size_rep046,stratified_size,46,b50_lb1_k1_eps0p005,aggregate_only_sync,uniform,300,60,5,0.04394078947368406,0.0919887650384315,0.24137619974880783,0.38454999999996353,0.016666666666666666,0.5666666666666667,0.7866666666666666,0.851875,0.5715625,0.851875,8025.0,2962.5,0.24137619974880783,0.38454999999996353
stratified_size_rep046,stratified_size,46,b50_lb1_k1_eps0p005,hierarchical_local_aggregate,confidence,300,60,5,0.043293028411942935,0.0919969304930328,0.24137612362684563,0.38454999999996353,0.013333333333333334,0.57,0.7866666666666666,0.851875,0.5715625,0.851875,7950.0,2962.5,0.24137612362684563,0.38454999999996353
stratified_size_rep046,stratified_size,46,b50_lb1_k1_eps0p005,hierarchical_local_aggregate,shot_proportional,300,60,5,0.04417931481328714,0.0919887650384315,0.24137619974880783,0.38454999999996353,0.016666666666666666,0.5666666666666667,0.7866666666666666,0.851875,0.5715625,0.851875,7950.0,2962.5,0.24137619974880783,0.38454999999996353
stratified_size_rep046,stratified_size,46,b50_lb1_k1_eps0p005,hierarchical_local_aggregate,uniform,300,60,5,0.04417931481328714,0.0919887650384315,0.24137619974880783,0.38454999999996353,0.016666666666666666,0.5666666666666667,0.7866666666666666,0.851875,0.5715625,0.851875,7950.0,2962.5,0.24137619974880783,0.38454999999996353
stratified_size_rep046,stratified_size,46,b50_lb1_k1_eps0p005,local_only_offline_aggregate,confidence,300,60,5,0.039703264227323204,0.08309926970301906,0.23960212785182972,0.38454999999996353,0.03333333333333333,0.61,0.7966666666666666,0.7809375000000001,0.5353125,0.7625,9825.0,4750.0,0.23960212785182972,0.38454999999996353
stratified_size_rep046,stratified_size,46,b50_lb1_k1_eps0p005,local_only_offline_aggregate,shot_proportional,300,60,5,0.04048908944801223,0.08331569554146215,0.23958875000008364,0.38454999999996353,0.03333333333333333,0.6066666666666667,0.7933333333333333,0.7809375000000001,0.5353125,0.7625,9825.0,4750.0,0.23958875000008364,0.38454999999996353
stratified_size_rep046,stratified_size,46,b50_lb1_k1_eps0p005,local_only_offline_aggregate,uniform,300,60,5,0.039999542139843816,0.08309633147152058,0.23958875000008364,0.38454999999996353,0.03666666666666667,0.61,0.7966666666666666,0.7809375000000001,0.5353125,0.7625,9825.0,4750.0,0.23958875000008364,0.38454999999996353
stratified_size_rep047,stratified_size,47,b50_lb1_k1_eps0p005,aggregate_only_sync,confidence,300,60,5,0.04486884920634919,0.08716092948717835,0.24137619974880783,0.38454999999996353,0.006666666666666667,0.5433333333333333,0.8,0.849375,0.56625,0.849375,8025.0,3012.5,0.24137619974880783,0.38454999999996353
stratified_size_rep047,stratified_size,47,b50_lb1_k1_eps0p005,aggregate_only_sync,shot_proportional,300,60,5,0.04486884920634919,0.08716092948717835,0.24137619974880783,0.38454999999996353,0.006666666666666667,0.5433333333333333,0.8,0.849375,0.56625,0.849375,8025.0,3012.5,0.24137619974880783,0.38454999999996353
stratified_size_rep047,stratified_size,47,b50_lb1_k1_eps0p005,aggregate_only_sync,uniform,300,60,5,0.04486884920634919,0.08716092948717835,0.24137619974880783,0.38454999999996353,0.006666666666666667,0.5433333333333333,0.8,0.849375,0.56625,0.849375,8025.0,3012.5,0.24137619974880783,0.38454999999996353
stratified_size_rep047,stratified_size,47,b50_lb1_k1_eps0p005,hierarchical_local_aggregate,confidence,300,60,5,0.04458395283596296,0.08713008753154368,0.24137612362684563,0.38454999999996353,0.0033333333333333335,0.55,0.8,0.849375,0.56625,0.849375,8000.0,3012.5,0.24137612362684563,0.38454999999996353
stratified_size_rep047,stratified_size,47,b50_lb1_k1_eps0p005,hierarchical_local_aggregate,shot_proportional,300,60,5,0.04557453007518779,0.08716092948717835,0.24137619974880783,0.38454999999996353,0.006666666666666667,0.5433333333333333,0.8,0.849375,0.56625,0.849375,8000.0,3012.5,0.24137619974880783,0.38454999999996353
stratified_size_rep047,stratified_size,47,b50_lb1_k1_eps0p005,hierarchical_local_aggregate,uniform,300,60,5,0.04536346153846135,0.08716092948717835,0.24137619974880783,0.38454999999996353,0.006666666666666667,0.5433333333333333,0.8,0.849375,0.56625,0.849375,8000.0,3012.5,0.24137619974880783,0.38454999999996353
stratified_size_rep047,stratified_size,47,b50_lb1_k1_eps0p005,local_only_offline_aggregate,confidence,300,60,5,0.04082833889108109,0.0800479330601692,0.23955671440453227,0.38454999999996353,0.02,0.6033333333333334,0.81,0.7809375000000001,0.528125,0.7625,9825.0,4750.0,0.23955671440453227,0.38454999999996353
stratified_size_rep047,stratified_size,47,b50_lb1_k1_eps0p005,local_only_offline_aggregate,shot_proportional,300,60,5,0.04097369216356375,0.0812685516062249,0.23954375000008366,0.38454999999996353,0.02,0.6,0.8066666666666666,0.7809375000000001,0.528125,0.7625,9825.0,4750.0,0.23954375000008366,0.38454999999996353
stratified_size_rep047,stratified_size,47,b50_lb1_k1_eps0p005,local_only_offline_aggregate,uniform,300,60,5,0.04082926774600687,0.08021800273589758,0.23954375000008366,0.38454999999996353,0.023333333333333334,0.6033333333333334,0.81,0.7809375000000001,0.528125,0.7625,9825.0,4750.0,0.23954375000008366,0.38454999999996353
stratified_size_rep048,stratified_size,48,b50_lb1_k1_eps0p005,aggregate_only_sync,confidence,300,60,5,0.04409318673395815,0.09175128311736826,0.24195272927135344,0.38454999999996353,0.006666666666666667,0.5666666666666667,0.7866666666666666,0.860625,0.574375,0.860625,7750.0,2787.5,0.24195272927135344,0.38454999999996353
stratified_size_rep048,stratified_size,48,b50_lb1_k1_eps0p005,aggregate_only_sync,shot_proportional,300,60,5,0.04409318673395815,0.09175128311736826,0.24195272927135344,0.38454999999996353,0.006666666666666667,0.5666666666666667,0.7866666666666666,0.860625,0.574375,0.860625,7750.0,2787.5,0.24195272927135344,0.38454999999996353
stratified_size_rep048,stratified_size,48,b50_lb1_k1_eps0p005,aggregate_only_sync,uniform,300,60,5,0.04409318673395815,0.09175128311736826,0.24195272927135344,0.38454999999996353,0.006666666666666667,0.5666666666666667,0.7866666666666666,0.860625,0.574375,0.860625,7750.0,2787.5,0.24195272927135344,0.38454999999996353
stratified_size_rep048,stratified_size,48,b50_lb1_k1_eps0p005,hierarchical_local_aggregate,confidence,300,60,5,0.042518111273075324,0.09174439941314269,0.24195152760424624,0.38454999999996353,0.0033333333333333335,0.57,0.7866666666666666,0.860625,0.574375,0.860625,7750.0,2787.5,0.24195152760424624,0.38454999999996353
stratified_size_rep048,stratified_size,48,b50_lb1_k1_eps0p005,hierarchical_local_aggregate,shot_proportional,300,60,5,0.04409318673395815,0.09175128311736826,0.24195272927135344,0.38454999999996353,0.006666666666666667,0.5666666666666667,0.7866666666666666,0.860625,0.574375,0.860625,7750.0,2787.5,0.24195272927135344,0.38454999999996353
stratified_size_rep048,stratified_size,48,b50_lb1_k1_eps0p005,hierarchical_local_aggregate,uniform,300,60,5,0.04409318673395815,0.09175128311736826,0.24195272927135344,0.38454999999996353,0.006666666666666667,0.5666666666666667,0.7866666666666666,0.860625,0.574375,0.860625,7750.0,2787.5,0.24195272927135344,0.38454999999996353
stratified_size_rep048,stratified_size,48,b50_lb1_k1_eps0p005,local_only_offline_aggregate,confidence,300,60,5,0.038377453047224674,0.08180406046632438,0.24106460816377986,0.38454999999996353,0.02,0.6133333333333333,0.7966666666666666,0.7809375000000001,0.5353125,0.7625,9625.0,4750.0,0.24106460816377986,0.38454999999996353
stratified_size_rep048,stratified_size,48,b50_lb1_k1_eps0p005,local_only_offline_aggregate,shot_proportional,300,60,5,0.038922866172534466,0.08215720078196155,0.2410462499999841,0.38454999999996353,0.02,0.61,0.7933333333333333,0.7809375000000001,0.5353125,0.7625,9625.0,4750.0,0.2410462499999841,0.38454999999996353
stratified_size_rep048,stratified_size,48,b50_lb1_k1_eps0p005,local_only_offline_aggregate,uniform,300,60,5,0.0384875992063491,0.08180116030982992,0.2410462499999841,0.38454999999996353,0.023333333333333334,0.6133333333333333,0.7966666666666666,0.7809375000000001,0.5353125,0.7625,9625.0,4750.0,0.2410462499999841,0.38454999999996353
stratified_size_rep049,stratified_size,49,b50_lb1_k1_eps0p005,aggregate_only_sync,confidence,300,60,5,0.0435707792207791,0.08406451665124852,0.2418732631909576,0.38454999999996353,0.006666666666666667,0.5733333333333334,0.8033333333333333,0.8625,0.599375,0.8625,7625.0,2750.0,0.2418732631909576,0.38454999999996353
stratified_size_rep049,stratified_size,49,b50_lb1_k1_eps0p005,aggregate_only_sync,shot_proportional,300,60,5,0.0435707792207791,0.08406451665124852,0.2418732631909576,0.38454999999996353,0.006666666666666667,0.5733333333333334,0.8033333333333333,0.8625,0.599375,0.8625,7625.0,2750.0,0.2418732631909576,0.38454999999996353
stratified_size_rep049,stratified_size,49,b50_lb1_k1_eps0p005,aggregate_only_sync,uniform,300,60,5,0.0435707792207791,0.08406451665124852,0.2418732631909576,0.38454999999996353,0.006666666666666667,0.5733333333333334,0.8033333333333333,0.8625,0.599375,0.8625,7625.0,2750.0,0.2418732631909576,0.38454999999996353
stratified_size_rep049,stratified_size,49,b50_lb1_k1_eps0p005,hierarchical_local_aggregate,confidence,300,60,5,0.04259813473319342,0.0840613772902112,0.24187319994532036,0.38454999999996353,0.0,0.5766666666666667,0.8033333333333333,0.8625,0.599375,0.8625,7625.0,2750.0,0.24187319994532036,0.38454999999996353
stratified_size_rep049,stratified_size,49,b50_lb1_k1_eps0p005,hierarchical_local_aggregate,shot_proportional,300,60,5,0.0435707792207791,0.08406451665124852,0.2418732631909576,0.38454999999996353,0.006666666666666667,0.5733333333333334,0.8033333333333333,0.8625,0.599375,0.8625,7625.0,2750.0,0.2418732631909576,0.38454999999996353
stratified_size_rep049,stratified_size,49,b50_lb1_k1_eps0p005,hierarchical_local_aggregate,uniform,300,60,5,0.0435707792207791,0.08406451665124852,0.2418732631909576,0.38454999999996353,0.006666666666666667,0.5733333333333334,0.8033333333333333,0.8625,0.599375,0.8625,7625.0,2750.0,0.2418732631909576,0.38454999999996353
stratified_size_rep049,stratified_size,49,b50_lb1_k1_eps0p005,local_only_offline_aggregate,confidence,300,60,5,0.038377453047224674,0.07823995059074915,0.24019333455930766,0.38454999999996353,0.016666666666666666,0.6266666666666667,0.8133333333333334,0.7884375,0.5557812500000001,0.78,9675.0,4400.0,0.24019333455930766,0.38454999999996353
stratified_size_rep049,stratified_size,49,b50_lb1_k1_eps0p005,local_only_offline_aggregate,shot_proportional,300,60,5,0.03868389851485883,0.07824831016163644,0.24018249999997857,0.38454999999996353,0.016666666666666666,0.62,0.81,0.7884375,0.5557812500000001,0.78,9675.0,4400.0,0.24018249999997857,0.38454999999996353
stratified_size_rep049,stratified_size,49,b50_lb1_k1_eps0p005,local_only_offline_aggregate,uniform,300,60,5,0.0384875992063491,0.07823878102751619,0.24018249999997857,0.38454999999996353,0.016666666666666666,0.6266666666666667,0.8133333333333334,0.7884375,0.5557812500000001,0.78,9675.0,4400.0,0.24018249999997857,0.38454999999996353
stratified_size_rep050,stratified_size,50,b50_lb1_k1_eps0p005,aggregate_only_sync,confidence,300,60,5,0.04340641711229948,0.0765037433491507,0.23535468278894367,0.38454999999996353,0.016666666666666666,0.5833333333333334,0.8166666666666667,0.871875,0.574375,0.871875,7050.0,2562.5,0.23535468278894367,0.38454999999996353
stratified_size_rep050,stratified_size,50,b50_lb1_k1_eps0p005,aggregate_only_sync,shot_proportional,300,60,5,0.04340641711229948,0.0765037433491507,0.23535468278894367,0.38454999999996353,0.016666666666666666,0.5833333333333334,0.8166666666666667,0.871875,0.574375,0.871875,7050.0,2562.5,0.23535468278894367,0.38454999999996353
stratified_size_rep050,stratified_size,50,b50_lb1_k1_eps0p005,aggregate_only_sync,uniform,300,60,5,0.04340641711229948,0.0765037433491507,0.23535468278894367,0.38454999999996353,0.016666666666666666,0.5833333333333334,0.8166666666666667,0.871875,0.574375,0.871875,7050.0,2562.5,0.23535468278894367,0.38454999999996353
stratified_size_rep050,stratified_size,50,b50_lb1_k1_eps0p005,hierarchical_local_aggregate,confidence,300,60,5,0.04245255379390222,0.07646308662875842,0.23535033188991275,0.38454999999996353,0.013333333333333334,0.59,0.8166666666666667,0.8740625,0.574375,0.87375,6800.0,2525.0,0.23535033188991275,0.38454999999996353
stratified_size_rep050,stratified_size,50,b50_lb1_k1_eps0p005,hierarchical_local_aggregate,shot_proportional,300,60,5,0.04340641711229948,0.07661050760341556,0.23535468278894367,0.38454999999996353,0.016666666666666666,0.5833333333333334,0.8166666666666667,0.8740625,0.574375,0.87375,6800.0,2525.0,0.23535468278894367,0.38454999999996353
stratified_size_rep050,stratified_size,50,b50_lb1_k1_eps0p005,hierarchical_local_aggregate,uniform,300,60,5,0.04340641711229948,0.07661050760341556,0.23535468278894367,0.38454999999996353,0.016666666666666666,0.5833333333333334,0.8166666666666667,0.8740625,0.574375,0.87375,6800.0,2525.0,0.23535468278894367,0.38454999999996353
stratified_size_rep050,stratified_size,50,b50_lb1_k1_eps0p005,local_only_offline_aggregate,confidence,300,60,5,0.03781227574607476,0.07132514611327265,0.23404259900858085,0.38454999999996353,0.03333333333333333,0.6333333333333333,0.8166666666666667,0.80625,0.5353125,0.79,9425.0,4200.0,0.23404259900858085,0.38454999999996353
stratified_size_rep050,stratified_size,50,b50_lb1_k1_eps0p005,local_only_offline_aggregate,shot_proportional,300,60,5,0.0386546314547448,0.07177320774004224,0.23404194409548365,0.38454999999996353,0.03333333333333333,0.6266666666666667,0.8166666666666667,0.80625,0.5353125,0.79,9425.0,4200.0,0.23404194409548365,0.38454999999996353
stratified_size_rep050,stratified_size,50,b50_lb1_k1_eps0p005,local_only_offline_aggregate,uniform,300,60,5,0.037803864825576614,0.07138347845826742,0.23404194409548365,0.38454999999996353,0.03666666666666667,0.6333333333333333,0.8166666666666667,0.80625,0.5353125,0.79,9425.0,4200.0,0.23404194409548365,0.38454999999996353
stratified_size_rep051,stratified_size,51,b50_lb1_k1_eps0p005,aggregate_only_sync,confidence,300,60,5,0.04246281727986771,0.07789207180917315,0.24195272927135344,0.38454999999996353,0.016666666666666666,0.5966666666666667,0.81,0.875,0.5825,0.875,6900.0,2500.0,0.24195272927135344,0.38454999999996353
stratified_size_rep051,stratified_size,51,b50_lb1_k1_eps0p005,aggregate_only_sync,shot_proportional,300,60,5,0.04246281727986771,0.07789207180917315,0.24195272927135344,0.38454999999996353,0.016666666666666666,0.5966666666666667,0.81,0.875,0.5825,0.875,6900.0,2500.0,0.24195272927135344,0.38454999999996353
stratified_size_rep051,stratified_size,51,b50_lb1_k1_eps0p005,aggregate_only_sync,uniform,300,60,5,0.04246281727986771,0.07789207180917315,0.24195272927135344,0.38454999999996353,0.016666666666666666,0.5966666666666667,0.81,0.875,0.5825,0.875,6900.0,2500.0,0.24195272927135344,0.38454999999996353
stratified_size_rep051,stratified_size,51,b50_lb1_k1_eps0p005,hierarchical_local_aggregate,confidence,300,60,5,0.042027958217719714,0.07789097236257199,0.24195152760424624,0.38454999999996353,0.01,0.6,0.81,0.875,0.5825,0.875,6775.0,2500.0,0.24195152760424624,0.38454999999996353
stratified_size_rep051,stratified_size,51,b50_lb1_k1_eps0p005,hierarchical_local_aggregate,shot_proportional,300,60,5,0.04256617000849303,0.07789207180917315,0.24195272927135344,0.38454999999996353,0.016666666666666666,0.5966666666666667,0.81,0.875,0.5825,0.875,6775.0,2500.0,0.24195272927135344,0.38454999999996353
stratified_size_rep051,stratified_size,51,b50_lb1_k1_eps0p005,hierarchical_local_aggregate,uniform,300,60,5,0.04256617000849303,0.07789207180917315,0.24195272927135344,0.38454999999996353,0.016666666666666666,0.5966666666666667,0.81,0.875,0.5825,0.875,6775.0,2500.0,0.24195272927135344,0.38454999999996353
stratified_size_rep051,stratified_size,51,b50_lb1_k1_eps0p005,local_only_offline_aggregate,confidence,300,60,5,0.03588739357636843,0.07388559427887795,0.24019333455930766,0.38454999999996353,0.03,0.6366666666666667,0.82,0.81625,0.5369791666666667,0.795,9350.0,4100.0,0.24019333455930766,0.38454999999996353
stratified_size_rep051,stratified_size,51,b50_lb1_k1_eps0p005,local_only_offline_aggregate,shot_proportional,300,60,5,0.037303769987634294,0.07414670391385783,0.24018249999997857,0.38454999999996353,0.03,0.6333333333333333,0.8166666666666667,0.81625,0.5369791666666667,0.795,9350.0,4100.0,0.24018249999997857,0.38454999999996353
stratified_size_rep051,stratified_size,51,b50_lb1_k1_eps0p005,local_only_offline_aggregate,uniform,300,60,5,0.03597138922390971,0.07390948471309258,0.24018249999997857,0.38454999999996353,0.03,0.6366666666666667,0.82,0.81625,0.5369791666666667,0.795,9350.0,4100.0,0.24018249999997857,0.38454999999996353
stratified_size_rep052,stratified_size,52,b50_lb1_k1_eps0p005,aggregate_only_sync,confidence,300,60,5,0.04308150128738364,0.07898516714470369,0.24195272927135344,0.38454999999996353,0.01,0.5833333333333334,0.8066666666666666,0.871875,0.5859375,0.871875,6912.5,2562.5,0.24195272927135344,0.38454999999996353
stratified_size_rep052,stratified_size,52,b50_lb1_k1_eps0p005,aggregate_only_sync,shot_proportional,300,60,5,0.04308150128738364,0.07898516714470369,0.24195272927135344,0.38454999999996353,0.01,0.5833333333333334,0.8066666666666666,0.871875,0.5859375,0.871875,6912.5,2562.5,0.24195272927135344,0.38454999999996353
stratified_size_rep052,stratified_size,52,b50_lb1_k1_eps0p005,aggregate_only_sync,uniform,300,60,5,0.04308150128738364,0.07898516714470369,0.24195272927135344,0.38454999999996353,0.01,0.5833333333333334,0.8066666666666666,0.871875,0.5859375,0.871875,6912.5,2562.5,0.24195272927135344,0.38454999999996353
stratified_size_rep052,stratified_size,52,b50_lb1_k1_eps0p005,hierarchical_local_aggregate,confidence,300,60,5,0.0423105711196136,0.07898359921161205,0.24195152760424624,0.38454999999996353,0.013333333333333334,0.59,0.8066666666666666,0.871875,0.5859375,0.871875,6775.0,2562.5,0.24195152760424624,0.38454999999996353
stratified_size_rep052,stratified_size,52,b50_lb1_k1_eps0p005,hierarchical_local_aggregate,shot_proportional,300,60,5,0.04328000162595738,0.07898516714470369,0.24195272927135344,0.38454999999996353,0.01,0.5833333333333334,0.8066666666666666,0.871875,0.5859375,0.871875,6775.0,2562.5,0.24195272927135344,0.38454999999996353
stratified_size_rep052,stratified_size,52,b50_lb1_k1_eps0p005,hierarchical_local_aggregate,uniform,300,60,5,0.04328000162595738,0.07898516714470369,0.24195272927135344,0.38454999999996353,0.01,0.5833333333333334,0.8066666666666666,0.871875,0.5859375,0.871875,6775.0,2562.5,0.24195272927135344,0.38454999999996353
stratified_size_rep052,stratified_size,52,b50_lb1_k1_eps0p005,local_only_offline_aggregate,confidence,300,60,5,0.037397374917694834,0.07426874292555319,0.24106460816377986,0.38454999999996353,0.023333333333333334,0.63,0.81,0.801875,0.5369791666666667,0.79,9300.0,4200.0,0.24106460816377986,0.38454999999996353
stratified_size_rep052,stratified_size,52,b50_lb1_k1_eps0p005,local_only_offline_aggregate,shot_proportional,300,60,5,0.03847669668156534,0.07431137521486617,0.2410462499999841,0.38454999999996353,0.023333333333333334,0.6233333333333333,0.81,0.801875,0.5369791666666667,0.79,9300.0,4200.0,0.2410462499999841,0.38454999999996353
stratified_size_rep052,stratified_size,52,b50_lb1_k1_eps0p005,local_only_offline_aggregate,uniform,300,60,5,0.03728755072486973,0.07426556516172625,0.2410462499999841,0.38454999999996353,0.02666666666666667,0.63,0.81,0.801875,0.5369791666666667,0.79,9300.0,4200.0,0.2410462499999841,0.38454999999996353
stratified_size_rep053,stratified_size,53,b50_lb1_k1_eps0p005,aggregate_only_sync,confidence,300,60,5,0.04394078947368406,0.08716092948717835,0.23535468278894367,0.38454999999996353,0.016666666666666666,0.56,0.7933333333333333,0.860625,0.5825,0.860625,7750.0,2787.5,0.23535468278894367,0.38454999999996353
stratified_size_rep053,stratified_size,53,b50_lb1_k1_eps0p005,aggregate_only_sync,shot_proportional,300,60,5,0.04394078947368406,0.08716092948717835,0.23535468278894367,0.38454999999996353,0.016666666666666666,0.56,0.7933333333333333,0.860625,0.5825,0.860625,7750.0,2787.5,0.23535468278894367,0.38454999999996353
stratified_size_rep053,stratified_size,53,b50_lb1_k1_eps0p005,aggregate_only_sync,uniform,300,60,5,0.04394078947368406,0.08716092948717835,0.23535468278894367,0.38454999999996353,0.016666666666666666,0.56,0.7933333333333333,0.860625,0.5825,0.860625,7750.0,2787.5,0.23535468278894367,0.38454999999996353
stratified_size_rep053,stratified_size,53,b50_lb1_k1_eps0p005,hierarchical_local_aggregate,confidence,300,60,5,0.043469752642629214,0.08713008753154368,0.23535033188991275,0.38454999999996353,0.013333333333333334,0.5666666666666667,0.7933333333333333,0.860625,0.5825,0.860625,7750.0,2787.5,0.23535033188991275,0.38454999999996353
stratified_size_rep053,stratified_size,53,b50_lb1_k1_eps0p005,hierarchical_local_aggregate,shot_proportional,300,60,5,0.04413936090225541,0.08716092948717835,0.23535468278894367,0.38454999999996353,0.016666666666666666,0.56,0.7933333333333333,0.860625,0.5825,0.860625,7750.0,2787.5,0.23535468278894367,0.38454999999996353
stratified_size_rep053,stratified_size,53,b50_lb1_k1_eps0p005,hierarchical_local_aggregate,uniform,300,60,5,0.04413936090225541,0.08716092948717835,0.23535468278894367,0.38454999999996353,0.016666666666666666,0.56,0.7933333333333333,0.860625,0.5825,0.860625,7750.0,2787.5,0.23535468278894367,0.38454999999996353
stratified_size_rep053,stratified_size,53,b50_lb1_k1_eps0p005,local_only_offline_aggregate,confidence,300,60,5,0.03867294920972229,0.07911226209902722,0.23404259900858085,0.38454999999996353,0.03333333333333333,0.61,0.8033333333333333,0.7884375,0.53975,0.78,9675.0,4400.0,0.23404259900858085,0.38454999999996353
stratified_size_rep053,stratified_size,53,b50_lb1_k1_eps0p005,local_only_offline_aggregate,shot_proportional,300,60,5,0.03946299606698912,0.07943511234093273,0.23404194409548365,0.38454999999996353,0.03333333333333333,0.6033333333333334,0.8,0.7884375,0.53975,0.78,9675.0,4400.0,0.23404194409548365,0.38454999999996353
stratified_size_rep053,stratified_size,53,b50_lb1_k1_eps0p005,local_only_offline_aggregate,uniform,300,60,5,0.03866664538634808,0.07916196164302662,0.23404194409548365,0.38454999999996353,0.03666666666666667,0.61,0.8033333333333333,0.7884375,0.53975,0.78,9675.0,4400.0,0.23404194409548365,0.38454999999996353
stratified_size_rep054,stratified_size,54,b50_lb1_k1_eps0p005,aggregate_only_sync,confidence,300,60,5,0.04429441037609928,0.07845996376811476,0.21935545728646216,0.3822499999999638,0.016666666666666666,0.56,0.8133333333333334,0.8625,0.599375,0.8625,7750.0,2750.0,0.21935545728646216,0.3822499999999638
stratified_size_rep054,stratified_size,54,b50_lb1_k1_eps0p005,aggregate_only_sync,shot_proportional,300,60,5,0.04429441037609928,0.07845996376811476,0.21935545728646216,0.3822499999999638,0.016666666666666666,0.56,0.8133333333333334,0.8625,0.599375,0.8625,7750.0,2750.0,0.21935545728646216,0.3822499999999638
stratified_size_rep054,stratified_size,54,b50_lb1_k1_eps0p005,aggregate_only_sync,uniform,300,60,5,0.04429441037609928,0.07845996376811476,0.21935545728646216,0.3822499999999638,0.016666666666666666,0.56,0.8133333333333334,0.8625,0.599375,0.8625,7750.0,2750.0,0.21935545728646216,0.3822499999999638
stratified_size_rep054,stratified_size,54,b50_lb1_k1_eps0p005,hierarchical_local_aggregate,confidence,300,60,5,0.043964480199742015,0.07845996376811476,0.21935547990705068,0.3822499999999638,0.013333333333333334,0.5666666666666667,0.8133333333333334,0.8625,0.599375,0.8625,7750.0,2750.0,0.21935547990705068,0.3822499999999638
stratified_size_rep054,stratified_size,54,b50_lb1_k1_eps0p005,hierarchical_local_aggregate,shot_proportional,300,60,5,0.04433505170316272,0.07845996376811476,0.21935545728646216,0.3822499999999638,0.016666666666666666,0.56,0.8133333333333334,0.8625,0.599375,0.8625,7750.0,2750.0,0.21935545728646216,0.3822499999999638
stratified_size_rep054,stratified_size,54,b50_lb1_k1_eps0p005,hierarchical_local_aggregate,uniform,300,60,5,0.04433505170316272,0.07845996376811476,0.21935545728646216,0.3822499999999638,0.016666666666666666,0.56,0.8133333333333334,0.8625,0.599375,0.8625,7750.0,2750.0,0.21935545728646216,0.3822499999999638
stratified_size_rep054,stratified_size,54,b50_lb1_k1_eps0p005,local_only_offline_aggregate,confidence,300,60,5,0.03897070923669199,0.07403471349982682,0.21785182468865746,0.3822499999999638,0.03333333333333333,0.6233333333333333,0.8233333333333334,0.7884375,0.54578125,0.78,9725.0,4400.0,0.21785182468865746,0.3822499999999638
stratified_size_rep054,stratified_size,54,b50_lb1_k1_eps0p005,local_only_offline_aggregate,shot_proportional,300,60,5,0.04019905303030289,0.07431137521486617,0.21784120588240172,0.3822499999999638,0.03333333333333333,0.6166666666666667,0.82,0.7884375,0.54578125,0.78,9725.0,4400.0,0.21784120588240172,0.3822499999999638
stratified_size_rep054,stratified_size,54,b50_lb1_k1_eps0p005,local_only_offline_aggregate,uniform,300,60,5,0.039265646938441985,0.07406027487111476,0.21784059861814534,0.3822499999999638,0.03666666666666667,0.6233333333333333,0.8233333333333334,0.7884375,0.54578125,0.78,9725.0,4400.0,0.21784059861814534,0.3822499999999638
stratified_size_rep055,stratified_size,55,b50_lb1_k1_eps0p005,aggregate_only_sync,confidence,300,60,5,0.04258790096568698,0.07250314163736851,0.21499354032791074,0.38454999999996353,0.01,0.5966666666666667,0.8266666666666667,0.875,0.609375,0.875,6812.5,2500.0,0.21499354032791074,0.38454999999996353
stratified_size_rep055,stratified_size,55,b50_lb1_k1_eps0p005,aggregate_only_sync,shot_proportional,300,60,5,0.04258790096568698,0.07250314163736851,0.21499354032791074,0.38454999999996353,0.01,0.5966666666666667,0.8266666666666667,0.875,0.609375,0.875,6812.5,2500.0,0.21499354032791074,0.38454999999996353
stratified_size_rep055,stratified_size,55,b50_lb1_k1_eps0p005,aggregate_only_sync,uniform,300,60,5,0.04258790096568698,0.07250314163736851,0.21499354032791074,0.38454999999996353,0.01,0.5966666666666667,0.8266666666666667,0.875,0.609375,0.875,6812.5,2500.0,0.21499354032791074,0.38454999999996353
stratified_size_rep055,stratified_size,55,b50_lb1_k1_eps0p005,hierarchical_local_aggregate,confidence,300,60,5,0.042268459029974934,0.07236427186757147,0.21498892015858725,0.38454999999996353,0.013333333333333334,0.6033333333333334,0.8266666666666667,0.87875,0.609375,0.87875,6725.0,2425.0,0.21498892015858725,0.38454999999996353
stratified_size_rep055,stratified_size,55,b50_lb1_k1_eps0p005,hierarchical_local_aggregate,shot_proportional,300,60,5,0.04283423018606829,0.07250314163736851,0.21499354032791074,0.38454999999996353,0.01,0.5966666666666667,0.8266666666666667,0.87875,0.609375,0.87875,6725.0,2425.0,0.21499354032791074,0.38454999999996353
stratified_size_rep055,stratified_size,55,b50_lb1_k1_eps0p005,hierarchical_local_aggregate,uniform,300,60,5,0.04283423018606829,0.07250314163736851,0.21499354032791074,0.38454999999996353,0.01,0.5966666666666667,0.8266666666666667,0.87875,0.609375,0.87875,6725.0,2425.0,0.21499354032791074,0.38454999999996353
stratified_size_rep055,stratified_size,55,b50_lb1_k1_eps0p005,local_only_offline_aggregate,confidence,300,60,5,0.03642343100033618,0.06873786031042134,0.21215198467032176,0.38454999999996353,0.023333333333333334,0.6466666666666666,0.8366666666666667,0.82625,0.556875,0.8,9175.0,4000.0,0.21215198467032176,0.38454999999996353
stratified_size_rep055,stratified_size,55,b50_lb1_k1_eps0p005,local_only_offline_aggregate,shot_proportional,300,60,5,0.037303769987634294,0.06873786031042134,0.21215027227220054,0.38454999999996353,0.023333333333333334,0.64,0.8333333333333334,0.82625,0.556875,0.8,9175.0,4000.0,0.21215027227220054,0.38454999999996353
stratified_size_rep055,stratified_size,55,b50_lb1_k1_eps0p005,local_only_offline_aggregate,uniform,300,60,5,0.03635309135835416,0.06873786031042134,0.21213862814075485,0.38454999999996353,0.02666666666666667,0.6466666666666666,0.8366666666666667,0.82625,0.556875,0.8,9175.0,4000.0,0.21213862814075485,0.38454999999996353
stratified_size_rep056,stratified_size,56,b50_lb1_k1_eps0p005,aggregate_only_sync,confidence,300,60,5,0.044237096768174125,0.07769586351077237,0.24195272927135344,0.38454999999996353,0.016666666666666666,0.5733333333333334,0.8166666666666667,0.855,0.5875,0.855,7887.5,2900.0,0.24195272927135344,0.38454999999996353
stratified_size_rep056,stratified_size,56,b50_lb1_k1_eps0p005,aggregate_only_sync,shot_proportional,300,60,5,0.044237096768174125,0.07769586351077237,0.24195272927135344,0.38454999999996353,0.016666666666666666,0.5733333333333334,0.8166666666666667,0.855,0.5875,0.855,7887.5,2900.0,0.24195272927135344,0.38454999999996353
stratified_size_rep056,stratified_size,56,b50_lb1_k1_eps0p005,aggregate_only_sync,uniform,300,60,5,0.044237096768174125,0.07769586351077237,0.24195272927135344,0.38454999999996353,0.016666666666666666,0.5733333333333334,0.8166666666666667,0.855,0.5875,0.855,7887.5,2900.0,0.24195272927135344,0.38454999999996353
stratified_size_rep056,stratified_size,56,b50_lb1_k1_eps0p005,hierarchical_local_aggregate,confidence,300,60,5,0.04348845556608662,0.0776894781794563,0.24195152760424624,0.38454999999996353,0.013333333333333334,0.58,0.8166666666666667,0.855,0.5875,0.855,7862.5,2900.0,0.24195152760424624,0.38454999999996353
stratified_size_rep056,stratified_size,56,b50_lb1_k1_eps0p005,hierarchical_local_aggregate,shot_proportional,300,60,5,0.04429441037609928,0.0777381658884927,0.24195272927135344,0.38454999999996353,0.016666666666666666,0.5733333333333334,0.8166666666666667,0.855,0.5875,0.855,7862.5,2900.0,0.24195272927135344,0.38454999999996353
stratified_size_rep056,stratified_size,56,b50_lb1_k1_eps0p005,hierarchical_local_aggregate,uniform,300,60,5,0.04429441037609928,0.0777381658884927,0.24195272927135344,0.38454999999996353,0.016666666666666666,0.5733333333333334,0.8166666666666667,0.855,0.5875,0.855,7862.5,2900.0,0.24195272927135344,0.38454999999996353
stratified_size_rep056,stratified_size,56,b50_lb1_k1_eps0p005,local_only_offline_aggregate,confidence,300,60,5,0.0385799450093688,0.07260231048221652,0.24106460816377986,0.38454999999996353,0.03333333333333333,0.63,0.82,0.7809375000000001,0.5453125,0.7625,9900.0,4750.0,0.24106460816377986,0.38454999999996353
stratified_size_rep056,stratified_size,56,b50_lb1_k1_eps0p005,local_only_offline_aggregate,shot_proportional,300,60,5,0.03924513981508959,0.07268453971630007,0.2410462499999841,0.38454999999996353,0.03333333333333333,0.6233333333333333,0.82,0.7809375000000001,0.5453125,0.7625,9900.0,4750.0,0.2410462499999841,0.38454999999996353
stratified_size_rep056,stratified_size,56,b50_lb1_k1_eps0p005,local_only_offline_aggregate,uniform,300,60,5,0.03857860479859819,0.07261067801869642,0.2410462499999841,0.38454999999996353,0.03666666666666667,0.63,0.82,0.7809375000000001,0.5453125,0.7625,9900.0,4750.0,0.2410462499999841,0.38454999999996353
stratified_size_rep057,stratified_size,57,b50_lb1_k1_eps0p005,aggregate_only_sync,confidence,300,60,5,0.04420828229677029,0.07898516714470369,0.24137619974880783,0.38454999999996353,0.006666666666666667,0.5633333333333334,0.8066666666666666,0.851875,0.5875,0.851875,7887.5,2962.5,0.24137619974880783,0.38454999999996353
stratified_size_rep057,stratified_size,57,b50_lb1_k1_eps0p005,aggregate_only_sync,shot_proportional,300,60,5,0.04420828229677029,0.07898516714470369,0.24137619974880783,0.38454999999996353,0.006666666666666667,0.5633333333333334,0.8066666666666666,0.851875,0.5875,0.851875,7887.5,2962.5,0.24137619974880783,0.38454999999996353
stratified_size_rep057,stratified_size,57,b50_lb1_k1_eps0p005,aggregate_only_sync,uniform,300,60,5,0.04420828229677029,0.07898516714470369,0.24137619974880783,0.38454999999996353,0.006666666666666667,0.5633333333333334,0.8066666666666666,0.851875,0.5875,0.851875,7887.5,2962.5,0.24137619974880783,0.38454999999996353
stratified_size_rep057,stratified_size,57,b50_lb1_k1_eps0p005,hierarchical_local_aggregate,confidence,300,60,5,0.043469752642629214,0.07898359921161205,0.24137612362684563,0.38454999999996353,0.0033333333333333335,0.5666666666666667,0.8066666666666666,0.851875,0.5875,0.851875,7862.5,2962.5,0.24137612362684563,0.38454999999996353
stratified_size_rep057,stratified_size,57,b50_lb1_k1_eps0p005,hierarchical_local_aggregate,shot_proportional,300,60,5,0.04433505170316272,0.07898516714470369,0.24137619974880783,0.38454999999996353,0.006666666666666667,0.5633333333333334,0.8066666666666666,0.851875,0.5875,0.851875,7862.5,2962.5,0.24137619974880783,0.38454999999996353
stratified_size_rep057,stratified_size,57,b50_lb1_k1_eps0p005,hierarchical_local_aggregate,uniform,300,60,5,0.04433505170316272,0.07898516714470369,0.24137619974880783,0.38454999999996353,0.006666666666666667,0.5633333333333334,0.8066666666666666,0.851875,0.5875,0.851875,7862.5,2962.5,0.24137619974880783,0.38454999999996353
stratified_size_rep057,stratified_size,57,b50_lb1_k1_eps0p005,local_only_offline_aggregate,confidence,300,60,5,0.03867294920972229,0.07640621765504968,0.23955671440453227,0.38454999999996353,0.02,0.6233333333333333,0.8166666666666667,0.7809375000000001,0.53975,0.7625,9825.0,4750.0,0.23955671440453227,0.38454999999996353
stratified_size_rep057,stratified_size,57,b50_lb1_k1_eps0p005,local_only_offline_aggregate,shot_proportional,300,60,5,0.03963286121221701,0.07640835967491777,0.23954375000008366,0.38454999999996353,0.02,0.6166666666666667,0.8133333333333334,0.7809375000000001,0.53975,0.7625,9825.0,4750.0,0.23954375000008366,0.38454999999996353
stratified_size_rep057,stratified_size,57,b50_lb1_k1_eps0p005,local_only_offline_aggregate,uniform,300,60,5,0.03866664538634808,0.07640585730271005,0.23954375000008366,0.38454999999996353,0.023333333333333334,0.6233333333333333,0.8166666666666667,0.7809375000000001,0.53975,0.7625,9825.0,4750.0,0.23954375000008366,0.38454999999996353
stratified_size_rep058,stratified_size,58,b50_lb1_k1_eps0p005,aggregate_only_sync,confidence,300,60,5,0.0435707792207791,0.09234967277486913,0.24195272927135344,0.38454999999996353,0.016666666666666666,0.5766666666666667,0.7766666666666666,0.83875,0.56625,0.83875,8275.0,3225.0,0.24195272927135344,0.38454999999996353
stratified_size_rep058,stratified_size,58,b50_lb1_k1_eps0p005,aggregate_only_sync,shot_proportional,300,60,5,0.0435707792207791,0.09234967277486913,0.24195272927135344,0.38454999999996353,0.016666666666666666,0.5766666666666667,0.7766666666666666,0.83875,0.56625,0.83875,8275.0,3225.0,0.24195272927135344,0.38454999999996353
stratified_size_rep058,stratified_size,58,b50_lb1_k1_eps0p005,aggregate_only_sync,uniform,300,60,5,0.0435707792207791,0.09234967277486913,0.24195272927135344,0.38454999999996353,0.016666666666666666,0.5766666666666667,0.7766666666666666,0.83875,0.56625,0.83875,8275.0,3225.0,0.24195272927135344,0.38454999999996353
stratified_size_rep058,stratified_size,58,b50_lb1_k1_eps0p005,hierarchical_local_aggregate,confidence,300,60,5,0.04280212468444246,0.09234967277486913,0.24195152760424624,0.38454999999996353,0.013333333333333334,0.5766666666666667,0.7766666666666666,0.83875,0.56625,0.83875,8225.0,3225.0,0.24195152760424624,0.38454999999996353
stratified_size_rep058,stratified_size,58,b50_lb1_k1_eps0p005,hierarchical_local_aggregate,shot_proportional,300,60,5,0.0435707792207791,0.09234967277486913,0.24195272927135344,0.38454999999996353,0.016666666666666666,0.5766666666666667,0.7766666666666666,0.83875,0.56625,0.83875,8225.0,3225.0,0.24195272927135344,0.38454999999996353
stratified_size_rep058,stratified_size,58,b50_lb1_k1_eps0p005,hierarchical_local_aggregate,uniform,300,60,5,0.0435707792207791,0.09234967277486913,0.24195272927135344,0.38454999999996353,0.016666666666666666,0.5766666666666667,0.7766666666666666,0.83875,0.56625,0.83875,8225.0,3225.0,0.24195272927135344,0.38454999999996353
stratified_size_rep058,stratified_size,58,b50_lb1_k1_eps0p005,local_only_offline_aggregate,confidence,300,60,5,0.037454885221539426,0.08309926970301906,0.24106460816377986,0.38454999999996353,0.03333333333333333,0.6133333333333333,0.7866666666666666,0.7540625000000001,0.5262500000000001,0.7424999999999999,9900.0,5150.0,0.24106460816377986,0.38454999999996353
stratified_size_rep058,stratified_size,58,b50_lb1_k1_eps0p005,local_only_offline_aggregate,shot_proportional,300,60,5,0.038573237900203436,0.08331569554146215,0.2410462499999841,0.38454999999996353,0.03333333333333333,0.6133333333333333,0.7833333333333333,0.7540625000000001,0.5262500000000001,0.7424999999999999,9900.0,5150.0,0.2410462499999841,0.38454999999996353
stratified_size_rep058,stratified_size,58,b50_lb1_k1_eps0p005,local_only_offline_aggregate,uniform,300,60,5,0.03728755072486973,0.08309633147152058,0.2410462499999841,0.38454999999996353,0.03666666666666667,0.6133333333333333,0.7866666666666666,0.7540625000000001,0.5262500000000001,0.7424999999999999,9900.0,5150.0,0.2410462499999841,0.38454999999996353
stratified_size_rep059,stratified_size,59,b50_lb1_k1_eps0p005,aggregate_only_sync,confidence,300,60,5,0.0435707792207791,0.08423520814061031,0.24195272927135344,0.38454999999996353,0.016666666666666666,0.5733333333333334,0.79,0.860625,0.5828125,0.860625,7500.0,2787.5,0.24195272927135344,0.38454999999996353
stratified_size_rep059,stratified_size,59,b50_lb1_k1_eps0p005,aggregate_only_sync,shot_proportional,300,60,5,0.0435707792207791,0.08423520814061031,0.24195272927135344,0.38454999999996353,0.016666666666666666,0.5733333333333334,0.79,0.860625,0.5828125,0.860625,7500.0,2787.5,0.24195272927135344,0.38454999999996353
stratified_size_rep059,stratified_size,59,b50_lb1_k1_eps0p005,aggregate_only_sync,uniform,300,60,5,0.0435707792207791,0.08423520814061031,0.24195272927135344,0.38454999999996353,0.016666666666666666,0.5733333333333334,0.79,0.860625,0.5828125,0.860625,7500.0,2787.5,0.24195272927135344,0.38454999999996353
stratified_size_rep059,stratified_size,59,b50_lb1_k1_eps0p005,hierarchical_local_aggregate,confidence,300,60,5,0.04306070827252867,0.0841525437525355,0.24195152760424624,0.38454999999996353,0.013333333333333334,0.5766666666666667,0.79,0.860625,0.5828125,0.860625,7450.0,2787.5,0.24195152760424624,0.38454999999996353
stratified_size_rep059,stratified_size,59,b50_lb1_k1_eps0p005,hierarchical_local_aggregate,shot_proportional,300,60,5,0.0435707792207791,0.08423520814061031,0.24195272927135344,0.38454999999996353,0.016666666666666666,0.5733333333333334,0.79,0.860625,0.5828125,0.860625,7450.0,2787.5,0.24195272927135344,0.38454999999996353
stratified_size_rep059,stratified_size,59,b50_lb1_k1_eps0p005,hierarchical_local_aggregate,uniform,300,60,5,0.0435707792207791,0.08423520814061031,0.24195272927135344,0.38454999999996353,0.016666666666666666,0.5733333333333334,0.79,0.860625,0.5828125,0.860625,7450.0,2787.5,0.24195272927135344,0.38454999999996353
stratified_size_rep059,stratified_size,59,b50_lb1_k1_eps0p005,local_only_offline_aggregate,confidence,300,60,5,0.03700065893220534,0.07845996376811476,0.24106460816377986,0.38454999999996353,0.03333333333333333,0.6233333333333333,0.7966666666666666,0.7884375,0.5369791666666667,0.78,9400.0,4400.0,0.24106460816377986,0.38454999999996353
stratified_size_rep059,stratified_size,59,b50_lb1_k1_eps0p005,local_only_offline_aggregate,shot_proportional,300,60,5,0.038484852335903263,0.07845996376811476,0.2410462499999841,0.38454999999996353,0.03333333333333333,0.6166666666666667,0.7933333333333333,0.7884375,0.5369791666666667,0.78,9400.0,4400.0,0.2410462499999841,0.38454999999996353
stratified_size_rep059,stratified_size,59,b50_lb1_k1_eps0p005,local_only_offline_aggregate,uniform,300,60,5,0.03691145566427935,0.07845996376811476,0.2410462499999841,0.38454999999996353,0.03666666666666667,0.6233333333333333,0.7966666666666666,0.7884375,0.5369791666666667,0.78,9400.0,4400.0,0.2410462499999841,0.38454999999996353
stratified_size_rep060,stratified_size,60,b50_lb1_k1_eps0p005,aggregate_only_sync,confidence,300,60,5,0.04639333347646858,0.09225565103573871,0.23535468278894367,0.38454999999996353,0.016666666666666666,0.5333333333333333,0.7833333333333333,0.789375,0.561875,0.789375,9325.0,4212.5,0.23535468278894367,0.38454999999996353
stratified_size_rep060,stratified_size,60,b50_lb1_k1_eps0p005,aggregate_only_sync,shot_proportional,300,60,5,0.04639333347646858,0.09225565103573871,0.23535468278894367,0.38454999999996353,0.016666666666666666,0.5333333333333333,0.7833333333333333,0.789375,0.561875,0.789375,9325.0,4212.5,0.23535468278894367,0.38454999999996353
stratified_size_rep060,stratified_size,60,b50_lb1_k1_eps0p005,aggregate_only_sync,uniform,300,60,5,0.04639333347646858,0.09225565103573871,0.23535468278894367,0.38454999999996353,0.016666666666666666,0.5333333333333333,0.7833333333333333,0.789375,0.561875,0.789375,9325.0,4212.5,0.23535468278894367,0.38454999999996353
stratified_size_rep060,stratified_size,60,b50_lb1_k1_eps0p005,hierarchical_local_aggregate,confidence,300,60,5,0.04539179807043836,0.09225565103573871,0.23535033188991275,0.38454999999996353,0.013333333333333334,0.5366666666666666,0.7833333333333333,0.789375,0.561875,0.789375,9325.0,4212.5,0.23535033188991275,0.38454999999996353
stratified_size_rep060,stratified_size,60,b50_lb1_k1_eps0p005,hierarchical_local_aggregate,shot_proportional,300,60,5,0.04639333347646858,0.09225565103573871,0.23535468278894367,0.38454999999996353,0.016666666666666666,0.5333333333333333,0.7833333333333333,0.789375,0.561875,0.789375,9325.0,4212.5,0.23535468278894367,0.38454999999996353
stratified_size_rep060,stratified_size,60,b50_lb1_k1_eps0p005,hierarchical_local_aggregate,uniform,300,60,5,0.04639333347646858,0.09225565103573871,0.23535468278894367,0.38454999999996353,0.016666666666666666,0.5333333333333333,0.7833333333333333,0.789375,0.561875,0.789375,9325.0,4212.5,0.23535468278894367,0.38454999999996353
stratified_size_rep060,stratified_size,60,b50_lb1_k1_eps0p005,local_only_offline_aggregate,confidence,300,60,5,0.04096007529495859,0.08541223772650115,0.23404259900858085,0.38454999999996353,0.03333333333333333,0.5866666666666667,0.7933333333333333,0.67625,0.5262500000000001,0.6725,10925.0,6550.0,0.23404259900858085,0.38454999999996353
stratified_size_rep060,stratified_size,60,b50_lb1_k1_eps0p005,local_only_offline_aggregate,shot_proportional,300,60,5,0.04139341821800727,0.08605856376350174,0.23404194409548365,0.38454999999996353,0.03333333333333333,0.5866666666666667,0.79,0.67625,0.5262500000000001,0.6725,10925.0,6550.0,0.23404194409548365,0.38454999999996353
stratified_size_rep060,stratified_size,60,b50_lb1_k1_eps0p005,local_only_offline_aggregate,uniform,300,60,5,0.040962326199458596,0.08540785170656386,0.23404194409548365,0.38454999999996353,0.03666666666666667,0.5866666666666667,0.7933333333333333,0.67625,0.5262500000000001,0.6725,10925.0,6550.0,0.23404194409548365,0.38454999999996353
stratified_size_rep061,stratified_size,61,b50_lb1_k1_eps0p005,aggregate_only_sync,confidence,300,60,5,0.04246281727986771,0.07769586351077237,0.23535468278894367,0.38454999999996353,0.016666666666666666,0.5966666666666667,0.8066666666666666,0.8825000000000001,0.5974999999999999,0.8825000000000001,6625.0,2350.0,0.23535468278894367,0.38454999999996353
stratified_size_rep061,stratified_size,61,b50_lb1_k1_eps0p005,aggregate_only_sync,shot_proportional,300,60,5,0.04246281727986771,0.07769586351077237,0.23535468278894367,0.38454999999996353,0.016666666666666666,0.5966666666666667,0.8066666666666666,0.8825000000000001,0.5974999999999999,0.8825000000000001,6625.0,2350.0,0.23535468278894367,0.38454999999996353
stratified_size_rep061,stratified_size,61,b50_lb1_k1_eps0p005,aggregate_only_sync,uniform,300,60,5,0.04246281727986771,0.07769586351077237,0.23535468278894367,0.38454999999996353,0.016666666666666666,0.5966666666666667,0.8066666666666666,0.8825000000000001,0.5974999999999999,0.8825000000000001,6625.0,2350.0,0.23535468278894367,0.38454999999996353
stratified_size_rep061,stratified_size,61,b50_lb1_k1_eps0p005,hierarchical_local_aggregate,confidence,300,60,5,0.042027958217719714,0.0776894781794563,0.23535033188991275,0.38454999999996353,0.013333333333333334,0.6033333333333334,0.8066666666666666,0.883125,0.5974999999999999,0.8825000000000001,6550.0,2350.0,0.23535033188991275,0.38454999999996353
stratified_size_rep061,stratified_size,61,b50_lb1_k1_eps0p005,hierarchical_local_aggregate,shot_proportional,300,60,5,0.04256617000849303,0.0777381658884927,0.23535468278894367,0.38454999999996353,0.016666666666666666,0.5966666666666667,0.8066666666666666,0.883125,0.5974999999999999,0.8825000000000001,6550.0,2350.0,0.23535468278894367,0.38454999999996353
stratified_size_rep061,stratified_size,61,b50_lb1_k1_eps0p005,hierarchical_local_aggregate,uniform,300,60,5,0.04256617000849303,0.0777381658884927,0.23535468278894367,0.38454999999996353,0.016666666666666666,0.5966666666666667,0.8066666666666666,0.883125,0.5974999999999999,0.8825000000000001,6550.0,2350.0,0.23535468278894367,0.38454999999996353
stratified_size_rep061,stratified_size,61,b50_lb1_k1_eps0p005,local_only_offline_aggregate,confidence,300,60,5,0.035514100155089545,0.07426874292555319,0.23404259900858085,0.38454999999996353,0.03333333333333333,0.6466666666666666,0.8166666666666667,0.8409375,0.54578125,0.83,8925.0,3400.0,0.23404259900858085,0.38454999999996353
stratified_size_rep061,stratified_size,61,b50_lb1_k1_eps0p005,local_only_offline_aggregate,shot_proportional,300,60,5,0.03682061588208746,0.07431137521486617,0.23404194409548365,0.38454999999996353,0.03333333333333333,0.64,0.8133333333333334,0.8409375,0.54578125,0.83,8925.0,3400.0,0.23404194409548365,0.38454999999996353
stratified_size_rep061,stratified_size,61,b50_lb1_k1_eps0p005,local_only_offline_aggregate,uniform,300,60,5,0.03553235427720085,0.07426556516172625,0.23404194409548365,0.38454999999996353,0.03666666666666667,0.6466666666666666,0.8166666666666667,0.8409375,0.54578125,0.83,8925.0,3400.0,0.23404194409548365,0.38454999999996353
stratified_size_rep062,stratified_size,62,b50_lb1_k1_eps0p005,aggregate_only_sync,confidence,300,60,5,0.042939406979822056,0.08671197104018906,0.24137785489956126,0.38454999999996353,0.016666666666666666,0.5833333333333334,0.8,0.875,0.574375,0.875,6912.5,2500.0,0.24137785489956126,0.38454999999996353
stratified_size_rep062,stratified_size,62,b50_lb1_k1_eps0p005,aggregate_only_sync,shot_proportional,300,60,5,0.042939406979822056,0.08671197104018906,0.24137785489956126,0.38454999999996353,0.016666666666666666,0.5833333333333334,0.8,0.875,0.574375,0.875,6912.5,2500.0,0.24137785489956126,0.38454999999996353
stratified_size_rep062,stratified_size,62,b50_lb1_k1_eps0p005,aggregate_only_sync,uniform,300,60,5,0.042939406979822056,0.08671197104018906,0.24137785489956126,0.38454999999996353,0.016666666666666666,0.5833333333333334,0.8,0.875,0.574375,0.875,6912.5,2500.0,0.24137785489956126,0.38454999999996353
stratified_size_rep062,stratified_size,62,b50_lb1_k1_eps0p005,hierarchical_local_aggregate,confidence,300,60,5,0.04238133391782464,0.08646202006413953,0.24137771553196183,0.38454999999996353,0.013333333333333334,0.59,0.8,0.875,0.574375,0.875,6800.0,2500.0,0.24137771553196183,0.38454999999996353
stratified_size_rep062,stratified_size,62,b50_lb1_k1_eps0p005,hierarchical_local_aggregate,shot_proportional,300,60,5,0.0431379073183958,0.08671197104018906,0.24137785489956126,0.38454999999996353,0.016666666666666666,0.5833333333333334,0.8,0.875,0.574375,0.875,6800.0,2500.0,0.24137785489956126,0.38454999999996353
stratified_size_rep062,stratified_size,62,b50_lb1_k1_eps0p005,hierarchical_local_aggregate,uniform,300,60,5,0.0431379073183958,0.08671197104018906,0.24137785489956126,0.38454999999996353,0.016666666666666666,0.5833333333333334,0.8,0.875,0.574375,0.875,6800.0,2500.0,0.24137785489956126,0.38454999999996353
stratified_size_rep062,stratified_size,62,b50_lb1_k1_eps0p005,local_only_offline_aggregate,confidence,300,60,5,0.03588739357636843,0.07862787694098505,0.23955671440453227,0.38454999999996353,0.03333333333333333,0.6266666666666667,0.81,0.801875,0.5353125,0.79375,9225.0,4125.0,0.23955671440453227,0.38454999999996353
stratified_size_rep062,stratified_size,62,b50_lb1_k1_eps0p005,local_only_offline_aggregate,shot_proportional,300,60,5,0.03790825773241081,0.07895908675377789,0.23954375000008366,0.38454999999996353,0.03333333333333333,0.62,0.8066666666666666,0.801875,0.5353125,0.79375,9225.0,4125.0,0.23954375000008366,0.38454999999996353
stratified_size_rep062,stratified_size,62,b50_lb1_k1_eps0p005,local_only_offline_aggregate,uniform,300,60,5,0.03597138922390971,0.07867640692175151,0.23954375000008366,0.38454999999996353,0.03666666666666667,0.6266666666666667,0.81,0.801875,0.5353125,0.79375,9225.0,4125.0,0.23954375000008366,0.38454999999996353
stratified_size_rep063,stratified_size,63,b50_lb1_k1_eps0p005,aggregate_only_sync,confidence,300,60,5,0.043264322804737895,0.07095036256906077,0.2418732631909576,0.38454999999996353,0.016666666666666666,0.5933333333333334,0.8166666666666667,0.8687499999999999,0.5884375000000001,0.8687499999999999,7375.0,2625.0,0.2418732631909576,0.38454999999996353
stratified_size_rep063,stratified_size,63,b50_lb1_k1_eps0p005,aggregate_only_sync,shot_proportional,300,60,5,0.043264322804737895,0.07095036256906077,0.2418732631909576,0.38454999999996353,0.016666666666666666,0.5933333333333334,0.8166666666666667,0.8687499999999999,0.5884375000000001,0.8687499999999999,7375.0,2625.0,0.2418732631909576,0.38454999999996353
stratified_size_rep063,stratified_size,63,b50_lb1_k1_eps0p005,aggregate_only_sync,uniform,300,60,5,0.043264322804737895,0.07095036256906077,0.2418732631909576,0.38454999999996353,0.016666666666666666,0.5933333333333334,0.8166666666666667,0.8687499999999999,0.5884375000000001,0.8687499999999999,7375.0,2625.0,0.2418732631909576,0.38454999999996353
stratified_size_rep063,stratified_size,63,b50_lb1_k1_eps0p005,hierarchical_local_aggregate,confidence,300,60,5,0.04245255379390222,0.07094953994940371,0.24187319994532036,0.38454999999996353,0.01,0.6,0.8166666666666667,0.869375,0.5884375000000001,0.869375,7275.0,2612.5,0.24187319994532036,0.38454999999996353
stratified_size_rep063,stratified_size,63,b50_lb1_k1_eps0p005,hierarchical_local_aggregate,shot_proportional,300,60,5,0.043264322804737895,0.07118831520488068,0.2418732631909576,0.38454999999996353,0.016666666666666666,0.5933333333333334,0.8166666666666667,0.869375,0.5884375000000001,0.869375,7275.0,2612.5,0.2418732631909576,0.38454999999996353
stratified_size_rep063,stratified_size,63,b50_lb1_k1_eps0p005,hierarchical_local_aggregate,uniform,300,60,5,0.043264322804737895,0.07095036256906077,0.2418732631909576,0.38454999999996353,0.016666666666666666,0.5933333333333334,0.8166666666666667,0.869375,0.5884375000000001,0.869375,7275.0,2612.5,0.2418732631909576,0.38454999999996353
stratified_size_rep063,stratified_size,63,b50_lb1_k1_eps0p005,local_only_offline_aggregate,confidence,300,60,5,0.03691693502554687,0.0704136703732104,0.24019333455930766,0.38454999999996353,0.03,0.6466666666666666,0.8233333333333334,0.801875,0.5453125,0.79,9625.0,4200.0,0.24019333455930766,0.38454999999996353
stratified_size_rep063,stratified_size,63,b50_lb1_k1_eps0p005,local_only_offline_aggregate,shot_proportional,300,60,5,0.03790825773241081,0.07053548736486889,0.24018249999997857,0.38454999999996353,0.03,0.64,0.82,0.801875,0.5453125,0.79,9625.0,4200.0,0.24018249999997857,0.38454999999996353
stratified_size_rep063,stratified_size,63,b50_lb1_k1_eps0p005,local_only_offline_aggregate,uniform,300,60,5,0.03679514889742662,0.07043897018490414,0.24018249999997857,0.38454999999996353,0.03,0.6466666666666666,0.8233333333333334,0.801875,0.5453125,0.79,9625.0,4200.0,0.24018249999997857,0.38454999999996353
stratified_size_rep064,stratified_size,64,b50_lb1_k1_eps0p005,aggregate_only_sync,confidence,300,60,5,0.04433184657495773,0.0927679347826087,0.24195272927135344,0.38454999999996353,0.016666666666666666,0.5566666666666666,0.7766666666666666,0.8200000000000001,0.561875,0.8200000000000001,8575.0,3600.0,0.24195272927135344,0.38454999999996353
stratified_size_rep064,stratified_size,64,b50_lb1_k1_eps0p005,aggregate_only_sync,shot_proportional,300,60,5,0.04433184657495773,0.0927679347826087,0.24195272927135344,0.38454999999996353,0.016666666666666666,0.5566666666666666,0.7766666666666666,0.8200000000000001,0.561875,0.8200000000000001,8575.0,3600.0,0.24195272927135344,0.38454999999996353
stratified_size_rep064,stratified_size,64,b50_lb1_k1_eps0p005,aggregate_only_sync,uniform,300,60,5,0.04433184657495773,0.0927679347826087,0.24195272927135344,0.38454999999996353,0.016666666666666666,0.5566666666666666,0.7766666666666666,0.8200000000000001,0.561875,0.8200000000000001,8575.0,3600.0,0.24195272927135344,0.38454999999996353
stratified_size_rep064,stratified_size,64,b50_lb1_k1_eps0p005,hierarchical_local_aggregate,confidence,300,60,5,0.043964480199742015,0.0927679347826087,0.24195152760424624,0.38454999999996353,0.01,0.5566666666666666,0.7766666666666666,0.8200000000000001,0.561875,0.8200000000000001,8425.0,3600.0,0.24195152760424624,0.38454999999996353
stratified_size_rep064,stratified_size,64,b50_lb1_k1_eps0p005,hierarchical_local_aggregate,shot_proportional,300,60,5,0.044404193899781834,0.0927679347826087,0.24195272927135344,0.38454999999996353,0.016666666666666666,0.5566666666666666,0.7766666666666666,0.8200000000000001,0.561875,0.8200000000000001,8425.0,3600.0,0.24195272927135344,0.38454999999996353
stratified_size_rep064,stratified_size,64,b50_lb1_k1_eps0p005,hierarchical_local_aggregate,uniform,300,60,5,0.044404193899781834,0.0927679347826087,0.24195272927135344,0.38454999999996353,0.016666666666666666,0.5566666666666666,0.7766666666666666,0.8200000000000001,0.561875,0.8200000000000001,8425.0,3600.0,0.24195272927135344,0.38454999999996353
stratified_size_rep064,stratified_size,64,b50_lb1_k1_eps0p005,local_only_offline_aggregate,confidence,300,60,5,0.0389837684276767,0.08570909236353381,0.24106460816377986,0.38454999999996353,0.03,0.6033333333333334,0.7866666666666666,0.735,0.5262500000000001,0.69,9975.0,6200.0,0.24106460816377986,0.38454999999996353
stratified_size_rep064,stratified_size,64,b50_lb1_k1_eps0p005,local_only_offline_aggregate,shot_proportional,300,60,5,0.04019905303030289,0.08661486088133061,0.2410462499999841,0.38454999999996353,0.03,0.6033333333333334,0.7833333333333333,0.735,0.5262500000000001,0.69,9975.0,6200.0,0.2410462499999841,0.38454999999996353
stratified_size_rep064,stratified_size,64,b50_lb1_k1_eps0p005,local_only_offline_aggregate,uniform,300,60,5,0.0392750827275937,0.08579055904746549,0.2410462499999841,0.38454999999996353,0.03,0.6033333333333334,0.7866666666666666,0.735,0.5262500000000001,0.69,9975.0,6200.0,0.2410462499999841,0.38454999999996353
stratified_size_rep065,stratified_size,65,b50_lb1_k1_eps0p005,aggregate_only_sync,confidence,300,60,5,0.044237096768174125,0.08671197104018906,0.2207449874372141,0.38454999999996353,0.016666666666666666,0.5566666666666666,0.8,0.855,0.574375,0.855,7900.0,2900.0,0.2207449874372141,0.38454999999996353
stratified_size_rep065,stratified_size,65,b50_lb1_k1_eps0p005,aggregate_only_sync,shot_proportional,300,60,5,0.044237096768174125,0.08671197104018906,0.2207449874372141,0.38454999999996353,0.016666666666666666,0.5566666666666666,0.8,0.855,0.574375,0.855,7900.0,2900.0,0.2207449874372141,0.38454999999996353
stratified_size_rep065,stratified_size,65,b50_lb1_k1_eps0p005,aggregate_only_sync,uniform,300,60,5,0.044237096768174125,0.08671197104018906,0.2207449874372141,0.38454999999996353,0.016666666666666666,0.5566666666666666,0.8,0.855,0.574375,0.855,7900.0,2900.0,0.2207449874372141,0.38454999999996353
stratified_size_rep065,stratified_size,65,b50_lb1_k1_eps0p005,hierarchical_local_aggregate,confidence,300,60,5,0.04354597565073013,0.08646202006413953,0.22074503274444815,0.38454999999996353,0.013333333333333334,0.5633333333333334,0.8,0.855,0.574375,0.855,7887.5,2900.0,0.22074503274444815,0.38454999999996353
stratified_size_rep065,stratified_size,65,b50_lb1_k1_eps0p005,hierarchical_local_aggregate,shot_proportional,300,60,5,0.044237096768174125,0.08671197104018906,0.2207449874372141,0.38454999999996353,0.016666666666666666,0.5566666666666666,0.8,0.855,0.574375,0.855,7887.5,2900.0,0.2207449874372141,0.38454999999996353
stratified_size_rep065,stratified_size,65,b50_lb1_k1_eps0p005,hierarchical_local_aggregate,uniform,300,60,5,0.044237096768174125,0.08671197104018906,0.2207449874372141,0.38454999999996353,0.016666666666666666,0.5566666666666666,0.8,0.855,0.574375,0.855,7887.5,2900.0,0.2207449874372141,0.38454999999996353
stratified_size_rep065,stratified_size,65,b50_lb1_k1_eps0p005,local_only_offline_aggregate,confidence,300,60,5,0.03867294920972229,0.07911226209902722,0.2190670195701581,0.38454999999996353,0.03333333333333333,0.6133333333333333,0.81,0.7884375,0.5353125,0.78,9675.0,4400.0,0.2190670195701581,0.38454999999996353
stratified_size_rep065,stratified_size,65,b50_lb1_k1_eps0p005,local_only_offline_aggregate,shot_proportional,300,60,5,0.03995513485477213,0.07943511234093273,0.21905762500004947,0.38454999999996353,0.03333333333333333,0.61,0.8066666666666666,0.7884375,0.5353125,0.78,9675.0,4400.0,0.21905762500004947,0.38454999999996353
stratified_size_rep065,stratified_size,65,b50_lb1_k1_eps0p005,local_only_offline_aggregate,uniform,300,60,5,0.03866664538634808,0.07916196164302662,0.21905762500004947,0.38454999999996353,0.03666666666666667,0.6133333333333333,0.81,0.7884375,0.5353125,0.78,9675.0,4400.0,0.21905762500004947,0.38454999999996353
stratified_size_rep066,stratified_size,66,b50_lb1_k1_eps0p005,aggregate_only_sync,confidence,300,60,5,0.04340641711229948,0.08132995005875376,0.2418732631909576,0.38454999999996353,0.01,0.59,0.7966666666666666,0.86625,0.5925,0.86625,7375.0,2675.0,0.2418732631909576,0.38454999999996353
stratified_size_rep066,stratified_size,66,b50_lb1_k1_eps0p005,aggregate_only_sync,shot_proportional,300,60,5,0.04340641711229948,0.08132995005875376,0.2418732631909576,0.38454999999996353,0.01,0.59,0.7966666666666666,0.86625,0.5925,0.86625,7375.0,2675.0,0.2418732631909576,0.38454999999996353
stratified_size_rep066,stratified_size,66,b50_lb1_k1_eps0p005,aggregate_only_sync,uniform,300,60,5,0.04340641711229948,0.08132995005875376,0.2418732631909576,0.38454999999996353,0.01,0.59,0.7966666666666666,0.86625,0.5925,0.86625,7375.0,2675.0,0.2418732631909576,0.38454999999996353
stratified_size_rep066,stratified_size,66,b50_lb1_k1_eps0p005,hierarchical_local_aggregate,confidence,300,60,5,0.042518111273075324,0.08074193429713855,0.24187319994532036,0.38454999999996353,0.013333333333333334,0.5933333333333334,0.7966666666666666,0.86625,0.5925,0.86625,7375.0,2675.0,0.24187319994532036,0.38454999999996353
stratified_size_rep066,stratified_size,66,b50_lb1_k1_eps0p005,hierarchical_local_aggregate,shot_proportional,300,60,5,0.04340641711229948,0.08132995005875376,0.2418732631909576,0.38454999999996353,0.01,0.59,0.7966666666666666,0.86625,0.5925,0.86625,7375.0,2675.0,0.2418732631909576,0.38454999999996353
stratified_size_rep066,stratified_size,66,b50_lb1_k1_eps0p005,hierarchical_local_aggregate,uniform,300,60,5,0.04340641711229948,0.08132995005875376,0.2418732631909576,0.38454999999996353,0.01,0.59,0.7966666666666666,0.86625,0.5925,0.86625,7375.0,2675.0,0.2418732631909576,0.38454999999996353
stratified_size_rep066,stratified_size,66,b50_lb1_k1_eps0p005,local_only_offline_aggregate,confidence,300,60,5,0.03700065893220534,0.07591714543084252,0.24019333455930766,0.38454999999996353,0.023333333333333334,0.6333333333333333,0.8066666666666666,0.7884375,0.54578125,0.78,9500.0,4400.0,0.24019333455930766,0.38454999999996353
stratified_size_rep066,stratified_size,66,b50_lb1_k1_eps0p005,local_only_offline_aggregate,shot_proportional,300,60,5,0.03840345878136191,0.0759165009270815,0.24018249999997857,0.38454999999996353,0.023333333333333334,0.63,0.8033333333333333,0.7884375,0.54578125,0.78,9500.0,4400.0,0.24018249999997857,0.38454999999996353
stratified_size_rep066,stratified_size,66,b50_lb1_k1_eps0p005,local_only_offline_aggregate,uniform,300,60,5,0.03691145566427935,0.07591717493291386,0.24018249999997857,0.38454999999996353,0.02666666666666667,0.6333333333333333,0.8066666666666666,0.7884375,0.54578125,0.78,9500.0,4400.0,0.24018249999997857,0.38454999999996353
stratified_size_rep067,stratified_size,67,b50_lb1_k1_eps0p005,aggregate_only_sync,confidence,300,60,5,0.04240803361622958,0.07250314163736851,0.21492040716208166,0.3822499999999638,0.016666666666666666,0.5966666666666667,0.8266666666666667,0.8800000000000001,0.6246875,0.8800000000000001,6775.0,2400.0,0.21492040716208166,0.3822499999999638
stratified_size_rep067,stratified_size,67,b50_lb1_k1_eps0p005,aggregate_only_sync,shot_proportional,300,60,5,0.04240803361622958,0.07250314163736851,0.21492040716208166,0.3822499999999638,0.016666666666666666,0.5966666666666667,0.8266666666666667,0.8800000000000001,0.6246875,0.8800000000000001,6775.0,2400.0,0.21492040716208166,0.3822499999999638
stratified_size_rep067,stratified_size,67,b50_lb1_k1_eps0p005,aggregate_only_sync,uniform,300,60,5,0.04240803361622958,0.07250314163736851,0.21492040716208166,0.3822499999999638,0.016666666666666666,0.5966666666666667,0.8266666666666667,0.8800000000000001,0.6246875,0.8800000000000001,6775.0,2400.0,0.21492040716208166,0.3822499999999638
stratified_size_rep067,stratified_size,67,b50_lb1_k1_eps0p005,hierarchical_local_aggregate,confidence,300,60,5,0.04176319729963873,0.07236427186757147,0.2149157857987242,0.3822499999999638,0.013333333333333334,0.6033333333333334,0.8266666666666667,0.8825000000000001,0.6246875,0.8825000000000001,6625.0,2350.0,0.2149157857987242,0.3822499999999638
stratified_size_rep067,stratified_size,67,b50_lb1_k1_eps0p005,hierarchical_local_aggregate,shot_proportional,300,60,5,0.04253237711886922,0.07250314163736851,0.21492040716208166,0.3822499999999638,0.016666666666666666,0.5966666666666667,0.8266666666666667,0.8825000000000001,0.6246875,0.8825000000000001,6625.0,2350.0,0.21492040716208166,0.3822499999999638
stratified_size_rep067,stratified_size,67,b50_lb1_k1_eps0p005,hierarchical_local_aggregate,uniform,300,60,5,0.04253237711886922,0.07250314163736851,0.21492040716208166,0.3822499999999638,0.016666666666666666,0.5966666666666667,0.8266666666666667,0.8825000000000001,0.6246875,0.8825000000000001,6625.0,2350.0,0.21492040716208166,0.3822499999999638
stratified_size_rep067,stratified_size,67,b50_lb1_k1_eps0p005,local_only_offline_aggregate,confidence,300,60,5,0.03633649915587481,0.0688315054211843,0.21208756857939784,0.3822499999999638,0.03333333333333333,0.6466666666666666,0.8366666666666667,0.81625,0.556875,0.8,9087.5,4000.0,0.21208756857939784,0.3822499999999638
stratified_size_rep067,stratified_size,67,b50_lb1_k1_eps0p005,local_only_offline_aggregate,shot_proportional,300,60,5,0.037303769987634294,0.0688315054211843,0.21208577227220057,0.3822499999999638,0.03333333333333333,0.64,0.8333333333333334,0.81625,0.556875,0.8,9087.5,4000.0,0.21208577227220057,0.3822499999999638
stratified_size_rep067,stratified_size,67,b50_lb1_k1_eps0p005,local_only_offline_aggregate,uniform,300,60,5,0.03635309135835416,0.0688315054211843,0.21207412814075485,0.3822499999999638,0.03666666666666667,0.6466666666666666,0.8366666666666667,0.81625,0.556875,0.8,9087.5,4000.0,0.21207412814075485,0.3822499999999638
stratified_size_rep068,stratified_size,68,b50_lb1_k1_eps0p005,aggregate_only_sync,confidence,300,60,5,0.04429441037609928,0.08618962765957447,0.2207449874372141,0.38454999999996353,0.016666666666666666,0.5566666666666666,0.8033333333333333,0.8456250000000001,0.5884375000000001,0.8456250000000001,8025.0,3087.5,0.2207449874372141,0.38454999999996353
stratified_size_rep068,stratified_size,68,b50_lb1_k1_eps0p005,aggregate_only_sync,shot_proportional,300,60,5,0.04429441037609928,0.08618962765957447,0.2207449874372141,0.38454999999996353,0.016666666666666666,0.5566666666666666,0.8033333333333333,0.8456250000000001,0.5884375000000001,0.8456250000000001,8025.0,3087.5,0.2207449874372141,0.38454999999996353
stratified_size_rep068,stratified_size,68,b50_lb1_k1_eps0p005,aggregate_only_sync,uniform,300,60,5,0.04429441037609928,0.08618962765957447,0.2207449874372141,0.38454999999996353,0.016666666666666666,0.5566666666666666,0.8033333333333333,0.8456250000000001,0.5884375000000001,0.8456250000000001,8025.0,3087.5,0.2207449874372141,0.38454999999996353
stratified_size_rep068,stratified_size,68,b50_lb1_k1_eps0p005,hierarchical_local_aggregate,confidence,300,60,5,0.04370603001315157,0.08610864230845848,0.22074503274444815,0.38454999999996353,0.013333333333333334,0.5633333333333334,0.8033333333333333,0.8456250000000001,0.5884375000000001,0.8456250000000001,8000.0,3087.5,0.22074503274444815,0.38454999999996353
stratified_size_rep068,stratified_size,68,b50_lb1_k1_eps0p005,hierarchical_local_aggregate,shot_proportional,300,60,5,0.04429441037609928,0.08618962765957447,0.2207449874372141,0.38454999999996353,0.016666666666666666,0.5566666666666666,0.8033333333333333,0.8456250000000001,0.5884375000000001,0.8456250000000001,8000.0,3087.5,0.2207449874372141,0.38454999999996353
stratified_size_rep068,stratified_size,68,b50_lb1_k1_eps0p005,hierarchical_local_aggregate,uniform,300,60,5,0.04429441037609928,0.08618962765957447,0.2207449874372141,0.38454999999996353,0.016666666666666666,0.5566666666666666,0.8033333333333333,0.8456250000000001,0.5884375000000001,0.8456250000000001,8000.0,3087.5,0.2207449874372141,0.38454999999996353
stratified_size_rep068,stratified_size,68,b50_lb1_k1_eps0p005,local_only_offline_aggregate,confidence,300,60,5,0.03867294920972229,0.07845996376811476,0.2190670195701581,0.38454999999996353,0.03333333333333333,0.6166666666666667,0.8133333333333334,0.754375,0.53975,0.7424999999999999,9775.0,5150.0,0.2190670195701581,0.38454999999996353
stratified_size_rep068,stratified_size,68,b50_lb1_k1_eps0p005,local_only_offline_aggregate,shot_proportional,300,60,5,0.04002918788507501,0.07845996376811476,0.21905762500004947,0.38454999999996353,0.03333333333333333,0.6133333333333333,0.81,0.754375,0.53975,0.7424999999999999,9775.0,5150.0,0.21905762500004947,0.38454999999996353
stratified_size_rep068,stratified_size,68,b50_lb1_k1_eps0p005,local_only_offline_aggregate,uniform,300,60,5,0.03866664538634808,0.07845996376811476,0.21905762500004947,0.38454999999996353,0.03666666666666667,0.6166666666666667,0.8133333333333334,0.754375,0.53975,0.7424999999999999,9775.0,5150.0,0.21905762500004947,0.38454999999996353
stratified_size_rep069,stratified_size,69,b50_lb1_k1_eps0p005,aggregate_only_sync,confidence,300,60,5,0.0435707792207791,0.07769586351077237,0.21499354032791074,0.38454999999996353,0.006666666666666667,0.5766666666666667,0.82,0.869375,0.619375,0.869375,7225.0,2612.5,0.21499354032791074,0.38454999999996353
stratified_size_rep069,stratified_size,69,b50_lb1_k1_eps0p005,aggregate_only_sync,shot_proportional,300,60,5,0.0435707792207791,0.07769586351077237,0.21499354032791074,0.38454999999996353,0.006666666666666667,0.5766666666666667,0.82,0.869375,0.619375,0.869375,7225.0,2612.5,0.21499354032791074,0.38454999999996353
stratified_size_rep069,stratified_size,69,b50_lb1_k1_eps0p005,aggregate_only_sync,uniform,300,60,5,0.0435707792207791,0.07769586351077237,0.21499354032791074,0.38454999999996353,0.006666666666666667,0.5766666666666667,0.82,0.869375,0.619375,0.869375,7225.0,2612.5,0.21499354032791074,0.38454999999996353
stratified_size_rep069,stratified_size,69,b50_lb1_k1_eps0p005,hierarchical_local_aggregate,confidence,300,60,5,0.042518111273075324,0.0776894781794563,0.21498892015858725,0.38454999999996353,0.0033333333333333335,0.5833333333333334,0.82,0.871875,0.619375,0.871875,6950.0,2562.5,0.21498892015858725,0.38454999999996353
stratified_size_rep069,stratified_size,69,b50_lb1_k1_eps0p005,hierarchical_local_aggregate,shot_proportional,300,60,5,0.0435707792207791,0.0777381658884927,0.21499354032791074,0.38454999999996353,0.006666666666666667,0.5766666666666667,0.82,0.871875,0.619375,0.871875,6950.0,2562.5,0.21499354032791074,0.38454999999996353
stratified_size_rep069,stratified_size,69,b50_lb1_k1_eps0p005,hierarchical_local_aggregate,uniform,300,60,5,0.0435707792207791,0.0777381658884927,0.21499354032791074,0.38454999999996353,0.006666666666666667,0.5766666666666667,0.82,0.871875,0.619375,0.871875,6950.0,2562.5,0.21499354032791074,0.38454999999996353
stratified_size_rep069,stratified_size,69,b50_lb1_k1_eps0p005,local_only_offline_aggregate,confidence,300,60,5,0.03735804945674067,0.07260231048221652,0.21215198467032176,0.38454999999996353,0.02,0.6333333333333333,0.83,0.80625,0.556875,0.79,9300.0,4200.0,0.21215198467032176,0.38454999999996353
stratified_size_rep069,stratified_size,69,b50_lb1_k1_eps0p005,local_only_offline_aggregate,shot_proportional,300,60,5,0.0386546314547448,0.07268453971630007,0.21215027227220054,0.38454999999996353,0.02,0.6266666666666667,0.8266666666666667,0.80625,0.556875,0.79,9300.0,4200.0,0.21215027227220054,0.38454999999996353
stratified_size_rep069,stratified_size,69,b50_lb1_k1_eps0p005,local_only_offline_aggregate,uniform,300,60,5,0.03728755072486973,0.07261067801869642,0.21213862814075485,0.38454999999996353,0.023333333333333334,0.6333333333333333,0.83,0.80625,0.556875,0.79,9300.0,4200.0,0.21213862814075485,0.38454999999996353
stratified_size_rep070,stratified_size,70,b50_lb1_k1_eps0p005,aggregate_only_sync,confidence,300,60,5,0.04440858178559764,0.07968722391746572,0.21492040716208166,0.3822499999999638,0.016666666666666666,0.5533333333333333,0.8166666666666667,0.86375,0.5884375000000001,0.86375,7750.0,2725.0,0.21492040716208166,0.3822499999999638
stratified_size_rep070,stratified_size,70,b50_lb1_k1_eps0p005,aggregate_only_sync,shot_proportional,300,60,5,0.04440858178559764,0.07968722391746572,0.21492040716208166,0.3822499999999638,0.016666666666666666,0.5533333333333333,0.8166666666666667,0.86375,0.5884375000000001,0.86375,7750.0,2725.0,0.21492040716208166,0.3822499999999638
stratified_size_rep070,stratified_size,70,b50_lb1_k1_eps0p005,aggregate_only_sync,uniform,300,60,5,0.04440858178559764,0.07968722391746572,0.21492040716208166,0.3822499999999638,0.016666666666666666,0.5533333333333333,0.8166666666666667,0.86375,0.5884375000000001,0.86375,7750.0,2725.0,0.21492040716208166,0.3822499999999638
stratified_size_rep070,stratified_size,70,b50_lb1_k1_eps0p005,hierarchical_local_aggregate,confidence,300,60,5,0.044283728965698474,0.07948682311765437,0.2149157857987242,0.3822499999999638,0.013333333333333334,0.56,0.8166666666666667,0.86375,0.5884375000000001,0.86375,7750.0,2725.0,0.2149157857987242,0.3822499999999638
stratified_size_rep070,stratified_size,70,b50_lb1_k1_eps0p005,hierarchical_local_aggregate,shot_proportional,300,60,5,0.04462465321416936,0.07968722391746572,0.21492040716208166,0.3822499999999638,0.016666666666666666,0.5533333333333333,0.8166666666666667,0.86375,0.5884375000000001,0.86375,7750.0,2725.0,0.21492040716208166,0.3822499999999638
stratified_size_rep070,stratified_size,70,b50_lb1_k1_eps0p005,hierarchical_local_aggregate,uniform,300,60,5,0.04462465321416936,0.07968722391746572,0.21492040716208166,0.3822499999999638,0.016666666666666666,0.5533333333333333,0.8166666666666667,0.86375,0.5884375000000001,0.86375,7750.0,2725.0,0.21492040716208166,0.3822499999999638
stratified_size_rep070,stratified_size,70,b50_lb1_k1_eps0p005,local_only_offline_aggregate,confidence,300,60,5,0.04027732605893419,0.07591714543084252,0.21208756857939784,0.3822499999999638,0.03333333333333333,0.6133333333333333,0.8266666666666667,0.7884375,0.53975,0.78,9625.0,4400.0,0.21208756857939784,0.3822499999999638
stratified_size_rep070,stratified_size,70,b50_lb1_k1_eps0p005,local_only_offline_aggregate,shot_proportional,300,60,5,0.04084650537634407,0.0759165009270815,0.21208577227220057,0.3822499999999638,0.03333333333333333,0.6066666666666667,0.8233333333333334,0.7884375,0.53975,0.78,9625.0,4400.0,0.21208577227220057,0.3822499999999638
stratified_size_rep070,stratified_size,70,b50_lb1_k1_eps0p005,local_only_offline_aggregate,uniform,300,60,5,0.04027809522062604,0.07591717493291386,0.21207412814075485,0.3822499999999638,0.03666666666666667,0.6133333333333333,0.8266666666666667,0.7884375,0.53975,0.78,9625.0,4400.0,0.21207412814075485,0.3822499999999638
stratified_size_rep071,stratified_size,71,b50_lb1_k1_eps0p005,aggregate_only_sync,confidence,300,60,5,0.04246281727986771,0.08618962765957447,0.24195272927135344,0.38454999999996353,0.01,0.58,0.79,0.869375,0.5884375000000001,0.869375,6912.5,2612.5,0.24195272927135344,0.38454999999996353
stratified_size_rep071,stratified_size,71,b50_lb1_k1_eps0p005,aggregate_only_sync,shot_proportional,300,60,5,0.04246281727986771,0.08618962765957447,0.24195272927135344,0.38454999999996353,0.01,0.58,0.79,0.869375,0.5884375000000001,0.869375,6912.5,2612.5,0.24195272927135344,0.38454999999996353
stratified_size_rep071,stratified_size,71,b50_lb1_k1_eps0p005,aggregate_only_sync,uniform,300,60,5,0.04246281727986771,0.08618962765957447,0.24195272927135344,0.38454999999996353,0.01,0.58,0.79,0.869375,0.5884375000000001,0.869375,6912.5,2612.5,0.24195272927135344,0.38454999999996353
stratified_size_rep071,stratified_size,71,b50_lb1_k1_eps0p005,hierarchical_local_aggregate,confidence,300,60,5,0.0423105711196136,0.08610864230845848,0.24195152760424624,0.38454999999996353,0.013333333333333334,0.5833333333333334,0.79,0.871875,0.5884375000000001,0.871875,6750.0,2562.5,0.24195152760424624,0.38454999999996353
stratified_size_rep071,stratified_size,71,b50_lb1_k1_eps0p005,hierarchical_local_aggregate,shot_proportional,300,60,5,0.04251834112668547,0.08618962765957447,0.24195272927135344,0.38454999999996353,0.01,0.58,0.79,0.871875,0.5884375000000001,0.871875,6750.0,2562.5,0.24195272927135344,0.38454999999996353
stratified_size_rep071,stratified_size,71,b50_lb1_k1_eps0p005,hierarchical_local_aggregate,uniform,300,60,5,0.04251834112668547,0.08618962765957447,0.24195272927135344,0.38454999999996353,0.01,0.58,0.79,0.871875,0.5884375000000001,0.871875,6750.0,2562.5,0.24195272927135344,0.38454999999996353
stratified_size_rep071,stratified_size,71,b50_lb1_k1_eps0p005,local_only_offline_aggregate,confidence,300,60,5,0.03588739357636843,0.07911226209902722,0.24106460816377986,0.38454999999996353,0.023333333333333334,0.63,0.7966666666666666,0.81625,0.53975,0.795,9300.0,4100.0,0.24106460816377986,0.38454999999996353
stratified_size_rep071,stratified_size,71,b50_lb1_k1_eps0p005,local_only_offline_aggregate,shot_proportional,300,60,5,0.03727491350630498,0.07953277980081543,0.2410462499999841,0.38454999999996353,0.023333333333333334,0.6233333333333333,0.7933333333333333,0.81625,0.53975,0.795,9300.0,4100.0,0.2410462499999841,0.38454999999996353
stratified_size_rep071,stratified_size,71,b50_lb1_k1_eps0p005,local_only_offline_aggregate,uniform,300,60,5,0.03597138922390971,0.07916196164302662,0.2410462499999841,0.38454999999996353,0.02666666666666667,0.63,0.7966666666666666,0.81625,0.53975,0.795,9300.0,4100.0,0.2410462499999841,0.38454999999996353
stratified_size_rep072,stratified_size,72,b50_lb1_k1_eps0p005,aggregate_only_sync,confidence,300,60,5,0.04429441037609928,0.07735857975613347,0.24137785489956126,0.38454999999996353,0.01,0.5666666666666667,0.8266666666666667,0.86375,0.599375,0.86375,7625.0,2725.0,0.24137785489956126,0.38454999999996353
stratified_size_rep072,stratified_size,72,b50_lb1_k1_eps0p005,aggregate_only_sync,shot_proportional,300,60,5,0.04429441037609928,0.07735857975613347,0.24137785489956126,0.38454999999996353,0.01,0.5666666666666667,0.8266666666666667,0.86375,0.599375,0.86375,7625.0,2725.0,0.24137785489956126,0.38454999999996353
stratified_size_rep072,stratified_size,72,b50_lb1_k1_eps0p005,aggregate_only_sync,uniform,300,60,5,0.04429441037609928,0.07735857975613347,0.24137785489956126,0.38454999999996353,0.01,0.5666666666666667,0.8266666666666667,0.86375,0.599375,0.86375,7625.0,2725.0,0.24137785489956126,0.38454999999996353
stratified_size_rep072,stratified_size,72,b50_lb1_k1_eps0p005,hierarchical_local_aggregate,confidence,300,60,5,0.04354597565073013,0.07723460331191809,0.24137771553196183,0.38454999999996353,0.013333333333333334,0.5733333333333334,0.8266666666666667,0.86375,0.599375,0.86375,7625.0,2725.0,0.24137771553196183,0.38454999999996353
stratified_size_rep072,stratified_size,72,b50_lb1_k1_eps0p005,hierarchical_local_aggregate,shot_proportional,300,60,5,0.04433505170316272,0.07769297331150149,0.24137785489956126,0.38454999999996353,0.01,0.5666666666666667,0.8266666666666667,0.86375,0.599375,0.86375,7625.0,2725.0,0.24137785489956126,0.38454999999996353
stratified_size_rep072,stratified_size,72,b50_lb1_k1_eps0p005,hierarchical_local_aggregate,uniform,300,60,5,0.04433505170316272,0.07769297331150149,0.24137785489956126,0.38454999999996353,0.01,0.5666666666666667,0.8266666666666667,0.86375,0.599375,0.86375,7625.0,2725.0,0.24137785489956126,0.38454999999996353
stratified_size_rep072,stratified_size,72,b50_lb1_k1_eps0p005,local_only_offline_aggregate,confidence,300,60,5,0.0389837684276767,0.07156958855701709,0.23955671440453227,0.38454999999996353,0.023333333333333334,0.6266666666666667,0.8366666666666667,0.7884375,0.5453125,0.78,9675.0,4400.0,0.23955671440453227,0.38454999999996353
stratified_size_rep072,stratified_size,72,b50_lb1_k1_eps0p005,local_only_offline_aggregate,shot_proportional,300,60,5,0.04019905303030289,0.07190091839797168,0.23954375000008366,0.38454999999996353,0.023333333333333334,0.62,0.8333333333333334,0.7884375,0.5453125,0.78,9675.0,4400.0,0.23954375000008366,0.38454999999996353
stratified_size_rep072,stratified_size,72,b50_lb1_k1_eps0p005,local_only_offline_aggregate,uniform,300,60,5,0.0392750827275937,0.07161136685807742,0.23954375000008366,0.38454999999996353,0.02666666666666667,0.6266666666666667,0.8366666666666667,0.7884375,0.5453125,0.78,9675.0,4400.0,0.23954375000008366,0.38454999999996353
stratified_size_rep073,stratified_size,73,b50_lb1_k1_eps0p005,aggregate_only_sync,confidence,300,60,5,0.04433184657495773,0.07968722391746572,0.2418732631909576,0.38454999999996353,0.016666666666666666,0.5566666666666666,0.8033333333333333,0.8456250000000001,0.5725,0.8456250000000001,8025.0,3087.5,0.2418732631909576,0.38454999999996353
stratified_size_rep073,stratified_size,73,b50_lb1_k1_eps0p005,aggregate_only_sync,shot_proportional,300,60,5,0.04433184657495773,0.07968722391746572,0.2418732631909576,0.38454999999996353,0.016666666666666666,0.5566666666666666,0.8033333333333333,0.8456250000000001,0.5725,0.8456250000000001,8025.0,3087.5,0.2418732631909576,0.38454999999996353
stratified_size_rep073,stratified_size,73,b50_lb1_k1_eps0p005,aggregate_only_sync,uniform,300,60,5,0.04433184657495773,0.07968722391746572,0.2418732631909576,0.38454999999996353,0.016666666666666666,0.5566666666666666,0.8033333333333333,0.8456250000000001,0.5725,0.8456250000000001,8025.0,3087.5,0.2418732631909576,0.38454999999996353
stratified_size_rep073,stratified_size,73,b50_lb1_k1_eps0p005,hierarchical_local_aggregate,confidence,300,60,5,0.04382312876077798,0.07948682311765437,0.24187319994532036,0.38454999999996353,0.013333333333333334,0.56,0.8033333333333333,0.8456250000000001,0.5725,0.8456250000000001,7950.0,3087.5,0.24187319994532036,0.38454999999996353
stratified_size_rep073,stratified_size,73,b50_lb1_k1_eps0p005,hierarchical_local_aggregate,shot_proportional,300,60,5,0.044404193899781834,0.07968722391746572,0.2418732631909576,0.38454999999996353,0.016666666666666666,0.5566666666666666,0.8033333333333333,0.8456250000000001,0.5725,0.8456250000000001,7950.0,3087.5,0.2418732631909576,0.38454999999996353
stratified_size_rep073,stratified_size,73,b50_lb1_k1_eps0p005,hierarchical_local_aggregate,uniform,300,60,5,0.044404193899781834,0.07968722391746572,0.2418732631909576,0.38454999999996353,0.016666666666666666,0.5566666666666666,0.8033333333333333,0.8456250000000001,0.5725,0.8456250000000001,7950.0,3087.5,0.2418732631909576,0.38454999999996353
stratified_size_rep073,stratified_size,73,b50_lb1_k1_eps0p005,local_only_offline_aggregate,confidence,300,60,5,0.03953772870657105,0.07640621765504968,0.24019333455930766,0.38454999999996353,0.03333333333333333,0.6133333333333333,0.81,0.758125,0.5353125,0.74625,9800.0,5075.0,0.24019333455930766,0.38454999999996353
stratified_size_rep073,stratified_size,73,b50_lb1_k1_eps0p005,local_only_offline_aggregate,shot_proportional,300,60,5,0.040415036417709355,0.07640835967491777,0.24018249999997857,0.38454999999996353,0.03333333333333333,0.6066666666666667,0.8066666666666666,0.758125,0.5353125,0.74625,9800.0,5075.0,0.24018249999997857,0.38454999999996353
stratified_size_rep073,stratified_size,73,b50_lb1_k1_eps0p005,local_only_offline_aggregate,uniform,300,60,5,0.039999542139843816,0.07640585730271005,0.24018249999997857,0.38454999999996353,0.03666666666666667,0.6133333333333333,0.81,0.758125,0.5353125,0.74625,9800.0,5075.0,0.24018249999997857,0.38454999999996353
stratified_size_rep074,stratified_size,74,b50_lb1_k1_eps0p005,aggregate_only_sync,confidence,300,60,5,0.04352154205607463,0.07769586351077237,0.21867077135681515,0.38454999999996353,0.016666666666666666,0.58,0.82,0.869375,0.615625,0.869375,7050.0,2612.5,0.21867077135681515,0.38454999999996353
stratified_size_rep074,stratified_size,74,b50_lb1_k1_eps0p005,aggregate_only_sync,shot_proportional,300,60,5,0.04352154205607463,0.07769586351077237,0.21867077135681515,0.38454999999996353,0.016666666666666666,0.58,0.82,0.869375,0.615625,0.869375,7050.0,2612.5,0.21867077135681515,0.38454999999996353
stratified_size_rep074,stratified_size,74,b50_lb1_k1_eps0p005,aggregate_only_sync,uniform,300,60,5,0.04352154205607463,0.07769586351077237,0.21867077135681515,0.38454999999996353,0.016666666666666666,0.58,0.82,0.869375,0.615625,0.869375,7050.0,2612.5,0.21867077135681515,0.38454999999996353
stratified_size_rep074,stratified_size,74,b50_lb1_k1_eps0p005,hierarchical_local_aggregate,confidence,300,60,5,0.042518111273075324,0.0776894781794563,0.2186707963619949,0.38454999999996353,0.013333333333333334,0.5866666666666667,0.82,0.871875,0.615625,0.871875,6800.0,2562.5,0.2186707963619949,0.38454999999996353
stratified_size_rep074,stratified_size,74,b50_lb1_k1_eps0p005,hierarchical_local_aggregate,shot_proportional,300,60,5,0.04366233152975899,0.0777381658884927,0.21867077135681515,0.38454999999996353,0.016666666666666666,0.58,0.82,0.871875,0.615625,0.871875,6800.0,2562.5,0.21867077135681515,0.38454999999996353
stratified_size_rep074,stratified_size,74,b50_lb1_k1_eps0p005,hierarchical_local_aggregate,uniform,300,60,5,0.04366233152975899,0.0777381658884927,0.21867077135681515,0.38454999999996353,0.016666666666666666,0.58,0.82,0.871875,0.615625,0.871875,6800.0,2562.5,0.21867077135681515,0.38454999999996353
stratified_size_rep074,stratified_size,74,b50_lb1_k1_eps0p005,local_only_offline_aggregate,confidence,300,60,5,0.03800483576833975,0.07260231048221652,0.21709552951496872,0.38454999999996353,0.03333333333333333,0.6366666666666667,0.83,0.81625,0.56625,0.795,9350.0,4100.0,0.21709552951496872,0.38454999999996353
stratified_size_rep074,stratified_size,74,b50_lb1_k1_eps0p005,local_only_offline_aggregate,shot_proportional,300,60,5,0.0386546314547448,0.07268453971630007,0.2170845000000536,0.38454999999996353,0.03333333333333333,0.63,0.8266666666666667,0.81625,0.56625,0.795,9350.0,4100.0,0.2170845000000536,0.38454999999996353
stratified_size_rep074,stratified_size,74,b50_lb1_k1_eps0p005,local_only_offline_aggregate,uniform,300,60,5,0.038232586986275505,0.07261067801869642,0.2170845000000536,0.38454999999996353,0.03666666666666667,0.6366666666666667,0.83,0.81625,0.56625,0.795,9350.0,4100.0,0.2170845000000536,0.38454999999996353
stratified_size_rep075,stratified_size,75,b50_lb1_k1_eps0p005,aggregate_only_sync,confidence,300,60,5,0.0435707792207791,0.07769586351077237,0.2207449874372141,0.38454999999996353,0.016666666666666666,0.5833333333333334,0.8133333333333334,0.86375,0.6246875,0.86375,7500.0,2725.0,0.2207449874372141,0.38454999999996353
stratified_size_rep075,stratified_size,75,b50_lb1_k1_eps0p005,aggregate_only_sync,shot_proportional,300,60,5,0.0435707792207791,0.07769586351077237,0.2207449874372141,0.38454999999996353,0.016666666666666666,0.5833333333333334,0.8133333333333334,0.86375,0.6246875,0.86375,7500.0,2725.0,0.2207449874372141,0.38454999999996353
stratified_size_rep075,stratified_size,75,b50_lb1_k1_eps0p005,aggregate_only_sync,uniform,300,60,5,0.0435707792207791,0.07769586351077237,0.2207449874372141,0.38454999999996353,0.016666666666666666,0.5833333333333334,0.8133333333333334,0.86375,0.6246875,0.86375,7500.0,2725.0,0.2207449874372141,0.38454999999996353
stratified_size_rep075,stratified_size,75,b50_lb1_k1_eps0p005,hierarchical_local_aggregate,confidence,300,60,5,0.042518111273075324,0.0776894781794563,0.22074503274444815,0.38454999999996353,0.013333333333333334,0.59,0.8133333333333334,0.86375,0.6246875,0.86375,7450.0,2725.0,0.22074503274444815,0.38454999999996353
stratified_size_rep075,stratified_size,75,b50_lb1_k1_eps0p005,hierarchical_local_aggregate,shot_proportional,300,60,5,0.0435707792207791,0.0777381658884927,0.2207449874372141,0.38454999999996353,0.016666666666666666,0.5833333333333334,0.8133333333333334,0.86375,0.6246875,0.86375,7450.0,2725.0,0.2207449874372141,0.38454999999996353
stratified_size_rep075,stratified_size,75,b50_lb1_k1_eps0p005,hierarchical_local_aggregate,uniform,300,60,5,0.0435707792207791,0.0777381658884927,0.2207449874372141,0.38454999999996353,0.016666666666666666,0.5833333333333334,0.8133333333333334,0.86375,0.6246875,0.86375,7450.0,2725.0,0.2207449874372141,0.38454999999996353
stratified_size_rep075,stratified_size,75,b50_lb1_k1_eps0p005,local_only_offline_aggregate,confidence,300,60,5,0.03781227574607476,0.07260231048221652,0.2190670195701581,0.38454999999996353,0.03333333333333333,0.6333333333333333,0.8233333333333334,0.7884375,0.556875,0.78,9525.0,4400.0,0.2190670195701581,0.38454999999996353
stratified_size_rep075,stratified_size,75,b50_lb1_k1_eps0p005,local_only_offline_aggregate,shot_proportional,300,60,5,0.0386546314547448,0.07268453971630007,0.21905762500004947,0.38454999999996353,0.03333333333333333,0.63,0.82,0.7884375,0.556875,0.78,9525.0,4400.0,0.21905762500004947,0.38454999999996353
stratified_size_rep075,stratified_size,75,b50_lb1_k1_eps0p005,local_only_offline_aggregate,uniform,300,60,5,0.037803864825576614,0.07261067801869642,0.21905762500004947,0.38454999999996353,0.03666666666666667,0.6333333333333333,0.8233333333333334,0.7884375,0.556875,0.78,9525.0,4400.0,0.21905762500004947,0.38454999999996353
stratified_size_rep076,stratified_size,76,b50_lb1_k1_eps0p005,aggregate_only_sync,confidence,300,60,5,0.044469229933746066,0.09175128311736826,0.24195272927135344,0.38454999999996353,0.016666666666666666,0.5433333333333333,0.7866666666666666,0.83875,0.56625,0.83875,8175.0,3225.0,0.24195272927135344,0.38454999999996353
stratified_size_rep076,stratified_size,76,b50_lb1_k1_eps0p005,aggregate_only_sync,shot_proportional,300,60,5,0.044469229933746066,0.09175128311736826,0.24195272927135344,0.38454999999996353,0.016666666666666666,0.5433333333333333,0.7866666666666666,0.83875,0.56625,0.83875,8175.0,3225.0,0.24195272927135344,0.38454999999996353
stratified_size_rep076,stratified_size,76,b50_lb1_k1_eps0p005,aggregate_only_sync,uniform,300,60,5,0.044469229933746066,0.09175128311736826,0.24195272927135344,0.38454999999996353,0.016666666666666666,0.5433333333333333,0.7866666666666666,0.83875,0.56625,0.83875,8175.0,3225.0,0.24195272927135344,0.38454999999996353
stratified_size_rep076,stratified_size,76,b50_lb1_k1_eps0p005,hierarchical_local_aggregate,confidence,300,60,5,0.044428529555539664,0.09174439941314269,0.24195152760424624,0.38454999999996353,0.013333333333333334,0.55,0.7866666666666666,0.83875,0.56625,0.83875,8025.0,3225.0,0.24195152760424624,0.38454999999996353
stratified_size_rep076,stratified_size,76,b50_lb1_k1_eps0p005,hierarchical_local_aggregate,shot_proportional,300,60,5,0.044469229933746066,0.09175128311736826,0.24195272927135344,0.38454999999996353,0.016666666666666666,0.5433333333333333,0.7866666666666666,0.83875,0.56625,0.83875,8025.0,3225.0,0.24195272927135344,0.38454999999996353
stratified_size_rep076,stratified_size,76,b50_lb1_k1_eps0p005,hierarchical_local_aggregate,uniform,300,60,5,0.044469229933746066,0.09175128311736826,0.24195272927135344,0.38454999999996353,0.016666666666666666,0.5433333333333333,0.7866666666666666,0.83875,0.56625,0.83875,8025.0,3225.0,0.24195272927135344,0.38454999999996353
stratified_size_rep076,stratified_size,76,b50_lb1_k1_eps0p005,local_only_offline_aggregate,confidence,300,60,5,0.04070874890478852,0.08309926970301906,0.24106460816377986,0.38454999999996353,0.03333333333333333,0.6033333333333334,0.7966666666666666,0.754375,0.528125,0.7424999999999999,9975.0,5150.0,0.24106460816377986,0.38454999999996353
stratified_size_rep076,stratified_size,76,b50_lb1_k1_eps0p005,local_only_offline_aggregate,shot_proportional,300,60,5,0.04084650537634407,0.08331569554146215,0.2410462499999841,0.38454999999996353,0.03333333333333333,0.5966666666666667,0.7933333333333333,0.754375,0.528125,0.7424999999999999,9975.0,5150.0,0.2410462499999841,0.38454999999996353
stratified_size_rep076,stratified_size,76,b50_lb1_k1_eps0p005,local_only_offline_aggregate,uniform,300,60,5,0.04070898841668062,0.08309633147152058,0.2410462499999841,0.38454999999996353,0.03666666666666667,0.6033333333333334,0.7966666666666666,0.754375,0.528125,0.7424999999999999,9975.0,5150.0,0.2410462499999841,0.38454999999996353
stratified_size_rep077,stratified_size,77,b50_lb1_k1_eps0p005,aggregate_only_sync,confidence,300,60,5,0.04384793233082695,0.07845996376811476,0.21935545728646216,0.3822499999999638,0.006666666666666667,0.5666666666666667,0.8133333333333334,0.8687499999999999,0.5884375000000001,0.8687499999999999,7425.0,2625.0,0.21935545728646216,0.3822499999999638
stratified_size_rep077,stratified_size,77,b50_lb1_k1_eps0p005,aggregate_only_sync,shot_proportional,300,60,5,0.04384793233082695,0.07845996376811476,0.21935545728646216,0.3822499999999638,0.006666666666666667,0.5666666666666667,0.8133333333333334,0.8687499999999999,0.5884375000000001,0.8687499999999999,7425.0,2625.0,0.21935545728646216,0.3822499999999638
stratified_size_rep077,stratified_size,77,b50_lb1_k1_eps0p005,aggregate_only_sync,uniform,300,60,5,0.04384793233082695,0.07845996376811476,0.21935545728646216,0.3822499999999638,0.006666666666666667,0.5666666666666667,0.8133333333333334,0.8687499999999999,0.5884375000000001,0.8687499999999999,7425.0,2625.0,0.21935545728646216,0.3822499999999638
stratified_size_rep077,stratified_size,77,b50_lb1_k1_eps0p005,hierarchical_local_aggregate,confidence,300,60,5,0.04259813473319342,0.07845996376811476,0.21935547990705068,0.3822499999999638,0.0033333333333333335,0.5733333333333334,0.8133333333333334,0.869375,0.5884375000000001,0.869375,7225.0,2612.5,0.21935547990705068,0.3822499999999638
stratified_size_rep077,stratified_size,77,b50_lb1_k1_eps0p005,hierarchical_local_aggregate,shot_proportional,300,60,5,0.04384793233082695,0.07845996376811476,0.21935545728646216,0.3822499999999638,0.006666666666666667,0.5666666666666667,0.8133333333333334,0.869375,0.5884375000000001,0.869375,7225.0,2612.5,0.21935545728646216,0.3822499999999638
stratified_size_rep077,stratified_size,77,b50_lb1_k1_eps0p005,hierarchical_local_aggregate,uniform,300,60,5,0.04384793233082695,0.07845996376811476,0.21935545728646216,0.3822499999999638,0.006666666666666667,0.5666666666666667,0.8133333333333334,0.869375,0.5884375000000001,0.869375,7225.0,2612.5,0.21935545728646216,0.3822499999999638
stratified_size_rep077,stratified_size,77,b50_lb1_k1_eps0p005,local_only_offline_aggregate,confidence,300,60,5,0.038377453047224674,0.07454090075832479,0.2178431138426039,0.3822499999999638,0.02,0.6266666666666667,0.82,0.801875,0.53975,0.79375,9375.0,4125.0,0.2178431138426039,0.3822499999999638
stratified_size_rep077,stratified_size,77,b50_lb1_k1_eps0p005,local_only_offline_aggregate,shot_proportional,300,60,5,0.038922866172534466,0.07455334420026208,0.21783212500005011,0.3822499999999638,0.02,0.62,0.8166666666666667,0.801875,0.53975,0.79375,9375.0,4125.0,0.21783212500005011,0.3822499999999638
stratified_size_rep077,stratified_size,77,b50_lb1_k1_eps0p005,local_only_offline_aggregate,uniform,300,60,5,0.0384875992063491,0.0745372740666734,0.21783212500005011,0.3822499999999638,0.023333333333333334,0.6266666666666667,0.82,0.801875,0.53975,0.79375,9375.0,4125.0,0.21783212500005011,0.3822499999999638
stratified_size_rep078,stratified_size,78,b50_lb1_k1_eps0p005,aggregate_only_sync,confidence,300,60,5,0.04429441037609928,0.07968722391746572,0.21867077135681515,0.38454999999996353,0.016666666666666666,0.5666666666666667,0.8166666666666667,0.85375,0.5884375000000001,0.85375,7950.0,2925.0,0.21867077135681515,0.38454999999996353
stratified_size_rep078,stratified_size,78,b50_lb1_k1_eps0p005,aggregate_only_sync,shot_proportional,300,60,5,0.04429441037609928,0.07968722391746572,0.21867077135681515,0.38454999999996353,0.016666666666666666,0.5666666666666667,0.8166666666666667,0.85375,0.5884375000000001,0.85375,7950.0,2925.0,0.21867077135681515,0.38454999999996353
stratified_size_rep078,stratified_size,78,b50_lb1_k1_eps0p005,aggregate_only_sync,uniform,300,60,5,0.04429441037609928,0.07968722391746572,0.21867077135681515,0.38454999999996353,0.016666666666666666,0.5666666666666667,0.8166666666666667,0.85375,0.5884375000000001,0.85375,7950.0,2925.0,0.21867077135681515,0.38454999999996353
stratified_size_rep078,stratified_size,78,b50_lb1_k1_eps0p005,hierarchical_local_aggregate,confidence,300,60,5,0.04370603001315157,0.07948682311765437,0.2186707963619949,0.38454999999996353,0.013333333333333334,0.5733333333333334,0.8166666666666667,0.85375,0.5884375000000001,0.85375,7900.0,2925.0,0.2186707963619949,0.38454999999996353
stratified_size_rep078,stratified_size,78,b50_lb1_k1_eps0p005,hierarchical_local_aggregate,shot_proportional,300,60,5,0.04433505170316272,0.07968722391746572,0.21867077135681515,0.38454999999996353,0.016666666666666666,0.5666666666666667,0.8166666666666667,0.85375,0.5884375000000001,0.85375,7900.0,2925.0,0.21867077135681515,0.38454999999996353
stratified_size_rep078,stratified_size,78,b50_lb1_k1_eps0p005,hierarchical_local_aggregate,uniform,300,60,5,0.04433505170316272,0.07968722391746572,0.21867077135681515,0.38454999999996353,0.016666666666666666,0.5666666666666667,0.8166666666666667,0.85375,0.5884375000000001,0.85375,7900.0,2925.0,0.21867077135681515,0.38454999999996353
stratified_size_rep078,stratified_size,78,b50_lb1_k1_eps0p005,local_only_offline_aggregate,confidence,300,60,5,0.04020788497768335,0.07498825842117143,0.21709552951496872,0.38454999999996353,0.03333333333333333,0.6166666666666667,0.8266666666666667,0.7809375000000001,0.53975,0.7625,9800.0,4750.0,0.21709552951496872,0.38454999999996353
stratified_size_rep078,stratified_size,78,b50_lb1_k1_eps0p005,local_only_offline_aggregate,shot_proportional,300,60,5,0.04072404179405345,0.07498614305996029,0.2170845000000536,0.38454999999996353,0.03333333333333333,0.61,0.8233333333333334,0.7809375000000001,0.53975,0.7625,9800.0,4750.0,0.2170845000000536,0.38454999999996353
stratified_size_rep078,stratified_size,78,b50_lb1_k1_eps0p005,local_only_offline_aggregate,uniform,300,60,5,0.04027809522062604,0.07498964454073992,0.2170845000000536,0.38454999999996353,0.03666666666666667,0.6166666666666667,0.8266666666666667,0.7809375000000001,0.53975,0.7625,9800.0,4750.0,0.2170845000000536,0.38454999999996353
stratified_size_rep079,stratified_size,79,b50_lb1_k1_eps0p005,aggregate_only_sync,confidence,300,60,5,0.04445444235204672,0.09320122709424082,0.24195272927135344,0.38454999999996353,0.006666666666666667,0.5533333333333333,0.7766666666666666,0.81,0.561875,0.81,9125.0,3800.0,0.24195272927135344,0.38454999999996353
stratified_size_rep079,stratified_size,79,b50_lb1_k1_eps0p005,aggregate_only_sync,shot_proportional,300,60,5,0.04445444235204672,0.09320122709424082,0.24195272927135344,0.38454999999996353,0.006666666666666667,0.5533333333333333,0.7766666666666666,0.81,0.561875,0.81,9125.0,3800.0,0.24195272927135344,0.38454999999996353
stratified_size_rep079,stratified_size,79,b50_lb1_k1_eps0p005,aggregate_only_sync,uniform,300,60,5,0.04445444235204672,0.09320122709424082,0.24195272927135344,0.38454999999996353,0.006666666666666667,0.5533333333333333,0.7766666666666666,0.81,0.561875,0.81,9125.0,3800.0,0.24195272927135344,0.38454999999996353
stratified_size_rep079,stratified_size,79,b50_lb1_k1_eps0p005,hierarchical_local_aggregate,confidence,300,60,5,0.044338420785906205,0.09320062489879893,0.24195152760424624,0.38454999999996353,0.0,0.5533333333333333,0.7766666666666666,0.81,0.561875,0.81,8925.0,3800.0,0.24195152760424624,0.38454999999996353
stratified_size_rep079,stratified_size,79,b50_lb1_k1_eps0p005,hierarchical_local_aggregate,shot_proportional,300,60,5,0.044469229933746066,0.09320122709424082,0.24195272927135344,0.38454999999996353,0.006666666666666667,0.5533333333333333,0.7766666666666666,0.81,0.561875,0.81,8925.0,3800.0,0.24195272927135344,0.38454999999996353
stratified_size_rep079,stratified_size,79,b50_lb1_k1_eps0p005,hierarchical_local_aggregate,uniform,300,60,5,0.044469229933746066,0.09320122709424082,0.24195272927135344,0.38454999999996353,0.006666666666666667,0.5533333333333333,0.7766666666666666,0.81,0.561875,0.81,8925.0,3800.0,0.24195272927135344,0.38454999999996353
stratified_size_rep079,stratified_size,79,b50_lb1_k1_eps0p005,local_only_offline_aggregate,confidence,300,60,5,0.04070874890478852,0.0886502658678649,0.24106460816377986,0.38454999999996353,0.016666666666666666,0.5966666666666667,0.7866666666666666,0.7125,0.5262500000000001,0.68625,10537.5,6275.0,0.24106460816377986,0.38454999999996353
stratified_size_rep079,stratified_size,79,b50_lb1_k1_eps0p005,local_only_offline_aggregate,shot_proportional,300,60,5,0.04095627963478561,0.08969222168665006,0.2410462499999841,0.38454999999996353,0.016666666666666666,0.5933333333333334,0.7833333333333333,0.7125,0.5262500000000001,0.68625,10537.5,6275.0,0.2410462499999841,0.38454999999996353
stratified_size_rep079,stratified_size,79,b50_lb1_k1_eps0p005,local_only_offline_aggregate,uniform,300,60,5,0.04070898841668062,0.08890719073038272,0.2410462499999841,0.38454999999996353,0.016666666666666666,0.5966666666666667,0.7866666666666666,0.7125,0.5262500000000001,0.68625,10537.5,6275.0,0.2410462499999841,0.38454999999996353
stratified_size_rep080,stratified_size,80,b50_lb1_k1_eps0p005,aggregate_only_sync,confidence,300,60,5,0.04340641711229948,0.07095036256906077,0.24137619974880783,0.38454999999996353,0.01,0.59,0.8233333333333334,0.8687499999999999,0.6246875,0.8687499999999999,7375.0,2625.0,0.24137619974880783,0.38454999999996353
stratified_size_rep080,stratified_size,80,b50_lb1_k1_eps0p005,aggregate_only_sync,shot_proportional,300,60,5,0.04340641711229948,0.07095036256906077,0.24137619974880783,0.38454999999996353,0.01,0.59,0.8233333333333334,0.8687499999999999,0.6246875,0.8687499999999999,7375.0,2625.0,0.24137619974880783,0.38454999999996353
stratified_size_rep080,stratified_size,80,b50_lb1_k1_eps0p005,aggregate_only_sync,uniform,300,60,5,0.04340641711229948,0.07095036256906077,0.24137619974880783,0.38454999999996353,0.01,0.59,0.8233333333333334,0.8687499999999999,0.6246875,0.8687499999999999,7375.0,2625.0,0.24137619974880783,0.38454999999996353
stratified_size_rep080,stratified_size,80,b50_lb1_k1_eps0p005,hierarchical_local_aggregate,confidence,300,60,5,0.042518111273075324,0.07094953994940371,0.24137612362684563,0.38454999999996353,0.013333333333333334,0.5966666666666667,0.8233333333333334,0.869375,0.6246875,0.869375,7225.0,2612.5,0.24137612362684563,0.38454999999996353
stratified_size_rep080,stratified_size,80,b50_lb1_k1_eps0p005,hierarchical_local_aggregate,shot_proportional,300,60,5,0.04340641711229948,0.07118831520488068,0.24137619974880783,0.38454999999996353,0.01,0.59,0.8233333333333334,0.869375,0.6246875,0.869375,7225.0,2612.5,0.24137619974880783,0.38454999999996353
stratified_size_rep080,stratified_size,80,b50_lb1_k1_eps0p005,hierarchical_local_aggregate,uniform,300,60,5,0.04340641711229948,0.07095036256906077,0.24137619974880783,0.38454999999996353,0.01,0.59,0.8233333333333334,0.869375,0.6246875,0.869375,7225.0,2612.5,0.24137619974880783,0.38454999999996353
stratified_size_rep080,stratified_size,80,b50_lb1_k1_eps0p005,local_only_offline_aggregate,confidence,300,60,5,0.037397374917694834,0.0704136703732104,0.23955671440453227,0.38454999999996353,0.016666666666666666,0.6466666666666666,0.8333333333333334,0.801875,0.556875,0.79,9500.0,4200.0,0.23955671440453227,0.38454999999996353
stratified_size_rep080,stratified_size,80,b50_lb1_k1_eps0p005,local_only_offline_aggregate,shot_proportional,300,60,5,0.038573237900203436,0.07053548736486889,0.23954375000008366,0.38454999999996353,0.016666666666666666,0.64,0.83,0.801875,0.556875,0.79,9500.0,4200.0,0.23954375000008366,0.38454999999996353
stratified_size_rep080,stratified_size,80,b50_lb1_k1_eps0p005,local_only_offline_aggregate,uniform,300,60,5,0.03728755072486973,0.07043897018490414,0.23954375000008366,0.38454999999996353,0.02,0.6466666666666666,0.8333333333333334,0.801875,0.556875,0.79,9500.0,4200.0,0.23954375000008366,0.38454999999996353
stratified_size_rep081,stratified_size,81,b50_lb1_k1_eps0p005,aggregate_only_sync,confidence,300,60,5,0.043264322804737895,0.07095036256906077,0.21867077135681515,0.38454999999996353,0.006666666666666667,0.59,0.8233333333333334,0.875,0.6246875,0.875,7050.0,2500.0,0.21867077135681515,0.38454999999996353
stratified_size_rep081,stratified_size,81,b50_lb1_k1_eps0p005,aggregate_only_sync,shot_proportional,300,60,5,0.043264322804737895,0.07095036256906077,0.21867077135681515,0.38454999999996353,0.006666666666666667,0.59,0.8233333333333334,0.875,0.6246875,0.875,7050.0,2500.0,0.21867077135681515,0.38454999999996353
stratified_size_rep081,stratified_size,81,b50_lb1_k1_eps0p005,aggregate_only_sync,uniform,300,60,5,0.043264322804737895,0.07095036256906077,0.21867077135681515,0.38454999999996353,0.006666666666666667,0.59,0.8233333333333334,0.875,0.6246875,0.875,7050.0,2500.0,0.21867077135681515,0.38454999999996353
stratified_size_rep081,stratified_size,81,b50_lb1_k1_eps0p005,hierarchical_local_aggregate,confidence,300,60,5,0.04245255379390222,0.07094953994940371,0.2186707963619949,0.38454999999996353,0.0033333333333333335,0.5966666666666667,0.8233333333333334,0.875,0.6246875,0.875,6800.0,2500.0,0.2186707963619949,0.38454999999996353
stratified_size_rep081,stratified_size,81,b50_lb1_k1_eps0p005,hierarchical_local_aggregate,shot_proportional,300,60,5,0.043264322804737895,0.07118831520488068,0.21867077135681515,0.38454999999996353,0.006666666666666667,0.59,0.8233333333333334,0.875,0.6246875,0.875,6800.0,2500.0,0.21867077135681515,0.38454999999996353
stratified_size_rep081,stratified_size,81,b50_lb1_k1_eps0p005,hierarchical_local_aggregate,uniform,300,60,5,0.043264322804737895,0.07095036256906077,0.21867077135681515,0.38454999999996353,0.006666666666666667,0.59,0.8233333333333334,0.875,0.6246875,0.875,6800.0,2500.0,0.21867077135681515,0.38454999999996353
stratified_size_rep081,stratified_size,81,b50_lb1_k1_eps0p005,local_only_offline_aggregate,confidence,300,60,5,0.03700065893220534,0.0704136703732104,0.21709552951496872,0.38454999999996353,0.013333333333333334,0.6466666666666666,0.8333333333333334,0.81625,0.556875,0.795,9300.0,4100.0,0.21709552951496872,0.38454999999996353
stratified_size_rep081,stratified_size,81,b50_lb1_k1_eps0p005,local_only_offline_aggregate,shot_proportional,300,60,5,0.03840345878136191,0.07053548736486889,0.2170845000000536,0.38454999999996353,0.013333333333333334,0.64,0.83,0.81625,0.556875,0.795,9300.0,4100.0,0.2170845000000536,0.38454999999996353
stratified_size_rep081,stratified_size,81,b50_lb1_k1_eps0p005,local_only_offline_aggregate,uniform,300,60,5,0.03691145566427935,0.07043897018490414,0.2170845000000536,0.38454999999996353,0.016666666666666666,0.6466666666666666,0.8333333333333334,0.81625,0.556875,0.795,9300.0,4100.0,0.2170845000000536,0.38454999999996353
stratified_size_rep082,stratified_size,82,b50_lb1_k1_eps0p005,aggregate_only_sync,confidence,300,60,5,0.04433184657495773,0.08742439102564147,0.2418732631909576,0.38454999999996353,0.016666666666666666,0.5633333333333334,0.7933333333333333,0.8225,0.5725,0.8225,8512.5,3550.0,0.2418732631909576,0.38454999999996353
stratified_size_rep082,stratified_size,82,b50_lb1_k1_eps0p005,aggregate_only_sync,shot_proportional,300,60,5,0.04433184657495773,0.08742439102564147,0.2418732631909576,0.38454999999996353,0.016666666666666666,0.5633333333333334,0.7933333333333333,0.8225,0.5725,0.8225,8512.5,3550.0,0.2418732631909576,0.38454999999996353
stratified_size_rep082,stratified_size,82,b50_lb1_k1_eps0p005,aggregate_only_sync,uniform,300,60,5,0.04433184657495773,0.08742439102564147,0.2418732631909576,0.38454999999996353,0.016666666666666666,0.5633333333333334,0.7933333333333333,0.8225,0.5725,0.8225,8512.5,3550.0,0.2418732631909576,0.38454999999996353
stratified_size_rep082,stratified_size,82,b50_lb1_k1_eps0p005,hierarchical_local_aggregate,confidence,300,60,5,0.04382312876077798,0.08702761256452098,0.24187319994532036,0.38454999999996353,0.013333333333333334,0.5666666666666667,0.7933333333333333,0.8225,0.5725,0.8225,8512.5,3550.0,0.24187319994532036,0.38454999999996353
stratified_size_rep082,stratified_size,82,b50_lb1_k1_eps0p005,hierarchical_local_aggregate,shot_proportional,300,60,5,0.044404193899781834,0.08742439102564147,0.2418732631909576,0.38454999999996353,0.016666666666666666,0.5633333333333334,0.7933333333333333,0.8225,0.5725,0.8225,8512.5,3550.0,0.2418732631909576,0.38454999999996353
stratified_size_rep082,stratified_size,82,b50_lb1_k1_eps0p005,hierarchical_local_aggregate,uniform,300,60,5,0.044404193899781834,0.08742439102564147,0.2418732631909576,0.38454999999996353,0.016666666666666666,0.5633333333333334,0.7933333333333333,0.8225,0.5725,0.8225,8512.5,3550.0,0.2418732631909576,0.38454999999996353
stratified_size_rep082,stratified_size,82,b50_lb1_k1_eps0p005,local_only_offline_aggregate,confidence,300,60,5,0.03953772870657105,0.07911226209902722,0.24019333455930766,0.38454999999996353,0.03333333333333333,0.61,0.8033333333333333,0.71375,0.5353125,0.68625,10000.0,6275.0,0.24019333455930766,0.38454999999996353
stratified_size_rep082,stratified_size,82,b50_lb1_k1_eps0p005,local_only_offline_aggregate,shot_proportional,300,60,5,0.040415036417709355,0.07943511234093273,0.24018249999997857,0.38454999999996353,0.03333333333333333,0.6066666666666667,0.8,0.71375,0.5353125,0.68625,10000.0,6275.0,0.24018249999997857,0.38454999999996353
stratified_size_rep082,stratified_size,82,b50_lb1_k1_eps0p005,local_only_offline_aggregate,uniform,300,60,5,0.039999542139843816,0.07916196164302662,0.24018249999997857,0.38454999999996353,0.03666666666666667,0.61,0.8033333333333333,0.71375,0.5353125,0.68625,10000.0,6275.0,0.24018249999997857,0.38454999999996353
stratified_size_rep083,stratified_size,83,b50_lb1_k1_eps0p005,aggregate_only_sync,confidence,300,60,5,0.04248454823706166,0.07250314163736851,0.23535468278894367,0.38454999999996353,0.016666666666666666,0.5966666666666667,0.8266666666666667,0.875,0.6246875,0.875,6800.0,2500.0,0.23535468278894367,0.38454999999996353
stratified_size_rep083,stratified_size,83,b50_lb1_k1_eps0p005,aggregate_only_sync,shot_proportional,300,60,5,0.04248454823706166,0.07250314163736851,0.23535468278894367,0.38454999999996353,0.016666666666666666,0.5966666666666667,0.8266666666666667,0.875,0.6246875,0.875,6800.0,2500.0,0.23535468278894367,0.38454999999996353
stratified_size_rep083,stratified_size,83,b50_lb1_k1_eps0p005,aggregate_only_sync,uniform,300,60,5,0.04248454823706166,0.07250314163736851,0.23535468278894367,0.38454999999996353,0.016666666666666666,0.5966666666666667,0.8266666666666667,0.875,0.6246875,0.875,6800.0,2500.0,0.23535468278894367,0.38454999999996353
stratified_size_rep083,stratified_size,83,b50_lb1_k1_eps0p005,hierarchical_local_aggregate,confidence,300,60,5,0.04185402726611584,0.07236427186757147,0.23535033188991275,0.38454999999996353,0.013333333333333334,0.6033333333333334,0.8266666666666667,0.87875,0.6246875,0.87875,6675.0,2425.0,0.23535033188991275,0.38454999999996353
stratified_size_rep083,stratified_size,83,b50_lb1_k1_eps0p005,hierarchical_local_aggregate,shot_proportional,300,60,5,0.04258790096568698,0.07250314163736851,0.23535468278894367,0.38454999999996353,0.016666666666666666,0.5966666666666667,0.8266666666666667,0.87875,0.6246875,0.87875,6675.0,2425.0,0.23535468278894367,0.38454999999996353
stratified_size_rep083,stratified_size,83,b50_lb1_k1_eps0p005,hierarchical_local_aggregate,uniform,300,60,5,0.04258790096568698,0.07250314163736851,0.23535468278894367,0.38454999999996353,0.016666666666666666,0.5966666666666667,0.8266666666666667,0.87875,0.6246875,0.87875,6675.0,2425.0,0.23535468278894367,0.38454999999996353
stratified_size_rep083,stratified_size,83,b50_lb1_k1_eps0p005,local_only_offline_aggregate,confidence,300,60,5,0.035785861984549014,0.0688315054211843,0.23404259900858085,0.38454999999996353,0.03333333333333333,0.6466666666666666,0.8366666666666667,0.81625,0.556875,0.8,9175.0,4000.0,0.23404259900858085,0.38454999999996353
stratified_size_rep083,stratified_size,83,b50_lb1_k1_eps0p005,local_only_offline_aggregate,shot_proportional,300,60,5,0.03706908559184144,0.0688315054211843,0.23404194409548365,0.38454999999996353,0.03333333333333333,0.64,0.8333333333333334,0.81625,0.556875,0.8,9175.0,4000.0,0.23404194409548365,0.38454999999996353
stratified_size_rep083,stratified_size,83,b50_lb1_k1_eps0p005,local_only_offline_aggregate,uniform,300,60,5,0.03592858766374431,0.0688315054211843,0.23404194409548365,0.38454999999996353,0.03666666666666667,0.6466666666666666,0.8366666666666667,0.81625,0.556875,0.8,9175.0,4000.0,0.23404194409548365,0.38454999999996353
stratified_size_rep084,stratified_size,84,b50_lb1_k1_eps0p005,aggregate_only_sync,confidence,300,60,5,0.0435707792207791,0.0765037433491507,0.23502314070358007,0.38454999999996353,0.016666666666666666,0.5833333333333334,0.8166666666666667,0.869375,0.5871875,0.869375,7275.0,2612.5,0.23502314070358007,0.38454999999996353
stratified_size_rep084,stratified_size,84,b50_lb1_k1_eps0p005,aggregate_only_sync,shot_proportional,300,60,5,0.0435707792207791,0.0765037433491507,0.23502314070358007,0.38454999999996353,0.016666666666666666,0.5833333333333334,0.8166666666666667,0.869375,0.5871875,0.869375,7275.0,2612.5,0.23502314070358007,0.38454999999996353
stratified_size_rep084,stratified_size,84,b50_lb1_k1_eps0p005,aggregate_only_sync,uniform,300,60,5,0.0435707792207791,0.0765037433491507,0.23502314070358007,0.38454999999996353,0.016666666666666666,0.5833333333333334,0.8166666666666667,0.869375,0.5871875,0.869375,7275.0,2612.5,0.23502314070358007,0.38454999999996353
stratified_size_rep084,stratified_size,84,b50_lb1_k1_eps0p005,hierarchical_local_aggregate,confidence,300,60,5,0.04259813473319342,0.07646308662875842,0.23501430844434282,0.38454999999996353,0.013333333333333334,0.59,0.8166666666666667,0.871875,0.5871875,0.871875,7150.0,2562.5,0.23501430844434282,0.38454999999996353
stratified_size_rep084,stratified_size,84,b50_lb1_k1_eps0p005,hierarchical_local_aggregate,shot_proportional,300,60,5,0.0435707792207791,0.07661050760341556,0.23502314070358007,0.38454999999996353,0.016666666666666666,0.5833333333333334,0.8166666666666667,0.871875,0.5871875,0.871875,7150.0,2562.5,0.23502314070358007,0.38454999999996353
stratified_size_rep084,stratified_size,84,b50_lb1_k1_eps0p005,hierarchical_local_aggregate,uniform,300,60,5,0.0435707792207791,0.07661050760341556,0.23502314070358007,0.38454999999996353,0.016666666666666666,0.5833333333333334,0.8166666666666667,0.871875,0.5871875,0.871875,7150.0,2562.5,0.23502314070358007,0.38454999999996353
stratified_size_rep084,stratified_size,84,b50_lb1_k1_eps0p005,local_only_offline_aggregate,confidence,300,60,5,0.03781227574607476,0.07132514611327265,0.23346077278550512,0.38454999999996353,0.03333333333333333,0.64,0.8166666666666667,0.801875,0.53975,0.79,9500.0,4200.0,0.23346077278550512,0.38454999999996353
stratified_size_rep084,stratified_size,84,b50_lb1_k1_eps0p005,local_only_offline_aggregate,shot_proportional,300,60,5,0.03868389851485883,0.07177320774004224,0.23345961276968624,0.38454999999996353,0.03333333333333333,0.6333333333333333,0.8166666666666667,0.801875,0.53975,0.79,9500.0,4200.0,0.23345961276968624,0.38454999999996353
stratified_size_rep084,stratified_size,84,b50_lb1_k1_eps0p005,local_only_offline_aggregate,uniform,300,60,5,0.037803864825576614,0.07138347845826742,0.23344807474881504,0.38454999999996353,0.03666666666666667,0.64,0.8166666666666667,0.801875,0.53975,0.79,9500.0,4200.0,0.23344807474881504,0.38454999999996353
stratified_size_rep085,stratified_size,85,b50_lb1_k1_eps0p005,aggregate_only_sync,confidence,300,60,5,0.04340641711229948,0.08406451665124852,0.2207449874372141,0.38454999999996353,0.016666666666666666,0.5733333333333334,0.8033333333333333,0.869375,0.599375,0.869375,7375.0,2612.5,0.2207449874372141,0.38454999999996353
stratified_size_rep085,stratified_size,85,b50_lb1_k1_eps0p005,aggregate_only_sync,shot_proportional,300,60,5,0.04340641711229948,0.08406451665124852,0.2207449874372141,0.38454999999996353,0.016666666666666666,0.5733333333333334,0.8033333333333333,0.869375,0.599375,0.869375,7375.0,2612.5,0.2207449874372141,0.38454999999996353
stratified_size_rep085,stratified_size,85,b50_lb1_k1_eps0p005,aggregate_only_sync,uniform,300,60,5,0.04340641711229948,0.08406451665124852,0.2207449874372141,0.38454999999996353,0.016666666666666666,0.5733333333333334,0.8033333333333333,0.869375,0.599375,0.869375,7375.0,2612.5,0.2207449874372141,0.38454999999996353
stratified_size_rep085,stratified_size,85,b50_lb1_k1_eps0p005,hierarchical_local_aggregate,confidence,300,60,5,0.042518111273075324,0.0840613772902112,0.22074503274444815,0.38454999999996353,0.01,0.58,0.8033333333333333,0.871875,0.599375,0.871875,7275.0,2562.5,0.22074503274444815,0.38454999999996353
stratified_size_rep085,stratified_size,85,b50_lb1_k1_eps0p005,hierarchical_local_aggregate,shot_proportional,300,60,5,0.04340641711229948,0.08406451665124852,0.2207449874372141,0.38454999999996353,0.016666666666666666,0.5733333333333334,0.8033333333333333,0.871875,0.599375,0.871875,7275.0,2562.5,0.2207449874372141,0.38454999999996353
stratified_size_rep085,stratified_size,85,b50_lb1_k1_eps0p005,hierarchical_local_aggregate,uniform,300,60,5,0.04340641711229948,0.08406451665124852,0.2207449874372141,0.38454999999996353,0.016666666666666666,0.5733333333333334,0.8033333333333333,0.871875,0.599375,0.871875,7275.0,2562.5,0.2207449874372141,0.38454999999996353
stratified_size_rep085,stratified_size,85,b50_lb1_k1_eps0p005,local_only_offline_aggregate,confidence,300,60,5,0.038377453047224674,0.07823995059074915,0.21907573041621164,0.38454999999996353,0.03,0.6266666666666667,0.8133333333333334,0.801875,0.5557812500000001,0.79,9500.0,4200.0,0.21907573041621164,0.38454999999996353
stratified_size_rep085,stratified_size,85,b50_lb1_k1_eps0p005,local_only_offline_aggregate,shot_proportional,300,60,5,0.03924513981508959,0.07824831016163644,0.21906670588240107,0.38454999999996353,0.03,0.6233333333333333,0.81,0.801875,0.5557812500000001,0.79,9500.0,4200.0,0.21906670588240107,0.38454999999996353
stratified_size_rep085,stratified_size,85,b50_lb1_k1_eps0p005,local_only_offline_aggregate,uniform,300,60,5,0.0384875992063491,0.07823878102751619,0.2190660986181447,0.38454999999996353,0.03,0.6266666666666667,0.8133333333333334,0.801875,0.5557812500000001,0.79,9500.0,4200.0,0.2190660986181447,0.38454999999996353
stratified_size_rep086,stratified_size,86,b50_lb1_k1_eps0p005,aggregate_only_sync,confidence,300,60,5,0.04429441037609928,0.07845996376811476,0.21499354032791074,0.38454999999996353,0.01,0.5633333333333334,0.82,0.856875,0.60375,0.856875,7750.0,2862.5,0.21499354032791074,0.38454999999996353
stratified_size_rep086,stratified_size,86,b50_lb1_k1_eps0p005,aggregate_only_sync,shot_proportional,300,60,5,0.04429441037609928,0.07845996376811476,0.21499354032791074,0.38454999999996353,0.01,0.5633333333333334,0.82,0.856875,0.60375,0.856875,7750.0,2862.5,0.21499354032791074,0.38454999999996353
stratified_size_rep086,stratified_size,86,b50_lb1_k1_eps0p005,aggregate_only_sync,uniform,300,60,5,0.04429441037609928,0.07845996376811476,0.21499354032791074,0.38454999999996353,0.01,0.5633333333333334,0.82,0.856875,0.60375,0.856875,7750.0,2862.5,0.21499354032791074,0.38454999999996353
stratified_size_rep086,stratified_size,86,b50_lb1_k1_eps0p005,hierarchical_local_aggregate,confidence,300,60,5,0.04370603001315157,0.07845996376811476,0.21498892015858725,0.38454999999996353,0.013333333333333334,0.57,0.82,0.856875,0.60375,0.856875,7750.0,2862.5,0.21498892015858725,0.38454999999996353
stratified_size_rep086,stratified_size,86,b50_lb1_k1_eps0p005,hierarchical_local_aggregate,shot_proportional,300,60,5,0.04433505170316272,0.07845996376811476,0.21499354032791074,0.38454999999996353,0.01,0.5633333333333334,0.82,0.856875,0.60375,0.856875,7750.0,2862.5,0.21499354032791074,0.38454999999996353
stratified_size_rep086,stratified_size,86,b50_lb1_k1_eps0p005,hierarchical_local_aggregate,uniform,300,60,5,0.04433505170316272,0.07845996376811476,0.21499354032791074,0.38454999999996353,0.01,0.5633333333333334,0.82,0.856875,0.60375,0.856875,7750.0,2862.5,0.21499354032791074,0.38454999999996353
stratified_size_rep086,stratified_size,86,b50_lb1_k1_eps0p005,local_only_offline_aggregate,confidence,300,60,5,0.03953772870657105,0.07388559427887795,0.21215198467032176,0.38454999999996353,0.023333333333333334,0.6233333333333333,0.83,0.7876041666666667,0.54578125,0.78,9675.0,4400.0,0.21215198467032176,0.38454999999996353
stratified_size_rep086,stratified_size,86,b50_lb1_k1_eps0p005,local_only_offline_aggregate,shot_proportional,300,60,5,0.04031867036398273,0.07414670391385783,0.21215027227220054,0.38454999999996353,0.023333333333333334,0.6166666666666667,0.8266666666666667,0.7876041666666667,0.54578125,0.78,9675.0,4400.0,0.21215027227220054,0.38454999999996353
stratified_size_rep086,stratified_size,86,b50_lb1_k1_eps0p005,local_only_offline_aggregate,uniform,300,60,5,0.039999542139843816,0.07390948471309258,0.21213862814075485,0.38454999999996353,0.02666666666666667,0.6233333333333333,0.83,0.7876041666666667,0.54578125,0.78,9675.0,4400.0,0.21213862814075485,0.38454999999996353
stratified_size_rep087,stratified_size,87,b50_lb1_k1_eps0p005,aggregate_only_sync,confidence,300,60,5,0.04258790096568698,0.07784109883364015,0.2418732631909576,0.38454999999996353,0.016666666666666666,0.5866666666666667,0.8133333333333334,0.875,0.60875,0.875,6912.5,2500.0,0.2418732631909576,0.38454999999996353
stratified_size_rep087,stratified_size,87,b50_lb1_k1_eps0p005,aggregate_only_sync,shot_proportional,300,60,5,0.04258790096568698,0.07784109883364015,0.2418732631909576,0.38454999999996353,0.016666666666666666,0.5866666666666667,0.8133333333333334,0.875,0.60875,0.875,6912.5,2500.0,0.2418732631909576,0.38454999999996353
stratified_size_rep087,stratified_size,87,b50_lb1_k1_eps0p005,aggregate_only_sync,uniform,300,60,5,0.04258790096568698,0.07784109883364015,0.2418732631909576,0.38454999999996353,0.016666666666666666,0.5866666666666667,0.8133333333333334,0.875,0.60875,0.875,6912.5,2500.0,0.2418732631909576,0.38454999999996353
stratified_size_rep087,stratified_size,87,b50_lb1_k1_eps0p005,hierarchical_local_aggregate,confidence,300,60,5,0.04238133391782464,0.07783507998452446,0.24187319994532036,0.38454999999996353,0.013333333333333334,0.5933333333333334,0.8133333333333334,0.875,0.60875,0.875,6750.0,2500.0,0.24187319994532036,0.38454999999996353
stratified_size_rep087,stratified_size,87,b50_lb1_k1_eps0p005,hierarchical_local_aggregate,shot_proportional,300,60,5,0.04283423018606829,0.07788340121136048,0.2418732631909576,0.38454999999996353,0.016666666666666666,0.5866666666666667,0.8133333333333334,0.875,0.60875,0.875,6750.0,2500.0,0.2418732631909576,0.38454999999996353
stratified_size_rep087,stratified_size,87,b50_lb1_k1_eps0p005,hierarchical_local_aggregate,uniform,300,60,5,0.04283423018606829,0.07788340121136048,0.2418732631909576,0.38454999999996353,0.016666666666666666,0.5866666666666667,0.8133333333333334,0.875,0.60875,0.875,6750.0,2500.0,0.2418732631909576,0.38454999999996353
stratified_size_rep087,stratified_size,87,b50_lb1_k1_eps0p005,local_only_offline_aggregate,confidence,300,60,5,0.03691693502554687,0.07260231048221652,0.24019333455930766,0.38454999999996353,0.02666666666666667,0.6366666666666667,0.8233333333333334,0.81625,0.556875,0.795,9162.5,4100.0,0.24019333455930766,0.38454999999996353
stratified_size_rep087,stratified_size,87,b50_lb1_k1_eps0p005,local_only_offline_aggregate,shot_proportional,300,60,5,0.03790825773241081,0.07268453971630007,0.24018249999997857,0.38454999999996353,0.02666666666666667,0.63,0.82,0.81625,0.556875,0.795,9162.5,4100.0,0.24018249999997857,0.38454999999996353
stratified_size_rep087,stratified_size,87,b50_lb1_k1_eps0p005,local_only_offline_aggregate,uniform,300,60,5,0.03679514889742662,0.07261067801869642,0.24018249999997857,0.38454999999996353,0.03,0.6366666666666667,0.8233333333333334,0.81625,0.556875,0.795,9162.5,4100.0,0.24018249999997857,0.38454999999996353
stratified_size_rep088,stratified_size,88,b50_lb1_k1_eps0p005,aggregate_only_sync,confidence,300,60,5,0.043264322804737895,0.07789207180917315,0.2418732631909576,0.38454999999996353,0.016666666666666666,0.5733333333333334,0.8133333333333334,0.8681249999999999,0.60375,0.8681249999999999,7375.0,2637.5,0.2418732631909576,0.38454999999996353
stratified_size_rep088,stratified_size,88,b50_lb1_k1_eps0p005,aggregate_only_sync,shot_proportional,300,60,5,0.043264322804737895,0.07789207180917315,0.2418732631909576,0.38454999999996353,0.016666666666666666,0.5733333333333334,0.8133333333333334,0.8681249999999999,0.60375,0.8681249999999999,7375.0,2637.5,0.2418732631909576,0.38454999999996353
stratified_size_rep088,stratified_size,88,b50_lb1_k1_eps0p005,aggregate_only_sync,uniform,300,60,5,0.043264322804737895,0.07789207180917315,0.2418732631909576,0.38454999999996353,0.016666666666666666,0.5733333333333334,0.8133333333333334,0.8681249999999999,0.60375,0.8681249999999999,7375.0,2637.5,0.2418732631909576,0.38454999999996353
stratified_size_rep088,stratified_size,88,b50_lb1_k1_eps0p005,hierarchical_local_aggregate,confidence,300,60,5,0.042518111273075324,0.07789097236257199,0.24187319994532036,0.38454999999996353,0.01,0.5766666666666667,0.8133333333333334,0.8681249999999999,0.60375,0.8681249999999999,7225.0,2637.5,0.24187319994532036,0.38454999999996353
stratified_size_rep088,stratified_size,88,b50_lb1_k1_eps0p005,hierarchical_local_aggregate,shot_proportional,300,60,5,0.043264322804737895,0.07789207180917315,0.2418732631909576,0.38454999999996353,0.016666666666666666,0.5733333333333334,0.8133333333333334,0.8681249999999999,0.60375,0.8681249999999999,7225.0,2637.5,0.2418732631909576,0.38454999999996353
stratified_size_rep088,stratified_size,88,b50_lb1_k1_eps0p005,hierarchical_local_aggregate,uniform,300,60,5,0.043264322804737895,0.07789207180917315,0.2418732631909576,0.38454999999996353,0.016666666666666666,0.5733333333333334,0.8133333333333334,0.8681249999999999,0.60375,0.8681249999999999,7225.0,2637.5,0.2418732631909576,0.38454999999996353
stratified_size_rep088,stratified_size,88,b50_lb1_k1_eps0p005,local_only_offline_aggregate,confidence,300,60,5,0.037454885221539426,0.07260231048221652,0.24019333455930766,0.38454999999996353,0.03,0.6333333333333333,0.8233333333333334,0.801875,0.54578125,0.79,9425.0,4200.0,0.24019333455930766,0.38454999999996353
stratified_size_rep088,stratified_size,88,b50_lb1_k1_eps0p005,local_only_offline_aggregate,shot_proportional,300,60,5,0.038573237900203436,0.07268453971630007,0.24018249999997857,0.38454999999996353,0.03,0.6266666666666667,0.82,0.801875,0.54578125,0.79,9425.0,4200.0,0.24018249999997857,0.38454999999996353
stratified_size_rep088,stratified_size,88,b50_lb1_k1_eps0p005,local_only_offline_aggregate,uniform,300,60,5,0.03724165903071003,0.07261067801869642,0.24018249999997857,0.38454999999996353,0.03,0.6333333333333333,0.8233333333333334,0.801875,0.54578125,0.79,9425.0,4200.0,0.24018249999997857,0.38454999999996353
stratified_size_rep089,stratified_size,89,b50_lb1_k1_eps0p005,aggregate_only_sync,confidence,300,60,5,0.04429441037609928,0.07968722391746572,0.24195272927135344,0.38454999999996353,0.01,0.5633333333333334,0.8066666666666666,0.849375,0.574375,0.849375,7887.5,3012.5,0.24195272927135344,0.38454999999996353
stratified_size_rep089,stratified_size,89,b50_lb1_k1_eps0p005,aggregate_only_sync,shot_proportional,300,60,5,0.04429441037609928,0.07968722391746572,0.24195272927135344,0.38454999999996353,0.01,0.5633333333333334,0.8066666666666666,0.849375,0.574375,0.849375,7887.5,3012.5,0.24195272927135344,0.38454999999996353
stratified_size_rep089,stratified_size,89,b50_lb1_k1_eps0p005,aggregate_only_sync,uniform,300,60,5,0.04429441037609928,0.07968722391746572,0.24195272927135344,0.38454999999996353,0.01,0.5633333333333334,0.8066666666666666,0.849375,0.574375,0.849375,7887.5,3012.5,0.24195272927135344,0.38454999999996353
stratified_size_rep089,stratified_size,89,b50_lb1_k1_eps0p005,hierarchical_local_aggregate,confidence,300,60,5,0.04370603001315157,0.07948682311765437,0.24195152760424624,0.38454999999996353,0.013333333333333334,0.57,0.8066666666666666,0.849375,0.574375,0.849375,7862.5,3012.5,0.24195152760424624,0.38454999999996353
stratified_size_rep089,stratified_size,89,b50_lb1_k1_eps0p005,hierarchical_local_aggregate,shot_proportional,300,60,5,0.04433505170316272,0.07968722391746572,0.24195272927135344,0.38454999999996353,0.01,0.5633333333333334,0.8066666666666666,0.849375,0.574375,0.849375,7862.5,3012.5,0.24195272927135344,0.38454999999996353
stratified_size_rep089,stratified_size,89,b50_lb1_k1_eps0p005,hierarchical_local_aggregate,uniform,300,60,5,0.04433505170316272,0.07968722391746572,0.24195272927135344,0.38454999999996353,0.01,0.5633333333333334,0.8066666666666666,0.849375,0.574375,0.849375,7862.5,3012.5,0.24195272927135344,0.38454999999996353
stratified_size_rep089,stratified_size,89,b50_lb1_k1_eps0p005,local_only_offline_aggregate,confidence,300,60,5,0.03953772870657105,0.07498825842117143,0.24106460816377986,0.38454999999996353,0.023333333333333334,0.62,0.81,0.7809375000000001,0.5353125,0.7625,9800.0,4750.0,0.24106460816377986,0.38454999999996353
stratified_size_rep089,stratified_size,89,b50_lb1_k1_eps0p005,local_only_offline_aggregate,shot_proportional,300,60,5,0.04031867036398273,0.07498614305996029,0.2410462499999841,0.38454999999996353,0.023333333333333334,0.6133333333333333,0.81,0.7809375000000001,0.5353125,0.7625,9800.0,4750.0,0.2410462499999841,0.38454999999996353
stratified_size_rep089,stratified_size,89,b50_lb1_k1_eps0p005,local_only_offline_aggregate,uniform,300,60,5,0.039999542139843816,0.07498964454073992,0.2410462499999841,0.38454999999996353,0.02666666666666667,0.62,0.81,0.7809375000000001,0.5353125,0.7625,9800.0,4750.0,0.2410462499999841,0.38454999999996353
stratified_size_rep090,stratified_size,90,b50_lb1_k1_eps0p005,aggregate_only_sync,confidence,300,60,5,0.04246281727986771,0.07784109883364015,0.24137785489956126,0.38454999999996353,0.016666666666666666,0.59,0.8133333333333334,0.875,0.60375,0.875,6812.5,2500.0,0.24137785489956126,0.38454999999996353
stratified_size_rep090,stratified_size,90,b50_lb1_k1_eps0p005,aggregate_only_sync,shot_proportional,300,60,5,0.04246281727986771,0.07784109883364015,0.24137785489956126,0.38454999999996353,0.016666666666666666,0.59,0.8133333333333334,0.875,0.60375,0.875,6812.5,2500.0,0.24137785489956126,0.38454999999996353
stratified_size_rep090,stratified_size,90,b50_lb1_k1_eps0p005,aggregate_only_sync,uniform,300,60,5,0.04246281727986771,0.07784109883364015,0.24137785489956126,0.38454999999996353,0.016666666666666666,0.59,0.8133333333333334,0.875,0.60375,0.875,6812.5,2500.0,0.24137785489956126,0.38454999999996353
stratified_size_rep090,stratified_size,90,b50_lb1_k1_eps0p005,hierarchical_local_aggregate,confidence,300,60,5,0.042027958217719714,0.07783507998452446,0.24137771553196183,0.38454999999996353,0.013333333333333334,0.5933333333333334,0.8133333333333334,0.875,0.60375,0.875,6725.0,2500.0,0.24137771553196183,0.38454999999996353
stratified_size_rep090,stratified_size,90,b50_lb1_k1_eps0p005,hierarchical_local_aggregate,shot_proportional,300,60,5,0.04251834112668547,0.07788340121136048,0.24137785489956126,0.38454999999996353,0.016666666666666666,0.59,0.8133333333333334,0.875,0.60375,0.875,6725.0,2500.0,0.24137785489956126,0.38454999999996353
stratified_size_rep090,stratified_size,90,b50_lb1_k1_eps0p005,hierarchical_local_aggregate,uniform,300,60,5,0.04251834112668547,0.07788340121136048,0.24137785489956126,0.38454999999996353,0.016666666666666666,0.59,0.8133333333333334,0.875,0.60375,0.875,6725.0,2500.0,0.24137785489956126,0.38454999999996353
stratified_size_rep090,stratified_size,90,b50_lb1_k1_eps0p005,local_only_offline_aggregate,confidence,300,60,5,0.036380897601579115,0.07156958855701709,0.23955671440453227,0.38454999999996353,0.02666666666666667,0.6366666666666667,0.8233333333333334,0.81625,0.54578125,0.795,9225.0,4100.0,0.23955671440453227,0.38454999999996353
stratified_size_rep090,stratified_size,90,b50_lb1_k1_eps0p005,local_only_offline_aggregate,shot_proportional,300,60,5,0.03790825773241081,0.07190091839797168,0.23954375000008366,0.38454999999996353,0.02666666666666667,0.63,0.82,0.81625,0.54578125,0.795,9225.0,4100.0,0.23954375000008366,0.38454999999996353
stratified_size_rep090,stratified_size,90,b50_lb1_k1_eps0p005,local_only_offline_aggregate,uniform,300,60,5,0.03635309135835416,0.07161136685807742,0.23954375000008366,0.38454999999996353,0.03,0.6366666666666667,0.8233333333333334,0.81625,0.54578125,0.795,9225.0,4100.0,0.23954375000008366,0.38454999999996353
stratified_size_rep091,stratified_size,91,b50_lb1_k1_eps0p005,aggregate_only_sync,confidence,300,60,5,0.043707142857142584,0.09225565103573871,0.24195272927135344,0.38454999999996353,0.016666666666666666,0.5733333333333334,0.7766666666666666,0.84,0.56625,0.84,8025.0,3200.0,0.24195272927135344,0.38454999999996353
stratified_size_rep091,stratified_size,91,b50_lb1_k1_eps0p005,aggregate_only_sync,shot_proportional,300,60,5,0.043707142857142584,0.09225565103573871,0.24195272927135344,0.38454999999996353,0.016666666666666666,0.5733333333333334,0.7766666666666666,0.84,0.56625,0.84,8025.0,3200.0,0.24195272927135344,0.38454999999996353
stratified_size_rep091,stratified_size,91,b50_lb1_k1_eps0p005,aggregate_only_sync,uniform,300,60,5,0.043707142857142584,0.09225565103573871,0.24195272927135344,0.38454999999996353,0.016666666666666666,0.5733333333333334,0.7766666666666666,0.84,0.56625,0.84,8025.0,3200.0,0.24195272927135344,0.38454999999996353
stratified_size_rep091,stratified_size,91,b50_lb1_k1_eps0p005,hierarchical_local_aggregate,confidence,300,60,5,0.04280212468444246,0.09225565103573871,0.24195152760424624,0.38454999999996353,0.013333333333333334,0.58,0.7766666666666666,0.84,0.56625,0.84,8000.0,3200.0,0.24195152760424624,0.38454999999996353
stratified_size_rep091,stratified_size,91,b50_lb1_k1_eps0p005,hierarchical_local_aggregate,shot_proportional,300,60,5,0.04384793233082695,0.09225565103573871,0.24195272927135344,0.38454999999996353,0.016666666666666666,0.5733333333333334,0.7766666666666666,0.84,0.56625,0.84,8000.0,3200.0,0.24195272927135344,0.38454999999996353
stratified_size_rep091,stratified_size,91,b50_lb1_k1_eps0p005,hierarchical_local_aggregate,uniform,300,60,5,0.04384793233082695,0.09225565103573871,0.24195272927135344,0.38454999999996353,0.016666666666666666,0.5733333333333334,0.7766666666666666,0.84,0.56625,0.84,8000.0,3200.0,0.24195272927135344,0.38454999999996353
stratified_size_rep091,stratified_size,91,b50_lb1_k1_eps0p005,local_only_offline_aggregate,confidence,300,60,5,0.03806234607218434,0.08570909236353381,0.24106460816377986,0.38454999999996353,0.03333333333333333,0.6133333333333333,0.7866666666666666,0.754375,0.5262500000000001,0.7424999999999999,9900.0,5150.0,0.24106460816377986,0.38454999999996353
stratified_size_rep091,stratified_size,91,b50_lb1_k1_eps0p005,local_only_offline_aggregate,shot_proportional,300,60,5,0.03868389851485883,0.08635938828884873,0.2410462499999841,0.38454999999996353,0.03333333333333333,0.61,0.7833333333333333,0.754375,0.5262500000000001,0.7424999999999999,9900.0,5150.0,0.2410462499999841,0.38454999999996353
stratified_size_rep091,stratified_size,91,b50_lb1_k1_eps0p005,local_only_offline_aggregate,uniform,300,60,5,0.038232586986275505,0.08570946493389008,0.2410462499999841,0.38454999999996353,0.03666666666666667,0.6133333333333333,0.7866666666666666,0.754375,0.5262500000000001,0.7424999999999999,9900.0,5150.0,0.2410462499999841,0.38454999999996353
stratified_size_rep092,stratified_size,92,b50_lb1_k1_eps0p005,aggregate_only_sync,confidence,300,60,5,0.04340641711229948,0.08618962765957447,0.24137619974880783,0.38454999999996353,0.016666666666666666,0.5833333333333334,0.7966666666666666,0.86375,0.6068749999999999,0.86375,7450.0,2725.0,0.24137619974880783,0.38454999999996353
stratified_size_rep092,stratified_size,92,b50_lb1_k1_eps0p005,aggregate_only_sync,shot_proportional,300,60,5,0.04340641711229948,0.08618962765957447,0.24137619974880783,0.38454999999996353,0.016666666666666666,0.5833333333333334,0.7966666666666666,0.86375,0.6068749999999999,0.86375,7450.0,2725.0,0.24137619974880783,0.38454999999996353
stratified_size_rep092,stratified_size,92,b50_lb1_k1_eps0p005,aggregate_only_sync,uniform,300,60,5,0.04340641711229948,0.08618962765957447,0.24137619974880783,0.38454999999996353,0.016666666666666666,0.5833333333333334,0.7966666666666666,0.86375,0.6068749999999999,0.86375,7450.0,2725.0,0.24137619974880783,0.38454999999996353
stratified_size_rep092,stratified_size,92,b50_lb1_k1_eps0p005,hierarchical_local_aggregate,confidence,300,60,5,0.04257663362960962,0.08610864230845848,0.24137612362684563,0.38454999999996353,0.01,0.59,0.7966666666666666,0.86375,0.6068749999999999,0.86375,7450.0,2725.0,0.24137612362684563,0.38454999999996353
stratified_size_rep092,stratified_size,92,b50_lb1_k1_eps0p005,hierarchical_local_aggregate,shot_proportional,300,60,5,0.04340641711229948,0.08618962765957447,0.24137619974880783,0.38454999999996353,0.016666666666666666,0.5833333333333334,0.7966666666666666,0.86375,0.6068749999999999,0.86375,7450.0,2725.0,0.24137619974880783,0.38454999999996353
stratified_size_rep092,stratified_size,92,b50_lb1_k1_eps0p005,hierarchical_local_aggregate,uniform,300,60,5,0.04340641711229948,0.08618962765957447,0.24137619974880783,0.38454999999996353,0.016666666666666666,0.5833333333333334,0.7966666666666666,0.86375,0.6068749999999999,0.86375,7450.0,2725.0,0.24137619974880783,0.38454999999996353
stratified_size_rep092,stratified_size,92,b50_lb1_k1_eps0p005,local_only_offline_aggregate,confidence,300,60,5,0.03700065893220534,0.07690491990846594,0.23960212785182972,0.38454999999996353,0.03,0.6333333333333333,0.8066666666666666,0.7884375,0.5557812500000001,0.78,9675.0,4400.0,0.23960212785182972,0.38454999999996353
stratified_size_rep092,stratified_size,92,b50_lb1_k1_eps0p005,local_only_offline_aggregate,shot_proportional,300,60,5,0.03847669668156534,0.07690491990846594,0.23958875000008364,0.38454999999996353,0.03,0.6266666666666667,0.8033333333333333,0.7884375,0.5557812500000001,0.78,9675.0,4400.0,0.23958875000008364,0.38454999999996353
stratified_size_rep092,stratified_size,92,b50_lb1_k1_eps0p005,local_only_offline_aggregate,uniform,300,60,5,0.03691145566427935,0.07690491990846594,0.23958875000008364,0.38454999999996353,0.03,0.6333333333333333,0.8066666666666666,0.7884375,0.5557812500000001,0.78,9675.0,4400.0,0.23958875000008364,0.38454999999996353
stratified_size_rep093,stratified_size,93,b50_lb1_k1_eps0p005,aggregate_only_sync,confidence,300,60,5,0.042939406979822056,0.09175128311736826,0.24195272927135344,0.38454999999996353,0.01,0.5766666666666667,0.7866666666666666,0.85875,0.574375,0.85875,7625.0,2825.0,0.24195272927135344,0.38454999999996353
stratified_size_rep093,stratified_size,93,b50_lb1_k1_eps0p005,aggregate_only_sync,shot_proportional,300,60,5,0.042939406979822056,0.09175128311736826,0.24195272927135344,0.38454999999996353,0.01,0.5766666666666667,0.7866666666666666,0.85875,0.574375,0.85875,7625.0,2825.0,0.24195272927135344,0.38454999999996353
stratified_size_rep093,stratified_size,93,b50_lb1_k1_eps0p005,aggregate_only_sync,uniform,300,60,5,0.042939406979822056,0.09175128311736826,0.24195272927135344,0.38454999999996353,0.01,0.5766666666666667,0.7866666666666666,0.85875,0.574375,0.85875,7625.0,2825.0,0.24195272927135344,0.38454999999996353
stratified_size_rep093,stratified_size,93,b50_lb1_k1_eps0p005,hierarchical_local_aggregate,confidence,300,60,5,0.042268459029974934,0.09174439941314269,0.24195152760424624,0.38454999999996353,0.013333333333333334,0.5766666666666667,0.7866666666666666,0.85875,0.574375,0.85875,7625.0,2825.0,0.24195152760424624,0.38454999999996353
stratified_size_rep093,stratified_size,93,b50_lb1_k1_eps0p005,hierarchical_local_aggregate,shot_proportional,300,60,5,0.0431379073183958,0.09175128311736826,0.24195272927135344,0.38454999999996353,0.01,0.5766666666666667,0.7866666666666666,0.85875,0.574375,0.85875,7625.0,2825.0,0.24195272927135344,0.38454999999996353
stratified_size_rep093,stratified_size,93,b50_lb1_k1_eps0p005,hierarchical_local_aggregate,uniform,300,60,5,0.0431379073183958,0.09175128311736826,0.24195272927135344,0.38454999999996353,0.01,0.5766666666666667,0.7866666666666666,0.85875,0.574375,0.85875,7625.0,2825.0,0.24195272927135344,0.38454999999996353
stratified_size_rep093,stratified_size,93,b50_lb1_k1_eps0p005,local_only_offline_aggregate,confidence,300,60,5,0.03741555976058526,0.08180406046632438,0.24106460816377986,0.38454999999996353,0.023333333333333334,0.62,0.7966666666666666,0.7884375,0.5353125,0.78,9575.0,4400.0,0.24106460816377986,0.38454999999996353
stratified_size_rep093,stratified_size,93,b50_lb1_k1_eps0p005,local_only_offline_aggregate,shot_proportional,300,60,5,0.038573237900203436,0.08215720078196155,0.2410462499999841,0.38454999999996353,0.023333333333333334,0.6166666666666667,0.7933333333333333,0.7884375,0.5353125,0.78,9575.0,4400.0,0.2410462499999841,0.38454999999996353
stratified_size_rep093,stratified_size,93,b50_lb1_k1_eps0p005,local_only_offline_aggregate,uniform,300,60,5,0.03728755072486973,0.08180116030982992,0.2410462499999841,0.38454999999996353,0.02666666666666667,0.62,0.7966666666666666,0.7884375,0.5353125,0.78,9575.0,4400.0,0.2410462499999841,0.38454999999996353
stratified_size_rep094,stratified_size,94,b50_lb1_k1_eps0p005,aggregate_only_sync,confidence,300,60,5,0.04409318673395815,0.07898516714470369,0.24137619974880783,0.38454999999996353,0.006666666666666667,0.57,0.81,0.8674999999999999,0.574375,0.8674999999999999,7500.0,2650.0,0.24137619974880783,0.38454999999996353
stratified_size_rep094,stratified_size,94,b50_lb1_k1_eps0p005,aggregate_only_sync,shot_proportional,300,60,5,0.04409318673395815,0.07898516714470369,0.24137619974880783,0.38454999999996353,0.006666666666666667,0.57,0.81,0.8674999999999999,0.574375,0.8674999999999999,7500.0,2650.0,0.24137619974880783,0.38454999999996353
stratified_size_rep094,stratified_size,94,b50_lb1_k1_eps0p005,aggregate_only_sync,uniform,300,60,5,0.04409318673395815,0.07898516714470369,0.24137619974880783,0.38454999999996353,0.006666666666666667,0.57,0.81,0.8674999999999999,0.574375,0.8674999999999999,7500.0,2650.0,0.24137619974880783,0.38454999999996353
stratified_size_rep094,stratified_size,94,b50_lb1_k1_eps0p005,hierarchical_local_aggregate,confidence,300,60,5,0.043293028411942935,0.07898359921161205,0.24137612362684563,0.38454999999996353,0.0,0.5766666666666667,0.81,0.8674999999999999,0.574375,0.8674999999999999,7450.0,2650.0,0.24137612362684563,0.38454999999996353
stratified_size_rep094,stratified_size,94,b50_lb1_k1_eps0p005,hierarchical_local_aggregate,shot_proportional,300,60,5,0.04415096868884513,0.07898516714470369,0.24137619974880783,0.38454999999996353,0.006666666666666667,0.57,0.81,0.8674999999999999,0.574375,0.8674999999999999,7450.0,2650.0,0.24137619974880783,0.38454999999996353
stratified_size_rep094,stratified_size,94,b50_lb1_k1_eps0p005,hierarchical_local_aggregate,uniform,300,60,5,0.04415096868884513,0.07898516714470369,0.24137619974880783,0.38454999999996353,0.006666666666666667,0.57,0.81,0.8674999999999999,0.574375,0.8674999999999999,7450.0,2650.0,0.24137619974880783,0.38454999999996353
stratified_size_rep094,stratified_size,94,b50_lb1_k1_eps0p005,local_only_offline_aggregate,confidence,300,60,5,0.0385799450093688,0.07591714543084252,0.23960212785182972,0.38454999999996353,0.016666666666666666,0.6266666666666667,0.8166666666666667,0.801875,0.5369791666666667,0.79,9775.0,4200.0,0.23960212785182972,0.38454999999996353
stratified_size_rep094,stratified_size,94,b50_lb1_k1_eps0p005,local_only_offline_aggregate,shot_proportional,300,60,5,0.039224028409313494,0.0759165009270815,0.23958875000008364,0.38454999999996353,0.016666666666666666,0.62,0.8133333333333334,0.801875,0.5369791666666667,0.79,9775.0,4200.0,0.23958875000008364,0.38454999999996353
stratified_size_rep094,stratified_size,94,b50_lb1_k1_eps0p005,local_only_offline_aggregate,uniform,300,60,5,0.03857860479859819,0.07591717493291386,0.23958875000008364,0.38454999999996353,0.016666666666666666,0.6266666666666667,0.8166666666666667,0.801875,0.5369791666666667,0.79,9775.0,4200.0,0.23958875000008364,0.38454999999996353
stratified_size_rep095,stratified_size,95,b50_lb1_k1_eps0p005,aggregate_only_sync,confidence,300,60,5,0.04256617000849303,0.07095036256906077,0.23381743404523117,0.3822499999999638,0.016666666666666666,0.5966666666666667,0.8266666666666667,0.875,0.6271875,0.875,6812.5,2500.0,0.23381743404523117,0.3822499999999638
stratified_size_rep095,stratified_size,95,b50_lb1_k1_eps0p005,aggregate_only_sync,shot_proportional,300,60,5,0.04256617000849303,0.07095036256906077,0.23381743404523117,0.3822499999999638,0.016666666666666666,0.5966666666666667,0.8266666666666667,0.875,0.6271875,0.875,6812.5,2500.0,0.23381743404523117,0.3822499999999638
stratified_size_rep095,stratified_size,95,b50_lb1_k1_eps0p005,aggregate_only_sync,uniform,300,60,5,0.04256617000849303,0.07095036256906077,0.23381743404523117,0.3822499999999638,0.016666666666666666,0.5966666666666667,0.8266666666666667,0.875,0.6271875,0.875,6812.5,2500.0,0.23381743404523117,0.3822499999999638
stratified_size_rep095,stratified_size,95,b50_lb1_k1_eps0p005,hierarchical_local_aggregate,confidence,300,60,5,0.042224859732252165,0.07094953994940371,0.23381698123073563,0.3822499999999638,0.013333333333333334,0.6033333333333334,0.8266666666666667,0.875,0.6271875,0.875,6725.0,2500.0,0.23381698123073563,0.3822499999999638
stratified_size_rep095,stratified_size,95,b50_lb1_k1_eps0p005,hierarchical_local_aggregate,shot_proportional,300,60,5,0.04283423018606829,0.07118831520488068,0.23381743404523117,0.3822499999999638,0.016666666666666666,0.5966666666666667,0.8266666666666667,0.875,0.6271875,0.875,6725.0,2500.0,0.23381743404523117,0.3822499999999638
stratified_size_rep095,stratified_size,95,b50_lb1_k1_eps0p005,hierarchical_local_aggregate,uniform,300,60,5,0.04283423018606829,0.07095036256906077,0.23381743404523117,0.3822499999999638,0.016666666666666666,0.5966666666666667,0.8266666666666667,0.875,0.6271875,0.875,6725.0,2500.0,0.23381743404523117,0.3822499999999638
stratified_size_rep095,stratified_size,95,b50_lb1_k1_eps0p005,local_only_offline_aggregate,confidence,300,60,5,0.03588739357636843,0.06671293620612934,0.2332798326412769,0.3822499999999638,0.02666666666666667,0.65,0.83,0.81625,0.556875,0.795,9225.0,4100.0,0.2332798326412769,0.3822499999999638
stratified_size_rep095,stratified_size,95,b50_lb1_k1_eps0p005,local_only_offline_aggregate,shot_proportional,300,60,5,0.03706908559184144,0.06671378259041234,0.2332715808823311,0.3822499999999638,0.02666666666666667,0.6433333333333333,0.83,0.81625,0.556875,0.795,9225.0,4100.0,0.2332715808823311,0.3822499999999638
stratified_size_rep095,stratified_size,95,b50_lb1_k1_eps0p005,local_only_offline_aggregate,uniform,300,60,5,0.03597138922390971,0.06671219835260557,0.23327097361807472,0.3822499999999638,0.03,0.65,0.83,0.81625,0.556875,0.795,9225.0,4100.0,0.23327097361807472,0.3822499999999638
stratified_size_rep096,stratified_size,96,b50_lb1_k1_eps0p005,aggregate_only_sync,confidence,300,60,5,0.04409318673395815,0.07845996376811476,0.23502314070358007,0.38454999999996353,0.016666666666666666,0.5666666666666667,0.8166666666666667,0.8687499999999999,0.5884375000000001,0.8687499999999999,7375.0,2625.0,0.23502314070358007,0.38454999999996353
stratified_size_rep096,stratified_size,96,b50_lb1_k1_eps0p005,aggregate_only_sync,shot_proportional,300,60,5,0.04409318673395815,0.07845996376811476,0.23502314070358007,0.38454999999996353,0.016666666666666666,0.5666666666666667,0.8166666666666667,0.8687499999999999,0.5884375000000001,0.8687499999999999,7375.0,2625.0,0.23502314070358007,0.38454999999996353
stratified_size_rep096,stratified_size,96,b50_lb1_k1_eps0p005,aggregate_only_sync,uniform,300,60,5,0.04409318673395815,0.07845996376811476,0.23502314070358007,0.38454999999996353,0.016666666666666666,0.5666666666666667,0.8166666666666667,0.8687499999999999,0.5884375000000001,0.8687499999999999,7375.0,2625.0,0.23502314070358007,0.38454999999996353
stratified_size_rep096,stratified_size,96,b50_lb1_k1_eps0p005,hierarchical_local_aggregate,confidence,300,60,5,0.04280212468444246,0.07845996376811476,0.23501430844434282,0.38454999999996353,0.013333333333333334,0.5733333333333334,0.8166666666666667,0.87125,0.5884375000000001,0.87125,7275.0,2575.0,0.23501430844434282,0.38454999999996353
stratified_size_rep096,stratified_size,96,b50_lb1_k1_eps0p005,hierarchical_local_aggregate,shot_proportional,300,60,5,0.04409318673395815,0.07845996376811476,0.23502314070358007,0.38454999999996353,0.016666666666666666,0.5666666666666667,0.8166666666666667,0.87125,0.5884375000000001,0.87125,7275.0,2575.0,0.23502314070358007,0.38454999999996353
stratified_size_rep096,stratified_size,96,b50_lb1_k1_eps0p005,hierarchical_local_aggregate,uniform,300,60,5,0.04409318673395815,0.07845996376811476,0.23502314070358007,0.38454999999996353,0.016666666666666666,0.5666666666666667,0.8166666666666667,0.87125,0.5884375000000001,0.87125,7275.0,2575.0,0.23502314070358007,0.38454999999996353
stratified_size_rep096,stratified_size,96,b50_lb1_k1_eps0p005,local_only_offline_aggregate,confidence,300,60,5,0.038377453047224674,0.07388559427887795,0.2332798326412769,0.38454999999996353,0.03333333333333333,0.6266666666666667,0.82,0.80625,0.53975,0.79,9425.0,4200.0,0.2332798326412769,0.38454999999996353
stratified_size_rep096,stratified_size,96,b50_lb1_k1_eps0p005,local_only_offline_aggregate,shot_proportional,300,60,5,0.038922866172534466,0.07414670391385783,0.2332715808823311,0.38454999999996353,0.03333333333333333,0.62,0.82,0.80625,0.53975,0.79,9425.0,4200.0,0.2332715808823311,0.38454999999996353
stratified_size_rep096,stratified_size,96,b50_lb1_k1_eps0p005,local_only_offline_aggregate,uniform,300,60,5,0.0384875992063491,0.07390948471309258,0.23327097361807472,0.38454999999996353,0.03666666666666667,0.6266666666666667,0.82,0.80625,0.53975,0.79,9425.0,4200.0,0.23327097361807472,0.38454999999996353
stratified_size_rep097,stratified_size,97,b50_lb1_k1_eps0p005,aggregate_only_sync,confidence,300,60,5,0.042912816790602826,0.0765037433491507,0.2207449874372141,0.38454999999996353,0.006666666666666667,0.5833333333333334,0.82,0.875,0.599375,0.875,6912.5,2500.0,0.2207449874372141,0.38454999999996353
stratified_size_rep097,stratified_size,97,b50_lb1_k1_eps0p005,aggregate_only_sync,shot_proportional,300,60,5,0.042912816790602826,0.0765037433491507,0.2207449874372141,0.38454999999996353,0.006666666666666667,0.5833333333333334,0.82,0.875,0.599375,0.875,6912.5,2500.0,0.2207449874372141,0.38454999999996353
stratified_size_rep097,stratified_size,97,b50_lb1_k1_eps0p005,aggregate_only_sync,uniform,300,60,5,0.042912816790602826,0.0765037433491507,0.2207449874372141,0.38454999999996353,0.006666666666666667,0.5833333333333334,0.82,0.875,0.599375,0.875,6912.5,2500.0,0.2207449874372141,0.38454999999996353
stratified_size_rep097,stratified_size,97,b50_lb1_k1_eps0p005,hierarchical_local_aggregate,confidence,300,60,5,0.0423105711196136,0.07646308662875842,0.22074503274444815,0.38454999999996353,0.0033333333333333335,0.59,0.82,0.875,0.599375,0.875,6750.0,2500.0,0.22074503274444815,0.38454999999996353
stratified_size_rep097,stratified_size,97,b50_lb1_k1_eps0p005,hierarchical_local_aggregate,shot_proportional,300,60,5,0.042912816790602826,0.07661050760341556,0.2207449874372141,0.38454999999996353,0.006666666666666667,0.5833333333333334,0.82,0.875,0.599375,0.875,6750.0,2500.0,0.2207449874372141,0.38454999999996353
stratified_size_rep097,stratified_size,97,b50_lb1_k1_eps0p005,hierarchical_local_aggregate,uniform,300,60,5,0.042912816790602826,0.07661050760341556,0.2207449874372141,0.38454999999996353,0.006666666666666667,0.5833333333333334,0.82,0.875,0.599375,0.875,6750.0,2500.0,0.2207449874372141,0.38454999999996353
stratified_size_rep097,stratified_size,97,b50_lb1_k1_eps0p005,local_only_offline_aggregate,confidence,300,60,5,0.037397374917694834,0.07132514611327265,0.21907573041621164,0.38454999999996353,0.013333333333333334,0.6366666666666667,0.8266666666666667,0.81625,0.54578125,0.795,9350.0,4100.0,0.21907573041621164,0.38454999999996353
stratified_size_rep097,stratified_size,97,b50_lb1_k1_eps0p005,local_only_offline_aggregate,shot_proportional,300,60,5,0.03858139355454138,0.07177320774004224,0.21906670588240107,0.38454999999996353,0.013333333333333334,0.63,0.8233333333333334,0.81625,0.54578125,0.795,9350.0,4100.0,0.21906670588240107,0.38454999999996353
stratified_size_rep097,stratified_size,97,b50_lb1_k1_eps0p005,local_only_offline_aggregate,uniform,300,60,5,0.03728755072486973,0.07138347845826742,0.2190660986181447,0.38454999999996353,0.016666666666666666,0.6366666666666667,0.8266666666666667,0.81625,0.54578125,0.795,9350.0,4100.0,0.2190660986181447,0.38454999999996353
stratified_size_rep098,stratified_size,98,b50_lb1_k1_eps0p005,aggregate_only_sync,confidence,300,60,5,0.04486884920634919,0.08671197104018906,0.23502314070358007,0.3822499999999638,0.016666666666666666,0.5466666666666666,0.7966666666666666,0.83875,0.561875,0.83875,8462.5,3225.0,0.23502314070358007,0.3822499999999638
stratified_size_rep098,stratified_size,98,b50_lb1_k1_eps0p005,aggregate_only_sync,shot_proportional,300,60,5,0.04486884920634919,0.08671197104018906,0.23502314070358007,0.3822499999999638,0.016666666666666666,0.5466666666666666,0.7966666666666666,0.83875,0.561875,0.83875,8462.5,3225.0,0.23502314070358007,0.3822499999999638
stratified_size_rep098,stratified_size,98,b50_lb1_k1_eps0p005,aggregate_only_sync,uniform,300,60,5,0.04486884920634919,0.08671197104018906,0.23502314070358007,0.3822499999999638,0.016666666666666666,0.5466666666666666,0.7966666666666666,0.83875,0.561875,0.83875,8462.5,3225.0,0.23502314070358007,0.3822499999999638
stratified_size_rep098,stratified_size,98,b50_lb1_k1_eps0p005,hierarchical_local_aggregate,confidence,300,60,5,0.0446350529100529,0.08646202006413953,0.23501430844434282,0.3822499999999638,0.013333333333333334,0.5533333333333333,0.7966666666666666,0.83875,0.561875,0.83875,8375.0,3225.0,0.23501430844434282,0.3822499999999638
stratified_size_rep098,stratified_size,98,b50_lb1_k1_eps0p005,hierarchical_local_aggregate,shot_proportional,300,60,5,0.04486884920634919,0.08671197104018906,0.23502314070358007,0.3822499999999638,0.016666666666666666,0.5466666666666666,0.7966666666666666,0.83875,0.561875,0.83875,8375.0,3225.0,0.23502314070358007,0.3822499999999638
stratified_size_rep098,stratified_size,98,b50_lb1_k1_eps0p005,hierarchical_local_aggregate,uniform,300,60,5,0.04486884920634919,0.08671197104018906,0.23502314070358007,0.3822499999999638,0.016666666666666666,0.5466666666666666,0.7966666666666666,0.83875,0.561875,0.83875,8375.0,3225.0,0.23502314070358007,0.3822499999999638
stratified_size_rep098,stratified_size,98,b50_lb1_k1_eps0p005,local_only_offline_aggregate,confidence,300,60,5,0.040498723868764464,0.07928071198047626,0.23346077278550512,0.3822499999999638,0.03333333333333333,0.6066666666666667,0.8,0.754375,0.5262500000000001,0.7424999999999999,9975.0,5150.0,0.23346077278550512,0.3822499999999638
stratified_size_rep098,stratified_size,98,b50_lb1_k1_eps0p005,local_only_offline_aggregate,shot_proportional,300,60,5,0.040852785011129746,0.07943511234093273,0.23345961276968624,0.3822499999999638,0.03333333333333333,0.6,0.8,0.754375,0.5262500000000001,0.7424999999999999,9975.0,5150.0,0.23345961276968624,0.3822499999999638
stratified_size_rep098,stratified_size,98,b50_lb1_k1_eps0p005,local_only_offline_aggregate,uniform,300,60,5,0.04052119705162499,0.07930168302420643,0.23344807474881504,0.3822499999999638,0.03666666666666667,0.6066666666666667,0.8,0.754375,0.5262500000000001,0.7424999999999999,9975.0,5150.0,0.23344807474881504,0.3822499999999638
stratified_size_rep099,stratified_size,99,b50_lb1_k1_eps0p005,aggregate_only_sync,confidence,300,60,5,0.04433184657495773,0.07968722391746572,0.23535468278894367,0.38454999999996353,0.01,0.5533333333333333,0.8133333333333334,0.855,0.574375,0.855,7750.0,2900.0,0.23535468278894367,0.38454999999996353
stratified_size_rep099,stratified_size,99,b50_lb1_k1_eps0p005,aggregate_only_sync,shot_proportional,300,60,5,0.04433184657495773,0.07968722391746572,0.23535468278894367,0.38454999999996353,0.01,0.5533333333333333,0.8133333333333334,0.855,0.574375,0.855,7750.0,2900.0,0.23535468278894367,0.38454999999996353
stratified_size_rep099,stratified_size,99,b50_lb1_k1_eps0p005,aggregate_only_sync,uniform,300,60,5,0.04433184657495773,0.07968722391746572,0.23535468278894367,0.38454999999996353,0.01,0.5533333333333333,0.8133333333333334,0.855,0.574375,0.855,7750.0,2900.0,0.23535468278894367,0.38454999999996353
stratified_size_rep099,stratified_size,99,b50_lb1_k1_eps0p005,hierarchical_local_aggregate,confidence,300,60,5,0.043964480199742015,0.07948682311765437,0.23535033188991275,0.38454999999996353,0.013333333333333334,0.56,0.8133333333333334,0.855,0.574375,0.855,7750.0,2900.0,0.23535033188991275,0.38454999999996353
stratified_size_rep099,stratified_size,99,b50_lb1_k1_eps0p005,hierarchical_local_aggregate,shot_proportional,300,60,5,0.04433505170316272,0.07968722391746572,0.23535468278894367,0.38454999999996353,0.01,0.5533333333333333,0.8133333333333334,0.855,0.574375,0.855,7750.0,2900.0,0.23535468278894367,0.38454999999996353
stratified_size_rep099,stratified_size,99,b50_lb1_k1_eps0p005,hierarchical_local_aggregate,uniform,300,60,5,0.04433505170316272,0.07968722391746572,0.23535468278894367,0.38454999999996353,0.01,0.5533333333333333,0.8133333333333334,0.855,0.574375,0.855,7750.0,2900.0,0.23535468278894367,0.38454999999996353
stratified_size_rep099,stratified_size,99,b50_lb1_k1_eps0p005,local_only_offline_aggregate,confidence,300,60,5,0.03953772870657105,0.07591714543084252,0.23358384561856393,0.38454999999996353,0.023333333333333334,0.6133333333333333,0.8166666666666667,0.7884375,0.5353125,0.78,9725.0,4400.0,0.23358384561856393,0.38454999999996353
stratified_size_rep099,stratified_size,99,b50_lb1_k1_eps0p005,local_only_offline_aggregate,shot_proportional,300,60,5,0.04024461733367985,0.0759165009270815,0.23357499999998504,0.38454999999996353,0.023333333333333334,0.6066666666666667,0.8166666666666667,0.7884375,0.5353125,0.78,9725.0,4400.0,0.23357499999998504,0.38454999999996353
stratified_size_rep099,stratified_size,99,b50_lb1_k1_eps0p005,local_only_offline_aggregate,uniform,300,60,5,0.039999542139843816,0.07591717493291386,0.23357499999998504,0.38454999999996353,0.02666666666666667,0.6133333333333333,0.8166666666666667,0.7884375,0.5353125,0.78,9725.0,4400.0,0.23357499999998504,0.38454999999996353
