split_id,split_mode,repetition,config_id,policy,scheme,train_rows,train_circuit_configs,train_k_values,train_median_tvd,train_q75_tvd,train_q95_tvd,train_max_tvd,train_valid_rate_tvd_le_0p01,train_valid_rate_tvd_le_0p05,train_valid_rate_tvd_le_0p10,train_median_ssr,train_q25_ssr,train_median_parallel_ssr,train_median_total_shots,train_median_max_backend_shots,train_selection_risk_q95,train_selection_risk_max,selected_config_id,selection_relaxed,selection_target_tvd,selection_risk_stat,selection_objective,selection_risk_value
stratified_size_rep000,stratified_size,0,b50_lb5_k3_eps0p001,aggregate_only_sync,confidence,300,60,5,0.0,0.0036397727272727155,0.005318208744737707,0.007864035087719327,1.0,1.0,1.0,0.0,0.0,0.0,40000.0,20000.0,0.005318208744737707,0.007864035087719327,b50_lb5_k3_eps0p001,False,0.05,q95,max_ssr,0.005318208744737707
stratified_size_rep000,stratified_size,0,b50_lb5_k3_eps0p001,aggregate_only_sync,shot_proportional,300,60,5,0.0,0.0036397727272727155,0.005318208744737707,0.007864035087719327,1.0,1.0,1.0,0.0,0.0,0.0,40000.0,20000.0,0.005318208744737707,0.007864035087719327,b50_lb5_k3_eps0p001,False,0.05,q95,max_ssr,0.005318208744737707
stratified_size_rep000,stratified_size,0,b50_lb5_k3_eps0p001,aggregate_only_sync,uniform,300,60,5,0.0,0.0036397727272727155,0.005318208744737707,0.007864035087719327,1.0,1.0,1.0,0.0,0.0,0.0,40000.0,20000.0,0.005318208744737707,0.007864035087719327,b50_lb5_k3_eps0p001,False,0.05,q95,max_ssr,0.005318208744737707
stratified_size_rep000,stratified_size,0,b50_lb5_k3_eps0p001,hierarchical_local_aggregate,confidence,300,60,5,0.0,0.003639198712178704,0.005438021901065516,0.007499192470095912,1.0,1.0,1.0,0.0,0.0,0.0,40000.0,20000.0,0.005438021901065516,0.007499192470095912,b50_lb5_k3_eps0p001,False,0.05,q95,max_ssr,0.005438021901065516
stratified_size_rep000,stratified_size,0,b50_lb5_k3_eps0p001,hierarchical_local_aggregate,shot_proportional,300,60,5,0.0,0.0036921374060438494,0.005429930305286874,0.007864035087719327,1.0,1.0,1.0,0.0,0.0,0.0,40000.0,20000.0,0.005429930305286874,0.007864035087719327,b50_lb5_k3_eps0p001,False,0.05,q95,max_ssr,0.005429930305286874
stratified_size_rep000,stratified_size,0,b50_lb5_k3_eps0p001,hierarchical_local_aggregate,uniform,300,60,5,0.0,0.0036916854076089797,0.005429930305286874,0.007864035087719327,1.0,1.0,1.0,0.0,0.0,0.0,40000.0,20000.0,0.005429930305286874,0.007864035087719327,b50_lb5_k3_eps0p001,False,0.05,q95,max_ssr,0.005429930305286874
stratified_size_rep000,stratified_size,0,b50_lb5_k3_eps0p001,local_only_offline_aggregate,confidence,300,60,5,0.0,0.0014902691970125228,0.0036964146604884416,0.006558982035928122,1.0,1.0,1.0,0.0,0.0,0.0,56175.0,20000.0,0.0036964146604884416,0.006558982035928122,b50_lb5_k3_eps0p001,False,0.05,q95,max_ssr,0.0036964146604884416
stratified_size_rep000,stratified_size,0,b50_lb5_k3_eps0p001,local_only_offline_aggregate,shot_proportional,300,60,5,0.0,0.0010965637884652925,0.003490832079128021,0.006558982035928122,1.0,1.0,1.0,0.0,0.0,0.0,56175.0,20000.0,0.003490832079128021,0.006558982035928122,b50_lb5_k3_eps0p001,False,0.05,q95,max_ssr,0.003490832079128021
stratified_size_rep000,stratified_size,0,b50_lb5_k3_eps0p001,local_only_offline_aggregate,uniform,300,60,5,0.0,0.0011511799372692973,0.0036985110618310167,0.006558982035928122,1.0,1.0,1.0,0.0,0.0,0.0,56175.0,20000.0,0.0036985110618310167,0.006558982035928122,b50_lb5_k3_eps0p001,False,0.05,q95,max_ssr,0.0036985110618310167
stratified_size_rep001,stratified_size,1,b50_lb5_k3_eps0p001,aggregate_only_sync,confidence,300,60,5,0.0,0.0030603021026214395,0.005146824820788569,0.006558982035928122,1.0,1.0,1.0,0.0,0.0,0.0,40000.0,20000.0,0.005146824820788569,0.006558982035928122,b50_lb5_k3_eps0p001,False,0.05,q95,max_ssr,0.005146824820788569
stratified_size_rep001,stratified_size,1,b50_lb5_k3_eps0p001,aggregate_only_sync,shot_proportional,300,60,5,0.0,0.0030603021026214395,0.005146824820788569,0.006558982035928122,1.0,1.0,1.0,0.0,0.0,0.0,40000.0,20000.0,0.005146824820788569,0.006558982035928122,b50_lb5_k3_eps0p001,False,0.05,q95,max_ssr,0.005146824820788569
stratified_size_rep001,stratified_size,1,b50_lb5_k3_eps0p001,aggregate_only_sync,uniform,300,60,5,0.0,0.0030603021026214395,0.005146824820788569,0.006558982035928122,1.0,1.0,1.0,0.0,0.0,0.0,40000.0,20000.0,0.005146824820788569,0.006558982035928122,b50_lb5_k3_eps0p001,False,0.05,q95,max_ssr,0.005146824820788569
stratified_size_rep001,stratified_size,1,b50_lb5_k3_eps0p001,hierarchical_local_aggregate,confidence,300,60,5,0.0,0.0031593723676278307,0.005108577318183306,0.007229347070130044,1.0,1.0,1.0,0.0,0.0,0.0,40000.0,20000.0,0.005108577318183306,0.007229347070130044,b50_lb5_k3_eps0p001,False,0.05,q95,max_ssr,0.005108577318183306
stratified_size_rep001,stratified_size,1,b50_lb5_k3_eps0p001,hierarchical_local_aggregate,shot_proportional,300,60,5,0.0,0.0032035316544313667,0.005334898012552227,0.006558982035928122,1.0,1.0,1.0,0.0,0.0,0.0,40000.0,20000.0,0.005334898012552227,0.006558982035928122,b50_lb5_k3_eps0p001,False,0.05,q95,max_ssr,0.005334898012552227
stratified_size_rep001,stratified_size,1,b50_lb5_k3_eps0p001,hierarchical_local_aggregate,uniform,300,60,5,0.0,0.003200215035214628,0.005334898012552227,0.006558982035928122,1.0,1.0,1.0,0.0,0.0,0.0,40000.0,20000.0,0.005334898012552227,0.006558982035928122,b50_lb5_k3_eps0p001,False,0.05,q95,max_ssr,0.005334898012552227
stratified_size_rep001,stratified_size,1,b50_lb5_k3_eps0p001,local_only_offline_aggregate,confidence,300,60,5,0.0,0.0013540553694177467,0.003511166937857763,0.006558982035928122,1.0,1.0,1.0,0.0,0.0,0.0,56175.0,20000.0,0.003511166937857763,0.006558982035928122,b50_lb5_k3_eps0p001,False,0.05,q95,max_ssr,0.003511166937857763
stratified_size_rep001,stratified_size,1,b50_lb5_k3_eps0p001,local_only_offline_aggregate,shot_proportional,300,60,5,0.0,0.0009891171466922717,0.003361664923184685,0.006558982035928122,1.0,1.0,1.0,0.0,0.0,0.0,56175.0,20000.0,0.003361664923184685,0.006558982035928122,b50_lb5_k3_eps0p001,False,0.05,q95,max_ssr,0.003361664923184685
stratified_size_rep001,stratified_size,1,b50_lb5_k3_eps0p001,local_only_offline_aggregate,uniform,300,60,5,0.0,0.0010701755172090452,0.003493032108473418,0.006558982035928122,1.0,1.0,1.0,0.0,0.0,0.0,56175.0,20000.0,0.003493032108473418,0.006558982035928122,b50_lb5_k3_eps0p001,False,0.05,q95,max_ssr,0.003493032108473418
stratified_size_rep002,stratified_size,2,b50_lb5_k3_eps0p001,aggregate_only_sync,confidence,300,60,5,0.0,0.0037320360043796,0.005429879106024882,0.007864035087719327,1.0,1.0,1.0,0.0,0.0,0.0,40000.0,20000.0,0.005429879106024882,0.007864035087719327,b50_lb5_k3_eps0p001,False,0.05,q95,max_ssr,0.005429879106024882
stratified_size_rep002,stratified_size,2,b50_lb5_k3_eps0p001,aggregate_only_sync,shot_proportional,300,60,5,0.0,0.0037320360043796,0.005429879106024882,0.007864035087719327,1.0,1.0,1.0,0.0,0.0,0.0,40000.0,20000.0,0.005429879106024882,0.007864035087719327,b50_lb5_k3_eps0p001,False,0.05,q95,max_ssr,0.005429879106024882
stratified_size_rep002,stratified_size,2,b50_lb5_k3_eps0p001,aggregate_only_sync,uniform,300,60,5,0.0,0.0037320360043796,0.005429879106024882,0.007864035087719327,1.0,1.0,1.0,0.0,0.0,0.0,40000.0,20000.0,0.005429879106024882,0.007864035087719327,b50_lb5_k3_eps0p001,False,0.05,q95,max_ssr,0.005429879106024882
stratified_size_rep002,stratified_size,2,b50_lb5_k3_eps0p001,hierarchical_local_aggregate,confidence,300,60,5,0.0,0.003841596878341818,0.005436264547301304,0.007499192470095912,1.0,1.0,1.0,0.0,0.0,0.0,40000.0,20000.0,0.005436264547301304,0.007499192470095912,b50_lb5_k3_eps0p001,False,0.05,q95,max_ssr,0.005436264547301304
stratified_size_rep002,stratified_size,2,b50_lb5_k3_eps0p001,hierarchical_local_aggregate,shot_proportional,300,60,5,0.0,0.00386280224860881,0.005444012659748243,0.007864035087719327,1.0,1.0,1.0,0.0,0.0,0.0,40000.0,20000.0,0.005444012659748243,0.007864035087719327,b50_lb5_k3_eps0p001,False,0.05,q95,max_ssr,0.005444012659748243
stratified_size_rep002,stratified_size,2,b50_lb5_k3_eps0p001,hierarchical_local_aggregate,uniform,300,60,5,0.0,0.00386280224860881,0.005444012659748243,0.007864035087719327,1.0,1.0,1.0,0.0,0.0,0.0,40000.0,20000.0,0.005444012659748243,0.007864035087719327,b50_lb5_k3_eps0p001,False,0.05,q95,max_ssr,0.005444012659748243
stratified_size_rep002,stratified_size,2,b50_lb5_k3_eps0p001,local_only_offline_aggregate,confidence,300,60,5,0.0,0.0016421780269844232,0.003679862072248522,0.006558982035928122,1.0,1.0,1.0,0.0,0.0,0.0,56625.0,20000.0,0.003679862072248522,0.006558982035928122,b50_lb5_k3_eps0p001,False,0.05,q95,max_ssr,0.003679862072248522
stratified_size_rep002,stratified_size,2,b50_lb5_k3_eps0p001,local_only_offline_aggregate,shot_proportional,300,60,5,0.0,0.0012668560858021597,0.003428004161842324,0.006558982035928122,1.0,1.0,1.0,0.0,0.0,0.0,56625.0,20000.0,0.003428004161842324,0.006558982035928122,b50_lb5_k3_eps0p001,False,0.05,q95,max_ssr,0.003428004161842324
stratified_size_rep002,stratified_size,2,b50_lb5_k3_eps0p001,local_only_offline_aggregate,uniform,300,60,5,0.0,0.0013891532709220922,0.003574766021667429,0.006558982035928122,1.0,1.0,1.0,0.0,0.0,0.0,56625.0,20000.0,0.003574766021667429,0.006558982035928122,b50_lb5_k3_eps0p001,False,0.05,q95,max_ssr,0.003574766021667429
stratified_size_rep003,stratified_size,3,b50_lb5_k3_eps0p001,aggregate_only_sync,confidence,300,60,5,0.0,0.0038612893417115483,0.005429879106024882,0.007864035087719327,1.0,1.0,1.0,0.0,0.0,0.0,40000.0,20000.0,0.005429879106024882,0.007864035087719327,b50_lb5_k3_eps0p001,False,0.05,q95,max_ssr,0.005429879106024882
stratified_size_rep003,stratified_size,3,b50_lb5_k3_eps0p001,aggregate_only_sync,shot_proportional,300,60,5,0.0,0.0038612893417115483,0.005429879106024882,0.007864035087719327,1.0,1.0,1.0,0.0,0.0,0.0,40000.0,20000.0,0.005429879106024882,0.007864035087719327,b50_lb5_k3_eps0p001,False,0.05,q95,max_ssr,0.005429879106024882
stratified_size_rep003,stratified_size,3,b50_lb5_k3_eps0p001,aggregate_only_sync,uniform,300,60,5,0.0,0.0038612893417115483,0.005429879106024882,0.007864035087719327,1.0,1.0,1.0,0.0,0.0,0.0,40000.0,20000.0,0.005429879106024882,0.007864035087719327,b50_lb5_k3_eps0p001,False,0.05,q95,max_ssr,0.005429879106024882
stratified_size_rep003,stratified_size,3,b50_lb5_k3_eps0p001,hierarchical_local_aggregate,confidence,300,60,5,0.0,0.004022200894279914,0.005460534694097882,0.007499192470095912,1.0,1.0,1.0,0.0,0.0,0.0,40000.0,20000.0,0.005460534694097882,0.007499192470095912,b50_lb5_k3_eps0p001,False,0.05,q95,max_ssr,0.005460534694097882
stratified_size_rep003,stratified_size,3,b50_lb5_k3_eps0p001,hierarchical_local_aggregate,shot_proportional,300,60,5,0.0,0.0040759567616728614,0.005462725746268716,0.007864035087719327,1.0,1.0,1.0,0.0,0.0,0.0,40000.0,20000.0,0.005462725746268716,0.007864035087719327,b50_lb5_k3_eps0p001,False,0.05,q95,max_ssr,0.005462725746268716
stratified_size_rep003,stratified_size,3,b50_lb5_k3_eps0p001,hierarchical_local_aggregate,uniform,300,60,5,0.0,0.004065600529509849,0.005462725746268716,0.007864035087719327,1.0,1.0,1.0,0.0,0.0,0.0,40000.0,20000.0,0.005462725746268716,0.007864035087719327,b50_lb5_k3_eps0p001,False,0.05,q95,max_ssr,0.005462725746268716
stratified_size_rep003,stratified_size,3,b50_lb5_k3_eps0p001,local_only_offline_aggregate,confidence,300,60,5,0.0,0.0014480335609680934,0.0038468410130353373,0.006558982035928122,1.0,1.0,1.0,0.0,0.0,0.0,55525.0,20000.0,0.0038468410130353373,0.006558982035928122,b50_lb5_k3_eps0p001,False,0.05,q95,max_ssr,0.0038468410130353373
stratified_size_rep003,stratified_size,3,b50_lb5_k3_eps0p001,local_only_offline_aggregate,shot_proportional,300,60,5,0.0,0.0012554368602786911,0.00356653362854573,0.006558982035928122,1.0,1.0,1.0,0.0,0.0,0.0,55525.0,20000.0,0.00356653362854573,0.006558982035928122,b50_lb5_k3_eps0p001,False,0.05,q95,max_ssr,0.00356653362854573
stratified_size_rep003,stratified_size,3,b50_lb5_k3_eps0p001,local_only_offline_aggregate,uniform,300,60,5,0.0,0.001290985054146213,0.0037021229106385008,0.006558982035928122,1.0,1.0,1.0,0.0,0.0,0.0,55525.0,20000.0,0.0037021229106385008,0.006558982035928122,b50_lb5_k3_eps0p001,False,0.05,q95,max_ssr,0.0037021229106385008
stratified_size_rep004,stratified_size,4,b50_lb5_k3_eps0p001,aggregate_only_sync,confidence,300,60,5,0.0,0.002755210371642644,0.0054044488135977465,0.007864035087719327,1.0,1.0,1.0,0.0,0.0,0.0,42337.5,20000.0,0.0054044488135977465,0.007864035087719327,b50_lb5_k3_eps0p001,False,0.05,q95,max_ssr,0.0054044488135977465
stratified_size_rep004,stratified_size,4,b50_lb5_k3_eps0p001,aggregate_only_sync,shot_proportional,300,60,5,0.0,0.002755210371642644,0.0054044488135977465,0.007864035087719327,1.0,1.0,1.0,0.0,0.0,0.0,42337.5,20000.0,0.0054044488135977465,0.007864035087719327,b50_lb5_k3_eps0p001,False,0.05,q95,max_ssr,0.0054044488135977465
stratified_size_rep004,stratified_size,4,b50_lb5_k3_eps0p001,aggregate_only_sync,uniform,300,60,5,0.0,0.002755210371642644,0.0054044488135977465,0.007864035087719327,1.0,1.0,1.0,0.0,0.0,0.0,42337.5,20000.0,0.0054044488135977465,0.007864035087719327,b50_lb5_k3_eps0p001,False,0.05,q95,max_ssr,0.0054044488135977465
stratified_size_rep004,stratified_size,4,b50_lb5_k3_eps0p001,hierarchical_local_aggregate,confidence,300,60,5,0.0,0.002765137871373476,0.005406981420208169,0.007499192470095912,1.0,1.0,1.0,0.0,0.0,0.0,42100.0,20000.0,0.005406981420208169,0.007499192470095912,b50_lb5_k3_eps0p001,False,0.05,q95,max_ssr,0.005406981420208169
stratified_size_rep004,stratified_size,4,b50_lb5_k3_eps0p001,hierarchical_local_aggregate,shot_proportional,300,60,5,0.0,0.002863160778469315,0.005437824595829716,0.007864035087719327,1.0,1.0,1.0,0.0,0.0,0.0,42100.0,20000.0,0.005437824595829716,0.007864035087719327,b50_lb5_k3_eps0p001,False,0.05,q95,max_ssr,0.005437824595829716
stratified_size_rep004,stratified_size,4,b50_lb5_k3_eps0p001,hierarchical_local_aggregate,uniform,300,60,5,0.0,0.002863160778469315,0.005437824595829716,0.007864035087719327,1.0,1.0,1.0,0.0,0.0,0.0,42100.0,20000.0,0.005437824595829716,0.007864035087719327,b50_lb5_k3_eps0p001,False,0.05,q95,max_ssr,0.005437824595829716
stratified_size_rep004,stratified_size,4,b50_lb5_k3_eps0p001,local_only_offline_aggregate,confidence,300,60,5,0.0,0.0,0.0034933491431411844,0.006056896551724079,1.0,1.0,1.0,0.0,0.0,0.0,59325.0,20000.0,0.0034933491431411844,0.006056896551724079,b50_lb5_k3_eps0p001,False,0.05,q95,max_ssr,0.0034933491431411844
stratified_size_rep004,stratified_size,4,b50_lb5_k3_eps0p001,local_only_offline_aggregate,shot_proportional,300,60,5,0.0,0.0,0.0033693324311890134,0.006056896551724079,1.0,1.0,1.0,0.0,0.0,0.0,59325.0,20000.0,0.0033693324311890134,0.006056896551724079,b50_lb5_k3_eps0p001,False,0.05,q95,max_ssr,0.0033693324311890134
stratified_size_rep004,stratified_size,4,b50_lb5_k3_eps0p001,local_only_offline_aggregate,uniform,300,60,5,0.0,0.0,0.0034938689963514295,0.006056896551724079,1.0,1.0,1.0,0.0,0.0,0.0,59325.0,20000.0,0.0034938689963514295,0.006056896551724079,b50_lb5_k3_eps0p001,False,0.05,q95,max_ssr,0.0034938689963514295
stratified_size_rep005,stratified_size,5,b50_lb5_k3_eps0p001,aggregate_only_sync,confidence,300,60,5,0.0,0.0037320360043796,0.005429879106024882,0.007864035087719327,1.0,1.0,1.0,0.0,0.0,0.0,40000.0,20000.0,0.005429879106024882,0.007864035087719327,b50_lb5_k3_eps0p001,False,0.05,q95,max_ssr,0.005429879106024882
stratified_size_rep005,stratified_size,5,b50_lb5_k3_eps0p001,aggregate_only_sync,shot_proportional,300,60,5,0.0,0.0037320360043796,0.005429879106024882,0.007864035087719327,1.0,1.0,1.0,0.0,0.0,0.0,40000.0,20000.0,0.005429879106024882,0.007864035087719327,b50_lb5_k3_eps0p001,False,0.05,q95,max_ssr,0.005429879106024882
stratified_size_rep005,stratified_size,5,b50_lb5_k3_eps0p001,aggregate_only_sync,uniform,300,60,5,0.0,0.0037320360043796,0.005429879106024882,0.007864035087719327,1.0,1.0,1.0,0.0,0.0,0.0,40000.0,20000.0,0.005429879106024882,0.007864035087719327,b50_lb5_k3_eps0p001,False,0.05,q95,max_ssr,0.005429879106024882
stratified_size_rep005,stratified_size,5,b50_lb5_k3_eps0p001,hierarchical_local_aggregate,confidence,300,60,5,0.0,0.0039977207594012396,0.005436264547301304,0.007499192470095912,1.0,1.0,1.0,0.0,0.0,0.0,40000.0,20000.0,0.005436264547301304,0.007499192470095912,b50_lb5_k3_eps0p001,False,0.05,q95,max_ssr,0.005436264547301304
stratified_size_rep005,stratified_size,5,b50_lb5_k3_eps0p001,hierarchical_local_aggregate,shot_proportional,300,60,5,0.0,0.0039272820429408295,0.005449345586893039,0.007864035087719327,1.0,1.0,1.0,0.0,0.0,0.0,40000.0,20000.0,0.005449345586893039,0.007864035087719327,b50_lb5_k3_eps0p001,False,0.05,q95,max_ssr,0.005449345586893039
stratified_size_rep005,stratified_size,5,b50_lb5_k3_eps0p001,hierarchical_local_aggregate,uniform,300,60,5,0.0,0.0039272820429408295,0.00544531144067793,0.007864035087719327,1.0,1.0,1.0,0.0,0.0,0.0,40000.0,20000.0,0.00544531144067793,0.007864035087719327,b50_lb5_k3_eps0p001,False,0.05,q95,max_ssr,0.00544531144067793
stratified_size_rep005,stratified_size,5,b50_lb5_k3_eps0p001,local_only_offline_aggregate,confidence,300,60,5,0.0,0.0017006430691413493,0.0036964146604884416,0.006558982035928122,1.0,1.0,1.0,0.0,0.0,0.0,55350.0,20000.0,0.0036964146604884416,0.006558982035928122,b50_lb5_k3_eps0p001,False,0.05,q95,max_ssr,0.0036964146604884416
stratified_size_rep005,stratified_size,5,b50_lb5_k3_eps0p001,local_only_offline_aggregate,shot_proportional,300,60,5,0.0,0.001329713902620289,0.003428004161842324,0.006558982035928122,1.0,1.0,1.0,0.0,0.0,0.0,55350.0,20000.0,0.003428004161842324,0.006558982035928122,b50_lb5_k3_eps0p001,False,0.05,q95,max_ssr,0.003428004161842324
stratified_size_rep005,stratified_size,5,b50_lb5_k3_eps0p001,local_only_offline_aggregate,uniform,300,60,5,0.0,0.001480143754130857,0.003574766021667429,0.006558982035928122,1.0,1.0,1.0,0.0,0.0,0.0,55350.0,20000.0,0.003574766021667429,0.006558982035928122,b50_lb5_k3_eps0p001,False,0.05,q95,max_ssr,0.003574766021667429
stratified_size_rep006,stratified_size,6,b50_lb5_k3_eps0p001,aggregate_only_sync,confidence,300,60,5,0.0,0.003838958545196404,0.005333235778509675,0.006558982035928122,1.0,1.0,1.0,0.0,0.0,0.0,40000.0,20000.0,0.005333235778509675,0.006558982035928122,b50_lb5_k3_eps0p001,False,0.05,q95,max_ssr,0.005333235778509675
stratified_size_rep006,stratified_size,6,b50_lb5_k3_eps0p001,aggregate_only_sync,shot_proportional,300,60,5,0.0,0.003838958545196404,0.005333235778509675,0.006558982035928122,1.0,1.0,1.0,0.0,0.0,0.0,40000.0,20000.0,0.005333235778509675,0.006558982035928122,b50_lb5_k3_eps0p001,False,0.05,q95,max_ssr,0.005333235778509675
stratified_size_rep006,stratified_size,6,b50_lb5_k3_eps0p001,aggregate_only_sync,uniform,300,60,5,0.0,0.003838958545196404,0.005333235778509675,0.006558982035928122,1.0,1.0,1.0,0.0,0.0,0.0,40000.0,20000.0,0.005333235778509675,0.006558982035928122,b50_lb5_k3_eps0p001,False,0.05,q95,max_ssr,0.005333235778509675
stratified_size_rep006,stratified_size,6,b50_lb5_k3_eps0p001,hierarchical_local_aggregate,confidence,300,60,5,0.0,0.003913292346749177,0.005333679290889772,0.007229347070130044,1.0,1.0,1.0,0.0,0.0,0.0,40000.0,20000.0,0.005333679290889772,0.007229347070130044,b50_lb5_k3_eps0p001,False,0.05,q95,max_ssr,0.005333679290889772
stratified_size_rep006,stratified_size,6,b50_lb5_k3_eps0p001,hierarchical_local_aggregate,shot_proportional,300,60,5,0.0,0.0039272820429408295,0.005444012659748243,0.006558982035928122,1.0,1.0,1.0,0.0,0.0,0.0,40000.0,20000.0,0.005444012659748243,0.006558982035928122,b50_lb5_k3_eps0p001,False,0.05,q95,max_ssr,0.005444012659748243
stratified_size_rep006,stratified_size,6,b50_lb5_k3_eps0p001,hierarchical_local_aggregate,uniform,300,60,5,0.0,0.0039272820429408295,0.005438797381807569,0.006558982035928122,1.0,1.0,1.0,0.0,0.0,0.0,40000.0,20000.0,0.005438797381807569,0.006558982035928122,b50_lb5_k3_eps0p001,False,0.05,q95,max_ssr,0.005438797381807569
stratified_size_rep006,stratified_size,6,b50_lb5_k3_eps0p001,local_only_offline_aggregate,confidence,300,60,5,0.0,0.001814326021267075,0.0038468410130353373,0.006558982035928122,1.0,1.0,1.0,0.0,0.0,0.0,53500.0,20000.0,0.0038468410130353373,0.006558982035928122,b50_lb5_k3_eps0p001,False,0.05,q95,max_ssr,0.0038468410130353373
stratified_size_rep006,stratified_size,6,b50_lb5_k3_eps0p001,local_only_offline_aggregate,shot_proportional,300,60,5,0.0,0.0013512751071518675,0.00356653362854573,0.006558982035928122,1.0,1.0,1.0,0.0,0.0,0.0,53500.0,20000.0,0.00356653362854573,0.006558982035928122,b50_lb5_k3_eps0p001,False,0.05,q95,max_ssr,0.00356653362854573
stratified_size_rep006,stratified_size,6,b50_lb5_k3_eps0p001,local_only_offline_aggregate,uniform,300,60,5,0.0,0.0015980587102249373,0.0037021229106385008,0.006558982035928122,1.0,1.0,1.0,0.0,0.0,0.0,53500.0,20000.0,0.0037021229106385008,0.006558982035928122,b50_lb5_k3_eps0p001,False,0.05,q95,max_ssr,0.0037021229106385008
stratified_size_rep007,stratified_size,7,b50_lb5_k3_eps0p001,aggregate_only_sync,confidence,300,60,5,0.0,0.0036921374060438494,0.005409192848036049,0.007864035087719327,1.0,1.0,1.0,0.0,0.0,0.0,40000.0,20000.0,0.005409192848036049,0.007864035087719327,b50_lb5_k3_eps0p001,False,0.05,q95,max_ssr,0.005409192848036049
stratified_size_rep007,stratified_size,7,b50_lb5_k3_eps0p001,aggregate_only_sync,shot_proportional,300,60,5,0.0,0.0036921374060438494,0.005409192848036049,0.007864035087719327,1.0,1.0,1.0,0.0,0.0,0.0,40000.0,20000.0,0.005409192848036049,0.007864035087719327,b50_lb5_k3_eps0p001,False,0.05,q95,max_ssr,0.005409192848036049
stratified_size_rep007,stratified_size,7,b50_lb5_k3_eps0p001,aggregate_only_sync,uniform,300,60,5,0.0,0.0036921374060438494,0.005409192848036049,0.007864035087719327,1.0,1.0,1.0,0.0,0.0,0.0,40000.0,20000.0,0.005409192848036049,0.007864035087719327,b50_lb5_k3_eps0p001,False,0.05,q95,max_ssr,0.005409192848036049
stratified_size_rep007,stratified_size,7,b50_lb5_k3_eps0p001,hierarchical_local_aggregate,confidence,300,60,5,0.0,0.0038161348168649824,0.005338915804503898,0.007499192470095912,1.0,1.0,1.0,0.0,0.0,0.0,40000.0,20000.0,0.005338915804503898,0.007499192470095912,b50_lb5_k3_eps0p001,False,0.05,q95,max_ssr,0.005338915804503898
stratified_size_rep007,stratified_size,7,b50_lb5_k3_eps0p001,hierarchical_local_aggregate,shot_proportional,300,60,5,0.0,0.00386280224860881,0.005449345586893039,0.007864035087719327,1.0,1.0,1.0,0.0,0.0,0.0,40000.0,20000.0,0.005449345586893039,0.007864035087719327,b50_lb5_k3_eps0p001,False,0.05,q95,max_ssr,0.005449345586893039
stratified_size_rep007,stratified_size,7,b50_lb5_k3_eps0p001,hierarchical_local_aggregate,uniform,300,60,5,0.0,0.00386280224860881,0.00544531144067793,0.007864035087719327,1.0,1.0,1.0,0.0,0.0,0.0,40000.0,20000.0,0.00544531144067793,0.007864035087719327,b50_lb5_k3_eps0p001,False,0.05,q95,max_ssr,0.00544531144067793
stratified_size_rep007,stratified_size,7,b50_lb5_k3_eps0p001,local_only_offline_aggregate,confidence,300,60,5,0.0,0.0016159411123570994,0.003679862072248522,0.006558982035928122,1.0,1.0,1.0,0.0,0.0,0.0,56175.0,20000.0,0.003679862072248522,0.006558982035928122,b50_lb5_k3_eps0p001,False,0.05,q95,max_ssr,0.003679862072248522
stratified_size_rep007,stratified_size,7,b50_lb5_k3_eps0p001,local_only_offline_aggregate,shot_proportional,300,60,5,0.0,0.001328480623807247,0.003397795616575443,0.006558982035928122,1.0,1.0,1.0,0.0,0.0,0.0,56175.0,20000.0,0.003397795616575443,0.006558982035928122,b50_lb5_k3_eps0p001,False,0.05,q95,max_ssr,0.003397795616575443
stratified_size_rep007,stratified_size,7,b50_lb5_k3_eps0p001,local_only_offline_aggregate,uniform,300,60,5,0.0,0.0013955004559423763,0.0035247890005380674,0.006558982035928122,1.0,1.0,1.0,0.0,0.0,0.0,56175.0,20000.0,0.0035247890005380674,0.006558982035928122,b50_lb5_k3_eps0p001,False,0.05,q95,max_ssr,0.0035247890005380674
stratified_size_rep008,stratified_size,8,b50_lb5_k3_eps0p001,aggregate_only_sync,confidence,300,60,5,0.0,0.00368557834441978,0.005429879106024882,0.007864035087719327,1.0,1.0,1.0,0.0,0.0,0.0,40000.0,20000.0,0.005429879106024882,0.007864035087719327,b50_lb5_k3_eps0p001,False,0.05,q95,max_ssr,0.005429879106024882
stratified_size_rep008,stratified_size,8,b50_lb5_k3_eps0p001,aggregate_only_sync,shot_proportional,300,60,5,0.0,0.00368557834441978,0.005429879106024882,0.007864035087719327,1.0,1.0,1.0,0.0,0.0,0.0,40000.0,20000.0,0.005429879106024882,0.007864035087719327,b50_lb5_k3_eps0p001,False,0.05,q95,max_ssr,0.005429879106024882
stratified_size_rep008,stratified_size,8,b50_lb5_k3_eps0p001,aggregate_only_sync,uniform,300,60,5,0.0,0.00368557834441978,0.005429879106024882,0.007864035087719327,1.0,1.0,1.0,0.0,0.0,0.0,40000.0,20000.0,0.005429879106024882,0.007864035087719327,b50_lb5_k3_eps0p001,False,0.05,q95,max_ssr,0.005429879106024882
stratified_size_rep008,stratified_size,8,b50_lb5_k3_eps0p001,hierarchical_local_aggregate,confidence,300,60,5,0.0,0.003686220627084658,0.005338915804503898,0.007499192470095912,1.0,1.0,1.0,0.0,0.0,0.0,40000.0,20000.0,0.005338915804503898,0.007499192470095912,b50_lb5_k3_eps0p001,False,0.05,q95,max_ssr,0.005338915804503898
stratified_size_rep008,stratified_size,8,b50_lb5_k3_eps0p001,hierarchical_local_aggregate,shot_proportional,300,60,5,0.0,0.003744158889969811,0.005449345586893039,0.007864035087719327,1.0,1.0,1.0,0.0,0.0,0.0,40000.0,20000.0,0.005449345586893039,0.007864035087719327,b50_lb5_k3_eps0p001,False,0.05,q95,max_ssr,0.005449345586893039
stratified_size_rep008,stratified_size,8,b50_lb5_k3_eps0p001,hierarchical_local_aggregate,uniform,300,60,5,0.0,0.003738133550925507,0.00544531144067793,0.007864035087719327,1.0,1.0,1.0,0.0,0.0,0.0,40000.0,20000.0,0.00544531144067793,0.007864035087719327,b50_lb5_k3_eps0p001,False,0.05,q95,max_ssr,0.00544531144067793
stratified_size_rep008,stratified_size,8,b50_lb5_k3_eps0p001,local_only_offline_aggregate,confidence,300,60,5,0.0,0.0017006430691413493,0.003679862072248522,0.006558982035928122,1.0,1.0,1.0,0.0,0.0,0.0,54275.0,20000.0,0.003679862072248522,0.006558982035928122,b50_lb5_k3_eps0p001,False,0.05,q95,max_ssr,0.003679862072248522
stratified_size_rep008,stratified_size,8,b50_lb5_k3_eps0p001,local_only_offline_aggregate,shot_proportional,300,60,5,0.0,0.001329713902620289,0.003397795616575443,0.006558982035928122,1.0,1.0,1.0,0.0,0.0,0.0,54275.0,20000.0,0.003397795616575443,0.006558982035928122,b50_lb5_k3_eps0p001,False,0.05,q95,max_ssr,0.003397795616575443
stratified_size_rep008,stratified_size,8,b50_lb5_k3_eps0p001,local_only_offline_aggregate,uniform,300,60,5,0.0,0.001480143754130857,0.0035247890005380674,0.006558982035928122,1.0,1.0,1.0,0.0,0.0,0.0,54275.0,20000.0,0.0035247890005380674,0.006558982035928122,b50_lb5_k3_eps0p001,False,0.05,q95,max_ssr,0.0035247890005380674
stratified_size_rep009,stratified_size,9,b50_lb5_k3_eps0p001,aggregate_only_sync,confidence,300,60,5,0.0,0.0033732393659710964,0.005313209739818092,0.006197794117647036,1.0,1.0,1.0,0.0,0.0,0.0,41362.5,20000.0,0.005313209739818092,0.006197794117647036,b50_lb5_k3_eps0p001,False,0.05,q95,max_ssr,0.005313209739818092
stratified_size_rep009,stratified_size,9,b50_lb5_k3_eps0p001,aggregate_only_sync,shot_proportional,300,60,5,0.0,0.0033732393659710964,0.005313209739818092,0.006197794117647036,1.0,1.0,1.0,0.0,0.0,0.0,41362.5,20000.0,0.005313209739818092,0.006197794117647036,b50_lb5_k3_eps0p001,False,0.05,q95,max_ssr,0.005313209739818092
stratified_size_rep009,stratified_size,9,b50_lb5_k3_eps0p001,aggregate_only_sync,uniform,300,60,5,0.0,0.0033732393659710964,0.005313209739818092,0.006197794117647036,1.0,1.0,1.0,0.0,0.0,0.0,41362.5,20000.0,0.005313209739818092,0.006197794117647036,b50_lb5_k3_eps0p001,False,0.05,q95,max_ssr,0.005313209739818092
stratified_size_rep009,stratified_size,9,b50_lb5_k3_eps0p001,hierarchical_local_aggregate,confidence,300,60,5,0.0,0.003447333870475441,0.005268281754110139,0.007229347070130044,1.0,1.0,1.0,0.0,0.0,0.0,41125.0,20000.0,0.005268281754110139,0.007229347070130044,b50_lb5_k3_eps0p001,False,0.05,q95,max_ssr,0.005268281754110139
stratified_size_rep009,stratified_size,9,b50_lb5_k3_eps0p001,hierarchical_local_aggregate,shot_proportional,300,60,5,0.0,0.003490444972398269,0.005438797381807569,0.006197794117647036,1.0,1.0,1.0,0.0,0.0,0.0,41125.0,20000.0,0.005438797381807569,0.006197794117647036,b50_lb5_k3_eps0p001,False,0.05,q95,max_ssr,0.005438797381807569
stratified_size_rep009,stratified_size,9,b50_lb5_k3_eps0p001,hierarchical_local_aggregate,uniform,300,60,5,0.0,0.003490444972398269,0.005437924411627181,0.006197794117647036,1.0,1.0,1.0,0.0,0.0,0.0,41125.0,20000.0,0.005437924411627181,0.006197794117647036,b50_lb5_k3_eps0p001,False,0.05,q95,max_ssr,0.005437924411627181
stratified_size_rep009,stratified_size,9,b50_lb5_k3_eps0p001,local_only_offline_aggregate,confidence,300,60,5,0.0,0.0014145095175200134,0.003511166937857763,0.006056896551724079,1.0,1.0,1.0,0.0,0.0,0.0,56975.0,20000.0,0.003511166937857763,0.006056896551724079,b50_lb5_k3_eps0p001,False,0.05,q95,max_ssr,0.003511166937857763
stratified_size_rep009,stratified_size,9,b50_lb5_k3_eps0p001,local_only_offline_aggregate,shot_proportional,300,60,5,0.0,0.0010995233003653054,0.003361664923184685,0.006056896551724079,1.0,1.0,1.0,0.0,0.0,0.0,56975.0,20000.0,0.003361664923184685,0.006056896551724079,b50_lb5_k3_eps0p001,False,0.05,q95,max_ssr,0.003361664923184685
stratified_size_rep009,stratified_size,9,b50_lb5_k3_eps0p001,local_only_offline_aggregate,uniform,300,60,5,0.0,0.0011511799372692973,0.003398053061304778,0.006056896551724079,1.0,1.0,1.0,0.0,0.0,0.0,56975.0,20000.0,0.003398053061304778,0.006056896551724079,b50_lb5_k3_eps0p001,False,0.05,q95,max_ssr,0.003398053061304778
stratified_size_rep010,stratified_size,10,b50_lb5_k3_eps0p001,aggregate_only_sync,confidence,300,60,5,0.0,0.0036921374060438494,0.00543755119926196,0.007864035087719327,1.0,1.0,1.0,0.0,0.0,0.0,40000.0,20000.0,0.00543755119926196,0.007864035087719327,b50_lb5_k3_eps0p001,False,0.05,q95,max_ssr,0.00543755119926196
stratified_size_rep010,stratified_size,10,b50_lb5_k3_eps0p001,aggregate_only_sync,shot_proportional,300,60,5,0.0,0.0036921374060438494,0.00543755119926196,0.007864035087719327,1.0,1.0,1.0,0.0,0.0,0.0,40000.0,20000.0,0.00543755119926196,0.007864035087719327,b50_lb5_k3_eps0p001,False,0.05,q95,max_ssr,0.00543755119926196
stratified_size_rep010,stratified_size,10,b50_lb5_k3_eps0p001,aggregate_only_sync,uniform,300,60,5,0.0,0.0036921374060438494,0.00543755119926196,0.007864035087719327,1.0,1.0,1.0,0.0,0.0,0.0,40000.0,20000.0,0.00543755119926196,0.007864035087719327,b50_lb5_k3_eps0p001,False,0.05,q95,max_ssr,0.00543755119926196
stratified_size_rep010,stratified_size,10,b50_lb5_k3_eps0p001,hierarchical_local_aggregate,confidence,300,60,5,0.0,0.003686220627084658,0.005460534694097882,0.007499192470095912,1.0,1.0,1.0,0.0,0.0,0.0,40000.0,20000.0,0.005460534694097882,0.007499192470095912,b50_lb5_k3_eps0p001,False,0.05,q95,max_ssr,0.005460534694097882
stratified_size_rep010,stratified_size,10,b50_lb5_k3_eps0p001,hierarchical_local_aggregate,shot_proportional,300,60,5,0.0,0.003744158889969811,0.00544531144067793,0.007864035087719327,1.0,1.0,1.0,0.0,0.0,0.0,40000.0,20000.0,0.00544531144067793,0.007864035087719327,b50_lb5_k3_eps0p001,False,0.05,q95,max_ssr,0.00544531144067793
stratified_size_rep010,stratified_size,10,b50_lb5_k3_eps0p001,hierarchical_local_aggregate,uniform,300,60,5,0.0,0.003738133550925507,0.00544531144067793,0.007864035087719327,1.0,1.0,1.0,0.0,0.0,0.0,40000.0,20000.0,0.00544531144067793,0.007864035087719327,b50_lb5_k3_eps0p001,False,0.05,q95,max_ssr,0.00544531144067793
stratified_size_rep010,stratified_size,10,b50_lb5_k3_eps0p001,local_only_offline_aggregate,confidence,300,60,5,0.0,0.0016331208125304,0.0036964146604884416,0.006558982035928122,1.0,1.0,1.0,0.0,0.0,0.0,56125.0,20000.0,0.0036964146604884416,0.006558982035928122,b50_lb5_k3_eps0p001,False,0.05,q95,max_ssr,0.0036964146604884416
stratified_size_rep010,stratified_size,10,b50_lb5_k3_eps0p001,local_only_offline_aggregate,shot_proportional,300,60,5,0.0,0.001250605788732654,0.003490832079128021,0.006558982035928122,1.0,1.0,1.0,0.0,0.0,0.0,56125.0,20000.0,0.003490832079128021,0.006558982035928122,b50_lb5_k3_eps0p001,False,0.05,q95,max_ssr,0.003490832079128021
stratified_size_rep010,stratified_size,10,b50_lb5_k3_eps0p001,local_only_offline_aggregate,uniform,300,60,5,0.0,0.001366308197688713,0.0036985110618310167,0.006558982035928122,1.0,1.0,1.0,0.0,0.0,0.0,56125.0,20000.0,0.0036985110618310167,0.006558982035928122,b50_lb5_k3_eps0p001,False,0.05,q95,max_ssr,0.0036985110618310167
stratified_size_rep011,stratified_size,11,b50_lb5_k3_eps0p001,aggregate_only_sync,confidence,300,60,5,0.0,0.0039272820429408295,0.00543755119926196,0.007864035087719327,1.0,1.0,1.0,0.0,0.0,0.0,40000.0,20000.0,0.00543755119926196,0.007864035087719327,b50_lb5_k3_eps0p001,False,0.05,q95,max_ssr,0.00543755119926196
stratified_size_rep011,stratified_size,11,b50_lb5_k3_eps0p001,aggregate_only_sync,shot_proportional,300,60,5,0.0,0.0039272820429408295,0.00543755119926196,0.007864035087719327,1.0,1.0,1.0,0.0,0.0,0.0,40000.0,20000.0,0.00543755119926196,0.007864035087719327,b50_lb5_k3_eps0p001,False,0.05,q95,max_ssr,0.00543755119926196
stratified_size_rep011,stratified_size,11,b50_lb5_k3_eps0p001,aggregate_only_sync,uniform,300,60,5,0.0,0.0039272820429408295,0.00543755119926196,0.007864035087719327,1.0,1.0,1.0,0.0,0.0,0.0,40000.0,20000.0,0.00543755119926196,0.007864035087719327,b50_lb5_k3_eps0p001,False,0.05,q95,max_ssr,0.00543755119926196
stratified_size_rep011,stratified_size,11,b50_lb5_k3_eps0p001,hierarchical_local_aggregate,confidence,300,60,5,0.0,0.003976319583774777,0.005460534694097882,0.007499192470095912,1.0,1.0,1.0,0.0,0.0,0.0,40000.0,20000.0,0.005460534694097882,0.007499192470095912,b50_lb5_k3_eps0p001,False,0.05,q95,max_ssr,0.005460534694097882
stratified_size_rep011,stratified_size,11,b50_lb5_k3_eps0p001,hierarchical_local_aggregate,shot_proportional,300,60,5,0.0,0.0040629215344674535,0.00544531144067793,0.007864035087719327,1.0,1.0,1.0,0.0,0.0,0.0,40000.0,20000.0,0.00544531144067793,0.007864035087719327,b50_lb5_k3_eps0p001,False,0.05,q95,max_ssr,0.00544531144067793
stratified_size_rep011,stratified_size,11,b50_lb5_k3_eps0p001,hierarchical_local_aggregate,uniform,300,60,5,0.0,0.0040629215344674535,0.00544531144067793,0.007864035087719327,1.0,1.0,1.0,0.0,0.0,0.0,40000.0,20000.0,0.00544531144067793,0.007864035087719327,b50_lb5_k3_eps0p001,False,0.05,q95,max_ssr,0.00544531144067793
stratified_size_rep011,stratified_size,11,b50_lb5_k3_eps0p001,local_only_offline_aggregate,confidence,300,60,5,0.0,0.0016159411123570994,0.003498287382629918,0.006558982035928122,1.0,1.0,1.0,0.0,0.0,0.0,56625.0,20000.0,0.003498287382629918,0.006558982035928122,b50_lb5_k3_eps0p001,False,0.05,q95,max_ssr,0.003498287382629918
stratified_size_rep011,stratified_size,11,b50_lb5_k3_eps0p001,local_only_offline_aggregate,shot_proportional,300,60,5,0.0,0.001250605788732654,0.0033709223546241128,0.006558982035928122,1.0,1.0,1.0,0.0,0.0,0.0,56625.0,20000.0,0.0033709223546241128,0.006558982035928122,b50_lb5_k3_eps0p001,False,0.05,q95,max_ssr,0.0033709223546241128
stratified_size_rep011,stratified_size,11,b50_lb5_k3_eps0p001,local_only_offline_aggregate,uniform,300,60,5,0.0,0.0012831438743704955,0.0035312975085006236,0.006558982035928122,1.0,1.0,1.0,0.0,0.0,0.0,56625.0,20000.0,0.0035312975085006236,0.006558982035928122,b50_lb5_k3_eps0p001,False,0.05,q95,max_ssr,0.0035312975085006236
stratified_size_rep012,stratified_size,12,b50_lb5_k3_eps0p001,aggregate_only_sync,confidence,300,60,5,0.0,0.003145047165609009,0.005202246595061662,0.007864035087719327,1.0,1.0,1.0,0.0,0.0,0.0,42337.5,20000.0,0.005202246595061662,0.007864035087719327,b50_lb5_k3_eps0p001,False,0.05,q95,max_ssr,0.005202246595061662
stratified_size_rep012,stratified_size,12,b50_lb5_k3_eps0p001,aggregate_only_sync,shot_proportional,300,60,5,0.0,0.003145047165609009,0.005202246595061662,0.007864035087719327,1.0,1.0,1.0,0.0,0.0,0.0,42337.5,20000.0,0.005202246595061662,0.007864035087719327,b50_lb5_k3_eps0p001,False,0.05,q95,max_ssr,0.005202246595061662
stratified_size_rep012,stratified_size,12,b50_lb5_k3_eps0p001,aggregate_only_sync,uniform,300,60,5,0.0,0.003145047165609009,0.005202246595061662,0.007864035087719327,1.0,1.0,1.0,0.0,0.0,0.0,42337.5,20000.0,0.005202246595061662,0.007864035087719327,b50_lb5_k3_eps0p001,False,0.05,q95,max_ssr,0.005202246595061662
stratified_size_rep012,stratified_size,12,b50_lb5_k3_eps0p001,hierarchical_local_aggregate,confidence,300,60,5,0.0,0.0033331656436710864,0.00516366933142911,0.007499192470095912,1.0,1.0,1.0,0.0,0.0,0.0,42100.0,20000.0,0.00516366933142911,0.007499192470095912,b50_lb5_k3_eps0p001,False,0.05,q95,max_ssr,0.00516366933142911
stratified_size_rep012,stratified_size,12,b50_lb5_k3_eps0p001,hierarchical_local_aggregate,shot_proportional,300,60,5,0.0,0.0032629662698412886,0.005419097307960321,0.007864035087719327,1.0,1.0,1.0,0.0,0.0,0.0,42100.0,20000.0,0.005419097307960321,0.007864035087719327,b50_lb5_k3_eps0p001,False,0.05,q95,max_ssr,0.005419097307960321
stratified_size_rep012,stratified_size,12,b50_lb5_k3_eps0p001,hierarchical_local_aggregate,uniform,300,60,5,0.0,0.0032710056390977604,0.005419097307960321,0.007864035087719327,1.0,1.0,1.0,0.0,0.0,0.0,42100.0,20000.0,0.005419097307960321,0.007864035087719327,b50_lb5_k3_eps0p001,False,0.05,q95,max_ssr,0.005419097307960321
stratified_size_rep012,stratified_size,12,b50_lb5_k3_eps0p001,local_only_offline_aggregate,confidence,300,60,5,0.0,0.0013540553694177467,0.003461397257453186,0.005509150326797384,1.0,1.0,1.0,0.0,0.0,0.0,56975.0,20000.0,0.003461397257453186,0.005509150326797384,b50_lb5_k3_eps0p001,False,0.05,q95,max_ssr,0.003461397257453186
stratified_size_rep012,stratified_size,12,b50_lb5_k3_eps0p001,local_only_offline_aggregate,shot_proportional,300,60,5,0.0,0.001061562415172925,0.0032813283187399555,0.005509150326797384,1.0,1.0,1.0,0.0,0.0,0.0,56975.0,20000.0,0.0032813283187399555,0.005509150326797384,b50_lb5_k3_eps0p001,False,0.05,q95,max_ssr,0.0032813283187399555
stratified_size_rep012,stratified_size,12,b50_lb5_k3_eps0p001,local_only_offline_aggregate,uniform,300,60,5,0.0,0.0011098831235884597,0.0033759044715446834,0.005509150326797384,1.0,1.0,1.0,0.0,0.0,0.0,56975.0,20000.0,0.0033759044715446834,0.005509150326797384,b50_lb5_k3_eps0p001,False,0.05,q95,max_ssr,0.0033759044715446834
stratified_size_rep013,stratified_size,13,b50_lb5_k3_eps0p001,aggregate_only_sync,confidence,300,60,5,0.0,0.003378258312779746,0.0054044488135977465,0.007864035087719327,1.0,1.0,1.0,0.0,0.0,0.0,42787.5,20000.0,0.0054044488135977465,0.007864035087719327,b50_lb5_k3_eps0p001,False,0.05,q95,max_ssr,0.0054044488135977465
stratified_size_rep013,stratified_size,13,b50_lb5_k3_eps0p001,aggregate_only_sync,shot_proportional,300,60,5,0.0,0.003378258312779746,0.0054044488135977465,0.007864035087719327,1.0,1.0,1.0,0.0,0.0,0.0,42787.5,20000.0,0.0054044488135977465,0.007864035087719327,b50_lb5_k3_eps0p001,False,0.05,q95,max_ssr,0.0054044488135977465
stratified_size_rep013,stratified_size,13,b50_lb5_k3_eps0p001,aggregate_only_sync,uniform,300,60,5,0.0,0.003378258312779746,0.0054044488135977465,0.007864035087719327,1.0,1.0,1.0,0.0,0.0,0.0,42787.5,20000.0,0.0054044488135977465,0.007864035087719327,b50_lb5_k3_eps0p001,False,0.05,q95,max_ssr,0.0054044488135977465
stratified_size_rep013,stratified_size,13,b50_lb5_k3_eps0p001,hierarchical_local_aggregate,confidence,300,60,5,0.0,0.003447333870475441,0.005333679290889772,0.007499192470095912,1.0,1.0,1.0,0.0,0.0,0.0,42787.5,20000.0,0.005333679290889772,0.007499192470095912,b50_lb5_k3_eps0p001,False,0.05,q95,max_ssr,0.005333679290889772
stratified_size_rep013,stratified_size,13,b50_lb5_k3_eps0p001,hierarchical_local_aggregate,shot_proportional,300,60,5,0.0,0.003459422245125538,0.005444619103145982,0.007864035087719327,1.0,1.0,1.0,0.0,0.0,0.0,42787.5,20000.0,0.005444619103145982,0.007864035087719327,b50_lb5_k3_eps0p001,False,0.05,q95,max_ssr,0.005444619103145982
stratified_size_rep013,stratified_size,13,b50_lb5_k3_eps0p001,hierarchical_local_aggregate,uniform,300,60,5,0.0,0.003459422245125538,0.005444012659748243,0.007864035087719327,1.0,1.0,1.0,0.0,0.0,0.0,42787.5,20000.0,0.005444012659748243,0.007864035087719327,b50_lb5_k3_eps0p001,False,0.05,q95,max_ssr,0.005444012659748243
stratified_size_rep013,stratified_size,13,b50_lb5_k3_eps0p001,local_only_offline_aggregate,confidence,300,60,5,0.0,0.0011999970560315027,0.003511166937857763,0.006558982035928122,1.0,1.0,1.0,0.0,0.0,0.0,58350.0,20000.0,0.003511166937857763,0.006558982035928122,b50_lb5_k3_eps0p001,False,0.05,q95,max_ssr,0.003511166937857763
stratified_size_rep013,stratified_size,13,b50_lb5_k3_eps0p001,local_only_offline_aggregate,shot_proportional,300,60,5,0.0,0.0008361909359214368,0.003361664923184685,0.006558982035928122,1.0,1.0,1.0,0.0,0.0,0.0,58350.0,20000.0,0.003361664923184685,0.006558982035928122,b50_lb5_k3_eps0p001,False,0.05,q95,max_ssr,0.003361664923184685
stratified_size_rep013,stratified_size,13,b50_lb5_k3_eps0p001,local_only_offline_aggregate,uniform,300,60,5,0.0,0.0008913695159186,0.003398053061304778,0.006558982035928122,1.0,1.0,1.0,0.0,0.0,0.0,58350.0,20000.0,0.003398053061304778,0.006558982035928122,b50_lb5_k3_eps0p001,False,0.05,q95,max_ssr,0.003398053061304778
stratified_size_rep014,stratified_size,14,b50_lb5_k3_eps0p001,aggregate_only_sync,confidence,300,60,5,0.0,0.0035762499999999657,0.005429879106024882,0.007864035087719327,1.0,1.0,1.0,0.0,0.0,0.0,40000.0,20000.0,0.005429879106024882,0.007864035087719327,b50_lb5_k3_eps0p001,False,0.05,q95,max_ssr,0.005429879106024882
stratified_size_rep014,stratified_size,14,b50_lb5_k3_eps0p001,aggregate_only_sync,shot_proportional,300,60,5,0.0,0.0035762499999999657,0.005429879106024882,0.007864035087719327,1.0,1.0,1.0,0.0,0.0,0.0,40000.0,20000.0,0.005429879106024882,0.007864035087719327,b50_lb5_k3_eps0p001,False,0.05,q95,max_ssr,0.005429879106024882
stratified_size_rep014,stratified_size,14,b50_lb5_k3_eps0p001,aggregate_only_sync,uniform,300,60,5,0.0,0.0035762499999999657,0.005429879106024882,0.007864035087719327,1.0,1.0,1.0,0.0,0.0,0.0,40000.0,20000.0,0.005429879106024882,0.007864035087719327,b50_lb5_k3_eps0p001,False,0.05,q95,max_ssr,0.005429879106024882
stratified_size_rep014,stratified_size,14,b50_lb5_k3_eps0p001,hierarchical_local_aggregate,confidence,300,60,5,0.0,0.0035493938260928296,0.005436264547301304,0.007499192470095912,1.0,1.0,1.0,0.0,0.0,0.0,40000.0,20000.0,0.005436264547301304,0.007499192470095912,b50_lb5_k3_eps0p001,False,0.05,q95,max_ssr,0.005436264547301304
stratified_size_rep014,stratified_size,14,b50_lb5_k3_eps0p001,hierarchical_local_aggregate,shot_proportional,300,60,5,0.0,0.0036876751000571527,0.005444619103145982,0.007864035087719327,1.0,1.0,1.0,0.0,0.0,0.0,40000.0,20000.0,0.005444619103145982,0.007864035087719327,b50_lb5_k3_eps0p001,False,0.05,q95,max_ssr,0.005444619103145982
stratified_size_rep014,stratified_size,14,b50_lb5_k3_eps0p001,hierarchical_local_aggregate,uniform,300,60,5,0.0,0.0036872231016222834,0.005444012659748243,0.007864035087719327,1.0,1.0,1.0,0.0,0.0,0.0,40000.0,20000.0,0.005444012659748243,0.007864035087719327,b50_lb5_k3_eps0p001,False,0.05,q95,max_ssr,0.005444012659748243
stratified_size_rep014,stratified_size,14,b50_lb5_k3_eps0p001,local_only_offline_aggregate,confidence,300,60,5,0.0,0.0016331208125304,0.0035161051773464963,0.006558982035928122,1.0,1.0,1.0,0.0,0.0,0.0,56175.0,20000.0,0.0035161051773464963,0.006558982035928122,b50_lb5_k3_eps0p001,False,0.05,q95,max_ssr,0.0035161051773464963
stratified_size_rep014,stratified_size,14,b50_lb5_k3_eps0p001,local_only_offline_aggregate,shot_proportional,300,60,5,0.0,0.001306021028137554,0.0033693324311890134,0.006558982035928122,1.0,1.0,1.0,0.0,0.0,0.0,56175.0,20000.0,0.0033693324311890134,0.006558982035928122,b50_lb5_k3_eps0p001,False,0.05,q95,max_ssr,0.0033693324311890134
stratified_size_rep014,stratified_size,14,b50_lb5_k3_eps0p001,local_only_offline_aggregate,uniform,300,60,5,0.0,0.001366308197688713,0.0035066003143733857,0.006558982035928122,1.0,1.0,1.0,0.0,0.0,0.0,56175.0,20000.0,0.0035066003143733857,0.006558982035928122,b50_lb5_k3_eps0p001,False,0.05,q95,max_ssr,0.0035066003143733857
stratified_size_rep015,stratified_size,15,b50_lb5_k3_eps0p001,aggregate_only_sync,confidence,300,60,5,0.0,0.0039272820429408295,0.00543755119926196,0.007864035087719327,1.0,1.0,1.0,0.0,0.0,0.0,40000.0,20000.0,0.00543755119926196,0.007864035087719327,b50_lb5_k3_eps0p001,False,0.05,q95,max_ssr,0.00543755119926196
stratified_size_rep015,stratified_size,15,b50_lb5_k3_eps0p001,aggregate_only_sync,shot_proportional,300,60,5,0.0,0.0039272820429408295,0.00543755119926196,0.007864035087719327,1.0,1.0,1.0,0.0,0.0,0.0,40000.0,20000.0,0.00543755119926196,0.007864035087719327,b50_lb5_k3_eps0p001,False,0.05,q95,max_ssr,0.00543755119926196
stratified_size_rep015,stratified_size,15,b50_lb5_k3_eps0p001,aggregate_only_sync,uniform,300,60,5,0.0,0.0039272820429408295,0.00543755119926196,0.007864035087719327,1.0,1.0,1.0,0.0,0.0,0.0,40000.0,20000.0,0.00543755119926196,0.007864035087719327,b50_lb5_k3_eps0p001,False,0.05,q95,max_ssr,0.00543755119926196
stratified_size_rep015,stratified_size,15,b50_lb5_k3_eps0p001,hierarchical_local_aggregate,confidence,300,60,5,0.0,0.004024900855239955,0.005460534694097882,0.007499192470095912,1.0,1.0,1.0,0.0,0.0,0.0,40000.0,20000.0,0.005460534694097882,0.007499192470095912,b50_lb5_k3_eps0p001,False,0.05,q95,max_ssr,0.005460534694097882
stratified_size_rep015,stratified_size,15,b50_lb5_k3_eps0p001,hierarchical_local_aggregate,shot_proportional,300,60,5,0.0,0.004084407776225031,0.00544531144067793,0.007864035087719327,1.0,1.0,1.0,0.0,0.0,0.0,40000.0,20000.0,0.00544531144067793,0.007864035087719327,b50_lb5_k3_eps0p001,False,0.05,q95,max_ssr,0.00544531144067793
stratified_size_rep015,stratified_size,15,b50_lb5_k3_eps0p001,hierarchical_local_aggregate,uniform,300,60,5,0.0,0.00407405154406202,0.00544531144067793,0.007864035087719327,1.0,1.0,1.0,0.0,0.0,0.0,40000.0,20000.0,0.00544531144067793,0.007864035087719327,b50_lb5_k3_eps0p001,False,0.05,q95,max_ssr,0.00544531144067793
stratified_size_rep015,stratified_size,15,b50_lb5_k3_eps0p001,local_only_offline_aggregate,confidence,300,60,5,0.0,0.0017500165317637087,0.0037064813874611853,0.006558982035928122,1.0,1.0,1.0,0.0,0.0,0.0,54875.0,20000.0,0.0037064813874611853,0.006558982035928122,b50_lb5_k3_eps0p001,False,0.05,q95,max_ssr,0.0037064813874611853
stratified_size_rep015,stratified_size,15,b50_lb5_k3_eps0p001,local_only_offline_aggregate,shot_proportional,300,60,5,0.0,0.0013386947518779625,0.00356653362854573,0.006558982035928122,1.0,1.0,1.0,0.0,0.0,0.0,54875.0,20000.0,0.00356653362854573,0.006558982035928122,b50_lb5_k3_eps0p001,False,0.05,q95,max_ssr,0.00356653362854573
stratified_size_rep015,stratified_size,15,b50_lb5_k3_eps0p001,local_only_offline_aggregate,uniform,300,60,5,0.0,0.001514808251785005,0.0037021229106385008,0.006558982035928122,1.0,1.0,1.0,0.0,0.0,0.0,54875.0,20000.0,0.0037021229106385008,0.006558982035928122,b50_lb5_k3_eps0p001,False,0.05,q95,max_ssr,0.0037021229106385008
stratified_size_rep016,stratified_size,16,b50_lb5_k3_eps0p001,aggregate_only_sync,confidence,300,60,5,0.0,0.00368557834441978,0.005211561112268823,0.007864035087719327,1.0,1.0,1.0,0.0,0.0,0.0,40000.0,20000.0,0.005211561112268823,0.007864035087719327,b50_lb5_k3_eps0p001,False,0.05,q95,max_ssr,0.005211561112268823
stratified_size_rep016,stratified_size,16,b50_lb5_k3_eps0p001,aggregate_only_sync,shot_proportional,300,60,5,0.0,0.00368557834441978,0.005211561112268823,0.007864035087719327,1.0,1.0,1.0,0.0,0.0,0.0,40000.0,20000.0,0.005211561112268823,0.007864035087719327,b50_lb5_k3_eps0p001,False,0.05,q95,max_ssr,0.005211561112268823
stratified_size_rep016,stratified_size,16,b50_lb5_k3_eps0p001,aggregate_only_sync,uniform,300,60,5,0.0,0.00368557834441978,0.005211561112268823,0.007864035087719327,1.0,1.0,1.0,0.0,0.0,0.0,40000.0,20000.0,0.005211561112268823,0.007864035087719327,b50_lb5_k3_eps0p001,False,0.05,q95,max_ssr,0.005211561112268823
stratified_size_rep016,stratified_size,16,b50_lb5_k3_eps0p001,hierarchical_local_aggregate,confidence,300,60,5,0.0,0.003721372000502478,0.005234736840849817,0.007499192470095912,1.0,1.0,1.0,0.0,0.0,0.0,40000.0,20000.0,0.005234736840849817,0.007499192470095912,b50_lb5_k3_eps0p001,False,0.05,q95,max_ssr,0.005234736840849817
stratified_size_rep016,stratified_size,16,b50_lb5_k3_eps0p001,hierarchical_local_aggregate,shot_proportional,300,60,5,0.0,0.003738133550925507,0.00543755119926196,0.007864035087719327,1.0,1.0,1.0,0.0,0.0,0.0,40000.0,20000.0,0.00543755119926196,0.007864035087719327,b50_lb5_k3_eps0p001,False,0.05,q95,max_ssr,0.00543755119926196
stratified_size_rep016,stratified_size,16,b50_lb5_k3_eps0p001,hierarchical_local_aggregate,uniform,300,60,5,0.0,0.003738133550925507,0.005437519642756032,0.007864035087719327,1.0,1.0,1.0,0.0,0.0,0.0,40000.0,20000.0,0.005437519642756032,0.007864035087719327,b50_lb5_k3_eps0p001,False,0.05,q95,max_ssr,0.005437519642756032
stratified_size_rep016,stratified_size,16,b50_lb5_k3_eps0p001,local_only_offline_aggregate,confidence,300,60,5,0.0,0.0016829474076965707,0.0037058150216703984,0.006558982035928122,1.0,1.0,1.0,0.0,0.0,0.0,53500.0,20000.0,0.0037058150216703984,0.006558982035928122,b50_lb5_k3_eps0p001,False,0.05,q95,max_ssr,0.0037058150216703984
stratified_size_rep016,stratified_size,16,b50_lb5_k3_eps0p001,local_only_offline_aggregate,shot_proportional,300,60,5,0.0,0.00133182694075429,0.003490832079128021,0.006558982035928122,1.0,1.0,1.0,0.0,0.0,0.0,53500.0,20000.0,0.003490832079128021,0.006558982035928122,b50_lb5_k3_eps0p001,False,0.05,q95,max_ssr,0.003490832079128021
stratified_size_rep016,stratified_size,16,b50_lb5_k3_eps0p001,local_only_offline_aggregate,uniform,300,60,5,0.0,0.0014122349691200959,0.0036985110618310167,0.006558982035928122,1.0,1.0,1.0,0.0,0.0,0.0,53500.0,20000.0,0.0036985110618310167,0.006558982035928122,b50_lb5_k3_eps0p001,False,0.05,q95,max_ssr,0.0036985110618310167
stratified_size_rep017,stratified_size,17,b50_lb5_k3_eps0p001,aggregate_only_sync,confidence,300,60,5,0.0,0.003186789455552149,0.005429879106024882,0.007864035087719327,1.0,1.0,1.0,0.0,0.0,0.0,42787.5,20000.0,0.005429879106024882,0.007864035087719327,b50_lb5_k3_eps0p001,False,0.05,q95,max_ssr,0.005429879106024882
stratified_size_rep017,stratified_size,17,b50_lb5_k3_eps0p001,aggregate_only_sync,shot_proportional,300,60,5,0.0,0.003186789455552149,0.005429879106024882,0.007864035087719327,1.0,1.0,1.0,0.0,0.0,0.0,42787.5,20000.0,0.005429879106024882,0.007864035087719327,b50_lb5_k3_eps0p001,False,0.05,q95,max_ssr,0.005429879106024882
stratified_size_rep017,stratified_size,17,b50_lb5_k3_eps0p001,aggregate_only_sync,uniform,300,60,5,0.0,0.003186789455552149,0.005429879106024882,0.007864035087719327,1.0,1.0,1.0,0.0,0.0,0.0,42787.5,20000.0,0.005429879106024882,0.007864035087719327,b50_lb5_k3_eps0p001,False,0.05,q95,max_ssr,0.005429879106024882
stratified_size_rep017,stratified_size,17,b50_lb5_k3_eps0p001,hierarchical_local_aggregate,confidence,300,60,5,0.0,0.0033331656436710864,0.005436264547301304,0.007499192470095912,1.0,1.0,1.0,0.0,0.0,0.0,42787.5,20000.0,0.005436264547301304,0.007499192470095912,b50_lb5_k3_eps0p001,False,0.05,q95,max_ssr,0.005436264547301304
stratified_size_rep017,stratified_size,17,b50_lb5_k3_eps0p001,hierarchical_local_aggregate,shot_proportional,300,60,5,0.0,0.003320000626207703,0.005449345586893039,0.007864035087719327,1.0,1.0,1.0,0.0,0.0,0.0,42787.5,20000.0,0.005449345586893039,0.007864035087719327,b50_lb5_k3_eps0p001,False,0.05,q95,max_ssr,0.005449345586893039
stratified_size_rep017,stratified_size,17,b50_lb5_k3_eps0p001,hierarchical_local_aggregate,uniform,300,60,5,0.0,0.0033186179280869353,0.00544531144067793,0.007864035087719327,1.0,1.0,1.0,0.0,0.0,0.0,42787.5,20000.0,0.00544531144067793,0.007864035087719327,b50_lb5_k3_eps0p001,False,0.05,q95,max_ssr,0.00544531144067793
stratified_size_rep017,stratified_size,17,b50_lb5_k3_eps0p001,local_only_offline_aggregate,confidence,300,60,5,0.0,0.0011673783249471301,0.003585169909319698,0.006558982035928122,1.0,1.0,1.0,0.0,0.0,0.0,59325.0,20000.0,0.003585169909319698,0.006558982035928122,b50_lb5_k3_eps0p001,False,0.05,q95,max_ssr,0.003585169909319698
stratified_size_rep017,stratified_size,17,b50_lb5_k3_eps0p001,local_only_offline_aggregate,shot_proportional,300,60,5,0.0,0.0008361909359214368,0.0033577734185937956,0.006558982035928122,1.0,1.0,1.0,0.0,0.0,0.0,59325.0,20000.0,0.0033577734185937956,0.006558982035928122,b50_lb5_k3_eps0p001,False,0.05,q95,max_ssr,0.0033577734185937956
stratified_size_rep017,stratified_size,17,b50_lb5_k3_eps0p001,local_only_offline_aggregate,uniform,300,60,5,0.0,0.0008913695159186,0.003399560018552366,0.006558982035928122,1.0,1.0,1.0,0.0,0.0,0.0,59325.0,20000.0,0.003399560018552366,0.006558982035928122,b50_lb5_k3_eps0p001,False,0.05,q95,max_ssr,0.003399560018552366
stratified_size_rep018,stratified_size,18,b50_lb5_k3_eps0p001,aggregate_only_sync,confidence,300,60,5,0.0,0.0037320360043796,0.005429879106024882,0.007864035087719327,1.0,1.0,1.0,0.0,0.0,0.0,40000.0,20000.0,0.005429879106024882,0.007864035087719327,b50_lb5_k3_eps0p001,False,0.05,q95,max_ssr,0.005429879106024882
stratified_size_rep018,stratified_size,18,b50_lb5_k3_eps0p001,aggregate_only_sync,shot_proportional,300,60,5,0.0,0.0037320360043796,0.005429879106024882,0.007864035087719327,1.0,1.0,1.0,0.0,0.0,0.0,40000.0,20000.0,0.005429879106024882,0.007864035087719327,b50_lb5_k3_eps0p001,False,0.05,q95,max_ssr,0.005429879106024882
stratified_size_rep018,stratified_size,18,b50_lb5_k3_eps0p001,aggregate_only_sync,uniform,300,60,5,0.0,0.0037320360043796,0.005429879106024882,0.007864035087719327,1.0,1.0,1.0,0.0,0.0,0.0,40000.0,20000.0,0.005429879106024882,0.007864035087719327,b50_lb5_k3_eps0p001,False,0.05,q95,max_ssr,0.005429879106024882
stratified_size_rep018,stratified_size,18,b50_lb5_k3_eps0p001,hierarchical_local_aggregate,confidence,300,60,5,0.0,0.0037986923369676207,0.005460534694097882,0.007499192470095912,1.0,1.0,1.0,0.0,0.0,0.0,40000.0,20000.0,0.005460534694097882,0.007499192470095912,b50_lb5_k3_eps0p001,False,0.05,q95,max_ssr,0.005460534694097882
stratified_size_rep018,stratified_size,18,b50_lb5_k3_eps0p001,hierarchical_local_aggregate,shot_proportional,300,60,5,0.0,0.00386280224860881,0.005444012659748243,0.007864035087719327,1.0,1.0,1.0,0.0,0.0,0.0,40000.0,20000.0,0.005444012659748243,0.007864035087719327,b50_lb5_k3_eps0p001,False,0.05,q95,max_ssr,0.005444012659748243
stratified_size_rep018,stratified_size,18,b50_lb5_k3_eps0p001,hierarchical_local_aggregate,uniform,300,60,5,0.0,0.00386280224860881,0.005444012659748243,0.007864035087719327,1.0,1.0,1.0,0.0,0.0,0.0,40000.0,20000.0,0.005444012659748243,0.007864035087719327,b50_lb5_k3_eps0p001,False,0.05,q95,max_ssr,0.005444012659748243
stratified_size_rep018,stratified_size,18,b50_lb5_k3_eps0p001,local_only_offline_aggregate,confidence,300,60,5,0.0,0.0016331208125304,0.0037064813874611853,0.006558982035928122,1.0,1.0,1.0,0.0,0.0,0.0,56000.0,20000.0,0.0037064813874611853,0.006558982035928122,b50_lb5_k3_eps0p001,False,0.05,q95,max_ssr,0.0037064813874611853
stratified_size_rep018,stratified_size,18,b50_lb5_k3_eps0p001,local_only_offline_aggregate,shot_proportional,300,60,5,0.0,0.0012668560858021597,0.00356653362854573,0.006558982035928122,1.0,1.0,1.0,0.0,0.0,0.0,56000.0,20000.0,0.00356653362854573,0.006558982035928122,b50_lb5_k3_eps0p001,False,0.05,q95,max_ssr,0.00356653362854573
stratified_size_rep018,stratified_size,18,b50_lb5_k3_eps0p001,local_only_offline_aggregate,uniform,300,60,5,0.0,0.0013891532709220922,0.0037021229106385008,0.006558982035928122,1.0,1.0,1.0,0.0,0.0,0.0,56000.0,20000.0,0.0037021229106385008,0.006558982035928122,b50_lb5_k3_eps0p001,False,0.05,q95,max_ssr,0.0037021229106385008
stratified_size_rep019,stratified_size,19,b50_lb5_k3_eps0p001,aggregate_only_sync,confidence,300,60,5,0.0,0.0034012911548792412,0.005280138454897477,0.007864035087719327,1.0,1.0,1.0,0.0,0.0,0.0,40000.0,20000.0,0.005280138454897477,0.007864035087719327,b50_lb5_k3_eps0p001,False,0.05,q95,max_ssr,0.005280138454897477
stratified_size_rep019,stratified_size,19,b50_lb5_k3_eps0p001,aggregate_only_sync,shot_proportional,300,60,5,0.0,0.0034012911548792412,0.005280138454897477,0.007864035087719327,1.0,1.0,1.0,0.0,0.0,0.0,40000.0,20000.0,0.005280138454897477,0.007864035087719327,b50_lb5_k3_eps0p001,False,0.05,q95,max_ssr,0.005280138454897477
stratified_size_rep019,stratified_size,19,b50_lb5_k3_eps0p001,aggregate_only_sync,uniform,300,60,5,0.0,0.0034012911548792412,0.005280138454897477,0.007864035087719327,1.0,1.0,1.0,0.0,0.0,0.0,40000.0,20000.0,0.005280138454897477,0.007864035087719327,b50_lb5_k3_eps0p001,False,0.05,q95,max_ssr,0.005280138454897477
stratified_size_rep019,stratified_size,19,b50_lb5_k3_eps0p001,hierarchical_local_aggregate,confidence,300,60,5,0.0,0.003447333870475441,0.005196983350106494,0.007499192470095912,1.0,1.0,1.0,0.0,0.0,0.0,40000.0,20000.0,0.005196983350106494,0.007499192470095912,b50_lb5_k3_eps0p001,False,0.05,q95,max_ssr,0.005196983350106494
stratified_size_rep019,stratified_size,19,b50_lb5_k3_eps0p001,hierarchical_local_aggregate,shot_proportional,300,60,5,0.0,0.003459422245125538,0.005404970100962182,0.007864035087719327,1.0,1.0,1.0,0.0,0.0,0.0,40000.0,20000.0,0.005404970100962182,0.007864035087719327,b50_lb5_k3_eps0p001,False,0.05,q95,max_ssr,0.005404970100962182
stratified_size_rep019,stratified_size,19,b50_lb5_k3_eps0p001,hierarchical_local_aggregate,uniform,300,60,5,0.0,0.003459422245125538,0.005404970100962182,0.007864035087719327,1.0,1.0,1.0,0.0,0.0,0.0,40000.0,20000.0,0.005404970100962182,0.007864035087719327,b50_lb5_k3_eps0p001,False,0.05,q95,max_ssr,0.005404970100962182
stratified_size_rep019,stratified_size,19,b50_lb5_k3_eps0p001,local_only_offline_aggregate,confidence,300,60,5,0.0,0.001428195367957014,0.003585169909319698,0.006558982035928122,1.0,1.0,1.0,0.0,0.0,0.0,54850.0,20000.0,0.003585169909319698,0.006558982035928122,b50_lb5_k3_eps0p001,False,0.05,q95,max_ssr,0.003585169909319698
stratified_size_rep019,stratified_size,19,b50_lb5_k3_eps0p001,local_only_offline_aggregate,shot_proportional,300,60,5,0.0,0.0011106616941850042,0.003397795616575443,0.006558982035928122,1.0,1.0,1.0,0.0,0.0,0.0,54850.0,20000.0,0.003397795616575443,0.006558982035928122,b50_lb5_k3_eps0p001,False,0.05,q95,max_ssr,0.003397795616575443
stratified_size_rep019,stratified_size,19,b50_lb5_k3_eps0p001,local_only_offline_aggregate,uniform,300,60,5,0.0,0.0011511799372692973,0.0035247890005380674,0.006558982035928122,1.0,1.0,1.0,0.0,0.0,0.0,54850.0,20000.0,0.0035247890005380674,0.006558982035928122,b50_lb5_k3_eps0p001,False,0.05,q95,max_ssr,0.0035247890005380674
stratified_size_rep020,stratified_size,20,b50_lb5_k3_eps0p001,aggregate_only_sync,confidence,300,60,5,0.0,0.0036397727272727155,0.005409192848036049,0.007864035087719327,1.0,1.0,1.0,0.0,0.0,0.0,40000.0,20000.0,0.005409192848036049,0.007864035087719327,b50_lb5_k3_eps0p001,False,0.05,q95,max_ssr,0.005409192848036049
stratified_size_rep020,stratified_size,20,b50_lb5_k3_eps0p001,aggregate_only_sync,shot_proportional,300,60,5,0.0,0.0036397727272727155,0.005409192848036049,0.007864035087719327,1.0,1.0,1.0,0.0,0.0,0.0,40000.0,20000.0,0.005409192848036049,0.007864035087719327,b50_lb5_k3_eps0p001,False,0.05,q95,max_ssr,0.005409192848036049
stratified_size_rep020,stratified_size,20,b50_lb5_k3_eps0p001,aggregate_only_sync,uniform,300,60,5,0.0,0.0036397727272727155,0.005409192848036049,0.007864035087719327,1.0,1.0,1.0,0.0,0.0,0.0,40000.0,20000.0,0.005409192848036049,0.007864035087719327,b50_lb5_k3_eps0p001,False,0.05,q95,max_ssr,0.005409192848036049
stratified_size_rep020,stratified_size,20,b50_lb5_k3_eps0p001,hierarchical_local_aggregate,confidence,300,60,5,0.0,0.003686220627084658,0.005343399259327348,0.007499192470095912,1.0,1.0,1.0,0.0,0.0,0.0,40000.0,20000.0,0.005343399259327348,0.007499192470095912,b50_lb5_k3_eps0p001,False,0.05,q95,max_ssr,0.005343399259327348
stratified_size_rep020,stratified_size,20,b50_lb5_k3_eps0p001,hierarchical_local_aggregate,shot_proportional,300,60,5,0.0,0.003700436119304069,0.005449345586893039,0.007864035087719327,1.0,1.0,1.0,0.0,0.0,0.0,40000.0,20000.0,0.005449345586893039,0.007864035087719327,b50_lb5_k3_eps0p001,False,0.05,q95,max_ssr,0.005449345586893039
stratified_size_rep020,stratified_size,20,b50_lb5_k3_eps0p001,hierarchical_local_aggregate,uniform,300,60,5,0.0,0.003697071677651359,0.005444917320765197,0.007864035087719327,1.0,1.0,1.0,0.0,0.0,0.0,40000.0,20000.0,0.005444917320765197,0.007864035087719327,b50_lb5_k3_eps0p001,False,0.05,q95,max_ssr,0.005444917320765197
stratified_size_rep020,stratified_size,20,b50_lb5_k3_eps0p001,local_only_offline_aggregate,confidence,300,60,5,0.0,0.0016331208125304,0.0037058150216703984,0.006558982035928122,1.0,1.0,1.0,0.0,0.0,0.0,56000.0,20000.0,0.0037058150216703984,0.006558982035928122,b50_lb5_k3_eps0p001,False,0.05,q95,max_ssr,0.0037058150216703984
stratified_size_rep020,stratified_size,20,b50_lb5_k3_eps0p001,local_only_offline_aggregate,shot_proportional,300,60,5,0.0,0.001250605788732654,0.003490832079128021,0.006558982035928122,1.0,1.0,1.0,0.0,0.0,0.0,56000.0,20000.0,0.003490832079128021,0.006558982035928122,b50_lb5_k3_eps0p001,False,0.05,q95,max_ssr,0.003490832079128021
stratified_size_rep020,stratified_size,20,b50_lb5_k3_eps0p001,local_only_offline_aggregate,uniform,300,60,5,0.0,0.001366308197688713,0.0036985110618310167,0.006558982035928122,1.0,1.0,1.0,0.0,0.0,0.0,56000.0,20000.0,0.0036985110618310167,0.006558982035928122,b50_lb5_k3_eps0p001,False,0.05,q95,max_ssr,0.0036985110618310167
stratified_size_rep021,stratified_size,21,b50_lb5_k3_eps0p001,aggregate_only_sync,confidence,300,60,5,0.0,0.003838958545196404,0.005409192848036049,0.007864035087719327,1.0,1.0,1.0,0.0,0.0,0.0,40000.0,20000.0,0.005409192848036049,0.007864035087719327,b50_lb5_k3_eps0p001,False,0.05,q95,max_ssr,0.005409192848036049
stratified_size_rep021,stratified_size,21,b50_lb5_k3_eps0p001,aggregate_only_sync,shot_proportional,300,60,5,0.0,0.003838958545196404,0.005409192848036049,0.007864035087719327,1.0,1.0,1.0,0.0,0.0,0.0,40000.0,20000.0,0.005409192848036049,0.007864035087719327,b50_lb5_k3_eps0p001,False,0.05,q95,max_ssr,0.005409192848036049
stratified_size_rep021,stratified_size,21,b50_lb5_k3_eps0p001,aggregate_only_sync,uniform,300,60,5,0.0,0.003838958545196404,0.005409192848036049,0.007864035087719327,1.0,1.0,1.0,0.0,0.0,0.0,40000.0,20000.0,0.005409192848036049,0.007864035087719327,b50_lb5_k3_eps0p001,False,0.05,q95,max_ssr,0.005409192848036049
stratified_size_rep021,stratified_size,21,b50_lb5_k3_eps0p001,hierarchical_local_aggregate,confidence,300,60,5,0.0,0.003841596878341818,0.005405796536364361,0.007499192470095912,1.0,1.0,1.0,0.0,0.0,0.0,40000.0,20000.0,0.005405796536364361,0.007499192470095912,b50_lb5_k3_eps0p001,False,0.05,q95,max_ssr,0.005405796536364361
stratified_size_rep021,stratified_size,21,b50_lb5_k3_eps0p001,hierarchical_local_aggregate,shot_proportional,300,60,5,0.0,0.0038905821459873854,0.005438797381807569,0.007864035087719327,1.0,1.0,1.0,0.0,0.0,0.0,40000.0,20000.0,0.005438797381807569,0.007864035087719327,b50_lb5_k3_eps0p001,False,0.05,q95,max_ssr,0.005438797381807569
stratified_size_rep021,stratified_size,21,b50_lb5_k3_eps0p001,hierarchical_local_aggregate,uniform,300,60,5,0.0,0.0038905821459873854,0.005438797381807569,0.007864035087719327,1.0,1.0,1.0,0.0,0.0,0.0,40000.0,20000.0,0.005438797381807569,0.007864035087719327,b50_lb5_k3_eps0p001,False,0.05,q95,max_ssr,0.005438797381807569
stratified_size_rep021,stratified_size,21,b50_lb5_k3_eps0p001,local_only_offline_aggregate,confidence,300,60,5,0.0,0.0017006430691413493,0.0035941951844924336,0.006558982035928122,1.0,1.0,1.0,0.0,0.0,0.0,53725.0,20000.0,0.0035941951844924336,0.006558982035928122,b50_lb5_k3_eps0p001,False,0.05,q95,max_ssr,0.0035941951844924336
stratified_size_rep021,stratified_size,21,b50_lb5_k3_eps0p001,local_only_offline_aggregate,shot_proportional,300,60,5,0.0,0.0013331251484556192,0.003394679354329399,0.006558982035928122,1.0,1.0,1.0,0.0,0.0,0.0,53725.0,20000.0,0.003394679354329399,0.006558982035928122,b50_lb5_k3_eps0p001,False,0.05,q95,max_ssr,0.003394679354329399
stratified_size_rep021,stratified_size,21,b50_lb5_k3_eps0p001,local_only_offline_aggregate,uniform,300,60,5,0.0,0.001480143754130857,0.0035088881308558495,0.006558982035928122,1.0,1.0,1.0,0.0,0.0,0.0,53725.0,20000.0,0.0035088881308558495,0.006558982035928122,b50_lb5_k3_eps0p001,False,0.05,q95,max_ssr,0.0035088881308558495
stratified_size_rep022,stratified_size,22,b50_lb5_k3_eps0p001,aggregate_only_sync,confidence,300,60,5,0.0,0.003459422245125538,0.005409192848036049,0.007864035087719327,1.0,1.0,1.0,0.0,0.0,0.0,40000.0,20000.0,0.005409192848036049,0.007864035087719327,b50_lb5_k3_eps0p001,False,0.05,q95,max_ssr,0.005409192848036049
stratified_size_rep022,stratified_size,22,b50_lb5_k3_eps0p001,aggregate_only_sync,shot_proportional,300,60,5,0.0,0.003459422245125538,0.005409192848036049,0.007864035087719327,1.0,1.0,1.0,0.0,0.0,0.0,40000.0,20000.0,0.005409192848036049,0.007864035087719327,b50_lb5_k3_eps0p001,False,0.05,q95,max_ssr,0.005409192848036049
stratified_size_rep022,stratified_size,22,b50_lb5_k3_eps0p001,aggregate_only_sync,uniform,300,60,5,0.0,0.003459422245125538,0.005409192848036049,0.007864035087719327,1.0,1.0,1.0,0.0,0.0,0.0,40000.0,20000.0,0.005409192848036049,0.007864035087719327,b50_lb5_k3_eps0p001,False,0.05,q95,max_ssr,0.005409192848036049
stratified_size_rep022,stratified_size,22,b50_lb5_k3_eps0p001,hierarchical_local_aggregate,confidence,300,60,5,0.0,0.0035165134664215066,0.005343399259327348,0.007499192470095912,1.0,1.0,1.0,0.0,0.0,0.0,40000.0,20000.0,0.005343399259327348,0.007499192470095912,b50_lb5_k3_eps0p001,False,0.05,q95,max_ssr,0.005343399259327348
stratified_size_rep022,stratified_size,22,b50_lb5_k3_eps0p001,hierarchical_local_aggregate,shot_proportional,300,60,5,0.0,0.003591022727272688,0.005449345586893039,0.007864035087719327,1.0,1.0,1.0,0.0,0.0,0.0,40000.0,20000.0,0.005449345586893039,0.007864035087719327,b50_lb5_k3_eps0p001,False,0.05,q95,max_ssr,0.005449345586893039
stratified_size_rep022,stratified_size,22,b50_lb5_k3_eps0p001,hierarchical_local_aggregate,uniform,300,60,5,0.0,0.003591022727272688,0.005444917320765197,0.007864035087719327,1.0,1.0,1.0,0.0,0.0,0.0,40000.0,20000.0,0.005444917320765197,0.007864035087719327,b50_lb5_k3_eps0p001,False,0.05,q95,max_ssr,0.005444917320765197
stratified_size_rep022,stratified_size,22,b50_lb5_k3_eps0p001,local_only_offline_aggregate,confidence,300,60,5,0.0,0.0013800254754931086,0.0037058150216703984,0.006558982035928122,1.0,1.0,1.0,0.0,0.0,0.0,54275.0,20000.0,0.0037058150216703984,0.006558982035928122,b50_lb5_k3_eps0p001,False,0.05,q95,max_ssr,0.0037058150216703984
stratified_size_rep022,stratified_size,22,b50_lb5_k3_eps0p001,local_only_offline_aggregate,shot_proportional,300,60,5,0.0,0.0010965637884652925,0.003490832079128021,0.006558982035928122,1.0,1.0,1.0,0.0,0.0,0.0,54275.0,20000.0,0.003490832079128021,0.006558982035928122,b50_lb5_k3_eps0p001,False,0.05,q95,max_ssr,0.003490832079128021
stratified_size_rep022,stratified_size,22,b50_lb5_k3_eps0p001,local_only_offline_aggregate,uniform,300,60,5,0.0,0.0011477025116908737,0.0036985110618310167,0.006558982035928122,1.0,1.0,1.0,0.0,0.0,0.0,54275.0,20000.0,0.0036985110618310167,0.006558982035928122,b50_lb5_k3_eps0p001,False,0.05,q95,max_ssr,0.0036985110618310167
stratified_size_rep023,stratified_size,23,b50_lb5_k3_eps0p001,aggregate_only_sync,confidence,300,60,5,0.0,0.0033732393659710964,0.005429879106024882,0.007864035087719327,1.0,1.0,1.0,0.0,0.0,0.0,40000.0,20000.0,0.005429879106024882,0.007864035087719327,b50_lb5_k3_eps0p001,False,0.05,q95,max_ssr,0.005429879106024882
stratified_size_rep023,stratified_size,23,b50_lb5_k3_eps0p001,aggregate_only_sync,shot_proportional,300,60,5,0.0,0.0033732393659710964,0.005429879106024882,0.007864035087719327,1.0,1.0,1.0,0.0,0.0,0.0,40000.0,20000.0,0.005429879106024882,0.007864035087719327,b50_lb5_k3_eps0p001,False,0.05,q95,max_ssr,0.005429879106024882
stratified_size_rep023,stratified_size,23,b50_lb5_k3_eps0p001,aggregate_only_sync,uniform,300,60,5,0.0,0.0033732393659710964,0.005429879106024882,0.007864035087719327,1.0,1.0,1.0,0.0,0.0,0.0,40000.0,20000.0,0.005429879106024882,0.007864035087719327,b50_lb5_k3_eps0p001,False,0.05,q95,max_ssr,0.005429879106024882
stratified_size_rep023,stratified_size,23,b50_lb5_k3_eps0p001,hierarchical_local_aggregate,confidence,300,60,5,0.0,0.0033998899645491763,0.005438021901065516,0.007499192470095912,1.0,1.0,1.0,0.0,0.0,0.0,40000.0,20000.0,0.005438021901065516,0.007499192470095912,b50_lb5_k3_eps0p001,False,0.05,q95,max_ssr,0.005438021901065516
stratified_size_rep023,stratified_size,23,b50_lb5_k3_eps0p001,hierarchical_local_aggregate,shot_proportional,300,60,5,0.0,0.0033732393659710964,0.005444917320765197,0.007864035087719327,1.0,1.0,1.0,0.0,0.0,0.0,40000.0,20000.0,0.005444917320765197,0.007864035087719327,b50_lb5_k3_eps0p001,False,0.05,q95,max_ssr,0.005444917320765197
stratified_size_rep023,stratified_size,23,b50_lb5_k3_eps0p001,hierarchical_local_aggregate,uniform,300,60,5,0.0,0.0033732393659710964,0.005444917320765197,0.007864035087719327,1.0,1.0,1.0,0.0,0.0,0.0,40000.0,20000.0,0.005444917320765197,0.007864035087719327,b50_lb5_k3_eps0p001,False,0.05,q95,max_ssr,0.005444917320765197
stratified_size_rep023,stratified_size,23,b50_lb5_k3_eps0p001,local_only_offline_aggregate,confidence,300,60,5,0.0,0.0013800254754931086,0.0034701346215603016,0.006558982035928122,1.0,1.0,1.0,0.0,0.0,0.0,56000.0,20000.0,0.0034701346215603016,0.006558982035928122,b50_lb5_k3_eps0p001,False,0.05,q95,max_ssr,0.0034701346215603016
stratified_size_rep023,stratified_size,23,b50_lb5_k3_eps0p001,local_only_offline_aggregate,shot_proportional,300,60,5,0.0,0.0011386470070841122,0.0033693324311890134,0.006558982035928122,1.0,1.0,1.0,0.0,0.0,0.0,56000.0,20000.0,0.0033693324311890134,0.006558982035928122,b50_lb5_k3_eps0p001,False,0.05,q95,max_ssr,0.0033693324311890134
stratified_size_rep023,stratified_size,23,b50_lb5_k3_eps0p001,local_only_offline_aggregate,uniform,300,60,5,0.0,0.001188486969942044,0.0035066003143733857,0.006558982035928122,1.0,1.0,1.0,0.0,0.0,0.0,56000.0,20000.0,0.0035066003143733857,0.006558982035928122,b50_lb5_k3_eps0p001,False,0.05,q95,max_ssr,0.0035066003143733857
stratified_size_rep024,stratified_size,24,b50_lb5_k3_eps0p001,aggregate_only_sync,confidence,300,60,5,0.0,0.0036921374060438494,0.005283771693157979,0.006558982035928122,1.0,1.0,1.0,0.0,0.0,0.0,40000.0,20000.0,0.005283771693157979,0.006558982035928122,b50_lb5_k3_eps0p001,False,0.05,q95,max_ssr,0.005283771693157979
stratified_size_rep024,stratified_size,24,b50_lb5_k3_eps0p001,aggregate_only_sync,shot_proportional,300,60,5,0.0,0.0036921374060438494,0.005283771693157979,0.006558982035928122,1.0,1.0,1.0,0.0,0.0,0.0,40000.0,20000.0,0.005283771693157979,0.006558982035928122,b50_lb5_k3_eps0p001,False,0.05,q95,max_ssr,0.005283771693157979
stratified_size_rep024,stratified_size,24,b50_lb5_k3_eps0p001,aggregate_only_sync,uniform,300,60,5,0.0,0.0036921374060438494,0.005283771693157979,0.006558982035928122,1.0,1.0,1.0,0.0,0.0,0.0,40000.0,20000.0,0.005283771693157979,0.006558982035928122,b50_lb5_k3_eps0p001,False,0.05,q95,max_ssr,0.005283771693157979
stratified_size_rep024,stratified_size,24,b50_lb5_k3_eps0p001,hierarchical_local_aggregate,confidence,300,60,5,0.0,0.0037986923369676207,0.005337118212713196,0.007229347070130044,1.0,1.0,1.0,0.0,0.0,0.0,40000.0,20000.0,0.005337118212713196,0.007229347070130044,b50_lb5_k3_eps0p001,False,0.05,q95,max_ssr,0.005337118212713196
stratified_size_rep024,stratified_size,24,b50_lb5_k3_eps0p001,hierarchical_local_aggregate,shot_proportional,300,60,5,0.0,0.00386280224860881,0.00543881812496087,0.006558982035928122,1.0,1.0,1.0,0.0,0.0,0.0,40000.0,20000.0,0.00543881812496087,0.006558982035928122,b50_lb5_k3_eps0p001,False,0.05,q95,max_ssr,0.00543881812496087
stratified_size_rep024,stratified_size,24,b50_lb5_k3_eps0p001,hierarchical_local_aggregate,uniform,300,60,5,0.0,0.00386280224860881,0.005437924411627181,0.006558982035928122,1.0,1.0,1.0,0.0,0.0,0.0,40000.0,20000.0,0.005437924411627181,0.006558982035928122,b50_lb5_k3_eps0p001,False,0.05,q95,max_ssr,0.005437924411627181
stratified_size_rep024,stratified_size,24,b50_lb5_k3_eps0p001,local_only_offline_aggregate,confidence,300,60,5,0.0,0.0017671992730518516,0.0038468410130353373,0.006558982035928122,1.0,1.0,1.0,0.0,0.0,0.0,53150.0,20000.0,0.0038468410130353373,0.006558982035928122,b50_lb5_k3_eps0p001,False,0.05,q95,max_ssr,0.0038468410130353373
stratified_size_rep024,stratified_size,24,b50_lb5_k3_eps0p001,local_only_offline_aggregate,shot_proportional,300,60,5,0.0,0.0013772377836843144,0.00356653362854573,0.006558982035928122,1.0,1.0,1.0,0.0,0.0,0.0,53150.0,20000.0,0.00356653362854573,0.006558982035928122,b50_lb5_k3_eps0p001,False,0.05,q95,max_ssr,0.00356653362854573
stratified_size_rep024,stratified_size,24,b50_lb5_k3_eps0p001,local_only_offline_aggregate,uniform,300,60,5,0.0,0.0015833349753746305,0.0037021229106385008,0.006558982035928122,1.0,1.0,1.0,0.0,0.0,0.0,53150.0,20000.0,0.0037021229106385008,0.006558982035928122,b50_lb5_k3_eps0p001,False,0.05,q95,max_ssr,0.0037021229106385008
stratified_size_rep025,stratified_size,25,b50_lb5_k3_eps0p001,aggregate_only_sync,confidence,300,60,5,0.0,0.003490444972398269,0.005313209739818092,0.007864035087719327,1.0,1.0,1.0,0.0,0.0,0.0,42337.5,20000.0,0.005313209739818092,0.007864035087719327,b50_lb5_k3_eps0p001,False,0.05,q95,max_ssr,0.005313209739818092
stratified_size_rep025,stratified_size,25,b50_lb5_k3_eps0p001,aggregate_only_sync,shot_proportional,300,60,5,0.0,0.003490444972398269,0.005313209739818092,0.007864035087719327,1.0,1.0,1.0,0.0,0.0,0.0,42337.5,20000.0,0.005313209739818092,0.007864035087719327,b50_lb5_k3_eps0p001,False,0.05,q95,max_ssr,0.005313209739818092
stratified_size_rep025,stratified_size,25,b50_lb5_k3_eps0p001,aggregate_only_sync,uniform,300,60,5,0.0,0.003490444972398269,0.005313209739818092,0.007864035087719327,1.0,1.0,1.0,0.0,0.0,0.0,42337.5,20000.0,0.005313209739818092,0.007864035087719327,b50_lb5_k3_eps0p001,False,0.05,q95,max_ssr,0.005313209739818092
stratified_size_rep025,stratified_size,25,b50_lb5_k3_eps0p001,hierarchical_local_aggregate,confidence,300,60,5,0.0,0.003643267727469141,0.005268281754110139,0.007499192470095912,1.0,1.0,1.0,0.0,0.0,0.0,42100.0,20000.0,0.005268281754110139,0.007499192470095912,b50_lb5_k3_eps0p001,False,0.05,q95,max_ssr,0.005268281754110139
stratified_size_rep025,stratified_size,25,b50_lb5_k3_eps0p001,hierarchical_local_aggregate,shot_proportional,300,60,5,0.0,0.0036921374060438494,0.00543755119926196,0.007864035087719327,1.0,1.0,1.0,0.0,0.0,0.0,42100.0,20000.0,0.00543755119926196,0.007864035087719327,b50_lb5_k3_eps0p001,False,0.05,q95,max_ssr,0.00543755119926196
stratified_size_rep025,stratified_size,25,b50_lb5_k3_eps0p001,hierarchical_local_aggregate,uniform,300,60,5,0.0,0.0036921374060438494,0.005437519642756032,0.007864035087719327,1.0,1.0,1.0,0.0,0.0,0.0,42100.0,20000.0,0.005437519642756032,0.007864035087719327,b50_lb5_k3_eps0p001,False,0.05,q95,max_ssr,0.005437519642756032
stratified_size_rep025,stratified_size,25,b50_lb5_k3_eps0p001,local_only_offline_aggregate,confidence,300,60,5,0.0,0.0011673783249471301,0.003585169909319698,0.006056896551724079,1.0,1.0,1.0,0.0,0.0,0.0,58350.0,20000.0,0.003585169909319698,0.006056896551724079,b50_lb5_k3_eps0p001,False,0.05,q95,max_ssr,0.003585169909319698
stratified_size_rep025,stratified_size,25,b50_lb5_k3_eps0p001,local_only_offline_aggregate,shot_proportional,300,60,5,0.0,0.0008361909359214368,0.0033565230501882543,0.006056896551724079,1.0,1.0,1.0,0.0,0.0,0.0,58350.0,20000.0,0.0033565230501882543,0.006056896551724079,b50_lb5_k3_eps0p001,False,0.05,q95,max_ssr,0.0033565230501882543
stratified_size_rep025,stratified_size,25,b50_lb5_k3_eps0p001,local_only_offline_aggregate,uniform,300,60,5,0.0,0.0008913695159186,0.0035066003143733857,0.006056896551724079,1.0,1.0,1.0,0.0,0.0,0.0,58350.0,20000.0,0.0035066003143733857,0.006056896551724079,b50_lb5_k3_eps0p001,False,0.05,q95,max_ssr,0.0035066003143733857
stratified_size_rep026,stratified_size,26,b50_lb5_k3_eps0p001,aggregate_only_sync,confidence,300,60,5,0.0,0.0038939019247772656,0.005429879106024882,0.007864035087719327,1.0,1.0,1.0,0.0,0.0,0.0,40000.0,20000.0,0.005429879106024882,0.007864035087719327,b50_lb5_k3_eps0p001,False,0.05,q95,max_ssr,0.005429879106024882
stratified_size_rep026,stratified_size,26,b50_lb5_k3_eps0p001,aggregate_only_sync,shot_proportional,300,60,5,0.0,0.0038939019247772656,0.005429879106024882,0.007864035087719327,1.0,1.0,1.0,0.0,0.0,0.0,40000.0,20000.0,0.005429879106024882,0.007864035087719327,b50_lb5_k3_eps0p001,False,0.05,q95,max_ssr,0.005429879106024882
stratified_size_rep026,stratified_size,26,b50_lb5_k3_eps0p001,aggregate_only_sync,uniform,300,60,5,0.0,0.0038939019247772656,0.005429879106024882,0.007864035087719327,1.0,1.0,1.0,0.0,0.0,0.0,40000.0,20000.0,0.005429879106024882,0.007864035087719327,b50_lb5_k3_eps0p001,False,0.05,q95,max_ssr,0.005429879106024882
stratified_size_rep026,stratified_size,26,b50_lb5_k3_eps0p001,hierarchical_local_aggregate,confidence,300,60,5,0.0,0.0040386557529917665,0.005438021901065516,0.007499192470095912,1.0,1.0,1.0,0.0,0.0,0.0,40000.0,20000.0,0.005438021901065516,0.007499192470095912,b50_lb5_k3_eps0p001,False,0.05,q95,max_ssr,0.005438021901065516
stratified_size_rep026,stratified_size,26,b50_lb5_k3_eps0p001,hierarchical_local_aggregate,shot_proportional,300,60,5,0.0,0.004124952783481868,0.005462725746268716,0.007864035087719327,1.0,1.0,1.0,0.0,0.0,0.0,40000.0,20000.0,0.005462725746268716,0.007864035087719327,b50_lb5_k3_eps0p001,False,0.05,q95,max_ssr,0.005462725746268716
stratified_size_rep026,stratified_size,26,b50_lb5_k3_eps0p001,hierarchical_local_aggregate,uniform,300,60,5,0.0,0.00409244476135222,0.005462725746268716,0.007864035087719327,1.0,1.0,1.0,0.0,0.0,0.0,40000.0,20000.0,0.005462725746268716,0.007864035087719327,b50_lb5_k3_eps0p001,False,0.05,q95,max_ssr,0.005462725746268716
stratified_size_rep026,stratified_size,26,b50_lb5_k3_eps0p001,local_only_offline_aggregate,confidence,300,60,5,0.0,0.0017500165317637087,0.0037058150216703984,0.006558982035928122,1.0,1.0,1.0,0.0,0.0,0.0,55350.0,20000.0,0.0037058150216703984,0.006558982035928122,b50_lb5_k3_eps0p001,False,0.05,q95,max_ssr,0.0037058150216703984
stratified_size_rep026,stratified_size,26,b50_lb5_k3_eps0p001,local_only_offline_aggregate,shot_proportional,300,60,5,0.0,0.0013386947518779625,0.003490832079128021,0.006558982035928122,1.0,1.0,1.0,0.0,0.0,0.0,55350.0,20000.0,0.003490832079128021,0.006558982035928122,b50_lb5_k3_eps0p001,False,0.05,q95,max_ssr,0.003490832079128021
stratified_size_rep026,stratified_size,26,b50_lb5_k3_eps0p001,local_only_offline_aggregate,uniform,300,60,5,0.0,0.0014892448829061274,0.0036985110618310167,0.006558982035928122,1.0,1.0,1.0,0.0,0.0,0.0,55350.0,20000.0,0.0036985110618310167,0.006558982035928122,b50_lb5_k3_eps0p001,False,0.05,q95,max_ssr,0.0036985110618310167
stratified_size_rep027,stratified_size,27,b50_lb5_k3_eps0p001,aggregate_only_sync,confidence,300,60,5,0.0,0.0033732393659710964,0.005409192848036049,0.007864035087719327,1.0,1.0,1.0,0.0,0.0,0.0,40000.0,20000.0,0.005409192848036049,0.007864035087719327,b50_lb5_k3_eps0p001,False,0.05,q95,max_ssr,0.005409192848036049
stratified_size_rep027,stratified_size,27,b50_lb5_k3_eps0p001,aggregate_only_sync,shot_proportional,300,60,5,0.0,0.0033732393659710964,0.005409192848036049,0.007864035087719327,1.0,1.0,1.0,0.0,0.0,0.0,40000.0,20000.0,0.005409192848036049,0.007864035087719327,b50_lb5_k3_eps0p001,False,0.05,q95,max_ssr,0.005409192848036049
stratified_size_rep027,stratified_size,27,b50_lb5_k3_eps0p001,aggregate_only_sync,uniform,300,60,5,0.0,0.0033732393659710964,0.005409192848036049,0.007864035087719327,1.0,1.0,1.0,0.0,0.0,0.0,40000.0,20000.0,0.005409192848036049,0.007864035087719327,b50_lb5_k3_eps0p001,False,0.05,q95,max_ssr,0.005409192848036049
stratified_size_rep027,stratified_size,27,b50_lb5_k3_eps0p001,hierarchical_local_aggregate,confidence,300,60,5,0.0,0.003447333870475441,0.005343399259327348,0.007499192470095912,1.0,1.0,1.0,0.0,0.0,0.0,40000.0,20000.0,0.005343399259327348,0.007499192470095912,b50_lb5_k3_eps0p001,False,0.05,q95,max_ssr,0.005343399259327348
stratified_size_rep027,stratified_size,27,b50_lb5_k3_eps0p001,hierarchical_local_aggregate,shot_proportional,300,60,5,0.0,0.003434817073170714,0.005449345586893039,0.007864035087719327,1.0,1.0,1.0,0.0,0.0,0.0,40000.0,20000.0,0.005449345586893039,0.007864035087719327,b50_lb5_k3_eps0p001,False,0.05,q95,max_ssr,0.005449345586893039
stratified_size_rep027,stratified_size,27,b50_lb5_k3_eps0p001,hierarchical_local_aggregate,uniform,300,60,5,0.0,0.003434817073170714,0.005444917320765197,0.007864035087719327,1.0,1.0,1.0,0.0,0.0,0.0,40000.0,20000.0,0.005444917320765197,0.007864035087719327,b50_lb5_k3_eps0p001,False,0.05,q95,max_ssr,0.005444917320765197
stratified_size_rep027,stratified_size,27,b50_lb5_k3_eps0p001,local_only_offline_aggregate,confidence,300,60,5,0.0,0.0015511649413346045,0.0035161051773464963,0.006558982035928122,1.0,1.0,1.0,0.0,0.0,0.0,56000.0,20000.0,0.0035161051773464963,0.006558982035928122,b50_lb5_k3_eps0p001,False,0.05,q95,max_ssr,0.0035161051773464963
stratified_size_rep027,stratified_size,27,b50_lb5_k3_eps0p001,local_only_offline_aggregate,shot_proportional,300,60,5,0.0,0.0012357992266724906,0.0033693324311890134,0.006558982035928122,1.0,1.0,1.0,0.0,0.0,0.0,56000.0,20000.0,0.0033693324311890134,0.006558982035928122,b50_lb5_k3_eps0p001,False,0.05,q95,max_ssr,0.0033693324311890134
stratified_size_rep027,stratified_size,27,b50_lb5_k3_eps0p001,local_only_offline_aggregate,uniform,300,60,5,0.0,0.0012439306000373313,0.0035066003143733857,0.006558982035928122,1.0,1.0,1.0,0.0,0.0,0.0,56000.0,20000.0,0.0035066003143733857,0.006558982035928122,b50_lb5_k3_eps0p001,False,0.05,q95,max_ssr,0.0035066003143733857
stratified_size_rep028,stratified_size,28,b50_lb5_k3_eps0p001,aggregate_only_sync,confidence,300,60,5,0.0,0.003234284584086799,0.005284628965164908,0.007864035087719327,1.0,1.0,1.0,0.0,0.0,0.0,40000.0,20000.0,0.005284628965164908,0.007864035087719327,b50_lb5_k3_eps0p001,False,0.05,q95,max_ssr,0.005284628965164908
stratified_size_rep028,stratified_size,28,b50_lb5_k3_eps0p001,aggregate_only_sync,shot_proportional,300,60,5,0.0,0.003234284584086799,0.005284628965164908,0.007864035087719327,1.0,1.0,1.0,0.0,0.0,0.0,40000.0,20000.0,0.005284628965164908,0.007864035087719327,b50_lb5_k3_eps0p001,False,0.05,q95,max_ssr,0.005284628965164908
stratified_size_rep028,stratified_size,28,b50_lb5_k3_eps0p001,aggregate_only_sync,uniform,300,60,5,0.0,0.003234284584086799,0.005284628965164908,0.007864035087719327,1.0,1.0,1.0,0.0,0.0,0.0,40000.0,20000.0,0.005284628965164908,0.007864035087719327,b50_lb5_k3_eps0p001,False,0.05,q95,max_ssr,0.005284628965164908
stratified_size_rep028,stratified_size,28,b50_lb5_k3_eps0p001,hierarchical_local_aggregate,confidence,300,60,5,0.0,0.0033331656436710864,0.005196983350106494,0.007499192470095912,1.0,1.0,1.0,0.0,0.0,0.0,40000.0,20000.0,0.005196983350106494,0.007499192470095912,b50_lb5_k3_eps0p001,False,0.05,q95,max_ssr,0.005196983350106494
stratified_size_rep028,stratified_size,28,b50_lb5_k3_eps0p001,hierarchical_local_aggregate,shot_proportional,300,60,5,0.0,0.0033199755459508815,0.005419097307960321,0.007864035087719327,1.0,1.0,1.0,0.0,0.0,0.0,40000.0,20000.0,0.005419097307960321,0.007864035087719327,b50_lb5_k3_eps0p001,False,0.05,q95,max_ssr,0.005419097307960321
stratified_size_rep028,stratified_size,28,b50_lb5_k3_eps0p001,hierarchical_local_aggregate,uniform,300,60,5,0.0,0.003318592847830114,0.005419097307960321,0.007864035087719327,1.0,1.0,1.0,0.0,0.0,0.0,40000.0,20000.0,0.005419097307960321,0.007864035087719327,b50_lb5_k3_eps0p001,False,0.05,q95,max_ssr,0.005419097307960321
stratified_size_rep028,stratified_size,28,b50_lb5_k3_eps0p001,local_only_offline_aggregate,confidence,300,60,5,0.0,0.0011999970560315027,0.0034933491431411844,0.006558982035928122,1.0,1.0,1.0,0.0,0.0,0.0,56625.0,20000.0,0.0034933491431411844,0.006558982035928122,b50_lb5_k3_eps0p001,False,0.05,q95,max_ssr,0.0034933491431411844
stratified_size_rep028,stratified_size,28,b50_lb5_k3_eps0p001,local_only_offline_aggregate,shot_proportional,300,60,5,0.0,0.0009271111098421733,0.0033693324311890134,0.006558982035928122,1.0,1.0,1.0,0.0,0.0,0.0,56625.0,20000.0,0.0033693324311890134,0.006558982035928122,b50_lb5_k3_eps0p001,False,0.05,q95,max_ssr,0.0033693324311890134
stratified_size_rep028,stratified_size,28,b50_lb5_k3_eps0p001,local_only_offline_aggregate,uniform,300,60,5,0.0,0.0009632383265121939,0.0034938689963514295,0.006558982035928122,1.0,1.0,1.0,0.0,0.0,0.0,56625.0,20000.0,0.0034938689963514295,0.006558982035928122,b50_lb5_k3_eps0p001,False,0.05,q95,max_ssr,0.0034938689963514295
stratified_size_rep029,stratified_size,29,b50_lb5_k3_eps0p001,aggregate_only_sync,confidence,300,60,5,0.0,0.004130266672328301,0.00543755119926196,0.007864035087719327,1.0,1.0,1.0,0.0,0.0,0.0,40000.0,20000.0,0.00543755119926196,0.007864035087719327,b50_lb5_k3_eps0p001,False,0.05,q95,max_ssr,0.00543755119926196
stratified_size_rep029,stratified_size,29,b50_lb5_k3_eps0p001,aggregate_only_sync,shot_proportional,300,60,5,0.0,0.004130266672328301,0.00543755119926196,0.007864035087719327,1.0,1.0,1.0,0.0,0.0,0.0,40000.0,20000.0,0.00543755119926196,0.007864035087719327,b50_lb5_k3_eps0p001,False,0.05,q95,max_ssr,0.00543755119926196
stratified_size_rep029,stratified_size,29,b50_lb5_k3_eps0p001,aggregate_only_sync,uniform,300,60,5,0.0,0.004130266672328301,0.00543755119926196,0.007864035087719327,1.0,1.0,1.0,0.0,0.0,0.0,40000.0,20000.0,0.00543755119926196,0.007864035087719327,b50_lb5_k3_eps0p001,False,0.05,q95,max_ssr,0.00543755119926196
stratified_size_rep029,stratified_size,29,b50_lb5_k3_eps0p001,hierarchical_local_aggregate,confidence,300,60,5,0.0,0.004115922989692631,0.005460534694097882,0.007499192470095912,1.0,1.0,1.0,0.0,0.0,0.0,40000.0,20000.0,0.005460534694097882,0.007499192470095912,b50_lb5_k3_eps0p001,False,0.05,q95,max_ssr,0.005460534694097882
stratified_size_rep029,stratified_size,29,b50_lb5_k3_eps0p001,hierarchical_local_aggregate,shot_proportional,300,60,5,0.0,0.004251994720965304,0.005462725746268716,0.007864035087719327,1.0,1.0,1.0,0.0,0.0,0.0,40000.0,20000.0,0.005462725746268716,0.007864035087719327,b50_lb5_k3_eps0p001,False,0.05,q95,max_ssr,0.005462725746268716
stratified_size_rep029,stratified_size,29,b50_lb5_k3_eps0p001,hierarchical_local_aggregate,uniform,300,60,5,0.0,0.004251994720965304,0.005462725746268716,0.007864035087719327,1.0,1.0,1.0,0.0,0.0,0.0,40000.0,20000.0,0.005462725746268716,0.007864035087719327,b50_lb5_k3_eps0p001,False,0.05,q95,max_ssr,0.005462725746268716
stratified_size_rep029,stratified_size,29,b50_lb5_k3_eps0p001,local_only_offline_aggregate,confidence,300,60,5,0.0,0.0017221016832160028,0.0038468410130353373,0.006558982035928122,1.0,1.0,1.0,0.0,0.0,0.0,56175.0,20000.0,0.0038468410130353373,0.006558982035928122,b50_lb5_k3_eps0p001,False,0.05,q95,max_ssr,0.0038468410130353373
stratified_size_rep029,stratified_size,29,b50_lb5_k3_eps0p001,local_only_offline_aggregate,shot_proportional,300,60,5,0.0,0.0013331251484556192,0.00356653362854573,0.006558982035928122,1.0,1.0,1.0,0.0,0.0,0.0,56175.0,20000.0,0.00356653362854573,0.006558982035928122,b50_lb5_k3_eps0p001,False,0.05,q95,max_ssr,0.00356653362854573
stratified_size_rep029,stratified_size,29,b50_lb5_k3_eps0p001,local_only_offline_aggregate,uniform,300,60,5,0.0,0.0014892448829061274,0.0037021229106385008,0.006558982035928122,1.0,1.0,1.0,0.0,0.0,0.0,56175.0,20000.0,0.0037021229106385008,0.006558982035928122,b50_lb5_k3_eps0p001,False,0.05,q95,max_ssr,0.0037021229106385008
stratified_size_rep030,stratified_size,30,b50_lb5_k3_eps0p001,aggregate_only_sync,confidence,300,60,5,0.0,0.0036397727272727155,0.005429879106024882,0.007864035087719327,1.0,1.0,1.0,0.0,0.0,0.0,40000.0,20000.0,0.005429879106024882,0.007864035087719327,b50_lb5_k3_eps0p001,False,0.05,q95,max_ssr,0.005429879106024882
stratified_size_rep030,stratified_size,30,b50_lb5_k3_eps0p001,aggregate_only_sync,shot_proportional,300,60,5,0.0,0.0036397727272727155,0.005429879106024882,0.007864035087719327,1.0,1.0,1.0,0.0,0.0,0.0,40000.0,20000.0,0.005429879106024882,0.007864035087719327,b50_lb5_k3_eps0p001,False,0.05,q95,max_ssr,0.005429879106024882
stratified_size_rep030,stratified_size,30,b50_lb5_k3_eps0p001,aggregate_only_sync,uniform,300,60,5,0.0,0.0036397727272727155,0.005429879106024882,0.007864035087719327,1.0,1.0,1.0,0.0,0.0,0.0,40000.0,20000.0,0.005429879106024882,0.007864035087719327,b50_lb5_k3_eps0p001,False,0.05,q95,max_ssr,0.005429879106024882
stratified_size_rep030,stratified_size,30,b50_lb5_k3_eps0p001,hierarchical_local_aggregate,confidence,300,60,5,0.0,0.003686220627084658,0.005438021901065516,0.007499192470095912,1.0,1.0,1.0,0.0,0.0,0.0,40000.0,20000.0,0.005438021901065516,0.007499192470095912,b50_lb5_k3_eps0p001,False,0.05,q95,max_ssr,0.005438021901065516
stratified_size_rep030,stratified_size,30,b50_lb5_k3_eps0p001,hierarchical_local_aggregate,shot_proportional,300,60,5,0.0,0.003744158889969811,0.005462725746268716,0.007864035087719327,1.0,1.0,1.0,0.0,0.0,0.0,40000.0,20000.0,0.005462725746268716,0.007864035087719327,b50_lb5_k3_eps0p001,False,0.05,q95,max_ssr,0.005462725746268716
stratified_size_rep030,stratified_size,30,b50_lb5_k3_eps0p001,hierarchical_local_aggregate,uniform,300,60,5,0.0,0.003738133550925507,0.005462725746268716,0.007864035087719327,1.0,1.0,1.0,0.0,0.0,0.0,40000.0,20000.0,0.005462725746268716,0.007864035087719327,b50_lb5_k3_eps0p001,False,0.05,q95,max_ssr,0.005462725746268716
stratified_size_rep030,stratified_size,30,b50_lb5_k3_eps0p001,local_only_offline_aggregate,confidence,300,60,5,0.0,0.0016829474076965707,0.0035161051773464963,0.006558982035928122,1.0,1.0,1.0,0.0,0.0,0.0,55350.0,20000.0,0.0035161051773464963,0.006558982035928122,b50_lb5_k3_eps0p001,False,0.05,q95,max_ssr,0.0035161051773464963
stratified_size_rep030,stratified_size,30,b50_lb5_k3_eps0p001,local_only_offline_aggregate,shot_proportional,300,60,5,0.0,0.0013308255458579393,0.0033693324311890134,0.006558982035928122,1.0,1.0,1.0,0.0,0.0,0.0,55350.0,20000.0,0.0033693324311890134,0.006558982035928122,b50_lb5_k3_eps0p001,False,0.05,q95,max_ssr,0.0033693324311890134
stratified_size_rep030,stratified_size,30,b50_lb5_k3_eps0p001,local_only_offline_aggregate,uniform,300,60,5,0.0,0.001428223426758969,0.0035066003143733857,0.006558982035928122,1.0,1.0,1.0,0.0,0.0,0.0,55350.0,20000.0,0.0035066003143733857,0.006558982035928122,b50_lb5_k3_eps0p001,False,0.05,q95,max_ssr,0.0035066003143733857
stratified_size_rep031,stratified_size,31,b50_lb5_k3_eps0p001,aggregate_only_sync,confidence,300,60,5,0.0,0.003378258312779746,0.005280138454897477,0.007864035087719327,1.0,1.0,1.0,0.0,0.0,0.0,40000.0,20000.0,0.005280138454897477,0.007864035087719327,b50_lb5_k3_eps0p001,False,0.05,q95,max_ssr,0.005280138454897477
stratified_size_rep031,stratified_size,31,b50_lb5_k3_eps0p001,aggregate_only_sync,shot_proportional,300,60,5,0.0,0.003378258312779746,0.005280138454897477,0.007864035087719327,1.0,1.0,1.0,0.0,0.0,0.0,40000.0,20000.0,0.005280138454897477,0.007864035087719327,b50_lb5_k3_eps0p001,False,0.05,q95,max_ssr,0.005280138454897477
stratified_size_rep031,stratified_size,31,b50_lb5_k3_eps0p001,aggregate_only_sync,uniform,300,60,5,0.0,0.003378258312779746,0.005280138454897477,0.007864035087719327,1.0,1.0,1.0,0.0,0.0,0.0,40000.0,20000.0,0.005280138454897477,0.007864035087719327,b50_lb5_k3_eps0p001,False,0.05,q95,max_ssr,0.005280138454897477
stratified_size_rep031,stratified_size,31,b50_lb5_k3_eps0p001,hierarchical_local_aggregate,confidence,300,60,5,0.0,0.003447333870475441,0.005268281754110139,0.007499192470095912,1.0,1.0,1.0,0.0,0.0,0.0,40000.0,20000.0,0.005268281754110139,0.007499192470095912,b50_lb5_k3_eps0p001,False,0.05,q95,max_ssr,0.005268281754110139
stratified_size_rep031,stratified_size,31,b50_lb5_k3_eps0p001,hierarchical_local_aggregate,shot_proportional,300,60,5,0.0,0.003459422245125538,0.005419097307960321,0.007864035087719327,1.0,1.0,1.0,0.0,0.0,0.0,40000.0,20000.0,0.005419097307960321,0.007864035087719327,b50_lb5_k3_eps0p001,False,0.05,q95,max_ssr,0.005419097307960321
stratified_size_rep031,stratified_size,31,b50_lb5_k3_eps0p001,hierarchical_local_aggregate,uniform,300,60,5,0.0,0.003459422245125538,0.005419097307960321,0.007864035087719327,1.0,1.0,1.0,0.0,0.0,0.0,40000.0,20000.0,0.005419097307960321,0.007864035087719327,b50_lb5_k3_eps0p001,False,0.05,q95,max_ssr,0.005419097307960321
stratified_size_rep031,stratified_size,31,b50_lb5_k3_eps0p001,local_only_offline_aggregate,confidence,300,60,5,0.0,0.0013745588610087794,0.0036964146604884416,0.006558982035928122,1.0,1.0,1.0,0.0,0.0,0.0,56975.0,20000.0,0.0036964146604884416,0.006558982035928122,b50_lb5_k3_eps0p001,False,0.05,q95,max_ssr,0.0036964146604884416
stratified_size_rep031,stratified_size,31,b50_lb5_k3_eps0p001,local_only_offline_aggregate,shot_proportional,300,60,5,0.0,0.0010793113482653299,0.003428004161842324,0.006558982035928122,1.0,1.0,1.0,0.0,0.0,0.0,56975.0,20000.0,0.003428004161842324,0.006558982035928122,b50_lb5_k3_eps0p001,False,0.05,q95,max_ssr,0.003428004161842324
stratified_size_rep031,stratified_size,31,b50_lb5_k3_eps0p001,local_only_offline_aggregate,uniform,300,60,5,0.0,0.0011182258866097986,0.003574766021667429,0.006558982035928122,1.0,1.0,1.0,0.0,0.0,0.0,56975.0,20000.0,0.003574766021667429,0.006558982035928122,b50_lb5_k3_eps0p001,False,0.05,q95,max_ssr,0.003574766021667429
stratified_size_rep032,stratified_size,32,b50_lb5_k3_eps0p001,aggregate_only_sync,confidence,300,60,5,0.0,0.004067716874628641,0.005429879106024882,0.007864035087719327,1.0,1.0,1.0,0.0,0.0,0.0,40400.0,20000.0,0.005429879106024882,0.007864035087719327,b50_lb5_k3_eps0p001,False,0.05,q95,max_ssr,0.005429879106024882
stratified_size_rep032,stratified_size,32,b50_lb5_k3_eps0p001,aggregate_only_sync,shot_proportional,300,60,5,0.0,0.004067716874628641,0.005429879106024882,0.007864035087719327,1.0,1.0,1.0,0.0,0.0,0.0,40400.0,20000.0,0.005429879106024882,0.007864035087719327,b50_lb5_k3_eps0p001,False,0.05,q95,max_ssr,0.005429879106024882
stratified_size_rep032,stratified_size,32,b50_lb5_k3_eps0p001,aggregate_only_sync,uniform,300,60,5,0.0,0.004067716874628641,0.005429879106024882,0.007864035087719327,1.0,1.0,1.0,0.0,0.0,0.0,40400.0,20000.0,0.005429879106024882,0.007864035087719327,b50_lb5_k3_eps0p001,False,0.05,q95,max_ssr,0.005429879106024882
stratified_size_rep032,stratified_size,32,b50_lb5_k3_eps0p001,hierarchical_local_aggregate,confidence,300,60,5,0.0,0.00408423258034671,0.005436264547301304,0.007499192470095912,1.0,1.0,1.0,0.0,0.0,0.0,40400.0,20000.0,0.005436264547301304,0.007499192470095912,b50_lb5_k3_eps0p001,False,0.05,q95,max_ssr,0.005436264547301304
stratified_size_rep032,stratified_size,32,b50_lb5_k3_eps0p001,hierarchical_local_aggregate,shot_proportional,300,60,5,0.0,0.004174033242140057,0.005449345586893039,0.007864035087719327,1.0,1.0,1.0,0.0,0.0,0.0,40400.0,20000.0,0.005449345586893039,0.007864035087719327,b50_lb5_k3_eps0p001,False,0.05,q95,max_ssr,0.005449345586893039
stratified_size_rep032,stratified_size,32,b50_lb5_k3_eps0p001,hierarchical_local_aggregate,uniform,300,60,5,0.0,0.0041701679507836036,0.00544531144067793,0.007864035087719327,1.0,1.0,1.0,0.0,0.0,0.0,40400.0,20000.0,0.00544531144067793,0.007864035087719327,b50_lb5_k3_eps0p001,False,0.05,q95,max_ssr,0.00544531144067793
stratified_size_rep032,stratified_size,32,b50_lb5_k3_eps0p001,local_only_offline_aggregate,confidence,300,60,5,0.0,0.0016331208125304,0.003679862072248522,0.006056896551724079,1.0,1.0,1.0,0.0,0.0,0.0,57425.0,20000.0,0.003679862072248522,0.006056896551724079,b50_lb5_k3_eps0p001,False,0.05,q95,max_ssr,0.003679862072248522
stratified_size_rep032,stratified_size,32,b50_lb5_k3_eps0p001,local_only_offline_aggregate,shot_proportional,300,60,5,0.0,0.001250605788732654,0.0033709223546241128,0.006056896551724079,1.0,1.0,1.0,0.0,0.0,0.0,57425.0,20000.0,0.0033709223546241128,0.006056896551724079,b50_lb5_k3_eps0p001,False,0.05,q95,max_ssr,0.0033709223546241128
stratified_size_rep032,stratified_size,32,b50_lb5_k3_eps0p001,local_only_offline_aggregate,uniform,300,60,5,0.0,0.001366308197688713,0.0035247890005380674,0.006056896551724079,1.0,1.0,1.0,0.0,0.0,0.0,57425.0,20000.0,0.0035247890005380674,0.006056896551724079,b50_lb5_k3_eps0p001,False,0.05,q95,max_ssr,0.0035247890005380674
stratified_size_rep033,stratified_size,33,b50_lb5_k3_eps0p001,aggregate_only_sync,confidence,300,60,5,0.0,0.004013398716920576,0.00543755119926196,0.007864035087719327,1.0,1.0,1.0,0.0,0.0,0.0,40000.0,20000.0,0.00543755119926196,0.007864035087719327,b50_lb5_k3_eps0p001,False,0.05,q95,max_ssr,0.00543755119926196
stratified_size_rep033,stratified_size,33,b50_lb5_k3_eps0p001,aggregate_only_sync,shot_proportional,300,60,5,0.0,0.004013398716920576,0.00543755119926196,0.007864035087719327,1.0,1.0,1.0,0.0,0.0,0.0,40000.0,20000.0,0.00543755119926196,0.007864035087719327,b50_lb5_k3_eps0p001,False,0.05,q95,max_ssr,0.00543755119926196
stratified_size_rep033,stratified_size,33,b50_lb5_k3_eps0p001,aggregate_only_sync,uniform,300,60,5,0.0,0.004013398716920576,0.00543755119926196,0.007864035087719327,1.0,1.0,1.0,0.0,0.0,0.0,40000.0,20000.0,0.00543755119926196,0.007864035087719327,b50_lb5_k3_eps0p001,False,0.05,q95,max_ssr,0.00543755119926196
stratified_size_rep033,stratified_size,33,b50_lb5_k3_eps0p001,hierarchical_local_aggregate,confidence,300,60,5,0.0,0.0040722049086202045,0.005460534694097882,0.007499192470095912,1.0,1.0,1.0,0.0,0.0,0.0,40000.0,20000.0,0.005460534694097882,0.007499192470095912,b50_lb5_k3_eps0p001,False,0.05,q95,max_ssr,0.005460534694097882
stratified_size_rep033,stratified_size,33,b50_lb5_k3_eps0p001,hierarchical_local_aggregate,shot_proportional,300,60,5,0.0,0.004152600619195028,0.005462725746268716,0.007864035087719327,1.0,1.0,1.0,0.0,0.0,0.0,40000.0,20000.0,0.005462725746268716,0.007864035087719327,b50_lb5_k3_eps0p001,False,0.05,q95,max_ssr,0.005462725746268716
stratified_size_rep033,stratified_size,33,b50_lb5_k3_eps0p001,hierarchical_local_aggregate,uniform,300,60,5,0.0,0.004152600619195028,0.005462725746268716,0.007864035087719327,1.0,1.0,1.0,0.0,0.0,0.0,40000.0,20000.0,0.005462725746268716,0.007864035087719327,b50_lb5_k3_eps0p001,False,0.05,q95,max_ssr,0.005462725746268716
stratified_size_rep033,stratified_size,33,b50_lb5_k3_eps0p001,local_only_offline_aggregate,confidence,300,60,5,0.0,0.0017500165317637087,0.0038468410130353373,0.006558982035928122,1.0,1.0,1.0,0.0,0.0,0.0,55350.0,20000.0,0.0038468410130353373,0.006558982035928122,b50_lb5_k3_eps0p001,False,0.05,q95,max_ssr,0.0038468410130353373
stratified_size_rep033,stratified_size,33,b50_lb5_k3_eps0p001,local_only_offline_aggregate,shot_proportional,300,60,5,0.0,0.0013386947518779625,0.00356653362854573,0.006558982035928122,1.0,1.0,1.0,0.0,0.0,0.0,55350.0,20000.0,0.00356653362854573,0.006558982035928122,b50_lb5_k3_eps0p001,False,0.05,q95,max_ssr,0.00356653362854573
stratified_size_rep033,stratified_size,33,b50_lb5_k3_eps0p001,local_only_offline_aggregate,uniform,300,60,5,0.0,0.001514808251785005,0.0037021229106385008,0.006558982035928122,1.0,1.0,1.0,0.0,0.0,0.0,55350.0,20000.0,0.0037021229106385008,0.006558982035928122,b50_lb5_k3_eps0p001,False,0.05,q95,max_ssr,0.0037021229106385008
stratified_size_rep034,stratified_size,34,b50_lb5_k3_eps0p001,aggregate_only_sync,confidence,300,60,5,0.0,0.002899144385026758,0.005280138454897477,0.007864035087719327,1.0,1.0,1.0,0.0,0.0,0.0,44525.0,20000.0,0.005280138454897477,0.007864035087719327,b50_lb5_k3_eps0p001,False,0.05,q95,max_ssr,0.005280138454897477
stratified_size_rep034,stratified_size,34,b50_lb5_k3_eps0p001,aggregate_only_sync,shot_proportional,300,60,5,0.0,0.002899144385026758,0.005280138454897477,0.007864035087719327,1.0,1.0,1.0,0.0,0.0,0.0,44525.0,20000.0,0.005280138454897477,0.007864035087719327,b50_lb5_k3_eps0p001,False,0.05,q95,max_ssr,0.005280138454897477
stratified_size_rep034,stratified_size,34,b50_lb5_k3_eps0p001,aggregate_only_sync,uniform,300,60,5,0.0,0.002899144385026758,0.005280138454897477,0.007864035087719327,1.0,1.0,1.0,0.0,0.0,0.0,44525.0,20000.0,0.005280138454897477,0.007864035087719327,b50_lb5_k3_eps0p001,False,0.05,q95,max_ssr,0.005280138454897477
stratified_size_rep034,stratified_size,34,b50_lb5_k3_eps0p001,hierarchical_local_aggregate,confidence,300,60,5,0.0,0.002961171039974983,0.0052355122229595374,0.007499192470095912,1.0,1.0,1.0,0.0,0.0,0.0,44525.0,20000.0,0.0052355122229595374,0.007499192470095912,b50_lb5_k3_eps0p001,False,0.05,q95,max_ssr,0.0052355122229595374
stratified_size_rep034,stratified_size,34,b50_lb5_k3_eps0p001,hierarchical_local_aggregate,shot_proportional,300,60,5,0.0,0.003035758426966276,0.005429930305286874,0.007864035087719327,1.0,1.0,1.0,0.0,0.0,0.0,44525.0,20000.0,0.005429930305286874,0.007864035087719327,b50_lb5_k3_eps0p001,False,0.05,q95,max_ssr,0.005429930305286874
stratified_size_rep034,stratified_size,34,b50_lb5_k3_eps0p001,hierarchical_local_aggregate,uniform,300,60,5,0.0,0.003035758426966276,0.005429898748780946,0.007864035087719327,1.0,1.0,1.0,0.0,0.0,0.0,44525.0,20000.0,0.005429898748780946,0.007864035087719327,b50_lb5_k3_eps0p001,False,0.05,q95,max_ssr,0.005429898748780946
stratified_size_rep034,stratified_size,34,b50_lb5_k3_eps0p001,local_only_offline_aggregate,confidence,300,60,5,0.0,0.0,0.003242852091144722,0.006558982035928122,1.0,1.0,1.0,0.0,0.0,0.0,60000.0,20000.0,0.003242852091144722,0.006558982035928122,b50_lb5_k3_eps0p001,False,0.05,q95,max_ssr,0.003242852091144722
stratified_size_rep034,stratified_size,34,b50_lb5_k3_eps0p001,local_only_offline_aggregate,shot_proportional,300,60,5,0.0,0.0,0.0030071752738654073,0.006558982035928122,1.0,1.0,1.0,0.0,0.0,0.0,60000.0,20000.0,0.0030071752738654073,0.006558982035928122,b50_lb5_k3_eps0p001,False,0.05,q95,max_ssr,0.0030071752738654073
stratified_size_rep034,stratified_size,34,b50_lb5_k3_eps0p001,local_only_offline_aggregate,uniform,300,60,5,0.0,0.0,0.003191191170815806,0.006558982035928122,1.0,1.0,1.0,0.0,0.0,0.0,60000.0,20000.0,0.003191191170815806,0.006558982035928122,b50_lb5_k3_eps0p001,False,0.05,q95,max_ssr,0.003191191170815806
stratified_size_rep035,stratified_size,35,b50_lb5_k3_eps0p001,aggregate_only_sync,confidence,300,60,5,0.0,0.0033732393659710964,0.005429879106024882,0.007864035087719327,1.0,1.0,1.0,0.0,0.0,0.0,40000.0,20000.0,0.005429879106024882,0.007864035087719327,b50_lb5_k3_eps0p001,False,0.05,q95,max_ssr,0.005429879106024882
stratified_size_rep035,stratified_size,35,b50_lb5_k3_eps0p001,aggregate_only_sync,shot_proportional,300,60,5,0.0,0.0033732393659710964,0.005429879106024882,0.007864035087719327,1.0,1.0,1.0,0.0,0.0,0.0,40000.0,20000.0,0.005429879106024882,0.007864035087719327,b50_lb5_k3_eps0p001,False,0.05,q95,max_ssr,0.005429879106024882
stratified_size_rep035,stratified_size,35,b50_lb5_k3_eps0p001,aggregate_only_sync,uniform,300,60,5,0.0,0.0033732393659710964,0.005429879106024882,0.007864035087719327,1.0,1.0,1.0,0.0,0.0,0.0,40000.0,20000.0,0.005429879106024882,0.007864035087719327,b50_lb5_k3_eps0p001,False,0.05,q95,max_ssr,0.005429879106024882
stratified_size_rep035,stratified_size,35,b50_lb5_k3_eps0p001,hierarchical_local_aggregate,confidence,300,60,5,0.0,0.003360953655705316,0.005460534694097882,0.007499192470095912,1.0,1.0,1.0,0.0,0.0,0.0,40000.0,20000.0,0.005460534694097882,0.007499192470095912,b50_lb5_k3_eps0p001,False,0.05,q95,max_ssr,0.005460534694097882
stratified_size_rep035,stratified_size,35,b50_lb5_k3_eps0p001,hierarchical_local_aggregate,shot_proportional,300,60,5,0.0,0.0033732393659710964,0.005444619103145982,0.007864035087719327,1.0,1.0,1.0,0.0,0.0,0.0,40000.0,20000.0,0.005444619103145982,0.007864035087719327,b50_lb5_k3_eps0p001,False,0.05,q95,max_ssr,0.005444619103145982
stratified_size_rep035,stratified_size,35,b50_lb5_k3_eps0p001,hierarchical_local_aggregate,uniform,300,60,5,0.0,0.0033732393659710964,0.005444012659748243,0.007864035087719327,1.0,1.0,1.0,0.0,0.0,0.0,40000.0,20000.0,0.005444012659748243,0.007864035087719327,b50_lb5_k3_eps0p001,False,0.05,q95,max_ssr,0.005444012659748243
stratified_size_rep035,stratified_size,35,b50_lb5_k3_eps0p001,local_only_offline_aggregate,confidence,300,60,5,0.0,0.0012995695237403948,0.003679862072248522,0.006558982035928122,1.0,1.0,1.0,0.0,0.0,0.0,56175.0,20000.0,0.003679862072248522,0.006558982035928122,b50_lb5_k3_eps0p001,False,0.05,q95,max_ssr,0.003679862072248522
stratified_size_rep035,stratified_size,35,b50_lb5_k3_eps0p001,local_only_offline_aggregate,shot_proportional,300,60,5,0.0,0.0010793113482653299,0.003394679354329399,0.006558982035928122,1.0,1.0,1.0,0.0,0.0,0.0,56175.0,20000.0,0.003394679354329399,0.006558982035928122,b50_lb5_k3_eps0p001,False,0.05,q95,max_ssr,0.003394679354329399
stratified_size_rep035,stratified_size,35,b50_lb5_k3_eps0p001,local_only_offline_aggregate,uniform,300,60,5,0.0,0.0011098831235884597,0.0035312975085006236,0.006558982035928122,1.0,1.0,1.0,0.0,0.0,0.0,56175.0,20000.0,0.0035312975085006236,0.006558982035928122,b50_lb5_k3_eps0p001,False,0.05,q95,max_ssr,0.0035312975085006236
stratified_size_rep036,stratified_size,36,b50_lb5_k3_eps0p001,aggregate_only_sync,confidence,300,60,5,0.0,0.003459422245125538,0.005333235778509675,0.006558982035928122,1.0,1.0,1.0,0.0,0.0,0.0,40000.0,20000.0,0.005333235778509675,0.006558982035928122,b50_lb5_k3_eps0p001,False,0.05,q95,max_ssr,0.005333235778509675
stratified_size_rep036,stratified_size,36,b50_lb5_k3_eps0p001,aggregate_only_sync,shot_proportional,300,60,5,0.0,0.003459422245125538,0.005333235778509675,0.006558982035928122,1.0,1.0,1.0,0.0,0.0,0.0,40000.0,20000.0,0.005333235778509675,0.006558982035928122,b50_lb5_k3_eps0p001,False,0.05,q95,max_ssr,0.005333235778509675
stratified_size_rep036,stratified_size,36,b50_lb5_k3_eps0p001,aggregate_only_sync,uniform,300,60,5,0.0,0.003459422245125538,0.005333235778509675,0.006558982035928122,1.0,1.0,1.0,0.0,0.0,0.0,40000.0,20000.0,0.005333235778509675,0.006558982035928122,b50_lb5_k3_eps0p001,False,0.05,q95,max_ssr,0.005333235778509675
stratified_size_rep036,stratified_size,36,b50_lb5_k3_eps0p001,hierarchical_local_aggregate,confidence,300,60,5,0.0,0.003639198712178704,0.005338915804503898,0.007229347070130044,1.0,1.0,1.0,0.0,0.0,0.0,40000.0,20000.0,0.005338915804503898,0.007229347070130044,b50_lb5_k3_eps0p001,False,0.05,q95,max_ssr,0.005338915804503898
stratified_size_rep036,stratified_size,36,b50_lb5_k3_eps0p001,hierarchical_local_aggregate,shot_proportional,300,60,5,0.0,0.00368557834441978,0.005444619103145982,0.006558982035928122,1.0,1.0,1.0,0.0,0.0,0.0,40000.0,20000.0,0.005444619103145982,0.006558982035928122,b50_lb5_k3_eps0p001,False,0.05,q95,max_ssr,0.005444619103145982
stratified_size_rep036,stratified_size,36,b50_lb5_k3_eps0p001,hierarchical_local_aggregate,uniform,300,60,5,0.0,0.00368557834441978,0.005444012659748243,0.006558982035928122,1.0,1.0,1.0,0.0,0.0,0.0,40000.0,20000.0,0.005444012659748243,0.006558982035928122,b50_lb5_k3_eps0p001,False,0.05,q95,max_ssr,0.005444012659748243
stratified_size_rep036,stratified_size,36,b50_lb5_k3_eps0p001,local_only_offline_aggregate,confidence,300,60,5,0.0,0.0017548074297138543,0.0038468410130353373,0.006558982035928122,1.0,1.0,1.0,0.0,0.0,0.0,53500.0,20000.0,0.0038468410130353373,0.006558982035928122,b50_lb5_k3_eps0p001,False,0.05,q95,max_ssr,0.0038468410130353373
stratified_size_rep036,stratified_size,36,b50_lb5_k3_eps0p001,local_only_offline_aggregate,shot_proportional,300,60,5,0.0,0.0013507157464212646,0.00356653362854573,0.006558982035928122,1.0,1.0,1.0,0.0,0.0,0.0,53500.0,20000.0,0.00356653362854573,0.006558982035928122,b50_lb5_k3_eps0p001,False,0.05,q95,max_ssr,0.00356653362854573
stratified_size_rep036,stratified_size,36,b50_lb5_k3_eps0p001,local_only_offline_aggregate,uniform,300,60,5,0.0,0.001561713723057962,0.0037021229106385008,0.006558982035928122,1.0,1.0,1.0,0.0,0.0,0.0,53500.0,20000.0,0.0037021229106385008,0.006558982035928122,b50_lb5_k3_eps0p001,False,0.05,q95,max_ssr,0.0037021229106385008
stratified_size_rep037,stratified_size,37,b50_lb5_k3_eps0p001,aggregate_only_sync,confidence,300,60,5,0.0,0.003434817073170714,0.005409192848036049,0.007864035087719327,1.0,1.0,1.0,0.0,0.0,0.0,40000.0,20000.0,0.005409192848036049,0.007864035087719327,b50_lb5_k3_eps0p001,False,0.05,q95,max_ssr,0.005409192848036049
stratified_size_rep037,stratified_size,37,b50_lb5_k3_eps0p001,aggregate_only_sync,shot_proportional,300,60,5,0.0,0.003434817073170714,0.005409192848036049,0.007864035087719327,1.0,1.0,1.0,0.0,0.0,0.0,40000.0,20000.0,0.005409192848036049,0.007864035087719327,b50_lb5_k3_eps0p001,False,0.05,q95,max_ssr,0.005409192848036049
stratified_size_rep037,stratified_size,37,b50_lb5_k3_eps0p001,aggregate_only_sync,uniform,300,60,5,0.0,0.003434817073170714,0.005409192848036049,0.007864035087719327,1.0,1.0,1.0,0.0,0.0,0.0,40000.0,20000.0,0.005409192848036049,0.007864035087719327,b50_lb5_k3_eps0p001,False,0.05,q95,max_ssr,0.005409192848036049
stratified_size_rep037,stratified_size,37,b50_lb5_k3_eps0p001,hierarchical_local_aggregate,confidence,300,60,5,0.0,0.0035493938260928296,0.005438021901065516,0.007499192470095912,1.0,1.0,1.0,0.0,0.0,0.0,40000.0,20000.0,0.005438021901065516,0.007499192470095912,b50_lb5_k3_eps0p001,False,0.05,q95,max_ssr,0.005438021901065516
stratified_size_rep037,stratified_size,37,b50_lb5_k3_eps0p001,hierarchical_local_aggregate,shot_proportional,300,60,5,0.0,0.0036876751000571527,0.005462725746268716,0.007864035087719327,1.0,1.0,1.0,0.0,0.0,0.0,40000.0,20000.0,0.005462725746268716,0.007864035087719327,b50_lb5_k3_eps0p001,False,0.05,q95,max_ssr,0.005462725746268716
stratified_size_rep037,stratified_size,37,b50_lb5_k3_eps0p001,hierarchical_local_aggregate,uniform,300,60,5,0.0,0.0036872231016222834,0.005462725746268716,0.007864035087719327,1.0,1.0,1.0,0.0,0.0,0.0,40000.0,20000.0,0.005462725746268716,0.007864035087719327,b50_lb5_k3_eps0p001,False,0.05,q95,max_ssr,0.005462725746268716
stratified_size_rep037,stratified_size,37,b50_lb5_k3_eps0p001,local_only_offline_aggregate,confidence,300,60,5,0.0,0.0016331208125304,0.0035161051773464963,0.006558982035928122,1.0,1.0,1.0,0.0,0.0,0.0,55400.0,20000.0,0.0035161051773464963,0.006558982035928122,b50_lb5_k3_eps0p001,False,0.05,q95,max_ssr,0.0035161051773464963
stratified_size_rep037,stratified_size,37,b50_lb5_k3_eps0p001,local_only_offline_aggregate,shot_proportional,300,60,5,0.0,0.0013277140896080202,0.0033693324311890134,0.006558982035928122,1.0,1.0,1.0,0.0,0.0,0.0,55400.0,20000.0,0.0033693324311890134,0.006558982035928122,b50_lb5_k3_eps0p001,False,0.05,q95,max_ssr,0.0033693324311890134
stratified_size_rep037,stratified_size,37,b50_lb5_k3_eps0p001,local_only_offline_aggregate,uniform,300,60,5,0.0,0.0013666474307355997,0.0035066003143733857,0.006558982035928122,1.0,1.0,1.0,0.0,0.0,0.0,55400.0,20000.0,0.0035066003143733857,0.006558982035928122,b50_lb5_k3_eps0p001,False,0.05,q95,max_ssr,0.0035066003143733857
stratified_size_rep038,stratified_size,38,b50_lb5_k3_eps0p001,aggregate_only_sync,confidence,300,60,5,0.0,0.0038612893417115483,0.005409192848036049,0.007864035087719327,1.0,1.0,1.0,0.0,0.0,0.0,40000.0,20000.0,0.005409192848036049,0.007864035087719327,b50_lb5_k3_eps0p001,False,0.05,q95,max_ssr,0.005409192848036049
stratified_size_rep038,stratified_size,38,b50_lb5_k3_eps0p001,aggregate_only_sync,shot_proportional,300,60,5,0.0,0.0038612893417115483,0.005409192848036049,0.007864035087719327,1.0,1.0,1.0,0.0,0.0,0.0,40000.0,20000.0,0.005409192848036049,0.007864035087719327,b50_lb5_k3_eps0p001,False,0.05,q95,max_ssr,0.005409192848036049
stratified_size_rep038,stratified_size,38,b50_lb5_k3_eps0p001,aggregate_only_sync,uniform,300,60,5,0.0,0.0038612893417115483,0.005409192848036049,0.007864035087719327,1.0,1.0,1.0,0.0,0.0,0.0,40000.0,20000.0,0.005409192848036049,0.007864035087719327,b50_lb5_k3_eps0p001,False,0.05,q95,max_ssr,0.005409192848036049
stratified_size_rep038,stratified_size,38,b50_lb5_k3_eps0p001,hierarchical_local_aggregate,confidence,300,60,5,0.0,0.003987536272679182,0.005405796536364361,0.007499192470095912,1.0,1.0,1.0,0.0,0.0,0.0,40000.0,20000.0,0.005405796536364361,0.007499192470095912,b50_lb5_k3_eps0p001,False,0.05,q95,max_ssr,0.005405796536364361
stratified_size_rep038,stratified_size,38,b50_lb5_k3_eps0p001,hierarchical_local_aggregate,shot_proportional,300,60,5,0.0,0.0040759567616728614,0.005444619103145982,0.007864035087719327,1.0,1.0,1.0,0.0,0.0,0.0,40000.0,20000.0,0.005444619103145982,0.007864035087719327,b50_lb5_k3_eps0p001,False,0.05,q95,max_ssr,0.005444619103145982
stratified_size_rep038,stratified_size,38,b50_lb5_k3_eps0p001,hierarchical_local_aggregate,uniform,300,60,5,0.0,0.004065600529509849,0.005444012659748243,0.007864035087719327,1.0,1.0,1.0,0.0,0.0,0.0,40000.0,20000.0,0.005444012659748243,0.007864035087719327,b50_lb5_k3_eps0p001,False,0.05,q95,max_ssr,0.005444012659748243
stratified_size_rep038,stratified_size,38,b50_lb5_k3_eps0p001,local_only_offline_aggregate,confidence,300,60,5,0.0,0.0017500165317637087,0.0038468410130353373,0.006558982035928122,1.0,1.0,1.0,0.0,0.0,0.0,53725.0,20000.0,0.0038468410130353373,0.006558982035928122,b50_lb5_k3_eps0p001,False,0.05,q95,max_ssr,0.0038468410130353373
stratified_size_rep038,stratified_size,38,b50_lb5_k3_eps0p001,local_only_offline_aggregate,shot_proportional,300,60,5,0.0,0.0013672260273972399,0.003394679354329399,0.006558982035928122,1.0,1.0,1.0,0.0,0.0,0.0,53725.0,20000.0,0.003394679354329399,0.006558982035928122,b50_lb5_k3_eps0p001,False,0.05,q95,max_ssr,0.003394679354329399
stratified_size_rep038,stratified_size,38,b50_lb5_k3_eps0p001,local_only_offline_aggregate,uniform,300,60,5,0.0,0.0015833349753746305,0.0035088881308558495,0.006558982035928122,1.0,1.0,1.0,0.0,0.0,0.0,53725.0,20000.0,0.0035088881308558495,0.006558982035928122,b50_lb5_k3_eps0p001,False,0.05,q95,max_ssr,0.0035088881308558495
stratified_size_rep039,stratified_size,39,b50_lb5_k3_eps0p001,aggregate_only_sync,confidence,300,60,5,0.0,0.0038749167192410794,0.005429879106024882,0.007864035087719327,1.0,1.0,1.0,0.0,0.0,0.0,40000.0,20000.0,0.005429879106024882,0.007864035087719327,b50_lb5_k3_eps0p001,False,0.05,q95,max_ssr,0.005429879106024882
stratified_size_rep039,stratified_size,39,b50_lb5_k3_eps0p001,aggregate_only_sync,shot_proportional,300,60,5,0.0,0.0038749167192410794,0.005429879106024882,0.007864035087719327,1.0,1.0,1.0,0.0,0.0,0.0,40000.0,20000.0,0.005429879106024882,0.007864035087719327,b50_lb5_k3_eps0p001,False,0.05,q95,max_ssr,0.005429879106024882
stratified_size_rep039,stratified_size,39,b50_lb5_k3_eps0p001,aggregate_only_sync,uniform,300,60,5,0.0,0.0038749167192410794,0.005429879106024882,0.007864035087719327,1.0,1.0,1.0,0.0,0.0,0.0,40000.0,20000.0,0.005429879106024882,0.007864035087719327,b50_lb5_k3_eps0p001,False,0.05,q95,max_ssr,0.005429879106024882
stratified_size_rep039,stratified_size,39,b50_lb5_k3_eps0p001,hierarchical_local_aggregate,confidence,300,60,5,0.0,0.004022200894279914,0.005438021901065516,0.007499192470095912,1.0,1.0,1.0,0.0,0.0,0.0,40000.0,20000.0,0.005438021901065516,0.007499192470095912,b50_lb5_k3_eps0p001,False,0.05,q95,max_ssr,0.005438021901065516
stratified_size_rep039,stratified_size,39,b50_lb5_k3_eps0p001,hierarchical_local_aggregate,shot_proportional,300,60,5,0.0,0.004124952783481868,0.005462725746268716,0.007864035087719327,1.0,1.0,1.0,0.0,0.0,0.0,40000.0,20000.0,0.005462725746268716,0.007864035087719327,b50_lb5_k3_eps0p001,False,0.05,q95,max_ssr,0.005462725746268716
stratified_size_rep039,stratified_size,39,b50_lb5_k3_eps0p001,hierarchical_local_aggregate,uniform,300,60,5,0.0,0.00409244476135222,0.005462725746268716,0.007864035087719327,1.0,1.0,1.0,0.0,0.0,0.0,40000.0,20000.0,0.005462725746268716,0.007864035087719327,b50_lb5_k3_eps0p001,False,0.05,q95,max_ssr,0.005462725746268716
stratified_size_rep039,stratified_size,39,b50_lb5_k3_eps0p001,local_only_offline_aggregate,confidence,300,60,5,0.0,0.0017500165317637087,0.0037058150216703984,0.006558982035928122,1.0,1.0,1.0,0.0,0.0,0.0,55350.0,20000.0,0.0037058150216703984,0.006558982035928122,b50_lb5_k3_eps0p001,False,0.05,q95,max_ssr,0.0037058150216703984
stratified_size_rep039,stratified_size,39,b50_lb5_k3_eps0p001,local_only_offline_aggregate,shot_proportional,300,60,5,0.0,0.0013386947518779625,0.003490832079128021,0.006558982035928122,1.0,1.0,1.0,0.0,0.0,0.0,55350.0,20000.0,0.003490832079128021,0.006558982035928122,b50_lb5_k3_eps0p001,False,0.05,q95,max_ssr,0.003490832079128021
stratified_size_rep039,stratified_size,39,b50_lb5_k3_eps0p001,local_only_offline_aggregate,uniform,300,60,5,0.0,0.0014892448829061274,0.0036985110618310167,0.006558982035928122,1.0,1.0,1.0,0.0,0.0,0.0,55350.0,20000.0,0.0036985110618310167,0.006558982035928122,b50_lb5_k3_eps0p001,False,0.05,q95,max_ssr,0.0036985110618310167
stratified_size_rep040,stratified_size,40,b50_lb5_k3_eps0p001,aggregate_only_sync,confidence,300,60,5,0.0,0.0030902638727616236,0.005209944809025867,0.007864035087719327,1.0,1.0,1.0,0.0,0.0,0.0,40000.0,20000.0,0.005209944809025867,0.007864035087719327,b50_lb5_k3_eps0p001,False,0.05,q95,max_ssr,0.005209944809025867
stratified_size_rep040,stratified_size,40,b50_lb5_k3_eps0p001,aggregate_only_sync,shot_proportional,300,60,5,0.0,0.0030902638727616236,0.005209944809025867,0.007864035087719327,1.0,1.0,1.0,0.0,0.0,0.0,40000.0,20000.0,0.005209944809025867,0.007864035087719327,b50_lb5_k3_eps0p001,False,0.05,q95,max_ssr,0.005209944809025867
stratified_size_rep040,stratified_size,40,b50_lb5_k3_eps0p001,aggregate_only_sync,uniform,300,60,5,0.0,0.0030902638727616236,0.005209944809025867,0.007864035087719327,1.0,1.0,1.0,0.0,0.0,0.0,40000.0,20000.0,0.005209944809025867,0.007864035087719327,b50_lb5_k3_eps0p001,False,0.05,q95,max_ssr,0.005209944809025867
stratified_size_rep040,stratified_size,40,b50_lb5_k3_eps0p001,hierarchical_local_aggregate,confidence,300,60,5,0.0,0.0031593723676278307,0.005196983350106494,0.007499192470095912,1.0,1.0,1.0,0.0,0.0,0.0,40000.0,20000.0,0.005196983350106494,0.007499192470095912,b50_lb5_k3_eps0p001,False,0.05,q95,max_ssr,0.005196983350106494
stratified_size_rep040,stratified_size,40,b50_lb5_k3_eps0p001,hierarchical_local_aggregate,shot_proportional,300,60,5,0.0,0.0032035316544313667,0.005315594337953325,0.007864035087719327,1.0,1.0,1.0,0.0,0.0,0.0,40000.0,20000.0,0.005315594337953325,0.007864035087719327,b50_lb5_k3_eps0p001,False,0.05,q95,max_ssr,0.005315594337953325
stratified_size_rep040,stratified_size,40,b50_lb5_k3_eps0p001,hierarchical_local_aggregate,uniform,300,60,5,0.0,0.0031975352454624703,0.005315594337953325,0.007864035087719327,1.0,1.0,1.0,0.0,0.0,0.0,40000.0,20000.0,0.005315594337953325,0.007864035087719327,b50_lb5_k3_eps0p001,False,0.05,q95,max_ssr,0.005315594337953325
stratified_size_rep040,stratified_size,40,b50_lb5_k3_eps0p001,local_only_offline_aggregate,confidence,300,60,5,0.0,0.001251327459395516,0.003679862072248522,0.006558982035928122,1.0,1.0,1.0,0.0,0.0,0.0,56625.0,20000.0,0.003679862072248522,0.006558982035928122,b50_lb5_k3_eps0p001,False,0.05,q95,max_ssr,0.003679862072248522
stratified_size_rep040,stratified_size,40,b50_lb5_k3_eps0p001,local_only_offline_aggregate,shot_proportional,300,60,5,0.0,0.0009891171466922717,0.003428004161842324,0.006558982035928122,1.0,1.0,1.0,0.0,0.0,0.0,56625.0,20000.0,0.003428004161842324,0.006558982035928122,b50_lb5_k3_eps0p001,False,0.05,q95,max_ssr,0.003428004161842324
stratified_size_rep040,stratified_size,40,b50_lb5_k3_eps0p001,local_only_offline_aggregate,uniform,300,60,5,0.0,0.0010701755172090452,0.003574766021667429,0.006558982035928122,1.0,1.0,1.0,0.0,0.0,0.0,56625.0,20000.0,0.003574766021667429,0.006558982035928122,b50_lb5_k3_eps0p001,False,0.05,q95,max_ssr,0.003574766021667429
stratified_size_rep041,stratified_size,41,b50_lb5_k3_eps0p001,aggregate_only_sync,confidence,300,60,5,0.0,0.0036397727272727155,0.005211561112268823,0.007864035087719327,1.0,1.0,1.0,0.0,0.0,0.0,40000.0,20000.0,0.005211561112268823,0.007864035087719327,b50_lb5_k3_eps0p001,False,0.05,q95,max_ssr,0.005211561112268823
stratified_size_rep041,stratified_size,41,b50_lb5_k3_eps0p001,aggregate_only_sync,shot_proportional,300,60,5,0.0,0.0036397727272727155,0.005211561112268823,0.007864035087719327,1.0,1.0,1.0,0.0,0.0,0.0,40000.0,20000.0,0.005211561112268823,0.007864035087719327,b50_lb5_k3_eps0p001,False,0.05,q95,max_ssr,0.005211561112268823
stratified_size_rep041,stratified_size,41,b50_lb5_k3_eps0p001,aggregate_only_sync,uniform,300,60,5,0.0,0.0036397727272727155,0.005211561112268823,0.007864035087719327,1.0,1.0,1.0,0.0,0.0,0.0,40000.0,20000.0,0.005211561112268823,0.007864035087719327,b50_lb5_k3_eps0p001,False,0.05,q95,max_ssr,0.005211561112268823
stratified_size_rep041,stratified_size,41,b50_lb5_k3_eps0p001,hierarchical_local_aggregate,confidence,300,60,5,0.0,0.003686220627084658,0.005234736840849817,0.007499192470095912,1.0,1.0,1.0,0.0,0.0,0.0,40000.0,20000.0,0.005234736840849817,0.007499192470095912,b50_lb5_k3_eps0p001,False,0.05,q95,max_ssr,0.005234736840849817
stratified_size_rep041,stratified_size,41,b50_lb5_k3_eps0p001,hierarchical_local_aggregate,shot_proportional,300,60,5,0.0,0.003700436119304069,0.00543755119926196,0.007864035087719327,1.0,1.0,1.0,0.0,0.0,0.0,40000.0,20000.0,0.00543755119926196,0.007864035087719327,b50_lb5_k3_eps0p001,False,0.05,q95,max_ssr,0.00543755119926196
stratified_size_rep041,stratified_size,41,b50_lb5_k3_eps0p001,hierarchical_local_aggregate,uniform,300,60,5,0.0,0.003697071677651359,0.005437519642756032,0.007864035087719327,1.0,1.0,1.0,0.0,0.0,0.0,40000.0,20000.0,0.005437519642756032,0.007864035087719327,b50_lb5_k3_eps0p001,False,0.05,q95,max_ssr,0.005437519642756032
stratified_size_rep041,stratified_size,41,b50_lb5_k3_eps0p001,local_only_offline_aggregate,confidence,300,60,5,0.0,0.0016159411123570994,0.0036964146604884416,0.006558982035928122,1.0,1.0,1.0,0.0,0.0,0.0,56000.0,20000.0,0.0036964146604884416,0.006558982035928122,b50_lb5_k3_eps0p001,False,0.05,q95,max_ssr,0.0036964146604884416
stratified_size_rep041,stratified_size,41,b50_lb5_k3_eps0p001,local_only_offline_aggregate,shot_proportional,300,60,5,0.0,0.0012357992266724906,0.003428004161842324,0.006558982035928122,1.0,1.0,1.0,0.0,0.0,0.0,56000.0,20000.0,0.003428004161842324,0.006558982035928122,b50_lb5_k3_eps0p001,False,0.05,q95,max_ssr,0.003428004161842324
stratified_size_rep041,stratified_size,41,b50_lb5_k3_eps0p001,local_only_offline_aggregate,uniform,300,60,5,0.0,0.0012439306000373313,0.003574766021667429,0.006558982035928122,1.0,1.0,1.0,0.0,0.0,0.0,56000.0,20000.0,0.003574766021667429,0.006558982035928122,b50_lb5_k3_eps0p001,False,0.05,q95,max_ssr,0.003574766021667429
stratified_size_rep042,stratified_size,42,b50_lb5_k3_eps0p001,aggregate_only_sync,confidence,300,60,5,0.0,0.003434817073170714,0.005429930305286874,0.007864035087719327,1.0,1.0,1.0,0.0,0.0,0.0,40000.0,20000.0,0.005429930305286874,0.007864035087719327,b50_lb5_k3_eps0p001,False,0.05,q95,max_ssr,0.005429930305286874
stratified_size_rep042,stratified_size,42,b50_lb5_k3_eps0p001,aggregate_only_sync,shot_proportional,300,60,5,0.0,0.003434817073170714,0.005429930305286874,0.007864035087719327,1.0,1.0,1.0,0.0,0.0,0.0,40000.0,20000.0,0.005429930305286874,0.007864035087719327,b50_lb5_k3_eps0p001,False,0.05,q95,max_ssr,0.005429930305286874
stratified_size_rep042,stratified_size,42,b50_lb5_k3_eps0p001,aggregate_only_sync,uniform,300,60,5,0.0,0.003434817073170714,0.005429930305286874,0.007864035087719327,1.0,1.0,1.0,0.0,0.0,0.0,40000.0,20000.0,0.005429930305286874,0.007864035087719327,b50_lb5_k3_eps0p001,False,0.05,q95,max_ssr,0.005429930305286874
stratified_size_rep042,stratified_size,42,b50_lb5_k3_eps0p001,hierarchical_local_aggregate,confidence,300,60,5,0.0,0.003639198712178704,0.005460534694097882,0.007499192470095912,1.0,1.0,1.0,0.0,0.0,0.0,40000.0,20000.0,0.005460534694097882,0.007499192470095912,b50_lb5_k3_eps0p001,False,0.05,q95,max_ssr,0.005460534694097882
stratified_size_rep042,stratified_size,42,b50_lb5_k3_eps0p001,hierarchical_local_aggregate,shot_proportional,300,60,5,0.0,0.0036876751000571527,0.005449345586893039,0.007864035087719327,1.0,1.0,1.0,0.0,0.0,0.0,40000.0,20000.0,0.005449345586893039,0.007864035087719327,b50_lb5_k3_eps0p001,False,0.05,q95,max_ssr,0.005449345586893039
stratified_size_rep042,stratified_size,42,b50_lb5_k3_eps0p001,hierarchical_local_aggregate,uniform,300,60,5,0.0,0.0036872231016222834,0.00544531144067793,0.007864035087719327,1.0,1.0,1.0,0.0,0.0,0.0,40000.0,20000.0,0.00544531144067793,0.007864035087719327,b50_lb5_k3_eps0p001,False,0.05,q95,max_ssr,0.00544531144067793
stratified_size_rep042,stratified_size,42,b50_lb5_k3_eps0p001,local_only_offline_aggregate,confidence,300,60,5,0.0,0.0016331208125304,0.003679862072248522,0.006558982035928122,1.0,1.0,1.0,0.0,0.0,0.0,56000.0,20000.0,0.003679862072248522,0.006558982035928122,b50_lb5_k3_eps0p001,False,0.05,q95,max_ssr,0.003679862072248522
stratified_size_rep042,stratified_size,42,b50_lb5_k3_eps0p001,local_only_offline_aggregate,shot_proportional,300,60,5,0.0,0.0012668560858021597,0.003394679354329399,0.006558982035928122,1.0,1.0,1.0,0.0,0.0,0.0,56000.0,20000.0,0.003394679354329399,0.006558982035928122,b50_lb5_k3_eps0p001,False,0.05,q95,max_ssr,0.003394679354329399
stratified_size_rep042,stratified_size,42,b50_lb5_k3_eps0p001,local_only_offline_aggregate,uniform,300,60,5,0.0,0.001366308197688713,0.0035312975085006236,0.006558982035928122,1.0,1.0,1.0,0.0,0.0,0.0,56000.0,20000.0,0.0035312975085006236,0.006558982035928122,b50_lb5_k3_eps0p001,False,0.05,q95,max_ssr,0.0035312975085006236
stratified_size_rep043,stratified_size,43,b50_lb5_k3_eps0p001,aggregate_only_sync,confidence,300,60,5,0.0,0.003378258312779746,0.005211561112268823,0.007864035087719327,1.0,1.0,1.0,0.0,0.0,0.0,40000.0,20000.0,0.005211561112268823,0.007864035087719327,b50_lb5_k3_eps0p001,False,0.05,q95,max_ssr,0.005211561112268823
stratified_size_rep043,stratified_size,43,b50_lb5_k3_eps0p001,aggregate_only_sync,shot_proportional,300,60,5,0.0,0.003378258312779746,0.005211561112268823,0.007864035087719327,1.0,1.0,1.0,0.0,0.0,0.0,40000.0,20000.0,0.005211561112268823,0.007864035087719327,b50_lb5_k3_eps0p001,False,0.05,q95,max_ssr,0.005211561112268823
stratified_size_rep043,stratified_size,43,b50_lb5_k3_eps0p001,aggregate_only_sync,uniform,300,60,5,0.0,0.003378258312779746,0.005211561112268823,0.007864035087719327,1.0,1.0,1.0,0.0,0.0,0.0,40000.0,20000.0,0.005211561112268823,0.007864035087719327,b50_lb5_k3_eps0p001,False,0.05,q95,max_ssr,0.005211561112268823
stratified_size_rep043,stratified_size,43,b50_lb5_k3_eps0p001,hierarchical_local_aggregate,confidence,300,60,5,0.0,0.003421501562704388,0.005158641368545799,0.007499192470095912,1.0,1.0,1.0,0.0,0.0,0.0,40000.0,20000.0,0.005158641368545799,0.007499192470095912,b50_lb5_k3_eps0p001,False,0.05,q95,max_ssr,0.005158641368545799
stratified_size_rep043,stratified_size,43,b50_lb5_k3_eps0p001,hierarchical_local_aggregate,shot_proportional,300,60,5,0.0,0.0034012911548792412,0.005429879106024882,0.007864035087719327,1.0,1.0,1.0,0.0,0.0,0.0,40000.0,20000.0,0.005429879106024882,0.007864035087719327,b50_lb5_k3_eps0p001,False,0.05,q95,max_ssr,0.005429879106024882
stratified_size_rep043,stratified_size,43,b50_lb5_k3_eps0p001,hierarchical_local_aggregate,uniform,300,60,5,0.0,0.0034012911548792412,0.005429879106024882,0.007864035087719327,1.0,1.0,1.0,0.0,0.0,0.0,40000.0,20000.0,0.005429879106024882,0.007864035087719327,b50_lb5_k3_eps0p001,False,0.05,q95,max_ssr,0.005429879106024882
stratified_size_rep043,stratified_size,43,b50_lb5_k3_eps0p001,local_only_offline_aggregate,confidence,300,60,5,0.0,0.0014145095175200134,0.0036964146604884416,0.006558982035928122,1.0,1.0,1.0,0.0,0.0,0.0,56000.0,20000.0,0.0036964146604884416,0.006558982035928122,b50_lb5_k3_eps0p001,False,0.05,q95,max_ssr,0.0036964146604884416
stratified_size_rep043,stratified_size,43,b50_lb5_k3_eps0p001,local_only_offline_aggregate,shot_proportional,300,60,5,0.0,0.0011106616941850042,0.003428004161842324,0.006558982035928122,1.0,1.0,1.0,0.0,0.0,0.0,56000.0,20000.0,0.003428004161842324,0.006558982035928122,b50_lb5_k3_eps0p001,False,0.05,q95,max_ssr,0.003428004161842324
stratified_size_rep043,stratified_size,43,b50_lb5_k3_eps0p001,local_only_offline_aggregate,uniform,300,60,5,0.0,0.001140908997398075,0.003574766021667429,0.006558982035928122,1.0,1.0,1.0,0.0,0.0,0.0,56000.0,20000.0,0.003574766021667429,0.006558982035928122,b50_lb5_k3_eps0p001,False,0.05,q95,max_ssr,0.003574766021667429
stratified_size_rep044,stratified_size,44,b50_lb5_k3_eps0p001,aggregate_only_sync,confidence,300,60,5,0.0,0.0038612893417115483,0.005429930305286874,0.007864035087719327,1.0,1.0,1.0,0.0,0.0,0.0,40000.0,20000.0,0.005429930305286874,0.007864035087719327,b50_lb5_k3_eps0p001,False,0.05,q95,max_ssr,0.005429930305286874
stratified_size_rep044,stratified_size,44,b50_lb5_k3_eps0p001,aggregate_only_sync,shot_proportional,300,60,5,0.0,0.0038612893417115483,0.005429930305286874,0.007864035087719327,1.0,1.0,1.0,0.0,0.0,0.0,40000.0,20000.0,0.005429930305286874,0.007864035087719327,b50_lb5_k3_eps0p001,False,0.05,q95,max_ssr,0.005429930305286874
stratified_size_rep044,stratified_size,44,b50_lb5_k3_eps0p001,aggregate_only_sync,uniform,300,60,5,0.0,0.0038612893417115483,0.005429930305286874,0.007864035087719327,1.0,1.0,1.0,0.0,0.0,0.0,40000.0,20000.0,0.005429930305286874,0.007864035087719327,b50_lb5_k3_eps0p001,False,0.05,q95,max_ssr,0.005429930305286874
stratified_size_rep044,stratified_size,44,b50_lb5_k3_eps0p001,hierarchical_local_aggregate,confidence,300,60,5,0.0,0.003976319583774777,0.005460534694097882,0.007499192470095912,1.0,1.0,1.0,0.0,0.0,0.0,40000.0,20000.0,0.005460534694097882,0.007499192470095912,b50_lb5_k3_eps0p001,False,0.05,q95,max_ssr,0.005460534694097882
stratified_size_rep044,stratified_size,44,b50_lb5_k3_eps0p001,hierarchical_local_aggregate,shot_proportional,300,60,5,0.0,0.003967957166887035,0.005444619103145982,0.007864035087719327,1.0,1.0,1.0,0.0,0.0,0.0,40000.0,20000.0,0.005444619103145982,0.007864035087719327,b50_lb5_k3_eps0p001,False,0.05,q95,max_ssr,0.005444619103145982
stratified_size_rep044,stratified_size,44,b50_lb5_k3_eps0p001,hierarchical_local_aggregate,uniform,300,60,5,0.0,0.003967957166887035,0.00543881812496087,0.007864035087719327,1.0,1.0,1.0,0.0,0.0,0.0,40000.0,20000.0,0.00543881812496087,0.007864035087719327,b50_lb5_k3_eps0p001,False,0.05,q95,max_ssr,0.00543881812496087
stratified_size_rep044,stratified_size,44,b50_lb5_k3_eps0p001,local_only_offline_aggregate,confidence,300,60,5,0.0,0.0014902691970125228,0.0038468410130353373,0.006558982035928122,1.0,1.0,1.0,0.0,0.0,0.0,56625.0,20000.0,0.0038468410130353373,0.006558982035928122,b50_lb5_k3_eps0p001,False,0.05,q95,max_ssr,0.0038468410130353373
stratified_size_rep044,stratified_size,44,b50_lb5_k3_eps0p001,local_only_offline_aggregate,shot_proportional,300,60,5,0.0,0.0011475255427841511,0.00356653362854573,0.006558982035928122,1.0,1.0,1.0,0.0,0.0,0.0,56625.0,20000.0,0.00356653362854573,0.006558982035928122,b50_lb5_k3_eps0p001,False,0.05,q95,max_ssr,0.00356653362854573
stratified_size_rep044,stratified_size,44,b50_lb5_k3_eps0p001,local_only_offline_aggregate,uniform,300,60,5,0.0,0.0011511799372692973,0.0037021229106385008,0.006558982035928122,1.0,1.0,1.0,0.0,0.0,0.0,56625.0,20000.0,0.0037021229106385008,0.006558982035928122,b50_lb5_k3_eps0p001,False,0.05,q95,max_ssr,0.0037021229106385008
stratified_size_rep045,stratified_size,45,b50_lb5_k3_eps0p001,aggregate_only_sync,confidence,300,60,5,0.0,0.004084407776225031,0.00543755119926196,0.007864035087719327,1.0,1.0,1.0,0.0,0.0,0.0,40000.0,20000.0,0.00543755119926196,0.007864035087719327,b50_lb5_k3_eps0p001,False,0.05,q95,max_ssr,0.00543755119926196
stratified_size_rep045,stratified_size,45,b50_lb5_k3_eps0p001,aggregate_only_sync,shot_proportional,300,60,5,0.0,0.004084407776225031,0.00543755119926196,0.007864035087719327,1.0,1.0,1.0,0.0,0.0,0.0,40000.0,20000.0,0.00543755119926196,0.007864035087719327,b50_lb5_k3_eps0p001,False,0.05,q95,max_ssr,0.00543755119926196
stratified_size_rep045,stratified_size,45,b50_lb5_k3_eps0p001,aggregate_only_sync,uniform,300,60,5,0.0,0.004084407776225031,0.00543755119926196,0.007864035087719327,1.0,1.0,1.0,0.0,0.0,0.0,40000.0,20000.0,0.00543755119926196,0.007864035087719327,b50_lb5_k3_eps0p001,False,0.05,q95,max_ssr,0.00543755119926196
stratified_size_rep045,stratified_size,45,b50_lb5_k3_eps0p001,hierarchical_local_aggregate,confidence,300,60,5,0.0,0.004090159031723754,0.005460534694097882,0.007499192470095912,1.0,1.0,1.0,0.0,0.0,0.0,40000.0,20000.0,0.005460534694097882,0.007499192470095912,b50_lb5_k3_eps0p001,False,0.05,q95,max_ssr,0.005460534694097882
stratified_size_rep045,stratified_size,45,b50_lb5_k3_eps0p001,hierarchical_local_aggregate,shot_proportional,300,60,5,0.0,0.0042187947728596475,0.005462725746268716,0.007864035087719327,1.0,1.0,1.0,0.0,0.0,0.0,40000.0,20000.0,0.005462725746268716,0.007864035087719327,b50_lb5_k3_eps0p001,False,0.05,q95,max_ssr,0.005462725746268716
stratified_size_rep045,stratified_size,45,b50_lb5_k3_eps0p001,hierarchical_local_aggregate,uniform,300,60,5,0.0,0.004207198898790286,0.005462725746268716,0.007864035087719327,1.0,1.0,1.0,0.0,0.0,0.0,40000.0,20000.0,0.005462725746268716,0.007864035087719327,b50_lb5_k3_eps0p001,False,0.05,q95,max_ssr,0.005462725746268716
stratified_size_rep045,stratified_size,45,b50_lb5_k3_eps0p001,local_only_offline_aggregate,confidence,300,60,5,0.0,0.001814326021267075,0.0038468410130353373,0.006558982035928122,1.0,1.0,1.0,0.0,0.0,0.0,54275.0,20000.0,0.0038468410130353373,0.006558982035928122,b50_lb5_k3_eps0p001,False,0.05,q95,max_ssr,0.0038468410130353373
stratified_size_rep045,stratified_size,45,b50_lb5_k3_eps0p001,local_only_offline_aggregate,shot_proportional,300,60,5,0.0,0.001412760917476443,0.00356653362854573,0.006558982035928122,1.0,1.0,1.0,0.0,0.0,0.0,54275.0,20000.0,0.00356653362854573,0.006558982035928122,b50_lb5_k3_eps0p001,False,0.05,q95,max_ssr,0.00356653362854573
stratified_size_rep045,stratified_size,45,b50_lb5_k3_eps0p001,local_only_offline_aggregate,uniform,300,60,5,0.0,0.001637580267246965,0.0037021229106385008,0.006558982035928122,1.0,1.0,1.0,0.0,0.0,0.0,54275.0,20000.0,0.0037021229106385008,0.006558982035928122,b50_lb5_k3_eps0p001,False,0.05,q95,max_ssr,0.0037021229106385008
stratified_size_rep046,stratified_size,46,b50_lb5_k3_eps0p001,aggregate_only_sync,confidence,300,60,5,0.0,0.0034012911548792412,0.005333235778509675,0.007864035087719327,1.0,1.0,1.0,0.0,0.0,0.0,40000.0,20000.0,0.005333235778509675,0.007864035087719327,b50_lb5_k3_eps0p001,False,0.05,q95,max_ssr,0.005333235778509675
stratified_size_rep046,stratified_size,46,b50_lb5_k3_eps0p001,aggregate_only_sync,shot_proportional,300,60,5,0.0,0.0034012911548792412,0.005333235778509675,0.007864035087719327,1.0,1.0,1.0,0.0,0.0,0.0,40000.0,20000.0,0.005333235778509675,0.007864035087719327,b50_lb5_k3_eps0p001,False,0.05,q95,max_ssr,0.005333235778509675
stratified_size_rep046,stratified_size,46,b50_lb5_k3_eps0p001,aggregate_only_sync,uniform,300,60,5,0.0,0.0034012911548792412,0.005333235778509675,0.007864035087719327,1.0,1.0,1.0,0.0,0.0,0.0,40000.0,20000.0,0.005333235778509675,0.007864035087719327,b50_lb5_k3_eps0p001,False,0.05,q95,max_ssr,0.005333235778509675
stratified_size_rep046,stratified_size,46,b50_lb5_k3_eps0p001,hierarchical_local_aggregate,confidence,300,60,5,0.0,0.0035165134664215066,0.005333679290889772,0.007499192470095912,1.0,1.0,1.0,0.0,0.0,0.0,40000.0,20000.0,0.005333679290889772,0.007499192470095912,b50_lb5_k3_eps0p001,False,0.05,q95,max_ssr,0.005333679290889772
stratified_size_rep046,stratified_size,46,b50_lb5_k3_eps0p001,hierarchical_local_aggregate,shot_proportional,300,60,5,0.0,0.003459422245125538,0.005438797381807569,0.007864035087719327,1.0,1.0,1.0,0.0,0.0,0.0,40000.0,20000.0,0.005438797381807569,0.007864035087719327,b50_lb5_k3_eps0p001,False,0.05,q95,max_ssr,0.005438797381807569
stratified_size_rep046,stratified_size,46,b50_lb5_k3_eps0p001,hierarchical_local_aggregate,uniform,300,60,5,0.0,0.003459422245125538,0.005437924411627181,0.007864035087719327,1.0,1.0,1.0,0.0,0.0,0.0,40000.0,20000.0,0.005437924411627181,0.007864035087719327,b50_lb5_k3_eps0p001,False,0.05,q95,max_ssr,0.005437924411627181
stratified_size_rep046,stratified_size,46,b50_lb5_k3_eps0p001,local_only_offline_aggregate,confidence,300,60,5,0.0,0.0013745588610087794,0.0036964146604884416,0.006558982035928122,1.0,1.0,1.0,0.0,0.0,0.0,56500.0,20000.0,0.0036964146604884416,0.006558982035928122,b50_lb5_k3_eps0p001,False,0.05,q95,max_ssr,0.0036964146604884416
stratified_size_rep046,stratified_size,46,b50_lb5_k3_eps0p001,local_only_offline_aggregate,shot_proportional,300,60,5,0.0,0.0010965637884652925,0.003428004161842324,0.006558982035928122,1.0,1.0,1.0,0.0,0.0,0.0,56500.0,20000.0,0.003428004161842324,0.006558982035928122,b50_lb5_k3_eps0p001,False,0.05,q95,max_ssr,0.003428004161842324
stratified_size_rep046,stratified_size,46,b50_lb5_k3_eps0p001,local_only_offline_aggregate,uniform,300,60,5,0.0,0.0011477025116908737,0.003574766021667429,0.006558982035928122,1.0,1.0,1.0,0.0,0.0,0.0,56500.0,20000.0,0.003574766021667429,0.006558982035928122,b50_lb5_k3_eps0p001,False,0.05,q95,max_ssr,0.003574766021667429
stratified_size_rep047,stratified_size,47,b50_lb5_k3_eps0p001,aggregate_only_sync,confidence,300,60,5,0.0,0.003378258312779746,0.005429930305286874,0.007864035087719327,1.0,1.0,1.0,0.0,0.0,0.0,40000.0,20000.0,0.005429930305286874,0.007864035087719327,b50_lb5_k3_eps0p001,False,0.05,q95,max_ssr,0.005429930305286874
stratified_size_rep047,stratified_size,47,b50_lb5_k3_eps0p001,aggregate_only_sync,shot_proportional,300,60,5,0.0,0.003378258312779746,0.005429930305286874,0.007864035087719327,1.0,1.0,1.0,0.0,0.0,0.0,40000.0,20000.0,0.005429930305286874,0.007864035087719327,b50_lb5_k3_eps0p001,False,0.05,q95,max_ssr,0.005429930305286874
stratified_size_rep047,stratified_size,47,b50_lb5_k3_eps0p001,aggregate_only_sync,uniform,300,60,5,0.0,0.003378258312779746,0.005429930305286874,0.007864035087719327,1.0,1.0,1.0,0.0,0.0,0.0,40000.0,20000.0,0.005429930305286874,0.007864035087719327,b50_lb5_k3_eps0p001,False,0.05,q95,max_ssr,0.005429930305286874
stratified_size_rep047,stratified_size,47,b50_lb5_k3_eps0p001,hierarchical_local_aggregate,confidence,300,60,5,0.0,0.003443703878903696,0.005460534694097882,0.007499192470095912,1.0,1.0,1.0,0.0,0.0,0.0,40000.0,20000.0,0.005460534694097882,0.007499192470095912,b50_lb5_k3_eps0p001,False,0.05,q95,max_ssr,0.005460534694097882
stratified_size_rep047,stratified_size,47,b50_lb5_k3_eps0p001,hierarchical_local_aggregate,shot_proportional,300,60,5,0.0,0.003378258312779746,0.00543881812496087,0.007864035087719327,1.0,1.0,1.0,0.0,0.0,0.0,40000.0,20000.0,0.00543881812496087,0.007864035087719327,b50_lb5_k3_eps0p001,False,0.05,q95,max_ssr,0.00543881812496087
stratified_size_rep047,stratified_size,47,b50_lb5_k3_eps0p001,hierarchical_local_aggregate,uniform,300,60,5,0.0,0.003378258312779746,0.00543881812496087,0.007864035087719327,1.0,1.0,1.0,0.0,0.0,0.0,40000.0,20000.0,0.00543881812496087,0.007864035087719327,b50_lb5_k3_eps0p001,False,0.05,q95,max_ssr,0.00543881812496087
stratified_size_rep047,stratified_size,47,b50_lb5_k3_eps0p001,local_only_offline_aggregate,confidence,300,60,5,0.0,0.0014145095175200134,0.003498287382629918,0.006558982035928122,1.0,1.0,1.0,0.0,0.0,0.0,56000.0,20000.0,0.003498287382629918,0.006558982035928122,b50_lb5_k3_eps0p001,False,0.05,q95,max_ssr,0.003498287382629918
stratified_size_rep047,stratified_size,47,b50_lb5_k3_eps0p001,local_only_offline_aggregate,shot_proportional,300,60,5,0.0,0.0012376525531596072,0.003394679354329399,0.006558982035928122,1.0,1.0,1.0,0.0,0.0,0.0,56000.0,20000.0,0.003394679354329399,0.006558982035928122,b50_lb5_k3_eps0p001,False,0.05,q95,max_ssr,0.003394679354329399
stratified_size_rep047,stratified_size,47,b50_lb5_k3_eps0p001,local_only_offline_aggregate,uniform,300,60,5,0.0,0.0012439306000373313,0.0035312975085006236,0.006558982035928122,1.0,1.0,1.0,0.0,0.0,0.0,56000.0,20000.0,0.0035312975085006236,0.006558982035928122,b50_lb5_k3_eps0p001,False,0.05,q95,max_ssr,0.0035312975085006236
stratified_size_rep048,stratified_size,48,b50_lb5_k3_eps0p001,aggregate_only_sync,confidence,300,60,5,0.0,0.003738133550925507,0.005429930305286874,0.007864035087719327,1.0,1.0,1.0,0.0,0.0,0.0,40000.0,20000.0,0.005429930305286874,0.007864035087719327,b50_lb5_k3_eps0p001,False,0.05,q95,max_ssr,0.005429930305286874
stratified_size_rep048,stratified_size,48,b50_lb5_k3_eps0p001,aggregate_only_sync,shot_proportional,300,60,5,0.0,0.003738133550925507,0.005429930305286874,0.007864035087719327,1.0,1.0,1.0,0.0,0.0,0.0,40000.0,20000.0,0.005429930305286874,0.007864035087719327,b50_lb5_k3_eps0p001,False,0.05,q95,max_ssr,0.005429930305286874
stratified_size_rep048,stratified_size,48,b50_lb5_k3_eps0p001,aggregate_only_sync,uniform,300,60,5,0.0,0.003738133550925507,0.005429930305286874,0.007864035087719327,1.0,1.0,1.0,0.0,0.0,0.0,40000.0,20000.0,0.005429930305286874,0.007864035087719327,b50_lb5_k3_eps0p001,False,0.05,q95,max_ssr,0.005429930305286874
stratified_size_rep048,stratified_size,48,b50_lb5_k3_eps0p001,hierarchical_local_aggregate,confidence,300,60,5,0.0,0.0037986923369676207,0.005460534694097882,0.007499192470095912,1.0,1.0,1.0,0.0,0.0,0.0,40000.0,20000.0,0.005460534694097882,0.007499192470095912,b50_lb5_k3_eps0p001,False,0.05,q95,max_ssr,0.005460534694097882
stratified_size_rep048,stratified_size,48,b50_lb5_k3_eps0p001,hierarchical_local_aggregate,shot_proportional,300,60,5,0.0,0.0038939019247772656,0.005449345586893039,0.007864035087719327,1.0,1.0,1.0,0.0,0.0,0.0,40000.0,20000.0,0.005449345586893039,0.007864035087719327,b50_lb5_k3_eps0p001,False,0.05,q95,max_ssr,0.005449345586893039
stratified_size_rep048,stratified_size,48,b50_lb5_k3_eps0p001,hierarchical_local_aggregate,uniform,300,60,5,0.0,0.0038939019247772656,0.00544531144067793,0.007864035087719327,1.0,1.0,1.0,0.0,0.0,0.0,40000.0,20000.0,0.00544531144067793,0.007864035087719327,b50_lb5_k3_eps0p001,False,0.05,q95,max_ssr,0.00544531144067793
stratified_size_rep048,stratified_size,48,b50_lb5_k3_eps0p001,local_only_offline_aggregate,confidence,300,60,5,0.0,0.0017006430691413493,0.003679862072248522,0.006558982035928122,1.0,1.0,1.0,0.0,0.0,0.0,55350.0,20000.0,0.003679862072248522,0.006558982035928122,b50_lb5_k3_eps0p001,False,0.05,q95,max_ssr,0.003679862072248522
stratified_size_rep048,stratified_size,48,b50_lb5_k3_eps0p001,local_only_offline_aggregate,shot_proportional,300,60,5,0.0,0.0013386947518779625,0.003394679354329399,0.006558982035928122,1.0,1.0,1.0,0.0,0.0,0.0,55350.0,20000.0,0.003394679354329399,0.006558982035928122,b50_lb5_k3_eps0p001,False,0.05,q95,max_ssr,0.003394679354329399
stratified_size_rep048,stratified_size,48,b50_lb5_k3_eps0p001,local_only_offline_aggregate,uniform,300,60,5,0.0,0.001480143754130857,0.0035312975085006236,0.006558982035928122,1.0,1.0,1.0,0.0,0.0,0.0,55350.0,20000.0,0.0035312975085006236,0.006558982035928122,b50_lb5_k3_eps0p001,False,0.05,q95,max_ssr,0.0035312975085006236
stratified_size_rep049,stratified_size,49,b50_lb5_k3_eps0p001,aggregate_only_sync,confidence,300,60,5,0.0,0.003378183072009281,0.005409192848036049,0.007864035087719327,1.0,1.0,1.0,0.0,0.0,0.0,40400.0,20000.0,0.005409192848036049,0.007864035087719327,b50_lb5_k3_eps0p001,False,0.05,q95,max_ssr,0.005409192848036049
stratified_size_rep049,stratified_size,49,b50_lb5_k3_eps0p001,aggregate_only_sync,shot_proportional,300,60,5,0.0,0.003378183072009281,0.005409192848036049,0.007864035087719327,1.0,1.0,1.0,0.0,0.0,0.0,40400.0,20000.0,0.005409192848036049,0.007864035087719327,b50_lb5_k3_eps0p001,False,0.05,q95,max_ssr,0.005409192848036049
stratified_size_rep049,stratified_size,49,b50_lb5_k3_eps0p001,aggregate_only_sync,uniform,300,60,5,0.0,0.003378183072009281,0.005409192848036049,0.007864035087719327,1.0,1.0,1.0,0.0,0.0,0.0,40400.0,20000.0,0.005409192848036049,0.007864035087719327,b50_lb5_k3_eps0p001,False,0.05,q95,max_ssr,0.005409192848036049
stratified_size_rep049,stratified_size,49,b50_lb5_k3_eps0p001,hierarchical_local_aggregate,confidence,300,60,5,0.0,0.0035165134664215066,0.005405796536364361,0.007499192470095912,1.0,1.0,1.0,0.0,0.0,0.0,40400.0,20000.0,0.005405796536364361,0.007499192470095912,b50_lb5_k3_eps0p001,False,0.05,q95,max_ssr,0.005405796536364361
stratified_size_rep049,stratified_size,49,b50_lb5_k3_eps0p001,hierarchical_local_aggregate,shot_proportional,300,60,5,0.0,0.0036876751000571527,0.005444619103145982,0.007864035087719327,1.0,1.0,1.0,0.0,0.0,0.0,40400.0,20000.0,0.005444619103145982,0.007864035087719327,b50_lb5_k3_eps0p001,False,0.05,q95,max_ssr,0.005444619103145982
stratified_size_rep049,stratified_size,49,b50_lb5_k3_eps0p001,hierarchical_local_aggregate,uniform,300,60,5,0.0,0.0036872231016222834,0.005444012659748243,0.007864035087719327,1.0,1.0,1.0,0.0,0.0,0.0,40400.0,20000.0,0.005444012659748243,0.007864035087719327,b50_lb5_k3_eps0p001,False,0.05,q95,max_ssr,0.005444012659748243
stratified_size_rep049,stratified_size,49,b50_lb5_k3_eps0p001,local_only_offline_aggregate,confidence,300,60,5,0.0,0.0014902691970125228,0.0034604161123469616,0.006056896551724079,1.0,1.0,1.0,0.0,0.0,0.0,56975.0,20000.0,0.0034604161123469616,0.006056896551724079,b50_lb5_k3_eps0p001,False,0.05,q95,max_ssr,0.0034604161123469616
stratified_size_rep049,stratified_size,49,b50_lb5_k3_eps0p001,local_only_offline_aggregate,shot_proportional,300,60,5,0.0,0.0012357992266724906,0.0032813283187399555,0.006056896551724079,1.0,1.0,1.0,0.0,0.0,0.0,56975.0,20000.0,0.0032813283187399555,0.006056896551724079,b50_lb5_k3_eps0p001,False,0.05,q95,max_ssr,0.0032813283187399555
stratified_size_rep049,stratified_size,49,b50_lb5_k3_eps0p001,local_only_offline_aggregate,uniform,300,60,5,0.0,0.0012439306000373313,0.0033759044715446834,0.006056896551724079,1.0,1.0,1.0,0.0,0.0,0.0,56975.0,20000.0,0.0033759044715446834,0.006056896551724079,b50_lb5_k3_eps0p001,False,0.05,q95,max_ssr,0.0033759044715446834
stratified_size_rep050,stratified_size,50,b50_lb5_k3_eps0p001,aggregate_only_sync,confidence,300,60,5,0.0,0.00368557834441978,0.005429879106024882,0.007864035087719327,1.0,1.0,1.0,0.0,0.0,0.0,40000.0,20000.0,0.005429879106024882,0.007864035087719327,b50_lb5_k3_eps0p001,False,0.05,q95,max_ssr,0.005429879106024882
stratified_size_rep050,stratified_size,50,b50_lb5_k3_eps0p001,aggregate_only_sync,shot_proportional,300,60,5,0.0,0.00368557834441978,0.005429879106024882,0.007864035087719327,1.0,1.0,1.0,0.0,0.0,0.0,40000.0,20000.0,0.005429879106024882,0.007864035087719327,b50_lb5_k3_eps0p001,False,0.05,q95,max_ssr,0.005429879106024882
stratified_size_rep050,stratified_size,50,b50_lb5_k3_eps0p001,aggregate_only_sync,uniform,300,60,5,0.0,0.00368557834441978,0.005429879106024882,0.007864035087719327,1.0,1.0,1.0,0.0,0.0,0.0,40000.0,20000.0,0.005429879106024882,0.007864035087719327,b50_lb5_k3_eps0p001,False,0.05,q95,max_ssr,0.005429879106024882
stratified_size_rep050,stratified_size,50,b50_lb5_k3_eps0p001,hierarchical_local_aggregate,confidence,300,60,5,0.0,0.003639198712178704,0.005338915804503898,0.007499192470095912,1.0,1.0,1.0,0.0,0.0,0.0,40000.0,20000.0,0.005338915804503898,0.007499192470095912,b50_lb5_k3_eps0p001,False,0.05,q95,max_ssr,0.005338915804503898
stratified_size_rep050,stratified_size,50,b50_lb5_k3_eps0p001,hierarchical_local_aggregate,shot_proportional,300,60,5,0.0,0.003700436119304069,0.005444619103145982,0.007864035087719327,1.0,1.0,1.0,0.0,0.0,0.0,40000.0,20000.0,0.005444619103145982,0.007864035087719327,b50_lb5_k3_eps0p001,False,0.05,q95,max_ssr,0.005444619103145982
stratified_size_rep050,stratified_size,50,b50_lb5_k3_eps0p001,hierarchical_local_aggregate,uniform,300,60,5,0.0,0.003697071677651359,0.005444012659748243,0.007864035087719327,1.0,1.0,1.0,0.0,0.0,0.0,40000.0,20000.0,0.005444012659748243,0.007864035087719327,b50_lb5_k3_eps0p001,False,0.05,q95,max_ssr,0.005444012659748243
stratified_size_rep050,stratified_size,50,b50_lb5_k3_eps0p001,local_only_offline_aggregate,confidence,300,60,5,0.0,0.0016421780269844232,0.003679862072248522,0.006558982035928122,1.0,1.0,1.0,0.0,0.0,0.0,55350.0,20000.0,0.003679862072248522,0.006558982035928122,b50_lb5_k3_eps0p001,False,0.05,q95,max_ssr,0.003679862072248522
stratified_size_rep050,stratified_size,50,b50_lb5_k3_eps0p001,local_only_offline_aggregate,shot_proportional,300,60,5,0.0,0.001306021028137554,0.003397795616575443,0.006558982035928122,1.0,1.0,1.0,0.0,0.0,0.0,55350.0,20000.0,0.003397795616575443,0.006558982035928122,b50_lb5_k3_eps0p001,False,0.05,q95,max_ssr,0.003397795616575443
stratified_size_rep050,stratified_size,50,b50_lb5_k3_eps0p001,local_only_offline_aggregate,uniform,300,60,5,0.0,0.0013891532709220922,0.0035247890005380674,0.006558982035928122,1.0,1.0,1.0,0.0,0.0,0.0,55350.0,20000.0,0.0035247890005380674,0.006558982035928122,b50_lb5_k3_eps0p001,False,0.05,q95,max_ssr,0.0035247890005380674
stratified_size_rep051,stratified_size,51,b50_lb5_k3_eps0p001,aggregate_only_sync,confidence,300,60,5,0.0,0.0036921374060438494,0.005333235778509675,0.006197794117647036,1.0,1.0,1.0,0.0,0.0,0.0,40000.0,20000.0,0.005333235778509675,0.006197794117647036,b50_lb5_k3_eps0p001,False,0.05,q95,max_ssr,0.005333235778509675
stratified_size_rep051,stratified_size,51,b50_lb5_k3_eps0p001,aggregate_only_sync,shot_proportional,300,60,5,0.0,0.0036921374060438494,0.005333235778509675,0.006197794117647036,1.0,1.0,1.0,0.0,0.0,0.0,40000.0,20000.0,0.005333235778509675,0.006197794117647036,b50_lb5_k3_eps0p001,False,0.05,q95,max_ssr,0.005333235778509675
stratified_size_rep051,stratified_size,51,b50_lb5_k3_eps0p001,aggregate_only_sync,uniform,300,60,5,0.0,0.0036921374060438494,0.005333235778509675,0.006197794117647036,1.0,1.0,1.0,0.0,0.0,0.0,40000.0,20000.0,0.005333235778509675,0.006197794117647036,b50_lb5_k3_eps0p001,False,0.05,q95,max_ssr,0.005333235778509675
stratified_size_rep051,stratified_size,51,b50_lb5_k3_eps0p001,hierarchical_local_aggregate,confidence,300,60,5,0.0,0.0037986923369676207,0.005333679290889772,0.007229347070130044,1.0,1.0,1.0,0.0,0.0,0.0,40000.0,20000.0,0.005333679290889772,0.007229347070130044,b50_lb5_k3_eps0p001,False,0.05,q95,max_ssr,0.005333679290889772
stratified_size_rep051,stratified_size,51,b50_lb5_k3_eps0p001,hierarchical_local_aggregate,shot_proportional,300,60,5,0.0,0.00386280224860881,0.005444012659748243,0.006197794117647036,1.0,1.0,1.0,0.0,0.0,0.0,40000.0,20000.0,0.005444012659748243,0.006197794117647036,b50_lb5_k3_eps0p001,False,0.05,q95,max_ssr,0.005444012659748243
stratified_size_rep051,stratified_size,51,b50_lb5_k3_eps0p001,hierarchical_local_aggregate,uniform,300,60,5,0.0,0.00386280224860881,0.005438797381807569,0.006197794117647036,1.0,1.0,1.0,0.0,0.0,0.0,40000.0,20000.0,0.005438797381807569,0.006197794117647036,b50_lb5_k3_eps0p001,False,0.05,q95,max_ssr,0.005438797381807569
stratified_size_rep051,stratified_size,51,b50_lb5_k3_eps0p001,local_only_offline_aggregate,confidence,300,60,5,0.0,0.0016787409500390218,0.003585169909319698,0.006056896551724079,1.0,1.0,1.0,0.0,0.0,0.0,56175.0,20000.0,0.003585169909319698,0.006056896551724079,b50_lb5_k3_eps0p001,False,0.05,q95,max_ssr,0.003585169909319698
stratified_size_rep051,stratified_size,51,b50_lb5_k3_eps0p001,local_only_offline_aggregate,shot_proportional,300,60,5,0.0,0.001306021028137554,0.0033693324311890134,0.006056896551724079,1.0,1.0,1.0,0.0,0.0,0.0,56175.0,20000.0,0.0033693324311890134,0.006056896551724079,b50_lb5_k3_eps0p001,False,0.05,q95,max_ssr,0.0033693324311890134
stratified_size_rep051,stratified_size,51,b50_lb5_k3_eps0p001,local_only_offline_aggregate,uniform,300,60,5,0.0,0.0013944827568017166,0.0034938689963514295,0.006056896551724079,1.0,1.0,1.0,0.0,0.0,0.0,56175.0,20000.0,0.0034938689963514295,0.006056896551724079,b50_lb5_k3_eps0p001,False,0.05,q95,max_ssr,0.0034938689963514295
stratified_size_rep052,stratified_size,52,b50_lb5_k3_eps0p001,aggregate_only_sync,confidence,300,60,5,0.0,0.0039272820429408295,0.00543755119926196,0.007864035087719327,1.0,1.0,1.0,0.0,0.0,0.0,40000.0,20000.0,0.00543755119926196,0.007864035087719327,b50_lb5_k3_eps0p001,False,0.05,q95,max_ssr,0.00543755119926196
stratified_size_rep052,stratified_size,52,b50_lb5_k3_eps0p001,aggregate_only_sync,shot_proportional,300,60,5,0.0,0.0039272820429408295,0.00543755119926196,0.007864035087719327,1.0,1.0,1.0,0.0,0.0,0.0,40000.0,20000.0,0.00543755119926196,0.007864035087719327,b50_lb5_k3_eps0p001,False,0.05,q95,max_ssr,0.00543755119926196
stratified_size_rep052,stratified_size,52,b50_lb5_k3_eps0p001,aggregate_only_sync,uniform,300,60,5,0.0,0.0039272820429408295,0.00543755119926196,0.007864035087719327,1.0,1.0,1.0,0.0,0.0,0.0,40000.0,20000.0,0.00543755119926196,0.007864035087719327,b50_lb5_k3_eps0p001,False,0.05,q95,max_ssr,0.00543755119926196
stratified_size_rep052,stratified_size,52,b50_lb5_k3_eps0p001,hierarchical_local_aggregate,confidence,300,60,5,0.0,0.0040386557529917665,0.005460534694097882,0.007499192470095912,1.0,1.0,1.0,0.0,0.0,0.0,40000.0,20000.0,0.005460534694097882,0.007499192470095912,b50_lb5_k3_eps0p001,False,0.05,q95,max_ssr,0.005460534694097882
stratified_size_rep052,stratified_size,52,b50_lb5_k3_eps0p001,hierarchical_local_aggregate,shot_proportional,300,60,5,0.0,0.004134584649250142,0.00544531144067793,0.007864035087719327,1.0,1.0,1.0,0.0,0.0,0.0,40000.0,20000.0,0.00544531144067793,0.007864035087719327,b50_lb5_k3_eps0p001,False,0.05,q95,max_ssr,0.00544531144067793
stratified_size_rep052,stratified_size,52,b50_lb5_k3_eps0p001,hierarchical_local_aggregate,uniform,300,60,5,0.0,0.004130266672328301,0.00544531144067793,0.007864035087719327,1.0,1.0,1.0,0.0,0.0,0.0,40000.0,20000.0,0.00544531144067793,0.007864035087719327,b50_lb5_k3_eps0p001,False,0.05,q95,max_ssr,0.00544531144067793
stratified_size_rep052,stratified_size,52,b50_lb5_k3_eps0p001,local_only_offline_aggregate,confidence,300,60,5,0.0,0.0017500165317637087,0.0037064813874611853,0.006558982035928122,1.0,1.0,1.0,0.0,0.0,0.0,54875.0,20000.0,0.0037064813874611853,0.006558982035928122,b50_lb5_k3_eps0p001,False,0.05,q95,max_ssr,0.0037064813874611853
stratified_size_rep052,stratified_size,52,b50_lb5_k3_eps0p001,local_only_offline_aggregate,shot_proportional,300,60,5,0.0,0.0013386947518779625,0.00356653362854573,0.006558982035928122,1.0,1.0,1.0,0.0,0.0,0.0,54875.0,20000.0,0.00356653362854573,0.006558982035928122,b50_lb5_k3_eps0p001,False,0.05,q95,max_ssr,0.00356653362854573
stratified_size_rep052,stratified_size,52,b50_lb5_k3_eps0p001,local_only_offline_aggregate,uniform,300,60,5,0.0,0.001514808251785005,0.0037021229106385008,0.006558982035928122,1.0,1.0,1.0,0.0,0.0,0.0,54875.0,20000.0,0.0037021229106385008,0.006558982035928122,b50_lb5_k3_eps0p001,False,0.05,q95,max_ssr,0.0037021229106385008
stratified_size_rep053,stratified_size,53,b50_lb5_k3_eps0p001,aggregate_only_sync,confidence,300,60,5,0.0,0.004013398716920576,0.00543755119926196,0.007864035087719327,1.0,1.0,1.0,0.0,0.0,0.0,40000.0,20000.0,0.00543755119926196,0.007864035087719327,b50_lb5_k3_eps0p001,False,0.05,q95,max_ssr,0.00543755119926196
stratified_size_rep053,stratified_size,53,b50_lb5_k3_eps0p001,aggregate_only_sync,shot_proportional,300,60,5,0.0,0.004013398716920576,0.00543755119926196,0.007864035087719327,1.0,1.0,1.0,0.0,0.0,0.0,40000.0,20000.0,0.00543755119926196,0.007864035087719327,b50_lb5_k3_eps0p001,False,0.05,q95,max_ssr,0.00543755119926196
stratified_size_rep053,stratified_size,53,b50_lb5_k3_eps0p001,aggregate_only_sync,uniform,300,60,5,0.0,0.004013398716920576,0.00543755119926196,0.007864035087719327,1.0,1.0,1.0,0.0,0.0,0.0,40000.0,20000.0,0.00543755119926196,0.007864035087719327,b50_lb5_k3_eps0p001,False,0.05,q95,max_ssr,0.00543755119926196
stratified_size_rep053,stratified_size,53,b50_lb5_k3_eps0p001,hierarchical_local_aggregate,confidence,300,60,5,0.0,0.004052263565280454,0.005460534694097882,0.007499192470095912,1.0,1.0,1.0,0.0,0.0,0.0,40000.0,20000.0,0.005460534694097882,0.007499192470095912,b50_lb5_k3_eps0p001,False,0.05,q95,max_ssr,0.005460534694097882
stratified_size_rep053,stratified_size,53,b50_lb5_k3_eps0p001,hierarchical_local_aggregate,shot_proportional,300,60,5,0.0,0.004134584649250142,0.005449345586893039,0.007864035087719327,1.0,1.0,1.0,0.0,0.0,0.0,40000.0,20000.0,0.005449345586893039,0.007864035087719327,b50_lb5_k3_eps0p001,False,0.05,q95,max_ssr,0.005449345586893039
stratified_size_rep053,stratified_size,53,b50_lb5_k3_eps0p001,hierarchical_local_aggregate,uniform,300,60,5,0.0,0.004130266672328301,0.00544531144067793,0.007864035087719327,1.0,1.0,1.0,0.0,0.0,0.0,40000.0,20000.0,0.00544531144067793,0.007864035087719327,b50_lb5_k3_eps0p001,False,0.05,q95,max_ssr,0.00544531144067793
stratified_size_rep053,stratified_size,53,b50_lb5_k3_eps0p001,local_only_offline_aggregate,confidence,300,60,5,0.0,0.0016421780269844232,0.0038468410130353373,0.006558982035928122,1.0,1.0,1.0,0.0,0.0,0.0,56125.0,20000.0,0.0038468410130353373,0.006558982035928122,b50_lb5_k3_eps0p001,False,0.05,q95,max_ssr,0.0038468410130353373
stratified_size_rep053,stratified_size,53,b50_lb5_k3_eps0p001,local_only_offline_aggregate,shot_proportional,300,60,5,0.0,0.001306021028137554,0.00356653362854573,0.006558982035928122,1.0,1.0,1.0,0.0,0.0,0.0,56125.0,20000.0,0.00356653362854573,0.006558982035928122,b50_lb5_k3_eps0p001,False,0.05,q95,max_ssr,0.00356653362854573
stratified_size_rep053,stratified_size,53,b50_lb5_k3_eps0p001,local_only_offline_aggregate,uniform,300,60,5,0.0,0.0013891532709220922,0.0037021229106385008,0.006558982035928122,1.0,1.0,1.0,0.0,0.0,0.0,56125.0,20000.0,0.0037021229106385008,0.006558982035928122,b50_lb5_k3_eps0p001,False,0.05,q95,max_ssr,0.0037021229106385008
stratified_size_rep054,stratified_size,54,b50_lb5_k3_eps0p001,aggregate_only_sync,confidence,300,60,5,0.0,0.003378258312779746,0.005313209739818092,0.007864035087719327,1.0,1.0,1.0,0.0,0.0,0.0,40000.0,20000.0,0.005313209739818092,0.007864035087719327,b50_lb5_k3_eps0p001,False,0.05,q95,max_ssr,0.005313209739818092
stratified_size_rep054,stratified_size,54,b50_lb5_k3_eps0p001,aggregate_only_sync,shot_proportional,300,60,5,0.0,0.003378258312779746,0.005313209739818092,0.007864035087719327,1.0,1.0,1.0,0.0,0.0,0.0,40000.0,20000.0,0.005313209739818092,0.007864035087719327,b50_lb5_k3_eps0p001,False,0.05,q95,max_ssr,0.005313209739818092
stratified_size_rep054,stratified_size,54,b50_lb5_k3_eps0p001,aggregate_only_sync,uniform,300,60,5,0.0,0.003378258312779746,0.005313209739818092,0.007864035087719327,1.0,1.0,1.0,0.0,0.0,0.0,40000.0,20000.0,0.005313209739818092,0.007864035087719327,b50_lb5_k3_eps0p001,False,0.05,q95,max_ssr,0.005313209739818092
stratified_size_rep054,stratified_size,54,b50_lb5_k3_eps0p001,hierarchical_local_aggregate,confidence,300,60,5,0.0,0.003447333870475441,0.005333679290889772,0.007499192470095912,1.0,1.0,1.0,0.0,0.0,0.0,40000.0,20000.0,0.005333679290889772,0.007499192470095912,b50_lb5_k3_eps0p001,False,0.05,q95,max_ssr,0.005333679290889772
stratified_size_rep054,stratified_size,54,b50_lb5_k3_eps0p001,hierarchical_local_aggregate,shot_proportional,300,60,5,0.0,0.003459422245125538,0.005444224983233248,0.007864035087719327,1.0,1.0,1.0,0.0,0.0,0.0,40000.0,20000.0,0.005444224983233248,0.007864035087719327,b50_lb5_k3_eps0p001,False,0.05,q95,max_ssr,0.005444224983233248
stratified_size_rep054,stratified_size,54,b50_lb5_k3_eps0p001,hierarchical_local_aggregate,uniform,300,60,5,0.0,0.003459422245125538,0.005438197808194938,0.007864035087719327,1.0,1.0,1.0,0.0,0.0,0.0,40000.0,20000.0,0.005438197808194938,0.007864035087719327,b50_lb5_k3_eps0p001,False,0.05,q95,max_ssr,0.005438197808194938
stratified_size_rep054,stratified_size,54,b50_lb5_k3_eps0p001,local_only_offline_aggregate,confidence,300,60,5,0.0,0.0016331208125304,0.003593528818701647,0.006558982035928122,1.0,1.0,1.0,0.0,0.0,0.0,54275.0,20000.0,0.003593528818701647,0.006558982035928122,b50_lb5_k3_eps0p001,False,0.05,q95,max_ssr,0.003593528818701647
stratified_size_rep054,stratified_size,54,b50_lb5_k3_eps0p001,local_only_offline_aggregate,shot_proportional,300,60,5,0.0,0.0013277140896080202,0.0033693324311890134,0.006558982035928122,1.0,1.0,1.0,0.0,0.0,0.0,54275.0,20000.0,0.0033693324311890134,0.006558982035928122,b50_lb5_k3_eps0p001,False,0.05,q95,max_ssr,0.0033693324311890134
stratified_size_rep054,stratified_size,54,b50_lb5_k3_eps0p001,local_only_offline_aggregate,uniform,300,60,5,0.0,0.0013666474307355997,0.003493032108473418,0.006558982035928122,1.0,1.0,1.0,0.0,0.0,0.0,54275.0,20000.0,0.003493032108473418,0.006558982035928122,b50_lb5_k3_eps0p001,False,0.05,q95,max_ssr,0.003493032108473418
stratified_size_rep055,stratified_size,55,b50_lb5_k3_eps0p001,aggregate_only_sync,confidence,300,60,5,0.0,0.0038749167192410794,0.005429879106024882,0.007864035087719327,1.0,1.0,1.0,0.0,0.0,0.0,40000.0,20000.0,0.005429879106024882,0.007864035087719327,b50_lb5_k3_eps0p001,False,0.05,q95,max_ssr,0.005429879106024882
stratified_size_rep055,stratified_size,55,b50_lb5_k3_eps0p001,aggregate_only_sync,shot_proportional,300,60,5,0.0,0.0038749167192410794,0.005429879106024882,0.007864035087719327,1.0,1.0,1.0,0.0,0.0,0.0,40000.0,20000.0,0.005429879106024882,0.007864035087719327,b50_lb5_k3_eps0p001,False,0.05,q95,max_ssr,0.005429879106024882
stratified_size_rep055,stratified_size,55,b50_lb5_k3_eps0p001,aggregate_only_sync,uniform,300,60,5,0.0,0.0038749167192410794,0.005429879106024882,0.007864035087719327,1.0,1.0,1.0,0.0,0.0,0.0,40000.0,20000.0,0.005429879106024882,0.007864035087719327,b50_lb5_k3_eps0p001,False,0.05,q95,max_ssr,0.005429879106024882
stratified_size_rep055,stratified_size,55,b50_lb5_k3_eps0p001,hierarchical_local_aggregate,confidence,300,60,5,0.0,0.004024900855239955,0.005338915804503898,0.007499192470095912,1.0,1.0,1.0,0.0,0.0,0.0,40000.0,20000.0,0.005338915804503898,0.007499192470095912,b50_lb5_k3_eps0p001,False,0.05,q95,max_ssr,0.005338915804503898
stratified_size_rep055,stratified_size,55,b50_lb5_k3_eps0p001,hierarchical_local_aggregate,shot_proportional,300,60,5,0.0,0.0040629215344674535,0.005449345586893039,0.007864035087719327,1.0,1.0,1.0,0.0,0.0,0.0,40000.0,20000.0,0.005449345586893039,0.007864035087719327,b50_lb5_k3_eps0p001,False,0.05,q95,max_ssr,0.005449345586893039
stratified_size_rep055,stratified_size,55,b50_lb5_k3_eps0p001,hierarchical_local_aggregate,uniform,300,60,5,0.0,0.0040629215344674535,0.00544531144067793,0.007864035087719327,1.0,1.0,1.0,0.0,0.0,0.0,40000.0,20000.0,0.00544531144067793,0.007864035087719327,b50_lb5_k3_eps0p001,False,0.05,q95,max_ssr,0.00544531144067793
stratified_size_rep055,stratified_size,55,b50_lb5_k3_eps0p001,local_only_offline_aggregate,confidence,300,60,5,0.0,0.0017221016832160028,0.003679862072248522,0.006558982035928122,1.0,1.0,1.0,0.0,0.0,0.0,56000.0,20000.0,0.003679862072248522,0.006558982035928122,b50_lb5_k3_eps0p001,False,0.05,q95,max_ssr,0.003679862072248522
stratified_size_rep055,stratified_size,55,b50_lb5_k3_eps0p001,local_only_offline_aggregate,shot_proportional,300,60,5,0.0,0.0013331251484556192,0.003397795616575443,0.006558982035928122,1.0,1.0,1.0,0.0,0.0,0.0,56000.0,20000.0,0.003397795616575443,0.006558982035928122,b50_lb5_k3_eps0p001,False,0.05,q95,max_ssr,0.003397795616575443
stratified_size_rep055,stratified_size,55,b50_lb5_k3_eps0p001,local_only_offline_aggregate,uniform,300,60,5,0.0,0.0014892448829061274,0.0035247890005380674,0.006558982035928122,1.0,1.0,1.0,0.0,0.0,0.0,56000.0,20000.0,0.0035247890005380674,0.006558982035928122,b50_lb5_k3_eps0p001,False,0.05,q95,max_ssr,0.0035247890005380674
stratified_size_rep056,stratified_size,56,b50_lb5_k3_eps0p001,aggregate_only_sync,confidence,300,60,5,0.0,0.003145047165609009,0.005333235778509675,0.006558982035928122,1.0,1.0,1.0,0.0,0.0,0.0,40000.0,20000.0,0.005333235778509675,0.006558982035928122,b50_lb5_k3_eps0p001,False,0.05,q95,max_ssr,0.005333235778509675
stratified_size_rep056,stratified_size,56,b50_lb5_k3_eps0p001,aggregate_only_sync,shot_proportional,300,60,5,0.0,0.003145047165609009,0.005333235778509675,0.006558982035928122,1.0,1.0,1.0,0.0,0.0,0.0,40000.0,20000.0,0.005333235778509675,0.006558982035928122,b50_lb5_k3_eps0p001,False,0.05,q95,max_ssr,0.005333235778509675
stratified_size_rep056,stratified_size,56,b50_lb5_k3_eps0p001,aggregate_only_sync,uniform,300,60,5,0.0,0.003145047165609009,0.005333235778509675,0.006558982035928122,1.0,1.0,1.0,0.0,0.0,0.0,40000.0,20000.0,0.005333235778509675,0.006558982035928122,b50_lb5_k3_eps0p001,False,0.05,q95,max_ssr,0.005333235778509675
stratified_size_rep056,stratified_size,56,b50_lb5_k3_eps0p001,hierarchical_local_aggregate,confidence,300,60,5,0.0,0.003170700488229749,0.005333679290889772,0.007229347070130044,1.0,1.0,1.0,0.0,0.0,0.0,40000.0,20000.0,0.005333679290889772,0.007229347070130044,b50_lb5_k3_eps0p001,False,0.05,q95,max_ssr,0.005333679290889772
stratified_size_rep056,stratified_size,56,b50_lb5_k3_eps0p001,hierarchical_local_aggregate,shot_proportional,300,60,5,0.0,0.003218000300928713,0.005444012659748243,0.006558982035928122,1.0,1.0,1.0,0.0,0.0,0.0,40000.0,20000.0,0.005444012659748243,0.006558982035928122,b50_lb5_k3_eps0p001,False,0.05,q95,max_ssr,0.005444012659748243
stratified_size_rep056,stratified_size,56,b50_lb5_k3_eps0p001,hierarchical_local_aggregate,uniform,300,60,5,0.0,0.003228896720969117,0.005438797381807569,0.006558982035928122,1.0,1.0,1.0,0.0,0.0,0.0,40000.0,20000.0,0.005438797381807569,0.006558982035928122,b50_lb5_k3_eps0p001,False,0.05,q95,max_ssr,0.005438797381807569
stratified_size_rep056,stratified_size,56,b50_lb5_k3_eps0p001,local_only_offline_aggregate,confidence,300,60,5,0.0,0.0013540553694177467,0.0037058150216703984,0.006558982035928122,1.0,1.0,1.0,0.0,0.0,0.0,55350.0,20000.0,0.0037058150216703984,0.006558982035928122,b50_lb5_k3_eps0p001,False,0.05,q95,max_ssr,0.0037058150216703984
stratified_size_rep056,stratified_size,56,b50_lb5_k3_eps0p001,local_only_offline_aggregate,shot_proportional,300,60,5,0.0,0.0010063855571457478,0.003490832079128021,0.006558982035928122,1.0,1.0,1.0,0.0,0.0,0.0,55350.0,20000.0,0.003490832079128021,0.006558982035928122,b50_lb5_k3_eps0p001,False,0.05,q95,max_ssr,0.003490832079128021
stratified_size_rep056,stratified_size,56,b50_lb5_k3_eps0p001,local_only_offline_aggregate,uniform,300,60,5,0.0,0.001076177074592119,0.0036985110618310167,0.006558982035928122,1.0,1.0,1.0,0.0,0.0,0.0,55350.0,20000.0,0.0036985110618310167,0.006558982035928122,b50_lb5_k3_eps0p001,False,0.05,q95,max_ssr,0.0036985110618310167
stratified_size_rep057,stratified_size,57,b50_lb5_k3_eps0p001,aggregate_only_sync,confidence,300,60,5,0.0,0.003234284584086799,0.005409192848036049,0.007864035087719327,1.0,1.0,1.0,0.0,0.0,0.0,40000.0,20000.0,0.005409192848036049,0.007864035087719327,b50_lb5_k3_eps0p001,False,0.05,q95,max_ssr,0.005409192848036049
stratified_size_rep057,stratified_size,57,b50_lb5_k3_eps0p001,aggregate_only_sync,shot_proportional,300,60,5,0.0,0.003234284584086799,0.005409192848036049,0.007864035087719327,1.0,1.0,1.0,0.0,0.0,0.0,40000.0,20000.0,0.005409192848036049,0.007864035087719327,b50_lb5_k3_eps0p001,False,0.05,q95,max_ssr,0.005409192848036049
stratified_size_rep057,stratified_size,57,b50_lb5_k3_eps0p001,aggregate_only_sync,uniform,300,60,5,0.0,0.003234284584086799,0.005409192848036049,0.007864035087719327,1.0,1.0,1.0,0.0,0.0,0.0,40000.0,20000.0,0.005409192848036049,0.007864035087719327,b50_lb5_k3_eps0p001,False,0.05,q95,max_ssr,0.005409192848036049
stratified_size_rep057,stratified_size,57,b50_lb5_k3_eps0p001,hierarchical_local_aggregate,confidence,300,60,5,0.0,0.003421501562704388,0.005460534694097882,0.007499192470095912,1.0,1.0,1.0,0.0,0.0,0.0,40000.0,20000.0,0.005460534694097882,0.007499192470095912,b50_lb5_k3_eps0p001,False,0.05,q95,max_ssr,0.005460534694097882
stratified_size_rep057,stratified_size,57,b50_lb5_k3_eps0p001,hierarchical_local_aggregate,shot_proportional,300,60,5,0.0,0.003378258312779746,0.005449345586893039,0.007864035087719327,1.0,1.0,1.0,0.0,0.0,0.0,40000.0,20000.0,0.005449345586893039,0.007864035087719327,b50_lb5_k3_eps0p001,False,0.05,q95,max_ssr,0.005449345586893039
stratified_size_rep057,stratified_size,57,b50_lb5_k3_eps0p001,hierarchical_local_aggregate,uniform,300,60,5,0.0,0.003378258312779746,0.00544531144067793,0.007864035087719327,1.0,1.0,1.0,0.0,0.0,0.0,40000.0,20000.0,0.00544531144067793,0.007864035087719327,b50_lb5_k3_eps0p001,False,0.05,q95,max_ssr,0.00544531144067793
stratified_size_rep057,stratified_size,57,b50_lb5_k3_eps0p001,local_only_offline_aggregate,confidence,300,60,5,0.0,0.0013800254754931086,0.003679862072248522,0.006558982035928122,1.0,1.0,1.0,0.0,0.0,0.0,56175.0,20000.0,0.003679862072248522,0.006558982035928122,b50_lb5_k3_eps0p001,False,0.05,q95,max_ssr,0.003679862072248522
stratified_size_rep057,stratified_size,57,b50_lb5_k3_eps0p001,local_only_offline_aggregate,shot_proportional,300,60,5,0.0,0.0011106616941850042,0.003394679354329399,0.006558982035928122,1.0,1.0,1.0,0.0,0.0,0.0,56175.0,20000.0,0.003394679354329399,0.006558982035928122,b50_lb5_k3_eps0p001,False,0.05,q95,max_ssr,0.003394679354329399
stratified_size_rep057,stratified_size,57,b50_lb5_k3_eps0p001,local_only_offline_aggregate,uniform,300,60,5,0.0,0.0011511799372692973,0.0035312975085006236,0.006558982035928122,1.0,1.0,1.0,0.0,0.0,0.0,56175.0,20000.0,0.0035312975085006236,0.006558982035928122,b50_lb5_k3_eps0p001,False,0.05,q95,max_ssr,0.0035312975085006236
stratified_size_rep058,stratified_size,58,b50_lb5_k3_eps0p001,aggregate_only_sync,confidence,300,60,5,0.0,0.0034012911548792412,0.005280138454897477,0.007864035087719327,1.0,1.0,1.0,0.0,0.0,0.0,40000.0,20000.0,0.005280138454897477,0.007864035087719327,b50_lb5_k3_eps0p001,False,0.05,q95,max_ssr,0.005280138454897477
stratified_size_rep058,stratified_size,58,b50_lb5_k3_eps0p001,aggregate_only_sync,shot_proportional,300,60,5,0.0,0.0034012911548792412,0.005280138454897477,0.007864035087719327,1.0,1.0,1.0,0.0,0.0,0.0,40000.0,20000.0,0.005280138454897477,0.007864035087719327,b50_lb5_k3_eps0p001,False,0.05,q95,max_ssr,0.005280138454897477
stratified_size_rep058,stratified_size,58,b50_lb5_k3_eps0p001,aggregate_only_sync,uniform,300,60,5,0.0,0.0034012911548792412,0.005280138454897477,0.007864035087719327,1.0,1.0,1.0,0.0,0.0,0.0,40000.0,20000.0,0.005280138454897477,0.007864035087719327,b50_lb5_k3_eps0p001,False,0.05,q95,max_ssr,0.005280138454897477
stratified_size_rep058,stratified_size,58,b50_lb5_k3_eps0p001,hierarchical_local_aggregate,confidence,300,60,5,0.0,0.0035165134664215066,0.005196983350106494,0.007499192470095912,1.0,1.0,1.0,0.0,0.0,0.0,40000.0,20000.0,0.005196983350106494,0.007499192470095912,b50_lb5_k3_eps0p001,False,0.05,q95,max_ssr,0.005196983350106494
stratified_size_rep058,stratified_size,58,b50_lb5_k3_eps0p001,hierarchical_local_aggregate,shot_proportional,300,60,5,0.0,0.003591022727272688,0.005429879106024882,0.007864035087719327,1.0,1.0,1.0,0.0,0.0,0.0,40000.0,20000.0,0.005429879106024882,0.007864035087719327,b50_lb5_k3_eps0p001,False,0.05,q95,max_ssr,0.005429879106024882
stratified_size_rep058,stratified_size,58,b50_lb5_k3_eps0p001,hierarchical_local_aggregate,uniform,300,60,5,0.0,0.003591022727272688,0.005429879106024882,0.007864035087719327,1.0,1.0,1.0,0.0,0.0,0.0,40000.0,20000.0,0.005429879106024882,0.007864035087719327,b50_lb5_k3_eps0p001,False,0.05,q95,max_ssr,0.005429879106024882
stratified_size_rep058,stratified_size,58,b50_lb5_k3_eps0p001,local_only_offline_aggregate,confidence,300,60,5,0.0,0.0016159411123570994,0.003679862072248522,0.006558982035928122,1.0,1.0,1.0,0.0,0.0,0.0,55350.0,20000.0,0.003679862072248522,0.006558982035928122,b50_lb5_k3_eps0p001,False,0.05,q95,max_ssr,0.003679862072248522
stratified_size_rep058,stratified_size,58,b50_lb5_k3_eps0p001,local_only_offline_aggregate,shot_proportional,300,60,5,0.0,0.0012357992266724906,0.003397795616575443,0.006558982035928122,1.0,1.0,1.0,0.0,0.0,0.0,55350.0,20000.0,0.003397795616575443,0.006558982035928122,b50_lb5_k3_eps0p001,False,0.05,q95,max_ssr,0.003397795616575443
stratified_size_rep058,stratified_size,58,b50_lb5_k3_eps0p001,local_only_offline_aggregate,uniform,300,60,5,0.0,0.0012439306000373313,0.0035247890005380674,0.006558982035928122,1.0,1.0,1.0,0.0,0.0,0.0,55350.0,20000.0,0.0035247890005380674,0.006558982035928122,b50_lb5_k3_eps0p001,False,0.05,q95,max_ssr,0.0035247890005380674
stratified_size_rep059,stratified_size,59,b50_lb5_k3_eps0p001,aggregate_only_sync,confidence,300,60,5,0.0,0.003838958545196404,0.005429879106024882,0.007864035087719327,1.0,1.0,1.0,0.0,0.0,0.0,40000.0,20000.0,0.005429879106024882,0.007864035087719327,b50_lb5_k3_eps0p001,False,0.05,q95,max_ssr,0.005429879106024882
stratified_size_rep059,stratified_size,59,b50_lb5_k3_eps0p001,aggregate_only_sync,shot_proportional,300,60,5,0.0,0.003838958545196404,0.005429879106024882,0.007864035087719327,1.0,1.0,1.0,0.0,0.0,0.0,40000.0,20000.0,0.005429879106024882,0.007864035087719327,b50_lb5_k3_eps0p001,False,0.05,q95,max_ssr,0.005429879106024882
stratified_size_rep059,stratified_size,59,b50_lb5_k3_eps0p001,aggregate_only_sync,uniform,300,60,5,0.0,0.003838958545196404,0.005429879106024882,0.007864035087719327,1.0,1.0,1.0,0.0,0.0,0.0,40000.0,20000.0,0.005429879106024882,0.007864035087719327,b50_lb5_k3_eps0p001,False,0.05,q95,max_ssr,0.005429879106024882
stratified_size_rep059,stratified_size,59,b50_lb5_k3_eps0p001,hierarchical_local_aggregate,confidence,300,60,5,0.0,0.003976319583774777,0.005438021901065516,0.007499192470095912,1.0,1.0,1.0,0.0,0.0,0.0,40000.0,20000.0,0.005438021901065516,0.007499192470095912,b50_lb5_k3_eps0p001,False,0.05,q95,max_ssr,0.005438021901065516
stratified_size_rep059,stratified_size,59,b50_lb5_k3_eps0p001,hierarchical_local_aggregate,shot_proportional,300,60,5,0.0,0.003970774171737758,0.005462725746268716,0.007864035087719327,1.0,1.0,1.0,0.0,0.0,0.0,40000.0,20000.0,0.005462725746268716,0.007864035087719327,b50_lb5_k3_eps0p001,False,0.05,q95,max_ssr,0.005462725746268716
stratified_size_rep059,stratified_size,59,b50_lb5_k3_eps0p001,hierarchical_local_aggregate,uniform,300,60,5,0.0,0.003970774171737758,0.005462725746268716,0.007864035087719327,1.0,1.0,1.0,0.0,0.0,0.0,40000.0,20000.0,0.005462725746268716,0.007864035087719327,b50_lb5_k3_eps0p001,False,0.05,q95,max_ssr,0.005462725746268716
stratified_size_rep059,stratified_size,59,b50_lb5_k3_eps0p001,local_only_offline_aggregate,confidence,300,60,5,0.0,0.0017221016832160028,0.0037058150216703984,0.006558982035928122,1.0,1.0,1.0,0.0,0.0,0.0,53725.0,20000.0,0.0037058150216703984,0.006558982035928122,b50_lb5_k3_eps0p001,False,0.05,q95,max_ssr,0.0037058150216703984
stratified_size_rep059,stratified_size,59,b50_lb5_k3_eps0p001,local_only_offline_aggregate,shot_proportional,300,60,5,0.0,0.0013308255458579393,0.003490832079128021,0.006558982035928122,1.0,1.0,1.0,0.0,0.0,0.0,53725.0,20000.0,0.003490832079128021,0.006558982035928122,b50_lb5_k3_eps0p001,False,0.05,q95,max_ssr,0.003490832079128021
stratified_size_rep059,stratified_size,59,b50_lb5_k3_eps0p001,local_only_offline_aggregate,uniform,300,60,5,0.0,0.001480143754130857,0.0036985110618310167,0.006558982035928122,1.0,1.0,1.0,0.0,0.0,0.0,53725.0,20000.0,0.0036985110618310167,0.006558982035928122,b50_lb5_k3_eps0p001,False,0.05,q95,max_ssr,0.0036985110618310167
stratified_size_rep060,stratified_size,60,b50_lb5_k3_eps0p001,aggregate_only_sync,confidence,300,60,5,0.0,0.0024026199494949487,0.005211561112268823,0.007864035087719327,1.0,1.0,1.0,0.0,0.0,0.0,40000.0,20000.0,0.005211561112268823,0.007864035087719327,b50_lb5_k3_eps0p001,False,0.05,q95,max_ssr,0.005211561112268823
stratified_size_rep060,stratified_size,60,b50_lb5_k3_eps0p001,aggregate_only_sync,shot_proportional,300,60,5,0.0,0.0024026199494949487,0.005211561112268823,0.007864035087719327,1.0,1.0,1.0,0.0,0.0,0.0,40000.0,20000.0,0.005211561112268823,0.007864035087719327,b50_lb5_k3_eps0p001,False,0.05,q95,max_ssr,0.005211561112268823
stratified_size_rep060,stratified_size,60,b50_lb5_k3_eps0p001,aggregate_only_sync,uniform,300,60,5,0.0,0.0024026199494949487,0.005211561112268823,0.007864035087719327,1.0,1.0,1.0,0.0,0.0,0.0,40000.0,20000.0,0.005211561112268823,0.007864035087719327,b50_lb5_k3_eps0p001,False,0.05,q95,max_ssr,0.005211561112268823
stratified_size_rep060,stratified_size,60,b50_lb5_k3_eps0p001,hierarchical_local_aggregate,confidence,300,60,5,0.0,0.0026110581652548422,0.005253549494025457,0.007499192470095912,1.0,1.0,1.0,0.0,0.0,0.0,40000.0,20000.0,0.005253549494025457,0.007499192470095912,b50_lb5_k3_eps0p001,False,0.05,q95,max_ssr,0.005253549494025457
stratified_size_rep060,stratified_size,60,b50_lb5_k3_eps0p001,hierarchical_local_aggregate,shot_proportional,300,60,5,0.0,0.0027101166721856303,0.005429879106024882,0.007864035087719327,1.0,1.0,1.0,0.0,0.0,0.0,40000.0,20000.0,0.005429879106024882,0.007864035087719327,b50_lb5_k3_eps0p001,False,0.05,q95,max_ssr,0.005429879106024882
stratified_size_rep060,stratified_size,60,b50_lb5_k3_eps0p001,hierarchical_local_aggregate,uniform,300,60,5,0.0,0.0027101166721856303,0.005429879106024882,0.007864035087719327,1.0,1.0,1.0,0.0,0.0,0.0,40000.0,20000.0,0.005429879106024882,0.007864035087719327,b50_lb5_k3_eps0p001,False,0.05,q95,max_ssr,0.005429879106024882
stratified_size_rep060,stratified_size,60,b50_lb5_k3_eps0p001,local_only_offline_aggregate,confidence,300,60,5,0.0,0.0,0.003511166937857763,0.006558982035928122,1.0,1.0,1.0,0.0,0.0,0.0,58250.0,20000.0,0.003511166937857763,0.006558982035928122,b50_lb5_k3_eps0p001,False,0.05,q95,max_ssr,0.003511166937857763
stratified_size_rep060,stratified_size,60,b50_lb5_k3_eps0p001,local_only_offline_aggregate,shot_proportional,300,60,5,0.0,0.0,0.0033565230501882543,0.006558982035928122,1.0,1.0,1.0,0.0,0.0,0.0,58250.0,20000.0,0.0033565230501882543,0.006558982035928122,b50_lb5_k3_eps0p001,False,0.05,q95,max_ssr,0.0033565230501882543
stratified_size_rep060,stratified_size,60,b50_lb5_k3_eps0p001,local_only_offline_aggregate,uniform,300,60,5,0.0,0.0,0.0033362237137555153,0.006558982035928122,1.0,1.0,1.0,0.0,0.0,0.0,58250.0,20000.0,0.0033362237137555153,0.006558982035928122,b50_lb5_k3_eps0p001,False,0.05,q95,max_ssr,0.0033362237137555153
stratified_size_rep061,stratified_size,61,b50_lb5_k3_eps0p001,aggregate_only_sync,confidence,300,60,5,0.0,0.0039523885626549845,0.0054044488135977465,0.006558982035928122,1.0,1.0,1.0,0.0,0.0,0.0,40000.0,20000.0,0.0054044488135977465,0.006558982035928122,b50_lb5_k3_eps0p001,False,0.05,q95,max_ssr,0.0054044488135977465
stratified_size_rep061,stratified_size,61,b50_lb5_k3_eps0p001,aggregate_only_sync,shot_proportional,300,60,5,0.0,0.0039523885626549845,0.0054044488135977465,0.006558982035928122,1.0,1.0,1.0,0.0,0.0,0.0,40000.0,20000.0,0.0054044488135977465,0.006558982035928122,b50_lb5_k3_eps0p001,False,0.05,q95,max_ssr,0.0054044488135977465
stratified_size_rep061,stratified_size,61,b50_lb5_k3_eps0p001,aggregate_only_sync,uniform,300,60,5,0.0,0.0039523885626549845,0.0054044488135977465,0.006558982035928122,1.0,1.0,1.0,0.0,0.0,0.0,40000.0,20000.0,0.0054044488135977465,0.006558982035928122,b50_lb5_k3_eps0p001,False,0.05,q95,max_ssr,0.0054044488135977465
stratified_size_rep061,stratified_size,61,b50_lb5_k3_eps0p001,hierarchical_local_aggregate,confidence,300,60,5,0.0,0.004052263565280454,0.005338915804503898,0.007229347070130044,1.0,1.0,1.0,0.0,0.0,0.0,40000.0,20000.0,0.005338915804503898,0.007229347070130044,b50_lb5_k3_eps0p001,False,0.05,q95,max_ssr,0.005338915804503898
stratified_size_rep061,stratified_size,61,b50_lb5_k3_eps0p001,hierarchical_local_aggregate,shot_proportional,300,60,5,0.0,0.004134584649250142,0.005444619103145982,0.006558982035928122,1.0,1.0,1.0,0.0,0.0,0.0,40000.0,20000.0,0.005444619103145982,0.006558982035928122,b50_lb5_k3_eps0p001,False,0.05,q95,max_ssr,0.005444619103145982
stratified_size_rep061,stratified_size,61,b50_lb5_k3_eps0p001,hierarchical_local_aggregate,uniform,300,60,5,0.0,0.004130266672328301,0.005444012659748243,0.006558982035928122,1.0,1.0,1.0,0.0,0.0,0.0,40000.0,20000.0,0.005444012659748243,0.006558982035928122,b50_lb5_k3_eps0p001,False,0.05,q95,max_ssr,0.005444012659748243
stratified_size_rep061,stratified_size,61,b50_lb5_k3_eps0p001,local_only_offline_aggregate,confidence,300,60,5,0.0,0.0020044116227567197,0.0038468410130353373,0.006558982035928122,1.0,1.0,1.0,0.0,0.0,0.0,53150.0,20000.0,0.0038468410130353373,0.006558982035928122,b50_lb5_k3_eps0p001,False,0.05,q95,max_ssr,0.0038468410130353373
stratified_size_rep061,stratified_size,61,b50_lb5_k3_eps0p001,local_only_offline_aggregate,shot_proportional,300,60,5,0.0,0.0015214595170454795,0.00356653362854573,0.006558982035928122,1.0,1.0,1.0,0.0,0.0,0.0,53150.0,20000.0,0.00356653362854573,0.006558982035928122,b50_lb5_k3_eps0p001,False,0.05,q95,max_ssr,0.00356653362854573
stratified_size_rep061,stratified_size,61,b50_lb5_k3_eps0p001,local_only_offline_aggregate,uniform,300,60,5,0.0,0.0016761048385197906,0.0037021229106385008,0.006558982035928122,1.0,1.0,1.0,0.0,0.0,0.0,53150.0,20000.0,0.0037021229106385008,0.006558982035928122,b50_lb5_k3_eps0p001,False,0.05,q95,max_ssr,0.0037021229106385008
stratified_size_rep062,stratified_size,62,b50_lb5_k3_eps0p001,aggregate_only_sync,confidence,300,60,5,0.0,0.0038749167192410794,0.0054044488135977465,0.006558982035928122,1.0,1.0,1.0,0.0,0.0,0.0,40000.0,20000.0,0.0054044488135977465,0.006558982035928122,b50_lb5_k3_eps0p001,False,0.05,q95,max_ssr,0.0054044488135977465
stratified_size_rep062,stratified_size,62,b50_lb5_k3_eps0p001,aggregate_only_sync,shot_proportional,300,60,5,0.0,0.0038749167192410794,0.0054044488135977465,0.006558982035928122,1.0,1.0,1.0,0.0,0.0,0.0,40000.0,20000.0,0.0054044488135977465,0.006558982035928122,b50_lb5_k3_eps0p001,False,0.05,q95,max_ssr,0.0054044488135977465
stratified_size_rep062,stratified_size,62,b50_lb5_k3_eps0p001,aggregate_only_sync,uniform,300,60,5,0.0,0.0038749167192410794,0.0054044488135977465,0.006558982035928122,1.0,1.0,1.0,0.0,0.0,0.0,40000.0,20000.0,0.0054044488135977465,0.006558982035928122,b50_lb5_k3_eps0p001,False,0.05,q95,max_ssr,0.0054044488135977465
stratified_size_rep062,stratified_size,62,b50_lb5_k3_eps0p001,hierarchical_local_aggregate,confidence,300,60,5,0.0,0.0039977207594012396,0.005338915804503898,0.007229347070130044,1.0,1.0,1.0,0.0,0.0,0.0,40000.0,20000.0,0.005338915804503898,0.007229347070130044,b50_lb5_k3_eps0p001,False,0.05,q95,max_ssr,0.005338915804503898
stratified_size_rep062,stratified_size,62,b50_lb5_k3_eps0p001,hierarchical_local_aggregate,shot_proportional,300,60,5,0.0,0.004084407776225031,0.005444619103145982,0.006558982035928122,1.0,1.0,1.0,0.0,0.0,0.0,40000.0,20000.0,0.005444619103145982,0.006558982035928122,b50_lb5_k3_eps0p001,False,0.05,q95,max_ssr,0.005444619103145982
stratified_size_rep062,stratified_size,62,b50_lb5_k3_eps0p001,hierarchical_local_aggregate,uniform,300,60,5,0.0,0.00407405154406202,0.005444012659748243,0.006558982035928122,1.0,1.0,1.0,0.0,0.0,0.0,40000.0,20000.0,0.005444012659748243,0.006558982035928122,b50_lb5_k3_eps0p001,False,0.05,q95,max_ssr,0.005444012659748243
stratified_size_rep062,stratified_size,62,b50_lb5_k3_eps0p001,local_only_offline_aggregate,confidence,300,60,5,0.0,0.0019349846439978271,0.0038468410130353373,0.006558982035928122,1.0,1.0,1.0,0.0,0.0,0.0,53150.0,20000.0,0.0038468410130353373,0.006558982035928122,b50_lb5_k3_eps0p001,False,0.05,q95,max_ssr,0.0038468410130353373
stratified_size_rep062,stratified_size,62,b50_lb5_k3_eps0p001,local_only_offline_aggregate,shot_proportional,300,60,5,0.0,0.0015214595170454795,0.00356653362854573,0.006558982035928122,1.0,1.0,1.0,0.0,0.0,0.0,53150.0,20000.0,0.00356653362854573,0.006558982035928122,b50_lb5_k3_eps0p001,False,0.05,q95,max_ssr,0.00356653362854573
stratified_size_rep062,stratified_size,62,b50_lb5_k3_eps0p001,local_only_offline_aggregate,uniform,300,60,5,0.0,0.0016761048385197906,0.0037021229106385008,0.006558982035928122,1.0,1.0,1.0,0.0,0.0,0.0,53150.0,20000.0,0.0037021229106385008,0.006558982035928122,b50_lb5_k3_eps0p001,False,0.05,q95,max_ssr,0.0037021229106385008
stratified_size_rep063,stratified_size,63,b50_lb5_k3_eps0p001,aggregate_only_sync,confidence,300,60,5,0.0,0.003234284584086799,0.005280138454897477,0.006197794117647036,1.0,1.0,1.0,0.0,0.0,0.0,40000.0,20000.0,0.005280138454897477,0.006197794117647036,b50_lb5_k3_eps0p001,False,0.05,q95,max_ssr,0.005280138454897477
stratified_size_rep063,stratified_size,63,b50_lb5_k3_eps0p001,aggregate_only_sync,shot_proportional,300,60,5,0.0,0.003234284584086799,0.005280138454897477,0.006197794117647036,1.0,1.0,1.0,0.0,0.0,0.0,40000.0,20000.0,0.005280138454897477,0.006197794117647036,b50_lb5_k3_eps0p001,False,0.05,q95,max_ssr,0.005280138454897477
stratified_size_rep063,stratified_size,63,b50_lb5_k3_eps0p001,aggregate_only_sync,uniform,300,60,5,0.0,0.003234284584086799,0.005280138454897477,0.006197794117647036,1.0,1.0,1.0,0.0,0.0,0.0,40000.0,20000.0,0.005280138454897477,0.006197794117647036,b50_lb5_k3_eps0p001,False,0.05,q95,max_ssr,0.005280138454897477
stratified_size_rep063,stratified_size,63,b50_lb5_k3_eps0p001,hierarchical_local_aggregate,confidence,300,60,5,0.0,0.003421501562704388,0.005196983350106494,0.007229347070130044,1.0,1.0,1.0,0.0,0.0,0.0,40000.0,20000.0,0.005196983350106494,0.007229347070130044,b50_lb5_k3_eps0p001,False,0.05,q95,max_ssr,0.005196983350106494
stratified_size_rep063,stratified_size,63,b50_lb5_k3_eps0p001,hierarchical_local_aggregate,shot_proportional,300,60,5,0.0,0.0034012911548792412,0.00543755119926196,0.006197794117647036,1.0,1.0,1.0,0.0,0.0,0.0,40000.0,20000.0,0.00543755119926196,0.006197794117647036,b50_lb5_k3_eps0p001,False,0.05,q95,max_ssr,0.00543755119926196
stratified_size_rep063,stratified_size,63,b50_lb5_k3_eps0p001,hierarchical_local_aggregate,uniform,300,60,5,0.0,0.0034012911548792412,0.005437519642756032,0.006197794117647036,1.0,1.0,1.0,0.0,0.0,0.0,40000.0,20000.0,0.005437519642756032,0.006197794117647036,b50_lb5_k3_eps0p001,False,0.05,q95,max_ssr,0.005437519642756032
stratified_size_rep063,stratified_size,63,b50_lb5_k3_eps0p001,local_only_offline_aggregate,confidence,300,60,5,0.0,0.0014145095175200134,0.003489714157247857,0.005509150326797384,1.0,1.0,1.0,0.0,0.0,0.0,56175.0,20000.0,0.003489714157247857,0.005509150326797384,b50_lb5_k3_eps0p001,False,0.05,q95,max_ssr,0.003489714157247857
stratified_size_rep063,stratified_size,63,b50_lb5_k3_eps0p001,local_only_offline_aggregate,shot_proportional,300,60,5,0.0,0.0010995233003653054,0.003356185305998844,0.005509150326797384,1.0,1.0,1.0,0.0,0.0,0.0,56175.0,20000.0,0.003356185305998844,0.005509150326797384,b50_lb5_k3_eps0p001,False,0.05,q95,max_ssr,0.003356185305998844
stratified_size_rep063,stratified_size,63,b50_lb5_k3_eps0p001,local_only_offline_aggregate,uniform,300,60,5,0.0,0.0011511799372692973,0.003398053061304778,0.005509150326797384,1.0,1.0,1.0,0.0,0.0,0.0,56175.0,20000.0,0.003398053061304778,0.005509150326797384,b50_lb5_k3_eps0p001,False,0.05,q95,max_ssr,0.003398053061304778
stratified_size_rep064,stratified_size,64,b50_lb5_k3_eps0p001,aggregate_only_sync,confidence,300,60,5,0.0,0.003145047165609009,0.005146824820788569,0.007864035087719327,1.0,1.0,1.0,0.0,0.0,0.0,40400.0,20000.0,0.005146824820788569,0.007864035087719327,b50_lb5_k3_eps0p001,False,0.05,q95,max_ssr,0.005146824820788569
stratified_size_rep064,stratified_size,64,b50_lb5_k3_eps0p001,aggregate_only_sync,shot_proportional,300,60,5,0.0,0.003145047165609009,0.005146824820788569,0.007864035087719327,1.0,1.0,1.0,0.0,0.0,0.0,40400.0,20000.0,0.005146824820788569,0.007864035087719327,b50_lb5_k3_eps0p001,False,0.05,q95,max_ssr,0.005146824820788569
stratified_size_rep064,stratified_size,64,b50_lb5_k3_eps0p001,aggregate_only_sync,uniform,300,60,5,0.0,0.003145047165609009,0.005146824820788569,0.007864035087719327,1.0,1.0,1.0,0.0,0.0,0.0,40400.0,20000.0,0.005146824820788569,0.007864035087719327,b50_lb5_k3_eps0p001,False,0.05,q95,max_ssr,0.005146824820788569
stratified_size_rep064,stratified_size,64,b50_lb5_k3_eps0p001,hierarchical_local_aggregate,confidence,300,60,5,0.0,0.0033331656436710864,0.005128872702339053,0.007499192470095912,1.0,1.0,1.0,0.0,0.0,0.0,40400.0,20000.0,0.005128872702339053,0.007499192470095912,b50_lb5_k3_eps0p001,False,0.05,q95,max_ssr,0.005128872702339053
stratified_size_rep064,stratified_size,64,b50_lb5_k3_eps0p001,hierarchical_local_aggregate,shot_proportional,300,60,5,0.0,0.0032629662698412886,0.005297481108797934,0.007864035087719327,1.0,1.0,1.0,0.0,0.0,0.0,40400.0,20000.0,0.005297481108797934,0.007864035087719327,b50_lb5_k3_eps0p001,False,0.05,q95,max_ssr,0.005297481108797934
stratified_size_rep064,stratified_size,64,b50_lb5_k3_eps0p001,hierarchical_local_aggregate,uniform,300,60,5,0.0,0.0032710056390977604,0.005297481108797934,0.007864035087719327,1.0,1.0,1.0,0.0,0.0,0.0,40400.0,20000.0,0.005297481108797934,0.007864035087719327,b50_lb5_k3_eps0p001,False,0.05,q95,max_ssr,0.005297481108797934
stratified_size_rep064,stratified_size,64,b50_lb5_k3_eps0p001,local_only_offline_aggregate,confidence,300,60,5,0.0,0.0011673783249471301,0.003511166937857763,0.006056896551724079,1.0,1.0,1.0,0.0,0.0,0.0,57425.0,20000.0,0.003511166937857763,0.006056896551724079,b50_lb5_k3_eps0p001,False,0.05,q95,max_ssr,0.003511166937857763
stratified_size_rep064,stratified_size,64,b50_lb5_k3_eps0p001,local_only_offline_aggregate,shot_proportional,300,60,5,0.0,0.0008361909359214368,0.003361664923184685,0.006056896551724079,1.0,1.0,1.0,0.0,0.0,0.0,57425.0,20000.0,0.003361664923184685,0.006056896551724079,b50_lb5_k3_eps0p001,False,0.05,q95,max_ssr,0.003361664923184685
stratified_size_rep064,stratified_size,64,b50_lb5_k3_eps0p001,local_only_offline_aggregate,uniform,300,60,5,0.0,0.0008913695159186,0.003398053061304778,0.006056896551724079,1.0,1.0,1.0,0.0,0.0,0.0,57425.0,20000.0,0.003398053061304778,0.006056896551724079,b50_lb5_k3_eps0p001,False,0.05,q95,max_ssr,0.003398053061304778
stratified_size_rep065,stratified_size,65,b50_lb5_k3_eps0p001,aggregate_only_sync,confidence,300,60,5,0.0,0.0038749167192410794,0.0054044488135977465,0.007864035087719327,1.0,1.0,1.0,0.0,0.0,0.0,40000.0,20000.0,0.0054044488135977465,0.007864035087719327,b50_lb5_k3_eps0p001,False,0.05,q95,max_ssr,0.0054044488135977465
stratified_size_rep065,stratified_size,65,b50_lb5_k3_eps0p001,aggregate_only_sync,shot_proportional,300,60,5,0.0,0.0038749167192410794,0.0054044488135977465,0.007864035087719327,1.0,1.0,1.0,0.0,0.0,0.0,40000.0,20000.0,0.0054044488135977465,0.007864035087719327,b50_lb5_k3_eps0p001,False,0.05,q95,max_ssr,0.0054044488135977465
stratified_size_rep065,stratified_size,65,b50_lb5_k3_eps0p001,aggregate_only_sync,uniform,300,60,5,0.0,0.0038749167192410794,0.0054044488135977465,0.007864035087719327,1.0,1.0,1.0,0.0,0.0,0.0,40000.0,20000.0,0.0054044488135977465,0.007864035087719327,b50_lb5_k3_eps0p001,False,0.05,q95,max_ssr,0.0054044488135977465
stratified_size_rep065,stratified_size,65,b50_lb5_k3_eps0p001,hierarchical_local_aggregate,confidence,300,60,5,0.0,0.0039977207594012396,0.005405796536364361,0.007499192470095912,1.0,1.0,1.0,0.0,0.0,0.0,40000.0,20000.0,0.005405796536364361,0.007499192470095912,b50_lb5_k3_eps0p001,False,0.05,q95,max_ssr,0.005405796536364361
stratified_size_rep065,stratified_size,65,b50_lb5_k3_eps0p001,hierarchical_local_aggregate,shot_proportional,300,60,5,0.0,0.0040629215344674535,0.005444619103145982,0.007864035087719327,1.0,1.0,1.0,0.0,0.0,0.0,40000.0,20000.0,0.005444619103145982,0.007864035087719327,b50_lb5_k3_eps0p001,False,0.05,q95,max_ssr,0.005444619103145982
stratified_size_rep065,stratified_size,65,b50_lb5_k3_eps0p001,hierarchical_local_aggregate,uniform,300,60,5,0.0,0.0040629215344674535,0.005444012659748243,0.007864035087719327,1.0,1.0,1.0,0.0,0.0,0.0,40000.0,20000.0,0.005444012659748243,0.007864035087719327,b50_lb5_k3_eps0p001,False,0.05,q95,max_ssr,0.005444012659748243
stratified_size_rep065,stratified_size,65,b50_lb5_k3_eps0p001,local_only_offline_aggregate,confidence,300,60,5,0.0,0.0016159411123570994,0.0038468410130353373,0.006558982035928122,1.0,1.0,1.0,0.0,0.0,0.0,56175.0,20000.0,0.0038468410130353373,0.006558982035928122,b50_lb5_k3_eps0p001,False,0.05,q95,max_ssr,0.0038468410130353373
stratified_size_rep065,stratified_size,65,b50_lb5_k3_eps0p001,local_only_offline_aggregate,shot_proportional,300,60,5,0.0,0.0013277140896080202,0.0033709223546241128,0.006558982035928122,1.0,1.0,1.0,0.0,0.0,0.0,56175.0,20000.0,0.0033709223546241128,0.006558982035928122,b50_lb5_k3_eps0p001,False,0.05,q95,max_ssr,0.0033709223546241128
stratified_size_rep065,stratified_size,65,b50_lb5_k3_eps0p001,local_only_offline_aggregate,uniform,300,60,5,0.0,0.0013666474307355997,0.0035088881308558495,0.006558982035928122,1.0,1.0,1.0,0.0,0.0,0.0,56175.0,20000.0,0.0035088881308558495,0.006558982035928122,b50_lb5_k3_eps0p001,False,0.05,q95,max_ssr,0.0035088881308558495
stratified_size_rep066,stratified_size,66,b50_lb5_k3_eps0p001,aggregate_only_sync,confidence,300,60,5,0.0,0.0037320360043796,0.005429879106024882,0.007864035087719327,1.0,1.0,1.0,0.0,0.0,0.0,40000.0,20000.0,0.005429879106024882,0.007864035087719327,b50_lb5_k3_eps0p001,False,0.05,q95,max_ssr,0.005429879106024882
stratified_size_rep066,stratified_size,66,b50_lb5_k3_eps0p001,aggregate_only_sync,shot_proportional,300,60,5,0.0,0.0037320360043796,0.005429879106024882,0.007864035087719327,1.0,1.0,1.0,0.0,0.0,0.0,40000.0,20000.0,0.005429879106024882,0.007864035087719327,b50_lb5_k3_eps0p001,False,0.05,q95,max_ssr,0.005429879106024882
stratified_size_rep066,stratified_size,66,b50_lb5_k3_eps0p001,aggregate_only_sync,uniform,300,60,5,0.0,0.0037320360043796,0.005429879106024882,0.007864035087719327,1.0,1.0,1.0,0.0,0.0,0.0,40000.0,20000.0,0.005429879106024882,0.007864035087719327,b50_lb5_k3_eps0p001,False,0.05,q95,max_ssr,0.005429879106024882
stratified_size_rep066,stratified_size,66,b50_lb5_k3_eps0p001,hierarchical_local_aggregate,confidence,300,60,5,0.0,0.003841596878341818,0.005438021901065516,0.007499192470095912,1.0,1.0,1.0,0.0,0.0,0.0,40000.0,20000.0,0.005438021901065516,0.007499192470095912,b50_lb5_k3_eps0p001,False,0.05,q95,max_ssr,0.005438021901065516
stratified_size_rep066,stratified_size,66,b50_lb5_k3_eps0p001,hierarchical_local_aggregate,shot_proportional,300,60,5,0.0,0.0038905821459873854,0.005462725746268716,0.007864035087719327,1.0,1.0,1.0,0.0,0.0,0.0,40000.0,20000.0,0.005462725746268716,0.007864035087719327,b50_lb5_k3_eps0p001,False,0.05,q95,max_ssr,0.005462725746268716
stratified_size_rep066,stratified_size,66,b50_lb5_k3_eps0p001,hierarchical_local_aggregate,uniform,300,60,5,0.0,0.0038905821459873854,0.005462725746268716,0.007864035087719327,1.0,1.0,1.0,0.0,0.0,0.0,40000.0,20000.0,0.005462725746268716,0.007864035087719327,b50_lb5_k3_eps0p001,False,0.05,q95,max_ssr,0.005462725746268716
stratified_size_rep066,stratified_size,66,b50_lb5_k3_eps0p001,local_only_offline_aggregate,confidence,300,60,5,0.0,0.0016331208125304,0.0036964146604884416,0.006558982035928122,1.0,1.0,1.0,0.0,0.0,0.0,56625.0,20000.0,0.0036964146604884416,0.006558982035928122,b50_lb5_k3_eps0p001,False,0.05,q95,max_ssr,0.0036964146604884416
stratified_size_rep066,stratified_size,66,b50_lb5_k3_eps0p001,local_only_offline_aggregate,shot_proportional,300,60,5,0.0,0.001250605788732654,0.003428004161842324,0.006558982035928122,1.0,1.0,1.0,0.0,0.0,0.0,56625.0,20000.0,0.003428004161842324,0.006558982035928122,b50_lb5_k3_eps0p001,False,0.05,q95,max_ssr,0.003428004161842324
stratified_size_rep066,stratified_size,66,b50_lb5_k3_eps0p001,local_only_offline_aggregate,uniform,300,60,5,0.0,0.001366308197688713,0.003574766021667429,0.006558982035928122,1.0,1.0,1.0,0.0,0.0,0.0,56625.0,20000.0,0.003574766021667429,0.006558982035928122,b50_lb5_k3_eps0p001,False,0.05,q95,max_ssr,0.003574766021667429
stratified_size_rep067,stratified_size,67,b50_lb5_k3_eps0p001,aggregate_only_sync,confidence,300,60,5,0.0,0.003838958545196404,0.00543755119926196,0.007864035087719327,1.0,1.0,1.0,0.0,0.0,0.0,40000.0,20000.0,0.00543755119926196,0.007864035087719327,b50_lb5_k3_eps0p001,False,0.05,q95,max_ssr,0.00543755119926196
stratified_size_rep067,stratified_size,67,b50_lb5_k3_eps0p001,aggregate_only_sync,shot_proportional,300,60,5,0.0,0.003838958545196404,0.00543755119926196,0.007864035087719327,1.0,1.0,1.0,0.0,0.0,0.0,40000.0,20000.0,0.00543755119926196,0.007864035087719327,b50_lb5_k3_eps0p001,False,0.05,q95,max_ssr,0.00543755119926196
stratified_size_rep067,stratified_size,67,b50_lb5_k3_eps0p001,aggregate_only_sync,uniform,300,60,5,0.0,0.003838958545196404,0.00543755119926196,0.007864035087719327,1.0,1.0,1.0,0.0,0.0,0.0,40000.0,20000.0,0.00543755119926196,0.007864035087719327,b50_lb5_k3_eps0p001,False,0.05,q95,max_ssr,0.00543755119926196
stratified_size_rep067,stratified_size,67,b50_lb5_k3_eps0p001,hierarchical_local_aggregate,confidence,300,60,5,0.0,0.003976319583774777,0.005460534694097882,0.007499192470095912,1.0,1.0,1.0,0.0,0.0,0.0,40000.0,20000.0,0.005460534694097882,0.007499192470095912,b50_lb5_k3_eps0p001,False,0.05,q95,max_ssr,0.005460534694097882
stratified_size_rep067,stratified_size,67,b50_lb5_k3_eps0p001,hierarchical_local_aggregate,shot_proportional,300,60,5,0.0,0.0040629215344674535,0.005462725746268716,0.007864035087719327,1.0,1.0,1.0,0.0,0.0,0.0,40000.0,20000.0,0.005462725746268716,0.007864035087719327,b50_lb5_k3_eps0p001,False,0.05,q95,max_ssr,0.005462725746268716
stratified_size_rep067,stratified_size,67,b50_lb5_k3_eps0p001,hierarchical_local_aggregate,uniform,300,60,5,0.0,0.0040629215344674535,0.005462725746268716,0.007864035087719327,1.0,1.0,1.0,0.0,0.0,0.0,40000.0,20000.0,0.005462725746268716,0.007864035087719327,b50_lb5_k3_eps0p001,False,0.05,q95,max_ssr,0.005462725746268716
stratified_size_rep067,stratified_size,67,b50_lb5_k3_eps0p001,local_only_offline_aggregate,confidence,300,60,5,0.0,0.0017006430691413493,0.0037058150216703984,0.006558982035928122,1.0,1.0,1.0,0.0,0.0,0.0,54275.0,20000.0,0.0037058150216703984,0.006558982035928122,b50_lb5_k3_eps0p001,False,0.05,q95,max_ssr,0.0037058150216703984
stratified_size_rep067,stratified_size,67,b50_lb5_k3_eps0p001,local_only_offline_aggregate,shot_proportional,300,60,5,0.0,0.001329713902620289,0.003490832079128021,0.006558982035928122,1.0,1.0,1.0,0.0,0.0,0.0,54275.0,20000.0,0.003490832079128021,0.006558982035928122,b50_lb5_k3_eps0p001,False,0.05,q95,max_ssr,0.003490832079128021
stratified_size_rep067,stratified_size,67,b50_lb5_k3_eps0p001,local_only_offline_aggregate,uniform,300,60,5,0.0,0.001480143754130857,0.0036985110618310167,0.006558982035928122,1.0,1.0,1.0,0.0,0.0,0.0,54275.0,20000.0,0.0036985110618310167,0.006558982035928122,b50_lb5_k3_eps0p001,False,0.05,q95,max_ssr,0.0036985110618310167
stratified_size_rep068,stratified_size,68,b50_lb5_k3_eps0p001,aggregate_only_sync,confidence,300,60,5,0.0,0.0035762499999999657,0.005284628965164908,0.006558982035928122,1.0,1.0,1.0,0.0,0.0,0.0,40000.0,20000.0,0.005284628965164908,0.006558982035928122,b50_lb5_k3_eps0p001,False,0.05,q95,max_ssr,0.005284628965164908
stratified_size_rep068,stratified_size,68,b50_lb5_k3_eps0p001,aggregate_only_sync,shot_proportional,300,60,5,0.0,0.0035762499999999657,0.005284628965164908,0.006558982035928122,1.0,1.0,1.0,0.0,0.0,0.0,40000.0,20000.0,0.005284628965164908,0.006558982035928122,b50_lb5_k3_eps0p001,False,0.05,q95,max_ssr,0.005284628965164908
stratified_size_rep068,stratified_size,68,b50_lb5_k3_eps0p001,aggregate_only_sync,uniform,300,60,5,0.0,0.0035762499999999657,0.005284628965164908,0.006558982035928122,1.0,1.0,1.0,0.0,0.0,0.0,40000.0,20000.0,0.005284628965164908,0.006558982035928122,b50_lb5_k3_eps0p001,False,0.05,q95,max_ssr,0.005284628965164908
stratified_size_rep068,stratified_size,68,b50_lb5_k3_eps0p001,hierarchical_local_aggregate,confidence,300,60,5,0.0,0.003639198712178704,0.005250112497884121,0.007229347070130044,1.0,1.0,1.0,0.0,0.0,0.0,40000.0,20000.0,0.005250112497884121,0.007229347070130044,b50_lb5_k3_eps0p001,False,0.05,q95,max_ssr,0.005250112497884121
stratified_size_rep068,stratified_size,68,b50_lb5_k3_eps0p001,hierarchical_local_aggregate,shot_proportional,300,60,5,0.0,0.0036921374060438494,0.005444012659748243,0.006558982035928122,1.0,1.0,1.0,0.0,0.0,0.0,40000.0,20000.0,0.005444012659748243,0.006558982035928122,b50_lb5_k3_eps0p001,False,0.05,q95,max_ssr,0.005444012659748243
stratified_size_rep068,stratified_size,68,b50_lb5_k3_eps0p001,hierarchical_local_aggregate,uniform,300,60,5,0.0,0.0036916854076089797,0.005438197808194938,0.006558982035928122,1.0,1.0,1.0,0.0,0.0,0.0,40000.0,20000.0,0.005438197808194938,0.006558982035928122,b50_lb5_k3_eps0p001,False,0.05,q95,max_ssr,0.005438197808194938
stratified_size_rep068,stratified_size,68,b50_lb5_k3_eps0p001,local_only_offline_aggregate,confidence,300,60,5,0.0,0.0017500165317637087,0.003679862072248522,0.006558982035928122,1.0,1.0,1.0,0.0,0.0,0.0,53725.0,20000.0,0.003679862072248522,0.006558982035928122,b50_lb5_k3_eps0p001,False,0.05,q95,max_ssr,0.003679862072248522
stratified_size_rep068,stratified_size,68,b50_lb5_k3_eps0p001,local_only_offline_aggregate,shot_proportional,300,60,5,0.0,0.0013386947518779625,0.003397795616575443,0.006558982035928122,1.0,1.0,1.0,0.0,0.0,0.0,53725.0,20000.0,0.003397795616575443,0.006558982035928122,b50_lb5_k3_eps0p001,False,0.05,q95,max_ssr,0.003397795616575443
stratified_size_rep068,stratified_size,68,b50_lb5_k3_eps0p001,local_only_offline_aggregate,uniform,300,60,5,0.0,0.0015029559560077572,0.0035247890005380674,0.006558982035928122,1.0,1.0,1.0,0.0,0.0,0.0,53725.0,20000.0,0.0035247890005380674,0.006558982035928122,b50_lb5_k3_eps0p001,False,0.05,q95,max_ssr,0.0035247890005380674
stratified_size_rep069,stratified_size,69,b50_lb5_k3_eps0p001,aggregate_only_sync,confidence,300,60,5,0.0,0.0037421717078029303,0.00543755119926196,0.007864035087719327,1.0,1.0,1.0,0.0,0.0,0.0,40000.0,20000.0,0.00543755119926196,0.007864035087719327,b50_lb5_k3_eps0p001,False,0.05,q95,max_ssr,0.00543755119926196
stratified_size_rep069,stratified_size,69,b50_lb5_k3_eps0p001,aggregate_only_sync,shot_proportional,300,60,5,0.0,0.0037421717078029303,0.00543755119926196,0.007864035087719327,1.0,1.0,1.0,0.0,0.0,0.0,40000.0,20000.0,0.00543755119926196,0.007864035087719327,b50_lb5_k3_eps0p001,False,0.05,q95,max_ssr,0.00543755119926196
stratified_size_rep069,stratified_size,69,b50_lb5_k3_eps0p001,aggregate_only_sync,uniform,300,60,5,0.0,0.0037421717078029303,0.00543755119926196,0.007864035087719327,1.0,1.0,1.0,0.0,0.0,0.0,40000.0,20000.0,0.00543755119926196,0.007864035087719327,b50_lb5_k3_eps0p001,False,0.05,q95,max_ssr,0.00543755119926196
stratified_size_rep069,stratified_size,69,b50_lb5_k3_eps0p001,hierarchical_local_aggregate,confidence,300,60,5,0.0,0.003841596878341818,0.005460534694097882,0.007499192470095912,1.0,1.0,1.0,0.0,0.0,0.0,40000.0,20000.0,0.005460534694097882,0.007499192470095912,b50_lb5_k3_eps0p001,False,0.05,q95,max_ssr,0.005460534694097882
stratified_size_rep069,stratified_size,69,b50_lb5_k3_eps0p001,hierarchical_local_aggregate,shot_proportional,300,60,5,0.0,0.0039272820429408295,0.005462725746268716,0.007864035087719327,1.0,1.0,1.0,0.0,0.0,0.0,40000.0,20000.0,0.005462725746268716,0.007864035087719327,b50_lb5_k3_eps0p001,False,0.05,q95,max_ssr,0.005462725746268716
stratified_size_rep069,stratified_size,69,b50_lb5_k3_eps0p001,hierarchical_local_aggregate,uniform,300,60,5,0.0,0.0039272820429408295,0.005462725746268716,0.007864035087719327,1.0,1.0,1.0,0.0,0.0,0.0,40000.0,20000.0,0.005462725746268716,0.007864035087719327,b50_lb5_k3_eps0p001,False,0.05,q95,max_ssr,0.005462725746268716
stratified_size_rep069,stratified_size,69,b50_lb5_k3_eps0p001,local_only_offline_aggregate,confidence,300,60,5,0.0,0.0017006430691413493,0.003679862072248522,0.006558982035928122,1.0,1.0,1.0,0.0,0.0,0.0,55350.0,20000.0,0.003679862072248522,0.006558982035928122,b50_lb5_k3_eps0p001,False,0.05,q95,max_ssr,0.003679862072248522
stratified_size_rep069,stratified_size,69,b50_lb5_k3_eps0p001,local_only_offline_aggregate,shot_proportional,300,60,5,0.0,0.0013331251484556192,0.003394679354329399,0.006558982035928122,1.0,1.0,1.0,0.0,0.0,0.0,55350.0,20000.0,0.003394679354329399,0.006558982035928122,b50_lb5_k3_eps0p001,False,0.05,q95,max_ssr,0.003394679354329399
stratified_size_rep069,stratified_size,69,b50_lb5_k3_eps0p001,local_only_offline_aggregate,uniform,300,60,5,0.0,0.001480143754130857,0.0035312975085006236,0.006558982035928122,1.0,1.0,1.0,0.0,0.0,0.0,55350.0,20000.0,0.0035312975085006236,0.006558982035928122,b50_lb5_k3_eps0p001,False,0.05,q95,max_ssr,0.0035312975085006236
stratified_size_rep070,stratified_size,70,b50_lb5_k3_eps0p001,aggregate_only_sync,confidence,300,60,5,0.0,0.0036397727272727155,0.005280138454897477,0.007864035087719327,1.0,1.0,1.0,0.0,0.0,0.0,40000.0,20000.0,0.005280138454897477,0.007864035087719327,b50_lb5_k3_eps0p001,False,0.05,q95,max_ssr,0.005280138454897477
stratified_size_rep070,stratified_size,70,b50_lb5_k3_eps0p001,aggregate_only_sync,shot_proportional,300,60,5,0.0,0.0036397727272727155,0.005280138454897477,0.007864035087719327,1.0,1.0,1.0,0.0,0.0,0.0,40000.0,20000.0,0.005280138454897477,0.007864035087719327,b50_lb5_k3_eps0p001,False,0.05,q95,max_ssr,0.005280138454897477
stratified_size_rep070,stratified_size,70,b50_lb5_k3_eps0p001,aggregate_only_sync,uniform,300,60,5,0.0,0.0036397727272727155,0.005280138454897477,0.007864035087719327,1.0,1.0,1.0,0.0,0.0,0.0,40000.0,20000.0,0.005280138454897477,0.007864035087719327,b50_lb5_k3_eps0p001,False,0.05,q95,max_ssr,0.005280138454897477
stratified_size_rep070,stratified_size,70,b50_lb5_k3_eps0p001,hierarchical_local_aggregate,confidence,300,60,5,0.0,0.003639198712178704,0.005268281754110139,0.007499192470095912,1.0,1.0,1.0,0.0,0.0,0.0,40000.0,20000.0,0.005268281754110139,0.007499192470095912,b50_lb5_k3_eps0p001,False,0.05,q95,max_ssr,0.005268281754110139
stratified_size_rep070,stratified_size,70,b50_lb5_k3_eps0p001,hierarchical_local_aggregate,shot_proportional,300,60,5,0.0,0.0036921374060438494,0.0053785431430790785,0.007864035087719327,1.0,1.0,1.0,0.0,0.0,0.0,40000.0,20000.0,0.0053785431430790785,0.007864035087719327,b50_lb5_k3_eps0p001,False,0.05,q95,max_ssr,0.0053785431430790785
stratified_size_rep070,stratified_size,70,b50_lb5_k3_eps0p001,hierarchical_local_aggregate,uniform,300,60,5,0.0,0.0036916854076089797,0.0053785431430790785,0.007864035087719327,1.0,1.0,1.0,0.0,0.0,0.0,40000.0,20000.0,0.0053785431430790785,0.007864035087719327,b50_lb5_k3_eps0p001,False,0.05,q95,max_ssr,0.0053785431430790785
stratified_size_rep070,stratified_size,70,b50_lb5_k3_eps0p001,local_only_offline_aggregate,confidence,300,60,5,0.0,0.0016520883417311947,0.0038468410130353373,0.006558982035928122,1.0,1.0,1.0,0.0,0.0,0.0,53850.0,20000.0,0.0038468410130353373,0.006558982035928122,b50_lb5_k3_eps0p001,False,0.05,q95,max_ssr,0.0038468410130353373
stratified_size_rep070,stratified_size,70,b50_lb5_k3_eps0p001,local_only_offline_aggregate,shot_proportional,300,60,5,0.0,0.001329713902620289,0.00356653362854573,0.006558982035928122,1.0,1.0,1.0,0.0,0.0,0.0,53850.0,20000.0,0.00356653362854573,0.006558982035928122,b50_lb5_k3_eps0p001,False,0.05,q95,max_ssr,0.00356653362854573
stratified_size_rep070,stratified_size,70,b50_lb5_k3_eps0p001,local_only_offline_aggregate,uniform,300,60,5,0.0,0.0013891532709220922,0.0037021229106385008,0.006558982035928122,1.0,1.0,1.0,0.0,0.0,0.0,53850.0,20000.0,0.0037021229106385008,0.006558982035928122,b50_lb5_k3_eps0p001,False,0.05,q95,max_ssr,0.0037021229106385008
stratified_size_rep071,stratified_size,71,b50_lb5_k3_eps0p001,aggregate_only_sync,confidence,300,60,5,0.0,0.004013398716920576,0.00543755119926196,0.007864035087719327,1.0,1.0,1.0,0.0,0.0,0.0,40000.0,20000.0,0.00543755119926196,0.007864035087719327,b50_lb5_k3_eps0p001,False,0.05,q95,max_ssr,0.00543755119926196
stratified_size_rep071,stratified_size,71,b50_lb5_k3_eps0p001,aggregate_only_sync,shot_proportional,300,60,5,0.0,0.004013398716920576,0.00543755119926196,0.007864035087719327,1.0,1.0,1.0,0.0,0.0,0.0,40000.0,20000.0,0.00543755119926196,0.007864035087719327,b50_lb5_k3_eps0p001,False,0.05,q95,max_ssr,0.00543755119926196
stratified_size_rep071,stratified_size,71,b50_lb5_k3_eps0p001,aggregate_only_sync,uniform,300,60,5,0.0,0.004013398716920576,0.00543755119926196,0.007864035087719327,1.0,1.0,1.0,0.0,0.0,0.0,40000.0,20000.0,0.00543755119926196,0.007864035087719327,b50_lb5_k3_eps0p001,False,0.05,q95,max_ssr,0.00543755119926196
stratified_size_rep071,stratified_size,71,b50_lb5_k3_eps0p001,hierarchical_local_aggregate,confidence,300,60,5,0.0,0.0040722049086202045,0.005460534694097882,0.007499192470095912,1.0,1.0,1.0,0.0,0.0,0.0,40000.0,20000.0,0.005460534694097882,0.007499192470095912,b50_lb5_k3_eps0p001,False,0.05,q95,max_ssr,0.005460534694097882
stratified_size_rep071,stratified_size,71,b50_lb5_k3_eps0p001,hierarchical_local_aggregate,shot_proportional,300,60,5,0.0,0.00415946852425184,0.005462725746268716,0.007864035087719327,1.0,1.0,1.0,0.0,0.0,0.0,40000.0,20000.0,0.005462725746268716,0.007864035087719327,b50_lb5_k3_eps0p001,False,0.05,q95,max_ssr,0.005462725746268716
stratified_size_rep071,stratified_size,71,b50_lb5_k3_eps0p001,hierarchical_local_aggregate,uniform,300,60,5,0.0,0.00415946852425184,0.005462725746268716,0.007864035087719327,1.0,1.0,1.0,0.0,0.0,0.0,40000.0,20000.0,0.005462725746268716,0.007864035087719327,b50_lb5_k3_eps0p001,False,0.05,q95,max_ssr,0.005462725746268716
stratified_size_rep071,stratified_size,71,b50_lb5_k3_eps0p001,local_only_offline_aggregate,confidence,300,60,5,0.0,0.001814326021267075,0.0038468410130353373,0.006558982035928122,1.0,1.0,1.0,0.0,0.0,0.0,54275.0,20000.0,0.0038468410130353373,0.006558982035928122,b50_lb5_k3_eps0p001,False,0.05,q95,max_ssr,0.0038468410130353373
stratified_size_rep071,stratified_size,71,b50_lb5_k3_eps0p001,local_only_offline_aggregate,shot_proportional,300,60,5,0.0,0.001412760917476443,0.00356653362854573,0.006558982035928122,1.0,1.0,1.0,0.0,0.0,0.0,54275.0,20000.0,0.00356653362854573,0.006558982035928122,b50_lb5_k3_eps0p001,False,0.05,q95,max_ssr,0.00356653362854573
stratified_size_rep071,stratified_size,71,b50_lb5_k3_eps0p001,local_only_offline_aggregate,uniform,300,60,5,0.0,0.001637580267246965,0.0037021229106385008,0.006558982035928122,1.0,1.0,1.0,0.0,0.0,0.0,54275.0,20000.0,0.0037021229106385008,0.006558982035928122,b50_lb5_k3_eps0p001,False,0.05,q95,max_ssr,0.0037021229106385008
stratified_size_rep072,stratified_size,72,b50_lb5_k3_eps0p001,aggregate_only_sync,confidence,300,60,5,0.0,0.0034012911548792412,0.005429930305286874,0.007864035087719327,1.0,1.0,1.0,0.0,0.0,0.0,40400.0,20000.0,0.005429930305286874,0.007864035087719327,b50_lb5_k3_eps0p001,False,0.05,q95,max_ssr,0.005429930305286874
stratified_size_rep072,stratified_size,72,b50_lb5_k3_eps0p001,aggregate_only_sync,shot_proportional,300,60,5,0.0,0.0034012911548792412,0.005429930305286874,0.007864035087719327,1.0,1.0,1.0,0.0,0.0,0.0,40400.0,20000.0,0.005429930305286874,0.007864035087719327,b50_lb5_k3_eps0p001,False,0.05,q95,max_ssr,0.005429930305286874
stratified_size_rep072,stratified_size,72,b50_lb5_k3_eps0p001,aggregate_only_sync,uniform,300,60,5,0.0,0.0034012911548792412,0.005429930305286874,0.007864035087719327,1.0,1.0,1.0,0.0,0.0,0.0,40400.0,20000.0,0.005429930305286874,0.007864035087719327,b50_lb5_k3_eps0p001,False,0.05,q95,max_ssr,0.005429930305286874
stratified_size_rep072,stratified_size,72,b50_lb5_k3_eps0p001,hierarchical_local_aggregate,confidence,300,60,5,0.0,0.003447333870475441,0.005460534694097882,0.007499192470095912,1.0,1.0,1.0,0.0,0.0,0.0,40400.0,20000.0,0.005460534694097882,0.007499192470095912,b50_lb5_k3_eps0p001,False,0.05,q95,max_ssr,0.005460534694097882
stratified_size_rep072,stratified_size,72,b50_lb5_k3_eps0p001,hierarchical_local_aggregate,shot_proportional,300,60,5,0.0,0.003459422245125538,0.00543881812496087,0.007864035087719327,1.0,1.0,1.0,0.0,0.0,0.0,40400.0,20000.0,0.00543881812496087,0.007864035087719327,b50_lb5_k3_eps0p001,False,0.05,q95,max_ssr,0.00543881812496087
stratified_size_rep072,stratified_size,72,b50_lb5_k3_eps0p001,hierarchical_local_aggregate,uniform,300,60,5,0.0,0.003459422245125538,0.00543881812496087,0.007864035087719327,1.0,1.0,1.0,0.0,0.0,0.0,40400.0,20000.0,0.00543881812496087,0.007864035087719327,b50_lb5_k3_eps0p001,False,0.05,q95,max_ssr,0.00543881812496087
stratified_size_rep072,stratified_size,72,b50_lb5_k3_eps0p001,local_only_offline_aggregate,confidence,300,60,5,0.0,0.001251327459395516,0.003679862072248522,0.006558982035928122,1.0,1.0,1.0,0.0,0.0,0.0,58350.0,20000.0,0.003679862072248522,0.006558982035928122,b50_lb5_k3_eps0p001,False,0.05,q95,max_ssr,0.003679862072248522
stratified_size_rep072,stratified_size,72,b50_lb5_k3_eps0p001,local_only_offline_aggregate,shot_proportional,300,60,5,0.0,0.0009269955232123412,0.003428004161842324,0.006558982035928122,1.0,1.0,1.0,0.0,0.0,0.0,58350.0,20000.0,0.003428004161842324,0.006558982035928122,b50_lb5_k3_eps0p001,False,0.05,q95,max_ssr,0.003428004161842324
stratified_size_rep072,stratified_size,72,b50_lb5_k3_eps0p001,local_only_offline_aggregate,uniform,300,60,5,0.0,0.0009688614876984798,0.003574766021667429,0.006558982035928122,1.0,1.0,1.0,0.0,0.0,0.0,58350.0,20000.0,0.003574766021667429,0.006558982035928122,b50_lb5_k3_eps0p001,False,0.05,q95,max_ssr,0.003574766021667429
stratified_size_rep073,stratified_size,73,b50_lb5_k3_eps0p001,aggregate_only_sync,confidence,300,60,5,0.0,0.0035762499999999657,0.005409192848036049,0.007864035087719327,1.0,1.0,1.0,0.0,0.0,0.0,40000.0,20000.0,0.005409192848036049,0.007864035087719327,b50_lb5_k3_eps0p001,False,0.05,q95,max_ssr,0.005409192848036049
stratified_size_rep073,stratified_size,73,b50_lb5_k3_eps0p001,aggregate_only_sync,shot_proportional,300,60,5,0.0,0.0035762499999999657,0.005409192848036049,0.007864035087719327,1.0,1.0,1.0,0.0,0.0,0.0,40000.0,20000.0,0.005409192848036049,0.007864035087719327,b50_lb5_k3_eps0p001,False,0.05,q95,max_ssr,0.005409192848036049
stratified_size_rep073,stratified_size,73,b50_lb5_k3_eps0p001,aggregate_only_sync,uniform,300,60,5,0.0,0.0035762499999999657,0.005409192848036049,0.007864035087719327,1.0,1.0,1.0,0.0,0.0,0.0,40000.0,20000.0,0.005409192848036049,0.007864035087719327,b50_lb5_k3_eps0p001,False,0.05,q95,max_ssr,0.005409192848036049
stratified_size_rep073,stratified_size,73,b50_lb5_k3_eps0p001,hierarchical_local_aggregate,confidence,300,60,5,0.0,0.0035165134664215066,0.005436264547301304,0.007499192470095912,1.0,1.0,1.0,0.0,0.0,0.0,40000.0,20000.0,0.005436264547301304,0.007499192470095912,b50_lb5_k3_eps0p001,False,0.05,q95,max_ssr,0.005436264547301304
stratified_size_rep073,stratified_size,73,b50_lb5_k3_eps0p001,hierarchical_local_aggregate,shot_proportional,300,60,5,0.0,0.00368557834441978,0.005444619103145982,0.007864035087719327,1.0,1.0,1.0,0.0,0.0,0.0,40000.0,20000.0,0.005444619103145982,0.007864035087719327,b50_lb5_k3_eps0p001,False,0.05,q95,max_ssr,0.005444619103145982
stratified_size_rep073,stratified_size,73,b50_lb5_k3_eps0p001,hierarchical_local_aggregate,uniform,300,60,5,0.0,0.00368557834441978,0.005444012659748243,0.007864035087719327,1.0,1.0,1.0,0.0,0.0,0.0,40000.0,20000.0,0.005444012659748243,0.007864035087719327,b50_lb5_k3_eps0p001,False,0.05,q95,max_ssr,0.005444012659748243
stratified_size_rep073,stratified_size,73,b50_lb5_k3_eps0p001,local_only_offline_aggregate,confidence,300,60,5,0.0,0.0015511649413346045,0.0037058150216703984,0.006558982035928122,1.0,1.0,1.0,0.0,0.0,0.0,55525.0,20000.0,0.0037058150216703984,0.006558982035928122,b50_lb5_k3_eps0p001,False,0.05,q95,max_ssr,0.0037058150216703984
stratified_size_rep073,stratified_size,73,b50_lb5_k3_eps0p001,local_only_offline_aggregate,shot_proportional,300,60,5,0.0,0.0012357992266724906,0.003490832079128021,0.006558982035928122,1.0,1.0,1.0,0.0,0.0,0.0,55525.0,20000.0,0.003490832079128021,0.006558982035928122,b50_lb5_k3_eps0p001,False,0.05,q95,max_ssr,0.003490832079128021
stratified_size_rep073,stratified_size,73,b50_lb5_k3_eps0p001,local_only_offline_aggregate,uniform,300,60,5,0.0,0.0011931511306542781,0.0036985110618310167,0.006558982035928122,1.0,1.0,1.0,0.0,0.0,0.0,55525.0,20000.0,0.0036985110618310167,0.006558982035928122,b50_lb5_k3_eps0p001,False,0.05,q95,max_ssr,0.0036985110618310167
stratified_size_rep074,stratified_size,74,b50_lb5_k3_eps0p001,aggregate_only_sync,confidence,300,60,5,0.0,0.003459422245125538,0.0054044488135977465,0.007864035087719327,1.0,1.0,1.0,0.0,0.0,0.0,40000.0,20000.0,0.0054044488135977465,0.007864035087719327,b50_lb5_k3_eps0p001,False,0.05,q95,max_ssr,0.0054044488135977465
stratified_size_rep074,stratified_size,74,b50_lb5_k3_eps0p001,aggregate_only_sync,shot_proportional,300,60,5,0.0,0.003459422245125538,0.0054044488135977465,0.007864035087719327,1.0,1.0,1.0,0.0,0.0,0.0,40000.0,20000.0,0.0054044488135977465,0.007864035087719327,b50_lb5_k3_eps0p001,False,0.05,q95,max_ssr,0.0054044488135977465
stratified_size_rep074,stratified_size,74,b50_lb5_k3_eps0p001,aggregate_only_sync,uniform,300,60,5,0.0,0.003459422245125538,0.0054044488135977465,0.007864035087719327,1.0,1.0,1.0,0.0,0.0,0.0,40000.0,20000.0,0.0054044488135977465,0.007864035087719327,b50_lb5_k3_eps0p001,False,0.05,q95,max_ssr,0.0054044488135977465
stratified_size_rep074,stratified_size,74,b50_lb5_k3_eps0p001,hierarchical_local_aggregate,confidence,300,60,5,0.0,0.0035493938260928296,0.005338915804503898,0.007499192470095912,1.0,1.0,1.0,0.0,0.0,0.0,40000.0,20000.0,0.005338915804503898,0.007499192470095912,b50_lb5_k3_eps0p001,False,0.05,q95,max_ssr,0.005338915804503898
stratified_size_rep074,stratified_size,74,b50_lb5_k3_eps0p001,hierarchical_local_aggregate,shot_proportional,300,60,5,0.0,0.003591022727272688,0.005444012659748243,0.007864035087719327,1.0,1.0,1.0,0.0,0.0,0.0,40000.0,20000.0,0.005444012659748243,0.007864035087719327,b50_lb5_k3_eps0p001,False,0.05,q95,max_ssr,0.005444012659748243
stratified_size_rep074,stratified_size,74,b50_lb5_k3_eps0p001,hierarchical_local_aggregate,uniform,300,60,5,0.0,0.003591022727272688,0.005438797381807569,0.007864035087719327,1.0,1.0,1.0,0.0,0.0,0.0,40000.0,20000.0,0.005438797381807569,0.007864035087719327,b50_lb5_k3_eps0p001,False,0.05,q95,max_ssr,0.005438797381807569
stratified_size_rep074,stratified_size,74,b50_lb5_k3_eps0p001,local_only_offline_aggregate,confidence,300,60,5,0.0,0.0013699612724504232,0.003593528818701647,0.006558982035928122,1.0,1.0,1.0,0.0,0.0,0.0,56175.0,20000.0,0.003593528818701647,0.006558982035928122,b50_lb5_k3_eps0p001,False,0.05,q95,max_ssr,0.003593528818701647
stratified_size_rep074,stratified_size,74,b50_lb5_k3_eps0p001,local_only_offline_aggregate,shot_proportional,300,60,5,0.0,0.0010965637884652925,0.0033693324311890134,0.006558982035928122,1.0,1.0,1.0,0.0,0.0,0.0,56175.0,20000.0,0.0033693324311890134,0.006558982035928122,b50_lb5_k3_eps0p001,False,0.05,q95,max_ssr,0.0033693324311890134
stratified_size_rep074,stratified_size,74,b50_lb5_k3_eps0p001,local_only_offline_aggregate,uniform,300,60,5,0.0,0.0011477025116908737,0.003398053061304778,0.006558982035928122,1.0,1.0,1.0,0.0,0.0,0.0,56175.0,20000.0,0.003398053061304778,0.006558982035928122,b50_lb5_k3_eps0p001,False,0.05,q95,max_ssr,0.003398053061304778
stratified_size_rep075,stratified_size,75,b50_lb5_k3_eps0p001,aggregate_only_sync,confidence,300,60,5,0.0,0.003378258312779746,0.005313209739818092,0.007864035087719327,1.0,1.0,1.0,0.0,0.0,0.0,40000.0,20000.0,0.005313209739818092,0.007864035087719327,b50_lb5_k3_eps0p001,False,0.05,q95,max_ssr,0.005313209739818092
stratified_size_rep075,stratified_size,75,b50_lb5_k3_eps0p001,aggregate_only_sync,shot_proportional,300,60,5,0.0,0.003378258312779746,0.005313209739818092,0.007864035087719327,1.0,1.0,1.0,0.0,0.0,0.0,40000.0,20000.0,0.005313209739818092,0.007864035087719327,b50_lb5_k3_eps0p001,False,0.05,q95,max_ssr,0.005313209739818092
stratified_size_rep075,stratified_size,75,b50_lb5_k3_eps0p001,aggregate_only_sync,uniform,300,60,5,0.0,0.003378258312779746,0.005313209739818092,0.007864035087719327,1.0,1.0,1.0,0.0,0.0,0.0,40000.0,20000.0,0.005313209739818092,0.007864035087719327,b50_lb5_k3_eps0p001,False,0.05,q95,max_ssr,0.005313209739818092
stratified_size_rep075,stratified_size,75,b50_lb5_k3_eps0p001,hierarchical_local_aggregate,confidence,300,60,5,0.0,0.003447333870475441,0.005268281754110139,0.007499192470095912,1.0,1.0,1.0,0.0,0.0,0.0,40000.0,20000.0,0.005268281754110139,0.007499192470095912,b50_lb5_k3_eps0p001,False,0.05,q95,max_ssr,0.005268281754110139
stratified_size_rep075,stratified_size,75,b50_lb5_k3_eps0p001,hierarchical_local_aggregate,shot_proportional,300,60,5,0.0,0.003459422245125538,0.00543755119926196,0.007864035087719327,1.0,1.0,1.0,0.0,0.0,0.0,40000.0,20000.0,0.00543755119926196,0.007864035087719327,b50_lb5_k3_eps0p001,False,0.05,q95,max_ssr,0.00543755119926196
stratified_size_rep075,stratified_size,75,b50_lb5_k3_eps0p001,hierarchical_local_aggregate,uniform,300,60,5,0.0,0.003459422245125538,0.005437519642756032,0.007864035087719327,1.0,1.0,1.0,0.0,0.0,0.0,40000.0,20000.0,0.005437519642756032,0.007864035087719327,b50_lb5_k3_eps0p001,False,0.05,q95,max_ssr,0.005437519642756032
stratified_size_rep075,stratified_size,75,b50_lb5_k3_eps0p001,local_only_offline_aggregate,confidence,300,60,5,0.0,0.0016159411123570994,0.0037058150216703984,0.006558982035928122,1.0,1.0,1.0,0.0,0.0,0.0,55350.0,20000.0,0.0037058150216703984,0.006558982035928122,b50_lb5_k3_eps0p001,False,0.05,q95,max_ssr,0.0037058150216703984
stratified_size_rep075,stratified_size,75,b50_lb5_k3_eps0p001,local_only_offline_aggregate,shot_proportional,300,60,5,0.0,0.0012357992266724906,0.003490832079128021,0.006558982035928122,1.0,1.0,1.0,0.0,0.0,0.0,55350.0,20000.0,0.003490832079128021,0.006558982035928122,b50_lb5_k3_eps0p001,False,0.05,q95,max_ssr,0.003490832079128021
stratified_size_rep075,stratified_size,75,b50_lb5_k3_eps0p001,local_only_offline_aggregate,uniform,300,60,5,0.0,0.0012439306000373313,0.0036985110618310167,0.006558982035928122,1.0,1.0,1.0,0.0,0.0,0.0,55350.0,20000.0,0.0036985110618310167,0.006558982035928122,b50_lb5_k3_eps0p001,False,0.05,q95,max_ssr,0.0036985110618310167
stratified_size_rep076,stratified_size,76,b50_lb5_k3_eps0p001,aggregate_only_sync,confidence,300,60,5,0.0,0.003434817073170714,0.005280138454897477,0.007864035087719327,1.0,1.0,1.0,0.0,0.0,0.0,40000.0,20000.0,0.005280138454897477,0.007864035087719327,b50_lb5_k3_eps0p001,False,0.05,q95,max_ssr,0.005280138454897477
stratified_size_rep076,stratified_size,76,b50_lb5_k3_eps0p001,aggregate_only_sync,shot_proportional,300,60,5,0.0,0.003434817073170714,0.005280138454897477,0.007864035087719327,1.0,1.0,1.0,0.0,0.0,0.0,40000.0,20000.0,0.005280138454897477,0.007864035087719327,b50_lb5_k3_eps0p001,False,0.05,q95,max_ssr,0.005280138454897477
stratified_size_rep076,stratified_size,76,b50_lb5_k3_eps0p001,aggregate_only_sync,uniform,300,60,5,0.0,0.003434817073170714,0.005280138454897477,0.007864035087719327,1.0,1.0,1.0,0.0,0.0,0.0,40000.0,20000.0,0.005280138454897477,0.007864035087719327,b50_lb5_k3_eps0p001,False,0.05,q95,max_ssr,0.005280138454897477
stratified_size_rep076,stratified_size,76,b50_lb5_k3_eps0p001,hierarchical_local_aggregate,confidence,300,60,5,0.0,0.0035493938260928296,0.005234736840849817,0.007499192470095912,1.0,1.0,1.0,0.0,0.0,0.0,40000.0,20000.0,0.005234736840849817,0.007499192470095912,b50_lb5_k3_eps0p001,False,0.05,q95,max_ssr,0.005234736840849817
stratified_size_rep076,stratified_size,76,b50_lb5_k3_eps0p001,hierarchical_local_aggregate,shot_proportional,300,60,5,0.0,0.00368557834441978,0.005429879106024882,0.007864035087719327,1.0,1.0,1.0,0.0,0.0,0.0,40000.0,20000.0,0.005429879106024882,0.007864035087719327,b50_lb5_k3_eps0p001,False,0.05,q95,max_ssr,0.005429879106024882
stratified_size_rep076,stratified_size,76,b50_lb5_k3_eps0p001,hierarchical_local_aggregate,uniform,300,60,5,0.0,0.00368557834441978,0.005429879106024882,0.007864035087719327,1.0,1.0,1.0,0.0,0.0,0.0,40000.0,20000.0,0.005429879106024882,0.007864035087719327,b50_lb5_k3_eps0p001,False,0.05,q95,max_ssr,0.005429879106024882
stratified_size_rep076,stratified_size,76,b50_lb5_k3_eps0p001,local_only_offline_aggregate,confidence,300,60,5,0.0,0.0016331208125304,0.003679862072248522,0.006558982035928122,1.0,1.0,1.0,0.0,0.0,0.0,54200.0,20000.0,0.003679862072248522,0.006558982035928122,b50_lb5_k3_eps0p001,False,0.05,q95,max_ssr,0.003679862072248522
stratified_size_rep076,stratified_size,76,b50_lb5_k3_eps0p001,local_only_offline_aggregate,shot_proportional,300,60,5,0.0,0.0013277140896080202,0.003397795616575443,0.006558982035928122,1.0,1.0,1.0,0.0,0.0,0.0,54200.0,20000.0,0.003397795616575443,0.006558982035928122,b50_lb5_k3_eps0p001,False,0.05,q95,max_ssr,0.003397795616575443
stratified_size_rep076,stratified_size,76,b50_lb5_k3_eps0p001,local_only_offline_aggregate,uniform,300,60,5,0.0,0.0013666474307355997,0.0035247890005380674,0.006558982035928122,1.0,1.0,1.0,0.0,0.0,0.0,54200.0,20000.0,0.0035247890005380674,0.006558982035928122,b50_lb5_k3_eps0p001,False,0.05,q95,max_ssr,0.0035247890005380674
stratified_size_rep077,stratified_size,77,b50_lb5_k3_eps0p001,aggregate_only_sync,confidence,300,60,5,0.0,0.003738133550925507,0.005429879106024882,0.007864035087719327,1.0,1.0,1.0,0.0,0.0,0.0,40000.0,20000.0,0.005429879106024882,0.007864035087719327,b50_lb5_k3_eps0p001,False,0.05,q95,max_ssr,0.005429879106024882
stratified_size_rep077,stratified_size,77,b50_lb5_k3_eps0p001,aggregate_only_sync,shot_proportional,300,60,5,0.0,0.003738133550925507,0.005429879106024882,0.007864035087719327,1.0,1.0,1.0,0.0,0.0,0.0,40000.0,20000.0,0.005429879106024882,0.007864035087719327,b50_lb5_k3_eps0p001,False,0.05,q95,max_ssr,0.005429879106024882
stratified_size_rep077,stratified_size,77,b50_lb5_k3_eps0p001,aggregate_only_sync,uniform,300,60,5,0.0,0.003738133550925507,0.005429879106024882,0.007864035087719327,1.0,1.0,1.0,0.0,0.0,0.0,40000.0,20000.0,0.005429879106024882,0.007864035087719327,b50_lb5_k3_eps0p001,False,0.05,q95,max_ssr,0.005429879106024882
stratified_size_rep077,stratified_size,77,b50_lb5_k3_eps0p001,hierarchical_local_aggregate,confidence,300,60,5,0.0,0.0037986923369676207,0.005460534694097882,0.007499192470095912,1.0,1.0,1.0,0.0,0.0,0.0,40000.0,20000.0,0.005460534694097882,0.007499192470095912,b50_lb5_k3_eps0p001,False,0.05,q95,max_ssr,0.005460534694097882
stratified_size_rep077,stratified_size,77,b50_lb5_k3_eps0p001,hierarchical_local_aggregate,shot_proportional,300,60,5,0.0,0.0038905821459873854,0.005462725746268716,0.007864035087719327,1.0,1.0,1.0,0.0,0.0,0.0,40000.0,20000.0,0.005462725746268716,0.007864035087719327,b50_lb5_k3_eps0p001,False,0.05,q95,max_ssr,0.005462725746268716
stratified_size_rep077,stratified_size,77,b50_lb5_k3_eps0p001,hierarchical_local_aggregate,uniform,300,60,5,0.0,0.0038905821459873854,0.005462725746268716,0.007864035087719327,1.0,1.0,1.0,0.0,0.0,0.0,40000.0,20000.0,0.005462725746268716,0.007864035087719327,b50_lb5_k3_eps0p001,False,0.05,q95,max_ssr,0.005462725746268716
stratified_size_rep077,stratified_size,77,b50_lb5_k3_eps0p001,local_only_offline_aggregate,confidence,300,60,5,0.0,0.0017500165317637087,0.003679862072248522,0.006558982035928122,1.0,1.0,1.0,0.0,0.0,0.0,54275.0,20000.0,0.003679862072248522,0.006558982035928122,b50_lb5_k3_eps0p001,False,0.05,q95,max_ssr,0.003679862072248522
stratified_size_rep077,stratified_size,77,b50_lb5_k3_eps0p001,local_only_offline_aggregate,shot_proportional,300,60,5,0.0,0.001365852367381212,0.003394679354329399,0.006558982035928122,1.0,1.0,1.0,0.0,0.0,0.0,54275.0,20000.0,0.003394679354329399,0.006558982035928122,b50_lb5_k3_eps0p001,False,0.05,q95,max_ssr,0.003394679354329399
stratified_size_rep077,stratified_size,77,b50_lb5_k3_eps0p001,local_only_offline_aggregate,uniform,300,60,5,0.0,0.001561713723057962,0.0035312975085006236,0.006558982035928122,1.0,1.0,1.0,0.0,0.0,0.0,54275.0,20000.0,0.0035312975085006236,0.006558982035928122,b50_lb5_k3_eps0p001,False,0.05,q95,max_ssr,0.0035312975085006236
stratified_size_rep078,stratified_size,78,b50_lb5_k3_eps0p001,aggregate_only_sync,confidence,300,60,5,0.0,0.0031542689517849174,0.005409192848036049,0.007864035087719327,1.0,1.0,1.0,0.0,0.0,0.0,40400.0,20000.0,0.005409192848036049,0.007864035087719327,b50_lb5_k3_eps0p001,False,0.05,q95,max_ssr,0.005409192848036049
stratified_size_rep078,stratified_size,78,b50_lb5_k3_eps0p001,aggregate_only_sync,shot_proportional,300,60,5,0.0,0.0031542689517849174,0.005409192848036049,0.007864035087719327,1.0,1.0,1.0,0.0,0.0,0.0,40400.0,20000.0,0.005409192848036049,0.007864035087719327,b50_lb5_k3_eps0p001,False,0.05,q95,max_ssr,0.005409192848036049
stratified_size_rep078,stratified_size,78,b50_lb5_k3_eps0p001,aggregate_only_sync,uniform,300,60,5,0.0,0.0031542689517849174,0.005409192848036049,0.007864035087719327,1.0,1.0,1.0,0.0,0.0,0.0,40400.0,20000.0,0.005409192848036049,0.007864035087719327,b50_lb5_k3_eps0p001,False,0.05,q95,max_ssr,0.005409192848036049
stratified_size_rep078,stratified_size,78,b50_lb5_k3_eps0p001,hierarchical_local_aggregate,confidence,300,60,5,0.0,0.003170700488229749,0.005333679290889772,0.007499192470095912,1.0,1.0,1.0,0.0,0.0,0.0,40400.0,20000.0,0.005333679290889772,0.007499192470095912,b50_lb5_k3_eps0p001,False,0.05,q95,max_ssr,0.005333679290889772
stratified_size_rep078,stratified_size,78,b50_lb5_k3_eps0p001,hierarchical_local_aggregate,shot_proportional,300,60,5,0.0,0.003237003392965244,0.005444012659748243,0.007864035087719327,1.0,1.0,1.0,0.0,0.0,0.0,40400.0,20000.0,0.005444012659748243,0.007864035087719327,b50_lb5_k3_eps0p001,False,0.05,q95,max_ssr,0.005444012659748243
stratified_size_rep078,stratified_size,78,b50_lb5_k3_eps0p001,hierarchical_local_aggregate,uniform,300,60,5,0.0,0.0032527984931363736,0.005438797381807569,0.007864035087719327,1.0,1.0,1.0,0.0,0.0,0.0,40400.0,20000.0,0.005438797381807569,0.007864035087719327,b50_lb5_k3_eps0p001,False,0.05,q95,max_ssr,0.005438797381807569
stratified_size_rep078,stratified_size,78,b50_lb5_k3_eps0p001,local_only_offline_aggregate,confidence,300,60,5,0.0,0.001251327459395516,0.003585169909319698,0.006558982035928122,1.0,1.0,1.0,0.0,0.0,0.0,56625.0,20000.0,0.003585169909319698,0.006558982035928122,b50_lb5_k3_eps0p001,False,0.05,q95,max_ssr,0.003585169909319698
stratified_size_rep078,stratified_size,78,b50_lb5_k3_eps0p001,local_only_offline_aggregate,shot_proportional,300,60,5,0.0,0.0010107974634809868,0.0033693324311890134,0.006558982035928122,1.0,1.0,1.0,0.0,0.0,0.0,56625.0,20000.0,0.0033693324311890134,0.006558982035928122,b50_lb5_k3_eps0p001,False,0.05,q95,max_ssr,0.0033693324311890134
stratified_size_rep078,stratified_size,78,b50_lb5_k3_eps0p001,local_only_offline_aggregate,uniform,300,60,5,0.0,0.0010757877056882061,0.0035066003143733857,0.006558982035928122,1.0,1.0,1.0,0.0,0.0,0.0,56625.0,20000.0,0.0035066003143733857,0.006558982035928122,b50_lb5_k3_eps0p001,False,0.05,q95,max_ssr,0.0035066003143733857
stratified_size_rep079,stratified_size,79,b50_lb5_k3_eps0p001,aggregate_only_sync,confidence,300,60,5,0.0,0.002389959072919152,0.005409192848036049,0.007864035087719327,1.0,1.0,1.0,0.0,0.0,0.0,43625.0,20000.0,0.005409192848036049,0.007864035087719327,b50_lb5_k3_eps0p001,False,0.05,q95,max_ssr,0.005409192848036049
stratified_size_rep079,stratified_size,79,b50_lb5_k3_eps0p001,aggregate_only_sync,shot_proportional,300,60,5,0.0,0.002389959072919152,0.005409192848036049,0.007864035087719327,1.0,1.0,1.0,0.0,0.0,0.0,43625.0,20000.0,0.005409192848036049,0.007864035087719327,b50_lb5_k3_eps0p001,False,0.05,q95,max_ssr,0.005409192848036049
stratified_size_rep079,stratified_size,79,b50_lb5_k3_eps0p001,aggregate_only_sync,uniform,300,60,5,0.0,0.002389959072919152,0.005409192848036049,0.007864035087719327,1.0,1.0,1.0,0.0,0.0,0.0,43625.0,20000.0,0.005409192848036049,0.007864035087719327,b50_lb5_k3_eps0p001,False,0.05,q95,max_ssr,0.005409192848036049
stratified_size_rep079,stratified_size,79,b50_lb5_k3_eps0p001,hierarchical_local_aggregate,confidence,300,60,5,0.0,0.002610018827396676,0.005406981420208169,0.007499192470095912,1.0,1.0,1.0,0.0,0.0,0.0,43625.0,20000.0,0.005406981420208169,0.007499192470095912,b50_lb5_k3_eps0p001,False,0.05,q95,max_ssr,0.005406981420208169
stratified_size_rep079,stratified_size,79,b50_lb5_k3_eps0p001,hierarchical_local_aggregate,shot_proportional,300,60,5,0.0,0.0027063941049332786,0.005438797381807569,0.007864035087719327,1.0,1.0,1.0,0.0,0.0,0.0,43625.0,20000.0,0.005438797381807569,0.007864035087719327,b50_lb5_k3_eps0p001,False,0.05,q95,max_ssr,0.005438797381807569
stratified_size_rep079,stratified_size,79,b50_lb5_k3_eps0p001,hierarchical_local_aggregate,uniform,300,60,5,0.0,0.0027017563747123866,0.005438797381807569,0.007864035087719327,1.0,1.0,1.0,0.0,0.0,0.0,43625.0,20000.0,0.005438797381807569,0.007864035087719327,b50_lb5_k3_eps0p001,False,0.05,q95,max_ssr,0.005438797381807569
stratified_size_rep079,stratified_size,79,b50_lb5_k3_eps0p001,local_only_offline_aggregate,confidence,300,60,5,0.0,0.0,0.0032358423329764095,0.006056896551724079,1.0,1.0,1.0,0.0,0.0,0.0,60000.0,20000.0,0.0032358423329764095,0.006056896551724079,b50_lb5_k3_eps0p001,False,0.05,q95,max_ssr,0.0032358423329764095
stratified_size_rep079,stratified_size,79,b50_lb5_k3_eps0p001,local_only_offline_aggregate,shot_proportional,300,60,5,0.0,0.0,0.003193722342178203,0.006056896551724079,1.0,1.0,1.0,0.0,0.0,0.0,60000.0,20000.0,0.003193722342178203,0.006056896551724079,b50_lb5_k3_eps0p001,False,0.05,q95,max_ssr,0.003193722342178203
stratified_size_rep079,stratified_size,79,b50_lb5_k3_eps0p001,local_only_offline_aggregate,uniform,300,60,5,0.0,0.0,0.003321051353390322,0.006056896551724079,1.0,1.0,1.0,0.0,0.0,0.0,60000.0,20000.0,0.003321051353390322,0.006056896551724079,b50_lb5_k3_eps0p001,False,0.05,q95,max_ssr,0.003321051353390322
stratified_size_rep080,stratified_size,80,b50_lb5_k3_eps0p001,aggregate_only_sync,confidence,300,60,5,0.0,0.0033732393659710964,0.005409192848036049,0.007864035087719327,1.0,1.0,1.0,0.0,0.0,0.0,42337.5,20000.0,0.005409192848036049,0.007864035087719327,b50_lb5_k3_eps0p001,False,0.05,q95,max_ssr,0.005409192848036049
stratified_size_rep080,stratified_size,80,b50_lb5_k3_eps0p001,aggregate_only_sync,shot_proportional,300,60,5,0.0,0.0033732393659710964,0.005409192848036049,0.007864035087719327,1.0,1.0,1.0,0.0,0.0,0.0,42337.5,20000.0,0.005409192848036049,0.007864035087719327,b50_lb5_k3_eps0p001,False,0.05,q95,max_ssr,0.005409192848036049
stratified_size_rep080,stratified_size,80,b50_lb5_k3_eps0p001,aggregate_only_sync,uniform,300,60,5,0.0,0.0033732393659710964,0.005409192848036049,0.007864035087719327,1.0,1.0,1.0,0.0,0.0,0.0,42337.5,20000.0,0.005409192848036049,0.007864035087719327,b50_lb5_k3_eps0p001,False,0.05,q95,max_ssr,0.005409192848036049
stratified_size_rep080,stratified_size,80,b50_lb5_k3_eps0p001,hierarchical_local_aggregate,confidence,300,60,5,0.0,0.0034499065178235817,0.005340457021719327,0.007499192470095912,1.0,1.0,1.0,0.0,0.0,0.0,42100.0,20000.0,0.005340457021719327,0.007499192470095912,b50_lb5_k3_eps0p001,False,0.05,q95,max_ssr,0.005340457021719327
stratified_size_rep080,stratified_size,80,b50_lb5_k3_eps0p001,hierarchical_local_aggregate,shot_proportional,300,60,5,0.0,0.003434817073170714,0.005449345586893039,0.007864035087719327,1.0,1.0,1.0,0.0,0.0,0.0,42100.0,20000.0,0.005449345586893039,0.007864035087719327,b50_lb5_k3_eps0p001,False,0.05,q95,max_ssr,0.005449345586893039
stratified_size_rep080,stratified_size,80,b50_lb5_k3_eps0p001,hierarchical_local_aggregate,uniform,300,60,5,0.0,0.003434817073170714,0.005444917320765197,0.007864035087719327,1.0,1.0,1.0,0.0,0.0,0.0,42100.0,20000.0,0.005444917320765197,0.007864035087719327,b50_lb5_k3_eps0p001,False,0.05,q95,max_ssr,0.005444917320765197
stratified_size_rep080,stratified_size,80,b50_lb5_k3_eps0p001,local_only_offline_aggregate,confidence,300,60,5,0.0,0.0013800254754931086,0.003585169909319698,0.006558982035928122,1.0,1.0,1.0,0.0,0.0,0.0,58350.0,20000.0,0.003585169909319698,0.006558982035928122,b50_lb5_k3_eps0p001,False,0.05,q95,max_ssr,0.003585169909319698
stratified_size_rep080,stratified_size,80,b50_lb5_k3_eps0p001,local_only_offline_aggregate,shot_proportional,300,60,5,0.0,0.001061562415172925,0.0033577734185937956,0.006558982035928122,1.0,1.0,1.0,0.0,0.0,0.0,58350.0,20000.0,0.0033577734185937956,0.006558982035928122,b50_lb5_k3_eps0p001,False,0.05,q95,max_ssr,0.0033577734185937956
stratified_size_rep080,stratified_size,80,b50_lb5_k3_eps0p001,local_only_offline_aggregate,uniform,300,60,5,0.0,0.0011182258866097986,0.0035066003143733857,0.006558982035928122,1.0,1.0,1.0,0.0,0.0,0.0,58350.0,20000.0,0.0035066003143733857,0.006558982035928122,b50_lb5_k3_eps0p001,False,0.05,q95,max_ssr,0.0035066003143733857
stratified_size_rep081,stratified_size,81,b50_lb5_k3_eps0p001,aggregate_only_sync,confidence,300,60,5,0.0,0.003459422245125538,0.005429879106024882,0.007864035087719327,1.0,1.0,1.0,0.0,0.0,0.0,40000.0,20000.0,0.005429879106024882,0.007864035087719327,b50_lb5_k3_eps0p001,False,0.05,q95,max_ssr,0.005429879106024882
stratified_size_rep081,stratified_size,81,b50_lb5_k3_eps0p001,aggregate_only_sync,shot_proportional,300,60,5,0.0,0.003459422245125538,0.005429879106024882,0.007864035087719327,1.0,1.0,1.0,0.0,0.0,0.0,40000.0,20000.0,0.005429879106024882,0.007864035087719327,b50_lb5_k3_eps0p001,False,0.05,q95,max_ssr,0.005429879106024882
stratified_size_rep081,stratified_size,81,b50_lb5_k3_eps0p001,aggregate_only_sync,uniform,300,60,5,0.0,0.003459422245125538,0.005429879106024882,0.007864035087719327,1.0,1.0,1.0,0.0,0.0,0.0,40000.0,20000.0,0.005429879106024882,0.007864035087719327,b50_lb5_k3_eps0p001,False,0.05,q95,max_ssr,0.005429879106024882
stratified_size_rep081,stratified_size,81,b50_lb5_k3_eps0p001,hierarchical_local_aggregate,confidence,300,60,5,0.0,0.003721372000502478,0.005436264547301304,0.007499192470095912,1.0,1.0,1.0,0.0,0.0,0.0,40000.0,20000.0,0.005436264547301304,0.007499192470095912,b50_lb5_k3_eps0p001,False,0.05,q95,max_ssr,0.005436264547301304
stratified_size_rep081,stratified_size,81,b50_lb5_k3_eps0p001,hierarchical_local_aggregate,shot_proportional,300,60,5,0.0,0.003700436119304069,0.005449345586893039,0.007864035087719327,1.0,1.0,1.0,0.0,0.0,0.0,40000.0,20000.0,0.005449345586893039,0.007864035087719327,b50_lb5_k3_eps0p001,False,0.05,q95,max_ssr,0.005449345586893039
stratified_size_rep081,stratified_size,81,b50_lb5_k3_eps0p001,hierarchical_local_aggregate,uniform,300,60,5,0.0,0.003697071677651359,0.00544531144067793,0.007864035087719327,1.0,1.0,1.0,0.0,0.0,0.0,40000.0,20000.0,0.00544531144067793,0.007864035087719327,b50_lb5_k3_eps0p001,False,0.05,q95,max_ssr,0.00544531144067793
stratified_size_rep081,stratified_size,81,b50_lb5_k3_eps0p001,local_only_offline_aggregate,confidence,300,60,5,0.0,0.0016159411123570994,0.003489714157247857,0.006558982035928122,1.0,1.0,1.0,0.0,0.0,0.0,56625.0,20000.0,0.003489714157247857,0.006558982035928122,b50_lb5_k3_eps0p001,False,0.05,q95,max_ssr,0.003489714157247857
stratified_size_rep081,stratified_size,81,b50_lb5_k3_eps0p001,local_only_offline_aggregate,shot_proportional,300,60,5,0.0,0.001250605788732654,0.003356185305998844,0.006558982035928122,1.0,1.0,1.0,0.0,0.0,0.0,56625.0,20000.0,0.003356185305998844,0.006558982035928122,b50_lb5_k3_eps0p001,False,0.05,q95,max_ssr,0.003356185305998844
stratified_size_rep081,stratified_size,81,b50_lb5_k3_eps0p001,local_only_offline_aggregate,uniform,300,60,5,0.0,0.0012831438743704955,0.003493032108473418,0.006558982035928122,1.0,1.0,1.0,0.0,0.0,0.0,56625.0,20000.0,0.003493032108473418,0.006558982035928122,b50_lb5_k3_eps0p001,False,0.05,q95,max_ssr,0.003493032108473418
stratified_size_rep082,stratified_size,82,b50_lb5_k3_eps0p001,aggregate_only_sync,confidence,300,60,5,0.0,0.0030603021026214395,0.0054044488135977465,0.007864035087719327,1.0,1.0,1.0,0.0,0.0,0.0,41362.5,20000.0,0.0054044488135977465,0.007864035087719327,b50_lb5_k3_eps0p001,False,0.05,q95,max_ssr,0.0054044488135977465
stratified_size_rep082,stratified_size,82,b50_lb5_k3_eps0p001,aggregate_only_sync,shot_proportional,300,60,5,0.0,0.0030603021026214395,0.0054044488135977465,0.007864035087719327,1.0,1.0,1.0,0.0,0.0,0.0,41362.5,20000.0,0.0054044488135977465,0.007864035087719327,b50_lb5_k3_eps0p001,False,0.05,q95,max_ssr,0.0054044488135977465
stratified_size_rep082,stratified_size,82,b50_lb5_k3_eps0p001,aggregate_only_sync,uniform,300,60,5,0.0,0.0030603021026214395,0.0054044488135977465,0.007864035087719327,1.0,1.0,1.0,0.0,0.0,0.0,41362.5,20000.0,0.0054044488135977465,0.007864035087719327,b50_lb5_k3_eps0p001,False,0.05,q95,max_ssr,0.0054044488135977465
stratified_size_rep082,stratified_size,82,b50_lb5_k3_eps0p001,hierarchical_local_aggregate,confidence,300,60,5,0.0,0.0030815628012057735,0.005333679290889772,0.007499192470095912,1.0,1.0,1.0,0.0,0.0,0.0,41125.0,20000.0,0.005333679290889772,0.007499192470095912,b50_lb5_k3_eps0p001,False,0.05,q95,max_ssr,0.005333679290889772
stratified_size_rep082,stratified_size,82,b50_lb5_k3_eps0p001,hierarchical_local_aggregate,shot_proportional,300,60,5,0.0,0.0032035316544313667,0.005444012659748243,0.007864035087719327,1.0,1.0,1.0,0.0,0.0,0.0,41125.0,20000.0,0.005444012659748243,0.007864035087719327,b50_lb5_k3_eps0p001,False,0.05,q95,max_ssr,0.005444012659748243
stratified_size_rep082,stratified_size,82,b50_lb5_k3_eps0p001,hierarchical_local_aggregate,uniform,300,60,5,0.0,0.003200215035214628,0.005438197808194938,0.007864035087719327,1.0,1.0,1.0,0.0,0.0,0.0,41125.0,20000.0,0.005438197808194938,0.007864035087719327,b50_lb5_k3_eps0p001,False,0.05,q95,max_ssr,0.005438197808194938
stratified_size_rep082,stratified_size,82,b50_lb5_k3_eps0p001,local_only_offline_aggregate,confidence,300,60,5,0.0,0.0009248837706017872,0.003585169909319698,0.006558982035928122,1.0,1.0,1.0,0.0,0.0,0.0,57950.0,20000.0,0.003585169909319698,0.006558982035928122,b50_lb5_k3_eps0p001,False,0.05,q95,max_ssr,0.003585169909319698
stratified_size_rep082,stratified_size,82,b50_lb5_k3_eps0p001,local_only_offline_aggregate,shot_proportional,300,60,5,0.0,0.000613873667538187,0.0033693324311890134,0.006558982035928122,1.0,1.0,1.0,0.0,0.0,0.0,57950.0,20000.0,0.0033693324311890134,0.006558982035928122,b50_lb5_k3_eps0p001,False,0.05,q95,max_ssr,0.0033693324311890134
stratified_size_rep082,stratified_size,82,b50_lb5_k3_eps0p001,local_only_offline_aggregate,uniform,300,60,5,0.0,0.0006686962568960918,0.0034938689963514295,0.006558982035928122,1.0,1.0,1.0,0.0,0.0,0.0,57950.0,20000.0,0.0034938689963514295,0.006558982035928122,b50_lb5_k3_eps0p001,False,0.05,q95,max_ssr,0.0034938689963514295
stratified_size_rep083,stratified_size,83,b50_lb5_k3_eps0p001,aggregate_only_sync,confidence,300,60,5,0.0,0.0036921374060438494,0.00543755119926196,0.007864035087719327,1.0,1.0,1.0,0.0,0.0,0.0,40000.0,20000.0,0.00543755119926196,0.007864035087719327,b50_lb5_k3_eps0p001,False,0.05,q95,max_ssr,0.00543755119926196
stratified_size_rep083,stratified_size,83,b50_lb5_k3_eps0p001,aggregate_only_sync,shot_proportional,300,60,5,0.0,0.0036921374060438494,0.00543755119926196,0.007864035087719327,1.0,1.0,1.0,0.0,0.0,0.0,40000.0,20000.0,0.00543755119926196,0.007864035087719327,b50_lb5_k3_eps0p001,False,0.05,q95,max_ssr,0.00543755119926196
stratified_size_rep083,stratified_size,83,b50_lb5_k3_eps0p001,aggregate_only_sync,uniform,300,60,5,0.0,0.0036921374060438494,0.00543755119926196,0.007864035087719327,1.0,1.0,1.0,0.0,0.0,0.0,40000.0,20000.0,0.00543755119926196,0.007864035087719327,b50_lb5_k3_eps0p001,False,0.05,q95,max_ssr,0.00543755119926196
stratified_size_rep083,stratified_size,83,b50_lb5_k3_eps0p001,hierarchical_local_aggregate,confidence,300,60,5,0.0,0.0037298593543280897,0.005460534694097882,0.007499192470095912,1.0,1.0,1.0,0.0,0.0,0.0,40000.0,20000.0,0.005460534694097882,0.007499192470095912,b50_lb5_k3_eps0p001,False,0.05,q95,max_ssr,0.005460534694097882
stratified_size_rep083,stratified_size,83,b50_lb5_k3_eps0p001,hierarchical_local_aggregate,shot_proportional,300,60,5,0.0,0.0038739289546633315,0.005462725746268716,0.007864035087719327,1.0,1.0,1.0,0.0,0.0,0.0,40000.0,20000.0,0.005462725746268716,0.007864035087719327,b50_lb5_k3_eps0p001,False,0.05,q95,max_ssr,0.005462725746268716
stratified_size_rep083,stratified_size,83,b50_lb5_k3_eps0p001,hierarchical_local_aggregate,uniform,300,60,5,0.0,0.0038739289546633315,0.005462725746268716,0.007864035087719327,1.0,1.0,1.0,0.0,0.0,0.0,40000.0,20000.0,0.005462725746268716,0.007864035087719327,b50_lb5_k3_eps0p001,False,0.05,q95,max_ssr,0.005462725746268716
stratified_size_rep083,stratified_size,83,b50_lb5_k3_eps0p001,local_only_offline_aggregate,confidence,300,60,5,0.0,0.0017006430691413493,0.0037058150216703984,0.006558982035928122,1.0,1.0,1.0,0.0,0.0,0.0,54275.0,20000.0,0.0037058150216703984,0.006558982035928122,b50_lb5_k3_eps0p001,False,0.05,q95,max_ssr,0.0037058150216703984
stratified_size_rep083,stratified_size,83,b50_lb5_k3_eps0p001,local_only_offline_aggregate,shot_proportional,300,60,5,0.0,0.001329713902620289,0.003490832079128021,0.006558982035928122,1.0,1.0,1.0,0.0,0.0,0.0,54275.0,20000.0,0.003490832079128021,0.006558982035928122,b50_lb5_k3_eps0p001,False,0.05,q95,max_ssr,0.003490832079128021
stratified_size_rep083,stratified_size,83,b50_lb5_k3_eps0p001,local_only_offline_aggregate,uniform,300,60,5,0.0,0.001480143754130857,0.0036985110618310167,0.006558982035928122,1.0,1.0,1.0,0.0,0.0,0.0,54275.0,20000.0,0.0036985110618310167,0.006558982035928122,b50_lb5_k3_eps0p001,False,0.05,q95,max_ssr,0.0036985110618310167
stratified_size_rep084,stratified_size,84,b50_lb5_k3_eps0p001,aggregate_only_sync,confidence,300,60,5,0.0,0.0035762499999999657,0.005284628965164908,0.007864035087719327,1.0,1.0,1.0,0.0,0.0,0.0,40000.0,20000.0,0.005284628965164908,0.007864035087719327,b50_lb5_k3_eps0p001,False,0.05,q95,max_ssr,0.005284628965164908
stratified_size_rep084,stratified_size,84,b50_lb5_k3_eps0p001,aggregate_only_sync,shot_proportional,300,60,5,0.0,0.0035762499999999657,0.005284628965164908,0.007864035087719327,1.0,1.0,1.0,0.0,0.0,0.0,40000.0,20000.0,0.005284628965164908,0.007864035087719327,b50_lb5_k3_eps0p001,False,0.05,q95,max_ssr,0.005284628965164908
stratified_size_rep084,stratified_size,84,b50_lb5_k3_eps0p001,aggregate_only_sync,uniform,300,60,5,0.0,0.0035762499999999657,0.005284628965164908,0.007864035087719327,1.0,1.0,1.0,0.0,0.0,0.0,40000.0,20000.0,0.005284628965164908,0.007864035087719327,b50_lb5_k3_eps0p001,False,0.05,q95,max_ssr,0.005284628965164908
stratified_size_rep084,stratified_size,84,b50_lb5_k3_eps0p001,hierarchical_local_aggregate,confidence,300,60,5,0.0,0.0035493938260928296,0.005158641368545799,0.007499192470095912,1.0,1.0,1.0,0.0,0.0,0.0,40000.0,20000.0,0.005158641368545799,0.007499192470095912,b50_lb5_k3_eps0p001,False,0.05,q95,max_ssr,0.005158641368545799
stratified_size_rep084,stratified_size,84,b50_lb5_k3_eps0p001,hierarchical_local_aggregate,shot_proportional,300,60,5,0.0,0.00368557834441978,0.005429879106024882,0.007864035087719327,1.0,1.0,1.0,0.0,0.0,0.0,40000.0,20000.0,0.005429879106024882,0.007864035087719327,b50_lb5_k3_eps0p001,False,0.05,q95,max_ssr,0.005429879106024882
stratified_size_rep084,stratified_size,84,b50_lb5_k3_eps0p001,hierarchical_local_aggregate,uniform,300,60,5,0.0,0.00368557834441978,0.005429879106024882,0.007864035087719327,1.0,1.0,1.0,0.0,0.0,0.0,40000.0,20000.0,0.005429879106024882,0.007864035087719327,b50_lb5_k3_eps0p001,False,0.05,q95,max_ssr,0.005429879106024882
stratified_size_rep084,stratified_size,84,b50_lb5_k3_eps0p001,local_only_offline_aggregate,confidence,300,60,5,0.0,0.0016461897879162684,0.003679862072248522,0.006558982035928122,1.0,1.0,1.0,0.0,0.0,0.0,55350.0,20000.0,0.003679862072248522,0.006558982035928122,b50_lb5_k3_eps0p001,False,0.05,q95,max_ssr,0.003679862072248522
stratified_size_rep084,stratified_size,84,b50_lb5_k3_eps0p001,local_only_offline_aggregate,shot_proportional,300,60,5,0.0,0.001306021028137554,0.003397795616575443,0.006558982035928122,1.0,1.0,1.0,0.0,0.0,0.0,55350.0,20000.0,0.003397795616575443,0.006558982035928122,b50_lb5_k3_eps0p001,False,0.05,q95,max_ssr,0.003397795616575443
stratified_size_rep084,stratified_size,84,b50_lb5_k3_eps0p001,local_only_offline_aggregate,uniform,300,60,5,0.0,0.001366308197688713,0.0035247890005380674,0.006558982035928122,1.0,1.0,1.0,0.0,0.0,0.0,55350.0,20000.0,0.0035247890005380674,0.006558982035928122,b50_lb5_k3_eps0p001,False,0.05,q95,max_ssr,0.0035247890005380674
stratified_size_rep085,stratified_size,85,b50_lb5_k3_eps0p001,aggregate_only_sync,confidence,300,60,5,0.0,0.0039272820429408295,0.005429879106024882,0.007864035087719327,1.0,1.0,1.0,0.0,0.0,0.0,40400.0,20000.0,0.005429879106024882,0.007864035087719327,b50_lb5_k3_eps0p001,False,0.05,q95,max_ssr,0.005429879106024882
stratified_size_rep085,stratified_size,85,b50_lb5_k3_eps0p001,aggregate_only_sync,shot_proportional,300,60,5,0.0,0.0039272820429408295,0.005429879106024882,0.007864035087719327,1.0,1.0,1.0,0.0,0.0,0.0,40400.0,20000.0,0.005429879106024882,0.007864035087719327,b50_lb5_k3_eps0p001,False,0.05,q95,max_ssr,0.005429879106024882
stratified_size_rep085,stratified_size,85,b50_lb5_k3_eps0p001,aggregate_only_sync,uniform,300,60,5,0.0,0.0039272820429408295,0.005429879106024882,0.007864035087719327,1.0,1.0,1.0,0.0,0.0,0.0,40400.0,20000.0,0.005429879106024882,0.007864035087719327,b50_lb5_k3_eps0p001,False,0.05,q95,max_ssr,0.005429879106024882
stratified_size_rep085,stratified_size,85,b50_lb5_k3_eps0p001,hierarchical_local_aggregate,confidence,300,60,5,0.0,0.004022200894279914,0.005436264547301304,0.007499192470095912,1.0,1.0,1.0,0.0,0.0,0.0,40400.0,20000.0,0.005436264547301304,0.007499192470095912,b50_lb5_k3_eps0p001,False,0.05,q95,max_ssr,0.005436264547301304
stratified_size_rep085,stratified_size,85,b50_lb5_k3_eps0p001,hierarchical_local_aggregate,shot_proportional,300,60,5,0.0,0.004084407776225031,0.005449345586893039,0.007864035087719327,1.0,1.0,1.0,0.0,0.0,0.0,40400.0,20000.0,0.005449345586893039,0.007864035087719327,b50_lb5_k3_eps0p001,False,0.05,q95,max_ssr,0.005449345586893039
stratified_size_rep085,stratified_size,85,b50_lb5_k3_eps0p001,hierarchical_local_aggregate,uniform,300,60,5,0.0,0.004084407776225031,0.00544531144067793,0.007864035087719327,1.0,1.0,1.0,0.0,0.0,0.0,40400.0,20000.0,0.00544531144067793,0.007864035087719327,b50_lb5_k3_eps0p001,False,0.05,q95,max_ssr,0.00544531144067793
stratified_size_rep085,stratified_size,85,b50_lb5_k3_eps0p001,local_only_offline_aggregate,confidence,300,60,5,0.0,0.0013800254754931086,0.003679862072248522,0.006056896551724079,1.0,1.0,1.0,0.0,0.0,0.0,57400.0,20000.0,0.003679862072248522,0.006056896551724079,b50_lb5_k3_eps0p001,False,0.05,q95,max_ssr,0.003679862072248522
stratified_size_rep085,stratified_size,85,b50_lb5_k3_eps0p001,local_only_offline_aggregate,shot_proportional,300,60,5,0.0,0.0010965637884652925,0.0033709223546241128,0.006056896551724079,1.0,1.0,1.0,0.0,0.0,0.0,57400.0,20000.0,0.0033709223546241128,0.006056896551724079,b50_lb5_k3_eps0p001,False,0.05,q95,max_ssr,0.0033709223546241128
stratified_size_rep085,stratified_size,85,b50_lb5_k3_eps0p001,local_only_offline_aggregate,uniform,300,60,5,0.0,0.0011477025116908737,0.0035247890005380674,0.006056896551724079,1.0,1.0,1.0,0.0,0.0,0.0,57400.0,20000.0,0.0035247890005380674,0.006056896551724079,b50_lb5_k3_eps0p001,False,0.05,q95,max_ssr,0.0035247890005380674
stratified_size_rep086,stratified_size,86,b50_lb5_k3_eps0p001,aggregate_only_sync,confidence,300,60,5,0.0,0.0036397727272727155,0.005405516453508585,0.007864035087719327,1.0,1.0,1.0,0.0,0.0,0.0,40000.0,20000.0,0.005405516453508585,0.007864035087719327,b50_lb5_k3_eps0p001,False,0.05,q95,max_ssr,0.005405516453508585
stratified_size_rep086,stratified_size,86,b50_lb5_k3_eps0p001,aggregate_only_sync,shot_proportional,300,60,5,0.0,0.0036397727272727155,0.005405516453508585,0.007864035087719327,1.0,1.0,1.0,0.0,0.0,0.0,40000.0,20000.0,0.005405516453508585,0.007864035087719327,b50_lb5_k3_eps0p001,False,0.05,q95,max_ssr,0.005405516453508585
stratified_size_rep086,stratified_size,86,b50_lb5_k3_eps0p001,aggregate_only_sync,uniform,300,60,5,0.0,0.0036397727272727155,0.005405516453508585,0.007864035087719327,1.0,1.0,1.0,0.0,0.0,0.0,40000.0,20000.0,0.005405516453508585,0.007864035087719327,b50_lb5_k3_eps0p001,False,0.05,q95,max_ssr,0.005405516453508585
stratified_size_rep086,stratified_size,86,b50_lb5_k3_eps0p001,hierarchical_local_aggregate,confidence,300,60,5,0.0,0.003686220627084658,0.005436264547301304,0.007499192470095912,1.0,1.0,1.0,0.0,0.0,0.0,40000.0,20000.0,0.005436264547301304,0.007499192470095912,b50_lb5_k3_eps0p001,False,0.05,q95,max_ssr,0.005436264547301304
stratified_size_rep086,stratified_size,86,b50_lb5_k3_eps0p001,hierarchical_local_aggregate,shot_proportional,300,60,5,0.0,0.0036921374060438494,0.005444619103145982,0.007864035087719327,1.0,1.0,1.0,0.0,0.0,0.0,40000.0,20000.0,0.005444619103145982,0.007864035087719327,b50_lb5_k3_eps0p001,False,0.05,q95,max_ssr,0.005444619103145982
stratified_size_rep086,stratified_size,86,b50_lb5_k3_eps0p001,hierarchical_local_aggregate,uniform,300,60,5,0.0,0.0036921374060438494,0.00543881812496087,0.007864035087719327,1.0,1.0,1.0,0.0,0.0,0.0,40000.0,20000.0,0.00543881812496087,0.007864035087719327,b50_lb5_k3_eps0p001,False,0.05,q95,max_ssr,0.00543881812496087
stratified_size_rep086,stratified_size,86,b50_lb5_k3_eps0p001,local_only_offline_aggregate,confidence,300,60,5,0.0,0.0015101073900236023,0.0037058150216703984,0.006558982035928122,1.0,1.0,1.0,0.0,0.0,0.0,56175.0,20000.0,0.0037058150216703984,0.006558982035928122,b50_lb5_k3_eps0p001,False,0.05,q95,max_ssr,0.0037058150216703984
stratified_size_rep086,stratified_size,86,b50_lb5_k3_eps0p001,local_only_offline_aggregate,shot_proportional,300,60,5,0.0,0.0011448180787622445,0.003490832079128021,0.006558982035928122,1.0,1.0,1.0,0.0,0.0,0.0,56175.0,20000.0,0.003490832079128021,0.006558982035928122,b50_lb5_k3_eps0p001,False,0.05,q95,max_ssr,0.003490832079128021
stratified_size_rep086,stratified_size,86,b50_lb5_k3_eps0p001,local_only_offline_aggregate,uniform,300,60,5,0.0,0.0012766533389626245,0.0036985110618310167,0.006558982035928122,1.0,1.0,1.0,0.0,0.0,0.0,56175.0,20000.0,0.0036985110618310167,0.006558982035928122,b50_lb5_k3_eps0p001,False,0.05,q95,max_ssr,0.0036985110618310167
stratified_size_rep087,stratified_size,87,b50_lb5_k3_eps0p001,aggregate_only_sync,confidence,300,60,5,0.0,0.003838958545196404,0.005313209739818092,0.007864035087719327,1.0,1.0,1.0,0.0,0.0,0.0,40000.0,20000.0,0.005313209739818092,0.007864035087719327,b50_lb5_k3_eps0p001,False,0.05,q95,max_ssr,0.005313209739818092
stratified_size_rep087,stratified_size,87,b50_lb5_k3_eps0p001,aggregate_only_sync,shot_proportional,300,60,5,0.0,0.003838958545196404,0.005313209739818092,0.007864035087719327,1.0,1.0,1.0,0.0,0.0,0.0,40000.0,20000.0,0.005313209739818092,0.007864035087719327,b50_lb5_k3_eps0p001,False,0.05,q95,max_ssr,0.005313209739818092
stratified_size_rep087,stratified_size,87,b50_lb5_k3_eps0p001,aggregate_only_sync,uniform,300,60,5,0.0,0.003838958545196404,0.005313209739818092,0.007864035087719327,1.0,1.0,1.0,0.0,0.0,0.0,40000.0,20000.0,0.005313209739818092,0.007864035087719327,b50_lb5_k3_eps0p001,False,0.05,q95,max_ssr,0.005313209739818092
stratified_size_rep087,stratified_size,87,b50_lb5_k3_eps0p001,hierarchical_local_aggregate,confidence,300,60,5,0.0,0.0039977207594012396,0.005268281754110139,0.007499192470095912,1.0,1.0,1.0,0.0,0.0,0.0,40000.0,20000.0,0.005268281754110139,0.007499192470095912,b50_lb5_k3_eps0p001,False,0.05,q95,max_ssr,0.005268281754110139
stratified_size_rep087,stratified_size,87,b50_lb5_k3_eps0p001,hierarchical_local_aggregate,shot_proportional,300,60,5,0.0,0.0039272820429408295,0.00543755119926196,0.007864035087719327,1.0,1.0,1.0,0.0,0.0,0.0,40000.0,20000.0,0.00543755119926196,0.007864035087719327,b50_lb5_k3_eps0p001,False,0.05,q95,max_ssr,0.00543755119926196
stratified_size_rep087,stratified_size,87,b50_lb5_k3_eps0p001,hierarchical_local_aggregate,uniform,300,60,5,0.0,0.0039272820429408295,0.005437519642756032,0.007864035087719327,1.0,1.0,1.0,0.0,0.0,0.0,40000.0,20000.0,0.005437519642756032,0.007864035087719327,b50_lb5_k3_eps0p001,False,0.05,q95,max_ssr,0.005437519642756032
stratified_size_rep087,stratified_size,87,b50_lb5_k3_eps0p001,local_only_offline_aggregate,confidence,300,60,5,0.0,0.0017221016832160028,0.0036964146604884416,0.006558982035928122,1.0,1.0,1.0,0.0,0.0,0.0,55350.0,20000.0,0.0036964146604884416,0.006558982035928122,b50_lb5_k3_eps0p001,False,0.05,q95,max_ssr,0.0036964146604884416
stratified_size_rep087,stratified_size,87,b50_lb5_k3_eps0p001,local_only_offline_aggregate,shot_proportional,300,60,5,0.0,0.001329713902620289,0.003428004161842324,0.006558982035928122,1.0,1.0,1.0,0.0,0.0,0.0,55350.0,20000.0,0.003428004161842324,0.006558982035928122,b50_lb5_k3_eps0p001,False,0.05,q95,max_ssr,0.003428004161842324
stratified_size_rep087,stratified_size,87,b50_lb5_k3_eps0p001,local_only_offline_aggregate,uniform,300,60,5,0.0,0.001480143754130857,0.003574766021667429,0.006558982035928122,1.0,1.0,1.0,0.0,0.0,0.0,55350.0,20000.0,0.003574766021667429,0.006558982035928122,b50_lb5_k3_eps0p001,False,0.05,q95,max_ssr,0.003574766021667429
stratified_size_rep088,stratified_size,88,b50_lb5_k3_eps0p001,aggregate_only_sync,confidence,300,60,5,0.0,0.003490444972398269,0.005283771693157979,0.007864035087719327,1.0,1.0,1.0,0.0,0.0,0.0,40000.0,20000.0,0.005283771693157979,0.007864035087719327,b50_lb5_k3_eps0p001,False,0.05,q95,max_ssr,0.005283771693157979
stratified_size_rep088,stratified_size,88,b50_lb5_k3_eps0p001,aggregate_only_sync,shot_proportional,300,60,5,0.0,0.003490444972398269,0.005283771693157979,0.007864035087719327,1.0,1.0,1.0,0.0,0.0,0.0,40000.0,20000.0,0.005283771693157979,0.007864035087719327,b50_lb5_k3_eps0p001,False,0.05,q95,max_ssr,0.005283771693157979
stratified_size_rep088,stratified_size,88,b50_lb5_k3_eps0p001,aggregate_only_sync,uniform,300,60,5,0.0,0.003490444972398269,0.005283771693157979,0.007864035087719327,1.0,1.0,1.0,0.0,0.0,0.0,40000.0,20000.0,0.005283771693157979,0.007864035087719327,b50_lb5_k3_eps0p001,False,0.05,q95,max_ssr,0.005283771693157979
stratified_size_rep088,stratified_size,88,b50_lb5_k3_eps0p001,hierarchical_local_aggregate,confidence,300,60,5,0.0,0.003643267727469141,0.005268281754110139,0.007499192470095912,1.0,1.0,1.0,0.0,0.0,0.0,40000.0,20000.0,0.005268281754110139,0.007499192470095912,b50_lb5_k3_eps0p001,False,0.05,q95,max_ssr,0.005268281754110139
stratified_size_rep088,stratified_size,88,b50_lb5_k3_eps0p001,hierarchical_local_aggregate,shot_proportional,300,60,5,0.0,0.003700436119304069,0.005429879106024882,0.007864035087719327,1.0,1.0,1.0,0.0,0.0,0.0,40000.0,20000.0,0.005429879106024882,0.007864035087719327,b50_lb5_k3_eps0p001,False,0.05,q95,max_ssr,0.005429879106024882
stratified_size_rep088,stratified_size,88,b50_lb5_k3_eps0p001,hierarchical_local_aggregate,uniform,300,60,5,0.0,0.003697071677651359,0.005429879106024882,0.007864035087719327,1.0,1.0,1.0,0.0,0.0,0.0,40000.0,20000.0,0.005429879106024882,0.007864035087719327,b50_lb5_k3_eps0p001,False,0.05,q95,max_ssr,0.005429879106024882
stratified_size_rep088,stratified_size,88,b50_lb5_k3_eps0p001,local_only_offline_aggregate,confidence,300,60,5,0.0,0.0016461897879162684,0.003679862072248522,0.006056896551724079,1.0,1.0,1.0,0.0,0.0,0.0,55400.0,20000.0,0.003679862072248522,0.006056896551724079,b50_lb5_k3_eps0p001,False,0.05,q95,max_ssr,0.003679862072248522
stratified_size_rep088,stratified_size,88,b50_lb5_k3_eps0p001,local_only_offline_aggregate,shot_proportional,300,60,5,0.0,0.0013277140896080202,0.003394679354329399,0.006056896551724079,1.0,1.0,1.0,0.0,0.0,0.0,55400.0,20000.0,0.003394679354329399,0.006056896551724079,b50_lb5_k3_eps0p001,False,0.05,q95,max_ssr,0.003394679354329399
stratified_size_rep088,stratified_size,88,b50_lb5_k3_eps0p001,local_only_offline_aggregate,uniform,300,60,5,0.0,0.0013666474307355997,0.0035247890005380674,0.006056896551724079,1.0,1.0,1.0,0.0,0.0,0.0,55400.0,20000.0,0.0035247890005380674,0.006056896551724079,b50_lb5_k3_eps0p001,False,0.05,q95,max_ssr,0.0035247890005380674
stratified_size_rep089,stratified_size,89,b50_lb5_k3_eps0p001,aggregate_only_sync,confidence,300,60,5,0.0,0.0035762499999999657,0.005405516453508585,0.007864035087719327,1.0,1.0,1.0,0.0,0.0,0.0,40000.0,20000.0,0.005405516453508585,0.007864035087719327,b50_lb5_k3_eps0p001,False,0.05,q95,max_ssr,0.005405516453508585
stratified_size_rep089,stratified_size,89,b50_lb5_k3_eps0p001,aggregate_only_sync,shot_proportional,300,60,5,0.0,0.0035762499999999657,0.005405516453508585,0.007864035087719327,1.0,1.0,1.0,0.0,0.0,0.0,40000.0,20000.0,0.005405516453508585,0.007864035087719327,b50_lb5_k3_eps0p001,False,0.05,q95,max_ssr,0.005405516453508585
stratified_size_rep089,stratified_size,89,b50_lb5_k3_eps0p001,aggregate_only_sync,uniform,300,60,5,0.0,0.0035762499999999657,0.005405516453508585,0.007864035087719327,1.0,1.0,1.0,0.0,0.0,0.0,40000.0,20000.0,0.005405516453508585,0.007864035087719327,b50_lb5_k3_eps0p001,False,0.05,q95,max_ssr,0.005405516453508585
stratified_size_rep089,stratified_size,89,b50_lb5_k3_eps0p001,hierarchical_local_aggregate,confidence,300,60,5,0.0,0.0035493938260928296,0.005436264547301304,0.007499192470095912,1.0,1.0,1.0,0.0,0.0,0.0,40000.0,20000.0,0.005436264547301304,0.007499192470095912,b50_lb5_k3_eps0p001,False,0.05,q95,max_ssr,0.005436264547301304
stratified_size_rep089,stratified_size,89,b50_lb5_k3_eps0p001,hierarchical_local_aggregate,shot_proportional,300,60,5,0.0,0.00368557834441978,0.005429930305286874,0.007864035087719327,1.0,1.0,1.0,0.0,0.0,0.0,40000.0,20000.0,0.005429930305286874,0.007864035087719327,b50_lb5_k3_eps0p001,False,0.05,q95,max_ssr,0.005429930305286874
stratified_size_rep089,stratified_size,89,b50_lb5_k3_eps0p001,hierarchical_local_aggregate,uniform,300,60,5,0.0,0.00368557834441978,0.005429930305286874,0.007864035087719327,1.0,1.0,1.0,0.0,0.0,0.0,40000.0,20000.0,0.005429930305286874,0.007864035087719327,b50_lb5_k3_eps0p001,False,0.05,q95,max_ssr,0.005429930305286874
stratified_size_rep089,stratified_size,89,b50_lb5_k3_eps0p001,local_only_offline_aggregate,confidence,300,60,5,0.0,0.0014902691970125228,0.0036964146604884416,0.006558982035928122,1.0,1.0,1.0,0.0,0.0,0.0,56625.0,20000.0,0.0036964146604884416,0.006558982035928122,b50_lb5_k3_eps0p001,False,0.05,q95,max_ssr,0.0036964146604884416
stratified_size_rep089,stratified_size,89,b50_lb5_k3_eps0p001,local_only_offline_aggregate,shot_proportional,300,60,5,0.0,0.0010965637884652925,0.003490832079128021,0.006558982035928122,1.0,1.0,1.0,0.0,0.0,0.0,56625.0,20000.0,0.003490832079128021,0.006558982035928122,b50_lb5_k3_eps0p001,False,0.05,q95,max_ssr,0.003490832079128021
stratified_size_rep089,stratified_size,89,b50_lb5_k3_eps0p001,local_only_offline_aggregate,uniform,300,60,5,0.0,0.0011511799372692973,0.0036985110618310167,0.006558982035928122,1.0,1.0,1.0,0.0,0.0,0.0,56625.0,20000.0,0.0036985110618310167,0.006558982035928122,b50_lb5_k3_eps0p001,False,0.05,q95,max_ssr,0.0036985110618310167
stratified_size_rep090,stratified_size,90,b50_lb5_k3_eps0p001,aggregate_only_sync,confidence,300,60,5,0.0,0.003838958545196404,0.005313209739818092,0.007864035087719327,1.0,1.0,1.0,0.0,0.0,0.0,40000.0,20000.0,0.005313209739818092,0.007864035087719327,b50_lb5_k3_eps0p001,False,0.05,q95,max_ssr,0.005313209739818092
stratified_size_rep090,stratified_size,90,b50_lb5_k3_eps0p001,aggregate_only_sync,shot_proportional,300,60,5,0.0,0.003838958545196404,0.005313209739818092,0.007864035087719327,1.0,1.0,1.0,0.0,0.0,0.0,40000.0,20000.0,0.005313209739818092,0.007864035087719327,b50_lb5_k3_eps0p001,False,0.05,q95,max_ssr,0.005313209739818092
stratified_size_rep090,stratified_size,90,b50_lb5_k3_eps0p001,aggregate_only_sync,uniform,300,60,5,0.0,0.003838958545196404,0.005313209739818092,0.007864035087719327,1.0,1.0,1.0,0.0,0.0,0.0,40000.0,20000.0,0.005313209739818092,0.007864035087719327,b50_lb5_k3_eps0p001,False,0.05,q95,max_ssr,0.005313209739818092
stratified_size_rep090,stratified_size,90,b50_lb5_k3_eps0p001,hierarchical_local_aggregate,confidence,300,60,5,0.0,0.00400230572531851,0.005268281754110139,0.007499192470095912,1.0,1.0,1.0,0.0,0.0,0.0,40000.0,20000.0,0.005268281754110139,0.007499192470095912,b50_lb5_k3_eps0p001,False,0.05,q95,max_ssr,0.005268281754110139
stratified_size_rep090,stratified_size,90,b50_lb5_k3_eps0p001,hierarchical_local_aggregate,shot_proportional,300,60,5,0.0,0.003967957166887035,0.00543755119926196,0.007864035087719327,1.0,1.0,1.0,0.0,0.0,0.0,40000.0,20000.0,0.00543755119926196,0.007864035087719327,b50_lb5_k3_eps0p001,False,0.05,q95,max_ssr,0.00543755119926196
stratified_size_rep090,stratified_size,90,b50_lb5_k3_eps0p001,hierarchical_local_aggregate,uniform,300,60,5,0.0,0.003967957166887035,0.005437519642756032,0.007864035087719327,1.0,1.0,1.0,0.0,0.0,0.0,40000.0,20000.0,0.005437519642756032,0.007864035087719327,b50_lb5_k3_eps0p001,False,0.05,q95,max_ssr,0.005437519642756032
stratified_size_rep090,stratified_size,90,b50_lb5_k3_eps0p001,local_only_offline_aggregate,confidence,300,60,5,0.0,0.0017221016832160028,0.0036964146604884416,0.006558982035928122,1.0,1.0,1.0,0.0,0.0,0.0,55350.0,20000.0,0.0036964146604884416,0.006558982035928122,b50_lb5_k3_eps0p001,False,0.05,q95,max_ssr,0.0036964146604884416
stratified_size_rep090,stratified_size,90,b50_lb5_k3_eps0p001,local_only_offline_aggregate,shot_proportional,300,60,5,0.0,0.001329713902620289,0.003428004161842324,0.006558982035928122,1.0,1.0,1.0,0.0,0.0,0.0,55350.0,20000.0,0.003428004161842324,0.006558982035928122,b50_lb5_k3_eps0p001,False,0.05,q95,max_ssr,0.003428004161842324
stratified_size_rep090,stratified_size,90,b50_lb5_k3_eps0p001,local_only_offline_aggregate,uniform,300,60,5,0.0,0.001480143754130857,0.003574766021667429,0.006558982035928122,1.0,1.0,1.0,0.0,0.0,0.0,55350.0,20000.0,0.003574766021667429,0.006558982035928122,b50_lb5_k3_eps0p001,False,0.05,q95,max_ssr,0.003574766021667429
stratified_size_rep091,stratified_size,91,b50_lb5_k3_eps0p001,aggregate_only_sync,confidence,300,60,5,0.0,0.0034012911548792412,0.005409192848036049,0.007864035087719327,1.0,1.0,1.0,0.0,0.0,0.0,40400.0,20000.0,0.005409192848036049,0.007864035087719327,b50_lb5_k3_eps0p001,False,0.05,q95,max_ssr,0.005409192848036049
stratified_size_rep091,stratified_size,91,b50_lb5_k3_eps0p001,aggregate_only_sync,shot_proportional,300,60,5,0.0,0.0034012911548792412,0.005409192848036049,0.007864035087719327,1.0,1.0,1.0,0.0,0.0,0.0,40400.0,20000.0,0.005409192848036049,0.007864035087719327,b50_lb5_k3_eps0p001,False,0.05,q95,max_ssr,0.005409192848036049
stratified_size_rep091,stratified_size,91,b50_lb5_k3_eps0p001,aggregate_only_sync,uniform,300,60,5,0.0,0.0034012911548792412,0.005409192848036049,0.007864035087719327,1.0,1.0,1.0,0.0,0.0,0.0,40400.0,20000.0,0.005409192848036049,0.007864035087719327,b50_lb5_k3_eps0p001,False,0.05,q95,max_ssr,0.005409192848036049
stratified_size_rep091,stratified_size,91,b50_lb5_k3_eps0p001,hierarchical_local_aggregate,confidence,300,60,5,0.0,0.003447333870475441,0.005333679290889772,0.007499192470095912,1.0,1.0,1.0,0.0,0.0,0.0,40400.0,20000.0,0.005333679290889772,0.007499192470095912,b50_lb5_k3_eps0p001,False,0.05,q95,max_ssr,0.005333679290889772
stratified_size_rep091,stratified_size,91,b50_lb5_k3_eps0p001,hierarchical_local_aggregate,shot_proportional,300,60,5,0.0,0.003591022727272688,0.005444619103145982,0.007864035087719327,1.0,1.0,1.0,0.0,0.0,0.0,40400.0,20000.0,0.005444619103145982,0.007864035087719327,b50_lb5_k3_eps0p001,False,0.05,q95,max_ssr,0.005444619103145982
stratified_size_rep091,stratified_size,91,b50_lb5_k3_eps0p001,hierarchical_local_aggregate,uniform,300,60,5,0.0,0.003591022727272688,0.005444012659748243,0.007864035087719327,1.0,1.0,1.0,0.0,0.0,0.0,40400.0,20000.0,0.005444012659748243,0.007864035087719327,b50_lb5_k3_eps0p001,False,0.05,q95,max_ssr,0.005444012659748243
stratified_size_rep091,stratified_size,91,b50_lb5_k3_eps0p001,local_only_offline_aggregate,confidence,300,60,5,0.0,0.0016159411123570994,0.003585169909319698,0.006558982035928122,1.0,1.0,1.0,0.0,0.0,0.0,56125.0,20000.0,0.003585169909319698,0.006558982035928122,b50_lb5_k3_eps0p001,False,0.05,q95,max_ssr,0.003585169909319698
stratified_size_rep091,stratified_size,91,b50_lb5_k3_eps0p001,local_only_offline_aggregate,shot_proportional,300,60,5,0.0,0.0012357992266724906,0.0033693324311890134,0.006558982035928122,1.0,1.0,1.0,0.0,0.0,0.0,56125.0,20000.0,0.0033693324311890134,0.006558982035928122,b50_lb5_k3_eps0p001,False,0.05,q95,max_ssr,0.0033693324311890134
stratified_size_rep091,stratified_size,91,b50_lb5_k3_eps0p001,local_only_offline_aggregate,uniform,300,60,5,0.0,0.0012831438743704955,0.0035066003143733857,0.006558982035928122,1.0,1.0,1.0,0.0,0.0,0.0,56125.0,20000.0,0.0035066003143733857,0.006558982035928122,b50_lb5_k3_eps0p001,False,0.05,q95,max_ssr,0.0035066003143733857
stratified_size_rep092,stratified_size,92,b50_lb5_k3_eps0p001,aggregate_only_sync,confidence,300,60,5,0.0,0.003490444972398269,0.005333235778509675,0.006197794117647036,1.0,1.0,1.0,0.0,0.0,0.0,40000.0,20000.0,0.005333235778509675,0.006197794117647036,b50_lb5_k3_eps0p001,False,0.05,q95,max_ssr,0.005333235778509675
stratified_size_rep092,stratified_size,92,b50_lb5_k3_eps0p001,aggregate_only_sync,shot_proportional,300,60,5,0.0,0.003490444972398269,0.005333235778509675,0.006197794117647036,1.0,1.0,1.0,0.0,0.0,0.0,40000.0,20000.0,0.005333235778509675,0.006197794117647036,b50_lb5_k3_eps0p001,False,0.05,q95,max_ssr,0.005333235778509675
stratified_size_rep092,stratified_size,92,b50_lb5_k3_eps0p001,aggregate_only_sync,uniform,300,60,5,0.0,0.003490444972398269,0.005333235778509675,0.006197794117647036,1.0,1.0,1.0,0.0,0.0,0.0,40000.0,20000.0,0.005333235778509675,0.006197794117647036,b50_lb5_k3_eps0p001,False,0.05,q95,max_ssr,0.005333235778509675
stratified_size_rep092,stratified_size,92,b50_lb5_k3_eps0p001,hierarchical_local_aggregate,confidence,300,60,5,0.0,0.003643267727469141,0.005333679290889772,0.007229347070130044,1.0,1.0,1.0,0.0,0.0,0.0,40000.0,20000.0,0.005333679290889772,0.007229347070130044,b50_lb5_k3_eps0p001,False,0.05,q95,max_ssr,0.005333679290889772
stratified_size_rep092,stratified_size,92,b50_lb5_k3_eps0p001,hierarchical_local_aggregate,shot_proportional,300,60,5,0.0,0.003700436119304069,0.005444012659748243,0.006197794117647036,1.0,1.0,1.0,0.0,0.0,0.0,40000.0,20000.0,0.005444012659748243,0.006197794117647036,b50_lb5_k3_eps0p001,False,0.05,q95,max_ssr,0.005444012659748243
stratified_size_rep092,stratified_size,92,b50_lb5_k3_eps0p001,hierarchical_local_aggregate,uniform,300,60,5,0.0,0.003697071677651359,0.005438797381807569,0.006197794117647036,1.0,1.0,1.0,0.0,0.0,0.0,40000.0,20000.0,0.005438797381807569,0.006197794117647036,b50_lb5_k3_eps0p001,False,0.05,q95,max_ssr,0.005438797381807569
stratified_size_rep092,stratified_size,92,b50_lb5_k3_eps0p001,local_only_offline_aggregate,confidence,300,60,5,0.0,0.0016787409500390218,0.003585169909319698,0.006056896551724079,1.0,1.0,1.0,0.0,0.0,0.0,56000.0,20000.0,0.003585169909319698,0.006056896551724079,b50_lb5_k3_eps0p001,False,0.05,q95,max_ssr,0.003585169909319698
stratified_size_rep092,stratified_size,92,b50_lb5_k3_eps0p001,local_only_offline_aggregate,shot_proportional,300,60,5,0.0,0.001306021028137554,0.0033693324311890134,0.006056896551724079,1.0,1.0,1.0,0.0,0.0,0.0,56000.0,20000.0,0.0033693324311890134,0.006056896551724079,b50_lb5_k3_eps0p001,False,0.05,q95,max_ssr,0.0033693324311890134
stratified_size_rep092,stratified_size,92,b50_lb5_k3_eps0p001,local_only_offline_aggregate,uniform,300,60,5,0.0,0.0013944827568017166,0.0035066003143733857,0.006056896551724079,1.0,1.0,1.0,0.0,0.0,0.0,56000.0,20000.0,0.0035066003143733857,0.006056896551724079,b50_lb5_k3_eps0p001,False,0.05,q95,max_ssr,0.0035066003143733857
stratified_size_rep093,stratified_size,93,b50_lb5_k3_eps0p001,aggregate_only_sync,confidence,300,60,5,0.0,0.003942429226285343,0.00543755119926196,0.007864035087719327,1.0,1.0,1.0,0.0,0.0,0.0,40000.0,20000.0,0.00543755119926196,0.007864035087719327,b50_lb5_k3_eps0p001,False,0.05,q95,max_ssr,0.00543755119926196
stratified_size_rep093,stratified_size,93,b50_lb5_k3_eps0p001,aggregate_only_sync,shot_proportional,300,60,5,0.0,0.003942429226285343,0.00543755119926196,0.007864035087719327,1.0,1.0,1.0,0.0,0.0,0.0,40000.0,20000.0,0.00543755119926196,0.007864035087719327,b50_lb5_k3_eps0p001,False,0.05,q95,max_ssr,0.00543755119926196
stratified_size_rep093,stratified_size,93,b50_lb5_k3_eps0p001,aggregate_only_sync,uniform,300,60,5,0.0,0.003942429226285343,0.00543755119926196,0.007864035087719327,1.0,1.0,1.0,0.0,0.0,0.0,40000.0,20000.0,0.00543755119926196,0.007864035087719327,b50_lb5_k3_eps0p001,False,0.05,q95,max_ssr,0.00543755119926196
stratified_size_rep093,stratified_size,93,b50_lb5_k3_eps0p001,hierarchical_local_aggregate,confidence,300,60,5,0.0,0.004049356243898725,0.005460534694097882,0.007499192470095912,1.0,1.0,1.0,0.0,0.0,0.0,40000.0,20000.0,0.005460534694097882,0.007499192470095912,b50_lb5_k3_eps0p001,False,0.05,q95,max_ssr,0.005460534694097882
stratified_size_rep093,stratified_size,93,b50_lb5_k3_eps0p001,hierarchical_local_aggregate,shot_proportional,300,60,5,0.0,0.004134584649250142,0.005462725746268716,0.007864035087719327,1.0,1.0,1.0,0.0,0.0,0.0,40000.0,20000.0,0.005462725746268716,0.007864035087719327,b50_lb5_k3_eps0p001,False,0.05,q95,max_ssr,0.005462725746268716
stratified_size_rep093,stratified_size,93,b50_lb5_k3_eps0p001,hierarchical_local_aggregate,uniform,300,60,5,0.0,0.004130266672328301,0.005462725746268716,0.007864035087719327,1.0,1.0,1.0,0.0,0.0,0.0,40000.0,20000.0,0.005462725746268716,0.007864035087719327,b50_lb5_k3_eps0p001,False,0.05,q95,max_ssr,0.005462725746268716
stratified_size_rep093,stratified_size,93,b50_lb5_k3_eps0p001,local_only_offline_aggregate,confidence,300,60,5,0.0,0.0017221016832160028,0.0037058150216703984,0.006558982035928122,1.0,1.0,1.0,0.0,0.0,0.0,56175.0,20000.0,0.0037058150216703984,0.006558982035928122,b50_lb5_k3_eps0p001,False,0.05,q95,max_ssr,0.0037058150216703984
stratified_size_rep093,stratified_size,93,b50_lb5_k3_eps0p001,local_only_offline_aggregate,shot_proportional,300,60,5,0.0,0.0013331251484556192,0.003490832079128021,0.006558982035928122,1.0,1.0,1.0,0.0,0.0,0.0,56175.0,20000.0,0.003490832079128021,0.006558982035928122,b50_lb5_k3_eps0p001,False,0.05,q95,max_ssr,0.003490832079128021
stratified_size_rep093,stratified_size,93,b50_lb5_k3_eps0p001,local_only_offline_aggregate,uniform,300,60,5,0.0,0.0014892448829061274,0.0036985110618310167,0.006558982035928122,1.0,1.0,1.0,0.0,0.0,0.0,56175.0,20000.0,0.0036985110618310167,0.006558982035928122,b50_lb5_k3_eps0p001,False,0.05,q95,max_ssr,0.0036985110618310167
stratified_size_rep094,stratified_size,94,b50_lb5_k3_eps0p001,aggregate_only_sync,confidence,300,60,5,0.0,0.0033732393659710964,0.005429879106024882,0.007864035087719327,1.0,1.0,1.0,0.0,0.0,0.0,40000.0,20000.0,0.005429879106024882,0.007864035087719327,b50_lb5_k3_eps0p001,False,0.05,q95,max_ssr,0.005429879106024882
stratified_size_rep094,stratified_size,94,b50_lb5_k3_eps0p001,aggregate_only_sync,shot_proportional,300,60,5,0.0,0.0033732393659710964,0.005429879106024882,0.007864035087719327,1.0,1.0,1.0,0.0,0.0,0.0,40000.0,20000.0,0.005429879106024882,0.007864035087719327,b50_lb5_k3_eps0p001,False,0.05,q95,max_ssr,0.005429879106024882
stratified_size_rep094,stratified_size,94,b50_lb5_k3_eps0p001,aggregate_only_sync,uniform,300,60,5,0.0,0.0033732393659710964,0.005429879106024882,0.007864035087719327,1.0,1.0,1.0,0.0,0.0,0.0,40000.0,20000.0,0.005429879106024882,0.007864035087719327,b50_lb5_k3_eps0p001,False,0.05,q95,max_ssr,0.005429879106024882
stratified_size_rep094,stratified_size,94,b50_lb5_k3_eps0p001,hierarchical_local_aggregate,confidence,300,60,5,0.0,0.0033998899645491763,0.005436264547301304,0.007499192470095912,1.0,1.0,1.0,0.0,0.0,0.0,40000.0,20000.0,0.005436264547301304,0.007499192470095912,b50_lb5_k3_eps0p001,False,0.05,q95,max_ssr,0.005436264547301304
stratified_size_rep094,stratified_size,94,b50_lb5_k3_eps0p001,hierarchical_local_aggregate,shot_proportional,300,60,5,0.0,0.003378258312779746,0.005444012659748243,0.007864035087719327,1.0,1.0,1.0,0.0,0.0,0.0,40000.0,20000.0,0.005444012659748243,0.007864035087719327,b50_lb5_k3_eps0p001,False,0.05,q95,max_ssr,0.005444012659748243
stratified_size_rep094,stratified_size,94,b50_lb5_k3_eps0p001,hierarchical_local_aggregate,uniform,300,60,5,0.0,0.003378258312779746,0.005444012659748243,0.007864035087719327,1.0,1.0,1.0,0.0,0.0,0.0,40000.0,20000.0,0.005444012659748243,0.007864035087719327,b50_lb5_k3_eps0p001,False,0.05,q95,max_ssr,0.005444012659748243
stratified_size_rep094,stratified_size,94,b50_lb5_k3_eps0p001,local_only_offline_aggregate,confidence,300,60,5,0.0,0.0013800254754931086,0.0034365476675254215,0.006056896551724079,1.0,1.0,1.0,0.0,0.0,0.0,56625.0,20000.0,0.0034365476675254215,0.006056896551724079,b50_lb5_k3_eps0p001,False,0.05,q95,max_ssr,0.0034365476675254215
stratified_size_rep094,stratified_size,94,b50_lb5_k3_eps0p001,local_only_offline_aggregate,shot_proportional,300,60,5,0.0,0.0011386470070841122,0.003356185305998844,0.006056896551724079,1.0,1.0,1.0,0.0,0.0,0.0,56625.0,20000.0,0.003356185305998844,0.006056896551724079,b50_lb5_k3_eps0p001,False,0.05,q95,max_ssr,0.003356185305998844
stratified_size_rep094,stratified_size,94,b50_lb5_k3_eps0p001,local_only_offline_aggregate,uniform,300,60,5,0.0,0.001188486969942044,0.003398053061304778,0.006056896551724079,1.0,1.0,1.0,0.0,0.0,0.0,56625.0,20000.0,0.003398053061304778,0.006056896551724079,b50_lb5_k3_eps0p001,False,0.05,q95,max_ssr,0.003398053061304778
stratified_size_rep095,stratified_size,95,b50_lb5_k3_eps0p001,aggregate_only_sync,confidence,300,60,5,0.0,0.003459422245125538,0.005284628965164908,0.006558982035928122,1.0,1.0,1.0,0.0,0.0,0.0,40000.0,20000.0,0.005284628965164908,0.006558982035928122,b50_lb5_k3_eps0p001,False,0.05,q95,max_ssr,0.005284628965164908
stratified_size_rep095,stratified_size,95,b50_lb5_k3_eps0p001,aggregate_only_sync,shot_proportional,300,60,5,0.0,0.003459422245125538,0.005284628965164908,0.006558982035928122,1.0,1.0,1.0,0.0,0.0,0.0,40000.0,20000.0,0.005284628965164908,0.006558982035928122,b50_lb5_k3_eps0p001,False,0.05,q95,max_ssr,0.005284628965164908
stratified_size_rep095,stratified_size,95,b50_lb5_k3_eps0p001,aggregate_only_sync,uniform,300,60,5,0.0,0.003459422245125538,0.005284628965164908,0.006558982035928122,1.0,1.0,1.0,0.0,0.0,0.0,40000.0,20000.0,0.005284628965164908,0.006558982035928122,b50_lb5_k3_eps0p001,False,0.05,q95,max_ssr,0.005284628965164908
stratified_size_rep095,stratified_size,95,b50_lb5_k3_eps0p001,hierarchical_local_aggregate,confidence,300,60,5,0.0,0.003686220627084658,0.005234736840849817,0.007229347070130044,1.0,1.0,1.0,0.0,0.0,0.0,40000.0,20000.0,0.005234736840849817,0.007229347070130044,b50_lb5_k3_eps0p001,False,0.05,q95,max_ssr,0.005234736840849817
stratified_size_rep095,stratified_size,95,b50_lb5_k3_eps0p001,hierarchical_local_aggregate,shot_proportional,300,60,5,0.0,0.0036921374060438494,0.005438797381807569,0.006558982035928122,1.0,1.0,1.0,0.0,0.0,0.0,40000.0,20000.0,0.005438797381807569,0.006558982035928122,b50_lb5_k3_eps0p001,False,0.05,q95,max_ssr,0.005438797381807569
stratified_size_rep095,stratified_size,95,b50_lb5_k3_eps0p001,hierarchical_local_aggregate,uniform,300,60,5,0.0,0.0036916854076089797,0.005437924411627181,0.006558982035928122,1.0,1.0,1.0,0.0,0.0,0.0,40000.0,20000.0,0.005437924411627181,0.006558982035928122,b50_lb5_k3_eps0p001,False,0.05,q95,max_ssr,0.005437924411627181
stratified_size_rep095,stratified_size,95,b50_lb5_k3_eps0p001,local_only_offline_aggregate,confidence,300,60,5,0.0,0.0016787409500390218,0.003511166937857763,0.006558982035928122,1.0,1.0,1.0,0.0,0.0,0.0,56000.0,20000.0,0.003511166937857763,0.006558982035928122,b50_lb5_k3_eps0p001,False,0.05,q95,max_ssr,0.003511166937857763
stratified_size_rep095,stratified_size,95,b50_lb5_k3_eps0p001,local_only_offline_aggregate,shot_proportional,300,60,5,0.0,0.001306021028137554,0.003356185305998844,0.006558982035928122,1.0,1.0,1.0,0.0,0.0,0.0,56000.0,20000.0,0.003356185305998844,0.006558982035928122,b50_lb5_k3_eps0p001,False,0.05,q95,max_ssr,0.003356185305998844
stratified_size_rep095,stratified_size,95,b50_lb5_k3_eps0p001,local_only_offline_aggregate,uniform,300,60,5,0.0,0.0013944827568017166,0.003493032108473418,0.006558982035928122,1.0,1.0,1.0,0.0,0.0,0.0,56000.0,20000.0,0.003493032108473418,0.006558982035928122,b50_lb5_k3_eps0p001,False,0.05,q95,max_ssr,0.003493032108473418
stratified_size_rep096,stratified_size,96,b50_lb5_k3_eps0p001,aggregate_only_sync,confidence,300,60,5,0.0,0.003838958545196404,0.005429879106024882,0.007864035087719327,1.0,1.0,1.0,0.0,0.0,0.0,40000.0,20000.0,0.005429879106024882,0.007864035087719327,b50_lb5_k3_eps0p001,False,0.05,q95,max_ssr,0.005429879106024882
stratified_size_rep096,stratified_size,96,b50_lb5_k3_eps0p001,aggregate_only_sync,shot_proportional,300,60,5,0.0,0.003838958545196404,0.005429879106024882,0.007864035087719327,1.0,1.0,1.0,0.0,0.0,0.0,40000.0,20000.0,0.005429879106024882,0.007864035087719327,b50_lb5_k3_eps0p001,False,0.05,q95,max_ssr,0.005429879106024882
stratified_size_rep096,stratified_size,96,b50_lb5_k3_eps0p001,aggregate_only_sync,uniform,300,60,5,0.0,0.003838958545196404,0.005429879106024882,0.007864035087719327,1.0,1.0,1.0,0.0,0.0,0.0,40000.0,20000.0,0.005429879106024882,0.007864035087719327,b50_lb5_k3_eps0p001,False,0.05,q95,max_ssr,0.005429879106024882
stratified_size_rep096,stratified_size,96,b50_lb5_k3_eps0p001,hierarchical_local_aggregate,confidence,300,60,5,0.0,0.003976319583774777,0.005460534694097882,0.007499192470095912,1.0,1.0,1.0,0.0,0.0,0.0,40000.0,20000.0,0.005460534694097882,0.007499192470095912,b50_lb5_k3_eps0p001,False,0.05,q95,max_ssr,0.005460534694097882
stratified_size_rep096,stratified_size,96,b50_lb5_k3_eps0p001,hierarchical_local_aggregate,shot_proportional,300,60,5,0.0,0.003967957166887035,0.005462725746268716,0.007864035087719327,1.0,1.0,1.0,0.0,0.0,0.0,40000.0,20000.0,0.005462725746268716,0.007864035087719327,b50_lb5_k3_eps0p001,False,0.05,q95,max_ssr,0.005462725746268716
stratified_size_rep096,stratified_size,96,b50_lb5_k3_eps0p001,hierarchical_local_aggregate,uniform,300,60,5,0.0,0.003967957166887035,0.005462725746268716,0.007864035087719327,1.0,1.0,1.0,0.0,0.0,0.0,40000.0,20000.0,0.005462725746268716,0.007864035087719327,b50_lb5_k3_eps0p001,False,0.05,q95,max_ssr,0.005462725746268716
stratified_size_rep096,stratified_size,96,b50_lb5_k3_eps0p001,local_only_offline_aggregate,confidence,300,60,5,0.0,0.0017548074297138543,0.0038468410130353373,0.006558982035928122,1.0,1.0,1.0,0.0,0.0,0.0,53500.0,20000.0,0.0038468410130353373,0.006558982035928122,b50_lb5_k3_eps0p001,False,0.05,q95,max_ssr,0.0038468410130353373
stratified_size_rep096,stratified_size,96,b50_lb5_k3_eps0p001,local_only_offline_aggregate,shot_proportional,300,60,5,0.0,0.001365852367381212,0.00356653362854573,0.006558982035928122,1.0,1.0,1.0,0.0,0.0,0.0,53500.0,20000.0,0.00356653362854573,0.006558982035928122,b50_lb5_k3_eps0p001,False,0.05,q95,max_ssr,0.00356653362854573
stratified_size_rep096,stratified_size,96,b50_lb5_k3_eps0p001,local_only_offline_aggregate,uniform,300,60,5,0.0,0.0015833349753746305,0.0037021229106385008,0.006558982035928122,1.0,1.0,1.0,0.0,0.0,0.0,53500.0,20000.0,0.0037021229106385008,0.006558982035928122,b50_lb5_k3_eps0p001,False,0.05,q95,max_ssr,0.0037021229106385008
stratified_size_rep097,stratified_size,97,b50_lb5_k3_eps0p001,aggregate_only_sync,confidence,300,60,5,0.0,0.0035762499999999657,0.005429879106024882,0.007864035087719327,1.0,1.0,1.0,0.0,0.0,0.0,40000.0,20000.0,0.005429879106024882,0.007864035087719327,b50_lb5_k3_eps0p001,False,0.05,q95,max_ssr,0.005429879106024882
stratified_size_rep097,stratified_size,97,b50_lb5_k3_eps0p001,aggregate_only_sync,shot_proportional,300,60,5,0.0,0.0035762499999999657,0.005429879106024882,0.007864035087719327,1.0,1.0,1.0,0.0,0.0,0.0,40000.0,20000.0,0.005429879106024882,0.007864035087719327,b50_lb5_k3_eps0p001,False,0.05,q95,max_ssr,0.005429879106024882
stratified_size_rep097,stratified_size,97,b50_lb5_k3_eps0p001,aggregate_only_sync,uniform,300,60,5,0.0,0.0035762499999999657,0.005429879106024882,0.007864035087719327,1.0,1.0,1.0,0.0,0.0,0.0,40000.0,20000.0,0.005429879106024882,0.007864035087719327,b50_lb5_k3_eps0p001,False,0.05,q95,max_ssr,0.005429879106024882
stratified_size_rep097,stratified_size,97,b50_lb5_k3_eps0p001,hierarchical_local_aggregate,confidence,300,60,5,0.0,0.003686220627084658,0.005436264547301304,0.007499192470095912,1.0,1.0,1.0,0.0,0.0,0.0,40000.0,20000.0,0.005436264547301304,0.007499192470095912,b50_lb5_k3_eps0p001,False,0.05,q95,max_ssr,0.005436264547301304
stratified_size_rep097,stratified_size,97,b50_lb5_k3_eps0p001,hierarchical_local_aggregate,shot_proportional,300,60,5,0.0,0.003700436119304069,0.005444619103145982,0.007864035087719327,1.0,1.0,1.0,0.0,0.0,0.0,40000.0,20000.0,0.005444619103145982,0.007864035087719327,b50_lb5_k3_eps0p001,False,0.05,q95,max_ssr,0.005444619103145982
stratified_size_rep097,stratified_size,97,b50_lb5_k3_eps0p001,hierarchical_local_aggregate,uniform,300,60,5,0.0,0.003697071677651359,0.005444012659748243,0.007864035087719327,1.0,1.0,1.0,0.0,0.0,0.0,40000.0,20000.0,0.005444012659748243,0.007864035087719327,b50_lb5_k3_eps0p001,False,0.05,q95,max_ssr,0.005444012659748243
stratified_size_rep097,stratified_size,97,b50_lb5_k3_eps0p001,local_only_offline_aggregate,confidence,300,60,5,0.0,0.0016331208125304,0.003489714157247857,0.006558982035928122,1.0,1.0,1.0,0.0,0.0,0.0,56625.0,20000.0,0.003489714157247857,0.006558982035928122,b50_lb5_k3_eps0p001,False,0.05,q95,max_ssr,0.003489714157247857
stratified_size_rep097,stratified_size,97,b50_lb5_k3_eps0p001,local_only_offline_aggregate,shot_proportional,300,60,5,0.0,0.001306021028137554,0.003356185305998844,0.006558982035928122,1.0,1.0,1.0,0.0,0.0,0.0,56625.0,20000.0,0.003356185305998844,0.006558982035928122,b50_lb5_k3_eps0p001,False,0.05,q95,max_ssr,0.003356185305998844
stratified_size_rep097,stratified_size,97,b50_lb5_k3_eps0p001,local_only_offline_aggregate,uniform,300,60,5,0.0,0.001366308197688713,0.003493032108473418,0.006558982035928122,1.0,1.0,1.0,0.0,0.0,0.0,56625.0,20000.0,0.003493032108473418,0.006558982035928122,b50_lb5_k3_eps0p001,False,0.05,q95,max_ssr,0.003493032108473418
stratified_size_rep098,stratified_size,98,b50_lb5_k3_eps0p001,aggregate_only_sync,confidence,300,60,5,0.0,0.003014044540229882,0.005136988097060741,0.006558982035928122,1.0,1.0,1.0,0.0,0.0,0.0,40000.0,20000.0,0.005136988097060741,0.006558982035928122,b50_lb5_k3_eps0p001,False,0.05,q95,max_ssr,0.005136988097060741
stratified_size_rep098,stratified_size,98,b50_lb5_k3_eps0p001,aggregate_only_sync,shot_proportional,300,60,5,0.0,0.003014044540229882,0.005136988097060741,0.006558982035928122,1.0,1.0,1.0,0.0,0.0,0.0,40000.0,20000.0,0.005136988097060741,0.006558982035928122,b50_lb5_k3_eps0p001,False,0.05,q95,max_ssr,0.005136988097060741
stratified_size_rep098,stratified_size,98,b50_lb5_k3_eps0p001,aggregate_only_sync,uniform,300,60,5,0.0,0.003014044540229882,0.005136988097060741,0.006558982035928122,1.0,1.0,1.0,0.0,0.0,0.0,40000.0,20000.0,0.005136988097060741,0.006558982035928122,b50_lb5_k3_eps0p001,False,0.05,q95,max_ssr,0.005136988097060741
stratified_size_rep098,stratified_size,98,b50_lb5_k3_eps0p001,hierarchical_local_aggregate,confidence,300,60,5,0.0,0.003170700488229749,0.005126795254414987,0.007229347070130044,1.0,1.0,1.0,0.0,0.0,0.0,40000.0,20000.0,0.005126795254414987,0.007229347070130044,b50_lb5_k3_eps0p001,False,0.05,q95,max_ssr,0.005126795254414987
stratified_size_rep098,stratified_size,98,b50_lb5_k3_eps0p001,hierarchical_local_aggregate,shot_proportional,300,60,5,0.0,0.0032035316544313667,0.005277577272606736,0.006558982035928122,1.0,1.0,1.0,0.0,0.0,0.0,40000.0,20000.0,0.005277577272606736,0.006558982035928122,b50_lb5_k3_eps0p001,False,0.05,q95,max_ssr,0.005277577272606736
stratified_size_rep098,stratified_size,98,b50_lb5_k3_eps0p001,hierarchical_local_aggregate,uniform,300,60,5,0.0,0.0031975352454624703,0.005250134661650718,0.006558982035928122,1.0,1.0,1.0,0.0,0.0,0.0,40000.0,20000.0,0.005250134661650718,0.006558982035928122,b50_lb5_k3_eps0p001,False,0.05,q95,max_ssr,0.005250134661650718
stratified_size_rep098,stratified_size,98,b50_lb5_k3_eps0p001,local_only_offline_aggregate,confidence,300,60,5,0.0,0.0009277666075107571,0.003511166937857763,0.006558982035928122,1.0,1.0,1.0,0.0,0.0,0.0,56625.0,20000.0,0.003511166937857763,0.006558982035928122,b50_lb5_k3_eps0p001,False,0.05,q95,max_ssr,0.003511166937857763
stratified_size_rep098,stratified_size,98,b50_lb5_k3_eps0p001,local_only_offline_aggregate,shot_proportional,300,60,5,0.0,0.0006549284492650049,0.003361664923184685,0.006558982035928122,1.0,1.0,1.0,0.0,0.0,0.0,56625.0,20000.0,0.003361664923184685,0.006558982035928122,b50_lb5_k3_eps0p001,False,0.05,q95,max_ssr,0.003361664923184685
stratified_size_rep098,stratified_size,98,b50_lb5_k3_eps0p001,local_only_offline_aggregate,uniform,300,60,5,0.0,0.0007120564892623607,0.003398053061304778,0.006558982035928122,1.0,1.0,1.0,0.0,0.0,0.0,56625.0,20000.0,0.003398053061304778,0.006558982035928122,b50_lb5_k3_eps0p001,False,0.05,q95,max_ssr,0.003398053061304778
stratified_size_rep099,stratified_size,99,b50_lb5_k3_eps0p001,aggregate_only_sync,confidence,300,60,5,0.0,0.0038749167192410794,0.005429879106024882,0.007864035087719327,1.0,1.0,1.0,0.0,0.0,0.0,40000.0,20000.0,0.005429879106024882,0.007864035087719327,b50_lb5_k3_eps0p001,False,0.05,q95,max_ssr,0.005429879106024882
stratified_size_rep099,stratified_size,99,b50_lb5_k3_eps0p001,aggregate_only_sync,shot_proportional,300,60,5,0.0,0.0038749167192410794,0.005429879106024882,0.007864035087719327,1.0,1.0,1.0,0.0,0.0,0.0,40000.0,20000.0,0.005429879106024882,0.007864035087719327,b50_lb5_k3_eps0p001,False,0.05,q95,max_ssr,0.005429879106024882
stratified_size_rep099,stratified_size,99,b50_lb5_k3_eps0p001,aggregate_only_sync,uniform,300,60,5,0.0,0.0038749167192410794,0.005429879106024882,0.007864035087719327,1.0,1.0,1.0,0.0,0.0,0.0,40000.0,20000.0,0.005429879106024882,0.007864035087719327,b50_lb5_k3_eps0p001,False,0.05,q95,max_ssr,0.005429879106024882
stratified_size_rep099,stratified_size,99,b50_lb5_k3_eps0p001,hierarchical_local_aggregate,confidence,300,60,5,0.0,0.003976319583774777,0.005460534694097882,0.007499192470095912,1.0,1.0,1.0,0.0,0.0,0.0,40000.0,20000.0,0.005460534694097882,0.007499192470095912,b50_lb5_k3_eps0p001,False,0.05,q95,max_ssr,0.005460534694097882
stratified_size_rep099,stratified_size,99,b50_lb5_k3_eps0p001,hierarchical_local_aggregate,shot_proportional,300,60,5,0.0,0.003970774171737758,0.005449345586893039,0.007864035087719327,1.0,1.0,1.0,0.0,0.0,0.0,40000.0,20000.0,0.005449345586893039,0.007864035087719327,b50_lb5_k3_eps0p001,False,0.05,q95,max_ssr,0.005449345586893039
stratified_size_rep099,stratified_size,99,b50_lb5_k3_eps0p001,hierarchical_local_aggregate,uniform,300,60,5,0.0,0.003970774171737758,0.00544531144067793,0.007864035087719327,1.0,1.0,1.0,0.0,0.0,0.0,40000.0,20000.0,0.00544531144067793,0.007864035087719327,b50_lb5_k3_eps0p001,False,0.05,q95,max_ssr,0.00544531144067793
stratified_size_rep099,stratified_size,99,b50_lb5_k3_eps0p001,local_only_offline_aggregate,confidence,300,60,5,0.0,0.001709482310243356,0.0038468410130353373,0.006558982035928122,1.0,1.0,1.0,0.0,0.0,0.0,55400.0,20000.0,0.0038468410130353373,0.006558982035928122,b50_lb5_k3_eps0p001,False,0.05,q95,max_ssr,0.0038468410130353373
stratified_size_rep099,stratified_size,99,b50_lb5_k3_eps0p001,local_only_offline_aggregate,shot_proportional,300,60,5,0.0,0.001365852367381212,0.00356653362854573,0.006558982035928122,1.0,1.0,1.0,0.0,0.0,0.0,55400.0,20000.0,0.00356653362854573,0.006558982035928122,b50_lb5_k3_eps0p001,False,0.05,q95,max_ssr,0.00356653362854573
stratified_size_rep099,stratified_size,99,b50_lb5_k3_eps0p001,local_only_offline_aggregate,uniform,300,60,5,0.0,0.001561713723057962,0.0037021229106385008,0.006558982035928122,1.0,1.0,1.0,0.0,0.0,0.0,55400.0,20000.0,0.0037021229106385008,0.006558982035928122,b50_lb5_k3_eps0p001,False,0.05,q95,max_ssr,0.0037021229106385008
